,SITE_NAME,DateTime,Harbour,3H,6H,12H,24H,48H,72H,tidal_state,Shallowness,Soil_type,Catchment_slope,Landcover_catchment,watercraft_use,sewage_discharge_beach,high_intensity_agri_beach,rain_intensity_48h,rain_duration_48h,wind_speed_12h,wind_speed_6h,wind_speed_3h,hours_to_high_tide,high_tide_height,wind_direction_3h,wind_direction_6h,wind_direction_12h,beach_orientation_angle,Latitude,Longitude,MONTH,WEEK,DAY_OF_WEEK,WEEKEND,TIME_OF_DAY,HOLIDAY_FLAG,wind_shore_3h,wind_shore_6h,wind_shore_12h,Site_Season_Average,Site_Historical_Exceedance_Rate
0,Akaroa at main beach,2008-12-22 07:00:00,Akaroa,0.0,0.0,0.0,0.0,9.6,31.0,incoming,medium,sandy,3,urban,1,0,0,2.2,8.0,0.37,0.37,0.42,4.72,1.96,84.2,263.1,279.1,170,-43.8057,172.9663,12,52,0,0,7,1,Alongshore,Alongshore,Alongshore,,0.0
1,Akaroa at main beach,2008-12-29 07:00:00,Akaroa,0.0,0.0,0.0,0.0,0.0,0.0,ebbing,medium,sandy,3,urban,1,0,0,0.0,0.0,1.18,1.28,1.08,9.95,1.84,13.0,5.5,350.5,170,-43.8057,172.9663,12,1,0,0,7,1,Onshore,Onshore,Onshore,6.0,0.0
2,Akaroa at main beach,2009-01-05 07:00:00,Akaroa,0.0,0.0,0.0,0.0,0.0,5.6,incoming,medium,sandy,3,urban,1,0,0,0.0,0.0,1.34,1.24,0.91,2.93,1.96,360.0,354.7,351.8,170,-43.8057,172.9663,1,2,0,0,7,1,Onshore,Onshore,Onshore,4.0,0.0
3,Akaroa at main beach,2009-01-12 07:00:00,Akaroa,0.0,0.0,0.0,0.0,0.0,3.4,ebbing,medium,sandy,3,urban,1,0,0,0.0,0.0,1.7,1.91,1.74,9.35,2.25,30.1,28.1,24.7,170,-43.8057,172.9663,1,3,0,0,7,0,Onshore,Onshore,Onshore,3.3333333333333335,0.0
4,Akaroa at main beach,2009-01-19 07:00:00,Akaroa,0.0,0.0,0.8,1.2,14.4,14.6,incoming,medium,sandy,3,urban,1,0,0,5.0,11.0,1.07,1.49,1.47,3.15,1.94,7.1,355.3,334.8,170,-43.8057,172.9663,1,4,0,0,7,0,Onshore,Onshore,Onshore,3.0,0.0
5,Akaroa at main beach,2009-01-26 07:00:00,Akaroa,0.0,0.0,0.0,0.0,0.0,0.0,ebbing,medium,sandy,3,urban,1,0,0,0.0,0.0,1.65,1.56,1.03,8.85,1.87,304.6,300.1,293.5,170,-43.8057,172.9663,1,5,0,0,7,0,Alongshore,Alongshore,Alongshore,6.4,0.0
6,Akaroa at main beach,2009-02-02 07:00:00,Akaroa,0.0,0.0,0.0,0.0,0.0,0.0,incoming,medium,sandy,3,urban,1,0,0,0.0,0.0,1.24,0.23,0.67,1.45,1.96,36.6,162.1,214.6,170,-43.8057,172.9663,2,6,0,0,7,1,Alongshore,Offshore,Offshore,5.6,0.0
7,Akaroa at main beach,2009-02-09 07:00:00,Akaroa,0.0,0.0,0.0,0.0,0.0,0.0,ebbing,medium,sandy,3,urban,1,0,0,0.0,0.0,0.61,1.01,1.4,8.05,2.23,108.7,106.2,38.5,170,-43.8057,172.9663,2,7,0,0,7,1,Alongshore,Alongshore,Alongshore,5.6,0.0
8,Akaroa at main beach,2009-02-16 08:00:00,Akaroa,0.0,0.0,0.2,0.2,0.2,0.2,incoming,medium,sandy,3,urban,1,0,0,0.2,1.0,2.07,2.08,1.11,1.52,1.95,209.8,222.2,219.4,170,-43.8057,172.9663,2,8,0,0,8,0,Offshore,Alongshore,Alongshore,7.6,0.0
9,Akaroa at main beach,2009-02-23 07:00:00,Akaroa,0.0,0.0,0.2,0.6,0.6,13.6,ebbing,medium,sandy,3,urban,1,0,0,0.4,2.0,3.0,3.03,2.65,7.55,1.88,224.6,225.9,223.3,170,-43.8057,172.9663,2,9,0,0,7,0,Alongshore,Alongshore,Alongshore,8.8,0.0
10,Akaroa at main beach,2009-03-02 07:00:00,Akaroa,0.6,0.6,0.6,0.6,34.4,37.0,ebbing,medium,sandy,3,urban,1,0,0,7.2,10.0,1.11,1.88,1.59,12.5,2.09,99.7,83.1,62.9,170,-43.8057,172.9663,3,10,0,0,7,0,Alongshore,Alongshore,Alongshore,6.4,0.0
11,Akaroa at main beach,2009-03-09 07:00:00,Akaroa,0.0,0.0,0.0,4.4,4.4,4.4,ebbing,medium,sandy,3,urban,1,0,0,1.4,5.0,2.14,2.42,1.63,6.95,2.18,213.5,212.7,209.5,170,-43.8057,172.9663,3,11,0,0,7,0,Offshore,Offshore,Offshore,6.4,0.0
12,Akaroa at main beach,2009-03-16 07:00:00,Akaroa,0.0,0.0,0.0,0.0,0.0,0.0,incoming,medium,sandy,3,urban,1,0,0,0.0,0.0,1.78,2.0,2.0,0.45,1.97,19.9,20.1,17.2,170,-43.8057,172.9663,3,12,0,0,7,0,Onshore,Onshore,Onshore,28.0,0.0
13,Akaroa at main beach,2009-12-07 07:00:00,Akaroa,0.0,0.0,0.0,0.0,0.0,0.0,incoming,medium,sandy,3,urban,1,0,0,0.0,0.0,1.43,2.15,1.94,0.2,2.39,24.2,29.1,6.6,170,-43.8057,172.9663,12,50,0,0,7,0,Onshore,Onshore,Onshore,,0.0
14,Akaroa at main beach,2009-12-14 07:00:00,Akaroa,3.8,7.0,7.0,7.0,7.0,7.0,ebbing,medium,sandy,3,urban,1,0,0,3.2,4.0,1.14,0.96,0.98,6.68,1.99,145.4,137.9,93.1,170,-43.8057,172.9663,12,51,0,0,7,0,Offshore,Offshore,Alongshore,2.0,0.0
15,Akaroa at main beach,2009-12-21 07:00:00,Akaroa,0.0,0.0,0.0,0.6,2.2,2.2,ebbing,medium,sandy,3,urban,1,0,0,1.2,4.0,3.48,2.53,1.79,12.32,1.83,224.1,228.8,220.6,170,-43.8057,172.9663,12,52,0,0,7,1,Alongshore,Alongshore,Alongshore,3.0,0.0
16,Akaroa at main beach,2009-12-29 07:00:00,Akaroa,0.0,0.0,0.0,0.0,0.0,0.6,incoming,medium,sandy,3,urban,1,0,0,0.0,0.0,1.47,1.19,0.55,6.02,1.97,319.7,291.7,289.2,170,-43.8057,172.9663,12,53,1,0,7,1,Onshore,Alongshore,Alongshore,4.666666666666667,0.0
17,Akaroa at main beach,2010-01-05 07:00:00,Akaroa,0.0,0.0,0.0,0.0,0.0,0.0,incoming,medium,sandy,3,urban,1,0,0,0.0,0.0,2.03,2.0,1.35,0.03,2.44,344.9,344.2,349.7,170,-43.8057,172.9663,1,1,1,0,7,1,Onshore,Onshore,Onshore,4.0,0.0
18,Akaroa at main beach,2010-01-11 07:00:00,Akaroa,0.2,0.2,0.2,9.8,12.8,12.8,incoming,medium,sandy,3,urban,1,0,0,3.4,12.0,2.58,2.29,2.51,5.62,1.92,218.8,223.3,233.0,170,-43.8057,172.9663,1,2,0,0,7,0,Alongshore,Alongshore,Alongshore,4.0,0.0
19,Akaroa at main beach,2010-01-18 07:00:00,Akaroa,0.0,0.0,0.0,0.0,0.0,0.0,ebbing,medium,sandy,3,urban,1,0,0,0.0,0.0,0.7,1.13,0.97,10.9,1.89,351.4,8.3,342.1,170,-43.8057,172.9663,1,3,0,0,7,0,Onshore,Onshore,Onshore,5.2,0.0
20,Akaroa at main beach,2010-01-25 07:00:00,Akaroa,0.0,0.0,0.0,0.0,0.0,0.0,incoming,medium,sandy,3,urban,1,0,0,0.0,0.0,2.09,2.26,2.1,3.63,1.85,19.5,29.3,30.1,170,-43.8057,172.9663,1,4,0,0,7,0,Onshore,Onshore,Onshore,4.8,0.0
21,Akaroa at main beach,2010-02-01 07:00:00,Akaroa,0.0,0.0,0.0,0.0,0.0,0.0,ebbing,medium,sandy,3,urban,1,0,0,0.0,0.0,2.34,2.43,2.4,10.17,2.34,29.2,30.2,26.1,170,-43.8057,172.9663,2,5,0,0,7,1,Onshore,Onshore,Onshore,3.6,0.0
22,Akaroa at main beach,2010-02-08 07:00:00,Akaroa,0.0,0.0,0.0,0.0,0.0,0.0,incoming,medium,sandy,3,urban,1,0,0,0.0,0.0,1.1,1.33,1.06,4.35,1.88,10.1,347.0,351.0,170,-43.8057,172.9663,2,6,0,0,7,1,Onshore,Onshore,Onshore,3.6,0.0
23,Akaroa at main beach,2010-02-15 07:00:00,Akaroa,0.0,0.0,0.0,0.0,0.0,0.0,ebbing,medium,sandy,3,urban,1,0,0,0.0,0.0,2.22,2.44,2.07,9.58,1.95,230.5,228.9,223.8,170,-43.8057,172.9663,2,7,0,0,7,0,Alongshore,Alongshore,Alongshore,4.8,0.0
24,Akaroa at main beach,2010-02-22 07:00:00,Akaroa,0.0,0.0,0.0,0.0,0.0,0.0,incoming,medium,sandy,3,urban,1,0,0,0.0,0.0,0.89,0.85,0.42,2.43,1.83,357.5,9.7,351.6,170,-43.8057,172.9663,2,8,0,0,7,0,Onshore,Onshore,Onshore,3.6,0.0
25,Akaroa at main beach,2010-03-01 07:00:00,Akaroa,0.0,0.0,0.0,0.0,0.0,0.0,ebbing,medium,sandy,3,urban,1,0,0,0.0,0.0,2.55,4.05,3.94,8.9,2.38,15.3,12.0,16.2,170,-43.8057,172.9663,3,9,0,0,7,0,Onshore,Onshore,Onshore,3.6,0.0
26,Akaroa at main beach,2010-03-08 07:00:00,Akaroa,0.0,0.0,0.0,0.0,0.0,0.0,incoming,medium,sandy,3,urban,1,0,0,0.0,0.0,0.99,0.88,0.72,2.88,1.89,18.2,300.2,294.4,170,-43.8057,172.9663,3,10,0,0,7,0,Onshore,Alongshore,Alongshore,5.6,0.0
27,Akaroa at main beach,2010-03-15 07:00:00,Akaroa,0.0,0.0,0.0,0.0,0.0,0.2,ebbing,medium,sandy,3,urban,1,0,0,0.0,0.0,0.19,1.49,2.68,8.32,1.98,110.2,110.5,153.0,170,-43.8057,172.9663,3,11,0,0,7,0,Alongshore,Alongshore,Offshore,6.8,0.0
28,Akaroa at main beach,2010-12-07 07:00:00,Akaroa,0.0,0.0,0.2,1.6,2.0,2.0,ebbing,medium,sandy,3,urban,1,0,0,0.4,8.0,2.7,2.4,1.87,9.88,2.06,209.8,218.7,214.6,170,-43.8057,172.9663,12,49,1,0,7,0,Offshore,Alongshore,Offshore,,0.0
29,Akaroa at main beach,2010-12-09 08:00:00,Akaroa,0.0,0.0,0.0,0.0,0.8,2.2,ebbing,medium,sandy,3,urban,1,0,0,0.4,3.0,1.53,1.36,0.73,10.42,1.98,273.3,270.9,237.8,170,-43.8057,172.9663,12,49,3,0,8,0,Alongshore,Alongshore,Alongshore,900.0,0.5
30,Akaroa at main beach,2010-12-13 07:00:00,Akaroa,0.0,0.0,0.0,0.0,0.0,0.0,incoming,medium,sandy,3,urban,1,0,0,0.0,0.0,2.59,1.46,1.21,2.17,1.99,65.5,26.0,4.9,170,-43.8057,172.9663,12,50,0,0,7,0,Alongshore,Onshore,Onshore,460.0,0.3333333333333333
31,Akaroa at main beach,2010-12-20 07:00:00,Akaroa,0.0,0.0,0.0,0.0,0.0,0.0,ebbing,medium,sandy,3,urban,1,0,0,0.0,0.0,3.02,3.01,2.92,7.63,1.93,9.8,3.3,6.6,170,-43.8057,172.9663,12,51,0,0,7,1,Onshore,Onshore,Onshore,308.6666666666667,0.25
32,Akaroa at main beach,2010-12-29 07:00:00,Akaroa,0.0,0.0,0.0,0.0,26.0,26.4,incoming,medium,sandy,3,urban,1,0,0,9.4,8.0,2.58,2.33,2.3,3.08,2.16,35.8,36.1,26.8,170,-43.8057,172.9663,12,52,2,0,7,1,Alongshore,Alongshore,Onshore,234.0,0.2
33,Akaroa at main beach,2011-01-05 07:00:00,Akaroa,0.0,0.0,0.6,0.8,1.0,1.0,ebbing,medium,sandy,3,urban,1,0,0,0.6,3.0,1.08,0.9,0.59,9.37,2.02,29.4,30.2,43.4,170,-43.8057,172.9663,1,1,2,0,7,1,Onshore,Onshore,Alongshore,188.8,0.16666666666666666
34,Akaroa at main beach,2011-01-10 07:00:00,Akaroa,0.0,0.0,0.0,0.0,0.0,4.4,incoming,medium,sandy,3,urban,1,0,0,0.0,0.0,2.95,3.17,3.76,0.7,2.02,234.0,225.6,226.1,170,-43.8057,172.9663,1,2,0,0,7,0,Alongshore,Alongshore,Alongshore,16.8,0.14285714285714285
35,Akaroa at main beach,2011-01-17 07:00:00,Akaroa,0.0,0.0,0.0,0.0,0.0,0.0,ebbing,medium,sandy,3,urban,1,0,0,0.0,0.0,2.44,2.77,2.48,6.5,1.89,353.4,359.5,15.6,170,-43.8057,172.9663,1,3,0,0,7,0,Onshore,Onshore,Onshore,13.2,0.125
36,Akaroa at main beach,2011-01-24 07:00:00,Akaroa,0.0,0.0,0.0,0.0,2.0,5.8,incoming,medium,sandy,3,urban,1,0,0,0.4,8.0,2.2,1.87,1.48,0.07,2.38,275.8,259.5,237.3,170,-43.8057,172.9663,1,4,0,0,7,0,Alongshore,Alongshore,Alongshore,12.4,0.1111111111111111
37,Akaroa at main beach,2011-01-31 07:00:00,Akaroa,0.0,0.0,1.4,2.0,2.0,5.4,ebbing,medium,sandy,3,urban,1,0,0,0.6,6.0,0.46,1.51,1.97,6.63,1.96,146.0,143.2,162.7,170,-43.8057,172.9663,1,5,0,0,7,1,Offshore,Offshore,Offshore,10.8,0.1
38,Akaroa at main beach,2011-02-07 07:00:00,Akaroa,0.0,0.0,12.8,15.0,15.0,15.0,ebbing,medium,sandy,3,urban,1,0,0,3.8,8.0,1.29,0.33,0.4,11.85,1.94,64.0,205.8,206.0,170,-43.8057,172.9663,2,6,0,0,7,1,Alongshore,Offshore,Offshore,13.6,0.09090909090909091
39,Akaroa at main beach,2011-02-09 07:00:00,Akaroa,0.0,0.0,1.6,3.4,3.4,18.4,incoming,medium,sandy,3,urban,1,0,0,1.8,2.0,1.1,0.4,1.88,0.57,1.89,47.8,354.4,222.8,170,-43.8057,172.9663,2,6,2,0,7,1,Alongshore,Onshore,Alongshore,185.6,0.16666666666666666
40,Akaroa at main beach,2011-02-11 07:00:00,Akaroa,0.0,0.0,0.0,0.0,0.0,3.4,incoming,medium,sandy,3,urban,1,0,0,0.0,0.0,3.1,3.31,2.99,2.38,1.77,43.2,44.8,48.2,170,-43.8057,172.9663,2,6,4,0,7,0,Alongshore,Alongshore,Alongshore,285.2,0.23076923076923078
41,Akaroa at main beach,2011-02-14 07:00:00,Akaroa,0.0,0.0,0.0,0.2,1.2,1.2,incoming,medium,sandy,3,urban,1,0,0,0.6,4.0,2.93,2.89,2.22,4.98,1.84,241.6,241.9,231.4,170,-43.8057,172.9663,2,7,0,0,7,0,Alongshore,Alongshore,Alongshore,285.2,0.21428571428571427
42,Akaroa at main beach,2011-03-22 11:00:00,Akaroa,2.4,5.8,7.4,8.6,8.6,9.4,ebbing,medium,sandy,3,urban,1,0,0,3.4,9.0,1.39,2.46,2.86,6.83,2.44,182.0,190.6,187.0,170,-43.8057,172.9663,3,12,1,0,11,0,Offshore,Offshore,Offshore,286.8,0.2
43,Akaroa at main beach,2011-04-07 11:00:00,Akaroa,0.2,0.8,1.6,17.0,20.0,31.6,ebbing,medium,sandy,3,urban,1,0,0,4.8,16.0,6.14,6.05,6.48,7.92,1.99,221.3,219.1,218.4,170,-43.8057,172.9663,4,14,3,0,11,0,Alongshore,Alongshore,Alongshore,284.4,0.1875
44,Akaroa at main beach,2011-04-11 11:00:00,Akaroa,0.0,0.0,0.0,0.0,0.0,0.0,ebbing,medium,sandy,3,urban,1,0,0,0.0,0.0,0.38,0.09,0.32,11.02,2.06,45.8,31.6,357.7,170,-43.8057,172.9663,4,15,0,0,11,0,Alongshore,Onshore,Onshore,173.2,0.23529411764705882
45,Akaroa at main beach,2011-11-14 11:00:00,Akaroa,0.0,0.0,0.0,0.0,1.0,11.2,ebbing,medium,sandy,3,urban,1,0,0,0.6,3.0,1.05,0.95,0.9,7.17,1.82,100.9,63.1,8.3,170,-43.8057,172.9663,11,46,0,0,11,0,Alongshore,Alongshore,Onshore,,0.0
46,Akaroa at main beach,2011-11-24 11:00:00,Akaroa,0.0,0.0,0.0,1.6,7.0,7.0,incoming,medium,sandy,3,urban,1,0,0,1.8,12.0,1.21,0.44,0.46,3.92,2.28,107.1,30.7,340.1,170,-43.8057,172.9663,11,47,3,0,11,0,Alongshore,Onshore,Onshore,10.0,0.0
47,Akaroa at main beach,2011-11-28 11:00:00,Akaroa,0.0,0.0,0.0,0.0,0.0,0.0,ebbing,medium,sandy,3,urban,1,0,0,0.0,0.0,1.46,1.92,1.58,7.62,2.16,244.9,222.5,268.8,170,-43.8057,172.9663,11,48,0,0,11,0,Alongshore,Alongshore,Alongshore,10.0,0.0
48,Akaroa at main beach,2011-12-05 10:00:00,Akaroa,0.0,0.0,0.0,0.0,0.0,0.0,incoming,medium,sandy,3,urban,1,0,0,0.0,0.0,1.75,1.07,1.38,1.68,1.95,175.2,194.9,199.2,170,-43.8057,172.9663,12,49,0,0,10,0,Offshore,Offshore,Offshore,10.0,0.0
49,Akaroa at main beach,2011-12-12 11:00:00,Akaroa,0.0,0.0,0.0,0.0,0.0,0.0,incoming,medium,sandy,3,urban,1,0,0,0.0,0.0,1.03,0.28,0.1,5.87,1.88,91.8,35.6,359.1,170,-43.8057,172.9663,12,50,0,0,11,0,Alongshore,Alongshore,Onshore,10.0,0.0
50,Akaroa at main beach,2011-12-19 10:00:00,Akaroa,0.0,0.0,0.0,0.0,0.0,0.0,ebbing,medium,sandy,3,urban,1,0,0,0.0,0.0,1.88,0.86,0.27,12.57,2.16,127.2,196.7,208.3,170,-43.8057,172.9663,12,51,0,0,10,0,Offshore,Offshore,Offshore,10.0,0.0
51,Akaroa at main beach,2012-01-05 10:00:00,Akaroa,0.0,0.0,0.0,0.0,0.0,0.0,incoming,medium,sandy,3,urban,1,0,0,0.0,0.0,0.25,0.71,0.32,2.45,1.83,106.7,127.6,150.6,170,-43.8057,172.9663,1,1,3,0,10,1,Alongshore,Offshore,Offshore,10.0,0.0
52,Akaroa at main beach,2012-01-09 11:00:00,Akaroa,0.0,0.0,0.0,3.2,3.2,3.4,incoming,medium,sandy,3,urban,1,0,0,0.8,7.0,0.69,0.87,0.72,5.17,1.93,98.5,10.7,302.7,170,-43.8057,172.9663,1,2,0,0,11,0,Alongshore,Onshore,Alongshore,10.0,0.0
53,Akaroa at main beach,2012-01-16 10:00:00,Akaroa,0.0,0.0,0.0,1.8,2.2,2.4,ebbing,medium,sandy,3,urban,1,0,0,1.6,3.0,1.78,0.78,0.29,11.58,2.16,70.5,224.5,231.2,170,-43.8057,172.9663,1,3,0,0,10,0,Alongshore,Alongshore,Alongshore,10.0,0.0
54,Akaroa at main beach,2012-01-23 11:00:00,Akaroa,0.0,0.0,0.0,4.8,10.4,10.4,incoming,medium,sandy,3,urban,1,0,0,2.2,13.0,3.31,2.89,2.9,4.75,2.14,228.2,228.8,228.0,170,-43.8057,172.9663,1,4,0,0,11,0,Alongshore,Alongshore,Alongshore,20.0,0.0
55,Akaroa at main beach,2012-01-25 14:00:00,Akaroa,0.0,0.0,0.0,0.0,0.0,4.6,incoming,medium,sandy,3,urban,1,0,0,0.0,0.0,1.12,1.1,1.36,3.62,2.13,22.4,30.0,36.5,170,-43.8057,172.9663,1,4,2,0,14,0,Onshore,Onshore,Alongshore,278.0,0.09090909090909091
56,Akaroa at main beach,2012-01-30 11:00:00,Akaroa,0.0,0.0,0.0,0.0,0.0,0.0,ebbing,medium,sandy,3,urban,1,0,0,0.0,0.0,1.88,0.68,0.41,10.75,1.93,105.2,27.2,22.2,170,-43.8057,172.9663,1,5,0,0,11,0,Alongshore,Onshore,Onshore,286.4,0.08333333333333333
57,Akaroa at main beach,2012-02-09 11:00:00,Akaroa,0.0,0.0,0.0,0.0,0.0,0.2,ebbing,medium,sandy,3,urban,1,0,0,0.0,0.0,0.51,0.33,0.61,6.17,2.17,172.3,156.9,305.0,170,-43.8057,172.9663,2,6,3,0,11,1,Offshore,Offshore,Alongshore,286.4,0.07692307692307693
58,Akaroa at main beach,2012-02-13 10:00:00,Akaroa,0.0,0.0,0.0,0.0,0.0,0.6,ebbing,medium,sandy,3,urban,1,0,0,0.0,0.0,1.29,1.39,1.3,10.13,2.23,42.3,49.7,58.8,170,-43.8057,172.9663,2,7,0,0,10,0,Alongshore,Alongshore,Alongshore,286.4,0.07142857142857142
59,Akaroa at main beach,2012-02-27 10:00:00,Akaroa,0.0,0.0,0.0,0.0,0.0,1.0,ebbing,medium,sandy,3,urban,1,0,0,0.0,0.0,0.78,0.45,0.55,9.7,1.97,133.9,205.1,238.2,170,-43.8057,172.9663,2,9,0,0,10,0,Offshore,Offshore,Alongshore,276.4,0.06666666666666667
60,Akaroa at main beach,2012-03-06 11:00:00,Akaroa,0.0,0.0,0.0,0.0,0.0,0.6,incoming,medium,sandy,3,urban,1,0,0,0.0,0.0,0.96,0.73,0.89,3.02,2.03,121.6,91.1,20.5,170,-43.8057,172.9663,3,10,1,0,11,0,Alongshore,Alongshore,Onshore,18.4,0.0625
61,Akaroa at main beach,2012-11-22 11:00:00,Akaroa,0.0,0.0,0.0,0.0,0.0,0.0,ebbing,medium,sandy,3,urban,1,0,0,0.0,0.0,2.74,2.66,2.77,12.53,2.07,23.7,28.1,35.1,170,-43.8057,172.9663,11,47,3,0,11,0,Onshore,Onshore,Alongshore,,0.0
62,Akaroa at main beach,2012-11-27 12:00:00,Akaroa,0.0,0.0,0.0,0.0,0.0,0.0,incoming,medium,sandy,3,urban,1,0,0,0.0,0.0,0.57,0.74,0.44,3.27,1.96,94.6,62.5,351.5,170,-43.8057,172.9663,11,48,1,0,12,0,Alongshore,Alongshore,Onshore,10.0,0.0
63,Akaroa at main beach,2012-12-03 10:00:00,Akaroa,0.0,0.0,0.0,0.0,0.0,0.0,ebbing,medium,sandy,3,urban,1,0,0,0.0,0.0,2.29,2.12,2.21,9.45,1.8,28.0,27.2,7.5,170,-43.8057,172.9663,12,49,0,0,10,0,Onshore,Onshore,Onshore,10.0,0.0
64,Akaroa at main beach,2012-12-10 11:00:00,Akaroa,0.0,0.0,0.0,0.0,0.0,0.2,incoming,medium,sandy,3,urban,1,0,0,0.0,0.0,1.44,2.9,2.88,1.55,2.15,230.6,237.1,235.4,170,-43.8057,172.9663,12,50,0,0,11,0,Alongshore,Alongshore,Alongshore,10.0,0.0
65,Akaroa at main beach,2012-12-17 10:00:00,Akaroa,0.0,0.0,0.0,0.0,0.0,0.0,ebbing,medium,sandy,3,urban,1,0,0,0.0,0.0,0.63,0.23,0.54,9.45,2.21,93.8,62.0,273.5,170,-43.8057,172.9663,12,51,0,0,10,0,Alongshore,Alongshore,Alongshore,20.5,0.0
66,Akaroa at main beach,2012-12-27 10:00:00,Akaroa,0.0,0.0,0.0,0.0,0.2,0.2,incoming,medium,sandy,3,urban,1,0,0,0.2,1.0,1.96,1.99,1.89,4.72,1.89,38.4,42.4,57.4,170,-43.8057,172.9663,12,52,3,0,10,1,Alongshore,Alongshore,Alongshore,18.4,0.0
67,Akaroa at main beach,2013-01-03 11:00:00,Akaroa,0.0,0.0,0.0,14.8,23.2,23.2,ebbing,medium,sandy,3,urban,1,0,0,4.6,11.0,1.84,1.39,1.1,9.5,1.93,85.1,56.5,45.1,170,-43.8057,172.9663,1,1,3,0,11,1,Alongshore,Alongshore,Alongshore,18.4,0.0
68,Akaroa at main beach,2013-01-08 12:00:00,Akaroa,0.0,0.0,0.0,0.0,2.6,2.6,incoming,medium,sandy,3,urban,1,0,0,1.8,3.0,0.44,1.39,1.32,0.57,2.11,41.7,42.2,10.7,170,-43.8057,172.9663,1,2,1,0,12,0,Alongshore,Alongshore,Onshore,24.6,0.0
69,Akaroa at main beach,2013-01-10 12:00:00,Akaroa,0.0,0.0,0.0,0.0,0.0,0.0,incoming,medium,sandy,3,urban,1,0,0,0.0,0.0,4.61,3.32,1.65,1.97,2.21,335.4,323.5,322.5,170,-43.8057,172.9663,1,2,3,0,12,0,Onshore,Onshore,Onshore,62.4,0.0
70,Akaroa at main beach,2013-01-14 09:00:00,Akaroa,0.0,0.0,0.0,0.0,0.0,0.0,ebbing,medium,sandy,3,urban,1,0,0,0.0,0.0,1.79,1.25,0.9,8.97,2.27,39.2,63.7,79.1,170,-43.8057,172.9663,1,3,0,0,9,0,Alongshore,Alongshore,Alongshore,54.0,0.0
71,Akaroa at main beach,2013-01-16 14:00:00,Akaroa,0.0,0.0,0.6,0.6,41.0,41.0,incoming,medium,sandy,3,urban,1,0,0,4.4,20.0,0.08,0.7,0.91,5.75,2.17,101.4,115.2,1.3,170,-43.8057,172.9663,1,3,2,0,14,0,Alongshore,Alongshore,Onshore,96.6,0.0
72,Akaroa at main beach,2013-01-21 12:00:00,Akaroa,0.0,0.0,0.0,0.0,0.0,0.0,ebbing,medium,sandy,3,urban,1,0,0,0.0,0.0,1.49,1.09,1.25,11.7,2.0,100.0,66.1,70.6,170,-43.8057,172.9663,1,4,0,0,12,0,Alongshore,Alongshore,Alongshore,96.6,0.0
73,Akaroa at main beach,2013-01-28 14:00:00,Akaroa,0.0,0.0,0.0,0.0,0.0,0.0,incoming,medium,sandy,3,urban,1,0,0,0.0,0.0,0.76,0.39,0.42,2.77,1.96,134.0,104.7,359.8,170,-43.8057,172.9663,1,5,0,0,14,0,Offshore,Alongshore,Onshore,90.4,0.0
74,Akaroa at main beach,2013-02-04 11:00:00,Akaroa,4.8,14.8,25.4,25.4,25.4,25.4,ebbing,medium,sandy,3,urban,1,0,0,5.4,12.0,2.6,3.95,4.33,11.17,2.18,201.0,200.6,211.1,170,-43.8057,172.9663,2,6,0,0,11,1,Offshore,Offshore,Offshore,52.6,0.0
75,Akaroa at main beach,2013-02-11 14:00:00,Akaroa,0.0,0.0,0.0,0.0,0.0,0.0,incoming,medium,sandy,3,urban,1,0,0,0.0,0.0,2.15,0.97,1.0,2.68,2.28,187.9,200.0,232.8,170,-43.8057,172.9663,2,7,0,0,14,0,Offshore,Offshore,Alongshore,54.6,0.0
76,Akaroa at main beach,2013-02-18 11:00:00,Akaroa,0.0,0.0,0.0,0.0,0.0,0.0,ebbing,medium,sandy,3,urban,1,0,0,0.0,0.0,1.26,0.85,0.3,11.87,1.97,3.2,17.8,322.1,170,-43.8057,172.9663,2,8,0,0,11,0,Onshore,Onshore,Onshore,12.0,0.0
77,Akaroa at main beach,2013-02-25 10:00:00,Akaroa,0.0,0.0,0.0,0.0,0.0,0.0,incoming,medium,sandy,3,urban,1,0,0,0.0,0.0,2.06,1.14,0.32,5.68,2.01,112.4,357.1,336.6,170,-43.8057,172.9663,2,9,0,0,10,0,Alongshore,Onshore,Onshore,12.0,0.0
78,Akaroa at main beach,2013-11-13 11:00:00,Akaroa,0.0,0.0,0.0,0.0,0.0,0.0,incoming,medium,sandy,3,urban,1,0,0,0.0,0.0,1.45,1.02,0.83,1.12,2.21,78.8,57.2,32.0,170,-43.8057,172.9663,11,46,2,0,11,0,Alongshore,Alongshore,Onshore,,0.0
79,Akaroa at main beach,2013-11-26 09:00:00,Akaroa,0.2,0.2,0.2,0.6,7.6,7.6,incoming,medium,sandy,3,urban,1,0,0,1.8,11.0,1.03,1.15,0.87,1.05,1.93,125.1,135.2,182.4,170,-43.8057,172.9663,11,48,1,0,9,0,Offshore,Offshore,Offshore,10.0,0.0
80,Akaroa at main beach,2013-12-05 06:00:00,Akaroa,0.0,0.0,0.0,0.0,0.0,0.0,ebbing,medium,sandy,3,urban,1,0,0,0.0,0.0,1.49,1.41,1.02,11.43,2.26,345.2,327.1,316.5,170,-43.8057,172.9663,12,49,3,0,6,0,Onshore,Onshore,Onshore,10.0,0.0
81,Akaroa at main beach,2013-12-10 09:00:00,Akaroa,0.0,0.0,0.0,0.8,0.8,1.0,incoming,medium,sandy,3,urban,1,0,0,0.4,3.0,1.08,1.37,0.96,1.27,2.26,50.0,34.9,6.8,170,-43.8057,172.9663,12,50,1,0,9,0,Alongshore,Onshore,Onshore,24.0,0.0
82,Akaroa at main beach,2013-12-17 14:00:00,Akaroa,0.0,0.0,0.0,13.6,14.0,14.0,incoming,medium,sandy,3,urban,1,0,0,9.2,7.0,0.38,1.01,1.03,1.85,1.97,92.1,92.7,126.4,170,-43.8057,172.9663,12,51,1,0,14,0,Alongshore,Alongshore,Offshore,20.5,0.0
83,Akaroa at main beach,2013-12-22 08:00:00,Akaroa,0.0,0.0,0.0,20.8,23.4,23.4,ebbing,medium,sandy,3,urban,1,0,0,4.4,15.0,2.04,1.53,0.84,11.13,1.84,182.3,219.5,220.7,170,-43.8057,172.9663,12,51,6,1,8,1,Offshore,Alongshore,Alongshore,18.4,0.0
84,Akaroa at main beach,2014-01-07 10:00:00,Akaroa,0.0,0.0,0.0,0.0,0.0,1.6,ebbing,medium,sandy,3,urban,1,0,0,0.0,0.0,1.87,0.85,0.47,11.22,2.2,181.3,355.0,14.3,170,-43.8057,172.9663,1,2,1,0,10,0,Offshore,Onshore,Onshore,33.4,0.0
85,Akaroa at main beach,2014-01-09 11:00:00,Akaroa,0.0,0.0,0.0,0.6,0.6,0.6,ebbing,medium,sandy,3,urban,1,0,0,0.4,2.0,2.35,0.77,0.72,12.02,2.12,102.7,207.5,221.3,170,-43.8057,172.9663,1,2,3,0,11,0,Alongshore,Offshore,Alongshore,60.6,0.0
86,Akaroa at main beach,2014-01-14 14:00:00,Akaroa,0.0,0.0,0.0,0.0,0.0,0.2,incoming,medium,sandy,3,urban,1,0,0,0.0,0.0,1.19,0.7,0.77,1.02,1.93,141.0,150.4,195.0,170,-43.8057,172.9663,1,3,1,0,14,0,Offshore,Offshore,Offshore,52.2,0.0
87,Akaroa at main beach,2014-01-21 09:00:00,Akaroa,0.0,0.0,0.2,1.0,1.0,1.0,ebbing,medium,sandy,3,urban,1,0,0,0.4,4.0,1.56,1.36,1.18,10.68,1.88,52.7,48.5,49.3,170,-43.8057,172.9663,1,4,1,0,9,0,Alongshore,Alongshore,Alongshore,52.2,0.0
88,Akaroa at main beach,2014-01-29 14:00:00,Akaroa,0.0,0.0,0.0,0.0,0.0,1.2,ebbing,medium,sandy,3,urban,1,0,0,0.0,0.0,1.09,0.44,0.42,12.42,2.51,116.6,66.1,17.7,170,-43.8057,172.9663,1,5,2,0,14,0,Alongshore,Alongshore,Onshore,52.2,0.0
89,Akaroa at main beach,2014-02-04 08:00:00,Akaroa,0.0,0.0,0.0,0.0,0.0,0.0,ebbing,medium,sandy,3,urban,1,0,0,0.0,0.0,0.96,0.72,0.78,11.28,2.27,339.1,321.9,328.9,170,-43.8057,172.9663,2,6,1,0,8,1,Onshore,Onshore,Onshore,37.2,0.0
90,Akaroa at main beach,2014-02-11 13:00:00,Akaroa,0.0,0.0,0.0,0.0,0.0,1.0,incoming,medium,sandy,3,urban,1,0,0,0.0,0.0,0.52,0.53,0.54,0.48,1.89,134.1,136.2,336.9,170,-43.8057,172.9663,2,7,1,0,13,0,Offshore,Offshore,Onshore,10.0,0.0
91,Akaroa at main beach,2014-02-18 08:00:00,Akaroa,0.0,0.0,0.0,0.0,0.0,0.0,ebbing,medium,sandy,3,urban,1,0,0,0.0,0.0,0.68,0.39,0.99,10.4,1.97,123.4,358.8,355.6,170,-43.8057,172.9663,2,8,1,0,8,0,Alongshore,Onshore,Onshore,10.0,0.0
92,Akaroa at main beach,2014-02-25 13:00:00,Akaroa,0.0,0.0,0.0,0.0,0.0,20.8,ebbing,medium,sandy,3,urban,1,0,0,0.0,0.0,1.37,1.13,1.16,11.78,2.32,51.7,51.4,66.7,170,-43.8057,172.9663,2,9,1,0,13,0,Alongshore,Alongshore,Alongshore,10.0,0.0
93,Akaroa at main beach,2014-03-10 09:00:00,Akaroa,0.0,0.0,0.0,0.0,0.0,0.0,incoming,medium,sandy,3,urban,1,0,0,0.0,0.0,1.28,0.99,0.98,1.92,1.87,347.8,8.4,357.1,170,-43.8057,172.9663,3,11,0,0,9,0,Onshore,Onshore,Onshore,10.0,0.0
94,Akaroa at main beach,2014-11-19 12:00:00,Akaroa,0.0,6.6,10.8,10.8,10.8,10.8,incoming,medium,sandy,3,urban,1,0,0,5.8,6.0,1.32,1.2,0.94,1.58,1.98,102.4,156.5,153.2,170,-43.8057,172.9663,11,47,2,0,12,0,Alongshore,Offshore,Offshore,,0.0
95,Akaroa at main beach,2014-11-25 17:00:00,Akaroa,0.0,0.0,0.0,0.2,0.2,0.2,incoming,medium,sandy,3,urban,1,0,0,0.2,1.0,1.92,2.36,4.41,1.15,2.09,289.0,294.5,323.7,170,-43.8057,172.9663,11,48,1,0,17,0,Alongshore,Alongshore,Onshore,10.0,0.0
96,Akaroa at main beach,2014-12-09 08:00:00,Akaroa,0.0,0.0,0.0,0.0,0.0,0.0,ebbing,medium,sandy,3,urban,1,0,0,0.0,0.0,1.89,1.66,1.4,10.18,2.02,49.6,16.4,8.0,170,-43.8057,172.9663,12,50,1,0,8,0,Alongshore,Onshore,Onshore,10.0,0.0
97,Akaroa at main beach,2014-12-16 12:00:00,Akaroa,0.0,0.0,0.0,0.0,0.0,0.0,ebbing,medium,sandy,3,urban,1,0,0,0.0,0.0,2.47,1.93,1.93,11.35,1.91,28.2,29.6,13.8,170,-43.8057,172.9663,12,51,1,0,12,0,Onshore,Onshore,Onshore,10.0,0.0
98,Akaroa at main beach,2014-12-21 13:00:00,Akaroa,1.0,6.4,7.8,7.8,8.0,8.0,incoming,medium,sandy,3,urban,1,0,0,3.2,6.0,0.78,0.53,0.29,1.85,2.08,89.5,85.1,202.0,170,-43.8057,172.9663,12,51,6,1,13,1,Alongshore,Alongshore,Offshore,10.0,0.0
99,Akaroa at main beach,2014-12-30 11:00:00,Akaroa,0.0,0.0,0.0,0.0,0.0,0.2,ebbing,medium,sandy,3,urban,1,0,0,0.0,0.0,2.27,1.56,1.87,12.28,2.21,35.2,37.5,2.1,170,-43.8057,172.9663,12,1,1,0,11,1,Alongshore,Alongshore,Onshore,10.0,0.0
100,Akaroa at main beach,2015-01-05 16:00:00,Akaroa,0.0,0.0,0.0,0.0,0.0,0.0,incoming,medium,sandy,3,urban,1,0,0,0.0,0.0,0.67,0.67,0.52,0.37,2.03,139.3,127.6,103.5,170,-43.8057,172.9663,1,2,0,0,16,1,Offshore,Offshore,Alongshore,10.0,0.0
101,Akaroa at main beach,2015-01-13 09:00:00,Akaroa,0.0,0.0,0.0,0.0,0.0,0.0,incoming,medium,sandy,3,urban,1,0,0,0.0,0.0,1.44,1.19,0.8,0.6,1.89,35.8,39.6,16.5,170,-43.8057,172.9663,1,3,1,0,9,0,Alongshore,Alongshore,Onshore,10.0,0.0
102,Akaroa at main beach,2015-01-20 14:00:00,Akaroa,1.8,1.8,1.8,2.2,2.2,2.2,incoming,medium,sandy,3,urban,1,0,0,1.6,3.0,0.87,0.76,0.72,1.83,2.22,131.9,124.7,211.9,170,-43.8057,172.9663,1,4,1,0,14,0,Offshore,Alongshore,Offshore,14.2,0.0
103,Akaroa at main beach,2015-01-27 09:00:00,Akaroa,0.0,0.0,0.0,0.0,0.0,0.0,incoming,medium,sandy,3,urban,1,0,0,0.0,0.0,1.44,2.09,2.02,0.2,2.22,36.8,31.4,354.4,170,-43.8057,172.9663,1,5,1,0,9,0,Alongshore,Onshore,Onshore,14.2,0.0
104,Akaroa at main beach,2015-02-03 14:00:00,Akaroa,0.0,0.0,0.0,2.6,2.6,3.6,incoming,medium,sandy,3,urban,1,0,0,1.2,3.0,0.79,1.94,2.48,1.4,2.0,43.9,44.7,69.0,170,-43.8057,172.9663,2,6,1,0,14,1,Alongshore,Alongshore,Alongshore,14.2,0.0
105,Akaroa at main beach,2015-02-10 08:00:00,Akaroa,0.0,0.0,0.0,0.2,1.6,1.6,incoming,medium,sandy,3,urban,1,0,0,0.6,5.0,1.48,1.07,0.58,0.02,1.91,5.8,297.9,248.0,170,-43.8057,172.9663,2,7,1,0,8,0,Onshore,Alongshore,Alongshore,20.4,0.0
106,Akaroa at main beach,2015-02-17 14:00:00,Akaroa,0.0,0.0,0.0,0.0,0.0,0.0,ebbing,medium,sandy,3,urban,1,0,0,0.0,0.0,1.1,0.31,0.3,12.12,2.47,71.0,101.1,357.1,170,-43.8057,172.9663,2,8,1,0,14,0,Alongshore,Alongshore,Onshore,20.4,0.0
107,Akaroa at main beach,2015-02-24 08:00:00,Akaroa,0.0,0.0,0.0,0.0,1.8,1.8,incoming,medium,sandy,3,urban,1,0,0,1.6,2.0,2.24,1.88,1.07,0.02,2.28,8.2,7.3,8.6,170,-43.8057,172.9663,2,9,1,0,8,0,Onshore,Onshore,Onshore,16.2,0.0
108,Akaroa at main beach,2015-02-26 10:00:00,Akaroa,0.0,0.0,0.0,0.0,0.0,0.0,incoming,medium,sandy,3,urban,1,0,0,0.0,0.0,0.47,1.05,0.86,0.33,2.07,67.4,62.3,344.5,170,-43.8057,172.9663,2,9,3,0,10,0,Alongshore,Alongshore,Onshore,45.8,0.0
109,Akaroa at main beach,2015-03-03 13:00:00,Akaroa,0.0,0.0,0.0,0.6,0.6,0.6,incoming,medium,sandy,3,urban,1,0,0,0.6,1.0,0.92,0.72,0.55,1.75,1.98,139.8,113.0,40.6,170,-43.8057,172.9663,3,10,1,0,13,0,Offshore,Alongshore,Alongshore,45.8,0.0
110,Akaroa at main beach,2015-11-18 12:00:00,Akaroa,0.0,0.0,0.0,3.0,3.0,3.0,ebbing,medium,sandy,3,urban,1,0,0,1.4,4.0,2.03,0.81,0.41,8.9,1.95,164.8,192.8,210.2,170,-43.8057,172.9663,11,47,2,0,12,0,Offshore,Offshore,Offshore,,0.0
111,Akaroa at main beach,2015-11-24 13:00:00,Akaroa,0.0,0.0,0.0,0.0,0.0,0.2,incoming,medium,sandy,3,urban,1,0,0,0.0,0.0,1.6,1.34,1.55,0.82,2.33,111.5,108.9,43.0,170,-43.8057,172.9663,11,48,1,0,13,0,Alongshore,Alongshore,Alongshore,10.0,0.0
112,Akaroa at main beach,2015-12-01 08:00:00,Akaroa,0.0,0.0,0.0,0.0,0.0,0.2,ebbing,medium,sandy,3,urban,1,0,0,0.0,0.0,1.69,0.49,0.49,11.88,2.02,127.3,19.4,0.3,170,-43.8057,172.9663,12,49,1,0,8,0,Offshore,Onshore,Onshore,10.0,0.0
113,Akaroa at main beach,2015-12-08 13:00:00,Akaroa,0.0,0.0,0.0,0.0,1.0,3.4,incoming,medium,sandy,3,urban,1,0,0,0.6,2.0,2.91,2.99,2.95,0.37,1.94,214.3,218.1,225.2,170,-43.8057,172.9663,12,50,1,0,13,0,Offshore,Alongshore,Alongshore,10.0,0.0
114,Akaroa at main beach,2015-12-15 07:00:00,Akaroa,2.4,2.4,2.4,2.4,2.6,15.0,ebbing,medium,sandy,3,urban,1,0,0,1.2,3.0,0.4,1.23,3.28,11.92,2.01,137.5,93.1,58.0,170,-43.8057,172.9663,12,51,1,0,7,0,Offshore,Alongshore,Alongshore,10.0,0.0
115,Akaroa at main beach,2015-12-22 12:00:00,Akaroa,0.0,0.2,0.4,0.6,0.6,0.6,incoming,medium,sandy,3,urban,1,0,0,0.2,3.0,1.01,0.39,0.56,1.1,2.21,101.5,135.4,184.1,170,-43.8057,172.9663,12,52,1,0,12,1,Alongshore,Offshore,Offshore,10.0,0.0
116,Akaroa at main beach,2015-12-29 07:00:00,Akaroa,0.0,0.0,0.0,0.0,0.0,0.0,ebbing,medium,sandy,3,urban,1,0,0,0.0,0.0,1.73,1.36,0.42,11.67,2.06,276.8,265.8,265.0,170,-43.8057,172.9663,12,53,1,0,7,1,Alongshore,Alongshore,Alongshore,10.0,0.0
117,Akaroa at main beach,2016-01-06 12:00:00,Akaroa,0.0,0.0,0.0,0.0,0.0,2.4,incoming,medium,sandy,3,urban,1,0,0,0.0,0.0,1.58,0.38,0.4,1.27,1.88,120.1,18.6,15.7,170,-43.8057,172.9663,1,1,2,0,12,0,Alongshore,Onshore,Onshore,10.0,0.0
118,Akaroa at main beach,2016-01-12 06:00:00,Akaroa,0.0,0.0,0.0,0.0,0.0,0.0,ebbing,medium,sandy,3,urban,1,0,0,0.0,0.0,1.34,1.79,1.45,11.38,2.12,316.3,256.5,272.9,170,-43.8057,172.9663,1,2,1,0,6,0,Onshore,Alongshore,Alongshore,10.0,0.0
119,Akaroa at main beach,2016-01-19 11:00:00,Akaroa,0.0,0.0,0.0,5.4,7.8,7.8,incoming,medium,sandy,3,urban,1,0,0,2.0,11.0,2.42,3.39,3.72,1.05,2.14,232.0,237.5,253.6,170,-43.8057,172.9663,1,3,1,0,11,0,Alongshore,Alongshore,Alongshore,10.0,0.0
120,Akaroa at main beach,2016-01-26 06:00:00,Akaroa,0.0,0.0,0.0,0.2,0.2,0.2,ebbing,medium,sandy,3,urban,1,0,0,0.2,1.0,1.26,2.17,2.16,11.47,2.09,181.7,182.3,180.9,170,-43.8057,172.9663,1,4,1,0,6,0,Offshore,Offshore,Offshore,14.2,0.0
121,Akaroa at main beach,2016-02-01 10:00:00,Akaroa,0.0,0.0,0.0,0.0,0.0,0.0,incoming,medium,sandy,3,urban,1,0,0,0.0,0.0,1.08,0.27,0.37,0.08,1.87,158.0,19.7,333.0,170,-43.8057,172.9663,2,5,0,0,10,1,Offshore,Onshore,Onshore,14.2,0.0
122,Akaroa at main beach,2016-02-10 05:00:00,Akaroa,0.0,0.0,0.0,0.0,0.0,0.0,ebbing,medium,sandy,3,urban,1,0,0,0.0,0.0,2.58,2.73,2.44,11.9,2.27,18.1,12.9,13.6,170,-43.8057,172.9663,2,6,2,0,5,0,Onshore,Onshore,Onshore,14.2,0.0
123,Akaroa at main beach,2016-02-16 10:00:00,Akaroa,0.0,0.0,0.0,0.0,0.0,0.0,incoming,medium,sandy,3,urban,1,0,0,0.0,0.0,1.71,0.91,0.7,0.63,2.12,84.0,38.1,5.4,170,-43.8057,172.9663,2,7,1,0,10,0,Alongshore,Alongshore,Onshore,14.2,0.0
124,Akaroa at main beach,2016-02-23 15:00:00,Akaroa,0.0,0.0,0.0,0.0,0.0,0.0,incoming,medium,sandy,3,urban,1,0,0,0.0,0.0,0.47,0.26,0.25,1.87,2.09,104.7,92.9,348.4,170,-43.8057,172.9663,2,8,1,0,15,0,Alongshore,Alongshore,Onshore,14.2,0.0
125,Akaroa at main beach,2016-11-22 10:00:00,Akaroa,0.0,0.0,0.0,0.0,0.0,0.0,incoming,medium,sandy,3,urban,1,0,0,0.0,0.0,0.91,0.77,0.56,0.43,2.18,76.4,37.5,334.9,170,-43.8057,172.9663,11,47,1,0,10,0,Alongshore,Alongshore,Onshore,,0.0
126,Akaroa at main beach,2016-11-29 14:00:00,Akaroa,0.0,0.0,0.0,0.0,0.0,1.2,incoming,medium,sandy,3,urban,1,0,0,0.0,0.0,1.72,1.03,1.38,2.03,1.96,214.3,200.1,225.9,170,-43.8057,172.9663,11,48,1,0,14,0,Offshore,Offshore,Alongshore,10.0,0.0
127,Akaroa at main beach,2016-12-06 08:00:00,Akaroa,0.0,0.0,0.0,0.0,0.0,0.0,incoming,medium,sandy,3,urban,1,0,0,0.0,0.0,0.49,0.16,0.35,0.17,2.06,163.7,92.8,250.1,170,-43.8057,172.9663,12,49,1,0,8,0,Offshore,Alongshore,Alongshore,10.0,0.0
128,Akaroa at main beach,2016-12-13 13:00:00,Akaroa,0.0,0.0,0.0,0.0,17.2,33.4,incoming,medium,sandy,3,urban,1,0,0,4.0,13.0,1.47,0.83,1.1,1.75,2.32,92.1,95.2,21.9,170,-43.8057,172.9663,12,50,1,0,13,0,Alongshore,Alongshore,Onshore,10.0,0.0
129,Akaroa at main beach,2016-12-20 09:00:00,Akaroa,0.0,0.0,0.0,0.0,0.0,0.0,ebbing,medium,sandy,3,urban,1,0,0,0.0,0.0,2.8,2.99,3.03,11.95,2.05,22.0,32.4,38.6,170,-43.8057,172.9663,12,51,1,0,9,1,Onshore,Onshore,Alongshore,10.0,0.0
130,Akaroa at main beach,2016-12-28 12:00:00,Akaroa,0.2,0.2,0.2,0.2,0.2,0.2,incoming,medium,sandy,3,urban,1,0,0,0.2,1.0,0.9,0.41,0.53,2.97,1.92,249.0,115.3,108.8,170,-43.8057,172.9663,12,52,2,0,12,1,Alongshore,Alongshore,Alongshore,10.0,0.0
131,Akaroa at main beach,2017-01-05 09:00:00,Akaroa,0.0,0.0,0.0,1.2,13.6,17.0,ebbing,medium,sandy,3,urban,1,0,0,4.0,11.0,2.17,0.9,0.24,12.1,2.05,122.4,223.9,222.4,170,-43.8057,172.9663,1,1,3,0,9,1,Alongshore,Alongshore,Alongshore,10.0,0.0
132,Akaroa at main beach,2017-01-10 13:00:00,Akaroa,0.0,0.0,0.0,0.0,0.0,0.0,incoming,medium,sandy,3,urban,1,0,0,0.0,0.0,1.85,1.43,0.6,0.65,2.22,68.6,29.8,35.3,170,-43.8057,172.9663,1,2,1,0,13,0,Alongshore,Onshore,Alongshore,10.0,0.0
133,Akaroa at main beach,2017-01-17 09:00:00,Akaroa,0.0,0.0,0.0,0.0,0.0,0.0,ebbing,medium,sandy,3,urban,1,0,0,0.0,0.0,2.61,2.77,1.43,11.2,2.09,344.5,330.2,351.8,170,-43.8057,172.9663,1,3,1,0,9,0,Onshore,Onshore,Onshore,10.0,0.0
134,Akaroa at main beach,2017-01-23 13:00:00,Akaroa,0.0,0.0,0.0,2.0,60.0,64.0,ebbing,medium,sandy,3,urban,1,0,0,8.0,25.0,1.12,0.32,0.67,12.42,2.01,87.6,130.3,244.6,170,-43.8057,172.9663,1,4,0,0,13,0,Alongshore,Offshore,Alongshore,10.0,0.0
135,Akaroa at main beach,2017-01-31 08:00:00,Akaroa,0.0,0.0,0.0,0.0,0.0,0.0,ebbing,medium,sandy,3,urban,1,0,0,0.0,0.0,2.99,3.43,2.75,10.53,2.07,344.7,335.3,349.2,170,-43.8057,172.9663,1,5,1,0,8,1,Onshore,Onshore,Onshore,10.0,0.0
136,Akaroa at main beach,2017-02-08 14:00:00,Akaroa,0.0,0.0,0.0,0.6,0.6,1.6,ebbing,medium,sandy,3,urban,1,0,0,0.4,2.0,0.91,0.31,0.51,12.2,2.39,207.1,195.3,217.5,170,-43.8057,172.9663,2,6,2,0,14,1,Offshore,Offshore,Alongshore,10.0,0.0
137,Akaroa at main beach,2017-02-14 16:00:00,Akaroa,0.0,0.0,0.0,0.0,0.0,0.0,incoming,medium,sandy,3,urban,1,0,0,0.0,0.0,0.59,0.43,0.43,2.25,2.14,85.7,99.1,67.7,170,-43.8057,172.9663,2,7,1,0,16,0,Alongshore,Alongshore,Alongshore,10.0,0.0
138,Akaroa at main beach,2017-02-21 13:00:00,Akaroa,0.0,0.0,0.0,0.0,0.0,1.8,ebbing,medium,sandy,3,urban,1,0,0,0.0,0.0,0.95,0.27,0.35,10.98,1.98,175.4,152.5,352.9,170,-43.8057,172.9663,2,8,1,0,13,0,Offshore,Offshore,Onshore,10.0,0.0
139,Akaroa at main beach,2017-03-06 11:00:00,Akaroa,0.0,0.0,0.0,0.0,0.0,0.0,ebbing,medium,sandy,3,urban,1,0,0,0.0,0.0,0.5,0.35,0.47,12.32,2.25,177.6,34.1,46.0,170,-43.8057,172.9663,3,10,0,0,11,0,Offshore,Onshore,Alongshore,10.0,0.0
140,Akaroa at main beach,2017-11-14 11:00:00,Akaroa,0.0,0.0,0.0,0.0,0.0,1.2,incoming,medium,sandy,3,urban,1,0,0,0.0,0.0,1.21,0.31,0.29,1.77,2.19,168.0,269.6,283.8,170,-43.8057,172.9663,11,46,1,0,11,0,Offshore,Alongshore,Alongshore,,0.0
141,Akaroa at main beach,2017-11-29 11:00:00,Akaroa,0.0,0.0,0.0,0.0,0.0,0.0,incoming,medium,sandy,3,urban,1,0,0,0.0,0.0,0.78,0.21,0.93,0.43,2.05,193.7,244.8,304.5,170,-43.8057,172.9663,11,48,2,0,11,0,Offshore,Alongshore,Alongshore,10.0,0.0
142,Akaroa at main beach,2017-12-06 07:00:00,Akaroa,0.0,0.0,0.0,0.0,0.0,0.0,ebbing,medium,sandy,3,urban,1,0,0,0.0,0.0,2.24,2.88,2.47,10.88,2.28,23.0,23.8,23.1,170,-43.8057,172.9663,12,49,2,0,7,0,Onshore,Onshore,Onshore,10.0,0.0
143,Akaroa at main beach,2017-12-13 12:00:00,Akaroa,0.2,0.2,5.6,5.6,6.6,6.6,incoming,medium,sandy,3,urban,1,0,0,3.4,7.0,0.94,0.45,0.5,0.32,2.09,132.4,118.3,101.6,170,-43.8057,172.9663,12,50,2,0,12,0,Offshore,Alongshore,Alongshore,38.666666666666664,0.0
144,Akaroa at main beach,2017-12-21 07:00:00,Akaroa,0.0,0.0,0.0,0.0,0.0,0.0,ebbing,medium,sandy,3,urban,1,0,0,0.0,0.0,0.97,1.85,2.06,10.87,1.86,233.2,230.6,288.3,170,-43.8057,172.9663,12,51,3,0,7,1,Alongshore,Alongshore,Alongshore,31.5,0.0
145,Akaroa at main beach,2017-12-27 09:00:00,Akaroa,0.0,0.0,0.0,0.4,7.8,7.8,incoming,medium,sandy,3,urban,1,0,0,2.6,10.0,3.2,2.28,1.81,1.33,2.01,183.5,208.2,219.7,170,-43.8057,172.9663,12,52,2,0,9,1,Offshore,Offshore,Alongshore,27.2,0.0
146,Akaroa at main beach,2018-01-10 10:00:00,Akaroa,0.8,0.8,3.2,6.4,6.4,6.4,incoming,medium,sandy,3,urban,1,0,0,1.2,12.0,1.66,0.87,0.6,0.93,2.07,108.3,175.6,222.9,170,-43.8057,172.9663,1,2,2,0,10,0,Alongshore,Offshore,Alongshore,27.2,0.0
147,Akaroa at main beach,2018-01-15 12:00:00,Akaroa,0.0,0.0,0.0,0.0,0.0,0.0,incoming,medium,sandy,3,urban,1,0,0,0.0,0.0,2.52,1.72,0.96,2.33,1.92,54.9,36.4,11.6,170,-43.8057,172.9663,1,3,0,0,12,0,Alongshore,Alongshore,Onshore,97.0,0.125
148,Akaroa at main beach,2018-01-24 09:00:00,Akaroa,0.0,0.0,0.0,0.0,0.0,0.0,ebbing,medium,sandy,3,urban,1,0,0,0.0,0.0,1.04,0.8,0.4,12.07,1.98,56.0,1.9,321.8,170,-43.8057,172.9663,1,4,2,0,9,0,Alongshore,Onshore,Onshore,79.8,0.1111111111111111
149,Akaroa at main beach,2018-01-29 12:00:00,Akaroa,0.0,0.0,0.0,0.0,0.0,0.0,incoming,medium,sandy,3,urban,1,0,0,0.0,0.0,1.49,0.45,0.48,1.28,2.19,128.7,64.8,355.6,170,-43.8057,172.9663,1,5,0,0,12,0,Offshore,Alongshore,Onshore,84.0,0.1
150,Akaroa at main beach,2018-02-09 10:00:00,Akaroa,0.0,0.0,0.0,0.0,0.0,0.0,incoming,medium,sandy,3,urban,1,0,0,0.0,0.0,1.94,0.72,0.58,1.47,1.92,131.7,45.7,15.2,170,-43.8057,172.9663,2,6,4,0,10,1,Offshore,Alongshore,Onshore,84.0,0.09090909090909091
151,Akaroa at main beach,2018-02-14 13:00:00,Akaroa,0.0,0.0,0.0,0.0,0.0,0.0,incoming,medium,sandy,3,urban,1,0,0,0.0,0.0,1.27,0.32,0.43,2.33,1.92,85.1,157.6,218.9,170,-43.8057,172.9663,2,7,2,0,13,0,Alongshore,Offshore,Alongshore,84.0,0.08333333333333333
152,Akaroa at main beach,2018-02-23 11:00:00,Akaroa,0.0,0.0,0.0,0.0,1.8,60.8,ebbing,medium,sandy,3,urban,1,0,0,0.6,5.0,0.98,0.16,0.49,10.7,2.13,197.2,282.5,239.0,170,-43.8057,172.9663,2,8,4,0,11,0,Offshore,Alongshore,Alongshore,14.2,0.07692307692307693
153,Akaroa at main beach,2018-03-09 12:00:00,Akaroa,0.0,0.0,0.0,2.8,2.8,2.8,ebbing,medium,sandy,3,urban,1,0,0,1.0,4.0,2.0,1.35,0.9,10.25,2.01,125.7,156.2,173.8,170,-43.8057,172.9663,3,10,4,0,12,0,Offshore,Offshore,Offshore,22.6,0.07142857142857142
154,Akaroa at main beach,2018-03-21 08:00:00,Akaroa,0.2,0.2,0.2,0.2,0.2,0.2,ebbing,medium,sandy,3,urban,1,0,0,0.2,1.0,1.16,1.99,2.41,10.8,2.16,217.0,234.5,261.6,170,-43.8057,172.9663,3,12,2,0,8,0,Alongshore,Alongshore,Alongshore,22.4,0.06666666666666667
155,Akaroa at main beach,2018-11-14 10:00:00,Akaroa,0.0,0.0,0.0,0.0,0.0,0.0,ebbing,medium,sandy,3,urban,1,0,0,0.0,0.0,1.53,0.7,0.16,11.03,1.83,71.0,6.2,341.4,170,-43.8057,172.9663,11,46,2,0,10,0,Alongshore,Onshore,Onshore,,0.0
156,Akaroa at main beach,2018-11-19 12:00:00,Akaroa,1.6,2.8,3.6,4.2,31.6,31.8,incoming,medium,sandy,3,urban,1,0,0,12.4,15.0,1.07,0.82,1.11,0.73,1.99,108.1,130.5,206.5,170,-43.8057,172.9663,11,47,0,0,12,0,Alongshore,Offshore,Offshore,10.0,0.0
157,Akaroa at main beach,2018-11-29 10:00:00,Akaroa,0.0,0.0,0.0,0.0,3.4,21.8,ebbing,medium,sandy,3,urban,1,0,0,0.8,9.0,1.87,1.64,1.54,10.92,2.1,58.8,56.4,57.9,170,-43.8057,172.9663,11,48,3,0,10,0,Alongshore,Alongshore,Alongshore,42.0,0.0
158,Akaroa at main beach,2018-12-03 12:00:00,Akaroa,0.0,0.0,0.6,3.0,5.6,6.2,incoming,medium,sandy,3,urban,1,0,0,0.6,20.0,1.12,0.25,0.69,0.9,2.2,131.8,84.5,49.5,170,-43.8057,172.9663,12,49,0,0,12,0,Offshore,Alongshore,Alongshore,31.333333333333332,0.0
159,Akaroa at main beach,2018-12-11 09:00:00,Akaroa,0.8,1.8,1.8,1.8,1.8,1.8,ebbing,medium,sandy,3,urban,1,0,0,0.4,6.0,2.1,1.95,1.99,10.32,1.89,51.6,50.0,44.4,170,-43.8057,172.9663,12,50,1,0,9,0,Alongshore,Alongshore,Alongshore,26.0,0.0
160,Akaroa at main beach,2018-12-17 11:00:00,Akaroa,0.0,0.0,0.0,0.0,0.0,0.0,incoming,medium,sandy,3,urban,1,0,0,0.0,0.0,0.51,0.44,0.3,0.52,1.93,144.1,175.4,309.5,170,-43.8057,172.9663,12,51,0,0,11,0,Offshore,Offshore,Onshore,22.8,0.0
161,Akaroa at main beach,2018-12-28 10:00:00,Akaroa,0.0,0.0,0.0,0.0,0.0,0.0,ebbing,medium,sandy,3,urban,1,0,0,0.0,0.0,2.57,2.11,1.33,11.25,2.18,36.3,34.7,41.1,170,-43.8057,172.9663,12,52,4,0,10,1,Alongshore,Onshore,Alongshore,22.8,0.0
162,Akaroa at main beach,2019-01-09 08:00:00,Akaroa,0.0,0.0,0.0,0.0,0.0,3.0,ebbing,medium,sandy,3,urban,1,0,0,0.0,0.0,2.97,2.28,1.99,10.92,1.9,20.5,6.3,17.8,170,-43.8057,172.9663,1,2,2,0,8,0,Onshore,Onshore,Onshore,10.0,0.0
163,Akaroa at main beach,2019-01-14 11:00:00,Akaroa,0.0,0.0,0.0,33.4,33.6,33.6,ebbing,medium,sandy,3,urban,1,0,0,15.0,8.0,2.89,2.28,2.12,10.75,1.87,208.9,212.3,214.5,170,-43.8057,172.9663,1,3,0,0,11,0,Offshore,Offshore,Offshore,10.0,0.0
164,Akaroa at main beach,2019-01-16 13:00:00,Akaroa,0.0,0.0,0.0,0.0,0.0,33.2,ebbing,medium,sandy,3,urban,1,0,0,0.0,0.0,1.04,0.77,0.84,10.97,2.03,126.3,115.3,2.0,170,-43.8057,172.9663,1,3,2,0,13,0,Offshore,Alongshore,Onshore,141.6,0.1
165,Akaroa at main beach,2019-01-25 08:00:00,Akaroa,0.0,0.0,0.0,0.0,0.0,9.4,ebbing,medium,sandy,3,urban,1,0,0,0.0,0.0,1.07,1.57,1.22,11.33,2.28,60.6,51.9,20.6,170,-43.8057,172.9663,1,4,4,0,8,0,Alongshore,Alongshore,Onshore,141.6,0.09090909090909091
166,Akaroa at main beach,2019-01-30 11:00:00,Akaroa,0.0,0.0,0.0,0.0,0.0,0.0,incoming,medium,sandy,3,urban,1,0,0,0.0,0.0,0.61,0.37,0.62,0.4,2.0,162.1,186.5,279.9,170,-43.8057,172.9663,1,5,2,0,11,0,Offshore,Offshore,Alongshore,152.2,0.08333333333333333
167,Akaroa at main beach,2019-02-08 07:00:00,Akaroa,0.0,0.0,0.0,0.0,0.0,0.0,ebbing,medium,sandy,3,urban,1,0,0,0.0,0.0,2.52,2.57,2.56,11.4,1.9,21.4,23.4,19.3,170,-43.8057,172.9663,2,6,4,0,7,1,Onshore,Onshore,Onshore,152.2,0.07692307692307693
168,Akaroa at main beach,2019-02-13 10:00:00,Akaroa,0.0,0.0,0.4,0.4,0.4,0.4,ebbing,medium,sandy,3,urban,1,0,0,0.4,1.0,1.51,1.0,0.4,11.92,1.99,68.0,12.0,349.4,170,-43.8057,172.9663,2,7,2,0,10,0,Alongshore,Onshore,Onshore,152.2,0.07142857142857142
169,Akaroa at main beach,2019-02-18 12:00:00,Akaroa,0.0,0.0,0.0,0.0,0.0,0.8,incoming,medium,sandy,3,urban,1,0,0,0.0,0.0,0.52,0.39,0.45,2.35,2.23,125.2,109.1,346.3,170,-43.8057,172.9663,2,8,0,0,12,0,Offshore,Alongshore,Onshore,20.6,0.06666666666666667
170,Akaroa at main beach,2019-02-25 10:00:00,Akaroa,0.0,0.0,0.0,0.2,22.2,22.2,ebbing,medium,sandy,3,urban,1,0,0,8.2,13.0,1.26,0.49,0.14,11.12,2.19,163.0,263.7,234.3,170,-43.8057,172.9663,2,9,0,0,10,0,Offshore,Alongshore,Alongshore,20.6,0.0625
171,Akaroa at main beach,2019-11-18 09:00:00,Akaroa,0.0,0.0,2.0,2.0,2.0,2.0,ebbing,medium,sandy,3,urban,1,0,0,2.0,1.0,0.83,0.26,0.85,11.87,1.93,93.1,152.8,212.8,170,-43.8057,172.9663,11,47,0,0,9,0,Alongshore,Offshore,Offshore,,0.0
172,Akaroa at main beach,2019-11-20 11:00:00,Akaroa,0.0,0.0,2.0,11.6,11.6,13.6,ebbing,medium,sandy,3,urban,1,0,0,2.8,9.0,0.66,0.52,0.64,11.83,2.03,84.1,141.6,182.4,170,-43.8057,172.9663,11,47,2,0,11,0,Alongshore,Offshore,Offshore,158.0,0.0
173,Akaroa at main beach,2019-11-22 13:00:00,Akaroa,0.0,0.0,0.0,0.0,0.0,11.6,ebbing,medium,sandy,3,urban,1,0,0,0.0,0.0,0.5,0.39,1.17,11.63,2.2,214.0,155.4,67.2,170,-43.8057,172.9663,11,47,4,0,13,0,Offshore,Offshore,Alongshore,265.5,0.3333333333333333
174,Akaroa at main beach,2019-11-25 14:00:00,Akaroa,0.0,0.0,0.0,0.0,0.0,0.0,incoming,medium,sandy,3,urban,1,0,0,0.0,0.0,1.76,1.12,0.92,0.43,2.28,74.8,48.7,36.8,170,-43.8057,172.9663,11,48,0,0,14,0,Alongshore,Alongshore,Alongshore,201.66666666666666,0.25
175,Akaroa at main beach,2019-12-05 10:00:00,Akaroa,0.0,0.0,0.0,0.0,0.0,0.0,incoming,medium,sandy,3,urban,1,0,0,0.0,0.0,2.75,2.08,1.4,0.17,2.0,49.1,31.3,24.1,170,-43.8057,172.9663,12,49,3,0,10,0,Alongshore,Onshore,Onshore,153.75,0.2
176,Akaroa at main beach,2019-12-11 14:00:00,Akaroa,0.0,0.0,0.0,0.0,0.0,0.0,incoming,medium,sandy,3,urban,1,0,0,0.0,0.0,0.13,0.34,0.58,1.03,1.96,176.3,172.9,197.8,170,-43.8057,172.9663,12,50,2,0,14,0,Offshore,Offshore,Offshore,125.0,0.16666666666666666
177,Akaroa at main beach,2019-12-18 10:00:00,Akaroa,0.0,0.0,0.0,26.4,46.4,46.4,ebbing,medium,sandy,3,urban,1,0,0,5.0,24.0,3.83,1.51,0.35,11.17,2.07,162.6,212.8,226.4,170,-43.8057,172.9663,12,51,2,0,10,0,Offshore,Offshore,Alongshore,95.4,0.14285714285714285
178,Akaroa at main beach,2019-12-20 10:00:00,Akaroa,0.0,0.0,0.0,0.0,0.0,26.4,incoming,medium,sandy,3,urban,1,0,0,0.0,0.0,5.12,4.01,3.69,0.85,2.24,214.6,219.6,226.6,170,-43.8057,172.9663,12,51,4,0,10,1,Offshore,Alongshore,Alongshore,69.4,0.125
179,Akaroa at main beach,2020-01-03 11:00:00,Akaroa,3.8,12.0,21.4,21.4,21.4,21.4,ebbing,medium,sandy,3,urban,1,0,0,4.0,8.0,0.95,0.15,0.45,11.1,1.86,170.0,176.3,142.8,170,-43.8057,172.9663,1,1,4,0,11,1,Offshore,Offshore,Offshore,60.8,0.1111111111111111
180,Akaroa at main beach,2020-01-08 13:00:00,Akaroa,0.0,0.0,0.0,0.0,1.8,2.0,incoming,medium,sandy,3,urban,1,0,0,0.8,3.0,0.55,0.34,0.62,0.7,1.92,139.4,112.3,309.2,170,-43.8057,172.9663,1,2,2,0,13,0,Offshore,Alongshore,Onshore,60.8,0.1
181,Akaroa at main beach,2020-01-16 10:00:00,Akaroa,0.0,0.0,0.0,0.0,0.0,0.0,ebbing,medium,sandy,3,urban,1,0,0,0.0,0.0,2.06,1.7,1.22,11.23,2.17,48.4,40.2,34.5,170,-43.8057,172.9663,1,3,3,0,10,0,Alongshore,Alongshore,Onshore,60.8,0.09090909090909091
182,Akaroa at main beach,2020-01-22 13:00:00,Akaroa,0.0,0.0,0.0,0.0,0.0,0.0,incoming,medium,sandy,3,urban,1,0,0,0.0,0.0,0.3,0.39,0.36,1.08,2.03,137.6,141.8,338.1,170,-43.8057,172.9663,1,4,2,0,13,0,Offshore,Offshore,Onshore,60.8,0.08333333333333333
183,Akaroa at main beach,2020-01-30 09:00:00,Akaroa,0.0,0.0,0.0,0.0,0.0,0.0,ebbing,medium,sandy,3,urban,1,0,0,0.0,0.0,2.52,2.11,1.18,10.82,1.89,35.3,4.9,12.0,170,-43.8057,172.9663,1,5,3,0,9,0,Alongshore,Onshore,Onshore,14.2,0.07692307692307693
184,Akaroa at main beach,2020-02-04 13:00:00,Akaroa,12.6,14.2,15.0,15.0,15.0,15.0,ebbing,medium,sandy,3,urban,1,0,0,6.0,6.0,2.73,4.89,6.02,11.52,1.98,226.1,231.0,247.9,170,-43.8057,172.9663,2,6,1,0,13,1,Alongshore,Alongshore,Alongshore,10.0,0.07142857142857142
185,Akaroa at main beach,2020-02-12 08:00:00,Akaroa,0.0,0.0,0.0,0.0,0.0,0.0,ebbing,medium,sandy,3,urban,1,0,0,0.0,0.0,1.9,1.44,0.65,10.88,2.3,31.6,350.8,345.6,170,-43.8057,172.9663,2,7,2,0,8,0,Onshore,Onshore,Onshore,10.0,0.06666666666666667
186,Akaroa at main beach,2020-02-20 12:00:00,Akaroa,0.0,0.0,0.0,0.0,0.0,0.0,incoming,medium,sandy,3,urban,1,0,0,0.0,0.0,1.96,1.28,1.03,1.22,1.96,21.2,20.2,27.3,170,-43.8057,172.9663,2,8,3,0,12,0,Onshore,Onshore,Onshore,10.0,0.0625
187,Akaroa at main beach,2020-02-28 09:00:00,Akaroa,0.0,0.0,0.0,0.0,0.0,0.0,ebbing,medium,sandy,3,urban,1,0,0,0.0,0.0,4.48,4.6,4.67,10.53,1.91,11.5,9.9,11.3,170,-43.8057,172.9663,2,9,4,0,9,0,Onshore,Onshore,Onshore,10.0,0.058823529411764705
188,Akaroa at main beach,2020-03-04 11:00:00,Akaroa,0.0,0.0,0.0,1.2,1.8,1.8,ebbing,medium,sandy,3,urban,1,0,0,0.6,6.0,1.74,0.59,0.19,12.05,2.02,252.3,173.8,210.5,170,-43.8057,172.9663,3,10,2,0,11,0,Alongshore,Offshore,Offshore,10.0,0.05555555555555555
189,Akaroa at main beach,2020-03-17 11:00:00,Akaroa,0.0,0.0,0.0,0.0,0.0,0.0,ebbing,medium,sandy,3,urban,1,0,0,0.0,0.0,1.64,0.58,0.27,11.77,2.15,222.1,189.2,216.1,170,-43.8057,172.9663,3,12,1,0,11,0,Alongshore,Offshore,Alongshore,12.0,0.05263157894736842
190,Akaroa at main beach,2020-11-10 13:00:00,Akaroa,0.0,0.0,0.0,0.0,0.4,65.4,ebbing,medium,sandy,3,urban,1,0,0,0.4,1.0,0.75,0.24,0.32,10.62,2.02,87.6,108.6,116.1,170,-43.8057,172.9663,11,46,1,0,13,0,Alongshore,Alongshore,Alongshore,,0.0
191,Akaroa at main beach,2020-11-23 12:00:00,Akaroa,0.0,0.0,0.0,0.0,11.2,13.6,ebbing,medium,sandy,3,urban,1,0,0,4.2,5.0,0.12,0.58,0.3,11.1,1.95,60.3,53.0,286.6,170,-43.8057,172.9663,11,48,0,0,12,0,Alongshore,Alongshore,Alongshore,41.0,0.0
192,Akaroa at main beach,2020-12-03 08:00:00,Akaroa,0.0,0.0,0.0,0.0,0.0,0.0,ebbing,medium,sandy,3,urban,1,0,0,0.0,0.0,0.43,2.12,2.01,10.17,1.82,34.9,42.3,354.9,170,-43.8057,172.9663,12,49,3,0,8,0,Onshore,Alongshore,Onshore,25.5,0.0
193,Akaroa at main beach,2020-12-10 11:00:00,Akaroa,0.0,0.0,0.0,0.0,0.0,0.0,incoming,medium,sandy,3,urban,1,0,0,0.0,0.0,1.17,0.32,0.58,0.73,2.2,106.8,12.2,294.0,170,-43.8057,172.9663,12,50,3,0,11,0,Alongshore,Onshore,Alongshore,20.333333333333332,0.0
194,Akaroa at main beach,2020-12-17 07:00:00,Akaroa,0.0,0.0,0.0,0.0,0.0,0.0,ebbing,medium,sandy,3,urban,1,0,0,0.0,0.0,1.19,0.66,0.54,10.73,2.13,341.1,57.1,107.1,170,-43.8057,172.9663,12,51,3,0,7,0,Onshore,Alongshore,Alongshore,17.75,0.0
195,Akaroa at main beach,2020-12-22 12:00:00,Akaroa,0.0,0.0,0.0,3.8,6.2,11.4,ebbing,medium,sandy,3,urban,1,0,0,1.0,11.0,0.88,0.08,0.12,10.6,1.93,211.8,159.8,293.9,170,-43.8057,172.9663,12,52,1,0,12,1,Offshore,Offshore,Alongshore,16.2,0.0
196,Akaroa at main beach,2020-12-29 13:00:00,Akaroa,0.0,0.0,0.0,0.0,0.0,11.6,incoming,medium,sandy,3,urban,1,0,0,0.0,0.0,1.67,1.2,1.11,1.93,1.87,60.2,55.2,47.9,170,-43.8057,172.9663,12,53,1,0,13,1,Alongshore,Alongshore,Alongshore,16.2,0.0
197,Akaroa at main beach,2021-01-11 13:00:00,Akaroa,0.0,0.0,0.0,0.0,0.2,1.6,incoming,medium,sandy,3,urban,1,0,0,0.2,1.0,1.18,0.8,0.77,0.82,2.14,75.7,52.0,76.5,170,-43.8057,172.9663,1,2,0,0,13,0,Alongshore,Alongshore,Alongshore,16.2,0.0
198,Akaroa at main beach,2021-01-19 10:00:00,Akaroa,0.0,0.0,0.0,0.0,2.6,2.6,ebbing,medium,sandy,3,urban,1,0,0,2.4,2.0,5.41,5.48,5.49,11.18,1.95,344.5,337.2,344.1,170,-43.8057,172.9663,1,3,1,0,10,0,Onshore,Onshore,Onshore,16.2,0.0
199,Akaroa at main beach,2021-01-26 13:00:00,Akaroa,0.0,0.0,0.0,0.0,0.0,0.0,incoming,medium,sandy,3,urban,1,0,0,0.0,0.0,1.02,0.29,0.51,1.25,1.84,104.2,59.6,359.8,170,-43.8057,172.9663,1,4,1,0,13,0,Alongshore,Alongshore,Onshore,16.2,0.0
200,Akaroa at main beach,2021-02-03 09:00:00,Akaroa,0.0,0.0,0.0,0.0,0.0,0.0,ebbing,medium,sandy,3,urban,1,0,0,0.0,0.0,2.21,2.71,2.5,11.25,2.14,229.3,229.7,248.8,170,-43.8057,172.9663,2,5,2,0,9,1,Alongshore,Alongshore,Alongshore,16.2,0.0
201,Akaroa at main beach,2021-02-09 13:00:00,Akaroa,2.8,2.8,2.8,2.8,2.8,2.8,incoming,medium,sandy,3,urban,1,0,0,2.0,2.0,0.56,0.8,0.78,0.72,2.06,55.0,65.0,46.7,170,-43.8057,172.9663,2,6,1,0,13,1,Alongshore,Alongshore,Alongshore,10.0,0.0
202,Akaroa at main beach,2021-02-17 11:00:00,Akaroa,0.0,0.0,0.0,0.0,3.8,5.2,ebbing,medium,sandy,3,urban,1,0,0,1.4,7.0,1.15,0.46,0.14,9.4,1.95,188.8,217.9,254.6,170,-43.8057,172.9663,2,7,2,0,11,0,Offshore,Alongshore,Alongshore,10.0,0.0
203,Akaroa at main beach,2021-02-23 14:00:00,Akaroa,0.0,0.0,0.0,0.0,0.0,0.0,ebbing,medium,sandy,3,urban,1,0,0,0.0,0.0,2.66,3.14,3.17,11.4,2.05,15.0,7.7,11.9,170,-43.8057,172.9663,2,8,1,0,14,0,Onshore,Onshore,Onshore,10.0,0.0
204,Akaroa at main beach,2021-03-04 09:00:00,Akaroa,1.0,1.0,4.0,4.0,4.0,4.0,ebbing,medium,sandy,3,urban,1,0,0,2.0,3.0,1.8,1.9,0.63,11.35,2.25,110.5,109.4,118.0,170,-43.8057,172.9663,3,9,3,0,9,0,Alongshore,Alongshore,Alongshore,10.0,0.0
205,Akaroa at main beach,2021-11-26 10:00:00,Akaroa,0.0,0.0,0.0,0.0,0.0,0.0,ebbing,medium,sandy,3,urban,1,0,0,0.0,0.0,0.73,0.19,0.27,10.92,1.73,90.0,57.1,316.3,170,-43.8057,172.9663,11,47,4,0,10,0,Alongshore,Alongshore,Onshore,,0.0
206,Akaroa at main beach,2021-12-02 12:00:00,Akaroa,0.0,0.0,0.0,0.0,0.0,0.0,incoming,medium,sandy,3,urban,1,0,0,0.0,0.0,2.54,2.29,1.88,1.58,2.22,32.2,33.6,34.5,170,-43.8057,172.9663,12,48,3,0,12,0,Onshore,Onshore,Onshore,10.0,0.0
207,Akaroa at main beach,2021-12-09 10:00:00,Akaroa,0.0,0.0,0.0,0.0,0.0,4.2,ebbing,medium,sandy,3,urban,1,0,0,0.0,0.0,1.0,0.38,0.04,10.53,2.09,296.3,349.7,309.0,170,-43.8057,172.9663,12,49,3,0,10,0,Alongshore,Onshore,Onshore,10.0,0.0
208,Akaroa at main beach,2021-12-15 11:00:00,Akaroa,2.0,37.0,68.6,80.0,80.0,80.0,incoming,medium,sandy,3,urban,1,0,0,12.8,20.0,1.34,2.38,2.81,1.93,1.97,220.4,220.8,230.7,170,-43.8057,172.9663,12,50,2,0,11,0,Alongshore,Alongshore,Alongshore,24.0,0.0
209,Akaroa at main beach,2021-12-20 12:00:00,Akaroa,0.0,0.0,0.0,0.0,0.0,0.2,incoming,medium,sandy,3,urban,1,0,0,0.0,0.0,3.03,1.45,0.47,4.35,1.84,70.2,5.7,2.6,170,-43.8057,172.9663,12,51,0,0,12,1,Alongshore,Onshore,Onshore,507.0,0.2
210,Akaroa at main beach,2021-12-23 09:00:00,Akaroa,0.0,0.0,0.0,0.0,0.0,0.0,ebbing,medium,sandy,3,urban,1,0,0,0.0,0.0,2.21,2.43,2.31,10.35,1.78,354.3,3.5,34.8,170,-43.8057,172.9663,12,51,3,0,9,1,Onshore,Onshore,Onshore,416.0,0.16666666666666666
211,Akaroa at main beach,2021-12-30 13:00:00,Akaroa,0.0,0.0,0.0,0.0,0.0,4.2,ebbing,medium,sandy,3,urban,1,0,0,0.0,0.0,1.33,1.6,0.2,11.47,2.27,230.6,153.7,162.0,170,-43.8057,172.9663,12,52,3,0,13,1,Alongshore,Offshore,Offshore,416.0,0.14285714285714285
212,Akaroa at main beach,2022-01-07 09:00:00,Akaroa,0.0,0.0,0.0,0.0,0.4,0.4,ebbing,medium,sandy,3,urban,1,0,0,0.2,2.0,3.06,2.11,1.21,11.15,2.12,219.4,230.1,228.8,170,-43.8057,172.9663,1,1,4,0,9,0,Alongshore,Alongshore,Alongshore,418.0,0.125
213,Akaroa at main beach,2022-01-12 13:00:00,Akaroa,0.0,0.6,4.8,4.8,4.8,4.8,ebbing,medium,sandy,3,urban,1,0,0,2.0,4.0,1.25,1.51,1.93,11.75,2.0,177.3,172.7,161.3,170,-43.8057,172.9663,1,2,2,0,13,0,Offshore,Offshore,Offshore,409.6,0.1111111111111111
214,Akaroa at main beach,2022-01-20 06:00:00,Akaroa,0.0,0.0,1.6,12.4,12.4,12.4,ebbing,medium,sandy,3,urban,1,0,0,2.0,13.0,2.95,2.36,1.67,11.8,1.87,216.3,227.7,224.9,170,-43.8057,172.9663,1,3,3,0,6,0,Alongshore,Alongshore,Alongshore,20.4,0.1
215,Akaroa at main beach,2022-01-26 11:00:00,Akaroa,4.2,8.4,8.4,8.4,8.4,8.4,ebbing,medium,sandy,3,urban,1,0,0,2.6,5.0,0.79,2.17,2.99,11.52,2.1,188.1,192.3,241.1,170,-43.8057,172.9663,1,4,2,0,11,0,Offshore,Offshore,Alongshore,20.4,0.09090909090909091
216,Akaroa at main beach,2022-02-01 16:00:00,Akaroa,0.0,0.0,0.0,0.0,0.0,0.0,ebbing,medium,sandy,3,urban,1,0,0,0.0,0.0,0.76,1.09,1.48,11.88,2.5,8.8,29.0,19.6,170,-43.8057,172.9663,2,5,1,0,16,1,Onshore,Onshore,Onshore,22.4,0.08333333333333333
217,Akaroa at main beach,2022-02-10 13:00:00,Akaroa,0.0,0.0,0.0,4.2,17.6,17.6,ebbing,medium,sandy,3,urban,1,0,0,2.4,15.0,0.27,0.25,0.23,11.25,1.96,159.2,121.0,337.5,170,-43.8057,172.9663,2,6,3,0,13,0,Offshore,Alongshore,Onshore,20.4,0.07692307692307693
218,Akaroa at main beach,2022-02-15 15:00:00,Akaroa,0.0,0.0,0.0,0.0,0.0,27.2,incoming,medium,sandy,3,urban,1,0,0,0.0,0.0,0.54,0.59,0.5,0.67,1.87,106.7,128.6,15.7,170,-43.8057,172.9663,2,7,1,0,15,0,Alongshore,Offshore,Onshore,137.2,0.14285714285714285
219,Akaroa at main beach,2022-02-18 11:00:00,Akaroa,0.0,0.0,0.0,0.0,0.0,0.0,incoming,medium,sandy,3,urban,1,0,0,0.0,0.0,1.23,0.24,0.29,6.0,1.98,203.0,265.9,338.6,170,-43.8057,172.9663,2,7,4,0,11,0,Offshore,Alongshore,Onshore,390.0,0.2
220,Akaroa at main beach,2022-02-24 11:00:00,Akaroa,0.0,0.0,0.0,0.0,0.0,0.0,ebbing,medium,sandy,3,urban,1,0,0,0.0,0.0,2.19,1.58,1.26,11.1,2.15,44.5,41.2,33.5,170,-43.8057,172.9663,2,8,3,0,11,0,Alongshore,Alongshore,Onshore,381.6,0.1875
221,Akaroa at main beach,2022-03-10 12:00:00,Akaroa,0.0,0.0,0.0,0.0,0.0,0.0,ebbing,medium,sandy,3,urban,1,0,0,0.0,0.0,1.01,0.3,0.24,10.72,1.94,145.3,84.7,26.7,170,-43.8057,172.9663,3,10,3,0,12,0,Offshore,Alongshore,Onshore,379.6,0.17647058823529413
222,Akaroa at main beach,2022-11-17 13:00:00,Akaroa,0.0,0.0,0.0,0.0,0.0,0.0,ebbing,medium,sandy,3,urban,1,0,0,0.0,0.0,0.61,0.08,0.04,10.37,1.77,321.2,135.4,310.2,170,-43.8057,172.9663,11,46,3,0,13,0,Onshore,Offshore,Onshore,,0.0
223,Akaroa at main beach,2022-12-02 11:00:00,Akaroa,0.0,0.0,0.0,5.8,7.6,8.4,incoming,medium,sandy,3,urban,1,0,0,2.4,8.0,1.94,1.31,1.18,0.02,2.21,185.6,182.6,207.2,170,-43.8057,172.9663,12,48,4,0,11,0,Offshore,Offshore,Offshore,10.0,0.0
224,Akaroa at main beach,2022-12-07 14:00:00,Akaroa,0.0,0.0,0.0,0.0,0.0,0.0,incoming,medium,sandy,3,urban,1,0,0,0.0,0.0,2.78,2.7,2.25,1.48,1.98,31.1,31.2,35.9,170,-43.8057,172.9663,12,49,2,0,14,0,Onshore,Onshore,Alongshore,10.0,0.0
225,Akaroa at main beach,2022-12-15 10:00:00,Akaroa,0.0,0.0,0.0,0.0,0.0,0.0,ebbing,medium,sandy,3,urban,1,0,0,0.0,0.0,1.31,0.76,0.22,11.75,1.76,88.5,349.1,11.2,170,-43.8057,172.9663,12,50,3,0,10,0,Alongshore,Onshore,Onshore,10.0,0.0
226,Akaroa at main beach,2022-12-20 14:00:00,Akaroa,0.0,0.0,0.0,0.2,0.4,3.0,ebbing,medium,sandy,3,urban,1,0,0,0.2,2.0,1.18,0.18,0.1,11.73,2.17,111.4,72.6,84.8,170,-43.8057,172.9663,12,51,1,0,14,1,Alongshore,Alongshore,Alongshore,10.0,0.0
227,Akaroa at main beach,2022-12-28 07:00:00,Akaroa,0.0,0.0,0.0,0.0,0.6,0.6,incoming,medium,sandy,3,urban,1,0,0,0.6,1.0,2.1,2.22,2.15,0.53,2.42,14.5,10.9,10.0,170,-43.8057,172.9663,12,52,2,0,7,1,Onshore,Onshore,Onshore,10.0,0.0
228,Akaroa at main beach,2023-01-10 06:00:00,Akaroa,0.0,0.0,0.0,0.0,0.0,0.0,ebbing,medium,sandy,3,urban,1,0,0,0.0,0.0,3.25,3.72,3.51,12.37,1.83,18.9,16.1,21.3,170,-43.8057,172.9663,1,2,1,0,6,0,Onshore,Onshore,Onshore,27.4,0.0
229,Akaroa at main beach,2023-01-18 12:00:00,Akaroa,0.0,0.0,0.0,0.0,0.0,0.0,ebbing,medium,sandy,3,urban,1,0,0,0.0,0.0,1.87,1.39,1.5,12.48,2.21,38.9,30.0,30.5,170,-43.8057,172.9663,1,3,2,0,12,0,Alongshore,Onshore,Onshore,27.4,0.0
230,Akaroa at main beach,2023-01-27 07:00:00,Akaroa,0.4,0.4,0.4,0.4,0.4,0.4,incoming,medium,sandy,3,urban,1,0,0,0.4,1.0,1.12,3.17,3.32,1.13,2.29,148.8,143.2,162.8,170,-43.8057,172.9663,1,4,4,0,7,0,Offshore,Offshore,Offshore,27.4,0.0
231,Akaroa at main beach,2023-02-01 15:00:00,Akaroa,0.0,0.0,0.0,0.0,0.0,0.0,ebbing,medium,sandy,3,urban,1,0,0,0.0,0.0,2.25,2.18,2.31,10.8,2.06,24.6,22.5,26.2,170,-43.8057,172.9663,2,5,2,0,15,1,Onshore,Onshore,Onshore,27.4,0.0
232,Akaroa at main beach,2023-02-15 12:00:00,Akaroa,11.2,37.6,62.6,120.4,133.0,133.2,ebbing,medium,sandy,3,urban,1,0,0,10.2,36.0,3.86,3.68,3.63,11.4,2.14,191.3,195.8,199.8,170,-43.8057,172.9663,2,7,2,0,12,0,Offshore,Offshore,Offshore,27.4,0.0
233,Akaroa at main beach,2023-02-17 14:00:00,Akaroa,0.0,0.0,0.0,0.4,1.0,115.6,ebbing,medium,sandy,3,urban,1,0,0,0.4,3.0,1.03,0.29,0.3,12.0,2.36,193.4,161.1,232.4,170,-43.8057,172.9663,2,7,4,0,14,0,Offshore,Offshore,Alongshore,1104.0,0.08333333333333333
234,Akaroa at main beach,2023-02-20 15:00:00,Akaroa,0.0,0.0,0.0,0.0,0.0,0.0,incoming,medium,sandy,3,urban,1,0,0,0.0,0.0,0.35,0.13,0.04,0.4,2.28,173.8,210.4,349.1,170,-43.8057,172.9663,2,8,0,0,15,0,Offshore,Offshore,Onshore,1106.0,0.07692307692307693
235,Akaroa at main beach,2023-03-01 12:00:00,Akaroa,0.0,0.0,0.0,0.0,0.0,0.0,ebbing,medium,sandy,3,urban,1,0,0,0.0,0.0,1.75,0.49,0.5,12.37,2.01,105.5,62.0,4.9,170,-43.8057,172.9663,3,9,2,0,12,0,Alongshore,Alongshore,Onshore,1106.0,0.07142857142857142
236,Akaroa at main beach,2023-03-06 13:00:00,Akaroa,0.0,0.0,0.0,0.0,26.2,30.0,incoming,medium,sandy,3,urban,1,0,0,6.4,13.0,0.47,0.4,0.53,2.05,1.91,115.1,91.8,76.2,170,-43.8057,172.9663,3,10,0,0,13,0,Alongshore,Alongshore,Alongshore,1106.0,0.06666666666666667
237,Akaroa at main beach,2023-03-15 11:00:00,Akaroa,0.0,0.0,0.0,0.0,0.0,14.2,ebbing,medium,sandy,3,urban,1,0,0,0.0,0.0,2.38,2.1,2.11,11.2,2.11,34.3,35.7,33.7,170,-43.8057,172.9663,3,11,2,0,11,0,Onshore,Alongshore,Onshore,1106.0,0.0625
238,Akaroa at main beach,2023-03-20 13:00:00,Akaroa,0.0,0.0,0.0,0.0,0.0,0.0,incoming,medium,sandy,3,urban,1,0,0,0.0,0.0,3.43,3.82,4.29,1.85,2.24,347.6,355.8,359.5,170,-43.8057,172.9663,3,12,0,0,13,0,Onshore,Onshore,Onshore,12.0,0.058823529411764705
239,Akaroa at main beach,2023-06-01 14:00:00,Akaroa,0.0,0.0,0.0,0.0,0.0,0.0,ebbing,medium,sandy,3,urban,1,0,0,0.0,0.0,1.9,2.57,2.75,12.15,1.98,1.8,6.2,14.7,170,-43.8057,172.9663,6,22,3,0,14,1,Onshore,Onshore,Onshore,10.0,0.05555555555555555
240,Akaroa at main beach,2023-06-20 16:00:00,Akaroa,0.0,0.0,0.0,1.0,15.4,22.8,incoming,medium,sandy,3,urban,1,0,0,2.0,20.0,1.83,1.42,1.56,2.05,2.17,38.1,41.4,41.6,170,-43.8057,172.9663,6,25,1,0,16,0,Alongshore,Alongshore,Alongshore,10.0,0.05263157894736842
241,Akaroa at main beach,2023-07-06 13:00:00,Akaroa,0.0,0.0,0.0,0.0,0.0,0.0,incoming,medium,sandy,3,urban,1,0,0,0.0,0.0,0.49,0.43,0.36,4.85,2.48,198.8,146.2,184.7,170,-43.8057,172.9663,7,27,3,0,13,0,Offshore,Offshore,Offshore,10.0,0.05
242,Akaroa at main beach,2023-07-10 11:00:00,Akaroa,3.8,5.2,8.2,18.4,89.0,122.0,ebbing,medium,sandy,3,urban,1,0,0,6.2,43.0,0.35,0.51,0.49,11.02,2.19,139.0,159.5,182.8,170,-43.8057,172.9663,7,28,0,0,11,0,Offshore,Offshore,Offshore,32.2,0.047619047619047616
243,Akaroa at main beach,2023-07-11 13:00:00,Akaroa,0.0,0.0,0.0,0.2,17.6,80.8,ebbing,medium,sandy,3,urban,1,0,0,2.0,19.0,0.23,0.32,0.32,10.17,2.09,124.1,93.4,152.4,170,-43.8057,172.9663,7,28,1,0,13,0,Alongshore,Alongshore,Offshore,108.0,0.09090909090909091
244,Akaroa at main beach,2023-07-12 12:00:00,Akaroa,0.0,0.6,3.0,3.0,3.2,21.4,ebbing,medium,sandy,3,urban,1,0,0,1.4,4.0,0.63,0.68,1.0,11.52,2.01,98.1,128.0,133.5,170,-43.8057,172.9663,7,28,2,0,12,0,Alongshore,Offshore,Offshore,186.4,0.13043478260869565
245,Akaroa at main beach,2023-10-06 09:00:00,Akaroa,0.0,0.0,0.0,0.0,0.0,0.0,incoming,medium,sandy,3,urban,1,0,0,0.0,0.0,2.18,1.51,1.68,0.23,2.09,16.4,11.2,9.9,170,-43.8057,172.9663,10,40,4,0,9,0,Onshore,Onshore,Onshore,,0.0
246,Akaroa at main beach,2023-11-04 08:00:00,Akaroa,0.4,1.0,1.0,1.4,5.8,5.8,incoming,medium,sandy,3,urban,1,0,0,2.0,8.0,1.45,0.57,0.74,0.38,2.09,109.1,28.7,5.5,170,-43.8057,172.9663,11,44,5,1,8,0,Alongshore,Onshore,Onshore,10.0,0.0
247,Akaroa at main beach,2023-11-06 10:00:00,Akaroa,0.0,0.0,0.0,0.0,4.4,5.6,incoming,medium,sandy,3,urban,1,0,0,1.6,7.0,1.21,1.05,0.08,0.18,2.01,149.4,129.1,177.4,170,-43.8057,172.9663,11,45,0,0,10,0,Offshore,Offshore,Offshore,10.0,0.0
248,Akaroa at main beach,2023-11-21 12:00:00,Akaroa,0.0,0.0,0.0,0.0,0.6,0.6,ebbing,medium,sandy,3,urban,1,0,0,0.4,2.0,2.46,1.87,1.83,10.78,2.05,17.0,21.0,20.5,170,-43.8057,172.9663,11,47,1,0,12,0,Onshore,Onshore,Onshore,17.0,0.0
249,Akaroa at main beach,2023-11-24 14:00:00,Akaroa,1.0,1.0,1.2,8.4,18.6,18.6,ebbing,medium,sandy,3,urban,1,0,0,3.0,14.0,2.52,2.13,1.93,11.75,2.25,163.0,168.9,186.1,170,-43.8057,172.9663,11,47,4,0,14,0,Offshore,Offshore,Offshore,15.25,0.0
250,Akaroa at main beach,2023-12-05 12:00:00,Akaroa,0.0,0.0,0.0,0.0,0.0,0.0,ebbing,medium,sandy,3,urban,1,0,0,0.0,0.0,2.9,2.42,2.42,10.82,1.81,31.9,30.2,35.6,170,-43.8057,172.9663,12,49,1,0,12,0,Onshore,Onshore,Alongshore,20.4,0.0
251,Akaroa at main beach,2023-12-11 13:00:00,Akaroa,0.0,0.0,0.0,0.0,6.0,6.0,incoming,medium,sandy,3,urban,1,0,0,2.8,5.0,0.91,1.17,2.51,1.0,1.93,222.0,213.4,314.3,170,-43.8057,172.9663,12,50,0,0,13,0,Alongshore,Offshore,Onshore,20.4,0.0
252,Akaroa at main beach,2023-12-19 10:00:00,Akaroa,0.0,0.0,0.0,0.0,0.2,1.4,ebbing,medium,sandy,3,urban,1,0,0,0.2,1.0,2.14,1.02,0.35,11.28,2.09,69.9,7.3,3.2,170,-43.8057,172.9663,12,51,1,0,10,0,Alongshore,Onshore,Onshore,20.4,0.0
253,Akaroa at main beach,2023-12-27 13:00:00,Akaroa,0.0,0.0,0.0,0.0,16.4,16.4,incoming,medium,sandy,3,urban,1,0,0,12.6,6.0,1.05,0.63,0.71,2.62,1.97,94.4,70.3,68.5,170,-43.8057,172.9663,12,52,2,0,13,1,Alongshore,Alongshore,Alongshore,16.2,0.0
254,Akaroa at main beach,2024-01-03 08:00:00,Akaroa,0.0,0.0,0.0,0.0,0.0,4.4,incoming,medium,sandy,3,urban,1,0,0,0.0,0.0,2.25,2.12,1.46,1.22,1.95,29.6,27.6,33.6,170,-43.8057,172.9663,1,1,2,0,8,1,Onshore,Onshore,Onshore,16.2,0.0
255,Akaroa at main beach,2024-01-08 12:00:00,Akaroa,0.0,0.0,0.0,0.0,0.0,1.0,incoming,medium,sandy,3,urban,1,0,0,0.0,0.0,0.75,0.38,0.53,0.9,1.86,105.6,97.7,338.0,170,-43.8057,172.9663,1,2,0,0,12,0,Alongshore,Alongshore,Onshore,12.0,0.0
256,Akaroa at main beach,2024-01-16 07:00:00,Akaroa,0.0,0.0,0.0,0.0,2.0,2.0,incoming,medium,sandy,3,urban,1,0,0,1.2,3.0,2.34,2.92,2.52,1.0,2.39,22.9,15.0,0.6,170,-43.8057,172.9663,1,3,1,0,7,0,Onshore,Onshore,Onshore,12.0,0.0
257,Akaroa at main beach,2024-01-22 13:00:00,Akaroa,0.0,0.0,0.0,0.2,0.2,0.2,ebbing,medium,sandy,3,urban,1,0,0,0.2,1.0,2.05,0.75,0.68,12.48,2.17,93.7,37.2,14.9,170,-43.8057,172.9663,1,4,0,0,13,0,Alongshore,Alongshore,Onshore,12.0,0.0
258,Akaroa at main beach,2024-01-23 13:00:00,Akaroa,1.6,5.6,6.6,11.6,11.8,11.8,incoming,medium,sandy,3,urban,1,0,0,3.2,16.0,2.3,1.94,1.56,1.2,1.92,190.1,197.8,202.4,170,-43.8057,172.9663,1,4,1,0,13,0,Offshore,Offshore,Offshore,14.0,0.0
259,Akaroa at main beach,2024-01-24 13:00:00,Akaroa,0.0,0.0,0.0,0.2,11.8,12.0,incoming,medium,sandy,3,urban,1,0,0,3.2,16.0,1.45,1.1,1.09,1.83,1.92,93.2,80.5,45.2,170,-43.8057,172.9663,1,4,2,0,13,0,Alongshore,Alongshore,Alongshore,45.8,0.0
260,Akaroa at main beach,2024-01-31 09:00:00,Akaroa,0.0,0.0,0.0,0.0,0.0,0.4,ebbing,medium,sandy,3,urban,1,0,0,0.0,0.0,2.19,1.78,0.64,11.28,1.84,35.2,358.3,8.3,170,-43.8057,172.9663,1,5,2,0,9,1,Alongshore,Onshore,Onshore,43.8,0.0
261,Akaroa at main beach,2024-02-05 13:00:00,Akaroa,0.0,0.0,0.0,0.0,0.0,0.0,ebbing,medium,sandy,3,urban,1,0,0,0.0,0.0,1.42,0.57,0.88,11.53,2.03,120.3,105.4,358.2,170,-43.8057,172.9663,2,6,0,0,13,1,Alongshore,Alongshore,Onshore,43.8,0.0
262,Akaroa at main beach,2024-02-11 15:00:00,Akaroa,0.0,0.0,0.0,0.8,13.0,13.0,incoming,medium,sandy,3,urban,1,0,0,3.6,12.0,1.02,0.28,0.51,2.43,2.28,184.4,192.5,221.3,170,-43.8057,172.9663,2,6,6,1,15,0,Offshore,Offshore,Alongshore,43.8,0.0
263,Akaroa at main beach,2024-02-13 07:00:00,Akaroa,0.0,0.0,0.0,0.0,0.0,7.0,ebbing,medium,sandy,3,urban,1,0,0,0.0,0.0,2.07,1.74,1.62,11.92,2.3,348.2,347.3,13.5,170,-43.8057,172.9663,2,7,1,0,7,0,Onshore,Onshore,Onshore,41.8,0.0
264,Akaroa at main beach,2024-02-20 13:00:00,Akaroa,0.0,0.0,0.0,8.8,10.8,10.8,ebbing,medium,sandy,3,urban,1,0,0,4.2,6.0,0.85,0.28,0.23,12.17,2.12,183.7,136.0,232.0,170,-43.8057,172.9663,2,8,1,0,13,0,Offshore,Offshore,Alongshore,10.0,0.0
265,Akaroa at main beach,2024-02-21 12:00:00,Akaroa,0.0,0.0,0.0,0.0,9.4,10.8,incoming,medium,sandy,3,urban,1,0,0,4.2,4.0,0.68,0.39,0.28,1.58,1.88,136.8,71.9,255.2,170,-43.8057,172.9663,2,8,2,0,12,0,Offshore,Alongshore,Alongshore,10.0,0.0
266,Akaroa at main beach,2024-03-05 10:00:00,Akaroa,0.2,0.2,0.2,5.0,5.0,5.2,incoming,medium,sandy,3,urban,1,0,0,2.8,5.0,4.76,5.27,5.33,1.32,1.8,209.0,211.2,215.5,170,-43.8057,172.9663,3,10,1,0,10,0,Offshore,Offshore,Alongshore,10.0,0.0
267,Akaroa at main beach,2024-03-15 10:00:00,Akaroa,0.0,0.0,10.2,10.2,10.2,10.2,ebbing,medium,sandy,3,urban,1,0,0,2.8,6.0,2.77,2.86,2.35,10.42,2.24,202.5,205.9,199.4,170,-43.8057,172.9663,3,11,4,0,10,0,Offshore,Offshore,Offshore,27.4,0.0
268,Akaroa at main beach,2024-03-20 13:00:00,Akaroa,0.0,0.0,0.0,0.0,0.0,3.4,ebbing,medium,sandy,3,urban,1,0,0,0.0,0.0,3.12,2.98,2.18,12.0,2.08,31.1,28.1,24.9,170,-43.8057,172.9663,3,12,2,0,13,0,Onshore,Onshore,Onshore,27.4,0.0
269,Akaroa at main beach,2024-03-25 14:00:00,Akaroa,0.0,0.0,0.0,0.0,0.0,0.0,incoming,medium,sandy,3,urban,1,0,0,0.0,0.0,1.7,0.75,0.82,1.75,1.99,88.1,32.6,346.2,170,-43.8057,172.9663,3,13,0,0,14,0,Alongshore,Onshore,Onshore,27.4,0.0
270,Akaroa at main beach,2024-04-12 16:00:00,Akaroa,0.2,0.4,0.6,2.0,16.6,16.6,incoming,medium,sandy,3,urban,1,0,0,4.2,13.0,1.9,1.3,0.7,2.83,2.32,198.8,205.8,213.3,170,-43.8057,172.9663,4,15,4,0,16,0,Offshore,Offshore,Offshore,27.4,0.0
271,Akaroa at main beach,2024-04-14 10:00:00,Akaroa,0.0,0.0,0.0,0.0,1.6,10.4,ebbing,medium,sandy,3,urban,1,0,0,0.2,8.0,0.92,0.05,0.11,10.65,2.17,229.5,174.0,243.7,170,-43.8057,172.9663,4,15,6,1,10,1,Alongshore,Offshore,Alongshore,64.8,0.0
272,Akaroa at main beach,2024-05-02 12:00:00,Akaroa,0.0,0.0,0.0,0.2,16.0,16.0,ebbing,medium,sandy,3,urban,1,0,0,2.8,16.0,0.5,0.05,0.07,11.0,2.2,185.2,358.8,270.5,170,-43.8057,172.9663,5,18,3,0,12,0,Offshore,Onshore,Alongshore,47.4,0.0
273,Akaroa at main beach,2024-05-21 12:00:00,Akaroa,0.6,1.4,1.8,10.8,11.8,12.0,incoming,medium,sandy,3,urban,1,0,0,1.6,21.0,0.98,0.56,0.57,2.15,2.0,158.8,147.2,136.2,170,-43.8057,172.9663,5,21,1,0,12,0,Offshore,Offshore,Offshore,47.4,0.0
274,Akaroa at main beach,2024-06-15 10:00:00,Akaroa,0.0,0.0,0.2,23.4,45.0,45.0,incoming,medium,sandy,3,urban,1,0,0,6.4,18.0,0.21,0.61,0.96,1.18,1.86,99.9,114.5,85.9,170,-43.8057,172.9663,6,24,5,1,10,0,Alongshore,Alongshore,Alongshore,47.4,0.0
275,Akaroa at main beach,2024-07-03 13:00:00,Akaroa,0.0,0.4,3.0,6.0,33.6,35.8,incoming,medium,sandy,3,urban,1,0,0,3.4,38.0,2.65,2.35,2.22,0.13,2.25,209.3,205.5,209.5,170,-43.8057,172.9663,7,27,2,0,13,0,Offshore,Offshore,Offshore,58.0,0.0
276,Akaroa at main beach,2024-07-16 12:00:00,Akaroa,0.0,0.0,0.0,6.8,17.4,17.6,ebbing,medium,sandy,3,urban,1,0,0,2.4,22.0,0.22,0.16,0.18,11.85,1.79,90.1,67.7,357.0,170,-43.8057,172.9663,7,29,1,0,12,0,Alongshore,Alongshore,Onshore,31.2,0.0
277,Akaroa at main beach,2024-07-31 13:00:00,Akaroa,1.2,2.4,4.0,19.0,106.8,108.6,ebbing,medium,sandy,3,urban,1,0,0,12.0,40.0,0.74,0.42,0.61,11.9,1.95,85.2,70.6,117.6,170,-43.8057,172.9663,7,31,2,0,13,0,Alongshore,Alongshore,Alongshore,37.4,0.0
278,Akaroa at main beach,2024-09-17 13:00:00,Akaroa,0.0,1.0,1.6,19.4,19.4,19.4,incoming,medium,sandy,3,urban,1,0,0,5.6,12.0,3.42,2.24,1.94,1.98,2.43,199.1,207.5,218.7,170,-43.8057,172.9663,9,38,1,0,13,0,Offshore,Offshore,Alongshore,87.2,0.0
279,Cass Bay at boat ramp,2013-11-12 10:00:00,Lyttelton,0.0,0.0,0.0,0.0,0.0,0.0,incoming,medium,stony,6,urban,1,0,0,0.0,0.0,2.47,3.17,3.54,1.98,2.37,219.5,218.4,225.7,15,-43.6055,172.6939,11,46,1,0,10,0,Onshore,Onshore,Onshore,,0.0
280,Cass Bay at boat ramp,2013-11-25 09:00:00,Lyttelton,0.0,0.0,0.0,0.0,0.0,0.8,incoming,medium,stony,6,urban,1,0,0,0.0,0.0,2.61,5.48,6.84,0.43,2.09,220.0,218.2,209.4,15,-43.6055,172.6939,11,48,0,0,9,0,Onshore,Onshore,Onshore,10.0,0.0
281,Cass Bay at boat ramp,2013-12-02 15:00:00,Lyttelton,0.0,0.0,0.0,0.0,0.0,0.0,incoming,medium,stony,6,urban,1,0,0,0.0,0.0,4.17,5.12,5.83,0.28,2.25,70.4,70.8,62.5,15,-43.6055,172.6939,12,49,0,0,15,0,Alongshore,Alongshore,Alongshore,10.0,0.0
282,Cass Bay at boat ramp,2013-12-09 09:00:00,Lyttelton,0.0,0.0,0.0,1.6,1.6,1.6,incoming,medium,stony,6,urban,1,0,0,0.8,3.0,6.13,5.08,4.73,1.05,2.5,210.6,217.9,217.7,15,-43.6055,172.6939,12,50,0,0,9,0,Onshore,Onshore,Onshore,10.0,0.0
283,Cass Bay at boat ramp,2013-12-16 16:00:00,Lyttelton,0.0,0.0,0.0,0.0,0.0,0.0,ebbing,medium,stony,6,urban,1,0,0,0.0,0.0,1.18,0.92,4.06,12.27,2.28,60.1,144.1,164.2,15,-43.6055,172.6939,12,51,0,0,16,0,Alongshore,Alongshore,Onshore,10.0,0.0
284,Cass Bay at boat ramp,2013-12-22 08:00:00,Lyttelton,0.0,1.6,1.8,1.8,1.8,2.0,incoming,medium,stony,6,urban,1,0,0,0.8,3.0,4.85,2.27,1.52,0.13,2.19,211.5,226.0,213.4,15,-43.6055,172.6939,12,51,6,1,8,1,Onshore,Onshore,Onshore,10.0,0.0
285,Cass Bay at boat ramp,2014-01-06 08:00:00,Lyttelton,0.0,0.0,0.0,0.4,0.4,0.4,ebbing,medium,stony,6,urban,1,0,0,0.4,1.0,4.03,2.93,3.1,12.42,2.34,175.9,182.6,275.7,15,-43.6055,172.6939,1,2,0,0,8,0,Onshore,Onshore,Alongshore,14.2,0.0
286,Cass Bay at boat ramp,2014-01-13 14:00:00,Lyttelton,0.0,0.0,0.0,0.0,0.0,0.0,ebbing,medium,stony,6,urban,1,0,0,0.0,0.0,2.73,2.58,0.58,12.48,2.22,34.0,208.1,210.7,15,-43.6055,172.6939,1,3,0,0,14,0,Offshore,Onshore,Onshore,14.2,0.0
287,Cass Bay at boat ramp,2014-01-20 08:00:00,Lyttelton,0.0,0.0,0.0,0.0,0.0,0.0,ebbing,medium,stony,6,urban,1,0,0,0.0,0.0,2.08,3.27,4.28,11.97,1.95,31.2,33.7,358.3,15,-43.6055,172.6939,1,4,0,0,8,0,Offshore,Offshore,Offshore,14.2,0.0
288,Cass Bay at boat ramp,2014-01-28 13:00:00,Lyttelton,0.0,0.0,0.0,0.0,3.4,3.4,incoming,medium,stony,6,urban,1,0,0,1.0,9.0,0.63,1.82,2.22,0.95,2.21,91.5,103.1,101.7,15,-43.6055,172.6939,1,5,1,0,13,0,Alongshore,Alongshore,Alongshore,31.6,0.0
289,Cass Bay at boat ramp,2014-02-03 07:00:00,Lyttelton,0.0,0.0,0.0,0.0,0.2,0.6,ebbing,medium,stony,6,urban,1,0,0,0.2,1.0,1.35,0.75,1.02,12.07,2.41,39.8,5.9,24.9,15,-43.6055,172.6939,2,6,0,0,7,1,Offshore,Offshore,Offshore,31.6,0.0
290,Cass Bay at boat ramp,2014-02-10 14:00:00,Lyttelton,0.0,0.0,0.0,0.0,0.0,0.0,ebbing,medium,stony,6,urban,1,0,0,0.0,0.0,3.4,1.16,2.05,11.4,2.17,85.4,165.9,186.1,15,-43.6055,172.6939,2,7,0,0,14,0,Alongshore,Onshore,Onshore,27.4,0.0
291,Cass Bay at boat ramp,2014-02-17 07:00:00,Lyttelton,0.0,0.0,0.0,0.0,0.0,0.2,ebbing,medium,stony,6,urban,1,0,0,0.0,0.0,6.46,6.54,7.01,11.42,2.02,62.8,57.6,50.2,15,-43.6055,172.6939,2,8,0,0,7,0,Alongshore,Offshore,Offshore,27.4,0.0
292,Cass Bay at boat ramp,2014-02-24 10:00:00,Lyttelton,0.0,0.0,0.0,2.0,9.2,9.2,incoming,medium,stony,6,urban,1,0,0,5.6,6.0,2.26,3.96,6.55,1.58,2.1,50.8,43.5,28.0,15,-43.6055,172.6939,2,9,0,0,10,0,Offshore,Offshore,Offshore,27.4,0.0
293,Cass Bay at boat ramp,2014-11-18 14:00:00,Lyttelton,0.0,0.0,0.0,0.0,0.0,0.0,ebbing,medium,stony,6,urban,1,0,0,0.0,0.0,2.44,2.31,5.94,11.73,2.02,61.6,97.8,259.4,15,-43.6055,172.6939,11,47,1,0,14,0,Alongshore,Alongshore,Alongshore,,0.0
294,Cass Bay at boat ramp,2014-11-24 17:00:00,Lyttelton,0.0,0.0,0.0,0.0,0.6,0.6,incoming,medium,stony,6,urban,1,0,0,0.6,1.0,4.71,8.59,8.45,0.82,2.15,55.3,53.5,54.7,15,-43.6055,172.6939,11,48,0,0,17,0,Offshore,Offshore,Offshore,10.0,0.0
295,Cass Bay at boat ramp,2014-12-08 18:00:00,Lyttelton,0.0,0.0,0.0,0.0,0.0,0.0,ebbing,medium,stony,6,urban,1,0,0,0.0,0.0,4.87,5.78,6.15,12.25,2.39,57.2,55.0,54.5,15,-43.6055,172.6939,12,50,0,0,18,0,Offshore,Offshore,Offshore,10.0,0.0
296,Cass Bay at boat ramp,2014-12-15 12:00:00,Lyttelton,0.0,0.0,0.0,0.0,0.0,1.0,ebbing,medium,stony,6,urban,1,0,0,0.0,0.0,3.93,4.64,5.16,11.27,1.94,66.3,62.0,53.2,15,-43.6055,172.6939,12,51,0,0,12,0,Alongshore,Alongshore,Offshore,10.0,0.0
297,Cass Bay at boat ramp,2014-12-22 16:00:00,Lyttelton,0.0,0.0,0.0,7.4,7.4,7.8,ebbing,medium,stony,6,urban,1,0,0,3.4,7.0,4.4,5.9,7.7,12.52,2.51,55.3,59.7,54.7,15,-43.6055,172.6939,12,52,0,0,16,1,Offshore,Offshore,Offshore,10.0,0.0
298,Cass Bay at boat ramp,2014-12-29 10:00:00,Lyttelton,0.0,0.0,0.0,0.0,1.4,1.4,incoming,medium,stony,6,urban,1,0,0,1.4,1.0,3.51,5.23,6.14,0.67,2.4,62.7,55.3,39.7,15,-43.6055,172.6939,12,1,0,0,10,1,Alongshore,Offshore,Offshore,10.0,0.0
299,Cass Bay at boat ramp,2015-01-06 06:00:00,Lyttelton,0.0,0.0,0.0,0.0,0.0,0.0,ebbing,medium,stony,6,urban,1,0,0,0.0,0.0,1.33,1.29,1.34,11.48,2.06,295.0,288.9,336.9,15,-43.6055,172.6939,1,2,1,0,6,0,Alongshore,Alongshore,Offshore,10.0,0.0
300,Cass Bay at boat ramp,2015-01-12 10:00:00,Lyttelton,0.0,0.0,0.0,0.0,0.0,0.0,ebbing,medium,stony,6,urban,1,0,0,0.0,0.0,3.97,2.42,1.64,12.08,1.94,276.6,247.5,235.4,15,-43.6055,172.6939,1,3,0,0,10,0,Alongshore,Alongshore,Onshore,10.0,0.0
301,Cass Bay at boat ramp,2015-01-19 16:00:00,Lyttelton,0.0,0.0,0.0,0.0,0.0,0.0,ebbing,medium,stony,6,urban,1,0,0,0.0,0.0,4.54,6.21,7.1,12.12,2.51,307.8,301.6,316.6,15,-43.6055,172.6939,1,4,0,0,16,0,Alongshore,Alongshore,Alongshore,10.0,0.0
302,Cass Bay at boat ramp,2015-01-21 09:00:00,Lyttelton,0.0,0.2,0.4,0.4,0.4,0.4,ebbing,medium,stony,6,urban,1,0,0,0.2,2.0,0.55,0.86,1.73,7.8,2.33,83.0,54.1,354.7,15,-43.6055,172.6939,1,4,2,0,9,0,Alongshore,Offshore,Offshore,73.4,0.1
303,Cass Bay at boat ramp,2015-01-26 09:00:00,Lyttelton,0.0,0.0,0.0,0.0,0.0,0.0,incoming,medium,stony,6,urban,1,0,0,0.0,0.0,10.01,10.18,10.16,0.23,2.47,46.7,46.3,46.4,15,-43.6055,172.6939,1,5,0,0,9,0,Offshore,Offshore,Offshore,84.0,0.09090909090909091
304,Cass Bay at boat ramp,2015-02-02 16:00:00,Lyttelton,0.0,0.0,0.0,0.0,0.0,1.8,ebbing,medium,stony,6,urban,1,0,0,0.0,0.0,3.23,6.9,6.91,12.22,2.29,293.8,303.4,324.3,15,-43.6055,172.6939,2,6,0,0,16,1,Alongshore,Alongshore,Alongshore,84.0,0.08333333333333333
305,Cass Bay at boat ramp,2015-02-09 09:00:00,Lyttelton,0.0,0.0,0.0,0.0,0.0,0.0,ebbing,medium,stony,6,urban,1,0,0,0.0,0.0,3.16,5.65,9.05,11.93,1.98,306.3,310.8,313.6,15,-43.6055,172.6939,2,7,0,0,9,1,Alongshore,Alongshore,Alongshore,84.0,0.07692307692307693
306,Cass Bay at boat ramp,2015-02-16 13:00:00,Lyttelton,0.0,0.0,0.0,0.0,0.0,0.0,incoming,medium,stony,6,urban,1,0,0,0.0,0.0,1.86,2.79,3.94,0.43,2.16,63.9,66.7,48.9,15,-43.6055,172.6939,2,8,0,0,13,0,Alongshore,Alongshore,Offshore,84.0,0.07142857142857142
307,Cass Bay at boat ramp,2015-02-23 08:00:00,Lyttelton,0.0,0.4,0.8,0.8,3.0,3.0,ebbing,medium,stony,6,urban,1,0,0,1.6,6.0,2.54,1.93,1.63,12.25,2.45,231.8,211.5,215.8,15,-43.6055,172.6939,2,9,0,0,8,0,Onshore,Onshore,Onshore,20.6,0.06666666666666667
308,Cass Bay at boat ramp,2015-11-17 09:00:00,Lyttelton,0.0,0.0,0.0,0.0,0.0,0.0,ebbing,medium,stony,6,urban,1,0,0,0.0,0.0,1.63,4.73,6.65,11.57,2.0,250.0,254.1,268.2,15,-43.6055,172.6939,11,47,1,0,9,0,Alongshore,Alongshore,Alongshore,,0.0
309,Cass Bay at boat ramp,2015-11-23 14:00:00,Lyttelton,0.0,0.0,0.0,0.0,0.0,0.0,ebbing,medium,stony,6,urban,1,0,0,0.0,0.0,3.02,3.3,3.37,12.22,2.45,339.1,55.6,55.0,15,-43.6055,172.6939,11,48,0,0,14,0,Offshore,Offshore,Offshore,10.0,0.0
310,Cass Bay at boat ramp,2015-11-30 08:00:00,Lyttelton,0.0,0.0,0.0,0.0,0.8,0.8,ebbing,medium,stony,6,urban,1,0,0,0.4,2.0,8.01,7.75,7.48,11.77,2.16,72.3,71.6,66.6,15,-43.6055,172.6939,11,49,0,0,8,0,Alongshore,Alongshore,Alongshore,10.0,0.0
311,Cass Bay at boat ramp,2015-12-10 15:00:00,Lyttelton,0.0,0.0,0.0,0.0,0.0,1.4,incoming,medium,stony,6,urban,1,0,0,0.0,0.0,2.8,4.91,5.16,0.37,2.0,67.4,68.8,65.3,15,-43.6055,172.6939,12,50,3,0,15,0,Alongshore,Alongshore,Alongshore,13.333333333333334,0.0
312,Cass Bay at boat ramp,2015-12-14 06:00:00,Lyttelton,0.2,0.2,0.2,8.2,8.2,8.2,incoming,medium,stony,6,urban,1,0,0,4.6,5.0,0.64,0.64,0.7,0.08,2.34,327.9,328.8,304.7,15,-43.6055,172.6939,12,51,0,0,6,0,Alongshore,Alongshore,Alongshore,12.5,0.0
313,Cass Bay at boat ramp,2015-12-23 14:00:00,Lyttelton,0.0,0.0,0.0,0.4,1.8,1.8,incoming,medium,stony,6,urban,1,0,0,0.8,5.0,0.93,0.05,3.73,0.4,2.29,65.3,200.4,263.0,15,-43.6055,172.6939,12,52,2,0,14,1,Alongshore,Onshore,Alongshore,12.0,0.0
314,Cass Bay at boat ramp,2016-01-05 13:00:00,Lyttelton,0.0,0.0,0.0,0.0,0.2,15.2,ebbing,medium,stony,6,urban,1,0,0,0.2,1.0,3.39,4.41,6.81,12.6,2.05,77.4,77.7,79.3,15,-43.6055,172.6939,1,1,1,0,13,1,Alongshore,Alongshore,Alongshore,12.0,0.0
315,Cass Bay at boat ramp,2016-01-11 16:00:00,Lyttelton,0.0,0.0,0.0,0.0,0.0,0.0,incoming,medium,stony,6,urban,1,0,0,0.0,0.0,8.25,11.67,12.74,0.98,2.13,78.0,78.4,73.3,15,-43.6055,172.6939,1,2,0,0,16,0,Alongshore,Alongshore,Alongshore,12.0,0.0
316,Cass Bay at boat ramp,2016-01-18 11:00:00,Lyttelton,1.6,2.4,2.4,2.6,2.8,15.4,incoming,medium,stony,6,urban,1,0,0,0.8,6.0,5.28,5.74,4.73,0.45,2.3,52.0,54.6,49.7,15,-43.6055,172.6939,1,3,0,0,11,0,Offshore,Offshore,Offshore,10.0,0.0
317,Cass Bay at boat ramp,2016-01-25 17:00:00,Lyttelton,0.0,0.0,0.0,0.0,0.0,0.0,incoming,medium,stony,6,urban,1,0,0,0.0,0.0,0.9,1.79,1.66,0.72,2.15,47.1,317.0,13.4,15,-43.6055,172.6939,1,4,0,0,17,0,Offshore,Alongshore,Offshore,10.0,0.0
318,Cass Bay at boat ramp,2016-02-02 11:00:00,Lyttelton,0.0,0.0,0.0,0.0,0.0,0.0,incoming,medium,stony,6,urban,1,0,0,0.0,0.0,0.33,1.4,3.79,0.53,1.94,79.6,85.4,273.7,15,-43.6055,172.6939,2,5,1,0,11,1,Alongshore,Alongshore,Alongshore,10.0,0.0
319,Cass Bay at boat ramp,2016-02-09 16:00:00,Lyttelton,0.0,0.0,0.0,0.0,0.0,0.0,incoming,medium,stony,6,urban,1,0,0,0.0,0.0,0.26,3.76,7.22,0.85,2.26,260.8,256.0,45.2,15,-43.6055,172.6939,2,6,1,0,16,1,Alongshore,Alongshore,Offshore,10.0,0.0
320,Cass Bay at boat ramp,2016-02-15 11:00:00,Lyttelton,0.0,0.0,0.0,0.0,0.0,0.0,ebbing,medium,stony,6,urban,1,0,0,0.0,0.0,0.49,1.06,2.36,11.85,2.36,76.2,75.3,35.8,15,-43.6055,172.6939,2,7,0,0,11,0,Alongshore,Alongshore,Offshore,10.0,0.0
321,Cass Bay at boat ramp,2016-02-22 16:00:00,Lyttelton,0.0,0.0,0.0,0.0,0.0,0.0,incoming,medium,stony,6,urban,1,0,0,0.0,0.0,4.98,7.51,8.81,0.77,2.12,75.1,71.9,72.6,15,-43.6055,172.6939,2,8,0,0,16,0,Alongshore,Alongshore,Alongshore,10.0,0.0
322,Cass Bay at boat ramp,2016-02-29 11:00:00,Lyttelton,0.0,0.0,0.0,0.0,0.0,0.0,ebbing,medium,stony,6,urban,1,0,0,0.0,0.0,6.47,8.36,6.85,10.9,2.01,231.8,237.8,252.5,15,-43.6055,172.6939,2,9,0,0,11,0,Onshore,Onshore,Alongshore,10.0,0.0
323,Cass Bay at boat ramp,2016-11-21 11:00:00,Lyttelton,0.0,0.0,0.0,0.0,0.0,0.0,ebbing,medium,stony,6,urban,1,0,0,0.0,0.0,1.26,2.76,3.84,11.7,2.14,68.9,63.4,63.3,15,-43.6055,172.6939,11,47,0,0,11,0,Alongshore,Alongshore,Alongshore,,0.0
324,Cass Bay at boat ramp,2016-11-28 15:00:00,Lyttelton,0.0,0.0,0.0,0.0,0.0,0.0,incoming,medium,stony,6,urban,1,0,0,0.0,0.0,1.87,4.22,10.23,0.87,2.04,74.4,86.2,162.2,15,-43.6055,172.6939,11,48,0,0,15,0,Alongshore,Alongshore,Onshore,10.0,0.0
325,Cass Bay at boat ramp,2016-12-05 08:00:00,Lyttelton,0.0,0.0,0.0,0.0,0.0,0.8,incoming,medium,stony,6,urban,1,0,0,0.0,0.0,3.84,3.22,4.46,0.53,2.19,67.9,63.4,58.3,15,-43.6055,172.6939,12,49,0,0,8,0,Alongshore,Alongshore,Offshore,10.0,0.0
326,Cass Bay at boat ramp,2016-12-12 14:00:00,Lyttelton,0.2,1.0,5.6,6.2,9.2,9.2,incoming,medium,stony,6,urban,1,0,0,2.2,15.0,7.35,10.75,13.08,0.13,2.38,217.8,228.2,232.9,15,-43.6055,172.6939,12,50,0,0,14,0,Onshore,Onshore,Onshore,10.0,0.0
327,Cass Bay at boat ramp,2016-12-19 08:00:00,Lyttelton,0.0,0.0,0.0,0.0,0.0,0.0,incoming,medium,stony,6,urban,1,0,0,0.0,0.0,1.05,2.26,6.71,0.6,2.47,59.7,55.1,337.2,15,-43.6055,172.6939,12,51,0,0,8,0,Offshore,Offshore,Offshore,17.75,0.0
328,Cass Bay at boat ramp,2016-12-28 15:00:00,Lyttelton,0.0,0.0,0.0,0.0,0.0,0.0,incoming,medium,stony,6,urban,1,0,0,0.0,0.0,7.92,9.8,9.71,1.17,1.97,72.1,71.9,66.0,15,-43.6055,172.6939,12,52,2,0,15,1,Alongshore,Alongshore,Alongshore,16.2,0.0
329,Cass Bay at boat ramp,2017-01-04 08:00:00,Lyttelton,0.0,0.0,0.4,1.2,1.2,1.2,incoming,medium,stony,6,urban,1,0,0,0.4,5.0,4.85,3.44,0.73,0.67,2.28,320.0,264.4,255.7,15,-43.6055,172.6939,1,1,2,0,8,1,Alongshore,Alongshore,Alongshore,16.2,0.0
330,Cass Bay at boat ramp,2017-01-09 15:00:00,Lyttelton,0.0,0.0,0.0,0.0,3.4,15.0,ebbing,medium,stony,6,urban,1,0,0,1.4,8.0,1.75,7.21,9.16,11.32,2.46,77.5,68.8,46.5,15,-43.6055,172.6939,1,2,0,0,15,0,Alongshore,Alongshore,Offshore,16.2,0.0
331,Cass Bay at boat ramp,2017-01-16 08:00:00,Lyttelton,0.0,0.0,0.0,0.0,0.6,0.6,ebbing,medium,stony,6,urban,1,0,0,0.6,1.0,0.92,4.59,6.42,12.03,2.22,70.1,55.7,323.0,15,-43.6055,172.6939,1,3,0,0,8,0,Alongshore,Offshore,Alongshore,16.2,0.0
332,Cass Bay at boat ramp,2017-01-24 15:00:00,Lyttelton,0.0,0.0,0.0,0.0,4.2,13.4,ebbing,medium,stony,6,urban,1,0,0,1.2,9.0,9.39,10.32,11.31,11.82,2.13,72.9,75.5,75.7,15,-43.6055,172.6939,1,4,1,0,15,0,Alongshore,Alongshore,Alongshore,10.0,0.0
333,Cass Bay at boat ramp,2017-01-30 07:00:00,Lyttelton,0.0,0.0,0.0,0.0,0.0,0.0,ebbing,medium,stony,6,urban,1,0,0,0.0,0.0,0.46,3.84,6.0,11.52,2.09,60.0,66.5,33.8,15,-43.6055,172.6939,1,5,0,0,7,0,Alongshore,Alongshore,Offshore,10.0,0.0
334,Cass Bay at boat ramp,2017-02-07 14:00:00,Lyttelton,0.0,0.0,0.0,0.3,0.3,0.3,ebbing,medium,stony,6,urban,1,0,0,0.2,2.0,0.58,2.07,3.47,11.98,2.43,58.2,105.1,225.9,15,-43.6055,172.6939,2,6,1,0,14,1,Offshore,Alongshore,Onshore,10.0,0.0
335,Cass Bay at boat ramp,2017-02-13 07:00:00,Lyttelton,0.0,0.0,0.0,0.0,0.0,0.0,ebbing,medium,stony,6,urban,1,0,0,0.0,0.0,2.22,3.1,4.05,11.6,2.24,59.8,43.8,13.2,15,-43.6055,172.6939,2,7,0,0,7,0,Offshore,Offshore,Offshore,10.0,0.0
336,Cass Bay at boat ramp,2017-02-20 11:00:00,Lyttelton,0.0,0.0,0.0,0.0,0.8,2.8,incoming,medium,stony,6,urban,1,0,0,0.2,4.0,8.91,8.0,8.12,1.03,1.93,67.3,71.1,70.6,15,-43.6055,172.6939,2,8,0,0,11,0,Alongshore,Alongshore,Alongshore,10.0,0.0
337,Cass Bay at boat ramp,2017-03-02 07:00:00,Lyttelton,0.0,0.0,0.0,0.0,0.0,0.0,incoming,medium,stony,6,urban,1,0,0,0.0,0.0,1.46,0.8,0.89,0.32,2.41,263.0,339.4,300.1,15,-43.6055,172.6939,3,9,3,0,7,0,Alongshore,Offshore,Alongshore,10.0,0.0
338,Cass Bay at boat ramp,2017-11-23 07:00:00,Lyttelton,0.0,0.0,0.0,0.0,0.0,0.0,incoming,medium,stony,6,urban,1,0,0,0.0,0.0,0.69,0.22,1.93,0.32,2.18,130.4,183.1,73.8,15,-43.6055,172.6939,11,47,3,0,7,0,Alongshore,Onshore,Alongshore,,0.0
339,Cass Bay at boat ramp,2017-11-29 12:00:00,Lyttelton,0.0,0.0,0.0,0.0,0.0,0.0,incoming,medium,stony,6,urban,1,0,0,0.0,0.0,2.51,3.61,5.17,0.05,2.16,73.9,74.9,73.1,15,-43.6055,172.6939,11,48,2,0,12,0,Alongshore,Alongshore,Alongshore,10.0,0.0
340,Cass Bay at boat ramp,2017-12-06 07:00:00,Lyttelton,0.0,0.0,0.0,0.0,0.0,0.0,ebbing,medium,stony,6,urban,1,0,0,0.0,0.0,1.77,1.03,1.06,11.88,2.36,72.2,55.1,29.4,15,-43.6055,172.6939,12,49,2,0,7,0,Alongshore,Offshore,Offshore,10.0,0.0
341,Cass Bay at boat ramp,2017-12-13 13:00:00,Lyttelton,0.0,0.0,1.2,1.2,1.2,1.2,ebbing,medium,stony,6,urban,1,0,0,0.6,2.0,7.4,9.31,10.23,12.55,2.16,69.5,64.9,58.5,15,-43.6055,172.6939,12,50,2,0,13,0,Alongshore,Alongshore,Offshore,10.0,0.0
342,Cass Bay at boat ramp,2017-12-20 07:00:00,Lyttelton,0.0,0.0,0.0,0.0,0.0,0.2,ebbing,medium,stony,6,urban,1,0,0,0.0,0.0,13.14,14.29,13.06,11.63,1.95,227.5,227.5,228.5,15,-43.6055,172.6939,12,51,2,0,7,1,Onshore,Onshore,Onshore,10.0,0.0
343,Cass Bay at boat ramp,2017-12-28 11:00:00,Lyttelton,0.0,0.0,0.0,0.2,3.8,5.4,incoming,medium,stony,6,urban,1,0,0,1.0,8.0,3.78,3.82,4.74,0.55,2.17,219.6,232.2,228.3,15,-43.6055,172.6939,12,52,3,0,11,1,Onshore,Onshore,Onshore,10.0,0.0
344,Cass Bay at boat ramp,2018-01-10 13:00:00,Lyttelton,1.6,2.0,3.0,3.0,3.0,3.0,ebbing,medium,stony,6,urban,1,0,0,1.0,7.0,8.65,9.27,8.88,10.92,2.15,249.2,257.3,261.7,15,-43.6055,172.6939,1,2,2,0,13,0,Alongshore,Alongshore,Alongshore,10.0,0.0
345,Cass Bay at boat ramp,2018-01-15 14:00:00,Lyttelton,0.0,0.0,0.0,0.0,0.0,0.2,incoming,medium,stony,6,urban,1,0,0,0.0,0.0,9.46,12.16,12.17,1.83,1.96,73.5,71.4,67.7,15,-43.6055,172.6939,1,3,0,0,14,0,Alongshore,Alongshore,Alongshore,67.2,0.125
346,Cass Bay at boat ramp,2018-01-24 12:00:00,Lyttelton,0.0,0.0,0.0,0.0,0.0,0.0,ebbing,medium,stony,6,urban,1,0,0,0.0,0.0,0.61,0.89,3.01,10.5,2.07,79.6,79.9,276.3,15,-43.6055,172.6939,1,4,2,0,12,0,Alongshore,Alongshore,Alongshore,67.2,0.1111111111111111
347,Cass Bay at boat ramp,2018-02-02 10:00:00,Lyttelton,0.4,1.0,2.2,2.2,2.2,2.2,ebbing,medium,stony,6,urban,1,0,0,0.6,8.0,10.74,10.9,11.23,7.58,2.38,240.3,242.0,245.1,15,-43.6055,172.6939,2,5,4,0,10,1,Alongshore,Alongshore,Alongshore,67.2,0.1
348,Cass Bay at boat ramp,2018-02-05 07:00:00,Lyttelton,0.0,0.0,0.0,0.0,1.2,1.8,incoming,medium,stony,6,urban,1,0,0,0.6,3.0,3.12,1.33,1.3,0.83,2.46,8.8,34.2,309.0,15,-43.6055,172.6939,2,6,0,0,7,1,Offshore,Offshore,Alongshore,302.6,0.18181818181818182
349,Cass Bay at boat ramp,2018-02-07 07:00:00,Lyttelton,0.0,0.4,0.4,0.4,0.4,0.4,incoming,medium,stony,6,urban,1,0,0,0.4,1.0,1.95,1.53,1.03,2.72,2.23,103.6,79.3,44.9,15,-43.6055,172.6939,2,6,2,0,7,1,Alongshore,Alongshore,Offshore,302.6,0.16666666666666666
350,Cass Bay at boat ramp,2018-02-14 14:00:00,Lyttelton,0.0,0.0,0.0,0.0,0.0,0.6,incoming,medium,stony,6,urban,1,0,0,0.0,0.0,7.1,8.2,8.03,1.4,1.95,236.2,242.7,243.7,15,-43.6055,172.6939,2,7,2,0,14,0,Onshore,Alongshore,Alongshore,245.4,0.15384615384615385
351,Cass Bay at boat ramp,2018-02-27 15:00:00,Lyttelton,0.0,0.0,0.0,0.0,3.4,3.4,ebbing,medium,stony,6,urban,1,0,0,1.2,6.0,2.77,5.65,7.18,11.33,2.52,77.6,75.5,79.1,15,-43.6055,172.6939,2,9,1,0,15,0,Alongshore,Alongshore,Alongshore,245.4,0.14285714285714285
352,Cass Bay at boat ramp,2018-03-14 15:00:00,Lyttelton,0.0,0.0,0.0,0.0,0.0,0.0,ebbing,medium,stony,6,urban,1,0,0,0.0,0.0,3.73,7.46,9.19,11.98,2.17,76.5,79.3,80.0,15,-43.6055,172.6939,3,11,2,0,15,0,Alongshore,Alongshore,Alongshore,245.4,0.13333333333333333
353,Cass Bay at boat ramp,2018-03-20 10:00:00,Lyttelton,0.0,0.0,0.0,0.0,0.0,0.0,ebbing,medium,stony,6,urban,1,0,0,0.0,0.0,6.3,5.76,6.37,8.55,2.21,65.2,58.7,59.2,15,-43.6055,172.6939,3,12,1,0,10,0,Alongshore,Offshore,Offshore,10.0,0.125
354,Cass Bay at boat ramp,2018-11-13 10:00:00,Lyttelton,0.0,0.0,0.0,0.0,0.0,0.0,ebbing,medium,stony,6,urban,1,0,0,0.0,0.0,3.86,5.03,7.05,10.6,1.95,252.7,253.7,255.1,15,-43.6055,172.6939,11,46,1,0,10,0,Alongshore,Alongshore,Alongshore,,0.0
355,Cass Bay at boat ramp,2018-11-19 14:00:00,Lyttelton,0.0,0.2,0.2,1.2,1.2,1.2,ebbing,medium,stony,6,urban,1,0,0,0.6,4.0,4.14,5.22,6.61,11.67,2.01,239.2,239.5,240.4,15,-43.6055,172.6939,11,47,0,0,14,0,Onshore,Onshore,Alongshore,10.0,0.0
356,Cass Bay at boat ramp,2018-11-29 11:00:00,Lyttelton,0.0,0.0,0.0,1.4,5.0,5.0,ebbing,medium,stony,6,urban,1,0,0,1.6,12.0,6.5,7.0,7.02,11.17,2.19,76.1,75.3,76.6,15,-43.6055,172.6939,11,48,3,0,11,0,Alongshore,Alongshore,Alongshore,10.0,0.0
357,Cass Bay at boat ramp,2018-12-03 14:00:00,Lyttelton,0.0,0.2,0.2,0.6,1.2,1.6,ebbing,medium,stony,6,urban,1,0,0,0.2,6.0,10.03,10.27,10.58,11.17,2.26,69.0,66.8,66.0,15,-43.6055,172.6939,12,49,0,0,14,0,Alongshore,Alongshore,Alongshore,10.0,0.0
358,Cass Bay at boat ramp,2018-12-05 09:00:00,Lyttelton,0.2,1.0,1.2,1.2,1.4,2.4,incoming,medium,stony,6,urban,1,0,0,0.6,5.0,5.84,3.12,3.57,5.83,2.21,282.5,299.4,302.9,15,-43.6055,172.6939,12,49,2,0,9,0,Alongshore,Alongshore,Alongshore,44.0,0.0
359,Cass Bay at boat ramp,2018-12-11 08:00:00,Lyttelton,0.0,0.0,0.0,0.0,0.0,0.0,ebbing,medium,stony,6,urban,1,0,0,0.0,0.0,5.96,6.46,7.01,11.98,1.96,62.2,59.4,59.3,15,-43.6055,172.6939,12,50,1,0,8,0,Alongshore,Offshore,Offshore,37.2,0.0
360,Cass Bay at boat ramp,2018-12-17 13:00:00,Lyttelton,0.0,0.0,0.0,0.0,0.0,0.0,ebbing,medium,stony,6,urban,1,0,0,0.0,0.0,6.65,6.82,8.39,11.08,1.97,80.3,80.6,71.8,15,-43.6055,172.6939,12,51,0,0,13,0,Alongshore,Alongshore,Alongshore,37.2,0.0
361,Cass Bay at boat ramp,2018-12-28 08:00:00,Lyttelton,0.0,0.0,0.0,0.0,0.0,0.2,incoming,medium,stony,6,urban,1,0,0,0.0,0.0,4.79,5.92,7.27,1.23,2.55,66.3,67.8,61.8,15,-43.6055,172.6939,12,52,4,0,8,1,Alongshore,Alongshore,Alongshore,37.2,0.0
362,Cass Bay at boat ramp,2019-01-09 07:00:00,Lyttelton,0.0,0.0,0.0,0.0,0.0,6.2,ebbing,medium,stony,6,urban,1,0,0,0.0,0.0,8.56,9.67,10.07,12.05,1.95,63.2,63.8,59.5,15,-43.6055,172.6939,1,2,2,0,7,0,Alongshore,Alongshore,Offshore,37.2,0.0
363,Cass Bay at boat ramp,2019-01-15 12:00:00,Lyttelton,0.0,0.0,0.0,0.0,14.2,14.2,ebbing,medium,stony,6,urban,1,0,0,5.2,11.0,6.64,6.7,6.73,11.35,2.01,224.6,224.3,233.8,15,-43.6055,172.6939,1,3,1,0,12,0,Onshore,Onshore,Onshore,12.0,0.0
364,Cass Bay at boat ramp,2019-01-24 06:00:00,Lyttelton,0.0,0.0,1.2,3.0,3.2,3.2,incoming,medium,stony,6,urban,1,0,0,1.8,5.0,9.5,5.71,4.91,0.47,2.68,245.1,249.4,234.0,15,-43.6055,172.6939,1,4,3,0,6,0,Alongshore,Alongshore,Onshore,12.0,0.0
365,Cass Bay at boat ramp,2019-01-29 11:00:00,Lyttelton,0.0,0.0,0.0,0.0,0.0,0.0,incoming,medium,stony,6,urban,1,0,0,0.0,0.0,7.55,9.14,10.63,0.67,2.2,72.2,71.7,59.3,15,-43.6055,172.6939,1,5,1,0,11,0,Alongshore,Alongshore,Offshore,12.0,0.0
366,Cass Bay at boat ramp,2019-02-14 12:00:00,Lyttelton,0.0,0.0,0.0,0.0,0.0,0.0,ebbing,medium,stony,6,urban,1,0,0,0.0,0.0,7.8,7.99,7.51,12.05,2.18,77.6,77.4,70.8,15,-43.6055,172.6939,2,7,3,0,12,0,Alongshore,Alongshore,Alongshore,12.0,0.0
367,Cass Bay at boat ramp,2019-02-18 15:00:00,Lyttelton,0.0,0.0,0.0,0.0,0.0,0.0,ebbing,medium,stony,6,urban,1,0,0,0.0,0.0,2.7,6.79,8.26,12.4,2.62,83.1,84.6,82.2,15,-43.6055,172.6939,2,8,0,0,15,0,Alongshore,Alongshore,Alongshore,12.0,0.0
368,Cass Bay at boat ramp,2019-02-28 10:00:00,Lyttelton,0.0,0.2,2.0,3.0,3.0,3.0,incoming,medium,stony,6,urban,1,0,0,0.8,6.0,10.25,12.06,10.58,1.73,2.03,226.2,228.0,234.7,15,-43.6055,172.6939,2,9,3,0,10,0,Onshore,Onshore,Onshore,10.0,0.0
369,Cass Bay at boat ramp,2019-11-18 09:00:00,Lyttelton,0.0,0.0,0.0,0.0,0.0,0.0,ebbing,medium,stony,6,urban,1,0,0,0.0,0.0,2.88,3.54,4.71,12.4,2.01,245.2,258.1,264.8,15,-43.6055,172.6939,11,47,0,0,9,0,Alongshore,Alongshore,Alongshore,,0.0
370,Cass Bay at boat ramp,2019-12-03 09:00:00,Lyttelton,0.0,0.0,0.0,0.0,0.0,0.0,incoming,medium,stony,6,urban,1,0,0,0.0,0.0,6.01,7.97,8.64,1.0,2.24,72.7,73.7,71.2,15,-43.6055,172.6939,12,49,1,0,9,0,Alongshore,Alongshore,Alongshore,10.0,0.0
371,Cass Bay at boat ramp,2019-12-10 15:00:00,Lyttelton,0.0,0.0,0.0,0.0,0.0,0.0,ebbing,medium,stony,6,urban,1,0,0,0.0,0.0,6.15,8.01,8.67,12.17,2.16,89.8,88.8,85.8,15,-43.6055,172.6939,12,50,1,0,15,0,Alongshore,Alongshore,Alongshore,10.0,0.0
372,Cass Bay at boat ramp,2019-12-18 08:00:00,Lyttelton,2.4,8.8,14.2,17.0,21.6,21.6,incoming,medium,stony,6,urban,1,0,0,2.8,28.0,13.44,13.24,13.03,0.88,2.43,244.5,243.2,246.5,15,-43.6055,172.6939,12,51,2,0,8,0,Alongshore,Alongshore,Alongshore,10.0,0.0
373,Cass Bay at boat ramp,2019-12-30 06:00:00,Lyttelton,0.0,0.0,0.0,0.0,0.0,0.0,incoming,medium,stony,6,urban,1,0,0,0.0,0.0,0.96,2.57,2.23,1.2,2.35,260.4,280.9,278.7,15,-43.6055,172.6939,12,1,0,0,6,1,Alongshore,Alongshore,Alongshore,15.25,0.0
374,Cass Bay at boat ramp,2020-01-07 14:00:00,Lyttelton,0.0,0.4,0.4,0.4,0.4,0.6,ebbing,medium,stony,6,urban,1,0,0,0.4,1.0,12.56,10.33,10.23,11.72,2.12,228.0,229.0,232.9,15,-43.6055,172.6939,1,2,1,0,14,0,Onshore,Onshore,Onshore,14.2,0.0
375,Cass Bay at boat ramp,2020-01-15 08:00:00,Lyttelton,0.0,0.0,0.0,0.0,1.0,1.0,incoming,medium,stony,6,urban,1,0,0,0.4,4.0,1.19,0.79,0.76,0.28,2.54,222.0,261.7,57.6,15,-43.6055,172.6939,1,3,2,0,8,0,Onshore,Alongshore,Offshore,14.2,0.0
376,Cass Bay at boat ramp,2020-01-21 14:00:00,Lyttelton,0.0,0.0,0.0,0.0,0.2,0.2,ebbing,medium,stony,6,urban,1,0,0,0.2,1.0,4.43,5.67,6.7,12.47,2.32,94.7,90.2,78.7,15,-43.6055,172.6939,1,4,1,0,14,0,Alongshore,Alongshore,Alongshore,14.2,0.0
377,Cass Bay at boat ramp,2020-01-28 07:00:00,Lyttelton,0.0,0.0,0.0,0.0,0.0,0.0,ebbing,medium,stony,6,urban,1,0,0,0.0,0.0,5.03,6.25,6.28,12.15,2.01,281.7,274.7,277.1,15,-43.6055,172.6939,1,5,1,0,7,0,Alongshore,Alongshore,Alongshore,14.2,0.0
378,Cass Bay at boat ramp,2020-02-05 14:00:00,Lyttelton,0.0,0.0,0.4,6.0,6.0,6.0,ebbing,medium,stony,6,urban,1,0,0,1.8,9.0,4.64,1.43,2.17,11.55,2.17,93.3,224.3,246.2,15,-43.6055,172.6939,2,6,2,0,14,1,Alongshore,Onshore,Alongshore,10.0,0.0
379,Cass Bay at boat ramp,2020-02-11 06:00:00,Lyttelton,0.0,0.0,0.0,0.0,0.0,0.8,ebbing,medium,stony,6,urban,1,0,0,0.0,0.0,1.04,2.54,2.7,12.05,2.34,277.5,272.1,291.6,15,-43.6055,172.6939,2,7,1,0,6,0,Alongshore,Alongshore,Alongshore,10.0,0.0
380,Cass Bay at boat ramp,2020-02-13 10:00:00,Lyttelton,0.0,0.0,0.0,0.0,0.0,0.0,ebbing,medium,stony,6,urban,1,0,0,0.0,0.0,4.06,4.77,4.47,9.88,2.37,258.5,263.0,263.2,15,-43.6055,172.6939,2,7,3,0,10,0,Alongshore,Alongshore,Alongshore,40.0,0.0
381,Cass Bay at boat ramp,2020-02-19 14:00:00,Lyttelton,0.0,0.0,0.0,0.0,0.0,0.0,ebbing,medium,stony,6,urban,1,0,0,0.0,0.0,1.39,3.38,6.51,11.47,2.27,84.1,82.9,95.2,15,-43.6055,172.6939,2,8,2,0,14,0,Alongshore,Alongshore,Alongshore,40.0,0.0
382,Cass Bay at boat ramp,2020-02-26 07:00:00,Lyttelton,0.0,0.0,0.0,0.0,0.0,0.0,ebbing,medium,stony,6,urban,1,0,0,0.0,0.0,5.98,5.69,5.07,11.8,2.03,75.0,72.7,69.9,15,-43.6055,172.6939,2,9,2,0,7,0,Alongshore,Alongshore,Alongshore,40.0,0.0
383,Cass Bay at boat ramp,2020-03-04 10:00:00,Lyttelton,0.0,0.0,0.0,1.2,1.2,1.2,incoming,medium,stony,6,urban,1,0,0,0.8,3.0,4.37,4.98,6.44,1.48,1.9,236.7,241.3,254.8,15,-43.6055,172.6939,3,10,2,0,10,0,Onshore,Alongshore,Alongshore,40.0,0.0
384,Cass Bay at boat ramp,2020-03-18 13:00:00,Lyttelton,0.0,0.0,0.0,0.0,0.0,0.0,ebbing,medium,stony,6,urban,1,0,0,0.0,0.0,1.83,4.21,6.55,11.4,2.25,90.6,90.0,88.1,15,-43.6055,172.6939,3,12,2,0,13,0,Alongshore,Alongshore,Alongshore,40.0,0.0
385,Cass Bay at boat ramp,2020-11-10 13:00:00,Lyttelton,0.0,0.0,0.0,0.0,0.0,20.0,ebbing,medium,stony,6,urban,1,0,0,0.0,0.0,1.85,0.78,1.45,11.27,2.08,55.3,310.6,280.3,15,-43.6055,172.6939,11,46,1,0,13,0,Offshore,Alongshore,Alongshore,,0.0
386,Cass Bay at boat ramp,2020-11-23 13:00:00,Lyttelton,0.0,0.0,0.0,0.2,7.0,7.0,ebbing,medium,stony,6,urban,1,0,0,3.2,10.0,0.49,0.77,2.45,11.15,2.0,75.7,101.0,223.6,15,-43.6055,172.6939,11,48,0,0,13,0,Alongshore,Alongshore,Onshore,10.0,0.0
387,Cass Bay at boat ramp,2020-12-03 06:00:00,Lyttelton,0.0,0.0,0.0,0.0,0.0,2.6,incoming,medium,stony,6,urban,1,0,0,0.0,0.0,4.92,4.57,1.82,0.45,2.2,258.9,269.1,267.8,15,-43.6055,172.6939,12,49,3,0,6,0,Alongshore,Alongshore,Alongshore,10.0,0.0
388,Cass Bay at boat ramp,2020-12-10 09:00:00,Lyttelton,0.0,0.0,0.0,0.0,0.0,0.0,incoming,medium,stony,6,urban,1,0,0,0.0,0.0,3.55,6.31,6.48,3.22,2.31,265.2,265.6,266.6,15,-43.6055,172.6939,12,50,3,0,9,0,Alongshore,Alongshore,Alongshore,13.333333333333334,0.0
389,Cass Bay at boat ramp,2020-12-17 06:00:00,Lyttelton,0.0,0.0,0.0,0.0,0.0,0.0,incoming,medium,stony,6,urban,1,0,0,0.0,0.0,3.92,2.51,0.22,0.1,2.57,102.3,63.5,78.0,15,-43.6055,172.6939,12,51,3,0,6,0,Alongshore,Alongshore,Alongshore,12.5,0.0
390,Cass Bay at boat ramp,2020-12-22 11:00:00,Lyttelton,0.2,1.4,2.6,6.8,13.2,13.2,ebbing,medium,stony,6,urban,1,0,0,1.8,20.0,6.11,5.99,5.01,11.73,2.0,76.6,79.7,72.8,15,-43.6055,172.6939,12,52,1,0,11,1,Alongshore,Alongshore,Alongshore,12.0,0.0
391,Cass Bay at boat ramp,2020-12-29 13:00:00,Lyttelton,0.0,0.0,0.0,0.0,0.0,6.8,incoming,medium,stony,6,urban,1,0,0,0.0,0.0,2.79,5.68,6.13,2.58,1.92,87.7,87.4,85.3,15,-43.6055,172.6939,12,53,1,0,13,1,Alongshore,Alongshore,Alongshore,12.0,0.0
392,Cass Bay at boat ramp,2021-01-11 14:00:00,Lyttelton,0.0,0.0,0.0,0.0,0.2,0.2,incoming,medium,stony,6,urban,1,0,0,0.2,1.0,0.96,2.18,2.21,0.28,2.21,73.9,60.6,314.8,15,-43.6055,172.6939,1,2,0,0,14,0,Alongshore,Alongshore,Alongshore,12.0,0.0
393,Cass Bay at boat ramp,2021-01-19 08:00:00,Lyttelton,0.0,0.0,0.0,0.0,1.2,1.2,incoming,medium,stony,6,urban,1,0,0,0.8,3.0,1.47,2.05,3.77,1.18,2.24,42.5,10.2,353.5,15,-43.6055,172.6939,1,3,1,0,8,0,Offshore,Offshore,Offshore,12.0,0.0
394,Cass Bay at boat ramp,2021-01-26 14:00:00,Lyttelton,0.0,0.0,0.0,0.0,0.0,0.0,incoming,medium,stony,6,urban,1,0,0,0.0,0.0,5.89,5.22,5.28,0.48,1.89,74.8,78.4,73.1,15,-43.6055,172.6939,1,4,1,0,14,0,Alongshore,Alongshore,Alongshore,12.0,0.0
395,Cass Bay at boat ramp,2021-02-03 08:00:00,Lyttelton,0.0,0.0,0.0,0.0,0.0,0.0,incoming,medium,stony,6,urban,1,0,0,0.0,0.0,6.8,6.36,6.48,0.4,2.38,81.0,74.1,70.2,15,-43.6055,172.6939,2,5,2,0,8,1,Alongshore,Alongshore,Alongshore,12.0,0.0
396,Cass Bay at boat ramp,2021-02-10 15:00:00,Lyttelton,0.0,0.0,2.2,8.6,9.0,9.0,incoming,medium,stony,6,urban,1,0,0,2.6,12.0,3.22,1.58,5.44,0.47,2.11,92.8,141.8,250.4,15,-43.6055,172.6939,2,6,2,0,15,0,Alongshore,Alongshore,Alongshore,12.0,0.0
397,Cass Bay at boat ramp,2021-02-17 08:00:00,Lyttelton,0.0,0.0,0.0,0.0,0.0,0.0,incoming,medium,stony,6,urban,1,0,0,0.0,0.0,1.52,1.63,1.86,0.63,2.16,266.9,270.2,280.6,15,-43.6055,172.6939,2,7,2,0,8,0,Alongshore,Alongshore,Alongshore,12.0,0.0
398,Cass Bay at boat ramp,2021-02-26 15:00:00,Lyttelton,0.0,0.0,0.0,0.0,0.0,0.0,incoming,medium,stony,6,urban,1,0,0,0.0,0.0,5.24,6.26,7.1,0.55,2.05,77.6,81.5,76.5,15,-43.6055,172.6939,2,8,4,0,15,0,Alongshore,Alongshore,Alongshore,10.0,0.0
399,Cass Bay at boat ramp,2021-03-03 10:00:00,Lyttelton,0.0,0.0,0.0,0.0,0.4,0.4,ebbing,medium,stony,6,urban,1,0,0,0.2,2.0,3.98,4.49,5.79,10.47,2.35,47.4,59.0,51.0,15,-43.6055,172.6939,3,9,2,0,10,0,Offshore,Offshore,Offshore,10.0,0.0
400,Cass Bay at boat ramp,2021-11-26 11:00:00,Lyttelton,0.0,0.0,0.0,0.0,0.0,0.0,ebbing,medium,stony,6,urban,1,0,0,0.0,0.0,0.74,2.0,4.25,11.12,1.8,239.4,233.5,242.9,15,-43.6055,172.6939,11,47,4,0,11,0,Onshore,Onshore,Alongshore,,0.0
401,Cass Bay at boat ramp,2021-11-29 13:00:00,Lyttelton,0.2,0.2,0.2,1.8,19.8,19.8,ebbing,medium,stony,6,urban,1,0,0,2.6,25.0,3.84,4.58,6.32,11.2,2.03,92.5,95.9,82.7,15,-43.6055,172.6939,11,48,0,0,13,0,Alongshore,Alongshore,Alongshore,218.0,0.0
402,Cass Bay at boat ramp,2021-12-02 14:00:00,Lyttelton,0.0,0.2,0.6,0.6,0.6,0.6,ebbing,medium,stony,6,urban,1,0,0,0.2,3.0,7.23,7.72,7.41,12.37,2.42,76.7,75.6,71.7,15,-43.6055,172.6939,12,48,3,0,14,0,Alongshore,Alongshore,Alongshore,163.0,0.0
403,Cass Bay at boat ramp,2021-12-06 16:00:00,Lyttelton,2.8,3.2,3.2,6.0,6.4,6.4,incoming,medium,stony,6,urban,1,0,0,2.2,10.0,4.3,2.08,0.97,1.65,2.3,287.1,258.2,251.7,15,-43.6055,172.6939,12,49,0,0,16,0,Alongshore,Alongshore,Alongshore,157.33333333333334,0.0
404,Cass Bay at boat ramp,2021-12-09 10:00:00,Lyttelton,0.0,0.0,0.0,0.0,1.2,8.6,ebbing,medium,stony,6,urban,1,0,0,0.8,3.0,1.92,2.05,2.09,11.35,2.17,242.6,260.2,274.8,15,-43.6055,172.6939,12,49,3,0,10,0,Alongshore,Alongshore,Alongshore,186.75,0.0
405,Cass Bay at boat ramp,2021-12-16 15:00:00,Lyttelton,1.6,4.8,16.2,57.4,87.0,87.0,ebbing,medium,stony,6,urban,1,0,0,11.8,30.0,12.06,11.97,11.55,12.23,2.14,255.0,254.6,256.5,15,-43.6055,172.6939,12,50,3,0,15,0,Alongshore,Alongshore,Alongshore,153.4,0.0
406,Cass Bay at boat ramp,2021-12-20 09:00:00,Lyttelton,0.0,0.0,0.0,0.0,0.2,17.0,ebbing,medium,stony,6,urban,1,0,0,0.2,1.0,0.41,0.99,1.9,8.98,1.89,253.7,257.4,261.9,15,-43.6055,172.6939,12,51,0,0,9,1,Alongshore,Alongshore,Alongshore,631.8,0.14285714285714285
407,Cass Bay at boat ramp,2021-12-23 08:00:00,Lyttelton,0.0,0.0,0.0,0.0,0.0,0.0,ebbing,medium,stony,6,urban,1,0,0,0.0,0.0,2.67,5.48,6.94,11.77,1.83,75.6,60.6,43.2,15,-43.6055,172.6939,12,51,3,0,8,1,Alongshore,Alongshore,Offshore,612.2,0.125
408,Cass Bay at boat ramp,2021-12-30 13:00:00,Lyttelton,0.0,0.0,0.0,1.4,3.2,14.2,ebbing,medium,stony,6,urban,1,0,0,0.8,8.0,1.62,0.94,1.01,12.08,2.35,186.4,181.2,77.0,15,-43.6055,172.6939,12,52,3,0,13,1,Onshore,Onshore,Alongshore,612.0,0.1111111111111111
409,Cass Bay at boat ramp,2022-01-07 08:00:00,Lyttelton,0.0,0.0,0.0,0.0,0.4,0.4,ebbing,medium,stony,6,urban,1,0,0,0.2,2.0,7.38,7.39,7.62,12.5,2.18,234.9,235.9,234.4,15,-43.6055,172.6939,1,1,4,0,8,0,Onshore,Onshore,Onshore,559.0,0.1
410,Cass Bay at boat ramp,2022-01-12 14:00:00,Lyttelton,0.0,0.0,0.0,0.0,0.0,0.0,ebbing,medium,stony,6,urban,1,0,0,0.0,0.0,1.4,4.12,7.93,11.33,2.07,83.5,80.9,98.0,15,-43.6055,172.6939,1,2,2,0,14,0,Alongshore,Alongshore,Alongshore,557.0,0.09090909090909091
411,Cass Bay at boat ramp,2022-02-01 18:00:00,Lyttelton,0.0,0.0,0.0,0.0,0.0,,ebbing,medium,stony,6,urban,1,0,0,0.0,0.0,4.02,3.6,7.46,11.3,2.61,66.7,93.2,83.6,15,-43.6055,172.6939,2,5,1,0,18,1,Alongshore,Alongshore,Alongshore,37.0,0.08333333333333333
412,Cass Bay at boat ramp,2022-02-03 15:00:00,Lyttelton,0.0,0.0,0.0,0.0,0.0,0.0,incoming,medium,stony,6,urban,1,0,0,0.0,0.0,1.65,2.64,4.46,3.28,2.25,257.7,250.4,37.0,15,-43.6055,172.6939,2,5,3,0,15,1,Alongshore,Alongshore,Offshore,151.6,0.15384615384615385
413,Cass Bay at boat ramp,2022-02-10 14:00:00,Lyttelton,0.2,1.0,14.8,65.4,66.2,66.5,ebbing,medium,stony,6,urban,1,0,0,11.2,20.0,2.71,1.44,1.49,10.73,2.06,247.7,259.0,75.4,15,-43.6055,172.6939,2,6,3,0,14,0,Alongshore,Alongshore,Alongshore,124.6,0.14285714285714285
414,Cass Bay at boat ramp,2022-02-15 15:00:00,Lyttelton,0.0,0.0,0.0,0.0,0.6,49.2,incoming,medium,stony,6,urban,1,0,0,0.2,3.0,5.99,7.53,8.46,0.93,1.89,82.2,85.5,81.4,15,-43.6055,172.6939,2,7,1,0,15,0,Alongshore,Alongshore,Alongshore,137.4,0.13333333333333333
415,Cass Bay at boat ramp,2022-02-23 11:00:00,Lyttelton,0.0,0.0,0.6,0.6,0.6,0.6,ebbing,medium,stony,6,urban,1,0,0,0.2,3.0,3.26,3.07,3.42,10.6,2.22,257.0,267.8,266.5,15,-43.6055,172.6939,2,8,2,0,11,0,Alongshore,Alongshore,Alongshore,149.8,0.125
416,Cass Bay at boat ramp,2022-03-09 12:00:00,Lyttelton,0.0,0.0,0.0,0.0,0.0,0.0,ebbing,medium,stony,6,urban,1,0,0,0.0,0.0,4.2,4.62,5.38,10.5,2.08,251.0,261.1,269.2,15,-43.6055,172.6939,3,10,2,0,12,0,Alongshore,Alongshore,Alongshore,149.8,0.11764705882352941
417,Cass Bay at boat ramp,2022-11-21 15:00:00,Lyttelton,0.6,0.6,0.6,0.6,4.8,55.6,ebbing,medium,stony,6,urban,1,0,0,2.8,5.0,4.51,6.69,6.99,11.2,2.15,82.5,86.2,87.3,15,-43.6055,172.6939,11,47,0,0,15,0,Alongshore,Alongshore,Alongshore,,0.0
418,Cass Bay at boat ramp,2022-11-23 09:00:00,Lyttelton,0.0,0.0,0.0,0.0,0.6,0.6,ebbing,medium,stony,6,urban,1,0,0,0.6,1.0,5.13,7.34,6.73,7.07,2.19,245.4,249.8,248.7,15,-43.6055,172.6939,11,47,2,0,9,0,Alongshore,Alongshore,Alongshore,231.0,0.0
419,Cass Bay at boat ramp,2022-12-01 09:00:00,Lyttelton,0.0,0.0,0.0,0.0,0.0,0.0,incoming,medium,stony,6,urban,1,0,0,0.0,0.0,8.38,7.68,7.22,1.25,2.41,239.6,241.2,239.6,15,-43.6055,172.6939,12,48,3,0,9,0,Onshore,Alongshore,Onshore,120.5,0.0
420,Cass Bay at boat ramp,2022-12-07 15:00:00,Lyttelton,0.0,0.0,0.0,0.0,0.0,0.0,incoming,medium,stony,6,urban,1,0,0,0.0,0.0,3.73,7.38,8.9,1.02,2.05,88.7,88.0,78.4,15,-43.6055,172.6939,12,49,2,0,15,0,Alongshore,Alongshore,Alongshore,83.66666666666667,0.0
421,Cass Bay at boat ramp,2022-12-14 08:00:00,Lyttelton,0.0,0.0,0.0,0.0,0.0,1.8,incoming,medium,stony,6,urban,1,0,0,0.0,0.0,2.61,0.42,0.3,0.62,2.14,62.2,34.9,65.3,15,-43.6055,172.6939,12,50,2,0,8,0,Alongshore,Offshore,Alongshore,65.25,0.0
422,Cass Bay at boat ramp,2022-12-20 15:00:00,Lyttelton,0.0,0.0,0.8,1.0,9.6,35.4,ebbing,medium,stony,6,urban,1,0,0,2.2,15.0,2.6,4.81,5.77,11.18,2.23,74.0,70.4,72.6,15,-43.6055,172.6939,12,51,1,0,15,1,Alongshore,Alongshore,Alongshore,54.2,0.0
423,Cass Bay at boat ramp,2022-12-29 10:00:00,Lyttelton,0.0,0.0,0.0,0.0,1.0,1.0,ebbing,medium,stony,6,urban,1,0,0,0.8,2.0,5.81,4.43,4.94,12.07,2.2,86.3,74.0,71.0,15,-43.6055,172.6939,12,52,3,0,10,1,Alongshore,Alongshore,Alongshore,14.0,0.0
424,Cass Bay at boat ramp,2023-01-04 15:00:00,Lyttelton,0.0,0.0,0.0,0.0,0.2,0.2,ebbing,medium,stony,6,urban,1,0,0,0.2,1.0,9.14,10.39,11.12,12.17,2.21,84.2,88.4,89.1,15,-43.6055,172.6939,1,1,2,0,15,1,Alongshore,Alongshore,Alongshore,556.0,0.125
425,Cass Bay at boat ramp,2023-01-06 14:00:00,Lyttelton,0.0,0.0,0.0,0.0,0.0,0.0,incoming,medium,stony,6,urban,1,0,0,0.0,0.0,7.33,7.55,7.34,2.15,1.92,91.0,91.2,90.3,15,-43.6055,172.6939,1,1,4,0,14,0,Alongshore,Alongshore,Alongshore,575.4,0.1111111111111111
426,Cass Bay at boat ramp,2023-01-09 10:00:00,Lyttelton,0.0,0.0,0.0,0.0,0.0,4.0,ebbing,medium,stony,6,urban,1,0,0,0.0,0.0,6.69,7.36,8.06,8.75,1.89,76.3,75.3,71.4,15,-43.6055,172.6939,1,2,0,0,10,0,Alongshore,Alongshore,Alongshore,603.0,0.1
427,Cass Bay at boat ramp,2023-01-10 07:00:00,Lyttelton,0.0,0.0,0.0,0.0,0.0,0.4,incoming,medium,stony,6,urban,1,0,0,0.0,0.0,8.31,7.85,7.69,0.15,2.23,65.4,68.0,68.7,15,-43.6055,172.6939,1,2,1,0,7,0,Alongshore,Alongshore,Alongshore,603.0,0.09090909090909091
428,Cass Bay at boat ramp,2023-01-12 08:00:00,Lyttelton,0.0,0.0,0.0,0.0,0.0,0.0,incoming,medium,stony,6,urban,1,0,0,0.0,0.0,8.31,6.41,5.04,0.55,2.14,251.2,238.6,243.9,15,-43.6055,172.6939,1,2,3,0,8,0,Alongshore,Onshore,Alongshore,677.8,0.16666666666666666
429,Cass Bay at boat ramp,2023-01-18 14:00:00,Lyttelton,0.0,0.0,0.0,0.0,0.0,0.0,ebbing,medium,stony,6,urban,1,0,0,0.0,0.0,3.93,7.67,8.68,11.63,2.3,91.6,89.7,87.7,15,-43.6055,172.6939,1,3,2,0,14,0,Alongshore,Alongshore,Alongshore,135.8,0.15384615384615385
430,Cass Bay at boat ramp,2023-01-20 14:00:00,Lyttelton,0.0,0.0,0.0,0.0,0.0,0.0,incoming,medium,stony,6,urban,1,0,0,0.0,0.0,6.8,7.01,7.35,0.63,2.16,90.7,90.3,83.8,15,-43.6055,172.6939,1,3,4,0,14,0,Alongshore,Alongshore,Alongshore,116.4,0.14285714285714285
431,Cass Bay at boat ramp,2023-01-26 17:00:00,Lyttelton,0.0,0.0,0.0,0.0,0.6,1.2,incoming,medium,stony,6,urban,1,0,0,0.4,2.0,5.5,8.96,9.28,3.72,2.28,87.1,90.4,90.6,15,-43.6055,172.6939,1,4,3,0,17,0,Alongshore,Alongshore,Alongshore,88.8,0.13333333333333333
432,Cass Bay at boat ramp,2023-01-27 08:00:00,Lyttelton,0.0,0.0,0.0,0.0,0.0,0.6,incoming,medium,stony,6,urban,1,0,0,0.0,0.0,0.19,0.82,0.4,0.6,2.44,218.8,254.1,145.8,15,-43.6055,172.6939,1,4,4,0,8,0,Onshore,Alongshore,Alongshore,88.8,0.125
433,Cass Bay at boat ramp,2023-02-01 14:00:00,Lyttelton,0.0,0.0,0.0,0.0,0.0,0.0,ebbing,medium,stony,6,urban,1,0,0,0.0,0.0,9.1,9.65,9.73,11.53,2.15,84.2,86.9,82.6,15,-43.6055,172.6939,2,5,2,0,14,1,Alongshore,Alongshore,Alongshore,10.0,0.11764705882352941
434,Cass Bay at boat ramp,2023-02-03 14:00:00,Lyttelton,0.0,0.0,0.0,0.6,0.6,0.6,incoming,medium,stony,6,urban,1,0,0,0.4,2.0,5.0,5.8,6.35,0.77,1.89,86.9,79.3,70.4,15,-43.6055,172.6939,2,5,4,0,14,1,Alongshore,Alongshore,Alongshore,10.0,0.1111111111111111
435,Cass Bay at boat ramp,2023-02-04 14:00:00,Lyttelton,0.0,0.0,0.0,0.0,0.6,0.6,incoming,medium,stony,6,urban,1,0,0,0.4,2.0,1.41,5.33,7.54,2.07,1.89,91.1,90.2,74.5,15,-43.6055,172.6939,2,5,5,1,14,1,Alongshore,Alongshore,Alongshore,10.0,0.10526315789473684
436,Cass Bay at boat ramp,2023-02-05 16:00:00,Lyttelton,0.0,0.0,0.0,0.0,0.0,0.6,incoming,medium,stony,6,urban,1,0,0,0.0,0.0,6.29,6.67,7.56,0.9,1.9,85.8,81.8,81.0,15,-43.6055,172.6939,2,5,6,1,16,1,Alongshore,Alongshore,Alongshore,14.2,0.1
437,Cass Bay at boat ramp,2023-02-06 16:00:00,Lyttelton,0.0,0.0,0.0,0.0,0.0,0.0,incoming,medium,stony,6,urban,1,0,0,0.0,0.0,4.06,2.59,4.32,1.57,1.91,53.3,29.0,30.1,15,-43.6055,172.6939,2,6,0,0,16,1,Offshore,Offshore,Offshore,14.2,0.09523809523809523
438,Cass Bay at boat ramp,2023-02-10 08:00:00,Lyttelton,0.2,0.2,1.0,1.0,8.4,8.4,ebbing,medium,stony,6,urban,1,0,0,5.0,5.0,2.76,4.97,6.03,12.28,1.94,78.6,69.1,80.5,15,-43.6055,172.6939,2,6,4,0,8,0,Alongshore,Alongshore,Alongshore,16.2,0.09090909090909091
439,Cass Bay at boat ramp,2023-02-15 14:00:00,Lyttelton,2.6,7.8,13.2,13.6,13.6,13.6,ebbing,medium,stony,6,urban,1,0,0,2.2,12.0,13.05,14.76,15.0,10.27,2.24,235.4,235.9,242.0,15,-43.6055,172.6939,2,7,2,0,14,0,Onshore,Onshore,Alongshore,16.2,0.08695652173913043
440,Cass Bay at boat ramp,2023-02-16 15:00:00,Lyttelton,0.0,0.2,1.4,7.8,23.2,23.2,ebbing,medium,stony,6,urban,1,0,0,2.2,28.0,10.74,10.34,10.56,10.33,2.35,235.3,230.2,232.3,15,-43.6055,172.6939,2,7,3,0,15,0,Onshore,Onshore,Onshore,29.0,0.08333333333333333
441,Cass Bay at boat ramp,2023-02-17 12:00:00,Lyttelton,0.0,0.0,0.0,0.0,11.2,23.2,incoming,medium,stony,6,urban,1,0,0,1.8,18.0,7.89,6.79,7.23,1.25,2.1,236.3,241.4,243.6,15,-43.6055,172.6939,2,7,4,0,12,0,Onshore,Alongshore,Alongshore,24.8,0.08
442,Cass Bay at boat ramp,2023-02-18 14:00:00,Lyttelton,0.0,0.0,0.0,0.0,0.0,9.6,incoming,medium,stony,6,urban,1,0,0,0.0,0.0,3.33,7.55,8.4,0.92,2.17,88.7,89.5,90.0,15,-43.6055,172.6939,2,7,5,1,14,0,Alongshore,Alongshore,Alongshore,24.8,0.07692307692307693
443,Cass Bay at boat ramp,2023-02-23 07:00:00,Lyttelton,0.0,0.2,1.8,13.4,13.4,13.4,ebbing,medium,stony,6,urban,1,0,0,3.4,14.0,5.17,4.49,4.77,12.12,2.35,257.0,262.7,261.4,15,-43.6055,172.6939,2,8,3,0,7,0,Alongshore,Alongshore,Alongshore,22.8,0.07407407407407407
444,Cass Bay at boat ramp,2023-02-25 09:00:00,Lyttelton,0.0,0.0,0.0,0.0,5.2,19.2,ebbing,medium,stony,6,urban,1,0,0,2.0,7.0,0.54,1.19,2.09,12.4,2.26,90.6,65.0,345.5,15,-43.6055,172.6939,2,8,5,1,9,0,Alongshore,Alongshore,Offshore,57.8,0.07142857142857142
445,Cass Bay at boat ramp,2023-03-01 14:00:00,Lyttelton,0.0,0.0,0.0,0.0,0.0,0.0,ebbing,medium,stony,6,urban,1,0,0,0.0,0.0,8.18,10.21,10.96,11.05,2.12,88.7,89.4,84.2,15,-43.6055,172.6939,3,9,2,0,14,0,Alongshore,Alongshore,Alongshore,45.0,0.06896551724137931
446,Cass Bay at boat ramp,2023-03-06 16:00:00,Lyttelton,0.0,0.0,0.0,0.6,22.8,22.8,incoming,medium,stony,6,urban,1,0,0,4.0,16.0,0.42,2.78,6.15,0.18,1.93,85.1,90.0,335.2,15,-43.6055,172.6939,3,10,0,0,16,0,Alongshore,Alongshore,Offshore,45.0,0.06666666666666667
447,Cass Bay at boat ramp,2023-11-04 11:00:00,Lyttelton,0.0,0.0,0.2,8.4,8.4,8.4,ebbing,medium,stony,6,urban,1,0,0,3.6,7.0,1.05,4.18,6.54,11.2,1.91,89.6,87.2,247.6,15,-43.6055,172.6939,11,44,5,1,11,0,Alongshore,Alongshore,Alongshore,,0.0
448,Cass Bay at boat ramp,2023-11-15 07:00:00,Lyttelton,0.0,0.0,0.0,0.0,0.0,0.0,ebbing,medium,stony,6,urban,1,0,0,0.0,0.0,2.86,2.8,5.74,10.93,2.01,58.1,42.3,289.4,15,-43.6055,172.6939,11,46,2,0,7,0,Offshore,Offshore,Alongshore,10.0,0.0
449,Cass Bay at boat ramp,2023-11-22 12:00:00,Lyttelton,0.0,0.0,0.4,0.6,0.8,10.0,ebbing,medium,stony,6,urban,1,0,0,0.4,3.0,9.81,10.4,10.65,11.88,2.18,89.7,86.4,84.3,15,-43.6055,172.6939,11,47,2,0,12,0,Alongshore,Alongshore,Alongshore,15.0,0.0
450,Cass Bay at boat ramp,2023-11-27 16:00:00,Lyttelton,0.0,0.0,0.0,0.0,0.0,1.0,incoming,medium,stony,6,urban,1,0,0,0.0,0.0,7.96,10.19,10.18,0.42,2.18,82.4,85.9,85.4,15,-43.6055,172.6939,11,48,0,0,16,0,Alongshore,Alongshore,Alongshore,13.333333333333334,0.0
451,Cass Bay at boat ramp,2023-12-04 08:00:00,Lyttelton,5.4,8.6,11.6,11.6,11.6,11.6,incoming,medium,stony,6,urban,1,0,0,2.2,10.0,2.88,2.5,2.28,1.18,2.18,256.4,274.2,280.3,15,-43.6055,172.6939,12,49,0,0,8,0,Alongshore,Alongshore,Alongshore,12.5,0.0
452,Cass Bay at boat ramp,2023-12-11 16:00:00,Lyttelton,0.0,0.0,0.0,0.0,10.4,10.4,ebbing,medium,stony,6,urban,1,0,0,5.6,3.0,8.42,10.02,10.59,11.85,2.21,77.6,83.6,81.5,15,-43.6055,172.6939,12,50,0,0,16,0,Alongshore,Alongshore,Alongshore,29.6,0.0
453,Cass Bay at boat ramp,2023-12-18 07:00:00,Lyttelton,0.0,0.0,2.2,2.6,2.6,2.6,incoming,medium,stony,6,urban,1,0,0,2.0,3.0,2.78,2.39,1.85,1.42,2.48,264.6,279.3,290.9,15,-43.6055,172.6939,12,51,0,0,7,0,Alongshore,Alongshore,Alongshore,29.6,0.0
454,Cass Bay at boat ramp,2023-12-28 05:00:00,Lyttelton,0.0,0.0,0.0,0.0,4.6,4.6,ebbing,medium,stony,6,urban,1,0,0,3.2,4.0,6.08,6.07,6.89,12.22,1.99,64.0,70.1,67.6,15,-43.6055,172.6939,12,52,3,0,5,1,Alongshore,Alongshore,Alongshore,27.6,0.0
455,Cass Bay at boat ramp,2024-01-03 08:00:00,Lyttelton,0.0,0.0,1.4,1.4,1.4,10.8,incoming,medium,stony,6,urban,1,0,0,0.8,3.0,5.31,4.97,5.76,1.38,2.08,77.1,69.7,66.6,15,-43.6055,172.6939,1,1,2,0,8,1,Alongshore,Alongshore,Alongshore,27.6,0.0
456,Cass Bay at boat ramp,2024-01-08 14:00:00,Lyttelton,0.0,0.0,0.0,0.0,0.0,0.4,ebbing,medium,stony,6,urban,1,0,0,0.0,0.0,9.67,11.16,11.6,11.92,2.18,88.9,89.3,85.1,15,-43.6055,172.6939,1,2,0,0,14,0,Alongshore,Alongshore,Alongshore,38.0,0.0
457,Cass Bay at boat ramp,2024-01-16 07:00:00,Lyttelton,0.0,0.0,0.0,22.4,22.4,22.4,incoming,medium,stony,6,urban,1,0,0,8.6,6.0,4.41,4.02,4.36,0.9,2.53,78.1,67.5,64.9,15,-43.6055,172.6939,1,3,1,0,7,0,Alongshore,Alongshore,Alongshore,20.4,0.0
458,Cass Bay at boat ramp,2024-01-25 16:00:00,Lyttelton,0.0,0.0,0.0,0.0,1.8,1.8,incoming,medium,stony,6,urban,1,0,0,0.4,6.0,8.96,12.35,13.65,0.15,1.95,85.0,84.1,81.3,15,-43.6055,172.6939,1,4,3,0,16,0,Alongshore,Alongshore,Alongshore,20.4,0.0
459,Cass Bay at boat ramp,2024-01-31 09:00:00,Lyttelton,0.0,0.0,0.0,0.0,0.0,0.0,ebbing,medium,stony,6,urban,1,0,0,0.0,0.0,1.36,1.63,4.46,11.42,1.91,93.9,93.1,244.6,15,-43.6055,172.6939,1,5,2,0,9,1,Alongshore,Alongshore,Alongshore,22.4,0.0
460,Cass Bay at boat ramp,2024-02-07 15:00:00,Lyttelton,0.0,0.0,0.0,0.0,0.0,0.0,ebbing,medium,stony,6,urban,1,0,0,0.0,0.0,7.97,7.47,5.74,11.77,2.37,267.2,261.8,263.6,15,-43.6055,172.6939,2,6,2,0,15,1,Alongshore,Alongshore,Alongshore,22.4,0.0
461,Cass Bay at boat ramp,2024-02-13 06:00:00,Lyttelton,0.2,0.2,0.2,0.2,2.8,13.8,incoming,medium,stony,6,urban,1,0,0,1.2,7.0,5.3,5.57,6.62,1.25,2.59,64.2,65.7,67.7,15,-43.6055,172.6939,2,7,1,0,6,0,Alongshore,Alongshore,Alongshore,12.0,0.0
462,Cass Bay at boat ramp,2024-02-19 14:00:00,Lyttelton,0.0,0.0,0.0,0.0,0.0,0.0,ebbing,medium,stony,6,urban,1,0,0,0.0,0.0,2.56,5.97,5.96,11.62,2.21,288.2,278.6,281.0,15,-43.6055,172.6939,2,8,0,0,14,0,Alongshore,Alongshore,Alongshore,12.0,0.0
463,Cass Bay at boat ramp,2024-02-29 07:00:00,Lyttelton,0.0,0.0,0.0,0.0,1.8,1.8,incoming,medium,stony,6,urban,1,0,0,1.0,3.0,5.23,5.02,4.49,0.73,2.04,269.6,271.1,272.5,15,-43.6055,172.6939,2,9,3,0,7,0,Alongshore,Alongshore,Alongshore,12.0,0.0
464,Cass Bay at boat ramp,2024-03-04 12:00:00,Lyttelton,0.0,0.0,0.0,0.0,0.0,0.0,ebbing,medium,stony,6,urban,1,0,0,0.0,0.0,3.66,3.02,5.12,11.75,2.1,304.7,346.2,32.4,15,-43.6055,172.6939,3,10,0,0,12,0,Alongshore,Offshore,Offshore,12.0,0.0
465,Cass Bay at boat ramp,2024-03-13 06:00:00,Lyttelton,0.0,0.0,0.0,0.4,4.8,4.8,incoming,medium,stony,6,urban,1,0,0,1.0,10.0,2.47,7.5,10.19,0.67,2.52,247.7,253.7,250.3,15,-43.6055,172.6939,3,11,2,0,6,0,Alongshore,Alongshore,Alongshore,12.0,0.0
466,Cass Bay at boat ramp,2024-03-15 08:00:00,Lyttelton,0.0,0.0,0.0,0.0,0.0,0.2,incoming,medium,stony,6,urban,1,0,0,0.0,0.0,2.36,2.25,1.93,0.02,2.3,248.5,266.3,272.9,15,-43.6055,172.6939,3,11,4,0,8,0,Alongshore,Alongshore,Alongshore,20.4,0.0
467,Cass Bay at boat ramp,2024-03-19 13:00:00,Lyttelton,0.0,0.0,0.2,0.4,4.4,4.4,ebbing,medium,stony,6,urban,1,0,0,2.4,5.0,5.91,5.77,5.64,11.28,2.19,240.2,236.7,235.9,15,-43.6055,172.6939,3,12,1,0,13,0,Alongshore,Onshore,Onshore,20.4,0.0
468,Cass Bay at boat ramp,2024-03-28 06:00:00,Lyttelton,0.0,0.0,0.0,1.6,1.6,1.6,incoming,medium,stony,6,urban,1,0,0,1.2,2.0,3.53,4.92,2.67,0.13,2.03,118.9,84.1,70.0,15,-43.6055,172.6939,3,13,3,0,6,0,Alongshore,Alongshore,Alongshore,20.4,0.0
469,Cass Bay at boat ramp,2024-06-15 10:00:00,Lyttelton,0.2,1.2,8.8,21.8,24.4,24.6,incoming,medium,stony,6,urban,1,0,0,4.4,25.0,5.65,2.05,0.67,1.53,1.92,160.7,271.2,263.6,15,-43.6055,172.6939,6,24,5,1,10,0,Onshore,Alongshore,Alongshore,20.4,0.0
470,Cass Bay at boat ramp,2024-07-03 14:00:00,Lyttelton,1.8,3.0,5.4,10.4,25.0,25.0,incoming,medium,stony,6,urban,1,0,0,2.4,30.0,12.47,11.98,12.17,0.2,2.34,249.2,249.3,247.1,15,-43.6055,172.6939,7,27,2,0,14,0,Alongshore,Alongshore,Alongshore,26.6,0.0
471,Cass Bay at boat ramp,2024-07-16 11:00:00,Lyttelton,0.0,0.0,3.4,15.0,18.2,22.2,incoming,medium,stony,6,urban,1,0,0,5.8,17.0,2.26,4.34,3.72,0.87,1.97,279.3,282.0,298.9,15,-43.6055,172.6939,7,29,1,0,11,0,Alongshore,Alongshore,Alongshore,38.2,0.0
472,Cass Bay at boat ramp,2024-08-18 16:00:00,Lyttelton,7.4,9.6,22.6,23.6,23.6,23.6,ebbing,medium,stony,6,urban,1,0,0,4.4,16.0,8.14,7.49,5.74,11.07,2.1,266.2,256.7,256.7,15,-43.6055,172.6939,8,33,6,1,16,0,Alongshore,Alongshore,Alongshore,46.6,0.0
473,Cass Bay at boat ramp,2024-09-17 15:00:00,Lyttelton,0.0,0.0,12.6,13.8,15.4,15.4,incoming,medium,stony,6,urban,1,0,0,3.6,10.0,12.12,12.36,12.68,0.65,2.51,237.9,241.5,242.3,15,-43.6055,172.6939,9,38,1,0,15,0,Onshore,Alongshore,Alongshore,158.8,0.037037037037037035
474,Charteris Bay Paradise Beach,2013-11-25 11:00:00,Lyttelton,0.0,0.0,0.0,0.0,0.0,0.8,ebbing,medium,muddy,6,forest,1,0,0,0.0,0.0,3.13,5.35,4.15,11.72,1.88,217.3,218.0,212.0,90,-43.6419,172.7121,11,48,0,0,11,0,Alongshore,Alongshore,Alongshore,,0.0
475,Charteris Bay Paradise Beach,2013-12-02 14:00:00,Lyttelton,0.0,0.0,0.0,0.0,0.0,0.0,incoming,medium,muddy,6,forest,1,0,0,0.0,0.0,3.8,4.86,5.73,1.12,2.25,70.4,69.8,59.2,90,-43.6419,172.7121,12,49,0,0,14,0,Offshore,Offshore,Offshore,20.0,0.0
476,Charteris Bay Paradise Beach,2013-12-09 10:00:00,Lyttelton,0.0,0.0,0.0,1.6,1.6,1.6,ebbing,medium,muddy,6,forest,1,0,0,0.8,3.0,5.94,4.92,5.03,12.37,2.26,201.6,213.3,214.3,90,-43.6419,172.7121,12,50,0,0,10,0,Alongshore,Alongshore,Alongshore,25.0,0.0
477,Charteris Bay Paradise Beach,2013-12-16 15:00:00,Lyttelton,0.0,0.0,0.0,0.0,0.0,0.0,incoming,medium,muddy,6,forest,1,0,0,0.0,0.0,1.45,2.63,0.46,0.67,2.04,110.0,200.2,191.8,90,-43.6419,172.7121,12,51,0,0,15,0,Offshore,Alongshore,Alongshore,20.0,0.0
478,Charteris Bay Paradise Beach,2013-12-22 09:00:00,Lyttelton,0.0,0.8,1.8,1.8,1.8,1.8,ebbing,medium,muddy,6,forest,1,0,0,0.8,3.0,4.23,1.54,1.25,11.48,1.91,197.8,221.7,212.2,90,-43.6419,172.7121,12,51,6,1,9,1,Alongshore,Alongshore,Alongshore,17.5,0.0
479,Charteris Bay Paradise Beach,2014-01-06 10:00:00,Lyttelton,0.0,0.0,0.0,0.0,0.4,0.4,ebbing,medium,muddy,6,forest,1,0,0,0.4,1.0,2.58,2.61,2.7,11.28,2.34,167.1,170.0,251.0,90,-43.6419,172.7121,1,2,0,0,10,0,Alongshore,Alongshore,Onshore,16.0,0.0
480,Charteris Bay Paradise Beach,2014-01-13 13:00:00,Lyttelton,0.0,0.0,0.0,0.0,0.0,0.0,incoming,medium,muddy,6,forest,1,0,0,0.0,0.0,2.76,4.3,2.79,1.05,1.99,248.3,210.5,211.2,90,-43.6419,172.7121,1,3,0,0,13,0,Onshore,Alongshore,Alongshore,14.0,0.0
481,Charteris Bay Paradise Beach,2014-01-20 09:00:00,Lyttelton,0.0,0.0,0.0,0.0,0.0,0.0,ebbing,medium,muddy,6,forest,1,0,0,0.0,0.0,2.5,4.1,5.57,10.88,1.95,38.5,37.4,13.9,90,-43.6419,172.7121,1,4,0,0,9,0,Alongshore,Alongshore,Alongshore,10.0,0.0
482,Charteris Bay Paradise Beach,2014-01-28 14:00:00,Lyttelton,0.0,0.0,0.0,0.0,3.4,3.4,ebbing,medium,muddy,6,forest,1,0,0,1.0,9.0,1.07,2.57,3.02,12.25,2.51,75.2,84.9,87.6,90,-43.6419,172.7121,1,5,1,0,14,0,Offshore,Offshore,Offshore,10.0,0.0
483,Charteris Bay Paradise Beach,2014-02-03 09:00:00,Lyttelton,0.0,0.0,0.0,0.0,0.0,0.6,ebbing,medium,muddy,6,forest,1,0,0,0.0,0.0,1.6,2.14,4.41,10.7,2.41,64.7,55.2,41.9,90,-43.6419,172.7121,2,6,0,0,9,1,Offshore,Offshore,Alongshore,10.0,0.0
484,Charteris Bay Paradise Beach,2014-02-10 13:00:00,Lyttelton,0.0,0.0,0.0,0.0,0.0,0.0,incoming,medium,muddy,6,forest,1,0,0,0.0,0.0,4.12,2.32,1.3,0.15,1.96,198.3,198.4,193.8,90,-43.6419,172.7121,2,7,0,0,13,0,Alongshore,Alongshore,Alongshore,10.0,0.0
485,Charteris Bay Paradise Beach,2014-02-17 08:00:00,Lyttelton,0.0,0.0,0.0,0.0,0.0,0.2,ebbing,medium,muddy,6,forest,1,0,0,0.0,0.0,6.43,6.91,7.62,10.0,2.02,64.3,59.3,51.9,90,-43.6419,172.7121,2,8,0,0,8,0,Offshore,Offshore,Offshore,10.0,0.0
486,Charteris Bay Paradise Beach,2014-02-24 12:00:00,Lyttelton,0.0,0.0,0.0,2.0,9.2,9.2,ebbing,medium,muddy,6,forest,1,0,0,5.6,6.0,3.22,6.04,6.75,12.55,2.33,52.1,49.0,39.2,90,-43.6419,172.7121,2,9,0,0,12,0,Offshore,Offshore,Alongshore,10.0,0.0
487,Charteris Bay Paradise Beach,2014-11-18 12:00:00,Lyttelton,0.0,0.0,0.0,0.0,0.0,0.0,incoming,medium,muddy,6,forest,1,0,0,0.0,0.0,3.43,3.25,1.9,0.6,2.05,123.2,213.1,252.4,90,-43.6419,172.7121,11,47,1,0,12,0,Offshore,Alongshore,Onshore,,0.0
488,Charteris Bay Paradise Beach,2014-11-24 16:00:00,Lyttelton,0.0,0.0,0.0,0.0,0.6,0.6,incoming,medium,muddy,6,forest,1,0,0,0.6,1.0,4.07,8.75,8.81,2.22,2.15,54.7,54.0,52.9,90,-43.6419,172.7121,11,48,0,0,16,0,Offshore,Offshore,Offshore,10.0,0.0
489,Charteris Bay Paradise Beach,2014-12-08 17:00:00,Lyttelton,0.0,0.0,0.0,0.0,0.0,0.0,incoming,medium,muddy,6,forest,1,0,0,0.0,0.0,4.46,5.47,5.84,0.97,2.12,56.3,54.7,55.6,90,-43.6419,172.7121,12,50,0,0,17,0,Offshore,Offshore,Offshore,10.0,0.0
490,Charteris Bay Paradise Beach,2014-12-15 14:00:00,Lyttelton,0.0,0.0,0.0,0.0,0.0,1.0,ebbing,medium,muddy,6,forest,1,0,0,0.0,0.0,4.54,5.3,6.03,9.65,1.94,64.9,65.5,57.8,90,-43.6419,172.7121,12,51,0,0,14,0,Offshore,Offshore,Offshore,10.0,0.0
491,Charteris Bay Paradise Beach,2014-12-22 15:00:00,Lyttelton,0.0,0.0,0.0,7.4,7.4,7.8,incoming,medium,muddy,6,forest,1,0,0,3.4,7.0,3.75,5.29,6.74,1.23,2.18,57.9,60.8,54.0,90,-43.6419,172.7121,12,52,0,0,15,1,Offshore,Offshore,Offshore,10.0,0.0
492,Charteris Bay Paradise Beach,2014-12-29 11:00:00,Lyttelton,0.0,0.0,0.0,0.0,1.4,1.4,ebbing,medium,muddy,6,forest,1,0,0,1.4,1.0,3.97,5.95,6.26,12.08,2.29,64.3,60.5,45.6,90,-43.6419,172.7121,12,1,0,0,11,1,Offshore,Offshore,Offshore,10.0,0.0
493,Charteris Bay Paradise Beach,2015-01-06 07:00:00,Lyttelton,0.0,0.0,0.0,0.0,0.0,0.0,ebbing,medium,muddy,6,forest,1,0,0,0.0,0.0,1.11,1.48,1.79,10.4,2.06,291.6,282.9,318.9,90,-43.6419,172.7121,1,2,1,0,7,0,Onshore,Onshore,Alongshore,10.0,0.0
494,Charteris Bay Paradise Beach,2015-01-12 11:00:00,Lyttelton,0.0,0.0,0.0,0.0,0.0,0.0,ebbing,medium,muddy,6,forest,1,0,0,0.0,0.0,4.04,1.33,1.61,10.87,1.94,329.3,267.7,238.4,90,-43.6419,172.7121,1,3,0,0,11,0,Alongshore,Onshore,Onshore,10.0,0.0
495,Charteris Bay Paradise Beach,2015-01-19 14:00:00,Lyttelton,0.0,0.0,0.0,0.0,0.0,0.0,incoming,medium,muddy,6,forest,1,0,0,0.0,0.0,3.84,4.66,6.86,0.82,2.18,287.0,308.7,315.2,90,-43.6419,172.7121,1,4,0,0,14,0,Onshore,Onshore,Alongshore,10.0,0.0
496,Charteris Bay Paradise Beach,2015-01-26 11:00:00,Lyttelton,0.0,0.0,0.0,0.0,0.0,0.0,ebbing,medium,muddy,6,forest,1,0,0,0.0,0.0,10.16,10.44,10.76,10.98,2.35,56.6,51.0,48.6,90,-43.6419,172.7121,1,5,0,0,11,0,Offshore,Offshore,Offshore,10.0,0.0
497,Charteris Bay Paradise Beach,2015-02-02 14:00:00,Lyttelton,0.0,0.0,0.0,0.0,0.0,1.8,incoming,medium,muddy,6,forest,1,0,0,0.0,0.0,2.49,5.12,7.91,1.2,2.03,303.7,319.7,338.8,90,-43.6419,172.7121,2,6,0,0,14,1,Onshore,Alongshore,Alongshore,10.0,0.0
498,Charteris Bay Paradise Beach,2015-02-09 09:00:00,Lyttelton,0.0,0.0,0.0,0.0,0.0,0.0,ebbing,medium,muddy,6,forest,1,0,0,0.0,0.0,3.16,5.65,9.05,11.22,1.98,306.3,310.8,313.6,90,-43.6419,172.7121,2,7,0,0,9,1,Onshore,Onshore,Onshore,10.0,0.0
499,Charteris Bay Paradise Beach,2015-02-16 12:00:00,Lyttelton,0.0,0.0,0.0,0.0,0.0,0.0,incoming,medium,muddy,6,forest,1,0,0,0.0,0.0,1.51,2.0,3.12,1.38,2.16,69.1,61.8,42.5,90,-43.6419,172.7121,2,8,0,0,12,0,Offshore,Offshore,Alongshore,12.0,0.0
500,Charteris Bay Paradise Beach,2015-02-23 09:00:00,Lyttelton,0.0,0.0,0.8,0.8,3.0,3.0,ebbing,medium,muddy,6,forest,1,0,0,1.6,6.0,2.25,1.66,1.41,11.17,2.45,226.4,214.3,217.3,90,-43.6419,172.7121,2,9,0,0,9,0,Onshore,Alongshore,Alongshore,12.0,0.0
501,Charteris Bay Paradise Beach,2015-11-17 10:00:00,Lyttelton,0.0,0.0,0.0,0.0,0.0,0.0,ebbing,medium,muddy,6,forest,1,0,0,0.0,0.0,2.32,4.96,6.47,10.4,2.0,248.8,255.2,261.1,90,-43.6419,172.7121,11,47,1,0,10,0,Onshore,Onshore,Onshore,,0.0
502,Charteris Bay Paradise Beach,2015-11-23 13:00:00,Lyttelton,0.0,0.0,0.0,0.0,0.0,0.0,incoming,medium,muddy,6,forest,1,0,0,0.0,0.0,3.62,4.18,3.34,0.92,2.4,59.3,72.2,64.8,90,-43.6419,172.7121,11,48,0,0,13,0,Offshore,Offshore,Offshore,10.0,0.0
503,Charteris Bay Paradise Beach,2015-11-30 06:00:00,Lyttelton,0.0,0.0,0.0,0.8,0.8,0.8,incoming,medium,muddy,6,forest,1,0,0,0.4,2.0,8.42,7.93,7.7,1.83,2.47,73.0,67.7,65.4,90,-43.6419,172.7121,11,49,0,0,6,0,Offshore,Offshore,Offshore,10.0,0.0
504,Charteris Bay Paradise Beach,2015-12-10 13:00:00,Lyttelton,0.0,0.0,0.0,0.0,0.0,1.4,incoming,medium,muddy,6,forest,1,0,0,0.0,0.0,2.97,3.73,5.72,2.65,2.0,69.7,70.5,63.1,90,-43.6419,172.7121,12,50,3,0,13,0,Offshore,Offshore,Offshore,10.0,0.0
505,Charteris Bay Paradise Beach,2015-12-14 04:00:00,Lyttelton,0.0,0.0,0.8,8.0,8.0,8.0,incoming,medium,muddy,6,forest,1,0,0,4.6,4.0,1.07,0.28,0.99,1.87,2.34,289.4,27.5,265.1,90,-43.6419,172.7121,12,51,0,0,4,0,Onshore,Alongshore,Onshore,10.0,0.0
506,Charteris Bay Paradise Beach,2015-12-23 12:00:00,Lyttelton,0.0,0.0,0.0,1.4,1.8,1.8,incoming,medium,muddy,6,forest,1,0,0,0.8,5.0,2.22,3.13,3.71,2.48,2.29,254.8,248.1,256.3,90,-43.6419,172.7121,12,52,2,0,12,1,Onshore,Onshore,Onshore,10.0,0.0
507,Charteris Bay Paradise Beach,2016-01-05 10:00:00,Lyttelton,0.0,0.0,0.0,0.0,0.2,16.6,incoming,medium,muddy,6,forest,1,0,0,0.2,1.0,2.64,2.36,2.01,2.48,1.97,78.9,101.2,71.7,90,-43.6419,172.7121,1,1,1,0,10,1,Offshore,Offshore,Offshore,10.0,0.0
508,Charteris Bay Paradise Beach,2016-01-11 15:00:00,Lyttelton,0.0,0.0,0.0,0.0,0.0,0.0,incoming,medium,muddy,6,forest,1,0,0,0.0,0.0,7.55,10.98,12.36,2.78,2.13,78.3,77.9,72.6,90,-43.6419,172.7121,1,2,0,0,15,0,Offshore,Offshore,Offshore,10.0,0.0
509,Charteris Bay Paradise Beach,2016-01-18 09:00:00,Lyttelton,1.6,1.6,1.8,1.8,2.2,14.6,incoming,medium,muddy,6,forest,1,0,0,0.8,5.0,5.44,6.05,6.69,2.58,2.3,57.8,52.0,47.9,90,-43.6419,172.7121,1,3,0,0,9,0,Offshore,Offshore,Offshore,10.0,0.0
510,Charteris Bay Paradise Beach,2016-01-25 15:00:00,Lyttelton,0.0,0.0,0.0,0.0,0.0,0.0,incoming,medium,muddy,6,forest,1,0,0,0.0,0.0,0.73,2.93,2.77,2.7,2.15,289.4,286.9,348.0,90,-43.6419,172.7121,1,4,0,0,15,0,Onshore,Onshore,Alongshore,10.0,0.0
511,Charteris Bay Paradise Beach,2016-02-02 09:00:00,Lyttelton,0.0,0.0,0.0,0.0,0.0,0.0,incoming,medium,muddy,6,forest,1,0,0,0.0,0.0,1.85,0.63,0.54,2.4,1.94,191.5,209.7,262.1,90,-43.6419,172.7121,2,5,1,0,9,1,Alongshore,Alongshore,Onshore,10.0,0.0
512,Charteris Bay Paradise Beach,2016-02-09 14:00:00,Lyttelton,0.0,0.0,0.0,0.0,0.0,0.0,incoming,medium,muddy,6,forest,1,0,0,0.0,0.0,2.43,0.8,4.42,2.77,2.26,261.6,259.0,64.7,90,-43.6419,172.7121,2,6,1,0,14,1,Onshore,Onshore,Offshore,10.0,0.0
513,Charteris Bay Paradise Beach,2016-02-15 09:00:00,Lyttelton,0.0,0.0,0.0,0.0,0.0,0.0,incoming,medium,muddy,6,forest,1,0,0,0.0,0.0,0.9,0.35,0.86,1.22,2.34,93.5,301.2,26.6,90,-43.6419,172.7121,2,7,0,0,9,0,Offshore,Onshore,Alongshore,10.0,0.0
514,Charteris Bay Paradise Beach,2016-02-22 14:00:00,Lyttelton,0.0,0.0,0.0,0.0,0.0,0.0,incoming,medium,muddy,6,forest,1,0,0,0.0,0.0,3.78,6.56,6.99,2.73,2.12,68.5,69.6,67.6,90,-43.6419,172.7121,2,8,0,0,14,0,Offshore,Offshore,Offshore,10.0,0.0
515,Charteris Bay Paradise Beach,2016-02-29 09:00:00,Lyttelton,0.0,0.0,0.0,0.0,0.0,0.0,incoming,medium,muddy,6,forest,1,0,0,0.0,0.0,5.03,7.54,7.76,0.5,2.0,238.2,244.5,256.5,90,-43.6419,172.7121,2,9,0,0,9,0,Onshore,Onshore,Onshore,10.0,0.0
516,Charteris Bay Paradise Beach,2016-11-21 10:00:00,Lyttelton,0.0,0.0,0.0,0.0,0.0,0.0,incoming,medium,muddy,6,forest,1,0,0,0.0,0.0,0.8,1.73,3.37,0.17,2.41,63.6,58.6,50.7,90,-43.6419,172.7121,11,47,0,0,10,0,Offshore,Offshore,Offshore,,0.0
517,Charteris Bay Paradise Beach,2016-11-28 14:00:00,Lyttelton,0.0,0.0,0.0,0.0,0.0,0.0,incoming,medium,muddy,6,forest,1,0,0,0.0,0.0,2.43,2.15,7.13,1.78,2.04,79.8,106.2,191.9,90,-43.6419,172.7121,11,48,0,0,14,0,Offshore,Offshore,Alongshore,10.0,0.0
518,Charteris Bay Paradise Beach,2016-12-05 09:00:00,Lyttelton,0.0,0.0,0.0,0.0,0.0,0.8,ebbing,medium,muddy,6,forest,1,0,0,0.0,0.0,4.04,3.97,5.39,11.87,1.92,63.2,64.0,58.9,90,-43.6419,172.7121,12,49,0,0,9,0,Offshore,Offshore,Offshore,10.0,0.0
519,Charteris Bay Paradise Beach,2016-12-12 13:00:00,Lyttelton,0.6,2.2,5.6,6.0,9.0,9.0,incoming,medium,muddy,6,forest,1,0,0,2.2,14.0,6.3,10.35,11.35,1.22,2.38,218.6,233.2,236.3,90,-43.6419,172.7121,12,50,0,0,13,0,Alongshore,Onshore,Onshore,10.0,0.0
520,Charteris Bay Paradise Beach,2016-12-19 09:00:00,Lyttelton,0.0,0.0,0.0,0.0,0.0,0.0,ebbing,medium,muddy,6,forest,1,0,0,0.0,0.0,0.64,4.41,7.06,12.13,2.18,72.9,64.2,337.7,90,-43.6419,172.7121,12,51,0,0,9,0,Offshore,Offshore,Alongshore,28.75,0.0
521,Charteris Bay Paradise Beach,2016-12-28 14:00:00,Lyttelton,0.0,0.0,0.0,0.0,0.0,0.0,incoming,medium,muddy,6,forest,1,0,0,0.0,0.0,6.92,9.06,9.62,2.1,1.97,70.3,69.5,63.1,90,-43.6419,172.7121,12,52,2,0,14,1,Offshore,Offshore,Offshore,25.0,0.0
522,Charteris Bay Paradise Beach,2017-01-04 09:00:00,Lyttelton,0.0,0.0,0.4,1.2,1.2,1.2,ebbing,medium,muddy,6,forest,1,0,0,0.4,5.0,4.65,1.46,2.13,12.35,2.07,66.2,286.0,256.8,90,-43.6419,172.7121,1,1,2,0,9,1,Offshore,Onshore,Onshore,25.0,0.0
523,Charteris Bay Paradise Beach,2017-01-09 13:00:00,Lyttelton,0.0,0.0,0.0,0.0,3.4,15.0,ebbing,medium,muddy,6,forest,1,0,0,1.4,8.0,1.61,3.74,6.55,12.6,2.46,64.7,64.7,290.9,90,-43.6419,172.7121,1,2,0,0,13,0,Offshore,Offshore,Onshore,25.0,0.0
524,Charteris Bay Paradise Beach,2017-01-16 09:00:00,Lyttelton,0.0,0.0,0.0,0.0,0.6,0.6,ebbing,medium,muddy,6,forest,1,0,0,0.6,1.0,0.8,5.92,6.81,11.1,2.22,73.0,62.6,11.4,90,-43.6419,172.7121,1,3,0,0,9,0,Offshore,Offshore,Alongshore,25.0,0.0
525,Charteris Bay Paradise Beach,2017-01-24 13:00:00,Lyttelton,0.0,0.0,0.0,0.0,6.4,13.4,incoming,medium,muddy,6,forest,1,0,0,1.6,11.0,8.76,9.38,10.27,0.45,1.93,78.1,74.8,79.1,90,-43.6419,172.7121,1,4,1,0,13,0,Offshore,Offshore,Offshore,10.0,0.0
526,Charteris Bay Paradise Beach,2017-01-30 08:00:00,Lyttelton,0.0,0.0,0.0,0.0,0.0,0.0,ebbing,medium,muddy,6,forest,1,0,0,0.0,0.0,1.39,5.21,7.31,10.63,2.09,66.0,64.6,64.3,90,-43.6419,172.7121,1,5,0,0,8,0,Offshore,Offshore,Offshore,10.0,0.0
527,Charteris Bay Paradise Beach,2017-02-07 13:00:00,Lyttelton,0.0,0.0,0.0,0.3,0.3,0.3,incoming,medium,muddy,6,forest,1,0,0,0.2,2.0,1.6,1.18,1.02,0.35,2.21,68.3,151.2,244.2,90,-43.6419,172.7121,2,6,1,0,13,1,Offshore,Alongshore,Onshore,10.0,0.0
528,Charteris Bay Paradise Beach,2017-02-13 08:00:00,Lyttelton,0.0,0.0,0.0,0.0,0.0,0.0,ebbing,medium,muddy,6,forest,1,0,0,0.0,0.0,2.07,1.96,1.01,10.72,2.24,81.7,43.0,24.5,90,-43.6419,172.7121,2,7,0,0,8,0,Offshore,Alongshore,Alongshore,10.0,0.0
529,Charteris Bay Paradise Beach,2017-02-20 12:00:00,Lyttelton,0.0,0.0,0.0,0.0,0.8,2.8,incoming,medium,muddy,6,forest,1,0,0,0.2,4.0,8.81,8.09,9.08,0.15,1.93,66.9,69.8,69.6,90,-43.6419,172.7121,2,8,0,0,12,0,Offshore,Offshore,Offshore,10.0,0.0
530,Charteris Bay Paradise Beach,2017-03-02 08:00:00,Lyttelton,0.0,0.0,0.0,0.0,0.0,0.0,ebbing,medium,muddy,6,forest,1,0,0,0.0,0.0,1.14,0.45,0.7,11.6,2.33,233.8,356.5,315.9,90,-43.6419,172.7121,3,9,3,0,8,0,Onshore,Alongshore,Alongshore,10.0,0.0
531,Charteris Bay Paradise Beach,2017-11-23 09:00:00,Lyttelton,0.0,0.0,0.0,0.0,0.0,0.0,ebbing,medium,muddy,6,forest,1,0,0,0.0,0.0,0.75,1.75,2.58,11.37,1.89,96.8,106.3,98.4,90,-43.6419,172.7121,11,47,3,0,9,0,Offshore,Offshore,Offshore,,0.0
532,Charteris Bay Paradise Beach,2017-11-29 11:00:00,Lyttelton,0.0,0.0,0.0,0.0,0.0,0.0,incoming,medium,muddy,6,forest,1,0,0,0.0,0.0,2.13,2.93,4.3,1.05,2.16,78.8,79.9,73.0,90,-43.6419,172.7121,11,48,2,0,11,0,Offshore,Offshore,Offshore,10.0,0.0
533,Charteris Bay Paradise Beach,2017-12-06 08:00:00,Lyttelton,0.0,0.0,0.0,0.0,0.0,0.0,ebbing,medium,muddy,6,forest,1,0,0,0.0,0.0,1.97,1.69,3.69,10.88,2.36,75.2,62.0,41.8,90,-43.6419,172.7121,12,49,2,0,8,0,Offshore,Offshore,Alongshore,10.0,0.0
534,Charteris Bay Paradise Beach,2017-12-13 12:00:00,Lyttelton,0.0,0.0,1.2,1.2,1.2,1.2,incoming,medium,muddy,6,forest,1,0,0,0.6,2.0,7.26,8.1,10.2,0.9,2.2,63.1,60.2,56.7,90,-43.6419,172.7121,12,50,2,0,12,0,Offshore,Offshore,Offshore,10.0,0.0
535,Charteris Bay Paradise Beach,2017-12-20 08:00:00,Lyttelton,0.0,0.0,0.0,0.0,0.0,0.2,ebbing,medium,muddy,6,forest,1,0,0,0.0,0.0,13.36,13.3,12.02,10.6,1.95,225.6,225.6,228.2,90,-43.6419,172.7121,12,51,2,0,8,1,Onshore,Onshore,Onshore,10.0,0.0
536,Charteris Bay Paradise Beach,2017-12-28 10:00:00,Lyttelton,0.0,0.0,0.0,0.2,3.8,5.4,incoming,medium,muddy,6,forest,1,0,0,1.0,8.0,3.8,3.36,3.92,1.73,2.17,218.9,234.7,228.1,90,-43.6419,172.7121,12,52,3,0,10,1,Alongshore,Onshore,Onshore,10.0,0.0
537,Charteris Bay Paradise Beach,2018-01-10 12:00:00,Lyttelton,1.6,2.2,2.8,2.8,2.8,2.8,ebbing,medium,muddy,6,forest,1,0,0,1.0,6.0,8.39,9.75,9.43,11.9,2.15,255.8,261.2,263.0,90,-43.6419,172.7121,1,2,2,0,12,0,Onshore,Onshore,Onshore,10.0,0.0
538,Charteris Bay Paradise Beach,2018-01-15 16:00:00,Lyttelton,0.0,0.0,0.0,0.0,0.0,0.2,ebbing,medium,muddy,6,forest,1,0,0,0.0,0.0,10.31,11.58,10.43,11.83,2.22,78.3,75.6,71.2,90,-43.6419,172.7121,1,3,0,0,16,0,Offshore,Offshore,Offshore,45.8,0.0
539,Charteris Bay Paradise Beach,2018-01-24 11:00:00,Lyttelton,0.0,0.0,0.0,0.0,0.0,0.0,ebbing,medium,muddy,6,forest,1,0,0,0.0,0.0,0.85,0.17,0.43,11.55,2.07,336.6,103.7,273.0,90,-43.6419,172.7121,1,4,2,0,11,0,Alongshore,Offshore,Onshore,45.8,0.0
540,Charteris Bay Paradise Beach,2018-02-02 10:00:00,Lyttelton,0.4,1.0,2.2,2.2,2.2,2.2,ebbing,medium,muddy,6,forest,1,0,0,0.6,8.0,10.74,10.9,11.23,7.6,2.38,240.3,242.0,245.1,90,-43.6419,172.7121,2,5,4,0,10,1,Onshore,Onshore,Onshore,45.8,0.0
541,Charteris Bay Paradise Beach,2018-02-05 08:00:00,Lyttelton,0.0,0.0,0.0,0.0,1.2,1.6,incoming,medium,muddy,6,forest,1,0,0,0.6,3.0,3.05,1.54,0.95,0.08,2.46,9.9,52.6,308.4,90,-43.6419,172.7121,2,6,0,0,8,1,Alongshore,Offshore,Onshore,147.8,0.09090909090909091
542,Charteris Bay Paradise Beach,2018-02-07 08:00:00,Lyttelton,0.0,0.4,0.4,0.4,0.4,0.4,incoming,medium,muddy,6,forest,1,0,0,0.4,1.0,2.11,1.98,1.95,1.78,2.23,72.4,70.6,48.2,90,-43.6419,172.7121,2,6,2,0,8,1,Offshore,Offshore,Offshore,147.8,0.08333333333333333
543,Charteris Bay Paradise Beach,2018-02-14 13:00:00,Lyttelton,0.0,0.0,0.0,0.0,0.0,1.0,incoming,medium,muddy,6,forest,1,0,0,0.0,0.0,6.17,8.11,8.12,2.32,1.95,242.8,242.1,244.8,90,-43.6419,172.7121,2,7,2,0,13,0,Onshore,Onshore,Onshore,112.0,0.07692307692307693
544,Charteris Bay Paradise Beach,2018-02-27 14:00:00,Lyttelton,0.0,0.0,0.0,0.0,3.4,3.4,ebbing,medium,muddy,6,forest,1,0,0,1.2,6.0,2.06,4.64,6.21,12.33,2.52,79.2,78.4,81.3,90,-43.6419,172.7121,2,9,1,0,14,0,Offshore,Offshore,Offshore,112.0,0.07142857142857142
545,Charteris Bay Paradise Beach,2018-03-14 14:00:00,Lyttelton,0.0,0.0,0.0,0.0,0.0,0.0,incoming,medium,muddy,6,forest,1,0,0,0.0,0.0,2.98,5.76,7.75,0.8,1.93,78.9,81.9,78.9,90,-43.6419,172.7121,3,11,2,0,14,0,Offshore,Offshore,Offshore,112.0,0.06666666666666667
546,Charteris Bay Paradise Beach,2018-03-20 09:00:00,Lyttelton,0.0,0.0,0.0,0.0,0.0,0.0,ebbing,medium,muddy,6,forest,1,0,0,0.0,0.0,6.43,5.75,6.37,9.92,2.21,61.8,58.2,58.9,90,-43.6419,172.7121,3,12,1,0,9,0,Offshore,Offshore,Offshore,10.0,0.0625
547,Charteris Bay Paradise Beach,2018-11-13 09:00:00,Lyttelton,0.0,0.0,0.0,0.0,0.0,0.0,ebbing,medium,muddy,6,forest,1,0,0,0.0,0.0,3.09,4.07,5.37,12.03,1.95,251.4,257.6,256.8,90,-43.6419,172.7121,11,46,1,0,9,0,Onshore,Onshore,Onshore,,0.0
548,Charteris Bay Paradise Beach,2018-11-19 13:00:00,Lyttelton,0.2,0.2,0.4,1.2,1.2,1.2,incoming,medium,muddy,6,forest,1,0,0,0.6,4.0,3.93,4.39,7.32,0.5,2.08,229.1,235.3,235.5,90,-43.6419,172.7121,11,47,0,0,13,0,Onshore,Onshore,Onshore,10.0,0.0
549,Charteris Bay Paradise Beach,2018-11-29 09:00:00,Lyttelton,0.0,0.0,0.0,1.4,5.0,5.0,incoming,medium,muddy,6,forest,1,0,0,1.6,12.0,6.5,6.32,6.59,0.3,2.49,75.4,72.5,75.0,90,-43.6419,172.7121,11,48,3,0,9,0,Offshore,Offshore,Offshore,10.0,0.0
550,Charteris Bay Paradise Beach,2018-12-03 13:00:00,Lyttelton,0.0,0.2,0.2,0.6,1.2,1.6,incoming,medium,muddy,6,forest,1,0,0,0.2,6.0,9.98,10.31,11.12,0.48,2.31,70.3,67.3,67.2,90,-43.6419,172.7121,12,49,0,0,13,0,Offshore,Offshore,Offshore,10.0,0.0
551,Charteris Bay Paradise Beach,2018-12-11 09:00:00,Lyttelton,0.0,0.0,0.0,0.0,0.0,0.0,ebbing,medium,muddy,6,forest,1,0,0,0.0,0.0,6.18,6.76,7.7,10.55,1.96,63.0,58.8,60.0,90,-43.6419,172.7121,12,50,1,0,9,0,Offshore,Offshore,Offshore,10.0,0.0
552,Charteris Bay Paradise Beach,2018-12-17 12:00:00,Lyttelton,0.0,0.0,0.0,0.0,0.0,0.0,incoming,medium,muddy,6,forest,1,0,0,0.0,0.0,6.48,6.09,7.13,0.18,2.05,79.8,77.8,70.9,90,-43.6419,172.7121,12,51,0,0,12,0,Offshore,Offshore,Offshore,10.0,0.0
553,Charteris Bay Paradise Beach,2018-12-28 09:00:00,Lyttelton,0.0,0.0,0.0,0.0,0.0,0.2,ebbing,medium,muddy,6,forest,1,0,0,0.0,0.0,5.12,6.76,8.31,12.48,2.26,70.7,66.8,63.7,90,-43.6419,172.7121,12,52,4,0,9,1,Offshore,Offshore,Offshore,10.0,0.0
554,Charteris Bay Paradise Beach,2019-01-09 08:00:00,Lyttelton,0.0,0.0,0.0,0.0,0.0,6.2,ebbing,medium,muddy,6,forest,1,0,0,0.0,0.0,8.69,10.05,9.92,10.8,1.95,62.5,65.2,60.4,90,-43.6419,172.7121,1,2,2,0,8,0,Offshore,Offshore,Offshore,10.0,0.0
555,Charteris Bay Paradise Beach,2019-01-15 11:00:00,Lyttelton,0.0,0.0,0.0,0.2,14.2,14.2,ebbing,medium,muddy,6,forest,1,0,0,5.2,11.0,6.75,6.76,6.65,12.37,2.01,222.0,223.7,235.7,90,-43.6419,172.7121,1,3,1,0,11,0,Alongshore,Alongshore,Onshore,10.0,0.0
556,Charteris Bay Paradise Beach,2019-01-18 11:00:00,Lyttelton,0.0,0.0,0.0,0.0,0.0,0.0,incoming,medium,muddy,6,forest,1,0,0,0.0,0.0,5.34,5.88,6.4,2.97,2.12,235.5,245.8,247.4,90,-43.6419,172.7121,1,3,4,0,11,0,Onshore,Onshore,Onshore,41.8,0.0
557,Charteris Bay Paradise Beach,2019-01-24 08:00:00,Lyttelton,0.0,0.0,0.2,3.0,3.2,3.2,ebbing,medium,muddy,6,forest,1,0,0,1.8,5.0,7.16,4.48,3.67,11.65,2.37,247.7,246.1,237.3,90,-43.6419,172.7121,1,4,3,0,8,0,Onshore,Onshore,Onshore,41.8,0.0
558,Charteris Bay Paradise Beach,2019-01-28 09:00:00,Lyttelton,0.0,0.0,0.0,0.0,0.0,0.0,incoming,medium,muddy,6,forest,1,0,0,0.0,0.0,1.66,1.72,4.48,1.4,2.31,280.1,278.8,34.3,90,-43.6419,172.7121,1,5,0,0,9,0,Onshore,Onshore,Alongshore,73.4,0.0
559,Charteris Bay Paradise Beach,2019-02-14 11:00:00,Lyttelton,0.0,0.0,0.0,0.0,0.0,0.0,incoming,medium,muddy,6,forest,1,0,0,0.0,0.0,7.95,8.0,7.8,0.8,2.03,83.1,76.4,71.2,90,-43.6419,172.7121,2,7,3,0,11,0,Offshore,Offshore,Offshore,81.8,0.0
560,Charteris Bay Paradise Beach,2019-02-18 14:00:00,Lyttelton,0.0,0.0,0.0,0.0,0.0,0.0,incoming,medium,muddy,6,forest,1,0,0,0.0,0.0,2.05,5.66,8.09,1.1,2.28,86.2,85.7,80.9,90,-43.6419,172.7121,2,8,0,0,14,0,Offshore,Offshore,Offshore,81.8,0.0
561,Charteris Bay Paradise Beach,2019-02-28 12:00:00,Lyttelton,0.0,0.0,1.0,3.0,3.0,3.0,incoming,medium,muddy,6,forest,1,0,0,0.8,6.0,11.17,10.63,10.37,0.22,2.03,228.3,228.8,230.9,90,-43.6419,172.7121,2,9,3,0,12,0,Onshore,Onshore,Onshore,58.4,0.0
562,Charteris Bay Paradise Beach,2019-11-18 10:00:00,Lyttelton,0.0,0.0,0.0,0.0,0.0,0.0,ebbing,medium,muddy,6,forest,1,0,0,0.0,0.0,3.1,4.77,5.33,11.13,2.01,239.9,256.0,265.2,90,-43.6419,172.7121,11,47,0,0,10,0,Onshore,Onshore,Onshore,,0.0
563,Charteris Bay Paradise Beach,2019-12-03 10:00:00,Lyttelton,0.0,0.0,0.0,0.0,0.0,0.0,ebbing,medium,muddy,6,forest,1,0,0,0.0,0.0,6.46,8.29,8.52,12.03,1.95,74.8,74.5,73.3,90,-43.6419,172.7121,12,49,1,0,10,0,Offshore,Offshore,Offshore,10.0,0.0
564,Charteris Bay Paradise Beach,2019-12-10 14:00:00,Lyttelton,0.0,0.0,0.0,0.0,0.0,0.0,incoming,medium,muddy,6,forest,1,0,0,0.0,0.0,5.48,7.56,8.31,0.9,2.01,88.2,89.0,84.8,90,-43.6419,172.7121,12,50,1,0,14,0,Offshore,Offshore,Offshore,15.0,0.0
565,Charteris Bay Paradise Beach,2019-12-18 10:00:00,Lyttelton,2.4,5.0,13.8,17.8,22.6,22.6,ebbing,medium,muddy,6,forest,1,0,0,2.8,30.0,13.75,13.51,15.25,12.07,2.15,245.0,244.3,245.8,90,-43.6419,172.7121,12,51,2,0,10,0,Onshore,Onshore,Onshore,13.333333333333334,0.0
566,Charteris Bay Paradise Beach,2019-12-20 12:00:00,Lyttelton,0.0,0.0,0.2,0.2,0.2,18.2,ebbing,medium,muddy,6,forest,1,0,0,0.2,1.0,7.54,9.9,14.28,11.63,2.23,238.4,251.3,263.2,90,-43.6419,172.7121,12,51,4,0,12,1,Onshore,Onshore,Onshore,130.0,0.2
567,Charteris Bay Paradise Beach,2019-12-30 08:00:00,Lyttelton,0.0,0.0,0.0,0.0,0.0,0.0,ebbing,medium,muddy,6,forest,1,0,0,0.0,0.0,1.05,0.86,2.11,12.27,2.01,112.3,266.6,274.7,90,-43.6419,172.7121,12,1,0,0,8,1,Offshore,Onshore,Onshore,106.0,0.16666666666666666
568,Charteris Bay Paradise Beach,2020-01-07 13:00:00,Lyttelton,0.0,0.4,0.4,0.4,0.4,0.6,incoming,medium,muddy,6,forest,1,0,0,0.4,1.0,12.85,10.59,9.3,0.38,1.96,230.5,229.9,233.6,90,-43.6419,172.7121,1,2,1,0,13,0,Onshore,Onshore,Onshore,106.0,0.14285714285714285
569,Charteris Bay Paradise Beach,2020-01-15 09:00:00,Lyttelton,0.0,0.0,0.0,0.0,1.0,1.0,ebbing,medium,muddy,6,forest,1,0,0,0.4,4.0,0.84,0.3,0.64,11.2,2.25,165.5,214.6,69.8,90,-43.6419,172.7121,1,3,2,0,9,0,Alongshore,Alongshore,Offshore,124.0,0.125
570,Charteris Bay Paradise Beach,2020-01-21 12:00:00,Lyttelton,0.0,0.0,0.0,0.0,0.2,0.2,incoming,medium,muddy,6,forest,1,0,0,0.2,1.0,3.69,4.64,5.08,1.2,2.13,91.4,82.1,72.6,90,-43.6419,172.7121,1,4,1,0,12,0,Offshore,Offshore,Offshore,124.0,0.1111111111111111
571,Charteris Bay Paradise Beach,2020-01-28 08:00:00,Lyttelton,0.0,0.0,0.0,0.0,0.0,0.0,ebbing,medium,muddy,6,forest,1,0,0,0.0,0.0,6.07,6.33,7.1,10.85,2.01,269.4,272.0,274.0,90,-43.6419,172.7121,1,5,1,0,8,0,Onshore,Onshore,Onshore,30.0,0.1
572,Charteris Bay Paradise Beach,2020-02-05 12:00:00,Lyttelton,0.0,0.0,2.4,6.0,6.0,6.0,incoming,medium,muddy,6,forest,1,0,0,1.8,9.0,7.58,4.12,3.45,0.5,1.94,244.7,249.6,248.5,90,-43.6419,172.7121,2,6,2,0,12,1,Onshore,Onshore,Onshore,30.0,0.09090909090909091
573,Charteris Bay Paradise Beach,2020-02-11 07:00:00,Lyttelton,0.0,0.0,0.0,0.0,0.0,0.8,ebbing,medium,muddy,6,forest,1,0,0,0.0,0.0,1.45,2.7,2.8,10.93,2.34,275.6,271.0,277.1,90,-43.6419,172.7121,2,7,1,0,7,0,Onshore,Onshore,Onshore,32.0,0.08333333333333333
574,Charteris Bay Paradise Beach,2020-02-19 13:00:00,Lyttelton,0.0,0.0,0.0,0.0,0.0,0.0,ebbing,medium,muddy,6,forest,1,0,0,0.0,0.0,1.03,2.18,6.14,12.53,2.27,90.8,91.5,106.3,90,-43.6419,172.7121,2,8,2,0,13,0,Offshore,Offshore,Offshore,12.0,0.07692307692307693
575,Charteris Bay Paradise Beach,2020-02-26 09:00:00,Lyttelton,0.0,0.0,0.0,0.0,0.0,0.0,ebbing,medium,muddy,6,forest,1,0,0,0.0,0.0,6.19,6.22,6.55,10.17,2.03,82.0,79.8,74.2,90,-43.6419,172.7121,2,9,2,0,9,0,Offshore,Offshore,Offshore,12.0,0.07142857142857142
576,Charteris Bay Paradise Beach,2020-03-04 12:00:00,Lyttelton,0.0,0.0,0.0,1.2,1.2,1.2,ebbing,medium,muddy,6,forest,1,0,0,0.8,3.0,4.58,6.84,8.3,12.47,2.12,232.8,237.2,244.5,90,-43.6419,172.7121,3,10,2,0,12,0,Onshore,Onshore,Onshore,12.0,0.06666666666666667
577,Charteris Bay Paradise Beach,2020-03-18 12:00:00,Lyttelton,0.0,0.0,0.0,0.0,0.0,0.0,incoming,medium,muddy,6,forest,1,0,0,0.0,0.0,1.17,2.93,5.93,0.15,2.03,88.3,91.6,89.3,90,-43.6419,172.7121,3,12,2,0,12,0,Offshore,Offshore,Offshore,12.0,0.0625
578,Charteris Bay Paradise Beach,2020-11-10 12:00:00,Lyttelton,0.0,0.0,0.0,0.0,0.0,20.0,incoming,medium,muddy,6,forest,1,0,0,0.0,0.0,2.28,1.64,0.42,0.12,2.27,297.0,280.9,275.4,90,-43.6419,172.7121,11,46,1,0,12,0,Onshore,Onshore,Onshore,,0.0
579,Charteris Bay Paradise Beach,2020-11-23 11:00:00,Lyttelton,0.0,0.0,0.0,0.4,7.0,7.0,incoming,medium,muddy,6,forest,1,0,0,3.2,10.0,1.97,0.59,1.14,0.03,2.25,223.1,209.5,244.3,90,-43.6419,172.7121,11,48,0,0,11,0,Alongshore,Alongshore,Onshore,10.0,0.0
580,Charteris Bay Paradise Beach,2020-12-03 07:00:00,Lyttelton,0.0,0.0,0.0,0.0,0.0,2.6,ebbing,medium,muddy,6,forest,1,0,0,0.0,0.0,5.09,4.63,4.18,11.37,1.89,258.6,264.1,266.6,90,-43.6419,172.7121,12,49,3,0,7,0,Onshore,Onshore,Onshore,10.0,0.0
581,Charteris Bay Paradise Beach,2020-12-10 10:00:00,Lyttelton,0.0,0.0,0.0,0.0,0.0,0.0,incoming,medium,muddy,6,forest,1,0,0,0.0,0.0,4.18,6.8,7.07,1.78,2.31,260.0,263.8,264.1,90,-43.6419,172.7121,12,50,3,0,10,0,Onshore,Onshore,Onshore,10.0,0.0
582,Charteris Bay Paradise Beach,2020-12-17 07:00:00,Lyttelton,0.0,0.0,0.0,0.0,0.0,0.0,ebbing,medium,muddy,6,forest,1,0,0,0.0,0.0,3.32,1.39,1.87,11.23,2.19,214.4,68.9,76.7,90,-43.6419,172.7121,12,51,3,0,7,0,Alongshore,Offshore,Offshore,10.0,0.0
583,Charteris Bay Paradise Beach,2020-12-22 10:00:00,Lyttelton,0.4,2.4,2.6,8.0,13.2,13.2,incoming,medium,muddy,6,forest,1,0,0,1.8,20.0,6.25,6.0,4.95,0.55,2.2,84.4,80.5,73.5,90,-43.6419,172.7121,12,52,1,0,10,1,Offshore,Offshore,Offshore,10.0,0.0
584,Charteris Bay Paradise Beach,2020-12-29 15:00:00,Lyttelton,0.0,0.0,0.0,0.0,0.0,6.8,incoming,medium,muddy,6,forest,1,0,0,0.0,0.0,4.19,7.07,8.5,1.15,1.92,86.4,86.3,85.2,90,-43.6419,172.7121,12,53,1,0,15,1,Offshore,Offshore,Offshore,10.0,0.0
585,Charteris Bay Paradise Beach,2021-01-11 13:00:00,Lyttelton,0.0,0.0,0.0,0.0,0.2,0.2,incoming,medium,muddy,6,forest,1,0,0,0.2,1.0,1.41,1.15,2.21,1.7,2.21,85.6,50.2,290.1,90,-43.6419,172.7121,1,2,0,0,13,0,Offshore,Offshore,Onshore,10.0,0.0
586,Charteris Bay Paradise Beach,2021-01-19 09:00:00,Lyttelton,0.0,0.0,0.0,0.0,1.2,1.2,ebbing,medium,muddy,6,forest,1,0,0,0.8,3.0,1.06,4.16,5.61,12.3,2.02,72.9,60.9,26.4,90,-43.6419,172.7121,1,3,1,0,9,0,Offshore,Offshore,Alongshore,10.0,0.0
587,Charteris Bay Paradise Beach,2021-01-26 13:00:00,Lyttelton,0.0,0.0,0.0,0.0,0.0,0.0,incoming,medium,muddy,6,forest,1,0,0,0.0,0.0,6.06,5.84,5.39,1.58,1.89,75.6,79.9,71.5,90,-43.6419,172.7121,1,4,1,0,13,0,Offshore,Offshore,Offshore,10.0,0.0
588,Charteris Bay Paradise Beach,2021-02-03 10:00:00,Lyttelton,0.0,0.0,0.0,0.0,0.0,0.0,ebbing,medium,muddy,6,forest,1,0,0,0.0,0.0,6.52,6.09,6.04,11.7,2.23,91.4,82.7,74.5,90,-43.6419,172.7121,2,5,2,0,10,1,Offshore,Offshore,Offshore,10.0,0.0
589,Charteris Bay Paradise Beach,2021-02-10 14:00:00,Lyttelton,0.0,0.2,4.2,8.6,9.0,9.0,incoming,medium,muddy,6,forest,1,0,0,2.6,12.0,4.85,2.36,1.93,1.73,2.11,147.0,222.5,253.3,90,-43.6419,172.7121,2,6,2,0,14,0,Alongshore,Alongshore,Onshore,10.0,0.0
590,Charteris Bay Paradise Beach,2021-02-17 09:00:00,Lyttelton,0.0,0.0,0.0,0.0,0.0,0.0,ebbing,medium,muddy,6,forest,1,0,0,0.0,0.0,1.49,1.94,2.09,11.67,2.03,265.6,269.4,276.7,90,-43.6419,172.7121,2,7,2,0,9,0,Onshore,Onshore,Onshore,10.0,0.0
591,Charteris Bay Paradise Beach,2021-02-26 14:00:00,Lyttelton,0.0,0.0,0.0,0.0,0.0,0.0,incoming,medium,muddy,6,forest,1,0,0,0.0,0.0,4.88,5.62,6.07,1.7,2.05,74.9,83.0,73.8,90,-43.6419,172.7121,2,8,4,0,14,0,Offshore,Offshore,Offshore,10.0,0.0
592,Charteris Bay Paradise Beach,2021-03-03 08:00:00,Lyttelton,0.0,0.0,0.0,0.0,0.4,0.4,ebbing,medium,muddy,6,forest,1,0,0,0.2,2.0,3.54,3.15,4.13,11.7,2.35,66.6,67.4,55.4,90,-43.6419,172.7121,3,9,2,0,8,0,Offshore,Offshore,Offshore,10.0,0.0
593,Charteris Bay Paradise Beach,2021-11-26 10:00:00,Lyttelton,0.0,0.0,0.0,0.0,0.0,0.0,ebbing,medium,muddy,6,forest,1,0,0,0.0,0.0,0.36,1.1,2.77,12.2,1.8,234.4,225.2,259.7,90,-43.6419,172.7121,11,47,4,0,10,0,Onshore,Onshore,Onshore,,0.0
594,Charteris Bay Paradise Beach,2021-12-02 13:00:00,Lyttelton,0.0,0.2,0.6,0.6,0.6,0.6,incoming,medium,muddy,6,forest,1,0,0,0.2,3.0,7.08,7.7,7.87,0.95,2.3,76.0,74.7,71.6,90,-43.6419,172.7121,12,48,3,0,13,0,Offshore,Offshore,Offshore,10.0,0.0
595,Charteris Bay Paradise Beach,2021-12-09 08:00:00,Lyttelton,0.0,0.0,0.0,0.0,3.0,8.6,incoming,medium,muddy,6,forest,1,0,0,1.2,5.0,0.98,2.83,1.74,0.15,2.54,251.6,277.0,318.1,90,-43.6419,172.7121,12,49,3,0,8,0,Onshore,Onshore,Alongshore,10.0,0.0
596,Charteris Bay Paradise Beach,2021-12-16 14:00:00,Lyttelton,3.4,5.2,16.2,63.2,87.0,87.0,incoming,medium,muddy,6,forest,1,0,0,11.8,30.0,12.08,12.08,12.05,0.8,2.01,254.3,255.0,256.4,90,-43.6419,172.7121,12,50,3,0,14,0,Onshore,Onshore,Onshore,13.333333333333334,0.0
597,Charteris Bay Paradise Beach,2021-12-20 10:00:00,Lyttelton,0.0,0.0,0.0,0.0,0.2,16.4,ebbing,medium,muddy,6,forest,1,0,0,0.2,1.0,0.35,0.86,0.35,7.73,1.89,214.8,243.1,251.4,90,-43.6419,172.7121,12,51,0,0,10,1,Alongshore,Onshore,Onshore,249.75,0.2
598,Charteris Bay Paradise Beach,2021-12-23 07:00:00,Lyttelton,0.0,0.0,0.0,0.0,0.0,0.0,incoming,medium,muddy,6,forest,1,0,0,0.0,0.0,2.7,3.63,5.54,0.47,2.19,54.6,43.1,32.4,90,-43.6419,172.7121,12,51,3,0,7,1,Offshore,Alongshore,Alongshore,201.8,0.16666666666666666
599,Charteris Bay Paradise Beach,2021-12-30 12:00:00,Lyttelton,0.0,0.0,0.0,1.4,3.2,14.2,incoming,medium,muddy,6,forest,1,0,0,0.8,8.0,1.72,0.88,2.61,0.52,2.21,234.8,192.8,68.8,90,-43.6419,172.7121,12,52,3,0,12,1,Onshore,Alongshore,Offshore,201.8,0.14285714285714285
600,Charteris Bay Paradise Beach,2022-01-07 10:00:00,Lyttelton,0.0,0.0,0.0,0.0,0.4,0.4,ebbing,medium,muddy,6,forest,1,0,0,0.2,2.0,7.34,7.49,7.44,10.87,2.18,240.2,238.3,236.6,90,-43.6419,172.7121,1,1,4,0,10,0,Onshore,Onshore,Onshore,221.6,0.125
601,Charteris Bay Paradise Beach,2022-01-12 12:00:00,Lyttelton,0.0,0.0,0.0,0.0,0.0,0.0,ebbing,medium,muddy,6,forest,1,0,0,0.0,0.0,0.39,0.51,3.06,12.5,2.07,71.5,178.9,227.9,90,-43.6419,172.7121,1,2,2,0,12,0,Offshore,Alongshore,Onshore,219.6,0.1111111111111111
602,Charteris Bay Paradise Beach,2022-02-01 16:00:00,Lyttelton,0.0,0.0,0.0,0.0,0.0,,incoming,medium,muddy,6,forest,1,0,0,0.0,0.0,3.39,3.38,2.61,0.3,2.24,132.5,120.0,79.3,90,-43.6419,172.7121,2,5,1,0,16,1,Offshore,Offshore,Offshore,29.8,0.1
603,Charteris Bay Paradise Beach,2022-02-10 12:00:00,Lyttelton,0.0,2.8,26.2,65.2,66.0,66.3,ebbing,medium,muddy,6,forest,1,0,0,11.2,19.0,4.71,0.23,2.11,12.52,2.06,260.0,49.8,73.4,90,-43.6419,172.7121,2,6,3,0,12,0,Onshore,Offshore,Offshore,29.8,0.09090909090909091
604,Charteris Bay Paradise Beach,2022-02-15 16:00:00,Lyttelton,0.0,0.0,0.0,0.0,0.4,43.0,ebbing,medium,muddy,6,forest,1,0,0,0.2,2.0,6.43,7.94,8.95,11.78,2.23,84.0,84.9,82.9,90,-43.6419,172.7121,2,7,1,0,16,0,Offshore,Offshore,Offshore,44.8,0.08333333333333333
605,Charteris Bay Paradise Beach,2022-02-23 10:00:00,Lyttelton,0.0,0.0,0.6,0.6,0.6,0.6,ebbing,medium,muddy,6,forest,1,0,0,0.2,3.0,3.37,2.74,3.18,12.1,2.22,260.5,280.7,266.8,90,-43.6419,172.7121,2,8,2,0,10,0,Onshore,Onshore,Onshore,25.0,0.07692307692307693
606,Charteris Bay Paradise Beach,2022-03-09 10:00:00,Lyttelton,0.0,0.0,0.0,0.0,0.0,0.0,ebbing,medium,muddy,6,forest,1,0,0,0.0,0.0,3.09,4.49,4.32,12.52,2.08,270.3,280.1,279.2,90,-43.6419,172.7121,3,10,2,0,10,0,Onshore,Onshore,Onshore,25.0,0.07142857142857142
607,Charteris Bay Paradise Beach,2022-11-21 14:00:00,Lyttelton,0.0,0.0,0.0,0.0,6.4,55.0,incoming,medium,muddy,6,forest,1,0,0,2.8,5.0,4.23,7.1,7.83,0.12,2.13,87.0,89.7,89.4,90,-43.6419,172.7121,11,47,0,0,14,0,Offshore,Offshore,Offshore,,0.0
608,Charteris Bay Paradise Beach,2022-12-01 11:00:00,Lyttelton,0.0,0.0,0.0,0.0,0.0,0.0,ebbing,medium,muddy,6,forest,1,0,0,0.0,0.0,8.12,6.9,5.92,11.85,2.14,238.3,241.1,238.5,90,-43.6419,172.7121,12,48,3,0,11,0,Onshore,Onshore,Onshore,10.0,0.0
609,Charteris Bay Paradise Beach,2022-12-07 16:00:00,Lyttelton,0.0,0.0,0.0,0.0,0.0,0.0,ebbing,medium,muddy,6,forest,1,0,0,0.0,0.0,4.6,8.72,9.34,12.17,2.26,89.4,88.9,82.8,90,-43.6419,172.7121,12,49,2,0,16,0,Offshore,Offshore,Offshore,25.5,0.0
610,Charteris Bay Paradise Beach,2022-12-14 10:00:00,Lyttelton,0.0,0.0,0.0,0.0,0.0,1.8,ebbing,medium,muddy,6,forest,1,0,0,0.0,0.0,1.92,1.54,4.94,10.92,1.81,86.4,80.9,70.2,90,-43.6419,172.7121,12,50,2,0,10,0,Offshore,Offshore,Offshore,20.333333333333332,0.0
611,Charteris Bay Paradise Beach,2022-12-20 13:00:00,Lyttelton,0.0,0.0,1.0,1.0,11.0,35.4,incoming,medium,muddy,6,forest,1,0,0,2.2,17.0,1.98,2.28,4.15,0.15,2.1,66.0,74.2,68.7,90,-43.6419,172.7121,12,51,1,0,13,1,Offshore,Offshore,Offshore,17.75,0.0
612,Charteris Bay Paradise Beach,2022-12-29 09:00:00,Lyttelton,0.0,0.0,0.0,0.0,1.0,1.0,incoming,medium,muddy,6,forest,1,0,0,0.8,2.0,6.14,4.46,4.51,0.68,2.49,81.4,70.5,70.2,90,-43.6419,172.7121,12,52,3,0,9,1,Offshore,Offshore,Offshore,16.2,0.0
613,Charteris Bay Paradise Beach,2023-01-10 08:00:00,Lyttelton,0.0,0.0,0.0,0.0,0.0,0.0,ebbing,medium,muddy,6,forest,1,0,0,0.0,0.0,8.45,8.0,8.25,10.92,1.87,71.1,68.3,70.7,90,-43.6419,172.7121,1,2,1,0,8,0,Offshore,Offshore,Offshore,16.2,0.0
614,Charteris Bay Paradise Beach,2023-01-18 13:00:00,Lyttelton,0.0,0.0,0.0,0.0,0.0,0.0,incoming,medium,muddy,6,forest,1,0,0,0.0,0.0,2.93,6.45,7.97,0.1,2.07,93.4,87.0,86.2,90,-43.6419,172.7121,1,3,2,0,13,0,Offshore,Offshore,Offshore,10.0,0.0
615,Charteris Bay Paradise Beach,2023-01-27 10:00:00,Lyttelton,0.0,0.0,0.0,0.0,0.0,0.6,ebbing,medium,muddy,6,forest,1,0,0,0.0,0.0,0.26,0.32,1.01,11.48,2.24,105.6,216.7,173.4,90,-43.6419,172.7121,1,4,4,0,10,0,Offshore,Alongshore,Alongshore,10.0,0.0
616,Charteris Bay Paradise Beach,2023-02-01 13:00:00,Lyttelton,0.0,0.0,0.0,0.0,0.0,0.0,ebbing,medium,muddy,6,forest,1,0,0,0.0,0.0,9.07,9.73,10.63,12.58,2.15,92.6,87.7,82.8,90,-43.6419,172.7121,2,5,2,0,13,1,Offshore,Offshore,Offshore,12.0,0.0
617,Charteris Bay Paradise Beach,2023-02-10 10:00:00,Lyttelton,1.4,1.6,1.6,2.4,9.8,9.8,ebbing,medium,muddy,6,forest,1,0,0,5.0,6.0,4.43,6.52,7.73,10.37,1.94,80.0,72.3,68.9,90,-43.6419,172.7121,2,6,4,0,10,0,Offshore,Offshore,Offshore,12.0,0.0
618,Charteris Bay Paradise Beach,2023-02-15 12:00:00,Lyttelton,4.2,10.0,11.8,12.0,12.0,12.0,ebbing,medium,muddy,6,forest,1,0,0,2.2,10.0,11.93,13.94,14.74,12.1,2.24,238.6,239.9,245.6,90,-43.6419,172.7121,2,7,2,0,12,0,Onshore,Onshore,Onshore,12.0,0.0
619,Charteris Bay Paradise Beach,2023-02-17 14:00:00,Lyttelton,0.0,0.0,0.0,0.0,9.6,23.2,ebbing,medium,muddy,6,forest,1,0,0,1.8,16.0,7.6,6.92,6.7,12.07,2.46,241.5,238.3,242.7,90,-43.6419,172.7121,2,7,4,0,14,0,Onshore,Onshore,Onshore,393.6,0.07692307692307693
620,Charteris Bay Paradise Beach,2023-02-18 15:00:00,Lyttelton,0.0,0.0,0.0,0.0,0.0,7.8,ebbing,medium,muddy,6,forest,1,0,0,0.0,0.0,4.23,8.2,9.11,11.63,2.55,88.4,89.2,89.5,90,-43.6419,172.7121,2,7,5,1,15,0,Offshore,Offshore,Offshore,393.6,0.07142857142857142
621,Charteris Bay Paradise Beach,2023-02-23 09:00:00,Lyttelton,0.6,0.6,1.6,14.0,14.0,14.0,ebbing,medium,muddy,6,forest,1,0,0,3.4,15.0,5.34,5.15,5.94,10.22,2.35,257.9,259.0,260.8,90,-43.6419,172.7121,2,8,3,0,9,0,Onshore,Onshore,Onshore,391.6,0.06666666666666667
622,Charteris Bay Paradise Beach,2023-03-01 12:00:00,Lyttelton,0.0,0.0,0.0,0.0,0.0,1.8,incoming,medium,muddy,6,forest,1,0,0,0.0,0.0,6.97,8.89,10.09,0.25,1.91,91.3,86.4,80.8,90,-43.6419,172.7121,3,9,2,0,12,0,Offshore,Offshore,Offshore,404.4,0.0625
623,Charteris Bay Paradise Beach,2023-03-06 14:00:00,Lyttelton,0.0,0.0,0.0,3.2,22.8,22.8,incoming,medium,muddy,6,forest,1,0,0,4.0,16.0,1.83,0.55,1.85,1.77,1.93,87.4,261.4,284.6,90,-43.6419,172.7121,3,10,0,0,14,0,Offshore,Onshore,Onshore,404.4,0.058823529411764705
624,Charteris Bay Paradise Beach,2023-03-09 13:00:00,Lyttelton,0.0,0.0,0.0,0.0,0.2,0.2,incoming,medium,muddy,6,forest,1,0,0,0.2,1.0,3.53,5.37,5.1,4.73,2.01,31.0,45.2,60.3,90,-43.6419,172.7121,3,10,3,0,13,0,Alongshore,Offshore,Offshore,328.6,0.1111111111111111
625,Charteris Bay Paradise Beach,2023-11-15 08:00:00,Lyttelton,0.0,0.0,0.0,0.0,0.0,0.0,ebbing,medium,muddy,6,forest,1,0,0,0.0,0.0,1.76,4.34,7.47,9.88,2.01,60.7,56.3,310.5,90,-43.6419,172.7121,11,46,2,0,8,0,Offshore,Offshore,Onshore,,0.0
626,Charteris Bay Paradise Beach,2023-11-22 11:00:00,Lyttelton,0.0,0.0,0.6,0.6,0.8,10.0,incoming,medium,muddy,6,forest,1,0,0,0.4,3.0,9.71,10.2,10.56,0.63,2.36,87.0,85.5,83.8,90,-43.6419,172.7121,11,47,2,0,11,0,Offshore,Offshore,Offshore,10.0,0.0
627,Charteris Bay Paradise Beach,2023-11-27 15:00:00,Lyttelton,0.0,0.0,0.0,0.0,0.0,1.0,incoming,medium,muddy,6,forest,1,0,0,0.0,0.0,7.11,10.01,10.18,1.6,2.18,87.9,87.8,85.9,90,-43.6419,172.7121,11,48,0,0,15,0,Offshore,Offshore,Offshore,25.5,0.0
628,Charteris Bay Paradise Beach,2023-12-04 10:00:00,Lyttelton,3.2,7.6,12.6,12.6,12.6,12.6,ebbing,medium,muddy,6,forest,1,0,0,2.2,12.0,2.87,2.32,2.84,12.22,1.87,274.7,272.8,284.7,90,-43.6419,172.7121,12,49,0,0,10,0,Onshore,Onshore,Onshore,20.333333333333332,0.0
629,Charteris Bay Paradise Beach,2023-12-11 14:00:00,Lyttelton,0.0,0.0,0.0,0.0,10.4,10.4,incoming,medium,muddy,6,forest,1,0,0,5.6,3.0,7.67,8.93,9.78,0.52,1.99,87.2,88.7,80.1,90,-43.6419,172.7121,12,50,0,0,14,0,Offshore,Offshore,Offshore,17.75,0.0
630,Charteris Bay Paradise Beach,2023-12-18 08:00:00,Lyttelton,0.0,0.0,2.2,2.6,2.6,2.6,incoming,medium,muddy,6,forest,1,0,0,2.0,3.0,2.41,1.48,0.69,0.12,2.48,178.4,280.1,285.9,90,-43.6419,172.7121,12,51,0,0,8,0,Alongshore,Onshore,Onshore,16.2,0.0
631,Charteris Bay Paradise Beach,2023-12-28 07:00:00,Lyttelton,0.0,0.0,0.0,0.0,4.6,4.6,ebbing,medium,muddy,6,forest,1,0,0,3.2,4.0,6.12,7.07,6.76,10.82,1.99,66.0,65.3,67.5,90,-43.6419,172.7121,12,52,3,0,7,1,Offshore,Offshore,Offshore,16.2,0.0
632,Charteris Bay Paradise Beach,2024-01-03 10:00:00,Lyttelton,0.0,0.0,1.4,1.4,1.4,10.8,ebbing,medium,muddy,6,forest,1,0,0,0.8,3.0,5.61,6.14,8.19,12.48,1.88,86.4,80.0,73.0,90,-43.6419,172.7121,1,1,2,0,10,1,Offshore,Offshore,Offshore,10.0,0.0
633,Charteris Bay Paradise Beach,2024-01-08 13:00:00,Lyttelton,0.0,0.0,0.0,0.0,0.0,0.8,incoming,medium,muddy,6,forest,1,0,0,0.0,0.0,9.19,10.95,11.02,0.38,1.94,90.0,88.7,84.2,90,-43.6419,172.7121,1,2,0,0,13,0,Offshore,Offshore,Offshore,10.0,0.0
634,Charteris Bay Paradise Beach,2024-01-16 09:00:00,Lyttelton,0.0,0.0,0.0,13.0,22.4,22.4,ebbing,medium,muddy,6,forest,1,0,0,8.6,6.0,4.3,4.14,4.35,11.9,2.26,77.7,70.3,63.7,90,-43.6419,172.7121,1,3,1,0,9,0,Offshore,Offshore,Offshore,10.0,0.0
635,Charteris Bay Paradise Beach,2024-01-25 15:00:00,Lyttelton,0.0,0.0,0.0,0.0,1.8,1.8,incoming,medium,muddy,6,forest,1,0,0,0.4,6.0,8.46,11.32,13.28,1.23,1.95,87.2,86.2,80.4,90,-43.6419,172.7121,1,4,3,0,15,0,Offshore,Offshore,Offshore,10.0,0.0
636,Charteris Bay Paradise Beach,2024-01-31 08:00:00,Lyttelton,0.0,0.0,0.0,0.0,0.0,0.0,incoming,medium,muddy,6,forest,1,0,0,0.0,0.0,2.3,0.26,2.28,0.15,2.11,89.2,235.9,255.3,90,-43.6419,172.7121,1,5,2,0,8,1,Offshore,Onshore,Onshore,10.0,0.0
637,Charteris Bay Paradise Beach,2024-02-07 14:00:00,Lyttelton,0.0,0.0,0.0,0.0,0.0,0.0,incoming,medium,muddy,6,forest,1,0,0,0.0,0.0,8.33,8.11,7.27,0.35,1.99,266.7,262.5,263.0,90,-43.6419,172.7121,2,6,2,0,14,1,Onshore,Onshore,Onshore,10.0,0.0
638,Charteris Bay Paradise Beach,2024-02-13 07:00:00,Lyttelton,0.0,0.2,0.2,0.2,2.6,13.8,ebbing,medium,muddy,6,forest,1,0,0,1.2,6.0,5.39,6.34,7.47,12.48,2.37,66.5,67.9,66.6,90,-43.6419,172.7121,2,7,1,0,7,0,Offshore,Offshore,Offshore,10.0,0.0
639,Charteris Bay Paradise Beach,2024-02-19 12:00:00,Lyttelton,0.0,0.0,0.0,0.0,0.0,0.0,incoming,medium,muddy,6,forest,1,0,0,0.0,0.0,1.2,4.18,7.19,0.22,1.97,278.3,270.0,277.9,90,-43.6419,172.7121,2,8,0,0,12,0,Onshore,Onshore,Onshore,10.0,0.0
640,Charteris Bay Paradise Beach,2024-02-29 08:00:00,Lyttelton,0.0,0.0,0.0,0.0,1.8,1.8,ebbing,medium,muddy,6,forest,1,0,0,1.0,3.0,4.87,4.49,3.54,12.0,1.96,254.8,266.3,271.0,90,-43.6419,172.7121,2,9,3,0,8,0,Onshore,Onshore,Onshore,10.0,0.0
641,Charteris Bay Paradise Beach,2024-03-04 11:00:00,Lyttelton,0.0,0.0,0.0,0.0,0.0,0.0,incoming,medium,muddy,6,forest,1,0,0,0.0,0.0,4.01,3.48,4.52,0.2,1.87,300.7,39.0,43.1,90,-43.6419,172.7121,3,10,0,0,11,0,Onshore,Alongshore,Alongshore,10.0,0.0
642,Charteris Bay Paradise Beach,2024-03-13 07:00:00,Lyttelton,0.0,0.0,0.0,0.4,4.8,4.8,ebbing,medium,muddy,6,forest,1,0,0,1.0,10.0,3.5,8.16,8.53,11.87,2.45,244.7,252.4,248.9,90,-43.6419,172.7121,3,11,2,0,7,0,Onshore,Onshore,Onshore,10.0,0.0
643,Charteris Bay Paradise Beach,2024-03-19 12:00:00,Lyttelton,0.0,0.0,0.2,2.8,4.4,4.4,incoming,medium,muddy,6,forest,1,0,0,2.4,5.0,6.04,5.88,5.97,0.1,1.92,237.0,235.2,235.0,90,-43.6419,172.7121,3,12,1,0,12,0,Onshore,Onshore,Onshore,14.0,0.0
644,Charteris Bay Paradise Beach,2024-03-28 08:00:00,Lyttelton,0.0,0.0,0.0,1.6,1.6,1.6,ebbing,medium,muddy,6,forest,1,0,0,1.2,2.0,3.75,2.6,1.23,11.27,2.04,108.5,99.6,75.9,90,-43.6419,172.7121,3,13,3,0,8,0,Offshore,Offshore,Offshore,14.0,0.0
645,Charteris Bay Paradise Beach,2024-06-15 11:00:00,Lyttelton,0.0,0.6,6.8,21.8,24.4,24.6,incoming,medium,muddy,6,forest,1,0,0,4.4,25.0,4.86,1.3,0.65,0.23,1.92,252.1,269.4,263.1,90,-43.6419,172.7121,6,24,5,1,11,0,Onshore,Onshore,Onshore,14.0,0.0
646,Charteris Bay Paradise Beach,2024-07-03 13:00:00,Lyttelton,1.4,2.6,4.8,9.6,24.2,24.2,incoming,medium,muddy,6,forest,1,0,0,2.4,29.0,12.66,12.02,12.48,1.33,2.34,248.5,247.7,247.9,90,-43.6419,172.7121,7,27,2,0,13,0,Onshore,Onshore,Onshore,18.2,0.0
647,Charteris Bay Paradise Beach,2024-07-16 13:00:00,Lyttelton,0.0,0.0,1.0,12.4,18.2,22.2,ebbing,medium,muddy,6,forest,1,0,0,5.8,17.0,3.46,3.72,3.34,11.58,1.88,283.9,280.2,286.9,90,-43.6419,172.7121,7,29,1,0,13,0,Onshore,Onshore,Onshore,31.0,0.0
648,Charteris Bay Paradise Beach,2024-08-18 15:00:00,Lyttelton,7.4,10.2,21.8,22.6,22.6,22.6,incoming,medium,muddy,6,forest,1,0,0,4.4,15.0,8.2,8.68,6.93,0.15,2.39,260.1,253.7,256.0,90,-43.6419,172.7121,8,33,6,1,15,0,Onshore,Onshore,Onshore,27.0,0.0
649,Charteris Bay Paradise Beach,2024-09-17 14:00:00,Lyttelton,0.0,0.0,13.8,13.8,15.4,15.4,incoming,medium,muddy,6,forest,1,0,0,3.6,10.0,12.15,11.33,12.55,1.58,2.51,242.3,246.1,243.2,90,-43.6419,172.7121,9,38,1,0,14,0,Onshore,Onshore,Onshore,116.6,0.04
650,Church Bay Beach,2013-11-12 12:00:00,Lyttelton,0.0,0.0,0.0,0.0,0.0,0.0,incoming,medium,sandy,7,forest,1,0,0,0.0,0.0,2.32,2.09,1.14,0.3,2.37,163.8,212.2,213.1,130,-43.633,172.7207,11,46,1,0,12,0,Offshore,Alongshore,Alongshore,,0.0
651,Church Bay Beach,2013-11-25 11:00:00,Lyttelton,0.0,0.0,0.0,0.0,0.0,0.8,ebbing,medium,sandy,7,forest,1,0,0,0.0,0.0,3.13,5.35,4.15,11.15,1.88,217.3,218.0,212.0,130,-43.633,172.7207,11,48,0,0,11,0,Alongshore,Alongshore,Alongshore,10.0,0.0
652,Church Bay Beach,2013-12-02 14:00:00,Lyttelton,0.0,0.0,0.0,0.0,0.0,0.0,incoming,medium,sandy,7,forest,1,0,0,0.0,0.0,3.8,4.86,5.73,1.5,2.25,70.4,69.8,59.2,130,-43.633,172.7207,12,49,0,0,14,0,Alongshore,Alongshore,Alongshore,10.0,0.0
653,Church Bay Beach,2013-12-09 10:00:00,Lyttelton,0.0,0.0,0.0,1.6,1.6,1.6,ebbing,medium,sandy,7,forest,1,0,0,0.8,3.0,5.94,4.92,5.03,11.92,2.26,201.6,213.3,214.3,130,-43.633,172.7207,12,50,0,0,10,0,Alongshore,Alongshore,Alongshore,10.0,0.0
654,Church Bay Beach,2013-12-16 14:00:00,Lyttelton,0.0,0.0,0.0,0.0,0.0,0.0,incoming,medium,sandy,7,forest,1,0,0,0.0,0.0,1.59,3.81,2.82,1.17,2.04,224.7,210.3,202.1,130,-43.633,172.7207,12,51,0,0,14,0,Alongshore,Alongshore,Alongshore,10.0,0.0
655,Church Bay Beach,2013-12-22 09:00:00,Lyttelton,0.0,0.8,1.8,1.8,1.8,1.8,ebbing,medium,sandy,7,forest,1,0,0,0.8,3.0,4.23,1.54,1.25,11.0,1.91,197.8,221.7,212.2,130,-43.633,172.7207,12,51,6,1,9,1,Alongshore,Alongshore,Alongshore,10.0,0.0
656,Church Bay Beach,2014-01-06 10:00:00,Lyttelton,0.0,0.0,0.0,0.0,0.4,0.4,ebbing,medium,sandy,7,forest,1,0,0,0.4,1.0,2.58,2.61,2.7,10.83,2.34,167.1,170.0,251.0,130,-43.633,172.7207,1,2,0,0,10,0,Offshore,Offshore,Alongshore,10.0,0.0
657,Church Bay Beach,2014-01-13 13:00:00,Lyttelton,0.0,0.0,0.0,0.0,0.0,0.0,incoming,medium,sandy,7,forest,1,0,0,0.0,0.0,2.76,4.3,2.79,1.57,1.99,248.3,210.5,211.2,130,-43.633,172.7207,1,3,0,0,13,0,Alongshore,Alongshore,Alongshore,10.0,0.0
658,Church Bay Beach,2014-01-20 10:00:00,Lyttelton,0.0,0.0,0.0,0.0,0.0,0.0,ebbing,medium,sandy,7,forest,1,0,0,0.0,0.0,3.12,4.78,6.46,9.38,1.95,52.9,42.4,26.6,130,-43.633,172.7207,1,4,0,0,10,0,Alongshore,Alongshore,Alongshore,10.0,0.0
659,Church Bay Beach,2014-01-28 16:00:00,Lyttelton,0.0,0.0,0.0,0.0,3.4,3.4,ebbing,medium,sandy,7,forest,1,0,0,1.0,9.0,1.89,3.37,4.66,10.88,2.51,67.7,75.3,83.7,130,-43.633,172.7207,1,5,1,0,16,0,Alongshore,Alongshore,Alongshore,10.0,0.0
660,Church Bay Beach,2014-02-03 09:00:00,Lyttelton,0.0,0.0,0.0,0.0,0.0,0.6,ebbing,medium,sandy,7,forest,1,0,0,0.0,0.0,1.6,2.14,4.41,10.33,2.41,64.7,55.2,41.9,130,-43.633,172.7207,2,6,0,0,9,1,Alongshore,Alongshore,Alongshore,10.0,0.0
661,Church Bay Beach,2014-02-10 13:00:00,Lyttelton,0.0,0.0,0.0,0.0,0.0,0.0,incoming,medium,sandy,7,forest,1,0,0,0.0,0.0,4.12,2.32,1.3,0.53,1.96,198.3,198.4,193.8,130,-43.633,172.7207,2,7,0,0,13,0,Alongshore,Alongshore,Alongshore,10.0,0.0
662,Church Bay Beach,2014-02-17 09:00:00,Lyttelton,0.0,0.0,0.0,0.0,0.0,0.2,ebbing,medium,sandy,7,forest,1,0,0,0.0,0.0,6.43,7.24,7.68,9.53,2.02,63.2,60.1,53.3,130,-43.633,172.7207,2,8,0,0,9,0,Alongshore,Alongshore,Alongshore,10.0,0.0
663,Church Bay Beach,2014-02-24 12:00:00,Lyttelton,0.0,0.0,0.0,2.0,9.2,9.2,ebbing,medium,sandy,7,forest,1,0,0,5.6,6.0,3.22,6.04,6.75,12.13,2.33,52.1,49.0,39.2,130,-43.633,172.7207,2,9,0,0,12,0,Alongshore,Alongshore,Alongshore,10.0,0.0
664,Church Bay Beach,2014-11-18 12:00:00,Lyttelton,0.0,0.0,0.0,0.0,0.0,0.0,incoming,medium,sandy,7,forest,1,0,0,0.0,0.0,3.43,3.25,1.9,1.1,2.05,123.2,213.1,252.4,130,-43.633,172.7207,11,47,1,0,12,0,Offshore,Alongshore,Alongshore,,0.0
665,Church Bay Beach,2014-11-24 15:00:00,Lyttelton,0.0,0.0,0.0,0.0,0.6,0.6,incoming,medium,sandy,7,forest,1,0,0,0.6,1.0,3.32,8.28,9.29,2.72,2.15,52.3,54.8,50.5,130,-43.633,172.7207,11,48,0,0,15,0,Alongshore,Alongshore,Alongshore,10.0,0.0
666,Church Bay Beach,2014-12-08 16:00:00,Lyttelton,0.0,0.0,0.0,0.0,0.0,0.0,incoming,medium,sandy,7,forest,1,0,0,0.0,0.0,3.95,5.24,5.69,1.55,2.12,56.3,54.2,54.0,130,-43.633,172.7207,12,50,0,0,16,0,Alongshore,Alongshore,Alongshore,10.0,0.0
667,Church Bay Beach,2014-12-15 14:00:00,Lyttelton,0.0,0.0,0.0,0.0,0.0,1.0,ebbing,medium,sandy,7,forest,1,0,0,0.0,0.0,4.54,5.3,6.03,9.32,1.94,64.9,65.5,57.8,130,-43.633,172.7207,12,51,0,0,14,0,Alongshore,Alongshore,Alongshore,10.0,0.0
668,Church Bay Beach,2014-12-22 15:00:00,Lyttelton,0.0,0.0,0.0,7.4,7.4,7.8,incoming,medium,sandy,7,forest,1,0,0,3.4,7.0,3.75,5.29,6.74,1.73,2.18,57.9,60.8,54.0,130,-43.633,172.7207,12,52,0,0,15,1,Alongshore,Alongshore,Alongshore,10.0,0.0
669,Church Bay Beach,2014-12-29 11:00:00,Lyttelton,0.0,0.0,0.0,0.0,1.4,1.4,ebbing,medium,sandy,7,forest,1,0,0,1.4,1.0,3.97,5.95,6.26,11.78,2.29,64.3,60.5,45.6,130,-43.633,172.7207,12,1,0,0,11,1,Alongshore,Alongshore,Alongshore,10.0,0.0
670,Church Bay Beach,2015-01-06 08:00:00,Lyttelton,0.0,0.0,0.0,0.0,0.0,0.0,ebbing,medium,sandy,7,forest,1,0,0,0.0,0.0,1.14,1.49,2.07,9.9,2.06,299.3,283.9,306.3,130,-43.633,172.7207,1,2,1,0,8,0,Onshore,Onshore,Onshore,10.0,0.0
671,Church Bay Beach,2015-01-12 12:00:00,Lyttelton,0.0,0.0,0.0,0.0,0.0,0.0,ebbing,medium,sandy,7,forest,1,0,0,0.0,0.0,3.51,0.99,1.64,10.32,1.94,3.1,303.7,243.5,130,-43.633,172.7207,1,3,0,0,12,0,Alongshore,Onshore,Alongshore,10.0,0.0
672,Church Bay Beach,2015-01-19 14:00:00,Lyttelton,0.0,0.0,0.0,0.0,0.0,0.0,incoming,medium,sandy,7,forest,1,0,0,0.0,0.0,3.84,4.66,6.86,1.23,2.18,287.0,308.7,315.2,130,-43.633,172.7207,1,4,0,0,14,0,Onshore,Onshore,Onshore,10.0,0.0
673,Church Bay Beach,2015-01-26 11:00:00,Lyttelton,0.0,0.0,0.0,0.0,0.0,0.0,ebbing,medium,sandy,7,forest,1,0,0,0.0,0.0,10.16,10.44,10.76,10.6,2.35,56.6,51.0,48.6,130,-43.633,172.7207,1,5,0,0,11,0,Alongshore,Alongshore,Alongshore,16.2,0.0
674,Church Bay Beach,2015-02-02 14:00:00,Lyttelton,0.0,0.0,0.0,0.0,0.0,1.8,incoming,medium,sandy,7,forest,1,0,0,0.0,0.0,2.49,5.12,7.91,1.62,2.03,303.7,319.7,338.8,130,-43.633,172.7207,2,6,0,0,14,1,Onshore,Onshore,Onshore,16.2,0.0
675,Church Bay Beach,2015-02-09 11:00:00,Lyttelton,0.0,0.0,0.0,0.0,0.0,0.0,ebbing,medium,sandy,7,forest,1,0,0,0.0,0.0,3.86,7.41,7.94,9.88,1.98,269.1,289.5,293.3,130,-43.633,172.7207,2,7,0,0,11,1,Onshore,Onshore,Onshore,16.2,0.0
676,Church Bay Beach,2015-02-16 12:00:00,Lyttelton,0.0,0.0,0.0,0.0,0.0,0.0,incoming,medium,sandy,7,forest,1,0,0,0.0,0.0,1.51,2.0,3.12,1.92,2.16,69.1,61.8,42.5,130,-43.633,172.7207,2,8,0,0,12,0,Alongshore,Alongshore,Alongshore,16.2,0.0
677,Church Bay Beach,2015-02-23 11:00:00,Lyttelton,0.0,0.0,0.8,0.8,3.0,3.0,ebbing,medium,sandy,7,forest,1,0,0,1.6,6.0,1.7,1.04,0.51,9.72,2.45,199.6,224.3,216.2,130,-43.633,172.7207,2,9,0,0,11,0,Alongshore,Alongshore,Alongshore,16.2,0.0
678,Church Bay Beach,2015-11-17 11:00:00,Lyttelton,0.0,0.0,0.0,0.0,0.0,0.0,ebbing,medium,sandy,7,forest,1,0,0,0.0,0.0,2.6,4.22,3.98,9.97,2.0,262.7,256.9,260.9,130,-43.633,172.7207,11,47,1,0,11,0,Alongshore,Alongshore,Alongshore,,0.0
679,Church Bay Beach,2015-11-23 12:00:00,Lyttelton,0.0,0.0,0.0,0.0,0.0,0.0,incoming,medium,sandy,7,forest,1,0,0,0.0,0.0,4.36,4.86,6.98,1.47,2.4,86.7,86.3,73.1,130,-43.633,172.7207,11,48,0,0,12,0,Offshore,Offshore,Alongshore,20.0,0.0
680,Church Bay Beach,2015-11-30 06:00:00,Lyttelton,0.0,0.0,0.0,0.8,0.8,0.8,incoming,medium,sandy,7,forest,1,0,0,0.4,2.0,8.42,7.93,7.7,1.5,2.47,73.0,67.7,65.4,130,-43.633,172.7207,11,49,0,0,6,0,Alongshore,Alongshore,Alongshore,15.0,0.0
681,Church Bay Beach,2015-12-10 13:00:00,Lyttelton,0.0,0.0,0.0,0.0,0.0,1.4,incoming,medium,sandy,7,forest,1,0,0,0.0,0.0,2.97,3.73,5.72,2.43,2.0,69.7,70.5,63.1,130,-43.633,172.7207,12,50,3,0,13,0,Alongshore,Alongshore,Alongshore,13.333333333333334,0.0
682,Church Bay Beach,2015-12-14 05:00:00,Lyttelton,0.2,0.2,0.2,8.2,8.2,8.2,incoming,medium,sandy,7,forest,1,0,0,4.6,5.0,1.04,0.47,0.93,1.68,2.34,305.0,349.9,277.8,130,-43.633,172.7207,12,51,0,0,5,0,Onshore,Onshore,Onshore,12.5,0.0
683,Church Bay Beach,2015-12-23 12:00:00,Lyttelton,0.0,0.0,0.0,1.4,1.8,1.8,incoming,medium,sandy,7,forest,1,0,0,0.8,5.0,2.22,3.13,3.71,2.3,2.29,254.8,248.1,256.3,130,-43.633,172.7207,12,52,2,0,12,1,Alongshore,Alongshore,Alongshore,12.0,0.0
684,Church Bay Beach,2016-01-05 11:00:00,Lyttelton,0.0,0.0,0.0,0.0,0.2,16.6,incoming,medium,sandy,7,forest,1,0,0,0.2,1.0,2.69,2.72,3.1,2.22,1.97,81.8,97.4,75.5,130,-43.633,172.7207,1,1,1,0,11,1,Alongshore,Offshore,Alongshore,10.0,0.0
685,Church Bay Beach,2016-01-11 15:00:00,Lyttelton,0.0,0.0,0.0,0.0,0.0,0.0,incoming,medium,sandy,7,forest,1,0,0,0.0,0.0,7.55,10.98,12.36,2.58,2.13,78.3,77.9,72.6,130,-43.633,172.7207,1,2,0,0,15,0,Alongshore,Alongshore,Alongshore,10.0,0.0
686,Church Bay Beach,2016-01-18 09:00:00,Lyttelton,1.6,1.6,1.8,1.8,2.2,14.6,incoming,medium,sandy,7,forest,1,0,0,0.8,5.0,5.44,6.05,6.69,2.25,2.3,57.8,52.0,47.9,130,-43.633,172.7207,1,3,0,0,9,0,Alongshore,Alongshore,Alongshore,10.0,0.0
687,Church Bay Beach,2016-01-25 15:00:00,Lyttelton,0.0,0.0,0.0,0.0,0.0,0.0,incoming,medium,sandy,7,forest,1,0,0,0.0,0.0,0.73,2.93,2.77,2.42,2.15,289.4,286.9,348.0,130,-43.633,172.7207,1,4,0,0,15,0,Onshore,Onshore,Onshore,10.0,0.0
688,Church Bay Beach,2016-02-02 09:00:00,Lyttelton,0.0,0.0,0.0,0.0,0.0,0.0,incoming,medium,sandy,7,forest,1,0,0,0.0,0.0,1.85,0.63,0.54,2.12,1.94,191.5,209.7,262.1,130,-43.633,172.7207,2,5,1,0,9,1,Alongshore,Alongshore,Alongshore,10.0,0.0
689,Church Bay Beach,2016-02-09 15:00:00,Lyttelton,0.0,0.0,0.0,0.0,0.0,0.0,incoming,medium,sandy,7,forest,1,0,0,0.0,0.0,1.33,2.53,7.83,2.5,2.26,263.0,264.0,56.0,130,-43.633,172.7207,2,6,1,0,15,1,Alongshore,Alongshore,Alongshore,10.0,0.0
690,Church Bay Beach,2016-02-15 09:00:00,Lyttelton,0.0,0.0,0.0,0.0,0.0,0.0,incoming,medium,sandy,7,forest,1,0,0,0.0,0.0,0.9,0.35,0.86,0.98,2.34,93.5,301.2,26.6,130,-43.633,172.7207,2,7,0,0,9,0,Offshore,Onshore,Alongshore,10.0,0.0
691,Church Bay Beach,2016-02-22 14:00:00,Lyttelton,0.0,0.0,0.0,0.0,0.0,0.0,incoming,medium,sandy,7,forest,1,0,0,0.0,0.0,3.78,6.56,6.99,2.45,2.12,68.5,69.6,67.6,130,-43.633,172.7207,2,8,0,0,14,0,Alongshore,Alongshore,Alongshore,10.0,0.0
692,Church Bay Beach,2016-02-29 09:00:00,Lyttelton,0.0,0.0,0.0,0.0,0.0,0.0,incoming,medium,sandy,7,forest,1,0,0,0.0,0.0,5.03,7.54,7.76,0.25,2.0,238.2,244.5,256.5,130,-43.633,172.7207,2,9,0,0,9,0,Alongshore,Alongshore,Alongshore,10.0,0.0
693,Church Bay Beach,2016-11-21 10:00:00,Lyttelton,0.0,0.0,0.0,0.0,0.0,0.0,incoming,medium,sandy,7,forest,1,0,0,0.0,0.0,0.8,1.73,3.37,0.52,2.41,63.6,58.6,50.7,130,-43.633,172.7207,11,47,0,0,10,0,Alongshore,Alongshore,Alongshore,,0.0
694,Church Bay Beach,2016-11-28 13:00:00,Lyttelton,0.0,0.0,0.0,0.0,0.0,0.0,incoming,medium,sandy,7,forest,1,0,0,0.0,0.0,3.46,1.53,3.54,2.3,2.04,90.4,188.8,208.8,130,-43.633,172.7207,11,48,0,0,13,0,Offshore,Alongshore,Alongshore,10.0,0.0
695,Church Bay Beach,2016-12-05 09:00:00,Lyttelton,0.0,0.0,0.0,0.0,0.0,0.8,ebbing,medium,sandy,7,forest,1,0,0,0.0,0.0,4.04,3.97,5.39,11.55,1.92,63.2,64.0,58.9,130,-43.633,172.7207,12,49,0,0,9,0,Alongshore,Alongshore,Alongshore,10.0,0.0
696,Church Bay Beach,2016-12-12 13:00:00,Lyttelton,0.6,2.2,5.6,6.0,9.0,9.0,incoming,medium,sandy,7,forest,1,0,0,2.2,14.0,6.3,10.35,11.35,1.55,2.38,218.6,233.2,236.3,130,-43.633,172.7207,12,50,0,0,13,0,Alongshore,Alongshore,Alongshore,10.0,0.0
697,Church Bay Beach,2016-12-19 09:00:00,Lyttelton,0.0,0.0,0.0,0.0,0.0,0.0,ebbing,medium,sandy,7,forest,1,0,0,0.0,0.0,0.64,4.41,7.06,11.82,2.18,72.9,64.2,337.7,130,-43.633,172.7207,12,51,0,0,9,0,Alongshore,Alongshore,Onshore,10.0,0.0
698,Church Bay Beach,2016-12-28 14:00:00,Lyttelton,0.0,0.0,0.0,0.0,0.0,0.0,incoming,medium,sandy,7,forest,1,0,0,0.0,0.0,6.92,9.06,9.62,2.35,1.97,70.3,69.5,63.1,130,-43.633,172.7207,12,52,2,0,14,1,Alongshore,Alongshore,Alongshore,10.0,0.0
699,Church Bay Beach,2017-01-04 09:00:00,Lyttelton,0.0,0.0,0.4,1.2,1.2,1.2,ebbing,medium,sandy,7,forest,1,0,0,0.4,5.0,4.65,1.46,2.13,12.07,2.07,66.2,286.0,256.8,130,-43.633,172.7207,1,1,2,0,9,1,Alongshore,Onshore,Alongshore,10.0,0.0
700,Church Bay Beach,2017-01-09 13:00:00,Lyttelton,0.0,0.0,0.0,0.0,3.4,15.0,incoming,medium,sandy,7,forest,1,0,0,1.4,8.0,1.61,3.74,6.55,0.3,2.28,64.7,64.7,290.9,130,-43.633,172.7207,1,2,0,0,13,0,Alongshore,Alongshore,Onshore,10.0,0.0
701,Church Bay Beach,2017-01-16 09:00:00,Lyttelton,0.0,0.0,0.0,0.0,0.6,0.6,ebbing,medium,sandy,7,forest,1,0,0,0.6,1.0,0.8,5.92,6.81,10.92,2.22,73.0,62.6,11.4,130,-43.633,172.7207,1,3,0,0,9,0,Alongshore,Alongshore,Alongshore,14.0,0.0
702,Church Bay Beach,2017-01-24 13:00:00,Lyttelton,0.0,0.0,0.0,0.0,6.4,13.4,incoming,medium,sandy,7,forest,1,0,0,1.6,11.0,8.76,9.38,10.27,0.82,1.93,78.1,74.8,79.1,130,-43.633,172.7207,1,4,1,0,13,0,Alongshore,Alongshore,Alongshore,14.0,0.0
703,Church Bay Beach,2017-01-30 08:00:00,Lyttelton,0.0,0.0,0.0,0.0,0.0,0.0,ebbing,medium,sandy,7,forest,1,0,0,0.0,0.0,1.39,5.21,7.31,10.47,2.09,66.0,64.6,64.3,130,-43.633,172.7207,1,5,0,0,8,0,Alongshore,Alongshore,Alongshore,14.0,0.0
704,Church Bay Beach,2017-02-07 12:00:00,Lyttelton,0.0,0.0,0.0,0.3,0.3,0.3,incoming,medium,sandy,7,forest,1,0,0,0.2,2.0,2.46,1.6,1.34,0.68,2.21,171.5,174.6,246.8,130,-43.633,172.7207,2,6,1,0,12,1,Offshore,Offshore,Alongshore,14.0,0.0
705,Church Bay Beach,2017-02-13 08:00:00,Lyttelton,0.0,0.0,0.0,0.0,0.0,0.0,ebbing,medium,sandy,7,forest,1,0,0,0.0,0.0,2.07,1.96,1.01,10.53,2.24,81.7,43.0,24.5,130,-43.633,172.7207,2,7,0,0,8,0,Alongshore,Alongshore,Alongshore,16.0,0.0
706,Church Bay Beach,2017-02-15 07:00:00,Lyttelton,0.0,0.0,0.0,0.0,0.0,0.0,incoming,medium,sandy,7,forest,1,0,0,0.0,0.0,0.93,2.1,2.65,0.85,2.33,264.4,274.4,294.8,130,-43.633,172.7207,2,7,2,0,7,0,Alongshore,Onshore,Onshore,225.2,0.07142857142857142
707,Church Bay Beach,2017-02-20 12:00:00,Lyttelton,0.0,0.0,0.0,0.0,0.8,2.8,ebbing,medium,sandy,7,forest,1,0,0,0.2,4.0,8.81,8.09,9.08,12.52,2.05,66.9,69.8,69.6,130,-43.633,172.7207,2,8,0,0,12,0,Alongshore,Alongshore,Alongshore,225.2,0.06666666666666667
708,Church Bay Beach,2017-03-02 08:00:00,Lyttelton,0.0,0.0,0.0,0.0,0.0,0.0,ebbing,medium,sandy,7,forest,1,0,0,0.0,0.0,1.14,0.45,0.7,11.37,2.33,233.8,356.5,315.9,130,-43.633,172.7207,3,9,3,0,8,0,Alongshore,Alongshore,Onshore,225.2,0.0625
709,Church Bay Beach,2017-11-23 09:00:00,Lyttelton,0.0,0.0,0.0,0.0,0.0,0.0,ebbing,medium,sandy,7,forest,1,0,0,0.0,0.0,0.75,1.75,2.58,11.08,1.89,96.8,106.3,98.4,130,-43.633,172.7207,11,47,3,0,9,0,Offshore,Offshore,Offshore,,0.0
710,Church Bay Beach,2017-11-29 11:00:00,Lyttelton,0.0,0.0,0.0,0.0,0.0,0.0,incoming,medium,sandy,7,forest,1,0,0,0.0,0.0,2.13,2.93,4.3,1.32,2.16,78.8,79.9,73.0,130,-43.633,172.7207,11,48,2,0,11,0,Alongshore,Alongshore,Alongshore,10.0,0.0
711,Church Bay Beach,2017-12-06 13:00:00,Lyttelton,0.0,0.0,0.0,0.0,0.0,0.0,incoming,medium,sandy,7,forest,1,0,0,0.0,0.0,4.63,8.28,9.67,5.82,2.36,73.3,74.2,72.1,130,-43.633,172.7207,12,49,2,0,13,0,Alongshore,Alongshore,Alongshore,10.0,0.0
712,Church Bay Beach,2017-12-08 09:00:00,Lyttelton,0.0,0.0,0.0,0.0,0.0,0.0,ebbing,medium,sandy,7,forest,1,0,0,0.0,0.0,3.14,0.43,1.23,12.07,2.28,84.3,354.0,49.6,130,-43.633,172.7207,12,49,4,0,9,0,Alongshore,Onshore,Alongshore,402.3333333333333,0.25
713,Church Bay Beach,2017-12-13 11:00:00,Lyttelton,0.0,0.0,1.2,1.2,1.2,1.2,incoming,medium,sandy,7,forest,1,0,0,0.6,2.0,7.07,7.11,9.88,1.25,2.2,60.3,56.1,54.8,130,-43.633,172.7207,12,50,2,0,11,0,Alongshore,Alongshore,Alongshore,304.25,0.2
714,Church Bay Beach,2017-12-20 08:00:00,Lyttelton,0.0,0.0,0.0,0.0,0.0,0.2,ebbing,medium,sandy,7,forest,1,0,0,0.0,0.0,13.36,13.3,12.02,10.33,1.95,225.6,225.6,228.2,130,-43.633,172.7207,12,51,2,0,8,1,Alongshore,Alongshore,Alongshore,245.4,0.16666666666666666
715,Church Bay Beach,2017-12-28 10:00:00,Lyttelton,0.0,0.0,0.0,0.2,3.8,5.4,incoming,medium,sandy,7,forest,1,0,0,1.0,8.0,3.8,3.36,3.92,2.05,2.17,218.9,234.7,228.1,130,-43.633,172.7207,12,52,3,0,10,1,Alongshore,Alongshore,Alongshore,245.4,0.14285714285714285
716,Church Bay Beach,2018-01-10 12:00:00,Lyttelton,1.6,2.2,2.8,2.8,2.8,2.8,ebbing,medium,sandy,7,forest,1,0,0,1.0,6.0,8.39,9.75,9.43,12.17,2.15,255.8,261.2,263.0,130,-43.633,172.7207,1,2,2,0,12,0,Alongshore,Alongshore,Alongshore,245.4,0.125
717,Church Bay Beach,2018-01-15 16:00:00,Lyttelton,0.0,0.0,0.0,0.0,0.0,0.2,ebbing,medium,sandy,7,forest,1,0,0,0.0,0.0,10.31,11.58,10.43,12.23,2.22,78.3,75.6,71.2,130,-43.633,172.7207,1,3,0,0,16,0,Alongshore,Alongshore,Alongshore,10.0,0.1111111111111111
718,Church Bay Beach,2018-01-24 10:00:00,Lyttelton,0.0,0.0,0.0,0.0,0.0,0.0,ebbing,medium,sandy,7,forest,1,0,0,0.0,0.0,0.79,0.88,2.14,11.87,2.07,263.0,259.1,286.2,130,-43.633,172.7207,1,4,2,0,10,0,Alongshore,Alongshore,Onshore,10.0,0.1
719,Church Bay Beach,2018-02-02 10:00:00,Lyttelton,0.4,1.0,2.2,2.2,2.2,2.2,ebbing,medium,sandy,7,forest,1,0,0,0.6,8.0,10.74,10.9,11.23,7.6,2.38,240.3,242.0,245.1,130,-43.633,172.7207,2,5,4,0,10,1,Alongshore,Alongshore,Alongshore,20.6,0.09090909090909091
720,Church Bay Beach,2018-02-05 08:00:00,Lyttelton,0.0,0.0,0.0,0.0,1.2,1.6,ebbing,medium,sandy,7,forest,1,0,0,0.6,3.0,3.05,1.54,0.95,12.43,2.27,9.9,52.6,308.4,130,-43.633,172.7207,2,6,0,0,8,1,Alongshore,Alongshore,Onshore,124.2,0.16666666666666666
721,Church Bay Beach,2018-02-07 08:00:00,Lyttelton,0.0,0.4,0.4,0.4,0.4,0.4,incoming,medium,sandy,7,forest,1,0,0,0.4,1.0,2.11,1.98,1.95,1.67,2.23,72.4,70.6,48.2,130,-43.633,172.7207,2,6,2,0,8,1,Alongshore,Alongshore,Alongshore,124.2,0.15384615384615385
722,Church Bay Beach,2018-02-14 13:00:00,Lyttelton,0.0,0.0,0.0,0.0,0.0,1.0,incoming,medium,sandy,7,forest,1,0,0,0.0,0.0,6.17,8.11,8.12,2.58,1.95,242.8,242.1,244.8,130,-43.633,172.7207,2,7,2,0,13,0,Alongshore,Alongshore,Alongshore,124.2,0.14285714285714285
723,Church Bay Beach,2018-02-27 13:00:00,Lyttelton,0.0,0.0,0.0,0.0,3.4,3.4,incoming,medium,sandy,7,forest,1,0,0,1.2,6.0,1.36,3.41,5.72,1.0,2.24,77.9,80.9,79.7,130,-43.633,172.7207,2,9,1,0,13,0,Alongshore,Alongshore,Alongshore,124.2,0.13333333333333333
724,Church Bay Beach,2018-03-14 13:00:00,Lyttelton,0.0,0.0,0.0,0.0,0.0,0.0,incoming,medium,sandy,7,forest,1,0,0,0.0,0.0,2.34,4.29,6.71,1.08,1.93,80.5,86.0,75.4,130,-43.633,172.7207,3,11,2,0,13,0,Alongshore,Offshore,Alongshore,115.6,0.125
725,Church Bay Beach,2018-03-20 09:00:00,Lyttelton,0.0,0.0,0.0,0.0,0.0,0.0,ebbing,medium,sandy,7,forest,1,0,0,0.0,0.0,6.43,5.75,6.37,10.23,2.21,61.8,58.2,58.9,130,-43.633,172.7207,3,12,1,0,9,0,Alongshore,Alongshore,Alongshore,14.0,0.11764705882352941
726,Church Bay Beach,2018-11-13 08:00:00,Lyttelton,0.0,0.0,0.0,0.0,0.0,0.0,incoming,medium,sandy,7,forest,1,0,0,0.0,0.0,2.34,3.61,4.05,0.13,2.23,248.8,253.0,257.3,130,-43.633,172.7207,11,46,1,0,8,0,Alongshore,Alongshore,Alongshore,,0.0
727,Church Bay Beach,2018-11-19 12:00:00,Lyttelton,0.2,0.2,0.4,1.2,1.2,1.2,incoming,medium,sandy,7,forest,1,0,0,0.6,4.0,3.84,3.37,5.33,0.95,2.08,230.8,235.8,238.9,130,-43.633,172.7207,11,47,0,0,12,0,Alongshore,Alongshore,Alongshore,10.0,0.0
728,Church Bay Beach,2018-11-29 08:00:00,Lyttelton,0.0,0.0,0.0,1.4,5.0,5.0,incoming,medium,sandy,7,forest,1,0,0,1.6,12.0,6.83,6.48,6.97,1.68,2.49,74.5,74.8,75.3,130,-43.633,172.7207,11,48,3,0,8,0,Alongshore,Alongshore,Alongshore,10.0,0.0
729,Church Bay Beach,2018-12-03 12:00:00,Lyttelton,0.2,0.2,0.2,0.6,1.2,1.6,incoming,medium,sandy,7,forest,1,0,0,0.2,6.0,9.72,10.22,10.44,0.93,2.31,68.1,67.2,66.9,130,-43.633,172.7207,12,49,0,0,12,0,Alongshore,Alongshore,Alongshore,10.0,0.0
730,Church Bay Beach,2018-12-11 09:00:00,Lyttelton,0.0,0.0,0.0,0.0,0.0,0.0,ebbing,medium,sandy,7,forest,1,0,0,0.0,0.0,6.18,6.76,7.7,10.18,1.96,63.0,58.8,60.0,130,-43.633,172.7207,12,50,1,0,9,0,Alongshore,Alongshore,Alongshore,25.75,0.0
731,Church Bay Beach,2018-12-17 10:00:00,Lyttelton,0.0,0.0,0.0,0.0,0.0,0.0,incoming,medium,sandy,7,forest,1,0,0,0.0,0.0,6.68,5.56,5.26,1.48,2.05,80.9,68.4,68.0,130,-43.633,172.7207,12,51,0,0,10,0,Alongshore,Alongshore,Alongshore,24.6,0.0
732,Church Bay Beach,2018-12-28 09:00:00,Lyttelton,0.0,0.0,0.0,0.0,0.0,0.2,ebbing,medium,sandy,7,forest,1,0,0,0.0,0.0,5.12,6.76,8.31,12.12,2.26,70.7,66.8,63.7,130,-43.633,172.7207,12,52,4,0,9,1,Alongshore,Alongshore,Alongshore,24.6,0.0
733,Church Bay Beach,2019-01-09 09:00:00,Lyttelton,0.0,0.0,0.0,0.0,0.0,6.2,ebbing,medium,sandy,7,forest,1,0,0,0.0,0.0,8.87,10.08,9.64,10.47,1.95,61.8,64.7,61.0,130,-43.633,172.7207,1,2,2,0,9,0,Alongshore,Alongshore,Alongshore,24.6,0.0
734,Church Bay Beach,2019-01-15 11:00:00,Lyttelton,0.0,0.0,0.0,0.2,14.2,14.2,incoming,medium,sandy,7,forest,1,0,0,5.2,11.0,6.75,6.76,6.65,0.2,2.03,222.0,223.7,235.7,130,-43.633,172.7207,1,3,1,0,11,0,Alongshore,Alongshore,Alongshore,24.6,0.0
735,Church Bay Beach,2019-01-18 11:00:00,Lyttelton,0.0,0.0,0.0,0.0,0.0,0.0,incoming,medium,sandy,7,forest,1,0,0,0.0,0.0,5.34,5.88,6.4,2.28,2.12,235.5,245.8,247.4,130,-43.633,172.7207,1,3,4,0,11,0,Alongshore,Alongshore,Alongshore,161.8,0.1
736,Church Bay Beach,2019-01-24 08:00:00,Lyttelton,0.0,0.0,0.2,3.0,3.2,3.2,ebbing,medium,sandy,7,forest,1,0,0,1.8,5.0,7.16,4.48,3.67,11.23,2.37,247.7,246.1,237.3,130,-43.633,172.7207,1,4,3,0,8,0,Alongshore,Alongshore,Alongshore,159.8,0.09090909090909091
737,Church Bay Beach,2019-01-28 09:00:00,Lyttelton,0.0,0.0,0.0,0.0,0.0,0.0,incoming,medium,sandy,7,forest,1,0,0,0.0,0.0,1.66,1.72,4.48,1.1,2.31,280.1,278.8,34.3,130,-43.633,172.7207,1,5,0,0,9,0,Onshore,Onshore,Alongshore,201.0,0.08333333333333333
738,Church Bay Beach,2019-02-14 10:00:00,Lyttelton,0.0,0.0,0.0,0.0,0.0,0.0,incoming,medium,sandy,7,forest,1,0,0,0.0,0.0,7.94,7.67,8.12,1.12,2.03,83.0,73.8,69.6,130,-43.633,172.7207,2,7,3,0,10,0,Alongshore,Alongshore,Alongshore,201.0,0.07692307692307693
739,Church Bay Beach,2019-02-18 14:00:00,Lyttelton,0.0,0.0,0.0,0.0,0.0,0.0,incoming,medium,sandy,7,forest,1,0,0,0.0,0.0,2.05,5.66,8.09,1.58,2.28,86.2,85.7,80.9,130,-43.633,172.7207,2,8,0,0,14,0,Offshore,Offshore,Alongshore,201.0,0.07142857142857142
740,Church Bay Beach,2019-02-28 12:00:00,Lyttelton,0.0,0.0,1.0,3.0,3.0,3.0,ebbing,medium,sandy,7,forest,1,0,0,0.8,6.0,11.17,10.63,10.37,12.53,2.18,228.3,228.8,230.9,130,-43.633,172.7207,2,9,3,0,12,0,Alongshore,Alongshore,Alongshore,57.4,0.06666666666666667
741,Church Bay Beach,2019-11-18 10:00:00,Lyttelton,0.0,0.0,0.0,0.0,0.0,0.0,ebbing,medium,sandy,7,forest,1,0,0,0.0,0.0,3.1,4.77,5.33,10.7,2.01,239.9,256.0,265.2,130,-43.633,172.7207,11,47,0,0,10,0,Alongshore,Alongshore,Onshore,,0.0
742,Church Bay Beach,2019-12-03 10:00:00,Lyttelton,0.0,0.0,0.0,0.0,0.0,0.0,ebbing,medium,sandy,7,forest,1,0,0,0.0,0.0,6.46,8.29,8.52,11.63,1.95,74.8,74.5,73.3,130,-43.633,172.7207,12,49,1,0,10,0,Alongshore,Alongshore,Alongshore,31.0,0.0
743,Church Bay Beach,2019-12-05 13:00:00,Lyttelton,0.0,0.0,0.0,0.0,0.0,0.0,ebbing,medium,sandy,7,forest,1,0,0,0.0,0.0,3.05,5.56,5.9,10.83,1.93,69.3,71.6,61.5,130,-43.633,172.7207,12,49,3,0,13,0,Alongshore,Alongshore,Alongshore,88.5,0.0
744,Church Bay Beach,2019-12-10 14:00:00,Lyttelton,0.0,0.0,0.0,0.0,0.0,0.0,incoming,medium,sandy,7,forest,1,0,0,0.0,0.0,5.48,7.56,8.31,1.28,2.01,88.2,89.0,84.8,130,-43.633,172.7207,12,50,1,0,14,0,Offshore,Offshore,Alongshore,62.333333333333336,0.0
745,Church Bay Beach,2019-12-18 10:00:00,Lyttelton,2.4,5.0,13.8,17.8,22.6,22.6,ebbing,medium,sandy,7,forest,1,0,0,2.8,30.0,13.75,13.51,15.25,11.68,2.15,245.0,244.3,245.8,130,-43.633,172.7207,12,51,2,0,10,0,Alongshore,Alongshore,Alongshore,49.25,0.0
746,Church Bay Beach,2019-12-30 08:00:00,Lyttelton,0.0,0.0,0.0,0.0,0.0,0.0,ebbing,medium,sandy,7,forest,1,0,0,0.0,0.0,1.05,0.86,2.11,11.92,2.01,112.3,266.6,274.7,130,-43.633,172.7207,12,1,0,0,8,1,Offshore,Onshore,Onshore,52.0,0.0
747,Church Bay Beach,2020-01-07 13:00:00,Lyttelton,0.0,0.4,0.4,0.4,0.4,0.6,incoming,medium,sandy,7,forest,1,0,0,0.4,1.0,12.85,10.59,9.3,0.68,1.96,230.5,229.9,233.6,130,-43.633,172.7207,1,2,1,0,13,0,Alongshore,Alongshore,Alongshore,47.8,0.0
748,Church Bay Beach,2020-01-15 10:00:00,Lyttelton,0.0,0.0,0.0,0.0,1.0,1.0,ebbing,medium,sandy,7,forest,1,0,0,0.4,4.0,0.8,0.64,1.92,10.78,2.25,102.0,116.9,91.5,130,-43.633,172.7207,1,3,2,0,10,0,Offshore,Offshore,Offshore,20.6,0.0
749,Church Bay Beach,2020-01-21 12:00:00,Lyttelton,0.0,0.0,0.0,0.0,0.2,0.2,incoming,medium,sandy,7,forest,1,0,0,0.2,1.0,3.69,4.64,5.08,1.55,2.13,91.4,82.1,72.6,130,-43.633,172.7207,1,4,1,0,12,0,Offshore,Alongshore,Alongshore,20.6,0.0
750,Church Bay Beach,2020-01-28 09:00:00,Lyttelton,0.2,0.2,0.2,0.2,0.2,0.2,ebbing,medium,sandy,7,forest,1,0,0,0.2,1.0,6.67,6.38,7.62,10.53,2.01,261.8,270.8,272.2,130,-43.633,172.7207,1,5,1,0,9,0,Alongshore,Onshore,Onshore,20.6,0.0
751,Church Bay Beach,2020-02-05 12:00:00,Lyttelton,0.0,0.0,2.4,6.0,6.0,6.0,incoming,medium,sandy,7,forest,1,0,0,1.8,9.0,7.58,4.12,3.45,0.82,1.94,244.7,249.6,248.5,130,-43.633,172.7207,2,6,2,0,12,1,Alongshore,Alongshore,Alongshore,10.0,0.0
752,Church Bay Beach,2020-02-11 08:00:00,Lyttelton,0.0,0.0,0.0,0.0,0.0,0.8,ebbing,medium,sandy,7,forest,1,0,0,0.0,0.0,1.92,2.88,3.13,10.73,2.34,271.3,270.9,274.6,130,-43.633,172.7207,2,7,1,0,8,0,Onshore,Onshore,Onshore,10.0,0.0
753,Church Bay Beach,2020-02-13 09:00:00,Lyttelton,0.0,0.0,0.0,0.0,0.0,0.0,ebbing,medium,sandy,7,forest,1,0,0,0.0,0.0,3.95,5.17,4.93,10.73,2.37,254.3,262.7,262.8,130,-43.633,172.7207,2,7,3,0,9,0,Alongshore,Alongshore,Alongshore,70.6,0.07692307692307693
754,Church Bay Beach,2020-02-19 13:00:00,Lyttelton,0.0,0.0,0.0,0.0,0.0,0.0,incoming,medium,sandy,7,forest,1,0,0,0.0,0.0,1.03,2.18,6.14,0.33,2.04,90.8,91.5,106.3,130,-43.633,172.7207,2,8,2,0,13,0,Offshore,Offshore,Offshore,70.6,0.07142857142857142
755,Church Bay Beach,2020-02-26 09:00:00,Lyttelton,0.0,0.0,0.0,0.0,0.0,0.0,ebbing,medium,sandy,7,forest,1,0,0,0.0,0.0,6.19,6.22,6.55,9.82,2.03,82.0,79.8,74.2,130,-43.633,172.7207,2,9,2,0,9,0,Alongshore,Alongshore,Alongshore,70.6,0.06666666666666667
756,Church Bay Beach,2020-03-04 12:00:00,Lyttelton,0.0,0.0,0.0,1.2,1.2,1.2,ebbing,medium,sandy,7,forest,1,0,0,0.8,3.0,4.58,6.84,8.3,12.15,2.12,232.8,237.2,244.5,130,-43.633,172.7207,3,10,2,0,12,0,Alongshore,Alongshore,Alongshore,70.6,0.0625
757,Church Bay Beach,2020-03-18 11:00:00,Lyttelton,0.0,0.0,0.0,0.0,0.0,0.0,incoming,medium,sandy,7,forest,1,0,0,0.0,0.0,0.61,1.66,4.15,0.62,2.03,88.4,91.8,86.6,130,-43.633,172.7207,3,12,2,0,11,0,Offshore,Offshore,Offshore,70.6,0.058823529411764705
758,Church Bay Beach,2020-11-10 11:00:00,Lyttelton,0.0,0.0,0.0,0.0,0.3,20.0,incoming,medium,sandy,7,forest,1,0,0,0.3,1.0,2.4,2.08,1.42,0.53,2.27,246.6,269.1,273.0,130,-43.633,172.7207,11,46,1,0,11,0,Alongshore,Onshore,Onshore,,0.0
759,Church Bay Beach,2020-11-23 11:00:00,Lyttelton,0.0,0.0,0.0,0.4,7.0,7.0,incoming,medium,sandy,7,forest,1,0,0,3.2,10.0,1.97,0.59,1.14,0.45,2.25,223.1,209.5,244.3,130,-43.633,172.7207,11,48,0,0,11,0,Alongshore,Alongshore,Alongshore,10.0,0.0
760,Church Bay Beach,2020-12-03 08:00:00,Lyttelton,0.0,0.0,0.0,0.0,0.0,2.6,ebbing,medium,sandy,7,forest,1,0,0,0.0,0.0,5.05,4.43,6.1,11.03,1.89,254.0,254.3,263.7,130,-43.633,172.7207,12,49,3,0,8,0,Alongshore,Alongshore,Alongshore,10.0,0.0
761,Church Bay Beach,2020-12-10 11:00:00,Lyttelton,0.0,0.0,0.0,0.0,0.0,0.0,incoming,medium,sandy,7,forest,1,0,0,0.0,0.0,4.86,6.82,7.56,1.13,2.31,255.4,263.0,263.7,130,-43.633,172.7207,12,50,3,0,11,0,Alongshore,Alongshore,Alongshore,16.666666666666668,0.0
762,Church Bay Beach,2020-12-17 08:00:00,Lyttelton,0.0,0.0,0.0,0.0,0.0,0.0,ebbing,medium,sandy,7,forest,1,0,0,0.0,0.0,2.5,0.5,3.17,10.87,2.19,228.3,116.3,77.6,130,-43.633,172.7207,12,51,3,0,8,0,Alongshore,Offshore,Alongshore,15.0,0.0
763,Church Bay Beach,2020-12-22 10:00:00,Lyttelton,0.4,2.4,2.6,8.0,13.2,13.2,incoming,medium,sandy,7,forest,1,0,0,1.8,20.0,6.25,6.0,4.95,0.95,2.2,84.4,80.5,73.5,130,-43.633,172.7207,12,52,1,0,10,1,Alongshore,Alongshore,Alongshore,14.0,0.0
764,Church Bay Beach,2020-12-29 15:00:00,Lyttelton,0.0,0.0,0.0,0.0,0.0,6.8,incoming,medium,sandy,7,forest,1,0,0,0.0,0.0,4.19,7.07,8.5,0.85,1.92,86.4,86.3,85.2,130,-43.633,172.7207,12,53,1,0,15,1,Offshore,Offshore,Offshore,14.0,0.0
765,Church Bay Beach,2021-01-11 13:00:00,Lyttelton,0.0,0.0,0.0,0.0,0.2,0.2,incoming,medium,sandy,7,forest,1,0,0,0.2,1.0,1.41,1.15,2.21,2.0,2.21,85.6,50.2,290.1,130,-43.633,172.7207,1,2,0,0,13,0,Offshore,Alongshore,Onshore,14.0,0.0
766,Church Bay Beach,2021-01-19 10:00:00,Lyttelton,0.0,0.0,0.0,0.0,1.2,1.2,ebbing,medium,sandy,7,forest,1,0,0,0.8,3.0,1.93,6.02,7.79,12.02,2.02,64.7,58.3,39.2,130,-43.633,172.7207,1,3,1,0,10,0,Alongshore,Alongshore,Alongshore,10.0,0.0
767,Church Bay Beach,2021-01-26 13:00:00,Lyttelton,0.0,0.0,0.0,0.0,0.0,0.0,incoming,medium,sandy,7,forest,1,0,0,0.0,0.0,6.06,5.84,5.39,1.88,1.89,75.6,79.9,71.5,130,-43.633,172.7207,1,4,1,0,13,0,Alongshore,Alongshore,Alongshore,10.0,0.0
768,Church Bay Beach,2021-02-03 10:00:00,Lyttelton,0.0,0.0,0.0,0.0,0.0,0.0,ebbing,medium,sandy,7,forest,1,0,0,0.0,0.0,6.52,6.09,6.04,11.43,2.23,91.4,82.7,74.5,130,-43.633,172.7207,2,5,2,0,10,1,Offshore,Alongshore,Alongshore,10.0,0.0
769,Church Bay Beach,2021-02-10 13:00:00,Lyttelton,0.0,2.0,4.4,8.6,9.0,9.0,incoming,medium,sandy,7,forest,1,0,0,2.6,12.0,5.97,4.12,2.72,2.08,2.11,232.1,242.2,257.4,130,-43.633,172.7207,2,6,2,0,13,0,Alongshore,Alongshore,Alongshore,10.0,0.0
770,Church Bay Beach,2021-02-17 10:00:00,Lyttelton,0.0,0.0,0.0,0.0,0.0,0.0,ebbing,medium,sandy,7,forest,1,0,0,0.0,0.0,1.55,2.16,2.56,11.37,2.03,272.0,268.3,273.5,130,-43.633,172.7207,2,7,2,0,10,0,Onshore,Onshore,Onshore,12.0,0.0
771,Church Bay Beach,2021-02-26 14:00:00,Lyttelton,0.0,0.0,0.0,0.0,0.0,0.0,incoming,medium,sandy,7,forest,1,0,0,0.0,0.0,4.88,5.62,6.07,1.9,2.05,74.9,83.0,73.8,130,-43.633,172.7207,2,8,4,0,14,0,Alongshore,Alongshore,Alongshore,12.0,0.0
772,Church Bay Beach,2021-03-03 08:00:00,Lyttelton,0.0,0.0,0.0,0.0,0.4,0.4,ebbing,medium,sandy,7,forest,1,0,0,0.2,2.0,3.54,3.15,4.13,12.03,2.35,66.6,67.4,55.4,130,-43.633,172.7207,3,9,2,0,8,0,Alongshore,Alongshore,Alongshore,12.0,0.0
773,Church Bay Beach,2021-11-26 08:00:00,Lyttelton,0.0,0.0,0.0,0.0,0.0,1.2,incoming,medium,sandy,7,forest,1,0,0,0.0,0.0,0.54,0.64,0.49,1.22,2.11,114.5,71.1,29.6,130,-43.633,172.7207,11,47,4,0,8,0,Offshore,Alongshore,Alongshore,,0.0
774,Church Bay Beach,2021-12-02 12:00:00,Lyttelton,0.2,0.4,0.6,0.6,0.6,0.6,incoming,medium,sandy,7,forest,1,0,0,0.2,3.0,6.97,7.41,7.97,2.18,2.3,75.3,73.3,70.1,130,-43.633,172.7207,12,48,3,0,12,0,Alongshore,Alongshore,Alongshore,10.0,0.0
775,Church Bay Beach,2021-12-09 07:00:00,Lyttelton,0.0,0.0,0.0,0.0,3.8,8.6,incoming,medium,sandy,7,forest,1,0,0,1.2,6.0,1.15,2.91,2.2,1.3,2.54,277.0,281.1,0.6,130,-43.633,172.7207,12,49,3,0,7,0,Onshore,Onshore,Alongshore,10.0,0.0
776,Church Bay Beach,2021-12-16 13:00:00,Lyttelton,2.6,5.8,15.0,66.4,85.8,85.8,incoming,medium,sandy,7,forest,1,0,0,11.8,29.0,12.06,11.97,12.21,1.9,2.01,253.6,255.9,256.5,130,-43.633,172.7207,12,50,3,0,13,0,Alongshore,Alongshore,Alongshore,34.666666666666664,0.0
777,Church Bay Beach,2021-12-20 12:00:00,Lyttelton,0.0,0.0,0.0,0.0,0.0,16.2,incoming,medium,sandy,7,forest,1,0,0,0.0,0.0,0.77,1.47,1.41,5.83,1.89,310.1,277.4,274.7,130,-43.633,172.7207,12,51,0,0,12,1,Onshore,Onshore,Onshore,328.75,0.2
778,Church Bay Beach,2021-12-23 06:00:00,Lyttelton,0.0,0.0,0.0,0.0,0.0,0.0,incoming,medium,sandy,7,forest,1,0,0,0.0,0.0,2.75,2.48,5.11,1.37,2.19,36.7,12.4,24.2,130,-43.633,172.7207,12,51,3,0,6,1,Alongshore,Alongshore,Alongshore,265.0,0.16666666666666666
779,Church Bay Beach,2021-12-30 11:00:00,Lyttelton,0.0,0.0,0.0,1.4,4.4,14.2,incoming,medium,sandy,7,forest,1,0,0,1.2,9.0,2.52,0.95,2.01,1.45,2.21,226.6,129.0,67.0,130,-43.633,172.7207,12,52,3,0,11,1,Alongshore,Offshore,Alongshore,277.8,0.14285714285714285
780,Church Bay Beach,2022-01-07 10:00:00,Lyttelton,0.0,0.0,0.0,0.0,0.4,0.4,ebbing,medium,sandy,7,forest,1,0,0,0.2,2.0,7.34,7.49,7.44,10.33,2.18,240.2,238.3,236.6,130,-43.633,172.7207,1,1,4,0,10,0,Alongshore,Alongshore,Alongshore,277.8,0.125
781,Church Bay Beach,2022-01-12 11:00:00,Lyttelton,0.0,0.0,0.0,0.0,0.0,0.0,incoming,medium,sandy,7,forest,1,0,0,0.0,0.0,0.98,1.23,0.49,1.18,2.02,31.9,229.1,247.9,130,-43.633,172.7207,1,2,2,0,11,0,Alongshore,Alongshore,Alongshore,263.0,0.1111111111111111
782,Church Bay Beach,2022-02-01 16:00:00,Lyttelton,0.0,0.0,0.0,0.0,0.0,,incoming,medium,sandy,7,forest,1,0,0,0.0,0.0,3.39,3.38,2.61,0.67,2.24,132.5,120.0,79.3,130,-43.633,172.7207,2,5,1,0,16,1,Offshore,Offshore,Alongshore,27.0,0.1
783,Church Bay Beach,2022-02-10 11:00:00,Lyttelton,0.8,4.8,37.4,65.2,66.0,66.3,incoming,medium,sandy,7,forest,1,0,0,11.2,19.0,5.68,1.68,1.44,0.38,1.94,270.7,71.4,71.9,130,-43.633,172.7207,2,6,3,0,11,0,Onshore,Alongshore,Alongshore,31.2,0.09090909090909091
784,Church Bay Beach,2022-02-15 17:00:00,Lyttelton,0.0,0.0,0.0,0.0,0.4,34.2,ebbing,medium,sandy,7,forest,1,0,0,0.2,2.0,6.91,8.4,9.14,11.52,2.23,85.0,84.0,83.6,130,-43.633,172.7207,2,7,1,0,17,0,Alongshore,Alongshore,Alongshore,80.0,0.16666666666666666
785,Church Bay Beach,2022-02-23 09:00:00,Lyttelton,0.0,0.0,0.6,0.6,0.6,0.6,incoming,medium,sandy,7,forest,1,0,0,0.2,3.0,3.49,3.16,2.93,0.02,2.17,273.3,283.0,269.0,130,-43.633,172.7207,2,8,2,0,9,0,Onshore,Onshore,Onshore,97.6,0.15384615384615385
786,Church Bay Beach,2022-03-09 09:00:00,Lyttelton,0.0,0.0,0.0,0.0,0.0,0.0,incoming,medium,sandy,7,forest,1,0,0,0.0,0.0,2.46,4.34,4.06,0.4,2.02,274.4,281.4,287.3,130,-43.633,172.7207,3,10,2,0,9,0,Onshore,Onshore,Onshore,108.2,0.14285714285714285
787,Church Bay Beach,2022-11-21 13:00:00,Lyttelton,0.0,0.0,0.0,0.0,6.6,55.2,incoming,medium,sandy,7,forest,1,0,0,2.8,6.0,3.41,6.51,7.25,1.2,2.13,88.5,92.0,90.4,130,-43.633,172.7207,11,47,0,0,13,0,Offshore,Offshore,Offshore,,0.0
788,Church Bay Beach,2022-12-01 12:00:00,Lyttelton,0.0,0.0,0.0,0.0,0.0,0.0,ebbing,medium,sandy,7,forest,1,0,0,0.0,0.0,7.69,6.43,5.71,11.45,2.14,251.6,244.9,241.2,130,-43.633,172.7207,12,48,3,0,12,0,Alongshore,Alongshore,Alongshore,10.0,0.0
789,Church Bay Beach,2022-12-07 16:00:00,Lyttelton,0.0,0.0,0.0,0.0,0.0,0.0,ebbing,medium,sandy,7,forest,1,0,0,0.0,0.0,4.6,8.72,9.34,11.95,2.26,89.4,88.9,82.8,130,-43.633,172.7207,12,49,2,0,16,0,Offshore,Offshore,Alongshore,15.0,0.0
790,Church Bay Beach,2022-12-14 11:00:00,Lyttelton,0.0,0.0,0.0,0.0,0.0,1.8,ebbing,medium,sandy,7,forest,1,0,0,0.0,0.0,1.78,2.58,4.87,10.5,1.81,83.3,82.1,73.2,130,-43.633,172.7207,12,50,2,0,11,0,Alongshore,Alongshore,Alongshore,31.0,0.0
791,Church Bay Beach,2022-12-20 13:00:00,Lyttelton,0.0,0.0,1.0,1.0,11.0,35.4,incoming,medium,sandy,7,forest,1,0,0,2.2,17.0,1.98,2.28,4.15,0.53,2.1,66.0,74.2,68.7,130,-43.633,172.7207,12,51,1,0,13,1,Alongshore,Alongshore,Alongshore,25.75,0.0
792,Church Bay Beach,2022-12-29 08:00:00,Lyttelton,0.0,0.0,0.0,0.0,1.0,1.0,incoming,medium,sandy,7,forest,1,0,0,0.8,2.0,6.48,4.42,3.96,1.63,2.49,70.3,65.0,69.7,130,-43.633,172.7207,12,52,3,0,8,1,Alongshore,Alongshore,Alongshore,26.8,0.0
793,Church Bay Beach,2023-01-10 09:00:00,Lyttelton,0.0,0.0,0.0,0.0,0.0,0.0,ebbing,medium,sandy,7,forest,1,0,0,0.0,0.0,8.63,8.42,8.96,10.53,1.87,77.2,72.1,72.4,130,-43.633,172.7207,1,2,1,0,9,0,Alongshore,Alongshore,Alongshore,42.0,0.0
794,Church Bay Beach,2023-01-18 12:00:00,Lyttelton,0.0,0.0,0.0,0.0,0.0,0.0,incoming,medium,sandy,7,forest,1,0,0,0.0,0.0,2.05,5.24,7.61,1.13,2.07,91.7,81.9,81.0,130,-43.633,172.7207,1,3,2,0,12,0,Offshore,Alongshore,Alongshore,40.0,0.0
795,Church Bay Beach,2023-01-27 10:00:00,Lyttelton,0.0,0.0,0.0,0.0,0.0,0.6,ebbing,medium,sandy,7,forest,1,0,0,0.0,0.0,0.26,0.32,1.01,11.17,2.24,105.6,216.7,173.4,130,-43.633,172.7207,1,4,4,0,10,0,Offshore,Alongshore,Offshore,29.4,0.0
796,Church Bay Beach,2023-02-01 12:00:00,Lyttelton,0.0,0.0,0.0,0.0,0.0,0.0,incoming,medium,sandy,7,forest,1,0,0,0.0,0.0,8.71,9.45,10.11,0.92,1.93,94.0,86.6,80.1,130,-43.633,172.7207,2,5,2,0,12,1,Offshore,Offshore,Alongshore,40.0,0.0
797,Church Bay Beach,2023-02-10 10:00:00,Lyttelton,1.4,1.6,1.6,2.4,9.8,9.8,ebbing,medium,sandy,7,forest,1,0,0,5.0,6.0,4.43,6.52,7.73,9.98,1.94,80.0,72.3,68.9,130,-43.633,172.7207,2,6,4,0,10,0,Alongshore,Alongshore,Alongshore,37.8,0.0
798,Church Bay Beach,2023-02-15 11:00:00,Lyttelton,5.2,10.4,11.0,11.0,11.0,11.0,incoming,medium,sandy,7,forest,1,0,0,2.2,9.0,11.41,13.78,14.53,0.65,2.02,236.4,241.6,246.6,130,-43.633,172.7207,2,7,2,0,11,0,Alongshore,Alongshore,Alongshore,22.6,0.0
799,Church Bay Beach,2023-02-17 14:00:00,Lyttelton,0.0,0.0,0.0,0.0,9.6,23.2,ebbing,medium,sandy,7,forest,1,0,0,1.8,16.0,7.6,6.92,6.7,11.75,2.46,241.5,238.3,242.7,130,-43.633,172.7207,2,7,4,0,14,0,Alongshore,Alongshore,Alongshore,496.6,0.07692307692307693
800,Church Bay Beach,2023-02-18 16:00:00,Lyttelton,0.0,0.0,0.0,0.0,0.0,6.4,ebbing,medium,sandy,7,forest,1,0,0,0.0,0.0,5.21,8.74,9.69,11.3,2.55,89.3,89.3,89.8,130,-43.633,172.7207,2,7,5,1,16,0,Offshore,Offshore,Offshore,549.6,0.07142857142857142
801,Church Bay Beach,2023-02-23 10:00:00,Lyttelton,2.6,2.6,3.2,15.0,16.0,16.0,ebbing,medium,sandy,7,forest,1,0,0,3.4,16.0,5.41,5.65,6.54,8.88,2.35,258.2,257.7,260.7,130,-43.633,172.7207,2,8,3,0,10,0,Alongshore,Alongshore,Alongshore,539.0,0.06666666666666667
802,Church Bay Beach,2023-02-25 09:00:00,Lyttelton,0.0,0.0,0.0,0.0,5.2,19.2,ebbing,medium,sandy,7,forest,1,0,0,2.0,7.0,0.54,1.19,2.09,11.93,2.26,90.6,65.0,345.5,130,-43.633,172.7207,2,8,5,1,9,0,Offshore,Alongshore,Onshore,608.8,0.125
803,Church Bay Beach,2023-03-01 11:00:00,Lyttelton,0.0,0.0,0.0,0.0,0.0,1.8,incoming,medium,sandy,7,forest,1,0,0,0.0,0.0,6.51,8.23,9.46,0.57,1.91,90.3,82.4,78.0,130,-43.633,172.7207,3,9,2,0,11,0,Offshore,Alongshore,Alongshore,621.6,0.11764705882352941
804,Church Bay Beach,2023-03-06 14:00:00,Lyttelton,0.0,0.0,0.0,3.2,22.8,22.8,incoming,medium,sandy,7,forest,1,0,0,4.0,16.0,1.83,0.55,1.85,2.1,1.93,87.4,261.4,284.6,130,-43.633,172.7207,3,10,0,0,14,0,Offshore,Alongshore,Onshore,147.6,0.1111111111111111
805,Church Bay Beach,2023-11-15 08:00:00,Lyttelton,0.0,0.0,0.0,0.0,0.0,0.0,ebbing,medium,sandy,7,forest,1,0,0,0.0,0.0,1.76,4.34,7.47,9.47,2.01,60.7,56.3,310.5,130,-43.633,172.7207,11,46,2,0,8,0,Alongshore,Alongshore,Onshore,,0.0
806,Church Bay Beach,2023-11-20 11:00:00,Lyttelton,0.0,0.0,9.2,9.2,9.2,9.2,ebbing,medium,sandy,7,forest,1,0,0,5.6,4.0,5.38,6.61,7.49,11.33,2.06,90.3,82.0,78.1,130,-43.633,172.7207,11,47,0,0,11,0,Offshore,Alongshore,Alongshore,156.0,0.0
807,Church Bay Beach,2023-11-22 11:00:00,Lyttelton,0.0,0.0,0.6,0.6,0.8,10.0,incoming,medium,sandy,7,forest,1,0,0,0.4,3.0,9.71,10.2,10.56,1.13,2.36,87.0,85.5,83.8,130,-43.633,172.7207,11,47,2,0,11,0,Offshore,Offshore,Alongshore,83.0,0.0
808,Church Bay Beach,2023-11-27 14:00:00,Lyttelton,0.0,0.0,0.0,0.0,0.0,1.0,incoming,medium,sandy,7,forest,1,0,0,0.0,0.0,6.34,9.51,10.08,1.97,2.18,91.0,90.0,86.9,130,-43.633,172.7207,11,48,0,0,14,0,Offshore,Offshore,Offshore,76.33333333333333,0.0
809,Church Bay Beach,2023-12-04 10:00:00,Lyttelton,3.2,7.6,12.6,12.6,12.6,12.6,ebbing,medium,sandy,7,forest,1,0,0,2.2,12.0,2.87,2.32,2.84,11.88,1.87,274.7,272.8,284.7,130,-43.633,172.7207,12,49,0,0,10,0,Onshore,Onshore,Onshore,59.75,0.0
810,Church Bay Beach,2023-12-06 12:00:00,Lyttelton,0.0,0.0,0.0,0.0,0.2,12.8,ebbing,medium,sandy,7,forest,1,0,0,0.2,1.0,8.17,8.21,9.38,12.13,1.88,86.7,77.8,74.9,130,-43.633,172.7207,12,49,2,0,12,0,Offshore,Alongshore,Alongshore,93.4,0.0
811,Church Bay Beach,2023-12-11 14:00:00,Lyttelton,0.0,0.0,0.0,0.0,10.4,10.4,incoming,medium,sandy,7,forest,1,0,0,5.6,3.0,7.67,8.93,9.78,0.9,1.99,87.2,88.7,80.1,130,-43.633,172.7207,12,50,0,0,14,0,Offshore,Offshore,Alongshore,72.6,0.0
812,Church Bay Beach,2023-12-18 09:00:00,Lyttelton,0.0,0.0,2.2,2.6,2.6,2.6,ebbing,medium,sandy,7,forest,1,0,0,2.0,3.0,1.91,0.41,2.13,12.23,2.14,97.3,314.6,291.1,130,-43.633,172.7207,12,51,0,0,9,0,Offshore,Onshore,Onshore,72.6,0.0
813,Church Bay Beach,2023-12-28 07:00:00,Lyttelton,0.0,0.0,0.0,0.0,4.6,4.6,ebbing,medium,sandy,7,forest,1,0,0,3.2,4.0,6.12,7.07,6.76,10.37,1.99,66.0,65.3,67.5,130,-43.633,172.7207,12,52,3,0,7,1,Alongshore,Alongshore,Alongshore,62.0,0.0
814,Church Bay Beach,2024-01-03 10:00:00,Lyttelton,0.0,0.0,1.4,1.4,1.4,10.8,ebbing,medium,sandy,7,forest,1,0,0,0.8,3.0,5.61,6.14,8.19,12.15,1.88,86.4,80.0,73.0,130,-43.633,172.7207,1,1,2,0,10,1,Offshore,Alongshore,Alongshore,62.0,0.0
815,Church Bay Beach,2024-01-08 13:00:00,Lyttelton,0.0,0.0,0.0,0.0,0.0,0.8,incoming,medium,sandy,7,forest,1,0,0,0.0,0.0,9.19,10.95,11.02,0.68,1.94,90.0,88.7,84.2,130,-43.633,172.7207,1,2,0,0,13,0,Offshore,Offshore,Alongshore,20.4,0.0
816,Church Bay Beach,2024-01-16 09:00:00,Lyttelton,0.0,0.0,0.0,13.0,22.4,22.4,ebbing,medium,sandy,7,forest,1,0,0,8.6,6.0,4.3,4.14,4.35,11.63,2.26,77.7,70.3,63.7,130,-43.633,172.7207,1,3,1,0,9,0,Alongshore,Alongshore,Alongshore,12.0,0.0
817,Church Bay Beach,2024-01-25 15:00:00,Lyttelton,0.0,0.0,0.0,0.0,1.8,1.8,incoming,medium,sandy,7,forest,1,0,0,0.4,6.0,8.46,11.32,13.28,1.58,1.95,87.2,86.2,80.4,130,-43.633,172.7207,1,4,3,0,15,0,Offshore,Offshore,Alongshore,14.0,0.0
818,Church Bay Beach,2024-01-31 08:00:00,Lyttelton,0.0,0.0,0.0,0.0,0.0,0.0,incoming,medium,sandy,7,forest,1,0,0,0.0,0.0,2.3,0.26,2.28,0.52,2.11,89.2,235.9,255.3,130,-43.633,172.7207,1,5,2,0,8,1,Offshore,Alongshore,Alongshore,14.0,0.0
819,Church Bay Beach,2024-02-07 13:00:00,Lyttelton,0.0,0.0,0.0,0.0,0.0,0.0,incoming,medium,sandy,7,forest,1,0,0,0.0,0.0,8.31,8.78,8.6,0.68,1.99,264.5,259.2,263.5,130,-43.633,172.7207,2,6,2,0,13,1,Alongshore,Alongshore,Alongshore,14.0,0.0
820,Church Bay Beach,2024-02-13 07:00:00,Lyttelton,0.0,0.2,0.2,0.2,2.6,13.8,ebbing,medium,sandy,7,forest,1,0,0,1.2,6.0,5.39,6.34,7.47,12.15,2.37,66.5,67.9,66.6,130,-43.633,172.7207,2,7,1,0,7,0,Alongshore,Alongshore,Alongshore,12.0,0.0
821,Church Bay Beach,2024-02-19 12:00:00,Lyttelton,0.0,0.0,0.0,0.0,0.0,0.0,incoming,medium,sandy,7,forest,1,0,0,0.0,0.0,1.2,4.18,7.19,0.53,1.97,278.3,270.0,277.9,130,-43.633,172.7207,2,8,0,0,12,0,Onshore,Onshore,Onshore,14.0,0.0
822,Church Bay Beach,2024-02-29 08:00:00,Lyttelton,0.0,0.0,0.0,0.0,1.8,1.8,ebbing,medium,sandy,7,forest,1,0,0,1.0,3.0,4.87,4.49,3.54,11.75,1.96,254.8,266.3,271.0,130,-43.633,172.7207,2,9,3,0,8,0,Alongshore,Onshore,Onshore,12.0,0.0
823,Church Bay Beach,2024-03-04 10:00:00,Lyttelton,0.0,0.0,0.0,0.0,0.0,0.0,incoming,medium,sandy,7,forest,1,0,0,0.0,0.0,4.24,5.25,2.95,0.53,1.87,350.1,59.0,46.9,130,-43.633,172.7207,3,10,0,0,10,0,Onshore,Alongshore,Alongshore,12.0,0.0
824,Church Bay Beach,2024-03-13 08:00:00,Lyttelton,0.0,0.0,0.0,0.2,4.6,4.8,ebbing,medium,sandy,7,forest,1,0,0,1.0,9.0,4.56,8.77,8.18,11.6,2.45,241.0,248.3,246.5,130,-43.633,172.7207,3,11,2,0,8,0,Alongshore,Alongshore,Alongshore,12.0,0.0
825,Church Bay Beach,2024-03-19 12:00:00,Lyttelton,0.0,0.0,0.2,2.8,4.4,4.4,incoming,medium,sandy,7,forest,1,0,0,2.4,5.0,6.04,5.88,5.97,0.43,1.92,237.0,235.2,235.0,130,-43.633,172.7207,3,12,1,0,12,0,Alongshore,Alongshore,Alongshore,12.0,0.0
826,Church Bay Beach,2024-03-28 08:00:00,Lyttelton,0.0,0.0,0.0,1.6,1.6,1.6,ebbing,medium,sandy,7,forest,1,0,0,1.2,2.0,3.75,2.6,1.23,11.0,2.04,108.5,99.6,75.9,130,-43.633,172.7207,3,13,3,0,8,0,Offshore,Offshore,Alongshore,10.0,0.0
827,Church Bay Beach,2024-06-15 12:00:00,Lyttelton,0.0,0.2,4.6,21.8,24.4,24.6,ebbing,medium,sandy,7,forest,1,0,0,4.4,25.0,4.17,0.78,0.5,12.05,2.04,256.2,246.7,262.2,130,-43.633,172.7207,6,24,5,1,12,0,Alongshore,Alongshore,Alongshore,10.0,0.0
828,Church Bay Beach,2024-07-03 12:00:00,Lyttelton,1.6,3.4,4.8,9.2,23.8,23.8,incoming,medium,sandy,7,forest,1,0,0,2.4,28.0,12.86,12.63,12.51,1.8,2.34,249.5,246.7,247.3,130,-43.633,172.7207,7,27,2,0,12,0,Alongshore,Alongshore,Alongshore,25.0,0.0
829,Church Bay Beach,2024-07-16 13:00:00,Lyttelton,0.0,0.0,1.0,12.4,18.2,22.2,ebbing,medium,sandy,7,forest,1,0,0,5.8,17.0,3.46,3.72,3.34,11.27,1.88,283.9,280.2,286.9,130,-43.633,172.7207,7,29,1,0,13,0,Onshore,Onshore,Onshore,42.4,0.0
830,Church Bay Beach,2024-08-18 14:00:00,Lyttelton,3.6,7.4,17.4,18.2,18.2,18.2,incoming,medium,sandy,7,forest,1,0,0,3.6,14.0,7.92,9.33,8.78,0.58,2.39,252.7,253.2,255.0,130,-43.633,172.7207,8,33,6,1,14,0,Alongshore,Alongshore,Alongshore,48.6,0.0
831,Church Bay Beach,2024-09-17 14:00:00,Lyttelton,0.0,0.0,13.8,13.8,15.4,15.4,incoming,medium,sandy,7,forest,1,0,0,3.6,10.0,12.15,11.33,12.55,1.82,2.51,242.3,246.1,243.2,130,-43.633,172.7207,9,38,1,0,14,0,Alongshore,Alongshore,Alongshore,502.6,0.037037037037037035
832,Corsair Bay Beach,2013-11-12 10:00:00,Lyttelton,0.0,0.0,0.0,0.0,0.0,0.0,incoming,medium,sandy,7,urban,1,0,0,0.0,0.0,2.47,3.17,3.54,2.28,2.37,219.5,218.4,225.7,32,-43.6079,172.6999,11,46,1,0,10,0,Onshore,Onshore,Onshore,,0.0
833,Corsair Bay Beach,2013-11-25 10:00:00,Lyttelton,0.0,0.0,0.0,0.0,0.0,0.8,incoming,medium,sandy,7,urban,1,0,0,0.0,0.0,2.93,5.77,5.6,0.18,2.09,219.2,217.7,210.5,32,-43.6079,172.6999,11,48,0,0,10,0,Onshore,Onshore,Onshore,10.0,0.0
834,Corsair Bay Beach,2013-12-02 15:00:00,Lyttelton,0.0,0.0,0.0,0.0,0.0,0.0,incoming,medium,sandy,7,urban,1,0,0,0.0,0.0,4.17,5.12,5.83,0.45,2.25,70.4,70.8,62.5,32,-43.6079,172.6999,12,49,0,0,15,0,Offshore,Offshore,Offshore,10.0,0.0
835,Corsair Bay Beach,2013-12-09 08:00:00,Lyttelton,0.0,0.0,0.0,1.6,1.6,1.6,incoming,medium,sandy,7,urban,1,0,0,0.8,3.0,6.24,5.42,4.97,1.33,2.5,219.1,217.3,218.8,32,-43.6079,172.6999,12,50,0,0,8,0,Onshore,Onshore,Onshore,10.0,0.0
836,Corsair Bay Beach,2013-12-16 16:00:00,Lyttelton,0.0,0.0,0.0,0.0,0.0,0.0,ebbing,medium,sandy,7,urban,1,0,0,0.0,0.0,1.18,0.92,4.06,12.45,2.28,60.1,144.1,164.2,32,-43.6079,172.6999,12,51,0,0,16,0,Offshore,Alongshore,Alongshore,12.5,0.0
837,Corsair Bay Beach,2013-12-22 07:00:00,Lyttelton,0.0,1.8,1.8,1.8,1.8,2.0,incoming,medium,sandy,7,urban,1,0,0,0.8,3.0,5.47,3.17,1.05,0.37,2.19,236.3,215.8,213.1,32,-43.6079,172.6999,12,51,6,1,7,1,Onshore,Onshore,Onshore,12.0,0.0
838,Corsair Bay Beach,2014-01-06 08:00:00,Lyttelton,0.0,0.0,0.0,0.4,0.4,0.4,incoming,medium,sandy,7,urban,1,0,0,0.4,1.0,4.03,2.93,3.1,0.03,2.58,175.9,182.6,275.7,32,-43.6079,172.6999,1,2,0,0,8,0,Onshore,Onshore,Alongshore,20.2,0.0
839,Corsair Bay Beach,2014-01-13 14:00:00,Lyttelton,0.0,0.0,0.0,0.0,0.0,0.0,incoming,medium,sandy,7,urban,1,0,0,0.0,0.0,2.73,2.58,0.58,0.48,1.99,34.0,208.1,210.7,32,-43.6079,172.6999,1,3,0,0,14,0,Offshore,Onshore,Onshore,20.2,0.0
840,Corsair Bay Beach,2014-01-20 07:00:00,Lyttelton,0.0,0.0,0.0,0.0,0.0,0.0,ebbing,medium,sandy,7,urban,1,0,0,0.0,0.0,1.98,3.0,3.42,12.25,1.95,22.1,13.7,335.3,32,-43.6079,172.6999,1,4,0,0,7,0,Offshore,Offshore,Alongshore,20.2,0.0
841,Corsair Bay Beach,2014-01-28 12:00:00,Lyttelton,0.0,0.0,0.0,0.0,3.4,3.4,incoming,medium,sandy,7,urban,1,0,0,1.0,9.0,0.29,1.31,2.23,1.28,2.21,92.9,118.2,130.8,32,-43.6079,172.6999,1,5,1,0,12,0,Alongshore,Alongshore,Alongshore,18.2,0.0
842,Corsair Bay Beach,2014-02-03 07:00:00,Lyttelton,0.0,0.0,0.0,0.0,0.2,0.6,ebbing,medium,sandy,7,urban,1,0,0,0.2,1.0,1.35,0.75,1.02,12.3,2.41,39.8,5.9,24.9,32,-43.6079,172.6999,2,6,0,0,7,1,Offshore,Offshore,Offshore,18.2,0.0
843,Corsair Bay Beach,2014-02-10 14:00:00,Lyttelton,0.0,0.0,0.0,0.0,0.0,0.0,ebbing,medium,sandy,7,urban,1,0,0,0.0,0.0,3.4,1.16,2.05,11.6,2.17,85.4,165.9,186.1,32,-43.6079,172.6999,2,7,0,0,14,0,Alongshore,Alongshore,Onshore,10.0,0.0
844,Corsair Bay Beach,2014-02-17 07:00:00,Lyttelton,0.0,0.0,0.0,0.0,0.0,0.2,ebbing,medium,sandy,7,urban,1,0,0,0.0,0.0,6.46,6.54,7.01,11.05,2.02,62.8,57.6,50.2,32,-43.6079,172.6999,2,8,0,0,7,0,Offshore,Offshore,Offshore,10.0,0.0
845,Corsair Bay Beach,2014-02-24 10:00:00,Lyttelton,0.0,0.0,0.0,2.0,9.2,9.2,incoming,medium,sandy,7,urban,1,0,0,5.6,6.0,2.26,3.96,6.55,1.85,2.1,50.8,43.5,28.0,32,-43.6079,172.6999,2,9,0,0,10,0,Offshore,Offshore,Offshore,10.0,0.0
846,Corsair Bay Beach,2014-11-18 14:00:00,Lyttelton,0.0,0.0,0.0,0.0,0.0,0.0,ebbing,medium,sandy,7,urban,1,0,0,0.0,0.0,2.44,2.31,5.94,11.48,2.02,61.6,97.8,259.4,32,-43.6079,172.6999,11,47,1,0,14,0,Offshore,Alongshore,Alongshore,,0.0
847,Corsair Bay Beach,2014-11-24 17:00:00,Lyttelton,0.0,0.0,0.0,0.0,0.6,0.6,incoming,medium,sandy,7,urban,1,0,0,0.6,1.0,4.71,8.59,8.45,0.55,2.15,55.3,53.5,54.7,32,-43.6079,172.6999,11,48,0,0,17,0,Offshore,Offshore,Offshore,10.0,0.0
848,Corsair Bay Beach,2014-12-08 18:00:00,Lyttelton,0.0,0.0,0.0,0.0,0.0,0.0,ebbing,medium,sandy,7,urban,1,0,0,0.0,0.0,4.87,5.78,6.15,12.0,2.39,57.2,55.0,54.5,32,-43.6079,172.6999,12,50,0,0,18,0,Offshore,Offshore,Offshore,10.0,0.0
849,Corsair Bay Beach,2014-12-15 12:00:00,Lyttelton,0.0,0.0,0.0,0.0,0.0,1.0,ebbing,medium,sandy,7,urban,1,0,0,0.0,0.0,3.93,4.64,5.16,10.98,1.94,66.3,62.0,53.2,32,-43.6079,172.6999,12,51,0,0,12,0,Offshore,Offshore,Offshore,10.0,0.0
850,Corsair Bay Beach,2014-12-22 17:00:00,Lyttelton,0.0,0.0,0.0,7.4,7.4,7.8,ebbing,medium,sandy,7,urban,1,0,0,3.4,7.0,4.85,6.51,7.73,12.25,2.51,54.0,57.1,54.7,32,-43.6079,172.6999,12,52,0,0,17,1,Offshore,Offshore,Offshore,10.0,0.0
851,Corsair Bay Beach,2014-12-29 09:00:00,Lyttelton,0.0,0.0,0.0,0.0,1.4,1.4,incoming,medium,sandy,7,urban,1,0,0,1.4,1.0,3.15,4.4,5.98,1.0,2.4,60.1,49.8,30.2,32,-43.6079,172.6999,12,1,0,0,9,1,Offshore,Offshore,Offshore,10.0,0.0
852,Corsair Bay Beach,2015-01-06 06:00:00,Lyttelton,0.0,0.0,0.0,0.0,0.0,0.0,ebbing,medium,sandy,7,urban,1,0,0,0.0,0.0,1.33,1.29,1.34,11.12,2.06,295.0,288.9,336.9,32,-43.6079,172.6999,1,2,1,0,6,0,Alongshore,Alongshore,Alongshore,10.0,0.0
853,Corsair Bay Beach,2015-01-12 10:00:00,Lyttelton,0.0,0.0,0.0,0.0,0.0,0.0,ebbing,medium,sandy,7,urban,1,0,0,0.0,0.0,3.97,2.42,1.64,11.83,1.94,276.6,247.5,235.4,32,-43.6079,172.6999,1,3,0,0,10,0,Alongshore,Onshore,Onshore,10.0,0.0
854,Corsair Bay Beach,2015-01-19 16:00:00,Lyttelton,0.0,0.0,0.0,0.0,0.0,0.0,ebbing,medium,sandy,7,urban,1,0,0,0.0,0.0,4.54,6.21,7.1,11.87,2.51,307.8,301.6,316.6,32,-43.6079,172.6999,1,4,0,0,16,0,Alongshore,Alongshore,Alongshore,10.0,0.0
855,Corsair Bay Beach,2015-01-21 09:00:00,Lyttelton,0.0,0.2,0.4,0.4,0.4,0.4,ebbing,medium,sandy,7,urban,1,0,0,0.2,2.0,0.55,0.86,1.73,8.17,2.33,83.0,54.1,354.7,32,-43.6079,172.6999,1,4,2,0,9,0,Alongshore,Offshore,Offshore,126.8,0.1
856,Corsair Bay Beach,2015-01-26 09:00:00,Lyttelton,0.0,0.0,0.0,0.0,0.0,0.0,incoming,medium,sandy,7,urban,1,0,0,0.0,0.0,10.01,10.18,10.16,0.53,2.47,46.7,46.3,46.4,32,-43.6079,172.6999,1,5,0,0,9,0,Offshore,Offshore,Offshore,126.8,0.09090909090909091
857,Corsair Bay Beach,2015-02-02 16:00:00,Lyttelton,0.0,0.0,0.0,0.0,0.0,1.8,ebbing,medium,sandy,7,urban,1,0,0,0.0,0.0,3.23,6.9,6.91,12.0,2.29,293.8,303.4,324.3,32,-43.6079,172.6999,2,6,0,0,16,1,Alongshore,Alongshore,Alongshore,126.8,0.08333333333333333
858,Corsair Bay Beach,2015-02-09 09:00:00,Lyttelton,0.0,0.0,0.0,0.0,0.0,0.0,ebbing,medium,sandy,7,urban,1,0,0,0.0,0.0,3.16,5.65,9.05,11.77,1.98,306.3,310.8,313.6,32,-43.6079,172.6999,2,7,0,0,9,1,Alongshore,Alongshore,Alongshore,126.8,0.07692307692307693
859,Corsair Bay Beach,2015-02-16 13:00:00,Lyttelton,0.0,0.0,0.0,0.0,0.0,0.0,incoming,medium,sandy,7,urban,1,0,0,0.0,0.0,1.86,2.79,3.94,0.7,2.16,63.9,66.7,48.9,32,-43.6079,172.6999,2,8,0,0,13,0,Offshore,Offshore,Offshore,126.8,0.07142857142857142
860,Corsair Bay Beach,2015-02-23 08:00:00,Lyttelton,0.0,0.4,0.8,0.8,3.0,3.0,incoming,medium,sandy,7,urban,1,0,0,1.6,6.0,2.54,1.93,1.63,0.15,2.53,231.8,211.5,215.8,32,-43.6079,172.6999,2,9,0,0,8,0,Onshore,Onshore,Onshore,10.0,0.06666666666666667
861,Corsair Bay Beach,2015-11-17 09:00:00,Lyttelton,0.0,0.0,0.0,0.0,0.0,0.0,ebbing,medium,sandy,7,urban,1,0,0,0.0,0.0,1.63,4.73,6.65,11.3,2.0,250.0,254.1,268.2,32,-43.6079,172.6999,11,47,1,0,9,0,Onshore,Onshore,Alongshore,,0.0
862,Corsair Bay Beach,2015-11-23 14:00:00,Lyttelton,0.0,0.0,0.0,0.0,0.0,0.0,ebbing,medium,sandy,7,urban,1,0,0,0.0,0.0,3.02,3.3,3.37,11.98,2.45,339.1,55.6,55.0,32,-43.6079,172.6999,11,48,0,0,14,0,Alongshore,Offshore,Offshore,10.0,0.0
863,Corsair Bay Beach,2015-11-30 09:00:00,Lyttelton,0.0,0.0,0.0,0.0,0.8,0.8,ebbing,medium,sandy,7,urban,1,0,0,0.4,2.0,8.08,7.93,8.16,11.55,2.16,75.9,74.5,68.7,32,-43.6079,172.6999,11,49,0,0,9,0,Offshore,Offshore,Offshore,10.0,0.0
864,Corsair Bay Beach,2015-12-10 15:00:00,Lyttelton,0.0,0.0,0.0,0.0,0.0,1.4,incoming,medium,sandy,7,urban,1,0,0,0.0,0.0,2.8,4.91,5.16,0.2,2.0,67.4,68.8,65.3,32,-43.6079,172.6999,12,50,3,0,15,0,Offshore,Offshore,Offshore,10.0,0.0
865,Corsair Bay Beach,2015-12-14 06:00:00,Lyttelton,0.2,0.2,0.2,8.2,8.2,8.2,ebbing,medium,sandy,7,urban,1,0,0,4.6,5.0,0.64,0.64,0.7,12.32,2.05,327.9,328.8,304.7,32,-43.6079,172.6999,12,51,0,0,6,0,Alongshore,Alongshore,Alongshore,10.0,0.0
866,Corsair Bay Beach,2015-12-23 14:00:00,Lyttelton,0.0,0.0,0.0,0.4,1.8,1.8,incoming,medium,sandy,7,urban,1,0,0,0.8,5.0,0.93,0.05,3.73,0.23,2.29,65.3,200.4,263.0,32,-43.6079,172.6999,12,52,2,0,14,1,Offshore,Onshore,Alongshore,12.0,0.0
867,Corsair Bay Beach,2016-01-05 13:00:00,Lyttelton,0.0,0.0,0.0,0.0,0.2,15.2,ebbing,medium,sandy,7,urban,1,0,0,0.2,1.0,3.39,4.41,6.81,12.4,2.05,77.4,77.7,79.3,32,-43.6079,172.6999,1,1,1,0,13,1,Alongshore,Alongshore,Alongshore,12.0,0.0
868,Corsair Bay Beach,2016-01-11 17:00:00,Lyttelton,0.0,0.0,0.0,0.0,0.0,0.0,incoming,medium,sandy,7,urban,1,0,0,0.0,0.0,9.2,12.32,12.91,0.78,2.13,76.3,77.8,74.2,32,-43.6079,172.6999,1,2,0,0,17,0,Offshore,Alongshore,Offshore,12.0,0.0
869,Corsair Bay Beach,2016-01-18 11:00:00,Lyttelton,1.6,2.4,2.4,2.6,2.8,15.4,incoming,medium,sandy,7,urban,1,0,0,0.8,6.0,5.28,5.74,4.73,0.15,2.3,52.0,54.6,49.7,32,-43.6079,172.6999,1,3,0,0,11,0,Offshore,Offshore,Offshore,12.0,0.0
870,Corsair Bay Beach,2016-01-20 12:00:00,Lyttelton,0.0,0.0,0.0,0.0,7.0,9.6,incoming,medium,sandy,7,urban,1,0,0,2.8,8.0,2.9,7.06,8.98,1.67,2.21,73.3,76.9,64.5,32,-43.6079,172.6999,1,3,2,0,12,0,Offshore,Offshore,Offshore,43.6,0.0
871,Corsair Bay Beach,2016-01-25 17:00:00,Lyttelton,0.0,0.0,0.0,0.0,0.0,0.0,incoming,medium,sandy,7,urban,1,0,0,0.0,0.0,0.9,1.79,1.66,0.58,2.15,47.1,317.0,13.4,32,-43.6079,172.6999,1,4,0,0,17,0,Offshore,Alongshore,Offshore,41.6,0.0
872,Corsair Bay Beach,2016-02-02 11:00:00,Lyttelton,0.0,0.0,0.0,0.0,0.0,0.0,incoming,medium,sandy,7,urban,1,0,0,0.0,0.0,0.33,1.4,3.79,0.32,1.94,79.6,85.4,273.7,32,-43.6079,172.6999,2,5,1,0,11,1,Alongshore,Alongshore,Alongshore,41.6,0.0
873,Corsair Bay Beach,2016-02-09 16:00:00,Lyttelton,0.0,0.0,0.0,0.0,0.0,0.0,incoming,medium,sandy,7,urban,1,0,0,0.0,0.0,0.26,3.76,7.22,0.7,2.26,260.8,256.0,45.2,32,-43.6079,172.6999,2,6,1,0,16,1,Alongshore,Onshore,Offshore,41.6,0.0
874,Corsair Bay Beach,2016-02-12 09:00:00,Lyttelton,0.0,0.0,0.0,0.0,0.0,0.0,ebbing,medium,sandy,7,urban,1,0,0,0.0,0.0,1.15,1.99,2.02,10.83,2.39,56.1,62.1,54.9,32,-43.6079,172.6999,2,6,4,0,9,0,Offshore,Offshore,Offshore,76.2,0.0
875,Corsair Bay Beach,2016-02-15 11:00:00,Lyttelton,0.0,0.0,0.0,0.0,0.0,0.0,ebbing,medium,sandy,7,urban,1,0,0,0.0,0.0,0.49,1.06,2.36,11.65,2.36,76.2,75.3,35.8,32,-43.6079,172.6999,2,7,0,0,11,0,Offshore,Offshore,Offshore,44.6,0.0
876,Corsair Bay Beach,2016-02-22 16:00:00,Lyttelton,0.0,0.0,0.0,0.0,0.0,0.0,incoming,medium,sandy,7,urban,1,0,0,0.0,0.0,4.98,7.51,8.81,0.55,2.12,75.1,71.9,72.6,32,-43.6079,172.6999,2,8,0,0,16,0,Offshore,Offshore,Offshore,44.6,0.0
877,Corsair Bay Beach,2016-02-29 11:00:00,Lyttelton,0.0,0.0,0.0,0.0,0.0,0.0,ebbing,medium,sandy,7,urban,1,0,0,0.0,0.0,6.47,8.36,6.85,10.73,2.01,231.8,237.8,252.5,32,-43.6079,172.6999,2,9,0,0,11,0,Onshore,Onshore,Onshore,44.6,0.0
878,Corsair Bay Beach,2016-11-21 11:00:00,Lyttelton,0.0,0.0,0.0,0.0,0.0,0.0,ebbing,medium,sandy,7,urban,1,0,0,0.0,0.0,1.26,2.76,3.84,11.53,2.14,68.9,63.4,63.3,32,-43.6079,172.6999,11,47,0,0,11,0,Offshore,Offshore,Offshore,,0.0
879,Corsair Bay Beach,2016-11-28 15:00:00,Lyttelton,0.0,0.0,0.0,0.0,0.0,0.0,incoming,medium,sandy,7,urban,1,0,0,0.0,0.0,1.87,4.22,10.23,0.65,2.04,74.4,86.2,162.2,32,-43.6079,172.6999,11,48,0,0,15,0,Offshore,Alongshore,Alongshore,10.0,0.0
880,Corsair Bay Beach,2016-12-05 08:00:00,Lyttelton,0.0,0.0,0.0,0.0,0.0,0.8,incoming,medium,sandy,7,urban,1,0,0,0.0,0.0,3.84,3.22,4.46,0.75,2.19,67.9,63.4,58.3,32,-43.6079,172.6999,12,49,0,0,8,0,Offshore,Offshore,Offshore,10.0,0.0
881,Corsair Bay Beach,2016-12-12 15:00:00,Lyttelton,0.2,0.8,5.2,6.2,9.2,9.2,ebbing,medium,sandy,7,urban,1,0,0,2.2,15.0,8.3,11.38,11.89,12.53,2.55,217.7,223.8,231.3,32,-43.6079,172.6999,12,50,0,0,15,0,Onshore,Onshore,Onshore,10.0,0.0
882,Corsair Bay Beach,2016-12-14 09:00:00,Lyttelton,0.0,0.0,0.0,0.0,3.0,8.4,ebbing,medium,sandy,7,urban,1,0,0,1.4,6.0,0.82,1.3,1.18,7.05,2.39,233.8,239.6,245.9,32,-43.6079,172.6999,12,50,2,0,9,0,Onshore,Onshore,Onshore,50.75,0.0
883,Corsair Bay Beach,2016-12-19 08:00:00,Lyttelton,0.0,0.0,0.0,0.0,0.0,0.0,incoming,medium,sandy,7,urban,1,0,0,0.0,0.0,1.05,2.26,6.71,0.85,2.47,59.7,55.1,337.2,32,-43.6079,172.6999,12,51,0,0,8,0,Offshore,Offshore,Alongshore,42.6,0.0
884,Corsair Bay Beach,2016-12-28 15:00:00,Lyttelton,0.0,0.0,0.0,0.0,0.0,0.0,incoming,medium,sandy,7,urban,1,0,0,0.0,0.0,7.92,9.8,9.71,1.0,1.97,72.1,71.9,66.0,32,-43.6079,172.6999,12,52,2,0,15,1,Offshore,Offshore,Offshore,42.6,0.0
885,Corsair Bay Beach,2017-01-04 08:00:00,Lyttelton,0.0,0.0,0.4,1.2,1.2,1.2,incoming,medium,sandy,7,urban,1,0,0,0.4,5.0,4.85,3.44,0.73,0.9,2.28,320.0,264.4,255.7,32,-43.6079,172.6999,1,1,2,0,8,1,Alongshore,Alongshore,Onshore,42.6,0.0
886,Corsair Bay Beach,2017-01-09 15:00:00,Lyttelton,0.0,0.0,0.0,0.0,3.4,15.0,ebbing,medium,sandy,7,urban,1,0,0,1.4,8.0,1.75,7.21,9.16,11.17,2.46,77.5,68.8,46.5,32,-43.6079,172.6999,1,2,0,0,15,0,Alongshore,Offshore,Offshore,42.6,0.0
887,Corsair Bay Beach,2017-01-16 08:00:00,Lyttelton,0.0,0.0,0.0,0.0,0.6,0.6,ebbing,medium,sandy,7,urban,1,0,0,0.6,1.0,0.92,4.59,6.42,12.27,2.22,70.1,55.7,323.0,32,-43.6079,172.6999,1,3,0,0,8,0,Offshore,Offshore,Alongshore,10.0,0.0
888,Corsair Bay Beach,2017-01-24 15:00:00,Lyttelton,0.0,0.0,0.0,0.0,4.2,13.4,ebbing,medium,sandy,7,urban,1,0,0,1.2,9.0,9.39,10.32,11.31,11.6,2.13,72.9,75.5,75.7,32,-43.6079,172.6999,1,4,1,0,15,0,Offshore,Offshore,Offshore,10.0,0.0
889,Corsair Bay Beach,2017-01-30 07:00:00,Lyttelton,0.0,0.0,0.0,0.0,0.0,0.0,ebbing,medium,sandy,7,urban,1,0,0,0.0,0.0,0.46,3.84,6.0,11.72,2.09,60.0,66.5,33.8,32,-43.6079,172.6999,1,5,0,0,7,0,Offshore,Offshore,Offshore,10.0,0.0
890,Corsair Bay Beach,2017-02-07 14:00:00,Lyttelton,0.0,0.0,0.0,0.3,0.3,0.3,ebbing,medium,sandy,7,urban,1,0,0,0.2,2.0,0.58,2.07,3.47,11.83,2.43,58.2,105.1,225.9,32,-43.6079,172.6999,2,6,1,0,14,1,Offshore,Alongshore,Onshore,10.0,0.0
891,Corsair Bay Beach,2017-02-13 07:00:00,Lyttelton,0.0,0.0,0.0,0.0,0.0,0.0,ebbing,medium,sandy,7,urban,1,0,0,0.0,0.0,2.22,3.1,4.05,11.82,2.24,59.8,43.8,13.2,32,-43.6079,172.6999,2,7,0,0,7,0,Offshore,Offshore,Offshore,10.0,0.0
892,Corsair Bay Beach,2017-02-15 07:00:00,Lyttelton,0.0,0.0,0.0,0.0,0.0,0.0,incoming,medium,sandy,7,urban,1,0,0,0.0,0.0,0.93,2.1,2.65,0.17,2.33,264.4,274.4,294.8,32,-43.6079,172.6999,2,7,2,0,7,0,Alongshore,Alongshore,Alongshore,37.6,0.0
893,Corsair Bay Beach,2017-02-20 10:00:00,Lyttelton,0.0,0.0,0.0,0.0,0.8,2.8,incoming,medium,sandy,7,urban,1,0,0,0.2,4.0,9.07,8.42,8.34,1.27,1.93,72.6,72.3,71.0,32,-43.6079,172.6999,2,8,0,0,10,0,Offshore,Offshore,Offshore,37.6,0.0
894,Corsair Bay Beach,2017-03-02 07:00:00,Lyttelton,0.0,0.0,0.0,0.0,0.0,0.0,incoming,medium,sandy,7,urban,1,0,0,0.0,0.0,1.46,0.8,0.89,0.62,2.41,263.0,339.4,300.1,32,-43.6079,172.6999,3,9,3,0,7,0,Alongshore,Alongshore,Alongshore,39.6,0.0
895,Corsair Bay Beach,2017-11-23 07:00:00,Lyttelton,0.0,0.0,0.0,0.0,0.0,0.0,incoming,medium,sandy,7,urban,1,0,0,0.0,0.0,0.69,0.22,1.93,0.52,2.18,130.4,183.1,73.8,32,-43.6079,172.6999,11,47,3,0,7,0,Alongshore,Onshore,Offshore,,0.0
896,Corsair Bay Beach,2017-11-29 12:00:00,Lyttelton,0.0,0.0,0.0,0.0,0.0,0.0,ebbing,medium,sandy,7,urban,1,0,0,0.0,0.0,2.51,3.61,5.17,12.53,2.1,73.9,74.9,73.1,32,-43.6079,172.6999,11,48,2,0,12,0,Offshore,Offshore,Offshore,10.0,0.0
897,Corsair Bay Beach,2017-12-06 13:00:00,Lyttelton,0.0,0.0,0.0,0.0,0.0,0.0,incoming,medium,sandy,7,urban,1,0,0,0.0,0.0,4.63,8.28,9.67,5.5,2.36,73.3,74.2,72.1,32,-43.6079,172.6999,12,49,2,0,13,0,Offshore,Offshore,Offshore,10.0,0.0
898,Corsair Bay Beach,2017-12-13 13:00:00,Lyttelton,0.0,0.0,1.2,1.2,1.2,1.2,ebbing,medium,sandy,7,urban,1,0,0,0.6,2.0,7.4,9.31,10.23,12.3,2.16,69.5,64.9,58.5,32,-43.6079,172.6999,12,50,2,0,13,0,Offshore,Offshore,Offshore,20.333333333333332,0.0
899,Corsair Bay Beach,2017-12-20 06:00:00,Lyttelton,0.0,0.0,0.0,0.0,0.0,0.2,ebbing,medium,sandy,7,urban,1,0,0,0.0,0.0,12.83,14.77,13.35,11.77,1.95,225.4,228.3,228.7,32,-43.6079,172.6999,12,51,2,0,6,1,Onshore,Onshore,Onshore,17.75,0.0
900,Corsair Bay Beach,2017-12-28 11:00:00,Lyttelton,0.0,0.0,0.0,0.2,3.8,5.4,incoming,medium,sandy,7,urban,1,0,0,1.0,8.0,3.78,3.82,4.74,0.27,2.17,219.6,232.2,228.3,32,-43.6079,172.6999,12,52,3,0,11,1,Onshore,Onshore,Onshore,16.2,0.0
901,Corsair Bay Beach,2018-01-10 13:00:00,Lyttelton,1.6,2.0,3.0,3.0,3.0,3.0,ebbing,medium,sandy,7,urban,1,0,0,1.0,7.0,8.65,9.27,8.88,10.78,2.15,249.2,257.3,261.7,32,-43.6079,172.6999,1,2,2,0,13,0,Onshore,Alongshore,Alongshore,33.8,0.0
902,Corsair Bay Beach,2018-01-15 13:00:00,Lyttelton,0.0,0.0,0.0,0.0,0.0,0.4,incoming,medium,sandy,7,urban,1,0,0,0.0,0.0,9.31,12.27,12.74,2.13,1.96,73.4,71.7,66.9,32,-43.6079,172.6999,1,3,0,0,13,0,Offshore,Offshore,Offshore,150.0,0.125
903,Corsair Bay Beach,2018-01-24 12:00:00,Lyttelton,0.0,0.0,0.0,0.0,0.0,0.0,ebbing,medium,sandy,7,urban,1,0,0,0.0,0.0,0.61,0.89,3.01,9.65,2.07,79.6,79.9,276.3,32,-43.6079,172.6999,1,4,2,0,12,0,Alongshore,Alongshore,Alongshore,150.0,0.1111111111111111
904,Corsair Bay Beach,2018-02-02 10:00:00,Lyttelton,0.4,1.0,2.2,2.2,2.2,2.2,ebbing,medium,sandy,7,urban,1,0,0,0.6,8.0,10.74,10.9,11.23,7.57,2.38,240.3,242.0,245.1,32,-43.6079,172.6999,2,5,4,0,10,1,Onshore,Onshore,Onshore,152.0,0.1
905,Corsair Bay Beach,2018-02-05 07:00:00,Lyttelton,0.0,0.0,0.0,0.0,1.2,1.8,incoming,medium,sandy,7,urban,1,0,0,0.6,3.0,3.12,1.33,1.3,1.0,2.46,8.8,34.2,309.0,32,-43.6079,172.6999,2,6,0,0,7,1,Offshore,Offshore,Alongshore,1020.0,0.18181818181818182
906,Corsair Bay Beach,2018-02-08 08:00:00,Lyttelton,0.0,0.0,0.0,0.0,0.4,0.4,incoming,medium,sandy,7,urban,1,0,0,0.4,1.0,2.82,3.0,5.01,2.78,2.12,60.7,56.2,55.1,32,-43.6079,172.6999,2,6,3,0,8,1,Offshore,Offshore,Offshore,1002.4,0.16666666666666666
907,Corsair Bay Beach,2018-02-14 15:00:00,Lyttelton,0.0,0.0,0.0,0.0,0.0,0.4,incoming,medium,sandy,7,urban,1,0,0,0.0,0.0,7.72,8.53,9.36,1.03,1.95,233.3,240.1,240.9,32,-43.6079,172.6999,2,7,2,0,15,0,Onshore,Onshore,Onshore,886.2,0.15384615384615385
908,Corsair Bay Beach,2018-02-27 15:00:00,Lyttelton,0.0,0.0,0.0,0.0,3.4,3.4,ebbing,medium,sandy,7,urban,1,0,0,1.2,6.0,2.77,5.65,7.18,11.13,2.52,77.6,75.5,79.1,32,-43.6079,172.6999,2,9,1,0,15,0,Alongshore,Offshore,Alongshore,880.0,0.14285714285714285
909,Corsair Bay Beach,2018-03-14 15:00:00,Lyttelton,0.0,0.0,0.0,0.0,0.0,0.0,ebbing,medium,sandy,7,urban,1,0,0,0.0,0.0,3.73,7.46,9.19,11.67,2.17,76.5,79.3,80.0,32,-43.6079,172.6999,3,11,2,0,15,0,Offshore,Alongshore,Alongshore,880.0,0.13333333333333333
910,Corsair Bay Beach,2018-03-20 10:00:00,Lyttelton,0.0,0.0,0.0,0.0,0.0,0.0,ebbing,medium,sandy,7,urban,1,0,0,0.0,0.0,6.3,5.76,6.37,8.33,2.21,65.2,58.7,59.2,32,-43.6079,172.6999,3,12,1,0,10,0,Offshore,Offshore,Offshore,12.0,0.125
911,Corsair Bay Beach,2018-11-13 11:00:00,Lyttelton,0.0,0.0,0.0,0.0,0.0,0.0,ebbing,medium,sandy,7,urban,1,0,0,0.0,0.0,4.51,5.94,7.85,10.27,1.95,256.5,253.9,256.8,32,-43.6079,172.6999,11,46,1,0,11,0,Onshore,Onshore,Onshore,,0.0
912,Corsair Bay Beach,2018-11-19 14:00:00,Lyttelton,0.0,0.2,0.2,1.2,1.2,1.2,ebbing,medium,sandy,7,urban,1,0,0,0.6,4.0,4.14,5.22,6.61,11.42,2.01,239.2,239.5,240.4,32,-43.6079,172.6999,11,47,0,0,14,0,Onshore,Onshore,Onshore,10.0,0.0
913,Corsair Bay Beach,2018-11-21 12:00:00,Lyttelton,0.0,0.0,0.0,9.4,13.0,14.2,incoming,medium,sandy,7,urban,1,0,0,3.8,7.0,1.47,5.95,7.5,2.8,2.14,233.1,238.7,238.9,32,-43.6079,172.6999,11,47,2,0,12,0,Onshore,Onshore,Onshore,151.0,0.3333333333333333
914,Corsair Bay Beach,2018-11-29 11:00:00,Lyttelton,0.0,0.0,0.0,1.4,5.0,5.0,ebbing,medium,sandy,7,urban,1,0,0,1.6,12.0,6.5,7.0,7.02,10.83,2.19,76.1,75.3,76.6,32,-43.6079,172.6999,11,48,3,0,11,0,Offshore,Offshore,Offshore,107.33333333333333,0.25
915,Corsair Bay Beach,2018-12-03 15:00:00,Lyttelton,0.0,0.2,0.2,0.6,1.2,1.6,ebbing,medium,sandy,7,urban,1,0,0,0.2,6.0,10.06,10.41,10.39,10.92,2.26,69.3,68.7,66.4,32,-43.6079,172.6999,12,49,0,0,15,0,Offshore,Offshore,Offshore,83.0,0.2
916,Corsair Bay Beach,2018-12-11 07:00:00,Lyttelton,0.0,0.0,0.0,0.0,0.0,0.0,ebbing,medium,sandy,7,urban,1,0,0,0.0,0.0,6.12,6.53,6.96,12.37,1.96,61.7,62.5,61.4,32,-43.6079,172.6999,12,50,1,0,7,0,Offshore,Offshore,Offshore,70.4,0.16666666666666666
917,Corsair Bay Beach,2018-12-17 14:00:00,Lyttelton,0.0,0.0,0.0,0.0,0.0,0.0,ebbing,medium,sandy,7,urban,1,0,0,0.0,0.0,6.8,7.65,8.93,10.75,1.97,80.4,80.9,73.1,32,-43.6079,172.6999,12,51,0,0,14,0,Alongshore,Alongshore,Offshore,70.4,0.14285714285714285
918,Corsair Bay Beach,2018-12-28 07:00:00,Lyttelton,0.0,0.0,0.0,0.0,0.0,0.2,incoming,medium,sandy,7,urban,1,0,0,0.0,0.0,4.74,4.92,5.9,1.6,2.55,57.2,67.6,61.5,32,-43.6079,172.6999,12,52,4,0,7,1,Offshore,Offshore,Offshore,14.0,0.125
919,Corsair Bay Beach,2019-01-09 07:00:00,Lyttelton,0.0,0.0,0.0,0.0,0.0,6.2,ebbing,medium,sandy,7,urban,1,0,0,0.0,0.0,8.56,9.67,10.07,12.35,1.95,63.2,63.8,59.5,32,-43.6079,172.6999,1,2,2,0,7,0,Offshore,Offshore,Offshore,12.0,0.1111111111111111
920,Corsair Bay Beach,2019-01-15 13:00:00,Lyttelton,0.0,0.0,0.0,0.0,14.2,14.2,ebbing,medium,sandy,7,urban,1,0,0,5.2,11.0,6.65,6.63,6.67,11.12,2.01,222.6,222.7,231.4,32,-43.6079,172.6999,1,3,1,0,13,0,Onshore,Onshore,Onshore,12.0,0.1
921,Corsair Bay Beach,2019-01-24 06:00:00,Lyttelton,0.0,0.0,1.2,3.0,3.2,3.2,incoming,medium,sandy,7,urban,1,0,0,1.8,5.0,9.5,5.71,4.91,0.85,2.68,245.1,249.4,234.0,32,-43.6079,172.6999,1,4,3,0,6,0,Onshore,Onshore,Onshore,34.8,0.09090909090909091
922,Corsair Bay Beach,2019-01-29 11:00:00,Lyttelton,0.0,0.0,0.0,0.0,0.0,0.0,incoming,medium,sandy,7,urban,1,0,0,0.0,0.0,7.55,9.14,10.63,0.45,2.2,72.2,71.7,59.3,32,-43.6079,172.6999,1,5,1,0,11,0,Offshore,Offshore,Offshore,45.4,0.08333333333333333
923,Corsair Bay Beach,2019-02-14 12:00:00,Lyttelton,0.0,0.0,0.0,0.0,0.0,0.0,ebbing,medium,sandy,7,urban,1,0,0,0.0,0.0,7.8,7.99,7.51,11.8,2.18,77.6,77.4,70.8,32,-43.6079,172.6999,2,7,3,0,12,0,Alongshore,Alongshore,Offshore,49.4,0.07692307692307693
924,Corsair Bay Beach,2019-02-18 16:00:00,Lyttelton,0.0,0.0,0.0,0.0,0.0,0.0,ebbing,medium,sandy,7,urban,1,0,0,0.0,0.0,3.64,7.75,8.52,12.15,2.62,79.2,83.0,81.1,32,-43.6079,172.6999,2,8,0,0,16,0,Alongshore,Alongshore,Alongshore,62.2,0.07142857142857142
925,Corsair Bay Beach,2019-02-28 10:00:00,Lyttelton,0.0,0.2,2.0,3.0,3.0,3.0,incoming,medium,sandy,7,urban,1,0,0,0.8,6.0,10.25,12.06,10.58,1.97,2.03,226.2,228.0,234.7,32,-43.6079,172.6999,2,9,3,0,10,0,Onshore,Onshore,Onshore,62.2,0.06666666666666667
926,Corsair Bay Beach,2019-11-18 08:00:00,Lyttelton,0.0,0.0,0.0,0.0,0.0,0.0,incoming,medium,sandy,7,urban,1,0,0,0.0,0.0,2.75,3.41,5.69,0.17,2.32,262.0,268.7,272.3,32,-43.6079,172.6999,11,47,0,0,8,0,Alongshore,Alongshore,Alongshore,,0.0
927,Corsair Bay Beach,2019-12-03 08:00:00,Lyttelton,0.0,0.0,0.0,0.0,0.0,0.0,incoming,medium,sandy,7,urban,1,0,0,0.0,0.0,5.65,7.18,8.53,1.28,2.24,74.9,74.2,71.9,32,-43.6079,172.6999,12,49,1,0,8,0,Offshore,Offshore,Offshore,41.0,0.0
928,Corsair Bay Beach,2019-12-10 16:00:00,Lyttelton,0.0,0.0,0.0,0.0,0.0,0.0,ebbing,medium,sandy,7,urban,1,0,0,0.0,0.0,6.87,8.42,9.34,11.98,2.16,90.0,88.9,87.4,32,-43.6079,172.6999,12,50,1,0,16,0,Alongshore,Alongshore,Alongshore,25.5,0.0
929,Corsair Bay Beach,2019-12-18 08:00:00,Lyttelton,2.4,8.8,14.2,17.0,21.6,21.6,incoming,medium,sandy,7,urban,1,0,0,2.8,28.0,13.44,13.24,13.03,1.38,2.43,244.5,243.2,246.5,32,-43.6079,172.6999,12,51,2,0,8,0,Onshore,Onshore,Onshore,20.333333333333332,0.0
930,Corsair Bay Beach,2019-12-20 11:00:00,Lyttelton,0.0,0.0,0.2,0.2,0.2,18.2,incoming,medium,sandy,7,urban,1,0,0,0.2,1.0,6.09,8.96,10.69,0.15,2.37,248.1,260.5,271.8,32,-43.6079,172.6999,12,51,4,0,11,1,Onshore,Alongshore,Alongshore,431.25,0.2
931,Corsair Bay Beach,2019-12-30 06:00:00,Lyttelton,0.0,0.0,0.0,0.0,0.0,0.0,incoming,medium,sandy,7,urban,1,0,0,0.0,0.0,0.96,2.57,2.23,1.55,2.35,260.4,280.9,278.7,32,-43.6079,172.6999,12,1,0,0,6,1,Alongshore,Alongshore,Alongshore,349.0,0.16666666666666666
932,Corsair Bay Beach,2020-01-07 15:00:00,Lyttelton,0.0,0.4,0.4,0.4,0.4,0.6,ebbing,medium,sandy,7,urban,1,0,0,0.4,1.0,12.02,9.87,9.93,11.52,2.12,229.4,230.4,232.9,32,-43.6079,172.6999,1,2,1,0,15,0,Onshore,Onshore,Onshore,342.8,0.14285714285714285
933,Corsair Bay Beach,2020-01-15 07:00:00,Lyttelton,0.0,0.0,0.0,0.0,1.0,1.0,incoming,medium,sandy,7,urban,1,0,0,0.4,4.0,1.71,0.6,0.77,0.62,2.54,256.6,272.3,57.4,32,-43.6079,172.6999,1,3,2,0,7,0,Onshore,Alongshore,Offshore,342.8,0.125
934,Corsair Bay Beach,2020-01-21 14:00:00,Lyttelton,0.0,0.0,0.0,0.0,0.2,0.2,ebbing,medium,sandy,7,urban,1,0,0,0.2,1.0,4.43,5.67,6.7,12.27,2.32,94.7,90.2,78.7,32,-43.6079,172.6999,1,4,1,0,14,0,Alongshore,Alongshore,Alongshore,342.8,0.1111111111111111
935,Corsair Bay Beach,2020-01-28 07:00:00,Lyttelton,0.0,0.0,0.0,0.0,0.0,0.0,ebbing,medium,sandy,7,urban,1,0,0,0.0,0.0,5.03,6.25,6.28,12.4,2.01,281.7,274.7,277.1,32,-43.6079,172.6999,1,5,1,0,7,0,Alongshore,Alongshore,Alongshore,14.0,0.1
936,Corsair Bay Beach,2020-01-30 08:00:00,Lyttelton,0.0,0.0,0.0,0.2,0.6,0.6,incoming,medium,sandy,7,urban,1,0,0,0.2,3.0,3.86,1.41,3.21,0.15,2.18,65.2,356.0,264.4,32,-43.6079,172.6999,1,5,3,0,8,0,Offshore,Offshore,Alongshore,85.8,0.18181818181818182
937,Corsair Bay Beach,2020-02-05 14:00:00,Lyttelton,0.0,0.0,0.4,6.0,6.0,6.0,ebbing,medium,sandy,7,urban,1,0,0,1.8,9.0,4.64,1.43,2.17,11.33,2.17,93.3,224.3,246.2,32,-43.6079,172.6999,2,6,2,0,14,1,Alongshore,Onshore,Onshore,85.8,0.16666666666666666
938,Corsair Bay Beach,2020-02-11 06:00:00,Lyttelton,0.0,0.0,0.0,0.0,0.0,0.8,ebbing,medium,sandy,7,urban,1,0,0,0.0,0.0,1.04,2.54,2.7,12.22,2.34,277.5,272.1,291.6,32,-43.6079,172.6999,2,7,1,0,6,0,Alongshore,Alongshore,Alongshore,85.8,0.15384615384615385
939,Corsair Bay Beach,2020-02-13 11:00:00,Lyttelton,0.0,0.0,0.0,0.0,0.0,0.0,ebbing,medium,sandy,7,urban,1,0,0,0.0,0.0,3.69,3.44,1.58,9.58,2.37,274.1,260.0,262.8,32,-43.6079,172.6999,2,7,3,0,11,0,Alongshore,Alongshore,Alongshore,115.4,0.14285714285714285
940,Corsair Bay Beach,2020-02-19 15:00:00,Lyttelton,0.0,0.0,0.0,0.0,0.0,0.0,ebbing,medium,sandy,7,urban,1,0,0,0.0,0.0,1.01,3.5,2.87,11.23,2.27,90.4,90.8,97.0,32,-43.6079,172.6999,2,8,2,0,15,0,Alongshore,Alongshore,Alongshore,119.6,0.13333333333333333
941,Corsair Bay Beach,2020-02-26 07:00:00,Lyttelton,0.0,0.0,0.0,0.0,0.0,0.0,ebbing,medium,sandy,7,urban,1,0,0,0.0,0.0,5.98,5.69,5.07,12.15,2.03,75.0,72.7,69.9,32,-43.6079,172.6999,2,9,2,0,7,0,Offshore,Offshore,Offshore,45.8,0.125
942,Corsair Bay Beach,2020-03-04 10:00:00,Lyttelton,0.0,0.0,0.0,1.2,1.2,1.2,incoming,medium,sandy,7,urban,1,0,0,0.8,3.0,4.37,4.98,6.44,1.75,1.9,236.7,241.3,254.8,32,-43.6079,172.6999,3,10,2,0,10,0,Onshore,Onshore,Onshore,45.8,0.11764705882352941
943,Corsair Bay Beach,2020-03-18 14:00:00,Lyttelton,0.0,0.0,0.0,0.0,0.0,0.0,ebbing,medium,sandy,7,urban,1,0,0,0.0,0.0,2.43,5.62,7.08,11.02,2.25,90.0,89.4,89.4,32,-43.6079,172.6999,3,12,2,0,14,0,Alongshore,Alongshore,Alongshore,45.8,0.1111111111111111
944,Corsair Bay Beach,2020-11-10 13:00:00,Lyttelton,0.0,0.0,0.0,0.0,0.0,20.0,ebbing,medium,sandy,7,urban,1,0,0,0.0,0.0,1.85,0.78,1.45,11.07,2.08,55.3,310.6,280.3,32,-43.6079,172.6999,11,46,1,0,13,0,Offshore,Alongshore,Alongshore,,0.0
945,Corsair Bay Beach,2020-11-23 13:00:00,Lyttelton,0.0,0.0,0.0,0.2,7.0,7.0,ebbing,medium,sandy,7,urban,1,0,0,3.2,10.0,0.49,0.77,2.45,10.9,2.0,75.7,101.0,223.6,32,-43.6079,172.6999,11,48,0,0,13,0,Offshore,Alongshore,Onshore,10.0,0.0
946,Corsair Bay Beach,2020-12-03 06:00:00,Lyttelton,0.0,0.0,0.0,0.0,0.0,2.6,incoming,medium,sandy,7,urban,1,0,0,0.0,0.0,4.92,4.57,1.82,0.73,2.2,258.9,269.1,267.8,32,-43.6079,172.6999,12,49,3,0,6,0,Alongshore,Alongshore,Alongshore,10.0,0.0
947,Corsair Bay Beach,2020-12-10 08:00:00,Lyttelton,0.0,0.0,0.0,0.0,0.0,0.0,incoming,medium,sandy,7,urban,1,0,0,0.0,0.0,2.64,5.58,6.24,3.62,2.31,272.3,267.9,270.6,32,-43.6079,172.6999,12,50,3,0,8,0,Alongshore,Alongshore,Alongshore,10.0,0.0
948,Corsair Bay Beach,2020-12-17 06:00:00,Lyttelton,0.0,0.0,0.0,0.0,0.0,0.0,incoming,medium,sandy,7,urban,1,0,0,0.0,0.0,3.92,2.51,0.22,0.3,2.57,102.3,63.5,78.0,32,-43.6079,172.6999,12,51,3,0,6,0,Alongshore,Offshore,Alongshore,10.0,0.0
949,Corsair Bay Beach,2020-12-22 12:00:00,Lyttelton,0.2,0.8,2.6,5.4,13.2,13.2,ebbing,medium,sandy,7,urban,1,0,0,1.8,20.0,6.13,5.73,5.49,11.5,2.0,73.4,80.3,74.2,32,-43.6079,172.6999,12,52,1,0,12,1,Offshore,Alongshore,Offshore,10.0,0.0
950,Corsair Bay Beach,2020-12-29 13:00:00,Lyttelton,0.0,0.0,0.0,0.0,0.0,6.8,incoming,medium,sandy,7,urban,1,0,0,0.0,0.0,2.79,5.68,6.13,2.85,1.92,87.7,87.4,85.3,32,-43.6079,172.6999,12,53,1,0,13,1,Alongshore,Alongshore,Alongshore,10.0,0.0
951,Corsair Bay Beach,2021-01-11 15:00:00,Lyttelton,0.0,0.0,0.0,0.0,0.2,0.2,incoming,medium,sandy,7,urban,1,0,0,0.2,1.0,0.96,3.44,3.62,0.08,2.21,79.3,72.8,30.6,32,-43.6079,172.6999,1,2,0,0,15,0,Alongshore,Offshore,Offshore,12.0,0.0
952,Corsair Bay Beach,2021-01-19 08:00:00,Lyttelton,0.0,0.0,0.0,0.0,1.2,1.2,incoming,medium,sandy,7,urban,1,0,0,0.8,3.0,1.47,2.05,3.77,1.45,2.24,42.5,10.2,353.5,32,-43.6079,172.6999,1,3,1,0,8,0,Offshore,Offshore,Offshore,12.0,0.0
953,Corsair Bay Beach,2021-01-26 14:00:00,Lyttelton,0.0,0.0,0.0,0.0,0.0,0.0,incoming,medium,sandy,7,urban,1,0,0,0.0,0.0,5.89,5.22,5.28,0.23,1.89,74.8,78.4,73.1,32,-43.6079,172.6999,1,4,1,0,14,0,Offshore,Alongshore,Offshore,12.0,0.0
954,Corsair Bay Beach,2021-02-03 08:00:00,Lyttelton,0.0,0.0,0.0,0.0,0.0,0.0,incoming,medium,sandy,7,urban,1,0,0,0.0,0.0,6.8,6.36,6.48,0.7,2.38,81.0,74.1,70.2,32,-43.6079,172.6999,2,5,2,0,8,1,Alongshore,Offshore,Offshore,16.2,0.0
955,Corsair Bay Beach,2021-02-10 15:00:00,Lyttelton,0.0,0.0,2.2,8.6,9.0,9.0,incoming,medium,sandy,7,urban,1,0,0,2.6,12.0,3.22,1.58,5.44,0.25,2.11,92.8,141.8,250.4,32,-43.6079,172.6999,2,6,2,0,15,0,Alongshore,Alongshore,Onshore,16.2,0.0
956,Corsair Bay Beach,2021-02-12 08:00:00,Lyttelton,0.0,0.0,0.0,0.0,0.2,9.0,ebbing,medium,sandy,7,urban,1,0,0,0.2,1.0,2.07,1.44,1.86,8.58,2.13,297.5,235.9,255.7,32,-43.6079,172.6999,2,6,4,0,8,0,Alongshore,Onshore,Onshore,90.8,0.07692307692307693
957,Corsair Bay Beach,2021-02-17 07:00:00,Lyttelton,0.0,0.0,0.0,0.0,0.0,0.0,incoming,medium,sandy,7,urban,1,0,0,0.0,0.0,1.48,1.28,1.79,1.08,2.16,263.0,272.5,273.2,32,-43.6079,172.6999,2,7,2,0,7,0,Alongshore,Alongshore,Alongshore,90.8,0.07142857142857142
958,Corsair Bay Beach,2021-02-26 15:00:00,Lyttelton,0.0,0.0,0.0,0.0,0.0,0.0,incoming,medium,sandy,7,urban,1,0,0,0.0,0.0,5.24,6.26,7.1,0.37,2.05,77.6,81.5,76.5,32,-43.6079,172.6999,2,8,4,0,15,0,Alongshore,Alongshore,Offshore,90.8,0.06666666666666667
959,Corsair Bay Beach,2021-03-03 10:00:00,Lyttelton,0.0,0.0,0.0,0.0,0.4,0.4,ebbing,medium,sandy,7,urban,1,0,0,0.2,2.0,3.98,4.49,5.79,10.27,2.35,47.4,59.0,51.0,32,-43.6079,172.6999,3,9,2,0,10,0,Offshore,Offshore,Offshore,86.6,0.0625
960,Corsair Bay Beach,2021-11-26 11:00:00,Lyttelton,0.0,0.0,0.0,0.0,0.0,0.0,ebbing,medium,sandy,7,urban,1,0,0,0.0,0.0,0.74,2.0,4.25,10.85,1.8,239.4,233.5,242.9,32,-43.6079,172.6999,11,47,4,0,11,0,Onshore,Onshore,Onshore,,0.0
961,Corsair Bay Beach,2021-12-02 15:00:00,Lyttelton,0.0,0.2,0.6,0.6,0.6,0.6,ebbing,medium,sandy,7,urban,1,0,0,0.2,3.0,7.31,7.91,7.84,12.1,2.42,76.6,76.0,73.6,32,-43.6079,172.6999,12,48,3,0,15,0,Offshore,Offshore,Offshore,10.0,0.0
962,Corsair Bay Beach,2021-12-09 10:00:00,Lyttelton,0.0,0.0,0.0,0.0,1.2,8.6,ebbing,medium,sandy,7,urban,1,0,0,0.8,3.0,1.92,2.05,2.09,11.08,2.17,242.6,260.2,274.8,32,-43.6079,172.6999,12,49,3,0,10,0,Onshore,Alongshore,Alongshore,31.0,0.0
963,Corsair Bay Beach,2021-12-16 15:00:00,Lyttelton,1.6,4.8,16.2,57.4,87.0,87.0,ebbing,medium,sandy,7,urban,1,0,0,11.8,30.0,12.06,11.97,11.55,12.0,2.14,255.0,254.6,256.5,32,-43.6079,172.6999,12,50,3,0,15,0,Onshore,Onshore,Onshore,27.333333333333332,0.0
964,Corsair Bay Beach,2021-12-20 08:00:00,Lyttelton,0.0,0.0,0.0,0.0,0.2,17.0,ebbing,medium,sandy,7,urban,1,0,0,0.2,1.0,0.73,1.27,3.66,9.22,1.89,246.9,255.3,254.2,32,-43.6079,172.6999,12,51,0,0,8,1,Onshore,Onshore,Onshore,438.0,0.2
965,Corsair Bay Beach,2021-12-23 08:00:00,Lyttelton,0.0,0.0,0.0,0.0,0.0,0.0,ebbing,medium,sandy,7,urban,1,0,0,0.0,0.0,2.67,5.48,6.94,11.55,1.83,75.6,60.6,43.2,32,-43.6079,172.6999,12,51,3,0,8,1,Offshore,Offshore,Offshore,352.4,0.16666666666666666
966,Corsair Bay Beach,2021-12-30 14:00:00,Lyttelton,0.0,0.0,0.0,1.4,3.0,14.2,ebbing,medium,sandy,7,urban,1,0,0,0.8,7.0,1.76,1.13,3.04,11.85,2.35,94.8,136.1,82.7,32,-43.6079,172.6999,12,52,3,0,14,1,Alongshore,Alongshore,Alongshore,352.4,0.14285714285714285
967,Corsair Bay Beach,2022-01-07 08:00:00,Lyttelton,0.0,0.0,0.0,0.0,0.4,0.4,incoming,medium,sandy,7,urban,1,0,0,0.2,2.0,7.38,7.39,7.62,0.38,2.53,234.9,235.9,234.4,32,-43.6079,172.6999,1,1,4,0,8,0,Onshore,Onshore,Onshore,348.2,0.125
968,Corsair Bay Beach,2022-01-12 14:00:00,Lyttelton,0.0,0.0,0.0,0.0,0.0,0.0,ebbing,medium,sandy,7,urban,1,0,0,0.0,0.0,1.4,4.12,7.93,11.15,2.07,83.5,80.9,98.0,32,-43.6079,172.6999,1,2,2,0,14,0,Alongshore,Alongshore,Alongshore,361.2,0.1111111111111111
969,Corsair Bay Beach,2022-02-01 18:00:00,Lyttelton,0.0,0.0,0.0,0.0,0.0,,ebbing,medium,sandy,7,urban,1,0,0,0.0,0.0,4.02,3.6,7.46,10.97,2.61,66.7,93.2,83.6,32,-43.6079,172.6999,2,5,1,0,18,1,Offshore,Alongshore,Alongshore,35.4,0.1
970,Corsair Bay Beach,2022-02-10 14:00:00,Lyttelton,0.2,1.0,14.8,65.4,66.2,66.5,ebbing,medium,sandy,7,urban,1,0,0,11.2,20.0,2.71,1.44,1.49,10.48,2.06,247.7,259.0,75.4,32,-43.6079,172.6999,2,6,3,0,14,0,Onshore,Alongshore,Offshore,35.4,0.09090909090909091
971,Corsair Bay Beach,2022-02-15 15:00:00,Lyttelton,0.0,0.0,0.0,0.0,0.6,49.2,incoming,medium,sandy,7,urban,1,0,0,0.2,3.0,5.99,7.53,8.46,1.17,1.89,82.2,85.5,81.4,32,-43.6079,172.6999,2,7,1,0,15,0,Alongshore,Alongshore,Alongshore,41.6,0.08333333333333333
972,Corsair Bay Beach,2022-02-23 12:00:00,Lyttelton,0.0,0.0,0.6,0.6,0.6,0.6,ebbing,medium,sandy,7,urban,1,0,0,0.2,3.0,3.36,3.1,3.36,10.35,2.22,253.5,262.7,268.6,32,-43.6079,172.6999,2,8,2,0,12,0,Onshore,Alongshore,Alongshore,37.4,0.07692307692307693
973,Corsair Bay Beach,2022-03-09 12:00:00,Lyttelton,0.0,0.0,0.0,0.0,0.0,0.0,ebbing,medium,sandy,7,urban,1,0,0,0.0,0.0,4.2,4.62,5.38,10.3,2.08,251.0,261.1,269.2,32,-43.6079,172.6999,3,10,2,0,12,0,Onshore,Alongshore,Alongshore,26.6,0.07142857142857142
974,Corsair Bay Beach,2022-11-21 16:00:00,Lyttelton,0.6,0.6,0.6,0.6,4.2,55.6,ebbing,medium,sandy,7,urban,1,0,0,2.8,4.0,5.04,6.73,6.3,10.95,2.15,76.2,82.8,86.0,32,-43.6079,172.6999,11,47,0,0,16,0,Offshore,Alongshore,Alongshore,,0.0
975,Corsair Bay Beach,2022-12-01 09:00:00,Lyttelton,0.0,0.0,0.0,0.0,0.0,0.0,incoming,medium,sandy,7,urban,1,0,0,0.0,0.0,8.38,7.68,7.22,1.52,2.41,239.6,241.2,239.6,32,-43.6079,172.6999,12,48,3,0,9,0,Onshore,Onshore,Onshore,10.0,0.0
976,Corsair Bay Beach,2022-12-07 15:00:00,Lyttelton,0.0,0.0,0.0,0.0,0.0,0.0,incoming,medium,sandy,7,urban,1,0,0,0.0,0.0,3.73,7.38,8.9,1.23,2.05,88.7,88.0,78.4,32,-43.6079,172.6999,12,49,2,0,15,0,Alongshore,Alongshore,Alongshore,201.5,0.3333333333333333
977,Corsair Bay Beach,2022-12-14 08:00:00,Lyttelton,0.0,0.0,0.0,0.0,0.0,1.8,incoming,medium,sandy,7,urban,1,0,0,0.0,0.0,2.61,0.42,0.3,0.92,2.14,62.2,34.9,65.3,32,-43.6079,172.6999,12,50,2,0,8,0,Offshore,Offshore,Offshore,137.66666666666666,0.25
978,Corsair Bay Beach,2022-12-20 15:00:00,Lyttelton,0.0,0.0,0.8,1.0,9.6,35.4,ebbing,medium,sandy,7,urban,1,0,0,2.2,15.0,2.6,4.81,5.77,10.88,2.23,74.0,70.4,72.6,32,-43.6079,172.6999,12,51,1,0,15,1,Offshore,Offshore,Offshore,105.75,0.2
979,Corsair Bay Beach,2022-12-29 10:00:00,Lyttelton,0.0,0.0,0.0,0.0,1.0,1.0,ebbing,medium,sandy,7,urban,1,0,0,0.8,2.0,5.81,4.43,4.94,11.43,2.2,86.3,74.0,71.0,32,-43.6079,172.6999,12,52,3,0,10,1,Alongshore,Offshore,Offshore,86.6,0.16666666666666666
980,Corsair Bay Beach,2023-01-05 13:00:00,Lyttelton,0.0,0.0,0.0,0.0,0.0,0.2,incoming,medium,sandy,7,urban,1,0,0,0.0,0.0,9.34,10.58,10.5,2.4,1.94,89.0,88.9,80.9,32,-43.6079,172.6999,1,1,3,0,13,1,Alongshore,Alongshore,Alongshore,378.0,0.2857142857142857
981,Corsair Bay Beach,2023-01-06 14:00:00,Lyttelton,0.0,0.0,0.0,0.0,0.0,0.0,incoming,medium,sandy,7,urban,1,0,0,0.0,0.0,7.33,7.55,7.34,1.9,1.92,91.0,91.2,90.3,32,-43.6079,172.6999,1,1,4,0,14,0,Alongshore,Alongshore,Alongshore,301.4,0.25
982,Corsair Bay Beach,2023-01-10 06:00:00,Lyttelton,0.0,0.0,0.0,0.0,0.0,1.8,incoming,medium,sandy,7,urban,1,0,0,0.0,0.0,8.54,8.32,7.95,0.43,2.23,66.3,69.8,70.3,32,-43.6079,172.6999,1,2,1,0,6,0,Offshore,Offshore,Offshore,303.4,0.2222222222222222
983,Corsair Bay Beach,2023-01-18 14:00:00,Lyttelton,0.0,0.0,0.0,0.0,0.0,0.0,ebbing,medium,sandy,7,urban,1,0,0,0.0,0.0,3.93,7.67,8.68,11.4,2.3,91.6,89.7,87.7,32,-43.6079,172.6999,1,3,2,0,14,0,Alongshore,Alongshore,Alongshore,303.4,0.2
984,Corsair Bay Beach,2023-01-20 14:00:00,Lyttelton,0.0,0.0,0.0,0.0,0.0,0.0,incoming,medium,sandy,7,urban,1,0,0,0.0,0.0,6.8,7.01,7.35,1.13,2.16,90.7,90.3,83.8,32,-43.6079,172.6999,1,3,4,0,14,0,Alongshore,Alongshore,Alongshore,303.4,0.18181818181818182
985,Corsair Bay Beach,2023-01-26 17:00:00,Lyttelton,0.0,0.0,0.0,0.0,0.6,1.2,incoming,medium,sandy,7,urban,1,0,0,0.4,2.0,5.5,8.96,9.28,3.42,2.28,87.1,90.4,90.6,32,-43.6079,172.6999,1,4,3,0,17,0,Alongshore,Alongshore,Alongshore,22.6,0.16666666666666666
986,Corsair Bay Beach,2023-01-27 08:00:00,Lyttelton,0.0,0.0,0.0,0.0,0.0,0.6,incoming,medium,sandy,7,urban,1,0,0,0.0,0.0,0.19,0.82,0.4,0.93,2.44,218.8,254.1,145.8,32,-43.6079,172.6999,1,4,4,0,8,0,Onshore,Onshore,Alongshore,28.8,0.15384615384615385
987,Corsair Bay Beach,2023-02-01 15:00:00,Lyttelton,0.0,0.0,0.0,0.0,0.0,0.0,ebbing,medium,sandy,7,urban,1,0,0,0.0,0.0,9.2,9.8,9.59,11.32,2.15,82.4,88.3,83.3,32,-43.6079,172.6999,2,5,2,0,15,1,Alongshore,Alongshore,Alongshore,26.8,0.14285714285714285
988,Corsair Bay Beach,2023-02-03 14:00:00,Lyttelton,0.0,0.0,0.0,0.6,0.6,0.6,incoming,medium,sandy,7,urban,1,0,0,0.4,2.0,5.0,5.8,6.35,1.13,1.89,86.9,79.3,70.4,32,-43.6079,172.6999,2,5,4,0,14,1,Alongshore,Alongshore,Offshore,26.8,0.13333333333333333
989,Corsair Bay Beach,2023-02-04 14:00:00,Lyttelton,0.0,0.0,0.0,0.0,0.6,0.6,incoming,medium,sandy,7,urban,1,0,0,0.4,2.0,1.41,5.33,7.54,1.45,1.89,91.1,90.2,74.5,32,-43.6079,172.6999,2,5,5,1,14,1,Alongshore,Alongshore,Offshore,26.8,0.125
990,Corsair Bay Beach,2023-02-05 16:00:00,Lyttelton,0.0,0.0,0.0,0.0,0.0,0.6,incoming,medium,sandy,7,urban,1,0,0,0.0,0.0,6.29,6.67,7.56,0.57,1.9,85.8,81.8,81.0,32,-43.6079,172.6999,2,5,6,1,16,1,Alongshore,Alongshore,Alongshore,16.2,0.11764705882352941
991,Corsair Bay Beach,2023-02-06 15:00:00,Lyttelton,0.0,0.0,0.0,0.0,0.0,0.0,incoming,medium,sandy,7,urban,1,0,0,0.0,0.0,4.05,2.76,4.31,2.0,1.91,48.3,20.6,28.5,32,-43.6079,172.6999,2,6,0,0,15,1,Offshore,Offshore,Offshore,12.0,0.1111111111111111
992,Corsair Bay Beach,2023-02-10 07:00:00,Lyttelton,0.2,0.2,1.0,1.0,8.4,8.4,incoming,medium,sandy,7,urban,1,0,0,5.0,5.0,2.21,4.36,5.49,0.28,2.13,61.4,60.9,79.5,32,-43.6079,172.6999,2,6,4,0,7,0,Offshore,Offshore,Alongshore,18.2,0.10526315789473684
993,Corsair Bay Beach,2023-02-15 15:00:00,Lyttelton,3.4,7.6,15.0,15.4,15.4,15.4,ebbing,medium,sandy,7,urban,1,0,0,2.2,13.0,13.63,15.0,15.26,9.47,2.24,236.2,237.4,241.1,32,-43.6079,172.6999,2,7,2,0,15,0,Onshore,Onshore,Onshore,18.2,0.1
994,Corsair Bay Beach,2023-02-16 16:00:00,Lyttelton,0.0,0.2,1.2,6.4,23.2,23.2,ebbing,medium,sandy,7,urban,1,0,0,2.2,28.0,10.56,10.41,10.17,9.55,2.35,233.4,229.8,231.3,32,-43.6079,172.6999,2,7,3,0,16,0,Onshore,Onshore,Onshore,399.8,0.14285714285714285
995,Corsair Bay Beach,2023-02-17 12:00:00,Lyttelton,0.0,0.0,0.0,0.0,11.2,23.2,incoming,medium,sandy,7,urban,1,0,0,1.8,18.0,7.89,6.79,7.23,1.72,2.1,236.3,241.4,243.6,32,-43.6079,172.6999,2,7,4,0,12,0,Onshore,Onshore,Onshore,414.6,0.13636363636363635
996,Corsair Bay Beach,2023-02-18 13:00:00,Lyttelton,0.0,0.0,0.0,0.0,0.0,10.4,incoming,medium,sandy,7,urban,1,0,0,0.0,0.0,2.5,5.98,7.8,1.5,2.17,89.2,89.8,89.3,32,-43.6079,172.6999,2,7,5,1,13,0,Alongshore,Alongshore,Alongshore,412.6,0.13043478260869565
997,Corsair Bay Beach,2023-02-23 06:00:00,Lyttelton,0.0,0.2,2.4,13.4,13.4,13.4,incoming,medium,sandy,7,urban,1,0,0,3.4,14.0,5.19,4.56,4.37,0.42,2.56,260.5,261.1,261.1,32,-43.6079,172.6999,2,8,3,0,6,0,Alongshore,Alongshore,Alongshore,431.4,0.125
998,Corsair Bay Beach,2023-02-25 08:00:00,Lyttelton,0.0,0.0,0.0,0.0,5.8,19.2,incoming,medium,sandy,7,urban,1,0,0,2.0,8.0,0.54,0.3,1.0,0.12,2.34,76.2,23.1,311.1,32,-43.6079,172.6999,2,8,5,1,8,0,Offshore,Offshore,Alongshore,1405.4,0.16
999,Corsair Bay Beach,2023-03-01 14:00:00,Lyttelton,0.0,0.0,0.0,0.0,0.0,0.0,ebbing,medium,sandy,7,urban,1,0,0,0.0,0.0,8.18,10.21,10.96,10.77,2.12,88.7,89.4,84.2,32,-43.6079,172.6999,3,9,2,0,14,0,Alongshore,Alongshore,Alongshore,1023.8,0.15384615384615385
1000,Corsair Bay Beach,2023-03-06 17:00:00,Lyttelton,0.0,0.0,0.0,0.6,22.8,22.8,ebbing,medium,sandy,7,urban,1,0,0,4.0,16.0,0.74,4.45,7.04,11.5,2.2,85.3,85.7,56.5,32,-43.6079,172.6999,3,10,0,0,17,0,Alongshore,Alongshore,Offshore,1009.0,0.14814814814814814
1001,Corsair Bay Beach,2023-03-27 12:00:00,Lyttelton,0.0,0.0,0.0,0.0,0.4,0.4,ebbing,medium,sandy,7,urban,1,0,0,0.4,1.0,5.33,5.64,6.07,9.88,2.22,81.4,80.5,70.4,32,-43.6079,172.6999,3,13,0,0,12,0,Alongshore,Alongshore,Offshore,1039.2,0.14285714285714285
1002,Corsair Bay Beach,2023-06-01 15:00:00,Lyttelton,0.0,0.0,0.0,0.0,0.0,0.0,ebbing,medium,sandy,7,urban,1,0,0,0.0,0.0,0.55,1.25,1.75,11.32,2.06,100.6,87.6,89.4,32,-43.6079,172.6999,6,22,3,0,15,1,Alongshore,Alongshore,Alongshore,1014.2,0.13793103448275862
1003,Corsair Bay Beach,2023-06-19 16:00:00,Lyttelton,0.2,0.4,1.2,3.4,6.0,19.8,incoming,medium,sandy,7,urban,1,0,0,1.2,16.0,10.98,11.12,10.73,1.35,2.3,78.5,79.8,77.9,32,-43.6079,172.6999,6,25,0,0,16,0,Alongshore,Alongshore,Alongshore,40.2,0.13333333333333333
1004,Corsair Bay Beach,2023-07-06 13:00:00,Lyttelton,0.0,0.0,0.0,0.0,0.0,1.4,incoming,medium,sandy,7,urban,1,0,0,0.0,0.0,5.92,6.97,6.89,5.7,2.62,250.4,252.6,266.4,32,-43.6079,172.6999,7,27,3,0,13,0,Onshore,Onshore,Alongshore,42.2,0.12903225806451613
1005,Corsair Bay Beach,2023-07-10 09:00:00,Lyttelton,0.0,0.0,1.8,36.6,70.4,70.4,incoming,medium,sandy,7,urban,1,0,0,13.2,33.0,5.99,5.67,5.09,1.05,2.23,78.4,79.0,75.6,32,-43.6079,172.6999,7,28,0,0,9,0,Alongshore,Alongshore,Offshore,55.0,0.125
1006,Corsair Bay Beach,2023-07-12 11:00:00,Lyttelton,0.0,0.0,0.0,0.0,0.4,35.0,incoming,medium,sandy,7,urban,1,0,0,0.2,2.0,1.94,6.42,11.0,1.02,2.21,241.4,246.0,247.7,32,-43.6079,172.6999,7,28,2,0,11,0,Onshore,Onshore,Onshore,89.0,0.15151515151515152
1007,Corsair Bay Beach,2023-08-08 10:00:00,Lyttelton,0.0,0.0,0.0,0.0,0.0,0.0,incoming,medium,sandy,7,urban,1,0,0,0.0,0.0,5.14,3.6,3.2,0.4,2.26,280.3,279.4,265.8,32,-43.6079,172.6999,8,32,1,0,10,0,Alongshore,Alongshore,Alongshore,127.2,0.14705882352941177
1008,Corsair Bay Beach,2023-11-04 10:00:00,Lyttelton,0.0,0.0,0.2,8.4,8.4,8.4,ebbing,medium,sandy,7,urban,1,0,0,3.6,7.0,2.38,2.31,5.12,11.73,1.91,88.1,80.1,255.5,32,-43.6079,172.6999,11,44,5,1,10,0,Alongshore,Alongshore,Onshore,,0.0
1009,Corsair Bay Beach,2023-11-06 09:00:00,Lyttelton,0.0,0.0,0.6,8.2,15.8,24.2,incoming,medium,sandy,7,urban,1,0,0,7.6,8.0,4.28,5.08,4.6,2.43,2.14,259.2,259.9,263.5,32,-43.6079,172.6999,11,45,0,0,9,0,Alongshore,Alongshore,Alongshore,10.0,0.0
1010,Corsair Bay Beach,2023-11-15 07:00:00,Lyttelton,0.0,0.0,0.0,0.0,0.0,0.0,ebbing,medium,sandy,7,urban,1,0,0,0.0,0.0,2.86,2.8,5.74,10.62,2.01,58.1,42.3,289.4,32,-43.6079,172.6999,11,46,2,0,7,0,Offshore,Offshore,Alongshore,10.0,0.0
1011,Corsair Bay Beach,2023-11-22 13:00:00,Lyttelton,0.0,0.0,0.4,0.6,0.6,10.0,ebbing,medium,sandy,7,urban,1,0,0,0.4,2.0,9.94,10.55,10.96,11.47,2.18,89.7,87.6,84.9,32,-43.6079,172.6999,11,47,2,0,13,0,Alongshore,Alongshore,Alongshore,10.0,0.0
1012,Corsair Bay Beach,2023-11-24 14:00:00,Lyttelton,0.0,1.4,8.6,10.0,10.0,10.6,ebbing,medium,sandy,7,urban,1,0,0,3.6,10.0,10.34,14.52,14.42,12.15,2.3,225.4,228.0,231.5,32,-43.6079,172.6999,11,47,4,0,14,0,Onshore,Onshore,Onshore,10.0,0.0
1013,Corsair Bay Beach,2023-11-27 16:00:00,Lyttelton,0.0,0.0,0.0,0.0,0.0,1.0,incoming,medium,sandy,7,urban,1,0,0,0.0,0.0,7.96,10.19,10.18,0.03,2.18,82.4,85.9,85.4,32,-43.6079,172.6999,11,48,0,0,16,0,Alongshore,Alongshore,Alongshore,119.2,0.16666666666666666
1014,Corsair Bay Beach,2023-12-04 08:00:00,Lyttelton,5.4,8.6,11.6,11.6,11.6,11.6,incoming,medium,sandy,7,urban,1,0,0,2.2,10.0,2.88,2.5,2.28,1.45,2.18,256.4,274.2,280.3,32,-43.6079,172.6999,12,49,0,0,8,0,Onshore,Alongshore,Alongshore,119.2,0.14285714285714285
1015,Corsair Bay Beach,2023-12-06 10:00:00,Lyttelton,0.0,0.0,0.0,0.0,0.2,12.8,incoming,medium,sandy,7,urban,1,0,0,0.2,1.0,8.34,7.41,7.9,0.88,2.07,72.2,69.6,71.9,32,-43.6079,172.6999,12,49,2,0,10,0,Offshore,Offshore,Offshore,210.2,0.25
1016,Corsair Bay Beach,2023-12-11 16:00:00,Lyttelton,0.0,0.0,0.0,0.0,10.4,10.4,ebbing,medium,sandy,7,urban,1,0,0,5.6,3.0,8.42,10.02,10.59,11.4,2.21,77.6,83.6,81.5,32,-43.6079,172.6999,12,50,0,0,16,0,Alongshore,Alongshore,Alongshore,210.2,0.2222222222222222
1017,Corsair Bay Beach,2023-12-18 07:00:00,Lyttelton,0.0,0.0,2.2,2.6,2.6,2.6,incoming,medium,sandy,7,urban,1,0,0,2.0,3.0,2.78,2.39,1.85,1.6,2.48,264.6,279.3,290.9,32,-43.6079,172.6999,12,51,0,0,7,0,Alongshore,Alongshore,Alongshore,210.2,0.2
1018,Corsair Bay Beach,2023-12-28 05:00:00,Lyttelton,0.0,0.0,0.0,0.0,4.6,4.6,incoming,medium,sandy,7,urban,1,0,0,3.2,4.0,6.08,6.07,6.89,0.22,2.35,64.0,70.1,67.6,32,-43.6079,172.6999,12,52,3,0,5,1,Offshore,Offshore,Offshore,103.0,0.18181818181818182
1019,Corsair Bay Beach,2024-01-03 08:00:00,Lyttelton,0.0,0.0,1.4,1.4,1.4,10.8,incoming,medium,sandy,7,urban,1,0,0,0.8,3.0,5.31,4.97,5.76,1.72,2.08,77.1,69.7,66.6,32,-43.6079,172.6999,1,1,2,0,8,1,Alongshore,Offshore,Offshore,103.0,0.16666666666666666
1020,Corsair Bay Beach,2024-01-08 15:00:00,Lyttelton,0.0,0.0,0.0,0.0,0.0,0.4,ebbing,medium,sandy,7,urban,1,0,0,0.0,0.0,10.07,10.99,11.29,11.47,2.18,89.2,90.1,86.6,32,-43.6079,172.6999,1,2,0,0,15,0,Alongshore,Alongshore,Alongshore,12.0,0.15384615384615385
1021,Corsair Bay Beach,2024-01-16 07:00:00,Lyttelton,0.0,0.0,0.0,22.4,22.4,22.4,incoming,medium,sandy,7,urban,1,0,0,8.6,6.0,4.41,4.02,4.36,1.27,2.53,78.1,67.5,64.9,32,-43.6079,172.6999,1,3,1,0,7,0,Alongshore,Offshore,Offshore,12.0,0.14285714285714285
1022,Corsair Bay Beach,2024-01-17 15:00:00,Lyttelton,0.0,0.0,0.0,0.0,0.0,22.4,ebbing,medium,sandy,7,urban,1,0,0,0.0,0.0,1.45,2.46,9.19,6.62,2.25,267.9,264.0,71.7,32,-43.6079,172.6999,1,3,2,0,15,0,Alongshore,Alongshore,Offshore,62.4,0.13333333333333333
1023,Corsair Bay Beach,2024-01-25 17:00:00,Lyttelton,0.0,0.0,0.0,0.0,1.6,1.8,ebbing,medium,sandy,7,urban,1,0,0,0.4,5.0,9.67,13.07,14.03,12.2,2.31,79.2,82.4,80.9,32,-43.6079,172.6999,1,4,3,0,17,0,Alongshore,Alongshore,Alongshore,75.2,0.125
1024,Corsair Bay Beach,2024-01-31 10:00:00,Lyttelton,0.0,0.0,0.0,0.0,0.0,0.0,ebbing,medium,sandy,7,urban,1,0,0,0.0,0.0,0.65,3.66,7.07,10.92,1.91,94.8,92.4,195.0,32,-43.6079,172.6999,1,5,2,0,10,1,Alongshore,Alongshore,Onshore,75.2,0.11764705882352941
1025,Corsair Bay Beach,2024-02-07 15:00:00,Lyttelton,0.0,0.0,0.0,0.0,0.0,0.0,ebbing,medium,sandy,7,urban,1,0,0,0.0,0.0,7.97,7.47,5.74,11.43,2.37,267.2,261.8,263.6,32,-43.6079,172.6999,2,6,2,0,15,1,Alongshore,Alongshore,Alongshore,75.2,0.1111111111111111
1026,Corsair Bay Beach,2024-02-11 18:00:00,Lyttelton,0.0,0.2,2.6,13.6,13.6,13.6,ebbing,medium,sandy,7,urban,1,0,0,4.0,15.0,8.76,8.72,6.99,12.18,2.63,232.5,232.9,236.4,32,-43.6079,172.6999,2,6,6,1,18,0,Onshore,Onshore,Onshore,75.2,0.10526315789473684
1027,Corsair Bay Beach,2024-02-13 06:00:00,Lyttelton,0.2,0.2,0.2,0.2,2.8,13.8,incoming,medium,sandy,7,urban,1,0,0,1.2,7.0,5.3,5.57,6.62,1.5,2.59,64.2,65.7,67.7,32,-43.6079,172.6999,2,7,1,0,6,0,Offshore,Offshore,Offshore,159.4,0.15
1028,Corsair Bay Beach,2024-02-19 14:00:00,Lyttelton,0.0,0.0,0.0,0.0,0.0,0.0,ebbing,medium,sandy,7,urban,1,0,0,0.0,0.0,2.56,5.97,5.96,11.22,2.21,288.2,278.6,281.0,32,-43.6079,172.6999,2,8,0,0,14,0,Alongshore,Alongshore,Alongshore,144.6,0.14285714285714285
1029,Corsair Bay Beach,2024-02-20 14:00:00,Lyttelton,0.0,0.0,3.0,4.4,4.4,4.4,ebbing,medium,sandy,7,urban,1,0,0,1.4,6.0,9.14,8.71,6.31,11.57,2.22,245.3,239.2,239.9,32,-43.6079,172.6999,2,8,1,0,14,0,Onshore,Onshore,Onshore,144.6,0.13636363636363635
1030,Corsair Bay Beach,2024-02-29 07:00:00,Lyttelton,0.0,0.0,0.0,0.0,1.8,1.8,incoming,medium,sandy,7,urban,1,0,0,1.0,3.0,5.23,5.02,4.49,1.17,2.04,269.6,271.1,272.5,32,-43.6079,172.6999,2,9,3,0,7,0,Alongshore,Alongshore,Alongshore,146.6,0.13043478260869565
1031,Corsair Bay Beach,2024-03-04 12:00:00,Lyttelton,0.0,0.0,0.0,0.0,0.0,0.0,ebbing,medium,sandy,7,urban,1,0,0,0.0,0.0,3.66,3.02,5.12,11.4,2.1,304.7,346.2,32.4,32,-43.6079,172.6999,3,10,0,0,12,0,Alongshore,Alongshore,Offshore,146.6,0.125
1032,Corsair Bay Beach,2024-03-13 06:00:00,Lyttelton,0.0,0.0,0.0,0.4,4.8,4.8,incoming,medium,sandy,7,urban,1,0,0,1.0,10.0,2.47,7.5,10.19,0.92,2.52,247.7,253.7,250.3,32,-43.6079,172.6999,3,11,2,0,6,0,Onshore,Onshore,Onshore,12.0,0.12
1033,Corsair Bay Beach,2024-03-15 09:00:00,Lyttelton,0.0,0.0,0.0,0.0,0.0,0.2,ebbing,medium,sandy,7,urban,1,0,0,0.0,0.0,2.7,2.58,3.33,12.3,2.36,240.5,253.3,266.2,32,-43.6079,172.6999,3,11,4,0,9,0,Onshore,Onshore,Alongshore,161.8,0.15384615384615385
1034,Corsair Bay Beach,2024-03-19 14:00:00,Lyttelton,0.0,0.0,0.2,0.4,4.4,4.4,ebbing,medium,sandy,7,urban,1,0,0,2.4,5.0,5.93,5.93,5.64,11.08,2.19,252.1,240.1,237.1,32,-43.6079,172.6999,3,12,1,0,14,0,Onshore,Onshore,Onshore,163.8,0.14814814814814814
1035,Corsair Bay Beach,2024-03-28 06:00:00,Lyttelton,0.0,0.0,0.0,1.6,1.6,1.6,incoming,medium,sandy,7,urban,1,0,0,1.2,2.0,3.53,4.92,2.67,0.45,2.03,118.9,84.1,70.0,32,-43.6079,172.6999,3,13,3,0,6,0,Alongshore,Alongshore,Offshore,163.8,0.14285714285714285
1036,Corsair Bay Beach,2024-04-12 08:00:00,Lyttelton,1.6,4.6,18.0,18.0,18.0,18.0,ebbing,medium,sandy,7,urban,1,0,0,6.8,11.0,9.42,14.14,14.52,12.08,2.44,258.3,257.7,261.7,32,-43.6079,172.6999,4,15,4,0,8,0,Alongshore,Alongshore,Alongshore,163.8,0.13793103448275862
1037,Corsair Bay Beach,2024-04-14 09:00:00,Lyttelton,0.0,0.0,0.0,0.0,1.0,19.2,incoming,medium,sandy,7,urban,1,0,0,0.4,4.0,5.56,5.39,3.71,0.48,2.08,284.8,272.8,267.2,32,-43.6079,172.6999,4,15,6,1,9,1,Alongshore,Alongshore,Alongshore,851.8,0.16666666666666666
1038,Corsair Bay Beach,2024-05-02 10:00:00,Lyttelton,0.0,0.0,0.8,1.0,2.8,2.8,incoming,medium,sandy,7,urban,1,0,0,1.4,6.0,6.6,4.7,4.13,0.9,2.0,266.3,262.9,257.0,32,-43.6079,172.6999,5,18,3,0,10,0,Alongshore,Alongshore,Alongshore,722.0,0.16129032258064516
1039,Corsair Bay Beach,2024-05-21 12:00:00,Lyttelton,8.8,16.8,20.2,20.4,20.8,21.2,incoming,medium,sandy,7,urban,1,0,0,4.6,13.0,2.35,0.83,4.7,2.8,2.05,85.4,32.1,297.4,32,-43.6079,172.6999,5,21,1,0,12,0,Alongshore,Offshore,Alongshore,720.0,0.15625
1040,Corsair Bay Beach,2024-06-15 09:00:00,Lyttelton,0.2,1.4,13.2,22.0,24.4,24.6,incoming,medium,sandy,7,urban,1,0,0,4.4,25.0,6.3,3.44,1.07,2.08,1.92,242.3,269.0,265.3,32,-43.6079,172.6999,6,24,5,1,9,0,Onshore,Alongshore,Alongshore,792.8,0.18181818181818182
1041,Corsair Bay Beach,2024-07-03 14:00:00,Lyttelton,1.8,3.0,5.4,10.4,25.0,25.0,ebbing,medium,sandy,7,urban,1,0,0,2.4,30.0,12.47,11.98,12.17,12.12,2.1,249.2,249.3,247.1,32,-43.6079,172.6999,7,27,2,0,14,0,Onshore,Onshore,Onshore,792.8,0.17647058823529413
1042,Corsair Bay Beach,2024-07-16 11:00:00,Lyttelton,0.0,0.0,3.4,15.0,18.2,22.2,incoming,medium,sandy,7,urban,1,0,0,5.8,17.0,2.26,4.34,3.72,1.33,1.97,279.3,282.0,298.9,32,-43.6079,172.6999,7,29,1,0,11,0,Alongshore,Alongshore,Alongshore,345.0,0.2
1043,Corsair Bay Beach,2024-08-18 17:00:00,Lyttelton,6.8,10.4,23.0,25.0,25.0,25.0,ebbing,medium,sandy,7,urban,1,0,0,4.4,17.0,8.28,6.75,4.84,10.75,2.1,268.2,258.2,255.8,32,-43.6079,172.6999,8,33,6,1,17,0,Alongshore,Alongshore,Onshore,333.4,0.19444444444444445
1044,Corsair Bay Beach,2024-09-17 15:00:00,Lyttelton,0.0,0.0,12.6,13.8,15.4,15.4,incoming,medium,sandy,7,urban,1,0,0,3.6,10.0,12.12,12.36,12.68,0.37,2.51,237.9,241.5,242.3,32,-43.6079,172.6999,9,38,1,0,15,0,Onshore,Onshore,Onshore,446.0,0.21621621621621623
1045,Diamond Harbour Beach,2013-11-12 12:00:00,Lyttelton,0.0,0.0,0.0,0.0,0.0,0.0,ebbing,medium,stony,7,urban,2,0,0,0.0,0.0,2.32,2.09,1.14,12.35,2.22,163.8,212.2,213.1,140,-43.6255,172.7372,11,46,1,0,12,0,Offshore,Alongshore,Alongshore,,0.0
1046,Diamond Harbour Beach,2013-11-25 12:00:00,Lyttelton,0.0,0.0,0.0,0.0,0.0,0.8,ebbing,medium,stony,7,urban,2,0,0,0.0,0.0,3.29,4.63,2.44,10.3,1.88,229.2,222.4,215.1,140,-43.6255,172.7372,11,48,0,0,12,0,Alongshore,Alongshore,Alongshore,30.0,0.0
1047,Diamond Harbour Beach,2013-12-02 13:00:00,Lyttelton,0.0,0.0,0.0,0.0,0.0,0.0,incoming,medium,stony,7,urban,2,0,0,0.0,0.0,3.43,4.41,5.14,2.17,2.25,70.2,69.1,54.8,140,-43.6255,172.7372,12,49,0,0,13,0,Alongshore,Alongshore,Alongshore,20.0,0.0
1048,Diamond Harbour Beach,2013-12-09 11:00:00,Lyttelton,0.0,0.0,0.0,1.6,1.6,1.6,ebbing,medium,stony,7,urban,2,0,0,0.8,3.0,5.8,5.06,5.28,11.22,2.26,200.9,209.7,212.2,140,-43.6255,172.7372,12,50,0,0,11,0,Alongshore,Alongshore,Alongshore,16.666666666666668,0.0
1049,Diamond Harbour Beach,2013-12-10 13:00:00,Lyttelton,0.6,2.2,2.2,2.2,3.8,3.8,ebbing,medium,stony,7,urban,2,0,0,1.2,6.0,1.31,4.09,5.59,9.9,2.24,60.8,61.4,60.6,140,-43.6255,172.7372,12,50,1,0,13,0,Alongshore,Alongshore,Alongshore,58.25,0.0
1050,Diamond Harbour Beach,2013-12-16 14:00:00,Lyttelton,0.0,0.0,0.0,0.0,0.0,0.0,incoming,medium,stony,7,urban,2,0,0,0.0,0.0,1.59,3.81,2.82,1.72,2.04,224.7,210.3,202.1,140,-43.6255,172.7372,12,51,0,0,14,0,Alongshore,Alongshore,Alongshore,48.6,0.0
1051,Diamond Harbour Beach,2013-12-22 10:00:00,Lyttelton,0.0,0.0,1.8,1.8,1.8,1.8,ebbing,medium,stony,7,urban,2,0,0,0.8,3.0,3.55,1.02,1.11,10.33,1.91,199.2,217.2,211.2,140,-43.6255,172.7372,12,51,6,1,10,1,Alongshore,Alongshore,Alongshore,44.6,0.0
1052,Diamond Harbour Beach,2014-01-06 11:00:00,Lyttelton,0.0,0.0,0.0,0.0,0.4,0.4,ebbing,medium,stony,7,urban,2,0,0,0.4,1.0,1.42,2.16,2.48,10.17,2.34,96.4,141.4,231.6,140,-43.6255,172.7372,1,2,0,0,11,0,Offshore,Offshore,Alongshore,44.6,0.0
1053,Diamond Harbour Beach,2014-01-13 12:00:00,Lyttelton,0.0,0.0,0.0,0.0,0.0,0.0,incoming,medium,stony,7,urban,2,0,0,0.0,0.0,2.63,5.6,4.39,2.1,1.99,217.1,212.3,208.1,140,-43.6255,172.7372,1,3,0,0,12,0,Alongshore,Alongshore,Alongshore,44.6,0.0
1054,Diamond Harbour Beach,2014-01-20 09:00:00,Lyttelton,0.0,0.0,0.0,0.0,0.0,0.0,ebbing,medium,stony,7,urban,2,0,0,0.0,0.0,2.5,4.1,5.57,10.28,1.95,38.5,37.4,13.9,140,-43.6255,172.7372,1,4,0,0,9,0,Alongshore,Alongshore,Alongshore,10.0,0.0
1055,Diamond Harbour Beach,2014-01-22 09:00:00,Lyttelton,0.0,0.0,0.0,0.0,13.8,13.8,ebbing,medium,stony,7,urban,2,0,0,3.6,13.0,3.24,3.53,4.33,12.23,1.98,51.6,44.0,37.1,140,-43.6255,172.7372,1,4,2,0,9,0,Alongshore,Alongshore,Alongshore,92.4,0.09090909090909091
1056,Diamond Harbour Beach,2014-01-28 15:00:00,Lyttelton,0.0,0.0,0.0,0.0,3.4,3.4,ebbing,medium,stony,7,urban,2,0,0,1.0,9.0,1.49,3.17,4.2,11.38,2.51,71.4,78.8,84.9,140,-43.6255,172.7372,1,5,1,0,15,0,Alongshore,Alongshore,Alongshore,92.4,0.08333333333333333
1057,Diamond Harbour Beach,2014-02-03 10:00:00,Lyttelton,0.0,0.0,0.0,0.0,0.0,0.6,ebbing,medium,stony,7,urban,2,0,0,0.0,0.0,1.78,2.98,5.02,9.78,2.41,63.6,59.6,46.7,140,-43.6255,172.7372,2,6,0,0,10,1,Alongshore,Alongshore,Alongshore,92.4,0.07692307692307693
1058,Diamond Harbour Beach,2014-02-10 12:00:00,Lyttelton,0.0,0.0,0.0,0.0,0.0,0.0,incoming,medium,stony,7,urban,2,0,0,0.0,0.0,4.74,3.1,2.48,1.2,1.96,215.4,202.9,196.3,140,-43.6255,172.7372,2,7,0,0,12,0,Alongshore,Alongshore,Alongshore,92.4,0.07142857142857142
1059,Diamond Harbour Beach,2014-02-17 10:00:00,Lyttelton,0.0,0.0,0.0,0.0,0.0,0.2,ebbing,medium,stony,7,urban,2,0,0,0.0,0.0,6.41,7.2,7.4,8.92,2.02,59.9,61.3,54.4,140,-43.6255,172.7372,2,8,0,0,10,0,Alongshore,Alongshore,Alongshore,92.4,0.06666666666666667
1060,Diamond Harbour Beach,2014-02-24 12:00:00,Lyttelton,0.0,0.0,0.0,2.0,9.2,9.2,ebbing,medium,stony,7,urban,2,0,0,5.6,6.0,3.22,6.04,6.75,11.63,2.33,52.1,49.0,39.2,140,-43.6255,172.7372,2,9,0,0,12,0,Alongshore,Alongshore,Alongshore,10.0,0.0625
1061,Diamond Harbour Beach,2014-03-10 12:00:00,Lyttelton,0.0,0.0,0.0,0.0,0.0,0.0,ebbing,medium,stony,7,urban,2,0,0,0.0,0.0,2.82,4.17,4.29,11.85,2.14,60.5,52.9,42.9,140,-43.6255,172.7372,3,11,0,0,12,0,Alongshore,Alongshore,Alongshore,10.0,0.058823529411764705
1062,Diamond Harbour Beach,2014-11-18 11:00:00,Lyttelton,0.0,0.0,0.0,0.0,0.0,0.0,incoming,medium,stony,7,urban,2,0,0,0.0,0.0,3.88,4.96,3.51,1.8,2.05,190.6,227.5,254.2,140,-43.6255,172.7372,11,47,1,0,11,0,Alongshore,Alongshore,Alongshore,,0.0
1063,Diamond Harbour Beach,2014-11-24 15:00:00,Lyttelton,0.0,0.0,0.0,0.0,0.6,0.6,incoming,medium,stony,7,urban,2,0,0,0.6,1.0,3.32,8.28,9.29,3.17,2.15,52.3,54.8,50.5,140,-43.6255,172.7372,11,48,0,0,15,0,Alongshore,Alongshore,Alongshore,10.0,0.0
1064,Diamond Harbour Beach,2014-12-08 16:00:00,Lyttelton,0.0,0.0,0.0,0.0,0.0,0.0,incoming,medium,stony,7,urban,2,0,0,0.0,0.0,3.95,5.24,5.69,2.05,2.12,56.3,54.2,54.0,140,-43.6255,172.7372,12,50,0,0,16,0,Alongshore,Alongshore,Alongshore,10.0,0.0
1065,Diamond Harbour Beach,2014-12-15 15:00:00,Lyttelton,0.0,0.0,0.0,0.0,0.0,1.0,ebbing,medium,stony,7,urban,2,0,0,0.0,0.0,4.87,5.84,6.51,8.78,1.94,64.3,65.2,59.6,140,-43.6255,172.7372,12,51,0,0,15,0,Alongshore,Alongshore,Alongshore,10.0,0.0
1066,Diamond Harbour Beach,2014-12-22 14:00:00,Lyttelton,0.0,0.0,0.0,7.4,7.4,7.8,incoming,medium,stony,7,urban,2,0,0,3.4,7.0,2.92,4.58,5.32,2.28,2.18,61.6,61.3,56.0,140,-43.6255,172.7372,12,52,0,0,14,1,Alongshore,Alongshore,Alongshore,10.0,0.0
1067,Diamond Harbour Beach,2014-12-29 12:00:00,Lyttelton,0.0,0.0,0.0,0.0,1.4,1.4,ebbing,medium,stony,7,urban,2,0,0,1.4,1.0,4.41,6.1,6.24,11.15,2.29,65.7,62.9,50.5,140,-43.6255,172.7372,12,1,0,0,12,1,Alongshore,Alongshore,Alongshore,10.0,0.0
1068,Diamond Harbour Beach,2015-01-06 08:00:00,Lyttelton,0.0,0.0,0.0,0.0,0.0,0.0,ebbing,medium,stony,7,urban,2,0,0,0.0,0.0,1.14,1.49,2.07,9.33,2.06,299.3,283.9,306.3,140,-43.6255,172.7372,1,2,1,0,8,0,Onshore,Onshore,Onshore,10.0,0.0
1069,Diamond Harbour Beach,2015-01-12 13:00:00,Lyttelton,0.0,0.0,0.0,0.0,0.0,0.0,ebbing,medium,stony,7,urban,2,0,0,0.0,0.0,2.81,1.05,2.04,9.45,1.94,28.1,341.5,247.2,140,-43.6255,172.7372,1,3,0,0,13,0,Alongshore,Onshore,Alongshore,10.0,0.0
1070,Diamond Harbour Beach,2015-01-19 13:00:00,Lyttelton,0.0,0.0,0.0,0.0,0.0,0.0,incoming,medium,stony,7,urban,2,0,0,0.0,0.0,3.42,3.66,5.41,1.9,2.18,293.5,324.4,321.0,140,-43.6255,172.7372,1,4,0,0,13,0,Onshore,Onshore,Onshore,10.0,0.0
1071,Diamond Harbour Beach,2015-01-26 12:00:00,Lyttelton,0.0,0.0,0.0,0.0,0.0,0.0,ebbing,medium,stony,7,urban,2,0,0,0.0,0.0,10.11,10.42,10.81,10.12,2.35,59.4,53.2,49.7,140,-43.6255,172.7372,1,5,0,0,12,0,Alongshore,Alongshore,Alongshore,10.0,0.0
1072,Diamond Harbour Beach,2015-02-02 13:00:00,Lyttelton,0.0,0.0,0.0,0.0,0.0,1.8,incoming,medium,stony,7,urban,2,0,0,0.0,0.0,1.94,4.04,7.08,2.15,2.03,312.9,334.1,346.8,140,-43.6255,172.7372,2,6,0,0,13,1,Onshore,Onshore,Onshore,10.0,0.0
1073,Diamond Harbour Beach,2015-02-09 10:00:00,Lyttelton,0.0,0.0,0.0,0.0,0.0,0.0,ebbing,medium,stony,7,urban,2,0,0,0.0,0.0,3.89,6.99,8.96,10.75,1.98,300.2,305.4,308.3,140,-43.6255,172.7372,2,7,0,0,10,1,Onshore,Onshore,Onshore,10.0,0.0
1074,Diamond Harbour Beach,2015-02-16 11:00:00,Lyttelton,0.0,0.0,0.0,0.0,0.0,0.0,incoming,medium,stony,7,urban,2,0,0,0.0,0.0,1.46,1.53,2.68,2.58,2.16,74.2,49.0,36.7,140,-43.6255,172.7372,2,8,0,0,11,0,Alongshore,Alongshore,Alongshore,10.0,0.0
1075,Diamond Harbour Beach,2015-02-23 10:00:00,Lyttelton,0.0,0.0,0.8,0.8,3.0,3.0,ebbing,medium,stony,7,urban,2,0,0,1.6,6.0,2.01,1.3,1.08,10.63,2.45,202.3,219.8,218.7,140,-43.6255,172.7372,2,9,0,0,10,0,Alongshore,Alongshore,Alongshore,10.0,0.0
1076,Diamond Harbour Beach,2015-11-17 12:00:00,Lyttelton,0.0,0.0,0.0,0.0,0.0,0.0,ebbing,medium,stony,7,urban,2,0,0,0.0,0.0,3.23,4.75,2.85,8.93,2.0,250.4,250.1,254.4,140,-43.6255,172.7372,11,47,1,0,12,0,Alongshore,Alongshore,Alongshore,,0.0
1077,Diamond Harbour Beach,2015-11-23 12:00:00,Lyttelton,0.0,0.0,0.0,0.0,0.0,0.0,incoming,medium,stony,7,urban,2,0,0,0.0,0.0,4.36,4.86,6.98,1.97,2.4,86.7,86.3,73.1,140,-43.6255,172.7372,11,48,0,0,12,0,Alongshore,Alongshore,Alongshore,10.0,0.0
1078,Diamond Harbour Beach,2015-11-30 07:00:00,Lyttelton,0.0,0.0,0.0,0.4,0.8,0.8,incoming,medium,stony,7,urban,2,0,0,0.4,2.0,8.12,7.74,7.52,1.0,2.47,72.7,67.4,64.6,140,-43.6255,172.7372,11,49,0,0,7,0,Alongshore,Alongshore,Alongshore,10.0,0.0
1079,Diamond Harbour Beach,2015-12-10 14:00:00,Lyttelton,0.0,0.0,0.0,0.0,0.0,1.4,incoming,medium,stony,7,urban,2,0,0,0.0,0.0,2.94,4.4,6.14,1.98,2.0,69.1,68.9,63.1,140,-43.6255,172.7372,12,50,3,0,14,0,Alongshore,Alongshore,Alongshore,10.0,0.0
1080,Diamond Harbour Beach,2015-12-14 05:00:00,Lyttelton,0.2,0.2,0.2,8.2,8.2,8.2,incoming,medium,stony,7,urban,2,0,0,4.6,5.0,1.04,0.47,0.93,1.37,2.34,305.0,349.9,277.8,140,-43.6255,172.7372,12,51,0,0,5,0,Onshore,Onshore,Onshore,10.0,0.0
1081,Diamond Harbour Beach,2015-12-23 12:00:00,Lyttelton,0.0,0.0,0.0,1.4,1.8,1.8,incoming,medium,stony,7,urban,2,0,0,0.8,5.0,2.22,3.13,3.71,1.9,2.29,254.8,248.1,256.3,140,-43.6255,172.7372,12,52,2,0,12,1,Alongshore,Alongshore,Alongshore,10.0,0.0
1082,Diamond Harbour Beach,2016-01-05 11:00:00,Lyttelton,0.0,0.0,0.0,0.0,0.2,16.6,incoming,medium,stony,7,urban,2,0,0,0.2,1.0,2.69,2.72,3.1,1.73,1.97,81.8,97.4,75.5,140,-43.6255,172.7372,1,1,1,0,11,1,Alongshore,Offshore,Alongshore,10.0,0.0
1083,Diamond Harbour Beach,2016-01-11 15:00:00,Lyttelton,0.0,0.0,0.0,0.0,0.0,0.0,incoming,medium,stony,7,urban,2,0,0,0.0,0.0,7.55,10.98,12.36,2.33,2.13,78.3,77.9,72.6,140,-43.6255,172.7372,1,2,0,0,15,0,Alongshore,Alongshore,Alongshore,10.0,0.0
1084,Diamond Harbour Beach,2016-01-18 09:00:00,Lyttelton,1.6,1.6,1.8,1.8,2.2,14.6,incoming,medium,stony,7,urban,2,0,0,0.8,5.0,5.44,6.05,6.69,1.83,2.3,57.8,52.0,47.9,140,-43.6255,172.7372,1,3,0,0,9,0,Alongshore,Alongshore,Alongshore,10.0,0.0
1085,Diamond Harbour Beach,2016-01-25 15:00:00,Lyttelton,0.0,0.0,0.0,0.0,0.0,0.0,incoming,medium,stony,7,urban,2,0,0,0.0,0.0,0.73,2.93,2.77,2.15,2.15,289.4,286.9,348.0,140,-43.6255,172.7372,1,4,0,0,15,0,Onshore,Onshore,Onshore,10.0,0.0
1086,Diamond Harbour Beach,2016-02-02 09:00:00,Lyttelton,0.0,0.0,0.0,0.0,0.0,0.0,incoming,medium,stony,7,urban,2,0,0,0.0,0.0,1.85,0.63,0.54,1.85,1.94,191.5,209.7,262.1,140,-43.6255,172.7372,2,5,1,0,9,1,Alongshore,Alongshore,Alongshore,10.0,0.0
1087,Diamond Harbour Beach,2016-02-09 15:00:00,Lyttelton,0.0,0.0,0.0,0.0,0.0,0.0,incoming,medium,stony,7,urban,2,0,0,0.0,0.0,1.33,2.53,7.83,2.22,2.26,263.0,264.0,56.0,140,-43.6255,172.7372,2,6,1,0,15,1,Alongshore,Alongshore,Alongshore,10.0,0.0
1088,Diamond Harbour Beach,2016-02-15 09:00:00,Lyttelton,0.0,0.0,0.0,0.0,0.0,0.0,incoming,medium,stony,7,urban,2,0,0,0.0,0.0,0.9,0.35,0.86,0.68,2.34,93.5,301.2,26.6,140,-43.6255,172.7372,2,7,0,0,9,0,Alongshore,Onshore,Alongshore,10.0,0.0
1089,Diamond Harbour Beach,2016-02-22 14:00:00,Lyttelton,0.0,0.0,0.0,0.0,0.0,0.0,incoming,medium,stony,7,urban,2,0,0,0.0,0.0,3.78,6.56,6.99,2.18,2.12,68.5,69.6,67.6,140,-43.6255,172.7372,2,8,0,0,14,0,Alongshore,Alongshore,Alongshore,12.0,0.0
1090,Diamond Harbour Beach,2016-02-29 09:00:00,Lyttelton,0.0,0.0,0.0,0.0,0.0,0.0,ebbing,medium,stony,7,urban,2,0,0,0.0,0.0,5.03,7.54,7.76,12.35,2.01,238.2,244.5,256.5,140,-43.6255,172.7372,2,9,0,0,9,0,Alongshore,Alongshore,Alongshore,12.0,0.0
1091,Diamond Harbour Beach,2016-11-21 09:00:00,Lyttelton,0.0,0.0,0.0,0.0,0.0,0.0,incoming,medium,stony,7,urban,2,0,0,0.0,0.0,0.78,0.97,2.59,1.22,2.41,51.5,63.4,38.6,140,-43.6255,172.7372,11,47,0,0,9,0,Alongshore,Alongshore,Alongshore,,0.0
1092,Diamond Harbour Beach,2016-11-28 13:00:00,Lyttelton,0.0,0.0,0.0,0.0,0.0,0.0,incoming,medium,stony,7,urban,2,0,0,0.0,0.0,3.46,1.53,3.54,2.48,2.04,90.4,188.8,208.8,140,-43.6255,172.7372,11,48,0,0,13,0,Alongshore,Alongshore,Alongshore,10.0,0.0
1093,Diamond Harbour Beach,2016-12-05 10:00:00,Lyttelton,0.0,0.0,0.0,0.0,0.0,0.8,ebbing,medium,stony,7,urban,2,0,0,0.0,0.0,4.28,4.86,6.75,11.13,1.92,66.3,65.5,61.0,140,-43.6255,172.7372,12,49,0,0,10,0,Alongshore,Alongshore,Alongshore,10.0,0.0
1094,Diamond Harbour Beach,2016-12-12 13:00:00,Lyttelton,0.6,2.2,5.6,6.0,9.0,9.0,incoming,medium,stony,7,urban,2,0,0,2.2,14.0,6.3,10.35,11.35,1.87,2.38,218.6,233.2,236.3,140,-43.6255,172.7372,12,50,0,0,13,0,Alongshore,Alongshore,Alongshore,10.0,0.0
1095,Diamond Harbour Beach,2016-12-14 11:00:00,Lyttelton,0.0,0.0,0.0,0.0,2.4,8.4,incoming,medium,stony,7,urban,2,0,0,1.4,5.0,0.52,0.64,2.05,5.83,2.39,91.2,118.6,233.6,140,-43.6255,172.7372,12,50,2,0,11,0,Alongshore,Offshore,Alongshore,179.75,0.2
1096,Diamond Harbour Beach,2016-12-19 10:00:00,Lyttelton,0.0,0.0,0.0,0.0,0.0,0.0,ebbing,medium,stony,7,urban,2,0,0,0.0,0.0,0.58,5.5,6.69,11.4,2.18,79.7,70.5,349.6,140,-43.6255,172.7372,12,51,0,0,10,0,Alongshore,Alongshore,Onshore,145.8,0.16666666666666666
1097,Diamond Harbour Beach,2016-12-28 13:00:00,Lyttelton,0.0,0.0,0.0,0.0,0.0,0.0,incoming,medium,stony,7,urban,2,0,0,0.0,0.0,5.87,8.83,9.98,2.63,1.97,71.4,67.8,64.3,140,-43.6255,172.7372,12,52,2,0,13,1,Alongshore,Alongshore,Alongshore,145.8,0.14285714285714285
1098,Diamond Harbour Beach,2017-01-04 10:00:00,Lyttelton,3.6,3.6,4.0,4.6,4.8,4.8,ebbing,medium,stony,7,urban,2,0,0,3.6,6.0,4.85,1.26,1.64,11.65,2.07,159.5,233.9,249.7,140,-43.6255,172.7372,1,1,2,0,10,1,Offshore,Alongshore,Alongshore,145.8,0.125
1099,Diamond Harbour Beach,2017-01-09 13:00:00,Lyttelton,0.0,0.0,0.0,0.0,3.4,15.0,incoming,medium,stony,7,urban,2,0,0,1.4,8.0,1.61,3.74,6.55,0.6,2.28,64.7,64.7,290.9,140,-43.6255,172.7372,1,2,0,0,13,0,Alongshore,Alongshore,Onshore,145.8,0.1111111111111111
1100,Diamond Harbour Beach,2017-01-16 09:00:00,Lyttelton,0.0,0.0,0.0,0.0,0.6,0.6,ebbing,medium,stony,7,urban,2,0,0,0.6,1.0,0.8,5.92,6.81,10.52,2.22,73.0,62.6,11.4,140,-43.6255,172.7372,1,3,0,0,9,0,Alongshore,Alongshore,Alongshore,10.0,0.1
1101,Diamond Harbour Beach,2017-01-24 13:00:00,Lyttelton,0.0,0.0,0.0,0.0,6.4,13.4,incoming,medium,stony,7,urban,2,0,0,1.6,11.0,8.76,9.38,10.27,1.3,1.93,78.1,74.8,79.1,140,-43.6255,172.7372,1,4,1,0,13,0,Alongshore,Alongshore,Alongshore,10.0,0.09090909090909091
1102,Diamond Harbour Beach,2017-01-30 08:00:00,Lyttelton,0.0,0.0,0.0,0.0,0.0,0.0,ebbing,medium,stony,7,urban,2,0,0,0.0,0.0,1.39,5.21,7.31,10.05,2.09,66.0,64.6,64.3,140,-43.6255,172.7372,1,5,0,0,8,0,Alongshore,Alongshore,Alongshore,10.0,0.08333333333333333
1103,Diamond Harbour Beach,2017-02-07 12:00:00,Lyttelton,0.0,0.0,0.0,0.3,0.3,0.3,incoming,medium,stony,7,urban,2,0,0,0.2,2.0,2.46,1.6,1.34,1.02,2.21,171.5,174.6,246.8,140,-43.6255,172.7372,2,6,1,0,12,1,Offshore,Offshore,Alongshore,10.0,0.07692307692307693
1104,Diamond Harbour Beach,2017-02-13 08:00:00,Lyttelton,0.0,0.0,0.0,0.0,0.0,0.0,ebbing,medium,stony,7,urban,2,0,0,0.0,0.0,2.07,1.96,1.01,10.08,2.24,81.7,43.0,24.5,140,-43.6255,172.7372,2,7,0,0,8,0,Alongshore,Alongshore,Alongshore,10.0,0.07142857142857142
1105,Diamond Harbour Beach,2017-02-20 12:00:00,Lyttelton,0.0,0.0,0.0,0.0,0.8,2.8,ebbing,medium,stony,7,urban,2,0,0,0.2,4.0,8.81,8.09,9.08,12.08,2.05,66.9,69.8,69.6,140,-43.6255,172.7372,2,8,0,0,12,0,Alongshore,Alongshore,Alongshore,14.2,0.06666666666666667
1106,Diamond Harbour Beach,2017-03-02 09:00:00,Lyttelton,0.0,0.0,0.0,0.0,0.0,0.0,ebbing,medium,stony,7,urban,2,0,0,0.0,0.0,0.91,0.17,0.48,10.88,2.33,173.9,321.0,334.8,140,-43.6255,172.7372,3,9,3,0,9,0,Offshore,Onshore,Onshore,14.2,0.0625
1107,Diamond Harbour Beach,2017-11-23 10:00:00,Lyttelton,0.0,0.0,0.0,0.0,0.0,0.0,ebbing,medium,stony,7,urban,2,0,0,0.0,0.0,1.19,2.99,4.42,10.62,1.89,86.9,99.8,86.9,140,-43.6255,172.7372,11,47,3,0,10,0,Alongshore,Offshore,Alongshore,,0.0
1108,Diamond Harbour Beach,2017-11-29 11:00:00,Lyttelton,0.0,0.0,0.0,0.0,0.0,0.0,incoming,medium,stony,7,urban,2,0,0,0.0,0.0,2.13,2.93,4.3,1.23,2.16,78.8,79.9,73.0,140,-43.6255,172.7372,11,48,2,0,11,0,Alongshore,Alongshore,Alongshore,10.0,0.0
1109,Diamond Harbour Beach,2017-12-06 09:00:00,Lyttelton,0.0,0.0,0.0,0.0,0.0,0.0,ebbing,medium,stony,7,urban,2,0,0,0.0,0.0,2.29,2.44,5.62,9.53,2.36,74.4,72.9,56.5,140,-43.6255,172.7372,12,49,2,0,9,0,Alongshore,Alongshore,Alongshore,10.0,0.0
1110,Diamond Harbour Beach,2017-12-13 11:00:00,Lyttelton,0.0,0.0,1.2,1.2,1.2,1.2,incoming,medium,stony,7,urban,2,0,0,0.6,2.0,7.07,7.11,9.88,1.63,2.2,60.3,56.1,54.8,140,-43.6255,172.7372,12,50,2,0,11,0,Alongshore,Alongshore,Alongshore,10.0,0.0
1111,Diamond Harbour Beach,2017-12-20 08:00:00,Lyttelton,0.0,0.0,0.0,0.0,0.0,0.2,ebbing,medium,stony,7,urban,2,0,0,0.0,0.0,13.36,13.3,12.02,9.97,1.95,225.6,225.6,228.2,140,-43.6255,172.7372,12,51,2,0,8,1,Alongshore,Alongshore,Alongshore,20.5,0.0
1112,Diamond Harbour Beach,2017-12-28 09:00:00,Lyttelton,0.0,0.0,0.0,0.2,3.8,5.4,incoming,medium,stony,7,urban,2,0,0,1.0,8.0,3.82,3.23,3.45,2.47,2.17,231.9,239.4,230.1,140,-43.6255,172.7372,12,52,3,0,9,1,Alongshore,Alongshore,Alongshore,18.4,0.0
1113,Diamond Harbour Beach,2018-01-10 12:00:00,Lyttelton,1.6,2.2,2.8,2.8,2.8,2.8,ebbing,medium,stony,7,urban,2,0,0,1.0,6.0,8.39,9.75,9.43,11.97,2.15,255.8,261.2,263.0,140,-43.6255,172.7372,1,2,2,0,12,0,Alongshore,Alongshore,Alongshore,18.4,0.0
1114,Diamond Harbour Beach,2018-01-15 15:00:00,Lyttelton,0.0,0.0,0.0,0.0,0.0,0.2,incoming,medium,stony,7,urban,2,0,0,0.0,0.0,9.84,11.88,11.25,0.3,1.96,76.8,74.0,70.3,140,-43.6255,172.7372,1,3,0,0,15,0,Alongshore,Alongshore,Alongshore,18.4,0.0
1115,Diamond Harbour Beach,2018-01-24 10:00:00,Lyttelton,0.0,0.0,0.0,0.0,0.0,0.0,ebbing,medium,stony,7,urban,2,0,0,0.0,0.0,0.79,0.88,2.14,12.2,2.07,263.0,259.1,286.2,140,-43.6255,172.7372,1,4,2,0,10,0,Alongshore,Alongshore,Onshore,18.4,0.0
1116,Diamond Harbour Beach,2018-02-02 10:00:00,Lyttelton,0.4,1.0,2.2,2.2,2.2,2.2,ebbing,medium,stony,7,urban,2,0,0,0.6,8.0,10.74,10.9,11.23,7.6,2.38,240.3,242.0,245.1,140,-43.6255,172.7372,2,5,4,0,10,1,Alongshore,Alongshore,Alongshore,10.0,0.0
1117,Diamond Harbour Beach,2018-02-05 09:00:00,Lyttelton,0.0,0.0,0.0,0.0,1.2,1.6,ebbing,medium,stony,7,urban,2,0,0,0.6,3.0,2.61,1.72,1.43,12.12,2.27,356.8,50.6,317.1,140,-43.6255,172.7372,2,6,0,0,9,1,Onshore,Alongshore,Onshore,39.2,0.0
1118,Diamond Harbour Beach,2018-02-07 09:00:00,Lyttelton,0.0,0.4,0.4,0.4,0.4,0.4,incoming,medium,stony,7,urban,2,0,0,0.4,1.0,2.35,2.38,3.29,1.17,2.23,72.5,76.7,54.6,140,-43.6255,172.7372,2,6,2,0,9,1,Alongshore,Alongshore,Alongshore,47.6,0.0
1119,Diamond Harbour Beach,2018-02-14 13:00:00,Lyttelton,0.0,0.0,0.0,0.0,0.0,1.0,incoming,medium,stony,7,urban,2,0,0,0.0,0.0,6.17,8.11,8.12,2.85,1.95,242.8,242.1,244.8,140,-43.6255,172.7372,2,7,2,0,13,0,Alongshore,Alongshore,Alongshore,47.6,0.0
1120,Diamond Harbour Beach,2018-02-16 07:00:00,Lyttelton,0.0,0.0,0.0,0.0,0.0,0.0,ebbing,medium,stony,7,urban,2,0,0,0.0,0.0,4.61,1.56,0.9,10.1,1.99,120.9,264.9,257.6,140,-43.6255,172.7372,2,7,4,0,7,0,Offshore,Alongshore,Alongshore,290.2,0.07142857142857142
1121,Diamond Harbour Beach,2018-02-27 13:00:00,Lyttelton,0.0,0.0,0.0,0.0,3.4,3.4,incoming,medium,stony,7,urban,2,0,0,1.2,6.0,1.36,3.41,5.72,0.57,2.24,77.9,80.9,79.7,140,-43.6255,172.7372,2,9,1,0,13,0,Alongshore,Alongshore,Alongshore,292.2,0.06666666666666667
1122,Diamond Harbour Beach,2018-03-14 12:00:00,Lyttelton,0.0,0.0,0.0,0.0,0.0,0.0,incoming,medium,stony,7,urban,2,0,0,0.0,0.0,1.97,2.84,5.76,2.4,1.93,83.7,87.7,78.1,140,-43.6255,172.7372,3,11,2,0,12,0,Alongshore,Alongshore,Alongshore,263.0,0.0625
1123,Diamond Harbour Beach,2018-03-20 08:00:00,Lyttelton,0.0,0.0,0.0,0.0,0.0,0.0,ebbing,medium,stony,7,urban,2,0,0,0.0,0.0,6.45,5.93,5.92,11.03,2.21,57.1,57.4,58.1,140,-43.6255,172.7372,3,12,1,0,8,0,Alongshore,Alongshore,Alongshore,254.6,0.058823529411764705
1124,Diamond Harbour Beach,2018-11-13 08:00:00,Lyttelton,0.0,0.0,0.0,0.0,0.0,0.0,incoming,medium,stony,7,urban,2,0,0,0.0,0.0,2.34,3.61,4.05,0.63,2.23,248.8,253.0,257.3,140,-43.6255,172.7372,11,46,1,0,8,0,Alongshore,Alongshore,Alongshore,,0.0
1125,Diamond Harbour Beach,2018-11-19 12:00:00,Lyttelton,0.2,0.2,0.4,1.2,1.2,1.2,incoming,medium,stony,7,urban,2,0,0,0.6,4.0,3.84,3.37,5.33,1.65,2.08,230.8,235.8,238.9,140,-43.6255,172.7372,11,47,0,0,12,0,Alongshore,Alongshore,Alongshore,10.0,0.0
1126,Diamond Harbour Beach,2018-11-29 08:00:00,Lyttelton,0.0,0.0,0.0,1.4,5.0,5.0,incoming,medium,stony,7,urban,2,0,0,1.6,12.0,6.83,6.48,6.97,1.18,2.49,74.5,74.8,75.3,140,-43.6255,172.7372,11,48,3,0,8,0,Alongshore,Alongshore,Alongshore,10.0,0.0
1127,Diamond Harbour Beach,2018-12-03 11:00:00,Lyttelton,0.2,0.2,0.4,0.8,1.2,1.6,incoming,medium,stony,7,urban,2,0,0,0.2,6.0,9.52,10.03,9.98,1.73,2.31,64.5,65.4,66.0,140,-43.6255,172.7372,12,49,0,0,11,0,Alongshore,Alongshore,Alongshore,10.0,0.0
1128,Diamond Harbour Beach,2018-12-11 10:00:00,Lyttelton,0.0,0.0,0.0,0.0,0.0,0.0,ebbing,medium,stony,7,urban,2,0,0,0.0,0.0,6.58,7.47,7.99,9.43,1.96,59.5,60.5,60.8,140,-43.6255,172.7372,12,50,1,0,10,0,Alongshore,Alongshore,Alongshore,15.0,0.0
1129,Diamond Harbour Beach,2018-12-17 11:00:00,Lyttelton,0.0,0.0,0.0,0.0,0.0,0.0,incoming,medium,stony,7,urban,2,0,0,0.0,0.0,6.62,5.78,6.37,1.02,2.05,81.6,73.6,69.4,140,-43.6255,172.7372,12,51,0,0,11,0,Alongshore,Alongshore,Alongshore,14.0,0.0
1130,Diamond Harbour Beach,2018-12-28 10:00:00,Lyttelton,0.0,0.0,0.0,0.0,0.0,0.2,ebbing,medium,stony,7,urban,2,0,0,0.0,0.0,5.57,7.47,9.24,11.65,2.26,75.9,68.6,66.9,140,-43.6255,172.7372,12,52,4,0,10,1,Alongshore,Alongshore,Alongshore,14.0,0.0
1131,Diamond Harbour Beach,2019-01-09 09:00:00,Lyttelton,0.0,0.0,0.0,0.0,0.0,6.2,ebbing,medium,stony,7,urban,2,0,0,0.0,0.0,8.87,10.08,9.64,9.98,1.95,61.8,64.7,61.0,140,-43.6255,172.7372,1,2,2,0,9,0,Alongshore,Alongshore,Alongshore,14.0,0.0
1132,Diamond Harbour Beach,2019-01-15 10:00:00,Lyttelton,0.0,0.0,0.0,1.0,14.2,14.2,incoming,medium,stony,7,urban,2,0,0,5.2,11.0,6.72,6.51,6.6,0.88,2.03,222.7,228.2,238.7,140,-43.6255,172.7372,1,3,1,0,10,0,Alongshore,Alongshore,Alongshore,14.0,0.0
1133,Diamond Harbour Beach,2019-01-18 12:00:00,Lyttelton,0.0,0.0,0.0,0.0,0.0,0.0,incoming,medium,stony,7,urban,2,0,0,0.0,0.0,5.38,5.8,6.12,1.7,2.12,235.1,242.1,246.2,140,-43.6255,172.7372,1,3,4,0,12,0,Alongshore,Alongshore,Alongshore,100.8,0.1
1134,Diamond Harbour Beach,2019-01-24 08:00:00,Lyttelton,0.0,0.0,0.2,3.0,3.2,3.2,ebbing,medium,stony,7,urban,2,0,0,1.8,5.0,7.16,4.48,3.67,10.83,2.37,247.7,246.1,237.3,140,-43.6255,172.7372,1,4,3,0,8,0,Alongshore,Alongshore,Alongshore,109.2,0.09090909090909091
1135,Diamond Harbour Beach,2019-01-28 10:00:00,Lyttelton,0.0,0.0,0.0,0.0,0.0,0.0,incoming,medium,stony,7,urban,2,0,0,0.0,0.0,1.27,1.56,3.0,0.55,2.31,290.9,290.4,35.6,140,-43.6255,172.7372,1,5,0,0,10,0,Onshore,Onshore,Alongshore,162.2,0.08333333333333333
1136,Diamond Harbour Beach,2019-02-14 10:00:00,Lyttelton,0.0,0.0,0.0,0.0,0.0,0.0,incoming,medium,stony,7,urban,2,0,0,0.0,0.0,7.94,7.67,8.12,1.72,2.03,83.0,73.8,69.6,140,-43.6255,172.7372,2,7,3,0,10,0,Alongshore,Alongshore,Alongshore,162.2,0.07692307692307693
1137,Diamond Harbour Beach,2019-02-18 13:00:00,Lyttelton,0.0,0.0,0.0,0.0,0.0,0.0,incoming,medium,stony,7,urban,2,0,0,0.0,0.0,1.25,3.95,7.03,2.25,2.28,87.6,87.4,74.8,140,-43.6255,172.7372,2,8,0,0,13,0,Alongshore,Alongshore,Alongshore,162.2,0.07142857142857142
1138,Diamond Harbour Beach,2019-02-28 12:00:00,Lyttelton,0.0,0.0,1.0,3.0,3.0,3.0,ebbing,medium,stony,7,urban,2,0,0,0.8,6.0,11.17,10.63,10.37,12.0,2.18,228.3,228.8,230.9,140,-43.6255,172.7372,2,9,3,0,12,0,Alongshore,Alongshore,Alongshore,71.4,0.06666666666666667
1139,Diamond Harbour Beach,2019-11-18 11:00:00,Lyttelton,0.0,0.0,0.0,0.0,0.0,0.0,ebbing,medium,stony,7,urban,2,0,0,0.0,0.0,3.11,4.95,4.4,10.2,2.01,239.2,252.1,263.4,140,-43.6255,172.7372,11,47,0,0,11,0,Alongshore,Alongshore,Alongshore,,0.0
1140,Diamond Harbour Beach,2019-12-03 11:00:00,Lyttelton,0.0,0.0,0.0,0.0,0.0,0.0,ebbing,medium,stony,7,urban,2,0,0,0.0,0.0,6.83,8.51,8.49,10.98,1.95,76.7,75.8,74.6,140,-43.6255,172.7372,12,49,1,0,11,0,Alongshore,Alongshore,Alongshore,10.0,0.0
1141,Diamond Harbour Beach,2019-12-10 13:00:00,Lyttelton,0.0,0.0,0.0,0.0,0.0,0.0,incoming,medium,stony,7,urban,2,0,0,0.0,0.0,4.7,7.06,7.51,1.72,2.01,87.6,89.2,82.8,140,-43.6255,172.7372,12,50,1,0,13,0,Alongshore,Alongshore,Alongshore,25.5,0.0
1142,Diamond Harbour Beach,2019-12-18 11:00:00,Lyttelton,1.2,3.6,13.4,18.0,22.8,22.8,ebbing,medium,stony,7,urban,2,0,0,2.8,31.0,14.01,14.1,15.18,11.23,2.15,248.1,246.5,246.0,140,-43.6255,172.7372,12,51,2,0,11,0,Alongshore,Alongshore,Alongshore,23.666666666666668,0.0
1143,Diamond Harbour Beach,2019-12-20 12:00:00,Lyttelton,0.0,0.0,0.2,0.2,0.2,18.2,ebbing,medium,stony,7,urban,2,0,0,0.2,1.0,7.54,9.9,14.28,11.27,2.23,238.4,251.3,263.2,140,-43.6255,172.7372,12,51,4,0,12,1,Alongshore,Alongshore,Alongshore,1550.25,0.2
1144,Diamond Harbour Beach,2019-12-30 08:00:00,Lyttelton,0.0,0.0,0.0,0.0,0.0,0.0,ebbing,medium,stony,7,urban,2,0,0,0.0,0.0,1.05,0.86,2.11,11.48,2.01,112.3,266.6,274.7,140,-43.6255,172.7372,12,1,0,0,8,1,Offshore,Alongshore,Alongshore,1242.2,0.16666666666666666
1145,Diamond Harbour Beach,2020-01-07 12:00:00,Lyttelton,0.4,0.4,0.4,0.4,0.4,0.6,incoming,medium,stony,7,urban,2,0,0,0.4,1.0,12.86,11.54,9.81,1.07,1.96,231.4,232.0,234.8,140,-43.6255,172.7372,1,2,1,0,12,0,Alongshore,Alongshore,Alongshore,1242.2,0.14285714285714285
1146,Diamond Harbour Beach,2020-01-15 10:00:00,Lyttelton,0.0,0.0,0.0,0.0,1.0,1.0,ebbing,medium,stony,7,urban,2,0,0,0.4,4.0,0.8,0.64,1.92,10.3,2.25,102.0,116.9,91.5,140,-43.6255,172.7372,1,3,2,0,10,0,Offshore,Offshore,Alongshore,1236.0,0.125
1147,Diamond Harbour Beach,2020-01-21 12:00:00,Lyttelton,0.0,0.0,0.0,0.0,0.2,0.2,incoming,medium,stony,7,urban,2,0,0,0.2,1.0,3.69,4.64,5.08,2.05,2.13,91.4,82.1,72.6,140,-43.6255,172.7372,1,4,1,0,12,0,Alongshore,Alongshore,Alongshore,1234.0,0.1111111111111111
1148,Diamond Harbour Beach,2020-01-28 09:00:00,Lyttelton,0.2,0.2,0.2,0.2,0.2,0.2,ebbing,medium,stony,7,urban,2,0,0,0.2,1.0,6.67,6.38,7.62,10.08,2.01,261.8,270.8,272.2,140,-43.6255,172.7372,1,5,1,0,9,0,Alongshore,Alongshore,Alongshore,10.0,0.1
1149,Diamond Harbour Beach,2020-02-05 12:00:00,Lyttelton,0.0,0.0,2.4,6.0,6.0,6.0,incoming,medium,stony,7,urban,2,0,0,1.8,9.0,7.58,4.12,3.45,1.23,1.94,244.7,249.6,248.5,140,-43.6255,172.7372,2,6,2,0,12,1,Alongshore,Alongshore,Alongshore,10.0,0.09090909090909091
1150,Diamond Harbour Beach,2020-02-11 08:00:00,Lyttelton,0.0,0.0,0.0,0.0,0.0,0.8,ebbing,medium,stony,7,urban,2,0,0,0.0,0.0,1.92,2.88,3.13,10.33,2.34,271.3,270.9,274.6,140,-43.6255,172.7372,2,7,1,0,8,0,Alongshore,Alongshore,Alongshore,20.6,0.08333333333333333
1151,Diamond Harbour Beach,2020-02-19 12:00:00,Lyttelton,0.0,0.0,0.0,0.0,0.0,0.0,incoming,medium,stony,7,urban,2,0,0,0.0,0.0,0.38,1.11,4.13,1.22,2.04,91.0,95.3,141.8,140,-43.6255,172.7372,2,8,2,0,12,0,Alongshore,Offshore,Offshore,20.6,0.07692307692307693
1152,Diamond Harbour Beach,2020-02-26 10:00:00,Lyttelton,0.0,0.0,0.0,0.0,0.0,0.0,ebbing,medium,stony,7,urban,2,0,0,0.0,0.0,6.37,6.52,8.03,9.1,2.03,86.4,82.0,75.3,140,-43.6255,172.7372,2,9,2,0,10,0,Alongshore,Alongshore,Alongshore,20.6,0.07142857142857142
1153,Diamond Harbour Beach,2020-03-04 13:00:00,Lyttelton,0.0,0.0,0.0,1.2,1.2,1.2,ebbing,medium,stony,7,urban,2,0,0,0.8,3.0,4.85,7.38,8.33,11.6,2.12,233.2,234.7,240.6,140,-43.6255,172.7372,3,10,2,0,13,0,Alongshore,Alongshore,Alongshore,20.6,0.06666666666666667
1154,Diamond Harbour Beach,2020-03-18 11:00:00,Lyttelton,0.0,0.0,0.0,0.0,0.0,0.0,incoming,medium,stony,7,urban,2,0,0,0.0,0.0,0.61,1.66,4.15,1.08,2.03,88.4,91.8,86.6,140,-43.6255,172.7372,3,12,2,0,11,0,Alongshore,Alongshore,Alongshore,20.6,0.0625
1155,Diamond Harbour Beach,2020-11-10 11:00:00,Lyttelton,0.0,0.0,0.0,0.0,0.3,20.0,incoming,medium,stony,7,urban,2,0,0,0.3,1.0,2.4,2.08,1.42,0.98,2.27,246.6,269.1,273.0,140,-43.6255,172.7372,11,46,1,0,11,0,Alongshore,Alongshore,Alongshore,,0.0
1156,Diamond Harbour Beach,2020-11-23 10:00:00,Lyttelton,0.0,0.0,0.0,0.4,7.0,7.0,incoming,medium,stony,7,urban,2,0,0,3.2,10.0,2.37,0.74,1.24,0.97,2.25,223.6,214.0,246.3,140,-43.6255,172.7372,11,48,0,0,10,0,Alongshore,Alongshore,Alongshore,122.0,0.0
1157,Diamond Harbour Beach,2020-12-03 08:00:00,Lyttelton,0.0,0.0,0.0,0.0,0.0,2.6,ebbing,medium,stony,7,urban,2,0,0,0.0,0.0,5.05,4.43,6.1,10.55,1.89,254.0,254.3,263.7,140,-43.6255,172.7372,12,49,3,0,8,0,Alongshore,Alongshore,Alongshore,71.0,0.0
1158,Diamond Harbour Beach,2020-12-10 12:00:00,Lyttelton,0.0,0.0,0.0,0.0,0.0,0.0,incoming,medium,stony,7,urban,2,0,0,0.0,0.0,5.32,7.02,7.58,0.5,2.31,260.9,262.9,264.4,140,-43.6255,172.7372,12,50,3,0,12,0,Alongshore,Alongshore,Alongshore,50.666666666666664,0.0
1159,Diamond Harbour Beach,2020-12-17 08:00:00,Lyttelton,0.0,0.0,0.0,0.0,0.0,0.0,ebbing,medium,stony,7,urban,2,0,0,0.0,0.0,2.5,0.5,3.17,10.45,2.19,228.3,116.3,77.6,140,-43.6255,172.7372,12,51,3,0,8,0,Alongshore,Offshore,Alongshore,40.5,0.0
1160,Diamond Harbour Beach,2020-12-22 09:00:00,Lyttelton,0.6,2.4,2.6,8.4,13.0,13.0,incoming,medium,stony,7,urban,2,0,0,1.8,19.0,6.62,6.2,6.05,1.48,2.2,86.6,79.2,73.0,140,-43.6255,172.7372,12,52,1,0,9,1,Alongshore,Alongshore,Alongshore,34.4,0.0
1161,Diamond Harbour Beach,2020-12-29 16:00:00,Lyttelton,0.0,0.0,0.0,0.0,0.0,6.8,incoming,medium,stony,7,urban,2,0,0,0.0,0.0,4.86,7.79,9.47,0.42,1.92,85.7,86.5,87.1,140,-43.6255,172.7372,12,53,1,0,16,1,Alongshore,Alongshore,Alongshore,12.0,0.0
1162,Diamond Harbour Beach,2021-01-11 12:00:00,Lyttelton,0.0,0.0,0.0,0.0,0.2,0.2,incoming,medium,stony,7,urban,2,0,0,0.2,1.0,1.66,1.32,3.3,2.48,2.21,65.7,29.1,289.4,140,-43.6255,172.7372,1,2,0,0,12,0,Alongshore,Alongshore,Onshore,10.0,0.0
1163,Diamond Harbour Beach,2021-01-19 10:00:00,Lyttelton,0.0,0.0,0.0,0.0,1.2,1.2,ebbing,medium,stony,7,urban,2,0,0,0.8,3.0,1.93,6.02,7.79,11.27,2.02,64.7,58.3,39.2,140,-43.6255,172.7372,1,3,1,0,10,0,Alongshore,Alongshore,Alongshore,10.0,0.0
1164,Diamond Harbour Beach,2021-01-26 12:00:00,Lyttelton,0.0,0.0,0.0,0.0,0.0,0.0,incoming,medium,stony,7,urban,2,0,0,0.0,0.0,5.68,5.99,5.3,2.37,1.89,83.2,78.6,69.1,140,-43.6255,172.7372,1,4,1,0,12,0,Alongshore,Alongshore,Alongshore,10.0,0.0
1165,Diamond Harbour Beach,2021-02-03 10:00:00,Lyttelton,0.0,0.0,0.0,0.0,0.0,0.0,ebbing,medium,stony,7,urban,2,0,0,0.0,0.0,6.52,6.09,6.04,11.0,2.23,91.4,82.7,74.5,140,-43.6255,172.7372,2,5,2,0,10,1,Alongshore,Alongshore,Alongshore,10.0,0.0
1166,Diamond Harbour Beach,2021-02-10 13:00:00,Lyttelton,0.0,2.0,4.4,8.6,9.0,9.0,incoming,medium,stony,7,urban,2,0,0,2.6,12.0,5.97,4.12,2.72,2.5,2.11,232.1,242.2,257.4,140,-43.6255,172.7372,2,6,2,0,13,0,Alongshore,Alongshore,Alongshore,10.0,0.0
1167,Diamond Harbour Beach,2021-02-12 09:00:00,Lyttelton,0.0,0.0,0.0,0.0,0.0,8.8,ebbing,medium,stony,7,urban,2,0,0,0.0,0.0,1.83,1.15,1.4,7.73,2.13,286.0,232.2,252.4,140,-43.6255,172.7372,2,6,4,0,9,0,Onshore,Alongshore,Alongshore,94.4,0.07692307692307693
1168,Diamond Harbour Beach,2021-02-17 10:00:00,Lyttelton,0.0,0.0,0.0,0.0,0.0,0.0,ebbing,medium,stony,7,urban,2,0,0,0.0,0.0,1.55,2.16,2.56,10.85,2.03,272.0,268.3,273.5,140,-43.6255,172.7372,2,7,2,0,10,0,Alongshore,Alongshore,Alongshore,94.4,0.07142857142857142
1169,Diamond Harbour Beach,2021-02-26 13:00:00,Lyttelton,0.0,0.0,0.0,0.0,0.0,0.0,incoming,medium,stony,7,urban,2,0,0,0.0,0.0,4.6,5.11,5.33,2.25,2.05,76.2,82.8,71.5,140,-43.6255,172.7372,2,8,4,0,13,0,Alongshore,Alongshore,Alongshore,94.4,0.06666666666666667
1170,Diamond Harbour Beach,2021-03-03 08:00:00,Lyttelton,0.0,0.0,0.0,0.0,0.4,0.4,ebbing,medium,stony,7,urban,2,0,0,0.2,2.0,3.54,3.15,4.13,12.37,2.35,66.6,67.4,55.4,140,-43.6255,172.7372,3,9,2,0,8,0,Alongshore,Alongshore,Alongshore,94.4,0.0625
1171,Diamond Harbour Beach,2021-11-26 09:00:00,Lyttelton,0.0,0.0,0.0,0.0,0.0,0.2,incoming,medium,stony,7,urban,2,0,0,0.0,0.0,0.27,0.13,1.01,0.27,2.11,227.4,171.0,348.0,140,-43.6255,172.7372,11,47,4,0,9,0,Alongshore,Offshore,Onshore,,0.0
1172,Diamond Harbour Beach,2021-12-02 13:00:00,Lyttelton,0.0,0.2,0.6,0.6,0.6,0.6,incoming,medium,stony,7,urban,2,0,0,0.2,3.0,7.08,7.7,7.87,1.38,2.3,76.0,74.7,71.6,140,-43.6255,172.7372,12,48,3,0,13,0,Alongshore,Alongshore,Alongshore,10.0,0.0
1173,Diamond Harbour Beach,2021-12-09 08:00:00,Lyttelton,0.0,0.0,0.0,0.0,3.0,8.6,incoming,medium,stony,7,urban,2,0,0,1.2,5.0,0.98,2.83,1.74,0.57,2.54,251.6,277.0,318.1,140,-43.6255,172.7372,12,49,3,0,8,0,Alongshore,Onshore,Onshore,10.0,0.0
1174,Diamond Harbour Beach,2021-12-16 13:00:00,Lyttelton,2.6,5.8,15.0,66.4,85.8,85.8,incoming,medium,stony,7,urban,2,0,0,11.8,29.0,12.06,11.97,12.21,1.15,2.01,253.6,255.9,256.5,140,-43.6255,172.7372,12,50,3,0,13,0,Alongshore,Alongshore,Alongshore,10.0,0.0
1175,Diamond Harbour Beach,2021-12-20 11:00:00,Lyttelton,0.0,0.0,0.0,0.0,0.2,16.4,ebbing,medium,stony,7,urban,2,0,0,0.2,1.0,0.6,1.26,1.22,6.42,1.89,50.5,254.7,266.7,140,-43.6255,172.7372,12,51,0,0,11,1,Alongshore,Alongshore,Alongshore,1300.0,0.2
1176,Diamond Harbour Beach,2021-12-23 07:00:00,Lyttelton,0.0,0.0,0.0,0.0,0.0,0.0,incoming,medium,stony,7,urban,2,0,0,0.0,0.0,2.7,3.63,5.54,0.8,2.19,54.6,43.1,32.4,140,-43.6255,172.7372,12,51,3,0,7,1,Alongshore,Alongshore,Alongshore,1059.4,0.16666666666666666
1177,Diamond Harbour Beach,2021-12-30 12:00:00,Lyttelton,0.0,0.0,0.0,1.4,3.2,14.2,incoming,medium,stony,7,urban,2,0,0,0.8,8.0,1.72,0.88,2.61,0.85,2.21,234.8,192.8,68.8,140,-43.6255,172.7372,12,52,3,0,12,1,Alongshore,Alongshore,Alongshore,1079.4,0.14285714285714285
1178,Diamond Harbour Beach,2022-01-07 11:00:00,Lyttelton,0.0,0.0,0.0,0.0,0.4,0.4,ebbing,medium,stony,7,urban,2,0,0,0.2,2.0,7.65,8.12,8.66,9.87,2.18,241.9,238.6,237.3,140,-43.6255,172.7372,1,1,4,0,11,0,Alongshore,Alongshore,Alongshore,1079.4,0.125
1179,Diamond Harbour Beach,2022-01-12 12:00:00,Lyttelton,0.0,0.0,0.0,0.0,0.0,0.0,incoming,medium,stony,7,urban,2,0,0,0.0,0.0,0.39,0.51,3.06,0.28,2.02,71.5,178.9,227.9,140,-43.6255,172.7372,1,2,2,0,12,0,Alongshore,Offshore,Alongshore,1079.4,0.1111111111111111
1180,Diamond Harbour Beach,2022-02-01 15:00:00,Lyttelton,0.0,0.0,0.0,0.0,0.0,,incoming,medium,stony,7,urban,2,0,0,0.0,0.0,2.97,2.7,3.36,1.1,2.24,174.4,129.8,77.2,140,-43.6255,172.7372,2,5,1,0,15,1,Offshore,Offshore,Alongshore,47.4,0.1
1181,Diamond Harbour Beach,2022-02-10 11:00:00,Lyttelton,0.8,4.8,37.4,65.2,66.0,66.3,incoming,medium,stony,7,urban,2,0,0,11.2,19.0,5.68,1.68,1.44,0.83,1.94,270.7,71.4,71.9,140,-43.6255,172.7372,2,6,3,0,11,0,Alongshore,Alongshore,Alongshore,30.0,0.09090909090909091
1182,Diamond Harbour Beach,2022-02-15 17:00:00,Lyttelton,0.0,0.0,0.0,0.0,0.4,34.2,ebbing,medium,stony,7,urban,2,0,0,0.2,2.0,6.91,8.4,9.14,11.1,2.23,85.0,84.0,83.6,140,-43.6255,172.7372,2,7,1,0,17,0,Alongshore,Alongshore,Alongshore,206.0,0.16666666666666666
1183,Diamond Harbour Beach,2022-02-23 09:00:00,Lyttelton,0.0,0.0,0.6,0.6,0.6,0.6,incoming,medium,stony,7,urban,2,0,0,0.2,3.0,3.49,3.16,2.93,0.42,2.17,273.3,283.0,269.0,140,-43.6255,172.7372,2,8,2,0,9,0,Alongshore,Onshore,Alongshore,214.4,0.15384615384615385
1184,Diamond Harbour Beach,2022-03-09 09:00:00,Lyttelton,0.0,0.0,0.0,0.0,0.0,0.0,incoming,medium,stony,7,urban,2,0,0,0.0,0.0,2.46,4.34,4.06,0.78,2.02,274.4,281.4,287.3,140,-43.6255,172.7372,3,10,2,0,9,0,Alongshore,Onshore,Onshore,220.4,0.14285714285714285
1185,Diamond Harbour Beach,2022-11-21 13:00:00,Lyttelton,0.0,0.0,0.0,0.0,6.6,55.2,incoming,medium,stony,7,urban,2,0,0,2.8,6.0,3.41,6.51,7.25,0.53,2.13,88.5,92.0,90.4,140,-43.6255,172.7372,11,47,0,0,13,0,Alongshore,Alongshore,Alongshore,,0.0
1186,Diamond Harbour Beach,2022-12-01 12:00:00,Lyttelton,0.0,0.0,0.0,0.0,0.0,0.0,ebbing,medium,stony,7,urban,2,0,0,0.0,0.0,7.69,6.43,5.71,10.78,2.14,251.6,244.9,241.2,140,-43.6255,172.7372,12,48,3,0,12,0,Alongshore,Alongshore,Alongshore,72.0,0.0
1187,Diamond Harbour Beach,2022-12-07 17:00:00,Lyttelton,0.0,0.0,0.0,0.0,0.0,0.0,ebbing,medium,stony,7,urban,2,0,0,0.0,0.0,5.33,8.98,9.34,11.57,2.26,88.5,88.2,83.8,140,-43.6255,172.7372,12,49,2,0,17,0,Alongshore,Alongshore,Alongshore,41.0,0.0
1188,Diamond Harbour Beach,2022-12-14 11:00:00,Lyttelton,0.0,0.0,0.0,0.0,0.0,1.8,ebbing,medium,stony,7,urban,2,0,0,0.0,0.0,1.78,2.58,4.87,9.87,1.81,83.3,82.1,73.2,140,-43.6255,172.7372,12,50,2,0,11,0,Alongshore,Alongshore,Alongshore,30.666666666666668,0.0
1189,Diamond Harbour Beach,2022-12-20 12:00:00,Lyttelton,0.0,0.2,1.0,1.0,13.8,35.4,incoming,medium,stony,7,urban,2,0,0,2.8,18.0,1.55,1.61,3.88,1.13,2.1,64.9,78.3,72.4,140,-43.6255,172.7372,12,51,1,0,12,1,Alongshore,Alongshore,Alongshore,25.5,0.0
1190,Diamond Harbour Beach,2022-12-29 08:00:00,Lyttelton,0.0,0.0,0.0,0.0,1.0,1.0,incoming,medium,stony,7,urban,2,0,0,0.8,2.0,6.48,4.42,3.96,1.0,2.49,70.3,65.0,69.7,140,-43.6255,172.7372,12,52,3,0,8,1,Alongshore,Alongshore,Alongshore,22.4,0.0
1191,Diamond Harbour Beach,2023-01-10 09:00:00,Lyttelton,0.0,0.0,0.0,0.0,0.0,0.0,ebbing,medium,stony,7,urban,2,0,0,0.0,0.0,8.63,8.42,8.96,10.0,1.87,77.2,72.1,72.4,140,-43.6255,172.7372,1,2,1,0,9,0,Alongshore,Alongshore,Alongshore,10.0,0.0
1192,Diamond Harbour Beach,2023-01-18 12:00:00,Lyttelton,0.0,0.0,0.0,0.0,0.0,0.0,incoming,medium,stony,7,urban,2,0,0,0.0,0.0,2.05,5.24,7.61,0.5,2.07,91.7,81.9,81.0,140,-43.6255,172.7372,1,3,2,0,12,0,Alongshore,Alongshore,Alongshore,10.0,0.0
1193,Diamond Harbour Beach,2023-01-27 11:00:00,Lyttelton,0.0,0.0,0.0,0.0,0.0,0.6,ebbing,medium,stony,7,urban,2,0,0,0.0,0.0,0.32,0.63,1.53,10.57,2.24,79.0,90.8,101.1,140,-43.6255,172.7372,1,4,4,0,11,0,Alongshore,Alongshore,Offshore,85.4,0.1111111111111111
1194,Diamond Harbour Beach,2023-02-01 13:00:00,Lyttelton,0.0,0.0,0.0,0.0,0.0,0.0,incoming,medium,stony,7,urban,2,0,0,0.0,0.0,9.07,9.73,10.63,0.33,1.93,92.6,87.7,82.8,140,-43.6255,172.7372,2,5,2,0,13,1,Alongshore,Alongshore,Alongshore,85.4,0.1
1195,Diamond Harbour Beach,2023-02-10 11:00:00,Lyttelton,2.2,2.4,2.4,3.2,10.6,10.6,ebbing,medium,stony,7,urban,2,0,0,5.0,7.0,5.25,7.33,8.65,9.43,1.94,71.1,74.2,70.2,140,-43.6255,172.7372,2,6,4,0,11,0,Alongshore,Alongshore,Alongshore,85.4,0.09090909090909091
1196,Diamond Harbour Beach,2023-02-15 12:00:00,Lyttelton,4.2,10.0,11.8,12.0,12.0,12.0,ebbing,medium,stony,7,urban,2,0,0,2.2,10.0,11.93,13.94,14.74,12.53,2.24,238.6,239.9,245.6,140,-43.6255,172.7372,2,7,2,0,12,0,Alongshore,Alongshore,Alongshore,85.4,0.08333333333333333
1197,Diamond Harbour Beach,2023-02-16 12:00:00,Lyttelton,0.2,0.4,1.6,11.2,23.2,23.2,incoming,medium,stony,7,urban,2,0,0,2.2,28.0,11.1,9.83,10.19,0.12,2.05,224.9,227.0,232.7,140,-43.6255,172.7372,2,7,3,0,12,0,Alongshore,Alongshore,Alongshore,1117.4,0.15384615384615385
1198,Diamond Harbour Beach,2023-02-17 15:00:00,Lyttelton,0.0,0.0,0.0,0.0,7.8,23.2,ebbing,medium,stony,7,urban,2,0,0,1.4,15.0,7.33,6.76,6.42,11.22,2.46,252.4,243.9,243.6,140,-43.6255,172.7372,2,7,4,0,15,0,Alongshore,Alongshore,Alongshore,1290.0,0.21428571428571427
1199,Diamond Harbour Beach,2023-02-18 16:00:00,Lyttelton,0.0,0.0,0.0,0.0,0.0,6.4,ebbing,medium,stony,7,urban,2,0,0,0.0,0.0,5.21,8.74,9.69,10.77,2.55,89.3,89.3,89.8,140,-43.6255,172.7372,2,7,5,1,16,0,Alongshore,Alongshore,Alongshore,1331.2,0.2
1200,Diamond Harbour Beach,2023-02-23 10:00:00,Lyttelton,2.6,2.6,3.2,15.0,16.0,16.0,ebbing,medium,stony,7,urban,2,0,0,3.4,16.0,5.41,5.65,6.54,9.47,2.35,258.2,257.7,260.7,140,-43.6255,172.7372,2,8,3,0,10,0,Alongshore,Alongshore,Alongshore,1344.0,0.1875
1201,Diamond Harbour Beach,2023-03-01 11:00:00,Lyttelton,0.0,0.0,0.0,0.0,0.0,1.8,incoming,medium,stony,7,urban,2,0,0,0.0,0.0,6.51,8.23,9.46,1.22,1.91,90.3,82.4,78.0,140,-43.6255,172.7372,3,9,2,0,11,0,Alongshore,Alongshore,Alongshore,1368.8,0.17647058823529413
1202,Diamond Harbour Beach,2023-03-06 14:00:00,Lyttelton,0.0,0.0,0.0,3.2,22.8,22.8,incoming,medium,stony,7,urban,2,0,0,4.0,16.0,1.83,0.55,1.85,2.55,1.93,87.4,261.4,284.6,140,-43.6255,172.7372,3,10,0,0,14,0,Alongshore,Alongshore,Onshore,336.8,0.16666666666666666
1203,Diamond Harbour Beach,2023-06-01 13:00:00,Lyttelton,0.0,0.0,0.0,0.0,0.0,0.0,incoming,medium,stony,7,urban,2,0,0,0.0,0.0,0.15,0.67,1.57,1.62,2.08,59.7,55.2,321.2,140,-43.6255,172.7372,6,22,3,0,13,1,Alongshore,Alongshore,Onshore,88.8,0.15789473684210525
1204,Diamond Harbour Beach,2023-06-19 15:00:00,Lyttelton,0.2,0.4,1.6,3.4,7.2,19.8,incoming,medium,stony,7,urban,2,0,0,1.2,17.0,10.97,10.63,10.96,2.55,2.3,78.3,78.3,76.7,140,-43.6255,172.7372,6,25,0,0,15,0,Alongshore,Alongshore,Alongshore,47.6,0.15
1205,Diamond Harbour Beach,2023-07-06 10:00:00,Lyttelton,0.0,0.0,0.0,0.0,0.0,1.6,ebbing,medium,stony,7,urban,2,0,0,0.0,0.0,4.89,6.38,7.06,8.6,2.62,254.7,268.7,272.6,140,-43.6255,172.7372,7,27,3,0,10,0,Alongshore,Alongshore,Alongshore,36.8,0.14285714285714285
1206,Diamond Harbour Beach,2023-07-10 11:00:00,Lyttelton,0.0,0.0,0.2,34.6,69.8,70.4,ebbing,medium,stony,7,urban,2,0,0,13.2,32.0,5.75,5.5,5.68,11.35,2.33,84.9,81.5,78.7,140,-43.6255,172.7372,7,28,0,0,11,0,Alongshore,Alongshore,Alongshore,14.0,0.13636363636363635
1207,Diamond Harbour Beach,2023-07-12 13:00:00,Lyttelton,0.0,0.0,0.0,0.0,0.2,33.4,ebbing,medium,stony,7,urban,2,0,0,0.2,1.0,4.52,9.21,11.24,11.33,2.12,236.2,240.8,243.1,140,-43.6255,172.7372,7,28,2,0,13,0,Alongshore,Alongshore,Alongshore,58.2,0.13043478260869565
1208,Diamond Harbour Beach,2023-08-08 11:00:00,Lyttelton,0.0,0.0,0.0,0.0,0.0,0.0,ebbing,medium,stony,7,urban,2,0,0,0.0,0.0,4.82,3.58,3.94,11.4,2.24,261.9,274.3,266.9,140,-43.6255,172.7372,8,32,1,0,11,0,Alongshore,Alongshore,Alongshore,71.0,0.125
1209,Diamond Harbour Beach,2023-11-04 12:00:00,Lyttelton,0.0,0.0,0.0,8.4,8.4,8.4,ebbing,medium,stony,7,urban,2,0,0,3.6,7.0,0.57,5.81,8.12,9.75,1.91,89.5,89.8,126.3,140,-43.6255,172.7372,11,44,5,1,12,0,Alongshore,Alongshore,Offshore,,0.0
1210,Diamond Harbour Beach,2023-11-06 10:00:00,Lyttelton,0.0,0.0,0.6,4.2,15.8,24.2,incoming,medium,stony,7,urban,2,0,0,7.6,8.0,4.61,4.88,4.59,0.9,2.14,253.2,258.2,262.3,140,-43.6255,172.7372,11,45,0,0,10,0,Alongshore,Alongshore,Alongshore,30.0,0.0
1211,Diamond Harbour Beach,2023-11-15 09:00:00,Lyttelton,0.0,0.0,0.0,0.0,0.0,0.0,ebbing,medium,stony,7,urban,2,0,0,0.0,0.0,1.2,6.39,9.15,8.87,2.01,70.8,66.7,13.5,140,-43.6255,172.7372,11,46,2,0,9,0,Alongshore,Alongshore,Alongshore,41.0,0.0
1212,Diamond Harbour Beach,2023-11-22 10:00:00,Lyttelton,0.0,0.0,0.6,0.6,0.8,10.0,incoming,medium,stony,7,urban,2,0,0,0.4,3.0,9.63,9.89,10.16,1.62,2.36,85.3,83.4,82.9,140,-43.6255,172.7372,11,47,2,0,10,0,Alongshore,Alongshore,Alongshore,37.333333333333336,0.0
1213,Diamond Harbour Beach,2023-11-24 12:00:00,Lyttelton,0.8,6.8,9.8,10.0,10.0,10.6,incoming,medium,stony,7,urban,2,0,0,3.6,10.0,8.28,13.38,13.9,1.22,2.31,226.7,228.2,238.1,140,-43.6255,172.7372,11,47,4,0,12,0,Alongshore,Alongshore,Alongshore,30.5,0.0
1214,Diamond Harbour Beach,2023-11-27 14:00:00,Lyttelton,0.0,0.0,0.0,0.0,0.0,1.0,incoming,medium,stony,7,urban,2,0,0,0.0,0.0,6.34,9.51,10.08,2.45,2.18,91.0,90.0,86.9,140,-43.6255,172.7372,11,48,0,0,14,0,Alongshore,Alongshore,Alongshore,381.4,0.16666666666666666
1215,Diamond Harbour Beach,2023-12-04 11:00:00,Lyttelton,1.0,6.4,12.0,12.6,12.6,12.6,ebbing,medium,stony,7,urban,2,0,0,2.2,12.0,2.6,2.1,2.08,11.35,1.87,288.3,271.6,284.2,140,-43.6255,172.7372,12,49,0,0,11,0,Onshore,Alongshore,Onshore,381.4,0.14285714285714285
1216,Diamond Harbour Beach,2023-12-06 12:00:00,Lyttelton,0.0,0.0,0.0,0.0,0.2,12.8,ebbing,medium,stony,7,urban,2,0,0,0.2,1.0,8.17,8.21,9.38,11.47,1.88,86.7,77.8,74.9,140,-43.6255,172.7372,12,49,2,0,12,0,Alongshore,Alongshore,Alongshore,405.2,0.125
1217,Diamond Harbour Beach,2023-12-11 13:00:00,Lyttelton,0.0,0.0,0.0,0.0,10.4,10.4,incoming,medium,stony,7,urban,2,0,0,5.6,3.0,7.43,8.44,9.57,1.43,1.99,90.3,89.8,78.4,140,-43.6255,172.7372,12,50,0,0,13,0,Alongshore,Alongshore,Alongshore,401.2,0.1111111111111111
1218,Diamond Harbour Beach,2023-12-28 08:00:00,Lyttelton,0.0,0.0,0.0,0.0,4.6,4.6,ebbing,medium,stony,7,urban,2,0,0,3.2,4.0,6.39,7.36,7.88,9.83,1.99,72.6,68.6,69.3,140,-43.6255,172.7372,12,52,3,0,8,1,Alongshore,Alongshore,Alongshore,401.2,0.1
1219,Diamond Harbour Beach,2024-01-03 11:00:00,Lyttelton,0.0,0.0,1.4,1.4,1.4,10.8,ebbing,medium,stony,7,urban,2,0,0,0.8,3.0,5.83,7.06,8.43,11.57,1.88,88.3,83.8,75.8,140,-43.6255,172.7372,1,1,2,0,11,1,Alongshore,Alongshore,Alongshore,50.4,0.09090909090909091
1220,Diamond Harbour Beach,2024-01-08 12:00:00,Lyttelton,0.0,0.0,0.0,0.0,0.0,0.8,incoming,medium,stony,7,urban,2,0,0,0.0,0.0,8.76,10.88,10.7,1.15,1.94,91.0,89.2,83.1,140,-43.6255,172.7372,1,2,0,0,12,0,Alongshore,Alongshore,Alongshore,71.2,0.08333333333333333
1221,Diamond Harbour Beach,2024-01-16 10:00:00,Lyttelton,0.0,0.0,0.0,4.4,22.4,22.4,ebbing,medium,stony,7,urban,2,0,0,8.6,6.0,4.31,4.42,4.53,11.1,2.26,67.9,72.9,65.5,140,-43.6255,172.7372,1,3,1,0,10,0,Alongshore,Alongshore,Alongshore,39.0,0.07692307692307693
1222,Diamond Harbour Beach,2024-01-31 07:00:00,Lyttelton,0.0,0.0,0.0,0.0,0.0,0.0,incoming,medium,stony,7,urban,2,0,0,0.0,0.0,3.06,1.68,0.4,0.98,2.11,44.1,266.1,255.8,140,-43.6255,172.7372,1,5,2,0,7,1,Alongshore,Alongshore,Alongshore,66.2,0.07142857142857142
1223,Diamond Harbour Beach,2024-02-07 13:00:00,Lyttelton,0.0,0.0,0.0,0.0,0.0,0.0,incoming,medium,stony,7,urban,2,0,0,0.0,0.0,8.31,8.78,8.6,1.2,1.99,264.5,259.2,263.5,140,-43.6255,172.7372,2,6,2,0,13,1,Alongshore,Alongshore,Alongshore,66.2,0.06666666666666667
1224,Diamond Harbour Beach,2024-02-11 16:00:00,Lyttelton,0.2,0.6,2.6,13.6,13.6,14.0,incoming,medium,stony,7,urban,2,0,0,4.0,15.0,9.76,9.63,9.78,1.2,2.32,233.2,232.5,236.8,140,-43.6255,172.7372,2,6,6,1,16,0,Alongshore,Alongshore,Alongshore,62.0,0.0625
1225,Diamond Harbour Beach,2024-02-13 08:00:00,Lyttelton,0.0,0.2,0.2,0.2,1.4,13.8,ebbing,medium,stony,7,urban,2,0,0,0.4,5.0,5.59,7.0,7.96,11.68,2.37,71.2,68.2,66.9,140,-43.6255,172.7372,2,7,1,0,8,0,Alongshore,Alongshore,Alongshore,61.6,0.058823529411764705
1226,Diamond Harbour Beach,2024-02-19 12:00:00,Lyttelton,0.0,0.0,0.0,0.0,0.0,0.0,incoming,medium,stony,7,urban,2,0,0,0.0,0.0,1.2,4.18,7.19,0.93,1.97,278.3,270.0,277.9,140,-43.6255,172.7372,2,8,0,0,12,0,Onshore,Alongshore,Onshore,61.6,0.05555555555555555
1227,Diamond Harbour Beach,2024-02-20 13:00:00,Lyttelton,0.0,0.0,3.0,4.4,4.4,4.4,incoming,medium,stony,7,urban,2,0,0,1.4,6.0,9.51,9.75,8.38,0.62,1.93,244.3,239.4,242.1,140,-43.6255,172.7372,2,8,1,0,13,0,Alongshore,Alongshore,Alongshore,34.4,0.05263157894736842
1228,Diamond Harbour Beach,2024-02-29 09:00:00,Lyttelton,0.0,0.0,0.0,0.0,1.8,1.8,ebbing,medium,stony,7,urban,2,0,0,1.0,3.0,4.71,4.06,3.2,11.3,1.96,241.7,263.4,270.0,140,-43.6255,172.7372,2,9,3,0,9,0,Alongshore,Alongshore,Alongshore,34.4,0.05
1229,Diamond Harbour Beach,2024-03-04 10:00:00,Lyttelton,0.0,0.0,0.0,0.0,0.0,0.0,incoming,medium,stony,7,urban,2,0,0,0.0,0.0,4.24,5.25,2.95,0.93,1.87,350.1,59.0,46.9,140,-43.6255,172.7372,3,10,0,0,10,0,Onshore,Alongshore,Alongshore,34.4,0.047619047619047616
1230,Diamond Harbour Beach,2024-03-13 08:00:00,Lyttelton,0.0,0.0,0.0,0.2,4.6,4.8,ebbing,medium,stony,7,urban,2,0,0,1.0,9.0,4.56,8.77,8.18,11.13,2.45,241.0,248.3,246.5,140,-43.6255,172.7372,3,11,2,0,8,0,Alongshore,Alongshore,Alongshore,10.0,0.045454545454545456
1231,Diamond Harbour Beach,2024-03-19 11:00:00,Lyttelton,0.0,0.0,0.2,3.2,4.4,4.4,incoming,medium,stony,7,urban,2,0,0,2.4,5.0,6.0,6.36,6.44,0.82,1.92,229.5,231.6,235.0,140,-43.6255,172.7372,3,12,1,0,11,0,Alongshore,Alongshore,Alongshore,25.2,0.043478260869565216
1232,Diamond Harbour Beach,2024-03-28 08:00:00,Lyttelton,0.0,0.0,0.0,1.6,1.6,1.6,ebbing,medium,stony,7,urban,2,0,0,1.2,2.0,3.75,2.6,1.23,10.52,2.04,108.5,99.6,75.9,140,-43.6255,172.7372,3,13,3,0,8,0,Offshore,Offshore,Alongshore,25.2,0.041666666666666664
1233,Diamond Harbour Beach,2024-04-12 09:00:00,Lyttelton,1.4,4.4,17.2,18.2,18.2,18.2,ebbing,medium,stony,7,urban,2,0,0,6.8,12.0,10.5,14.36,14.05,10.48,2.44,258.0,257.5,260.5,140,-43.6255,172.7372,4,15,4,0,9,0,Alongshore,Alongshore,Alongshore,25.2,0.04
1234,Diamond Harbour Beach,2024-04-14 10:00:00,Lyttelton,0.0,0.0,0.0,0.0,0.8,19.2,ebbing,medium,stony,7,urban,2,0,0,0.4,3.0,5.13,4.61,3.24,11.47,2.31,281.9,273.6,268.6,140,-43.6255,172.7372,4,15,6,1,10,1,Onshore,Alongshore,Alongshore,945.2,0.07692307692307693
1235,Diamond Harbour Beach,2024-05-02 11:00:00,Lyttelton,0.0,0.0,0.4,1.0,2.8,2.8,ebbing,medium,stony,7,urban,2,0,0,1.4,6.0,6.03,4.35,4.05,11.98,2.32,256.8,259.1,256.1,140,-43.6255,172.7372,5,18,3,0,11,0,Alongshore,Alongshore,Alongshore,945.2,0.07407407407407407
1236,Diamond Harbour Beach,2024-05-21 14:00:00,Lyttelton,0.2,12.8,20.0,20.4,20.8,21.2,incoming,medium,stony,7,urban,2,0,0,4.6,13.0,1.23,3.4,5.05,1.08,2.05,77.4,71.4,339.4,140,-43.6255,172.7372,5,21,1,0,14,0,Alongshore,Alongshore,Onshore,930.0,0.07142857142857142
1237,Diamond Harbour Beach,2024-06-15 12:00:00,Lyttelton,0.0,0.2,4.6,21.8,24.4,24.6,ebbing,medium,stony,7,urban,2,0,0,4.4,25.0,4.17,0.78,0.5,11.47,2.04,256.2,246.7,262.2,140,-43.6255,172.7372,6,24,5,1,12,0,Alongshore,Alongshore,Alongshore,1100.4,0.10344827586206896
1238,Diamond Harbour Beach,2024-07-03 12:00:00,Lyttelton,1.6,3.4,4.8,9.2,23.8,23.8,incoming,medium,stony,7,urban,2,0,0,2.4,28.0,12.86,12.63,12.51,2.33,2.34,249.5,246.7,247.3,140,-43.6255,172.7372,7,27,2,0,12,0,Alongshore,Alongshore,Alongshore,1100.4,0.1
1239,Diamond Harbour Beach,2024-07-16 14:00:00,Lyttelton,0.0,0.0,0.8,12.4,18.2,22.2,ebbing,medium,stony,7,urban,2,0,0,5.8,17.0,4.06,3.39,3.06,10.82,1.88,280.4,279.8,283.3,140,-43.6255,172.7372,7,29,1,0,14,0,Onshore,Onshore,Onshore,486.2,0.12903225806451613
1240,Diamond Harbour Beach,2024-08-18 14:00:00,Lyttelton,3.6,7.4,17.4,18.2,18.2,18.2,incoming,medium,stony,7,urban,2,0,0,3.6,14.0,7.92,9.33,8.78,1.32,2.39,252.7,253.2,255.0,140,-43.6255,172.7372,8,33,6,1,14,0,Alongshore,Alongshore,Alongshore,508.2,0.125
1241,Diamond Harbour Beach,2024-09-17 13:00:00,Lyttelton,0.0,0.8,13.8,13.8,15.4,15.4,incoming,medium,stony,7,urban,2,0,0,3.6,10.0,11.33,10.76,12.73,2.22,2.51,239.9,244.9,243.6,140,-43.6255,172.7372,9,38,1,0,13,0,Alongshore,Alongshore,Alongshore,1376.2,0.15151515151515152
1242,Duvauchelle Bay by camping ground,2008-12-22 08:00:00,Akaroa,0.0,0.0,0.0,0.0,8.0,31.0,incoming,shallow,muddy,3,grass,1,0,0,2.2,7.0,0.24,0.3,1.0,4.38,1.96,88.6,292.8,285.8,40,-43.7544,172.9415,12,52,0,0,8,1,Alongshore,Alongshore,Alongshore,,0.0
1243,Duvauchelle Bay by camping ground,2008-12-29 08:00:00,Akaroa,0.0,0.0,0.0,0.0,0.0,0.0,ebbing,shallow,muddy,3,grass,1,0,0,0.0,0.0,1.17,1.13,0.94,9.78,1.84,37.4,17.4,356.8,40,-43.7544,172.9415,12,1,0,0,8,1,Offshore,Offshore,Offshore,2.0,0.0
1244,Duvauchelle Bay by camping ground,2009-01-05 08:00:00,Akaroa,0.0,0.0,0.0,0.0,0.0,5.6,incoming,shallow,muddy,3,grass,1,0,0,0.0,0.0,1.27,0.99,0.58,2.43,1.96,24.6,351.5,356.1,40,-43.7544,172.9415,1,2,0,0,8,1,Offshore,Alongshore,Offshore,2.0,0.0
1245,Duvauchelle Bay by camping ground,2009-01-12 08:00:00,Akaroa,0.0,0.0,0.0,0.0,0.0,3.4,ebbing,shallow,muddy,3,grass,1,0,0,0.0,0.0,1.79,1.76,1.58,9.18,2.25,32.4,29.5,27.6,40,-43.7544,172.9415,1,3,0,0,8,0,Offshore,Offshore,Offshore,2.0,0.0
1246,Duvauchelle Bay by camping ground,2009-01-19 08:00:00,Akaroa,0.0,0.0,0.4,1.2,14.4,14.6,incoming,shallow,muddy,3,grass,1,0,0,5.0,11.0,1.01,1.14,0.7,2.98,1.94,8.2,3.9,335.3,40,-43.7544,172.9415,1,4,0,0,8,0,Offshore,Offshore,Alongshore,2.0,0.0
1247,Duvauchelle Bay by camping ground,2009-01-26 08:00:00,Akaroa,0.0,0.0,0.0,0.0,0.0,0.0,ebbing,shallow,muddy,3,grass,1,0,0,0.0,0.0,1.53,1.14,0.51,8.6,1.87,323.6,306.4,294.1,40,-43.7544,172.9415,1,5,0,0,8,0,Alongshore,Alongshore,Alongshore,16.8,0.0
1248,Duvauchelle Bay by camping ground,2009-02-02 08:00:00,Akaroa,0.0,0.0,0.0,0.0,0.0,0.0,incoming,shallow,muddy,3,grass,1,0,0,0.0,0.0,1.01,0.37,0.92,1.12,1.96,44.3,55.3,216.4,40,-43.7544,172.9415,2,6,0,0,8,1,Offshore,Offshore,Onshore,16.8,0.0
1249,Duvauchelle Bay by camping ground,2009-02-09 08:00:00,Akaroa,0.0,0.0,0.0,0.0,0.0,0.0,ebbing,shallow,muddy,3,grass,1,0,0,0.0,0.0,0.62,1.48,0.95,7.97,2.23,108.6,110.5,45.9,40,-43.7544,172.9415,2,7,0,0,8,1,Alongshore,Alongshore,Offshore,21.2,0.0
1250,Duvauchelle Bay by camping ground,2009-02-16 08:00:00,Akaroa,0.0,0.0,0.2,0.2,0.2,0.2,incoming,shallow,muddy,3,grass,1,0,0,0.2,1.0,2.07,2.08,1.11,1.52,1.95,209.8,222.2,219.4,40,-43.7544,172.9415,2,8,0,0,8,0,Onshore,Onshore,Onshore,34.0,0.0
1251,Duvauchelle Bay by camping ground,2009-02-23 08:00:00,Akaroa,0.0,0.0,0.0,0.6,0.6,13.2,ebbing,shallow,muddy,3,grass,1,0,0,0.4,2.0,2.89,2.74,2.19,7.38,1.88,222.0,224.2,223.2,40,-43.7544,172.9415,2,9,0,0,8,0,Onshore,Onshore,Onshore,35.2,0.0
1252,Duvauchelle Bay by camping ground,2009-03-02 08:00:00,Akaroa,0.8,0.8,0.8,0.8,31.2,37.2,ebbing,shallow,muddy,3,grass,1,0,0,7.2,10.0,1.07,1.47,1.14,12.42,2.09,126.6,91.2,65.0,40,-43.7544,172.9415,3,10,0,0,8,0,Alongshore,Alongshore,Offshore,24.4,0.0
1253,Duvauchelle Bay by camping ground,2009-03-09 07:00:00,Akaroa,0.0,0.0,0.0,4.4,4.4,4.4,ebbing,shallow,muddy,3,grass,1,0,0,1.4,5.0,2.14,2.42,1.63,7.28,2.18,213.5,212.7,209.5,40,-43.7544,172.9415,3,11,0,0,7,0,Onshore,Onshore,Onshore,26.0,0.0
1254,Duvauchelle Bay by camping ground,2009-03-16 00:00:00,Akaroa,0.0,0.0,0.0,0.0,0.0,0.0,ebbing,shallow,muddy,3,grass,1,0,0,0.0,0.0,1.07,1.33,1.71,7.62,1.97,13.2,14.7,18.9,40,-43.7544,172.9415,3,12,0,0,0,0,Offshore,Offshore,Offshore,23.2,0.0
1255,Duvauchelle Bay by camping ground,2009-12-07 08:00:00,Akaroa,0.0,0.0,0.0,0.0,0.0,0.0,incoming,shallow,muddy,3,grass,1,0,0,0.0,0.0,1.54,1.98,1.49,0.03,2.39,18.5,27.1,11.1,40,-43.7544,172.9415,12,50,0,0,8,0,Offshore,Offshore,Offshore,,0.0
1256,Duvauchelle Bay by camping ground,2009-12-14 08:00:00,Akaroa,0.8,7.0,7.0,7.0,7.0,7.0,ebbing,shallow,muddy,3,grass,1,0,0,3.2,4.0,1.32,1.24,0.88,6.52,1.99,125.1,151.2,96.2,40,-43.7544,172.9415,12,51,0,0,8,0,Alongshore,Alongshore,Alongshore,2.0,0.0
1257,Duvauchelle Bay by camping ground,2009-12-21 08:00:00,Akaroa,0.0,0.0,0.0,0.6,2.2,2.2,ebbing,shallow,muddy,3,grass,1,0,0,1.2,4.0,3.09,2.02,1.3,11.98,1.83,217.3,225.3,220.5,40,-43.7544,172.9415,12,52,0,0,8,1,Onshore,Onshore,Onshore,2.0,0.0
1258,Duvauchelle Bay by camping ground,2009-12-29 08:00:00,Akaroa,0.0,0.0,0.0,0.0,0.0,0.6,incoming,shallow,muddy,3,grass,1,0,0,0.0,0.0,1.31,0.76,0.14,5.77,1.97,20.9,301.1,288.3,40,-43.7544,172.9415,12,53,1,0,8,1,Offshore,Alongshore,Alongshore,7.333333333333333,0.0
1259,Duvauchelle Bay by camping ground,2010-01-05 08:00:00,Akaroa,0.0,0.0,0.0,0.0,0.0,0.0,ebbing,shallow,muddy,3,grass,1,0,0,0.0,0.0,1.96,1.41,0.87,12.25,2.23,359.4,346.3,350.7,40,-43.7544,172.9415,1,1,1,0,8,1,Offshore,Alongshore,Alongshore,6.0,0.0
1260,Duvauchelle Bay by camping ground,2010-01-11 06:00:00,Akaroa,0.2,0.2,0.2,11.2,12.8,12.8,ebbing,shallow,muddy,3,grass,1,0,0,3.4,12.0,2.28,2.32,2.57,6.37,1.92,223.9,224.4,234.0,40,-43.7544,172.9415,1,2,0,0,6,0,Onshore,Onshore,Onshore,12.4,0.0
1261,Duvauchelle Bay by camping ground,2010-01-18 08:00:00,Akaroa,0.0,0.0,0.0,0.0,0.0,0.0,ebbing,shallow,muddy,3,grass,1,0,0,0.0,0.0,0.77,1.03,0.78,10.65,1.89,348.3,15.4,343.9,40,-43.7544,172.9415,1,3,0,0,8,0,Alongshore,Offshore,Alongshore,20.8,0.0
1262,Duvauchelle Bay by camping ground,2010-01-25 08:00:00,Akaroa,0.0,0.0,0.0,0.0,0.0,0.0,incoming,shallow,muddy,3,grass,1,0,0,0.0,0.0,2.12,2.03,1.79,3.47,1.85,15.7,25.4,29.3,40,-43.7544,172.9415,1,4,0,0,8,0,Offshore,Offshore,Offshore,20.8,0.0
1263,Duvauchelle Bay by camping ground,2010-02-01 08:00:00,Akaroa,0.0,0.0,0.0,0.0,0.0,0.0,ebbing,shallow,muddy,3,grass,1,0,0,0.0,0.0,2.37,2.32,2.02,10.0,2.34,29.8,32.0,26.5,40,-43.7544,172.9415,2,5,0,0,8,1,Offshore,Offshore,Offshore,17.6,0.0
1264,Duvauchelle Bay by camping ground,2010-02-08 07:00:00,Akaroa,0.0,0.0,0.0,0.0,0.0,0.0,incoming,shallow,muddy,3,grass,1,0,0,0.0,0.0,1.1,1.33,1.06,4.35,1.88,10.1,347.0,351.0,40,-43.7544,172.9415,2,6,0,0,7,1,Offshore,Alongshore,Alongshore,17.6,0.0
1265,Duvauchelle Bay by camping ground,2010-02-15 08:00:00,Akaroa,0.0,0.0,0.0,0.0,0.0,0.0,ebbing,shallow,muddy,3,grass,1,0,0,0.0,0.0,2.16,2.19,1.46,9.42,1.95,224.1,228.2,223.9,40,-43.7544,172.9415,2,7,0,0,8,0,Onshore,Onshore,Onshore,10.4,0.0
1266,Duvauchelle Bay by camping ground,2010-02-22 07:00:00,Akaroa,0.0,0.0,0.0,0.0,0.0,0.0,incoming,shallow,muddy,3,grass,1,0,0,0.0,0.0,0.89,0.85,0.42,2.6,1.83,357.5,9.7,351.6,40,-43.7544,172.9415,2,8,0,0,7,0,Offshore,Offshore,Alongshore,2.4,0.0
1267,Duvauchelle Bay by camping ground,2010-03-01 07:00:00,Akaroa,0.0,0.0,0.0,0.0,0.0,0.0,ebbing,shallow,muddy,3,grass,1,0,0,0.0,0.0,2.55,4.05,3.94,9.23,2.38,15.3,12.0,16.2,40,-43.7544,172.9415,3,9,0,0,7,0,Offshore,Offshore,Offshore,2.4,0.0
1268,Duvauchelle Bay by camping ground,2010-03-08 07:00:00,Akaroa,0.0,0.0,0.0,0.0,0.0,0.0,incoming,shallow,muddy,3,grass,1,0,0,0.0,0.0,0.99,0.88,0.72,3.22,1.89,18.2,300.2,294.4,40,-43.7544,172.9415,3,10,0,0,7,0,Offshore,Alongshore,Alongshore,3.6,0.0
1269,Duvauchelle Bay by camping ground,2010-03-15 07:00:00,Akaroa,0.0,0.0,0.0,0.0,0.0,0.2,ebbing,shallow,muddy,3,grass,1,0,0,0.0,0.0,0.19,1.49,2.68,8.7,1.98,110.2,110.5,153.0,40,-43.7544,172.9415,3,11,0,0,7,0,Alongshore,Alongshore,Alongshore,3.6,0.0
1270,Duvauchelle Bay by camping ground,2010-12-06 00:00:00,Akaroa,0.0,0.0,0.0,0.0,0.0,0.0,incoming,shallow,muddy,3,grass,1,0,0,0.0,0.0,0.78,1.62,2.71,3.63,2.36,237.8,249.3,231.5,40,-43.7544,172.9415,12,49,0,0,0,0,Onshore,Onshore,Onshore,,0.0
1271,Duvauchelle Bay by camping ground,2010-12-13 08:00:00,Akaroa,0.0,0.0,0.0,0.0,0.0,0.0,incoming,shallow,muddy,3,grass,1,0,0,0.0,0.0,2.35,1.15,1.14,1.83,1.99,78.5,39.1,7.6,40,-43.7544,172.9415,12,50,0,0,8,0,Offshore,Offshore,Offshore,2.0,0.0
1272,Duvauchelle Bay by camping ground,2010-12-20 08:00:00,Akaroa,0.0,0.0,0.0,0.0,0.0,0.0,ebbing,shallow,muddy,3,grass,1,0,0,0.0,0.0,3.08,2.99,2.98,7.3,1.93,8.7,3.1,5.9,40,-43.7544,172.9415,12,51,0,0,8,1,Offshore,Offshore,Offshore,2.0,0.0
1273,Duvauchelle Bay by camping ground,2010-12-29 08:00:00,Akaroa,0.0,0.0,0.0,0.0,26.0,26.4,incoming,shallow,muddy,3,grass,1,0,0,9.4,8.0,2.58,2.3,2.11,2.75,2.16,28.7,34.7,24.9,40,-43.7544,172.9415,12,52,2,0,8,1,Offshore,Offshore,Offshore,2.0,0.0
1274,Duvauchelle Bay by camping ground,2011-01-05 08:00:00,Akaroa,0.0,0.0,0.6,0.8,1.0,1.0,ebbing,shallow,muddy,3,grass,1,0,0,0.6,3.0,0.97,0.59,0.07,9.03,2.02,35.7,32.1,46.4,40,-43.7544,172.9415,1,1,2,0,8,1,Offshore,Offshore,Offshore,2.0,0.0
1275,Duvauchelle Bay by camping ground,2011-01-07 08:00:00,Akaroa,0.0,0.0,0.0,0.0,0.2,1.0,ebbing,shallow,muddy,3,grass,1,0,0,0.2,1.0,0.75,2.88,1.69,10.58,1.98,138.9,138.2,173.8,40,-43.7544,172.9415,1,1,4,0,8,0,Alongshore,Alongshore,Alongshore,31.6,0.0
1276,Duvauchelle Bay by camping ground,2011-01-10 08:00:00,Akaroa,0.0,0.0,0.0,0.0,0.0,4.4,incoming,shallow,muddy,3,grass,1,0,0,0.0,0.0,3.15,3.16,2.83,0.37,2.02,229.3,224.8,225.2,40,-43.7544,172.9415,1,2,0,0,8,0,Onshore,Onshore,Onshore,31.6,0.0
1277,Duvauchelle Bay by camping ground,2011-01-17 08:00:00,Akaroa,0.0,0.0,0.0,0.0,0.0,0.0,incoming,shallow,muddy,3,grass,1,0,0,0.0,0.0,2.37,2.58,1.82,6.0,1.89,353.4,356.5,13.6,40,-43.7544,172.9415,1,3,0,0,8,0,Alongshore,Offshore,Offshore,31.6,0.0
1278,Duvauchelle Bay by camping ground,2011-01-24 08:00:00,Akaroa,0.0,0.0,0.0,0.0,2.0,5.8,ebbing,shallow,muddy,3,grass,1,0,0,0.4,8.0,2.1,1.46,0.79,12.1,2.26,295.3,265.4,239.7,40,-43.7544,172.9415,1,4,0,0,8,0,Alongshore,Alongshore,Onshore,31.6,0.0
1279,Duvauchelle Bay by camping ground,2011-01-31 08:00:00,Akaroa,0.0,0.0,0.8,2.0,2.0,5.4,ebbing,shallow,muddy,3,grass,1,0,0,0.6,6.0,0.52,1.96,1.06,6.3,1.96,182.9,141.3,150.4,40,-43.7544,172.9415,1,5,0,0,8,1,Onshore,Alongshore,Alongshore,31.6,0.0
1280,Duvauchelle Bay by camping ground,2011-02-07 08:00:00,Akaroa,0.0,0.0,11.6,15.0,15.0,15.0,ebbing,shallow,muddy,3,grass,1,0,0,3.8,8.0,1.05,0.09,0.75,11.52,1.94,58.2,56.5,205.2,40,-43.7544,172.9415,2,6,0,0,8,1,Offshore,Offshore,Onshore,2.0,0.0
1281,Duvauchelle Bay by camping ground,2011-02-14 08:00:00,Akaroa,0.0,0.0,0.0,0.2,1.2,1.2,incoming,shallow,muddy,3,grass,1,0,0,0.6,4.0,2.66,2.4,1.17,4.65,1.84,244.0,244.7,233.4,40,-43.7544,172.9415,2,7,0,0,8,0,Onshore,Onshore,Onshore,2.4,0.0
1282,Duvauchelle Bay by camping ground,2011-03-22 14:00:00,Akaroa,0.0,2.4,6.0,8.6,8.6,9.4,incoming,shallow,muddy,3,grass,1,0,0,3.4,9.0,2.01,2.66,2.48,4.12,2.44,193.8,187.5,192.0,40,-43.7544,172.9415,3,12,1,0,14,0,Onshore,Onshore,Onshore,4.0,0.0
1283,Duvauchelle Bay by camping ground,2011-04-07 10:00:00,Akaroa,0.4,0.8,1.8,19.0,20.0,32.8,ebbing,shallow,muddy,3,grass,1,0,0,4.8,16.0,6.17,6.02,6.26,8.5,1.99,219.2,218.5,217.9,40,-43.7544,172.9415,4,14,3,0,10,0,Onshore,Onshore,Onshore,5.6,0.0
1284,Duvauchelle Bay by camping ground,2011-04-11 10:00:00,Akaroa,0.0,0.0,0.0,0.0,0.0,0.0,ebbing,shallow,muddy,3,grass,1,0,0,0.0,0.0,0.38,0.15,0.23,11.82,2.06,41.9,38.5,350.9,40,-43.7544,172.9415,4,15,0,0,10,0,Offshore,Offshore,Alongshore,56.0,0.0
1285,Duvauchelle Bay by camping ground,2011-11-14 12:00:00,Akaroa,0.0,0.0,0.0,0.0,0.8,11.2,ebbing,shallow,muddy,3,grass,1,0,0,0.6,2.0,1.05,0.85,0.83,6.45,1.82,108.0,82.5,22.6,40,-43.7544,172.9415,11,46,0,0,12,0,Alongshore,Offshore,Offshore,,0.0
1286,Duvauchelle Bay by camping ground,2011-11-24 10:00:00,Akaroa,0.0,0.0,0.0,1.6,7.0,7.0,incoming,shallow,muddy,3,grass,1,0,0,1.8,12.0,1.32,0.87,0.71,4.55,2.28,113.2,19.1,338.2,40,-43.7544,172.9415,11,47,3,0,10,0,Alongshore,Offshore,Alongshore,10.0,0.0
1287,Duvauchelle Bay by camping ground,2011-11-28 10:00:00,Akaroa,0.0,0.0,0.0,0.0,0.0,0.0,ebbing,shallow,muddy,3,grass,1,0,0,0.0,0.0,1.43,2.33,1.52,8.28,2.16,233.0,219.7,282.9,40,-43.7544,172.9415,11,48,0,0,10,0,Onshore,Onshore,Alongshore,10.0,0.0
1288,Duvauchelle Bay by camping ground,2011-12-05 00:00:00,Akaroa,0.0,0.0,0.0,0.0,0.0,0.0,ebbing,shallow,muddy,3,grass,1,0,0,0.0,0.0,1.09,1.79,2.56,11.85,1.95,203.7,214.7,211.6,40,-43.7544,172.9415,12,49,0,0,0,0,Onshore,Onshore,Onshore,10.0,0.0
1289,Duvauchelle Bay by camping ground,2011-12-12 13:00:00,Akaroa,0.0,0.0,0.0,0.0,0.0,0.0,incoming,shallow,muddy,3,grass,1,0,0,0.0,0.0,0.59,0.21,0.22,4.48,1.88,54.1,94.4,4.6,40,-43.7544,172.9415,12,50,0,0,13,0,Offshore,Alongshore,Offshore,10.0,0.0
1290,Duvauchelle Bay by camping ground,2011-12-19 12:00:00,Akaroa,0.0,0.0,0.0,0.0,0.0,0.0,ebbing,shallow,muddy,3,grass,1,0,0,0.0,0.0,1.32,0.2,0.24,10.98,2.16,41.6,152.1,203.2,40,-43.7544,172.9415,12,51,0,0,12,0,Offshore,Alongshore,Onshore,10.0,0.0
1291,Duvauchelle Bay by camping ground,2012-01-05 10:00:00,Akaroa,0.0,0.0,0.0,0.0,0.0,0.0,incoming,shallow,muddy,3,grass,1,0,0,0.0,0.0,0.25,0.71,0.32,3.2,1.83,106.7,127.6,150.6,40,-43.7544,172.9415,1,1,3,0,10,1,Alongshore,Alongshore,Alongshore,10.0,0.0
1292,Duvauchelle Bay by camping ground,2012-01-09 10:00:00,Akaroa,0.0,0.0,0.0,3.2,3.2,3.4,incoming,shallow,muddy,3,grass,1,0,0,0.8,7.0,0.75,1.21,0.86,5.93,1.93,27.5,349.0,293.0,40,-43.7544,172.9415,1,2,0,0,10,0,Offshore,Alongshore,Alongshore,10.0,0.0
1293,Duvauchelle Bay by camping ground,2012-01-16 11:00:00,Akaroa,0.0,0.0,0.0,0.2,2.2,2.4,ebbing,shallow,muddy,3,grass,1,0,0,1.6,3.0,1.63,0.37,0.16,10.58,2.16,36.5,231.9,233.2,40,-43.7544,172.9415,1,3,0,0,11,0,Offshore,Onshore,Onshore,10.0,0.0
1294,Duvauchelle Bay by camping ground,2012-01-23 10:00:00,Akaroa,0.0,0.0,0.8,5.4,10.4,10.4,incoming,shallow,muddy,3,grass,1,0,0,2.2,13.0,3.52,3.02,3.2,5.47,2.14,227.1,228.2,226.9,40,-43.7544,172.9415,1,4,0,0,10,0,Onshore,Onshore,Onshore,10.0,0.0
1295,Duvauchelle Bay by camping ground,2012-01-25 13:00:00,Akaroa,0.0,0.0,0.0,0.0,0.0,4.6,incoming,shallow,muddy,3,grass,1,0,0,0.0,0.0,1.1,1.12,1.34,4.03,2.13,18.8,30.5,33.3,40,-43.7544,172.9415,1,4,2,0,13,0,Offshore,Offshore,Offshore,68.0,0.09090909090909091
1296,Duvauchelle Bay by camping ground,2012-01-30 10:00:00,Akaroa,0.0,0.0,0.0,0.0,0.0,0.0,ebbing,shallow,muddy,3,grass,1,0,0,0.0,0.0,2.19,1.41,0.72,11.57,1.93,95.0,13.3,20.9,40,-43.7544,172.9415,1,5,0,0,10,0,Alongshore,Offshore,Offshore,68.0,0.08333333333333333
1297,Duvauchelle Bay by camping ground,2012-02-09 11:00:00,Akaroa,0.0,0.0,0.0,0.0,0.0,0.2,incoming,shallow,muddy,3,grass,1,0,0,0.0,0.0,0.51,0.33,0.61,5.67,2.17,172.3,156.9,305.0,40,-43.7544,172.9415,2,6,3,0,11,1,Alongshore,Alongshore,Alongshore,68.0,0.07692307692307693
1298,Duvauchelle Bay by camping ground,2012-02-13 12:00:00,Akaroa,0.0,0.0,0.0,0.0,0.0,0.6,ebbing,shallow,muddy,3,grass,1,0,0,0.0,0.0,1.44,1.37,1.43,8.17,2.23,37.2,39.9,61.5,40,-43.7544,172.9415,2,7,0,0,12,0,Offshore,Offshore,Offshore,68.0,0.07142857142857142
1299,Duvauchelle Bay by camping ground,2012-02-27 10:00:00,Akaroa,0.0,0.0,0.0,0.0,0.0,1.0,ebbing,shallow,muddy,3,grass,1,0,0,0.0,0.0,0.78,0.45,0.55,10.23,1.97,133.9,205.1,238.2,40,-43.7544,172.9415,2,9,0,0,10,0,Alongshore,Onshore,Onshore,68.0,0.06666666666666667
1300,Duvauchelle Bay by camping ground,2012-03-06 10:00:00,Akaroa,0.0,0.0,0.0,0.0,0.0,1.4,incoming,shallow,muddy,3,grass,1,0,0,0.0,0.0,1.26,0.89,1.15,3.85,2.03,91.1,55.1,15.2,40,-43.7544,172.9415,3,10,1,0,10,0,Alongshore,Offshore,Offshore,10.0,0.0625
1301,Duvauchelle Bay by camping ground,2012-11-22 10:00:00,Akaroa,0.0,0.0,0.0,0.0,0.0,0.0,incoming,shallow,muddy,3,grass,1,0,0,0.0,0.0,2.73,2.71,2.82,0.85,2.15,22.3,30.6,35.4,40,-43.7544,172.9415,11,47,3,0,10,0,Offshore,Offshore,Offshore,,0.0
1302,Duvauchelle Bay by camping ground,2012-11-27 10:00:00,Akaroa,0.0,0.0,0.0,0.0,0.0,0.0,incoming,shallow,muddy,3,grass,1,0,0,0.0,0.0,0.97,0.63,1.0,4.48,1.96,51.0,29.9,344.5,40,-43.7544,172.9415,11,48,1,0,10,0,Offshore,Offshore,Alongshore,10.0,0.0
1303,Duvauchelle Bay by camping ground,2012-12-03 10:00:00,Akaroa,0.0,0.0,0.0,0.0,0.0,0.0,ebbing,shallow,muddy,3,grass,1,0,0,0.0,0.0,2.29,2.12,2.21,9.07,1.8,28.0,27.2,7.5,40,-43.7544,172.9415,12,49,0,0,10,0,Offshore,Offshore,Offshore,10.0,0.0
1304,Duvauchelle Bay by camping ground,2012-12-10 10:00:00,Akaroa,0.0,0.0,0.0,0.0,0.0,0.2,incoming,shallow,muddy,3,grass,1,0,0,0.0,0.0,1.19,2.42,3.3,2.47,2.15,231.2,239.8,242.1,40,-43.7544,172.9415,12,50,0,0,10,0,Onshore,Onshore,Onshore,10.0,0.0
1305,Duvauchelle Bay by camping ground,2012-12-17 10:00:00,Akaroa,0.0,0.0,0.0,0.0,0.0,0.0,ebbing,shallow,muddy,3,grass,1,0,0,0.0,0.0,0.63,0.23,0.54,9.03,2.21,93.8,62.0,273.5,40,-43.7544,172.9415,12,51,0,0,10,0,Alongshore,Offshore,Alongshore,10.0,0.0
1306,Duvauchelle Bay by camping ground,2012-12-27 10:00:00,Akaroa,0.0,0.0,0.0,0.0,0.2,0.2,incoming,shallow,muddy,3,grass,1,0,0,0.2,1.0,1.96,1.99,1.89,5.67,1.89,38.4,42.4,57.4,40,-43.7544,172.9415,12,52,3,0,10,1,Offshore,Offshore,Offshore,10.0,0.0
1307,Duvauchelle Bay by camping ground,2013-01-03 11:00:00,Akaroa,0.0,0.0,0.0,14.8,23.2,23.2,ebbing,shallow,muddy,3,grass,1,0,0,4.6,11.0,1.84,1.39,1.1,9.13,1.93,85.1,56.5,45.1,40,-43.7544,172.9415,1,1,3,0,11,1,Alongshore,Offshore,Offshore,10.0,0.0
1308,Duvauchelle Bay by camping ground,2013-01-08 11:00:00,Akaroa,0.0,0.0,0.0,0.0,2.6,2.6,incoming,shallow,muddy,3,grass,1,0,0,1.8,3.0,0.22,1.48,1.43,1.68,2.11,42.5,45.2,338.4,40,-43.7544,172.9415,1,2,1,0,11,0,Offshore,Offshore,Alongshore,10.0,0.0
1309,Duvauchelle Bay by camping ground,2013-01-14 09:00:00,Akaroa,0.0,0.0,0.0,0.0,0.0,0.0,ebbing,shallow,muddy,3,grass,1,0,0,0.0,0.0,1.79,1.25,0.9,8.62,2.27,39.2,63.7,79.1,40,-43.7544,172.9415,1,3,0,0,9,0,Offshore,Offshore,Offshore,10.0,0.0
1310,Duvauchelle Bay by camping ground,2013-01-21 11:00:00,Akaroa,0.0,0.0,0.0,0.0,0.0,0.0,incoming,shallow,muddy,3,grass,1,0,0,0.0,0.0,1.53,1.17,0.93,0.23,1.87,84.6,53.2,71.1,40,-43.7544,172.9415,1,4,0,0,11,0,Offshore,Offshore,Offshore,10.0,0.0
1311,Duvauchelle Bay by camping ground,2013-01-28 13:00:00,Akaroa,0.0,0.0,0.0,0.0,0.0,0.0,incoming,shallow,muddy,3,grass,1,0,0,0.0,0.0,0.96,0.53,0.44,3.93,1.96,96.6,94.7,4.3,40,-43.7544,172.9415,1,5,0,0,13,0,Alongshore,Alongshore,Offshore,10.0,0.0
1312,Duvauchelle Bay by camping ground,2013-02-04 12:00:00,Akaroa,1.8,11.2,25.8,26.0,26.0,26.0,ebbing,shallow,muddy,3,grass,1,0,0,5.4,13.0,3.21,4.35,4.71,10.68,2.18,205.3,202.5,209.4,40,-43.7544,172.9415,2,6,0,0,12,1,Onshore,Onshore,Onshore,10.0,0.0
1313,Duvauchelle Bay by camping ground,2013-02-11 13:00:00,Akaroa,0.0,0.0,0.0,0.0,0.0,0.0,incoming,shallow,muddy,3,grass,1,0,0,0.0,0.0,2.55,1.25,1.34,3.75,2.28,199.1,213.7,234.7,40,-43.7544,172.9415,2,7,0,0,13,0,Onshore,Onshore,Onshore,14.2,0.0
1314,Duvauchelle Bay by camping ground,2013-02-18 11:00:00,Akaroa,0.0,0.0,0.0,0.0,0.0,0.0,ebbing,shallow,muddy,3,grass,1,0,0,0.0,0.0,1.26,0.85,0.3,11.2,1.97,3.2,17.8,322.1,40,-43.7544,172.9415,2,8,0,0,11,0,Offshore,Offshore,Alongshore,14.2,0.0
1315,Duvauchelle Bay by camping ground,2013-02-25 11:00:00,Akaroa,0.0,0.0,0.0,0.0,0.0,0.0,incoming,shallow,muddy,3,grass,1,0,0,0.0,0.0,1.79,0.62,0.34,5.02,2.01,97.6,17.1,340.7,40,-43.7544,172.9415,2,9,0,0,11,0,Alongshore,Offshore,Alongshore,14.2,0.0
1316,Duvauchelle Bay by camping ground,2013-11-13 13:00:00,Akaroa,0.0,0.0,0.0,0.0,0.0,0.0,ebbing,shallow,muddy,3,grass,1,0,0,0.0,0.0,1.22,0.86,0.93,12.0,2.18,76.7,72.3,46.1,40,-43.7544,172.9415,11,46,2,0,13,0,Offshore,Offshore,Offshore,,0.0
1317,Duvauchelle Bay by camping ground,2013-11-26 11:00:00,Akaroa,1.4,1.4,1.4,1.8,8.8,8.8,ebbing,shallow,muddy,3,grass,1,0,0,1.8,13.0,0.84,0.86,0.83,11.7,1.83,109.1,119.6,169.2,40,-43.7544,172.9415,11,48,1,0,11,0,Alongshore,Alongshore,Alongshore,10.0,0.0
1318,Duvauchelle Bay by camping ground,2013-12-05 06:00:00,Akaroa,0.0,0.0,0.0,0.0,0.0,0.0,ebbing,shallow,muddy,3,grass,1,0,0,0.0,0.0,1.49,1.41,1.02,11.75,2.26,345.2,327.1,316.5,40,-43.7544,172.9415,12,49,3,0,6,0,Alongshore,Alongshore,Alongshore,25.5,0.0
1319,Duvauchelle Bay by camping ground,2013-12-10 10:00:00,Akaroa,0.0,0.0,0.0,0.8,0.8,1.0,ebbing,shallow,muddy,3,grass,1,0,0,0.4,3.0,1.06,1.11,0.72,12.32,2.15,47.2,37.0,12.8,40,-43.7544,172.9415,12,50,1,0,10,0,Offshore,Offshore,Offshore,30.666666666666668,0.0
1320,Duvauchelle Bay by camping ground,2013-12-17 15:00:00,Akaroa,0.0,0.0,0.0,4.4,14.0,14.0,incoming,shallow,muddy,3,grass,1,0,0,9.2,7.0,0.54,1.08,1.18,0.4,1.97,93.2,95.5,100.8,40,-43.7544,172.9415,12,51,1,0,15,0,Alongshore,Alongshore,Alongshore,25.5,0.0
1321,Duvauchelle Bay by camping ground,2013-12-22 09:00:00,Akaroa,0.0,0.0,0.0,20.0,23.4,23.4,ebbing,shallow,muddy,3,grass,1,0,0,4.4,15.0,1.89,1.12,0.43,10.28,1.84,161.8,218.9,218.7,40,-43.7544,172.9415,12,51,6,1,9,1,Alongshore,Onshore,Onshore,22.4,0.0
1322,Duvauchelle Bay by camping ground,2014-01-07 09:00:00,Akaroa,0.0,0.0,0.0,0.0,0.0,1.6,ebbing,shallow,muddy,3,grass,1,0,0,0.0,0.0,1.91,1.17,0.4,11.87,2.2,294.9,356.0,9.9,40,-43.7544,172.9415,1,2,1,0,9,0,Alongshore,Offshore,Offshore,52.4,0.0
1323,Duvauchelle Bay by camping ground,2014-01-14 15:00:00,Akaroa,0.0,0.0,0.0,0.0,0.0,0.2,incoming,shallow,muddy,3,grass,1,0,0,0.0,0.0,0.92,0.7,0.71,0.08,1.93,138.2,134.6,194.5,40,-43.7544,172.9415,1,3,1,0,15,0,Alongshore,Alongshore,Onshore,46.2,0.0
1324,Duvauchelle Bay by camping ground,2014-01-21 08:00:00,Akaroa,0.0,0.0,0.4,1.0,1.0,1.0,ebbing,shallow,muddy,3,grass,1,0,0,0.4,4.0,1.62,1.44,1.33,11.35,1.88,45.8,47.4,48.6,40,-43.7544,172.9415,1,4,1,0,8,0,Offshore,Offshore,Offshore,40.0,0.0
1325,Duvauchelle Bay by camping ground,2014-01-29 15:00:00,Akaroa,0.0,0.0,0.0,0.0,0.0,0.4,ebbing,shallow,muddy,3,grass,1,0,0,0.0,0.0,0.91,0.42,0.45,11.85,2.51,125.1,68.1,21.8,40,-43.7544,172.9415,1,5,2,0,15,0,Alongshore,Offshore,Offshore,40.0,0.0
1326,Duvauchelle Bay by camping ground,2014-02-04 08:00:00,Akaroa,0.0,0.0,0.0,0.0,0.0,0.0,ebbing,shallow,muddy,3,grass,1,0,0,0.0,0.0,0.96,0.72,0.78,11.73,2.27,339.1,321.9,328.9,40,-43.7544,172.9415,2,6,1,0,8,1,Alongshore,Alongshore,Alongshore,40.0,0.0
1327,Duvauchelle Bay by camping ground,2014-02-11 14:00:00,Akaroa,0.0,0.0,0.0,0.0,0.0,0.6,ebbing,shallow,muddy,3,grass,1,0,0,0.0,0.0,0.42,0.49,0.51,12.25,2.1,110.9,130.7,357.5,40,-43.7544,172.9415,2,7,1,0,14,0,Alongshore,Alongshore,Offshore,10.0,0.0
1328,Duvauchelle Bay by camping ground,2014-02-18 07:00:00,Akaroa,0.0,0.0,0.0,0.0,0.0,0.0,ebbing,shallow,muddy,3,grass,1,0,0,0.0,0.0,1.07,0.56,1.12,11.07,1.97,106.4,28.1,357.7,40,-43.7544,172.9415,2,8,1,0,7,0,Alongshore,Offshore,Offshore,10.0,0.0
1329,Duvauchelle Bay by camping ground,2014-02-25 13:00:00,Akaroa,0.0,0.0,0.0,0.0,0.0,20.8,ebbing,shallow,muddy,3,grass,1,0,0,0.0,0.0,1.37,1.13,1.16,11.12,2.32,51.7,51.4,66.7,40,-43.7544,172.9415,2,9,1,0,13,0,Offshore,Offshore,Offshore,10.0,0.0
1330,Duvauchelle Bay by camping ground,2014-03-10 11:00:00,Akaroa,0.0,0.0,0.0,0.0,0.0,0.0,incoming,shallow,muddy,3,grass,1,0,0,0.0,0.0,0.96,0.61,0.35,0.4,1.87,354.4,357.2,0.8,40,-43.7544,172.9415,3,11,0,0,11,0,Alongshore,Offshore,Offshore,10.0,0.0
1331,Duvauchelle Bay by camping ground,2014-11-19 14:00:00,Akaroa,0.0,0.0,9.4,10.8,10.8,10.8,ebbing,shallow,muddy,3,grass,1,0,0,5.8,6.0,1.36,0.56,0.49,12.18,2.03,120.7,125.6,151.5,40,-43.7544,172.9415,11,47,2,0,14,0,Alongshore,Alongshore,Alongshore,,0.0
1332,Duvauchelle Bay by camping ground,2014-11-25 17:00:00,Akaroa,0.0,0.0,0.0,0.2,0.2,0.2,incoming,shallow,muddy,3,grass,1,0,0,0.2,1.0,1.92,2.36,4.41,0.43,2.09,289.0,294.5,323.7,40,-43.7544,172.9415,11,48,1,0,17,0,Alongshore,Alongshore,Alongshore,10.0,0.0
1333,Duvauchelle Bay by camping ground,2014-12-09 07:00:00,Akaroa,0.0,0.0,0.0,0.0,0.0,0.0,ebbing,shallow,muddy,3,grass,1,0,0,0.0,0.0,1.99,2.09,1.73,11.02,2.02,27.3,1.2,4.0,40,-43.7544,172.9415,12,50,1,0,7,0,Offshore,Offshore,Offshore,10.0,0.0
1334,Duvauchelle Bay by camping ground,2014-12-16 12:00:00,Akaroa,0.0,0.0,0.0,0.0,0.0,0.0,ebbing,shallow,muddy,3,grass,1,0,0,0.0,0.0,2.47,1.93,1.93,12.1,1.91,28.2,29.6,13.8,40,-43.7544,172.9415,12,51,1,0,12,0,Offshore,Offshore,Offshore,10.0,0.0
1335,Duvauchelle Bay by camping ground,2014-12-21 15:00:00,Akaroa,0.0,3.2,7.8,7.8,8.0,8.0,ebbing,shallow,muddy,3,grass,1,0,0,3.2,6.0,0.47,0.33,0.35,12.08,2.34,136.6,99.3,190.7,40,-43.7544,172.9415,12,51,6,1,15,1,Alongshore,Alongshore,Onshore,10.0,0.0
1336,Duvauchelle Bay by camping ground,2014-12-30 12:00:00,Akaroa,0.0,0.0,0.0,0.0,0.0,0.2,ebbing,shallow,muddy,3,grass,1,0,0,0.0,0.0,2.22,1.72,2.06,10.85,2.21,31.4,39.0,6.8,40,-43.7544,172.9415,12,1,1,0,12,1,Offshore,Offshore,Offshore,10.0,0.0
1337,Duvauchelle Bay by camping ground,2015-01-05 16:00:00,Akaroa,0.0,0.0,0.0,0.0,0.0,0.0,ebbing,shallow,muddy,3,grass,1,0,0,0.0,0.0,0.67,0.67,0.52,12.32,2.26,139.3,127.6,103.5,40,-43.7544,172.9415,1,2,0,0,16,1,Alongshore,Alongshore,Alongshore,10.0,0.0
1338,Duvauchelle Bay by camping ground,2015-01-13 11:00:00,Akaroa,0.0,0.0,0.0,0.0,0.0,0.0,ebbing,shallow,muddy,3,grass,1,0,0,0.0,0.0,1.25,0.54,0.38,11.35,1.87,131.3,40.9,28.0,40,-43.7544,172.9415,1,3,1,0,11,0,Alongshore,Offshore,Offshore,10.0,0.0
1339,Duvauchelle Bay by camping ground,2015-01-20 15:00:00,Akaroa,2.4,2.4,2.4,2.8,2.8,2.8,incoming,shallow,muddy,3,grass,1,0,0,1.6,4.0,0.72,0.79,0.79,0.8,2.22,138.5,130.1,199.4,40,-43.7544,172.9415,1,4,1,0,15,0,Alongshore,Alongshore,Onshore,10.0,0.0
1340,Duvauchelle Bay by camping ground,2015-01-27 11:00:00,Akaroa,0.0,0.0,0.0,0.0,0.0,0.0,ebbing,shallow,muddy,3,grass,1,0,0,0.0,0.0,1.47,1.96,1.75,10.95,2.22,43.7,37.0,11.1,40,-43.7544,172.9415,1,5,1,0,11,0,Offshore,Offshore,Offshore,10.0,0.0
1341,Duvauchelle Bay by camping ground,2015-02-03 15:00:00,Akaroa,0.0,0.0,0.0,2.6,2.6,3.6,incoming,shallow,muddy,3,grass,1,0,0,1.2,3.0,1.13,2.22,2.53,0.73,2.0,37.5,40.4,57.1,40,-43.7544,172.9415,2,6,1,0,15,1,Offshore,Offshore,Offshore,10.0,0.0
1342,Duvauchelle Bay by camping ground,2015-02-10 10:00:00,Akaroa,0.0,0.0,0.0,0.2,1.6,1.6,ebbing,shallow,muddy,3,grass,1,0,0,0.6,5.0,1.11,0.38,0.36,10.93,1.89,176.7,318.2,255.4,40,-43.7544,172.9415,2,7,1,0,10,0,Onshore,Alongshore,Onshore,10.0,0.0
1343,Duvauchelle Bay by camping ground,2015-02-17 13:00:00,Akaroa,0.0,0.0,0.0,0.0,0.0,0.0,incoming,shallow,muddy,3,grass,1,0,0,0.0,0.0,1.29,0.26,0.55,1.18,2.2,94.8,115.0,352.6,40,-43.7544,172.9415,2,8,1,0,13,0,Alongshore,Alongshore,Alongshore,10.0,0.0
1344,Duvauchelle Bay by camping ground,2015-02-24 10:00:00,Akaroa,0.0,0.0,0.0,0.0,1.8,1.8,ebbing,shallow,muddy,3,grass,1,0,0,1.6,2.0,1.76,0.94,0.89,10.23,2.28,99.3,20.6,12.7,40,-43.7544,172.9415,2,9,1,0,10,0,Alongshore,Offshore,Offshore,10.0,0.0
1345,Duvauchelle Bay by camping ground,2015-03-03 13:00:00,Akaroa,0.0,0.0,0.0,0.6,0.6,0.6,incoming,shallow,muddy,3,grass,1,0,0,0.6,1.0,0.92,0.72,0.55,1.13,1.98,139.8,113.0,40.6,40,-43.7544,172.9415,3,10,1,0,13,0,Alongshore,Alongshore,Offshore,10.0,0.0
1346,Duvauchelle Bay by camping ground,2015-11-18 11:00:00,Akaroa,0.0,0.0,0.0,3.0,3.0,3.0,ebbing,shallow,muddy,3,grass,1,0,0,1.4,4.0,2.47,1.23,0.77,9.5,1.95,168.0,201.6,210.2,40,-43.7544,172.9415,11,47,2,0,11,0,Alongshore,Onshore,Onshore,,0.0
1347,Duvauchelle Bay by camping ground,2015-11-24 12:00:00,Akaroa,0.0,0.0,0.0,0.0,0.0,0.2,incoming,shallow,muddy,3,grass,1,0,0,0.0,0.0,1.91,1.14,1.56,1.68,2.33,111.3,102.5,30.1,40,-43.7544,172.9415,11,48,1,0,12,0,Alongshore,Alongshore,Offshore,10.0,0.0
1348,Duvauchelle Bay by camping ground,2015-12-01 08:00:00,Akaroa,0.0,0.0,0.0,0.0,0.0,0.2,ebbing,shallow,muddy,3,grass,1,0,0,0.0,0.0,1.69,0.49,0.49,12.52,2.02,127.3,19.4,0.3,40,-43.7544,172.9415,12,49,1,0,8,0,Alongshore,Offshore,Offshore,10.0,0.0
1349,Duvauchelle Bay by camping ground,2015-12-08 13:00:00,Akaroa,0.0,0.0,0.0,0.0,1.0,3.4,incoming,shallow,muddy,3,grass,1,0,0,0.6,2.0,2.91,2.99,2.95,0.8,1.94,214.3,218.1,225.2,40,-43.7544,172.9415,12,50,1,0,13,0,Onshore,Onshore,Onshore,10.0,0.0
1350,Duvauchelle Bay by camping ground,2015-12-15 06:00:00,Akaroa,2.4,2.4,2.4,2.4,2.6,15.0,incoming,shallow,muddy,3,grass,1,0,0,1.2,3.0,0.71,1.08,0.91,0.03,2.24,54.9,35.2,354.3,40,-43.7544,172.9415,12,51,1,0,6,0,Offshore,Offshore,Alongshore,10.0,0.0
1351,Duvauchelle Bay by camping ground,2015-12-22 11:00:00,Akaroa,0.0,0.2,0.4,0.6,0.6,0.6,incoming,shallow,muddy,3,grass,1,0,0,0.2,3.0,1.1,0.3,0.7,1.62,2.21,117.7,173.4,189.3,40,-43.7544,172.9415,12,52,1,0,11,1,Alongshore,Alongshore,Onshore,10.0,0.0
1352,Duvauchelle Bay by camping ground,2015-12-29 07:00:00,Akaroa,0.0,0.0,0.0,0.0,0.0,0.0,ebbing,shallow,muddy,3,grass,1,0,0,0.0,0.0,1.73,1.36,0.42,12.12,2.06,276.8,265.8,265.0,40,-43.7544,172.9415,12,53,1,0,7,1,Alongshore,Alongshore,Alongshore,10.0,0.0
1353,Duvauchelle Bay by camping ground,2016-01-06 11:00:00,Akaroa,0.0,0.0,0.0,0.0,0.0,2.4,incoming,shallow,muddy,3,grass,1,0,0,0.0,0.0,1.79,0.76,0.39,2.23,1.88,120.9,14.2,13.7,40,-43.7544,172.9415,1,1,2,0,11,0,Alongshore,Offshore,Offshore,10.0,0.0
1354,Duvauchelle Bay by camping ground,2016-01-12 06:00:00,Akaroa,0.0,0.0,0.0,0.0,0.0,0.0,ebbing,shallow,muddy,3,grass,1,0,0,0.0,0.0,1.34,1.79,1.45,11.75,2.12,316.3,256.5,272.9,40,-43.7544,172.9415,1,2,1,0,6,0,Alongshore,Onshore,Alongshore,10.0,0.0
1355,Duvauchelle Bay by camping ground,2016-01-19 10:00:00,Akaroa,0.0,0.0,0.0,5.4,7.8,7.8,incoming,shallow,muddy,3,grass,1,0,0,2.0,11.0,2.14,3.11,3.46,1.5,2.14,235.6,239.5,260.3,40,-43.7544,172.9415,1,3,1,0,10,0,Onshore,Onshore,Onshore,10.0,0.0
1356,Duvauchelle Bay by camping ground,2016-01-26 06:00:00,Akaroa,0.0,0.0,0.0,0.2,0.2,0.2,ebbing,shallow,muddy,3,grass,1,0,0,0.2,1.0,1.26,2.17,2.16,11.87,2.09,181.7,182.3,180.9,40,-43.7544,172.9415,1,4,1,0,6,0,Onshore,Onshore,Onshore,18.4,0.0
1357,Duvauchelle Bay by camping ground,2016-02-01 09:00:00,Akaroa,0.0,0.0,0.0,0.0,0.0,0.0,incoming,shallow,muddy,3,grass,1,0,0,0.0,0.0,1.24,0.46,0.57,0.47,1.87,92.6,341.1,329.9,40,-43.7544,172.9415,2,5,0,0,9,1,Alongshore,Alongshore,Alongshore,18.4,0.0
1358,Duvauchelle Bay by camping ground,2016-02-10 06:00:00,Akaroa,0.0,0.0,0.0,0.0,0.0,0.0,ebbing,shallow,muddy,3,grass,1,0,0,0.0,0.0,2.72,2.48,2.27,10.72,2.27,5.8,12.6,11.2,40,-43.7544,172.9415,2,6,2,0,6,0,Offshore,Offshore,Offshore,18.4,0.0
1359,Duvauchelle Bay by camping ground,2016-02-16 09:00:00,Akaroa,0.0,0.0,0.0,0.0,0.0,0.0,incoming,shallow,muddy,3,grass,1,0,0,0.0,0.0,1.67,1.21,0.74,1.08,2.12,109.7,22.9,359.8,40,-43.7544,172.9415,2,7,1,0,9,0,Alongshore,Offshore,Offshore,18.4,0.0
1360,Duvauchelle Bay by camping ground,2016-02-23 14:00:00,Akaroa,0.0,0.0,0.0,0.0,0.0,0.0,incoming,shallow,muddy,3,grass,1,0,0,0.0,0.0,0.6,0.33,0.29,2.18,2.09,114.0,86.9,334.3,40,-43.7544,172.9415,2,8,1,0,14,0,Alongshore,Alongshore,Alongshore,18.4,0.0
1361,Duvauchelle Bay by camping ground,2016-11-22 11:00:00,Akaroa,0.0,0.0,0.0,0.0,0.0,0.0,ebbing,shallow,muddy,3,grass,1,0,0,0.0,0.0,0.75,0.59,0.3,11.47,2.04,109.1,52.0,339.3,40,-43.7544,172.9415,11,47,1,0,11,0,Alongshore,Offshore,Alongshore,,0.0
1362,Duvauchelle Bay by camping ground,2016-11-29 14:00:00,Akaroa,0.0,0.0,0.0,0.0,0.0,1.2,incoming,shallow,muddy,3,grass,1,0,0,0.0,0.0,1.72,1.03,1.38,1.47,1.96,214.3,200.1,225.9,40,-43.7544,172.9415,11,48,1,0,14,0,Onshore,Onshore,Onshore,10.0,0.0
1363,Duvauchelle Bay by camping ground,2016-12-06 08:00:00,Akaroa,0.0,0.0,0.0,0.0,0.0,0.0,incoming,shallow,muddy,3,grass,1,0,0,0.0,0.0,0.49,0.16,0.35,0.83,2.06,163.7,92.8,250.1,40,-43.7544,172.9415,12,49,1,0,8,0,Alongshore,Alongshore,Onshore,10.0,0.0
1364,Duvauchelle Bay by camping ground,2016-12-13 15:00:00,Akaroa,0.0,0.0,0.0,0.0,16.6,23.8,incoming,shallow,muddy,3,grass,1,0,0,4.0,11.0,1.02,0.98,1.07,0.13,2.32,105.1,104.9,39.1,40,-43.7544,172.9415,12,50,1,0,15,0,Alongshore,Alongshore,Offshore,10.0,0.0
1365,Duvauchelle Bay by camping ground,2016-12-20 09:00:00,Akaroa,0.0,0.0,0.0,0.0,0.0,0.0,ebbing,shallow,muddy,3,grass,1,0,0,0.0,0.0,2.8,2.99,3.03,12.55,2.05,22.0,32.4,38.6,40,-43.7544,172.9415,12,51,1,0,9,1,Offshore,Offshore,Offshore,10.0,0.0
1366,Duvauchelle Bay by camping ground,2016-12-28 13:00:00,Akaroa,1.0,1.0,1.0,1.0,1.0,1.0,incoming,shallow,muddy,3,grass,1,0,0,0.8,2.0,0.77,0.19,0.38,2.4,1.92,241.4,167.3,108.5,40,-43.7544,172.9415,12,52,2,0,13,1,Onshore,Alongshore,Alongshore,10.0,0.0
1367,Duvauchelle Bay by camping ground,2017-01-05 09:00:00,Akaroa,0.0,0.0,0.0,1.2,13.6,17.0,incoming,shallow,muddy,3,grass,1,0,0,4.0,11.0,2.17,0.9,0.24,0.08,2.13,122.4,223.9,222.4,40,-43.7544,172.9415,1,1,3,0,9,1,Alongshore,Onshore,Onshore,10.0,0.0
1368,Duvauchelle Bay by camping ground,2017-01-10 14:00:00,Akaroa,0.0,0.0,0.0,0.0,0.0,0.0,ebbing,shallow,muddy,3,grass,1,0,0,0.0,0.0,1.69,0.99,0.6,12.35,2.45,100.1,38.7,32.2,40,-43.7544,172.9415,1,2,1,0,14,0,Alongshore,Offshore,Offshore,12.0,0.0
1369,Duvauchelle Bay by camping ground,2017-01-17 08:00:00,Akaroa,0.0,0.0,0.0,0.0,0.0,0.0,ebbing,shallow,muddy,3,grass,1,0,0,0.0,0.0,2.73,3.43,2.92,11.78,2.09,323.7,331.4,351.7,40,-43.7544,172.9415,1,3,1,0,8,0,Alongshore,Alongshore,Alongshore,12.0,0.0
1370,Duvauchelle Bay by camping ground,2017-01-23 13:00:00,Akaroa,0.0,0.0,0.0,2.0,60.0,64.0,ebbing,shallow,muddy,3,grass,1,0,0,8.0,25.0,1.12,0.32,0.67,12.0,2.01,87.6,130.3,244.6,40,-43.7544,172.9415,1,4,0,0,13,0,Alongshore,Alongshore,Onshore,12.0,0.0
1371,Duvauchelle Bay by camping ground,2017-01-31 07:00:00,Akaroa,0.0,0.0,0.0,0.0,0.0,0.0,ebbing,shallow,muddy,3,grass,1,0,0,0.0,0.0,2.79,3.4,2.33,11.0,2.07,354.6,341.8,356.2,40,-43.7544,172.9415,1,5,1,0,7,1,Alongshore,Alongshore,Offshore,24.6,0.0
1372,Duvauchelle Bay by camping ground,2017-02-08 14:00:00,Akaroa,0.0,0.0,0.0,0.6,0.6,1.6,ebbing,shallow,muddy,3,grass,1,0,0,0.4,2.0,0.91,0.31,0.51,11.52,2.39,207.1,195.3,217.5,40,-43.7544,172.9415,2,6,2,0,14,1,Onshore,Onshore,Onshore,24.6,0.0
1373,Duvauchelle Bay by camping ground,2017-02-14 17:00:00,Akaroa,0.0,0.0,0.0,0.0,0.0,0.0,incoming,shallow,muddy,3,grass,1,0,0,0.0,0.0,0.52,0.32,0.44,1.58,2.14,118.3,106.1,77.9,40,-43.7544,172.9415,2,7,1,0,17,0,Alongshore,Alongshore,Offshore,22.6,0.0
1374,Duvauchelle Bay by camping ground,2017-02-21 14:00:00,Akaroa,0.0,0.0,0.0,0.0,0.0,1.6,ebbing,shallow,muddy,3,grass,1,0,0,0.0,0.0,0.69,0.44,0.63,10.4,1.98,108.8,127.4,6.0,40,-43.7544,172.9415,2,8,1,0,14,0,Alongshore,Alongshore,Offshore,22.6,0.0
1375,Duvauchelle Bay by camping ground,2017-03-06 10:00:00,Akaroa,0.0,0.0,0.0,0.0,0.0,0.0,incoming,shallow,muddy,3,grass,1,0,0,0.0,0.0,0.49,0.47,0.45,0.25,2.09,134.4,36.2,29.7,40,-43.7544,172.9415,3,10,0,0,10,0,Alongshore,Offshore,Offshore,22.6,0.0
1376,Duvauchelle Bay by camping ground,2017-11-14 11:00:00,Akaroa,0.0,0.0,0.0,0.0,0.0,1.2,incoming,shallow,muddy,3,grass,1,0,0,0.0,0.0,1.21,0.31,0.29,1.3,2.19,168.0,269.6,283.8,40,-43.7544,172.9415,11,46,1,0,11,0,Alongshore,Alongshore,Alongshore,,0.0
1377,Duvauchelle Bay by camping ground,2017-11-29 12:00:00,Akaroa,0.0,0.0,0.0,0.0,0.0,0.0,ebbing,shallow,muddy,3,grass,1,0,0,0.0,0.0,0.64,0.3,0.75,12.08,2.05,189.0,181.5,312.6,40,-43.7544,172.9415,11,48,2,0,12,0,Onshore,Onshore,Alongshore,10.0,0.0
1378,Duvauchelle Bay by camping ground,2017-12-06 06:00:00,Akaroa,0.0,0.0,0.0,0.0,0.0,0.0,ebbing,shallow,muddy,3,grass,1,0,0,0.0,0.0,2.07,2.97,2.91,11.5,2.28,24.7,27.6,22.9,40,-43.7544,172.9415,12,49,2,0,6,0,Offshore,Offshore,Offshore,10.0,0.0
1379,Duvauchelle Bay by camping ground,2017-12-13 13:00:00,Akaroa,0.0,0.2,5.6,5.6,6.6,6.6,ebbing,shallow,muddy,3,grass,1,0,0,3.4,7.0,0.79,0.45,0.62,12.17,2.1,151.8,140.1,109.7,40,-43.7544,172.9415,12,50,2,0,13,0,Alongshore,Alongshore,Alongshore,10.0,0.0
1380,Duvauchelle Bay by camping ground,2017-12-21 07:00:00,Akaroa,0.0,0.0,0.0,0.0,0.0,0.0,ebbing,shallow,muddy,3,grass,1,0,0,0.0,0.0,0.97,1.85,2.06,11.47,1.86,233.2,230.6,288.3,40,-43.7544,172.9415,12,51,3,0,7,1,Onshore,Onshore,Alongshore,10.0,0.0
1381,Duvauchelle Bay by camping ground,2017-12-27 08:00:00,Akaroa,0.0,0.0,0.0,0.4,7.8,7.8,incoming,shallow,muddy,3,grass,1,0,0,2.6,10.0,3.44,2.77,2.15,1.95,2.01,194.7,215.4,221.2,40,-43.7544,172.9415,12,52,2,0,8,1,Onshore,Onshore,Onshore,12.0,0.0
1382,Duvauchelle Bay by camping ground,2018-01-10 11:00:00,Akaroa,1.4,1.4,2.6,7.0,7.0,7.0,incoming,shallow,muddy,3,grass,1,0,0,1.2,13.0,1.36,0.59,0.73,0.13,2.07,79.6,155.2,217.8,40,-43.7544,172.9415,1,2,2,0,11,0,Offshore,Alongshore,Onshore,12.0,0.0
1383,Duvauchelle Bay by camping ground,2018-01-15 13:00:00,Akaroa,0.0,0.0,0.0,0.0,0.0,0.0,incoming,shallow,muddy,3,grass,1,0,0,0.0,0.0,2.18,1.31,0.79,1.57,1.92,55.3,40.5,14.6,40,-43.7544,172.9415,1,3,0,0,13,0,Offshore,Offshore,Offshore,41.2,0.0
1384,Duvauchelle Bay by camping ground,2018-01-24 09:00:00,Akaroa,0.0,0.0,0.0,0.0,0.0,0.0,incoming,shallow,muddy,3,grass,1,0,0,0.0,0.0,1.04,0.8,0.4,0.02,2.02,56.0,1.9,321.8,40,-43.7544,172.9415,1,4,2,0,9,0,Offshore,Offshore,Alongshore,41.2,0.0
1385,Duvauchelle Bay by camping ground,2018-01-29 13:00:00,Akaroa,0.0,0.0,0.0,0.0,0.0,0.0,incoming,shallow,muddy,3,grass,1,0,0,0.0,0.0,1.22,0.38,0.4,0.5,2.19,134.9,105.1,354.9,40,-43.7544,172.9415,1,5,0,0,13,0,Alongshore,Alongshore,Alongshore,41.2,0.0
1386,Duvauchelle Bay by camping ground,2018-02-09 11:00:00,Akaroa,0.0,0.0,0.0,0.0,0.0,0.0,incoming,shallow,muddy,3,grass,1,0,0,0.0,0.0,1.61,0.41,0.61,0.6,1.92,157.3,68.4,16.4,40,-43.7544,172.9415,2,6,4,0,11,1,Alongshore,Offshore,Offshore,39.2,0.0
1387,Duvauchelle Bay by camping ground,2018-02-14 14:00:00,Akaroa,0.0,0.0,0.0,0.0,0.0,0.0,incoming,shallow,muddy,3,grass,1,0,0,0.0,0.0,1.04,0.22,0.21,1.58,1.92,75.7,123.5,219.7,40,-43.7544,172.9415,2,7,2,0,14,0,Offshore,Alongshore,Onshore,39.2,0.0
1388,Duvauchelle Bay by camping ground,2018-02-23 10:00:00,Akaroa,0.0,0.0,0.0,0.0,1.8,72.8,ebbing,shallow,muddy,3,grass,1,0,0,0.6,5.0,0.99,0.38,0.67,12.37,2.13,179.9,270.1,245.3,40,-43.7544,172.9415,2,8,4,0,10,0,Onshore,Alongshore,Onshore,10.0,0.0
1389,Duvauchelle Bay by camping ground,2018-03-09 11:00:00,Akaroa,0.0,0.0,0.0,2.8,2.8,2.8,ebbing,shallow,muddy,3,grass,1,0,0,1.0,4.0,2.18,1.68,0.95,11.05,2.01,139.8,161.1,175.2,40,-43.7544,172.9415,3,10,4,0,11,0,Alongshore,Alongshore,Onshore,12.0,0.0
1390,Duvauchelle Bay by camping ground,2018-03-21 07:00:00,Akaroa,0.0,0.0,0.0,0.0,0.0,0.0,ebbing,shallow,muddy,3,grass,1,0,0,0.0,0.0,1.0,1.6,2.0,11.47,2.16,223.2,247.3,270.0,40,-43.7544,172.9415,3,12,2,0,7,0,Onshore,Onshore,Alongshore,12.0,0.0
1391,Duvauchelle Bay by camping ground,2018-11-14 09:00:00,Akaroa,0.0,0.0,0.0,0.0,0.0,0.0,ebbing,shallow,muddy,3,grass,1,0,0,0.0,0.0,1.73,1.11,0.52,11.83,1.83,41.2,355.7,337.4,40,-43.7544,172.9415,11,46,2,0,9,0,Offshore,Offshore,Alongshore,,0.0
1392,Duvauchelle Bay by camping ground,2018-11-19 13:00:00,Akaroa,0.0,2.8,3.0,3.6,31.6,31.6,ebbing,shallow,muddy,3,grass,1,0,0,12.4,15.0,0.92,0.9,1.24,12.5,1.97,97.2,117.8,196.8,40,-43.7544,172.9415,11,47,0,0,13,0,Alongshore,Alongshore,Onshore,10.0,0.0
1393,Duvauchelle Bay by camping ground,2018-11-29 10:00:00,Akaroa,0.0,0.0,0.0,0.0,3.4,21.8,ebbing,shallow,muddy,3,grass,1,0,0,0.8,9.0,1.87,1.64,1.54,11.7,2.1,58.8,56.4,57.9,40,-43.7544,172.9415,11,48,3,0,10,0,Offshore,Offshore,Offshore,15.0,0.0
1394,Duvauchelle Bay by camping ground,2018-12-03 12:00:00,Akaroa,0.0,0.0,0.6,3.0,5.6,6.2,incoming,shallow,muddy,3,grass,1,0,0,0.6,20.0,1.12,0.25,0.69,0.05,2.2,131.8,84.5,49.5,40,-43.7544,172.9415,12,49,0,0,12,0,Alongshore,Offshore,Offshore,13.333333333333334,0.0
1395,Duvauchelle Bay by camping ground,2018-12-11 08:00:00,Akaroa,1.0,1.6,1.6,1.6,1.6,1.6,ebbing,shallow,muddy,3,grass,1,0,0,0.4,5.0,2.15,1.94,1.92,11.07,1.89,47.6,42.9,43.7,40,-43.7544,172.9415,12,50,1,0,8,0,Offshore,Offshore,Offshore,23.0,0.0
1396,Duvauchelle Bay by camping ground,2018-12-17 11:00:00,Akaroa,0.0,0.0,0.0,0.0,0.0,0.0,ebbing,shallow,muddy,3,grass,1,0,0,0.0,0.0,0.51,0.44,0.3,12.25,1.91,144.1,175.4,309.5,40,-43.7544,172.9415,12,51,0,0,11,0,Alongshore,Onshore,Alongshore,20.4,0.0
1397,Duvauchelle Bay by camping ground,2018-12-28 09:00:00,Akaroa,0.0,0.0,0.0,0.0,0.0,0.0,ebbing,shallow,muddy,3,grass,1,0,0,0.0,0.0,2.74,2.46,1.82,12.17,2.18,27.3,36.3,38.9,40,-43.7544,172.9415,12,52,4,0,9,1,Offshore,Offshore,Offshore,20.4,0.0
1398,Duvauchelle Bay by camping ground,2019-01-09 07:00:00,Akaroa,0.0,0.0,0.0,0.0,0.0,5.2,ebbing,shallow,muddy,3,grass,1,0,0,0.0,0.0,3.1,2.56,1.63,11.43,1.9,358.9,3.1,18.5,40,-43.7544,172.9415,1,2,2,0,7,0,Offshore,Offshore,Offshore,20.4,0.0
1399,Duvauchelle Bay by camping ground,2019-01-14 11:00:00,Akaroa,0.0,0.0,0.0,33.4,33.6,33.6,ebbing,shallow,muddy,3,grass,1,0,0,15.0,8.0,2.89,2.28,2.12,11.37,1.87,208.9,212.3,214.5,40,-43.7544,172.9415,1,3,0,0,11,0,Onshore,Onshore,Onshore,20.4,0.0
1400,Duvauchelle Bay by camping ground,2019-01-16 11:00:00,Akaroa,0.0,0.0,0.0,0.0,0.0,33.4,incoming,shallow,muddy,3,grass,1,0,0,0.0,0.0,1.59,0.69,0.93,0.07,1.92,116.0,41.5,351.1,40,-43.7544,172.9415,1,3,2,0,11,0,Alongshore,Offshore,Alongshore,554.0,0.1
1401,Duvauchelle Bay by camping ground,2019-01-25 07:00:00,Akaroa,0.0,0.0,0.0,0.0,4.0,9.4,ebbing,shallow,muddy,3,grass,1,0,0,4.0,1.0,1.02,1.76,1.39,12.07,2.28,62.2,48.8,13.8,40,-43.7544,172.9415,1,4,4,0,7,0,Offshore,Offshore,Offshore,554.0,0.09090909090909091
1402,Duvauchelle Bay by camping ground,2019-01-30 10:00:00,Akaroa,0.0,0.0,0.0,0.0,0.0,0.0,incoming,shallow,muddy,3,grass,1,0,0,0.0,0.0,0.77,0.12,0.59,1.33,2.0,183.8,231.7,285.6,40,-43.7544,172.9415,1,5,2,0,10,0,Onshore,Onshore,Alongshore,554.0,0.08333333333333333
1403,Duvauchelle Bay by camping ground,2019-02-08 07:00:00,Akaroa,0.0,0.0,0.0,0.0,0.0,0.0,ebbing,shallow,muddy,3,grass,1,0,0,0.0,0.0,2.52,2.57,2.56,11.9,1.9,21.4,23.4,19.3,40,-43.7544,172.9415,2,6,4,0,7,1,Offshore,Offshore,Offshore,552.0,0.07692307692307693
1404,Duvauchelle Bay by camping ground,2019-02-13 10:00:00,Akaroa,0.0,0.0,0.4,0.4,0.4,0.4,ebbing,shallow,muddy,3,grass,1,0,0,0.4,1.0,1.51,1.0,0.4,12.4,1.99,68.0,12.0,349.4,40,-43.7544,172.9415,2,7,2,0,10,0,Offshore,Offshore,Alongshore,552.0,0.07142857142857142
1405,Duvauchelle Bay by camping ground,2019-02-18 13:00:00,Akaroa,0.0,0.0,0.0,0.0,0.0,0.8,incoming,shallow,muddy,3,grass,1,0,0,0.0,0.0,0.4,0.41,0.3,1.92,2.23,127.5,135.8,2.8,40,-43.7544,172.9415,2,8,0,0,13,0,Alongshore,Alongshore,Offshore,10.0,0.06666666666666667
1406,Duvauchelle Bay by camping ground,2019-02-25 09:00:00,Akaroa,0.0,0.0,0.0,1.8,22.2,22.2,ebbing,shallow,muddy,3,grass,1,0,0,8.2,13.0,1.37,0.74,0.06,11.68,2.19,172.7,248.1,230.0,40,-43.7544,172.9415,2,9,0,0,9,0,Alongshore,Onshore,Onshore,10.0,0.0625
1407,Duvauchelle Bay by camping ground,2019-11-18 08:00:00,Akaroa,0.0,0.0,2.0,2.0,2.0,2.0,incoming,shallow,muddy,3,grass,1,0,0,2.0,1.0,1.01,0.41,0.75,0.28,2.18,82.3,228.0,217.7,40,-43.7544,172.9415,11,47,0,0,8,0,Offshore,Onshore,Onshore,,0.0
1408,Duvauchelle Bay by camping ground,2019-12-05 10:00:00,Akaroa,0.0,0.0,0.0,0.0,0.0,0.0,incoming,shallow,muddy,3,grass,1,0,0,0.0,0.0,2.75,2.08,1.4,0.82,2.0,49.1,31.3,24.1,40,-43.7544,172.9415,12,49,3,0,10,0,Offshore,Offshore,Offshore,10.0,0.0
1409,Duvauchelle Bay by camping ground,2019-12-11 13:00:00,Akaroa,0.0,0.0,0.0,0.0,0.0,0.2,incoming,shallow,muddy,3,grass,1,0,0,0.0,0.0,0.35,0.15,0.42,1.92,1.96,184.0,168.4,235.2,40,-43.7544,172.9415,12,50,2,0,13,0,Onshore,Alongshore,Onshore,10.0,0.0
1410,Duvauchelle Bay by camping ground,2019-12-18 11:00:00,Akaroa,0.0,0.0,0.0,24.2,46.4,46.4,ebbing,shallow,muddy,3,grass,1,0,0,5.0,24.0,3.15,0.93,0.62,10.55,2.07,120.0,200.4,224.2,40,-43.7544,172.9415,12,51,2,0,11,0,Alongshore,Onshore,Onshore,10.0,0.0
1411,Duvauchelle Bay by camping ground,2019-12-20 10:00:00,Akaroa,0.0,0.0,0.0,0.0,0.0,26.4,incoming,shallow,muddy,3,grass,1,0,0,0.0,0.0,5.12,4.01,3.69,0.2,2.24,214.6,219.6,226.6,40,-43.7544,172.9415,12,51,4,0,10,1,Onshore,Onshore,Onshore,86.0,0.2
1412,Duvauchelle Bay by camping ground,2020-01-03 09:00:00,Akaroa,6.4,16.0,18.2,18.2,18.2,18.2,incoming,shallow,muddy,3,grass,1,0,0,4.0,7.0,1.41,0.26,0.12,0.58,1.95,98.7,355.0,138.5,40,-43.7544,172.9415,1,1,4,0,9,1,Alongshore,Alongshore,Alongshore,70.8,0.16666666666666666
1413,Duvauchelle Bay by camping ground,2020-01-08 14:00:00,Akaroa,0.0,0.0,0.0,0.0,1.8,2.0,ebbing,shallow,muddy,3,grass,1,0,0,0.8,3.0,0.39,0.38,0.5,12.37,2.14,141.7,131.4,322.1,40,-43.7544,172.9415,1,2,2,0,14,0,Alongshore,Alongshore,Alongshore,70.8,0.14285714285714285
1414,Duvauchelle Bay by camping ground,2020-01-16 10:00:00,Akaroa,0.0,0.0,0.0,0.0,0.0,0.0,ebbing,shallow,muddy,3,grass,1,0,0,0.0,0.0,2.06,1.7,1.22,10.72,2.17,48.4,40.2,34.5,40,-43.7544,172.9415,1,3,3,0,10,0,Offshore,Offshore,Offshore,70.8,0.125
1415,Duvauchelle Bay by camping ground,2020-01-22 12:00:00,Akaroa,0.0,0.0,0.0,0.0,0.0,0.0,incoming,shallow,muddy,3,grass,1,0,0,0.0,0.0,0.45,0.33,0.45,2.02,2.03,158.7,145.5,322.4,40,-43.7544,172.9415,1,4,2,0,12,0,Alongshore,Alongshore,Alongshore,70.8,0.1111111111111111
1416,Duvauchelle Bay by camping ground,2020-01-30 08:00:00,Akaroa,0.0,0.0,0.0,0.0,0.0,0.0,ebbing,shallow,muddy,3,grass,1,0,0,0.0,0.0,2.45,2.22,0.97,11.68,1.89,21.7,4.7,12.0,40,-43.7544,172.9415,1,5,3,0,8,0,Offshore,Offshore,Offshore,10.0,0.1
1417,Duvauchelle Bay by camping ground,2020-02-04 12:00:00,Akaroa,11.0,12.0,12.0,12.0,12.0,12.0,incoming,shallow,muddy,3,grass,1,0,0,6.0,5.0,2.31,4.18,6.43,0.03,1.82,227.7,234.6,257.9,40,-43.7544,172.9415,2,6,1,0,12,1,Onshore,Onshore,Onshore,10.0,0.09090909090909091
1418,Duvauchelle Bay by camping ground,2020-02-12 07:00:00,Akaroa,0.0,0.0,0.0,0.0,0.0,0.0,ebbing,shallow,muddy,3,grass,1,0,0,0.0,0.0,1.98,1.93,1.13,11.55,2.3,1.5,346.9,343.2,40,-43.7544,172.9415,2,7,2,0,7,0,Offshore,Alongshore,Alongshore,10.0,0.08333333333333333
1419,Duvauchelle Bay by camping ground,2020-02-20 11:00:00,Akaroa,0.0,0.0,0.0,0.0,0.0,0.0,incoming,shallow,muddy,3,grass,1,0,0,0.0,0.0,2.17,1.6,1.62,2.25,1.96,14.9,22.5,29.0,40,-43.7544,172.9415,2,8,3,0,11,0,Offshore,Offshore,Offshore,10.0,0.07692307692307693
1420,Duvauchelle Bay by camping ground,2020-02-28 09:00:00,Akaroa,0.0,0.0,0.0,0.0,0.0,0.0,ebbing,shallow,muddy,3,grass,1,0,0,0.0,0.0,4.48,4.6,4.67,10.02,1.91,11.5,9.9,11.3,40,-43.7544,172.9415,2,9,4,0,9,0,Offshore,Offshore,Offshore,10.0,0.07142857142857142
1421,Duvauchelle Bay by camping ground,2020-03-04 11:00:00,Akaroa,0.0,0.0,0.0,1.2,1.8,1.8,incoming,shallow,muddy,3,grass,1,0,0,0.6,6.0,1.74,0.59,0.19,0.13,1.8,252.3,173.8,210.5,40,-43.7544,172.9415,3,10,2,0,11,0,Onshore,Alongshore,Onshore,10.0,0.06666666666666667
1422,Duvauchelle Bay by camping ground,2020-03-17 10:00:00,Akaroa,0.0,0.0,0.0,0.0,0.0,0.0,incoming,shallow,muddy,3,grass,1,0,0,0.0,0.0,1.82,0.92,0.27,0.18,1.99,154.1,202.4,214.3,40,-43.7544,172.9415,3,12,1,0,10,0,Alongshore,Onshore,Onshore,10.0,0.0625
1423,Duvauchelle Bay by camping ground,2020-11-10 12:00:00,Akaroa,0.0,0.0,0.0,0.0,0.4,67.0,ebbing,shallow,muddy,3,grass,1,0,0,0.4,1.0,0.87,0.27,0.17,11.98,2.02,112.7,116.7,122.7,40,-43.7544,172.9415,11,46,1,0,12,0,Alongshore,Alongshore,Alongshore,,0.0
1424,Duvauchelle Bay by camping ground,2020-11-23 11:00:00,Akaroa,0.0,0.0,0.0,0.0,11.6,13.6,ebbing,shallow,muddy,3,grass,1,0,0,4.2,6.0,0.37,0.7,0.52,12.4,1.95,75.9,51.8,247.3,40,-43.7544,172.9415,11,48,0,0,11,0,Offshore,Offshore,Onshore,10.0,0.0
1425,Duvauchelle Bay by camping ground,2020-12-03 07:00:00,Akaroa,0.0,0.0,0.0,0.0,0.0,0.0,ebbing,shallow,muddy,3,grass,1,0,0,0.0,0.0,0.48,2.25,2.4,10.98,1.82,38.3,42.0,291.8,40,-43.7544,172.9415,12,49,3,0,7,0,Offshore,Offshore,Alongshore,10.0,0.0
1426,Duvauchelle Bay by camping ground,2020-12-10 12:00:00,Akaroa,0.0,0.0,0.0,0.0,0.0,0.0,ebbing,shallow,muddy,3,grass,1,0,0,0.0,0.0,0.9,0.46,0.64,12.55,2.19,114.6,68.7,301.1,40,-43.7544,172.9415,12,50,3,0,12,0,Alongshore,Offshore,Alongshore,16.666666666666668,0.0
1427,Duvauchelle Bay by camping ground,2020-12-17 07:00:00,Akaroa,0.0,0.0,0.0,0.0,0.0,0.0,ebbing,shallow,muddy,3,grass,1,0,0,0.0,0.0,1.19,0.66,0.54,11.48,2.13,341.1,57.1,107.1,40,-43.7544,172.9415,12,51,3,0,7,0,Alongshore,Offshore,Alongshore,20.25,0.0
1428,Duvauchelle Bay by camping ground,2020-12-22 10:00:00,Akaroa,0.0,0.0,0.0,3.8,8.2,11.4,incoming,shallow,muddy,3,grass,1,0,0,2.0,12.0,1.16,0.47,0.23,0.03,2.06,140.8,311.3,294.7,40,-43.7544,172.9415,12,52,1,0,10,1,Alongshore,Alongshore,Alongshore,18.2,0.0
1429,Duvauchelle Bay by camping ground,2020-12-29 14:00:00,Akaroa,0.0,0.0,0.0,0.0,0.0,11.4,incoming,shallow,muddy,3,grass,1,0,0,0.0,0.0,1.61,1.18,1.15,1.53,1.87,63.6,58.5,48.5,40,-43.7544,172.9415,12,53,1,0,14,1,Offshore,Offshore,Offshore,35.6,0.0
1430,Duvauchelle Bay by camping ground,2021-01-11 12:00:00,Akaroa,0.0,0.0,0.0,0.0,0.4,1.6,incoming,shallow,muddy,3,grass,1,0,0,0.2,2.0,1.19,0.86,0.69,2.18,2.14,70.0,48.6,76.9,40,-43.7544,172.9415,1,2,0,0,12,0,Offshore,Offshore,Offshore,35.6,0.0
1431,Duvauchelle Bay by camping ground,2021-01-19 09:00:00,Akaroa,0.0,0.0,0.0,0.0,2.6,2.6,ebbing,shallow,muddy,3,grass,1,0,0,2.4,2.0,5.29,5.54,5.28,11.78,1.95,341.6,332.8,347.1,40,-43.7544,172.9415,1,3,1,0,9,0,Alongshore,Alongshore,Alongshore,31.6,0.0
1432,Duvauchelle Bay by camping ground,2021-01-26 12:00:00,Akaroa,0.0,0.0,0.0,0.0,0.0,0.0,incoming,shallow,muddy,3,grass,1,0,0,0.0,0.0,1.28,0.41,0.69,2.52,1.84,98.8,33.9,356.9,40,-43.7544,172.9415,1,4,1,0,12,0,Alongshore,Offshore,Offshore,27.4,0.0
1433,Duvauchelle Bay by camping ground,2021-02-03 10:00:00,Akaroa,0.0,0.0,0.0,0.0,0.0,0.0,ebbing,shallow,muddy,3,grass,1,0,0,0.0,0.0,2.32,2.8,2.87,10.62,2.14,224.5,229.3,243.5,40,-43.7544,172.9415,2,5,2,0,10,1,Onshore,Onshore,Onshore,27.4,0.0
1434,Duvauchelle Bay by camping ground,2021-02-09 14:00:00,Akaroa,3.4,3.4,3.4,3.4,3.4,3.4,incoming,shallow,muddy,3,grass,1,0,0,2.0,3.0,0.36,0.51,0.24,0.28,2.06,59.0,61.7,63.5,40,-43.7544,172.9415,2,6,1,0,14,1,Offshore,Offshore,Offshore,10.0,0.0
1435,Duvauchelle Bay by camping ground,2021-02-17 09:00:00,Akaroa,0.0,0.0,0.0,0.0,5.0,5.2,ebbing,shallow,muddy,3,grass,1,0,0,1.4,8.0,1.4,0.98,0.4,10.9,1.95,140.4,246.8,259.8,40,-43.7544,172.9415,2,7,2,0,9,0,Alongshore,Onshore,Onshore,10.0,0.0
1436,Duvauchelle Bay by camping ground,2021-02-23 15:00:00,Akaroa,0.0,0.0,0.0,0.0,0.0,0.0,ebbing,shallow,muddy,3,grass,1,0,0,0.0,0.0,2.63,3.38,3.06,10.15,2.05,20.0,11.8,14.2,40,-43.7544,172.9415,2,8,1,0,15,0,Offshore,Offshore,Offshore,10.0,0.0
1437,Duvauchelle Bay by camping ground,2021-03-04 10:00:00,Akaroa,0.0,1.0,4.0,4.0,4.0,4.0,ebbing,shallow,muddy,3,grass,1,0,0,2.0,3.0,1.79,1.47,0.65,10.63,2.25,120.5,109.7,116.9,40,-43.7544,172.9415,3,9,3,0,10,0,Alongshore,Alongshore,Alongshore,10.0,0.0
1438,Duvauchelle Bay by camping ground,2021-11-26 09:00:00,Akaroa,0.0,0.0,0.0,0.0,0.0,0.0,ebbing,shallow,muddy,3,grass,1,0,0,0.0,0.0,0.9,0.3,0.28,12.45,1.73,75.2,42.7,311.2,40,-43.7544,172.9415,11,47,4,0,9,0,Offshore,Offshore,Alongshore,,0.0
1439,Duvauchelle Bay by camping ground,2021-12-02 14:00:00,Akaroa,0.0,0.0,0.0,0.0,0.0,0.0,ebbing,shallow,muddy,3,grass,1,0,0,0.0,0.0,2.27,1.91,1.61,12.42,2.35,23.8,30.2,33.0,40,-43.7544,172.9415,12,48,3,0,14,0,Offshore,Offshore,Offshore,10.0,0.0
1440,Duvauchelle Bay by camping ground,2021-12-09 08:00:00,Akaroa,0.0,0.0,0.0,0.0,0.0,4.6,ebbing,shallow,muddy,3,grass,1,0,0,0.0,0.0,1.25,0.8,0.6,12.2,2.09,13.8,331.9,305.5,40,-43.7544,172.9415,12,49,3,0,8,0,Offshore,Alongshore,Alongshore,10.0,0.0
1441,Duvauchelle Bay by camping ground,2021-12-15 13:00:00,Akaroa,1.0,13.0,63.4,80.6,80.6,80.6,incoming,shallow,muddy,3,grass,1,0,0,12.8,22.0,1.84,2.69,2.95,0.33,1.97,215.4,215.8,222.2,40,-43.7544,172.9415,12,50,2,0,13,0,Onshore,Onshore,Onshore,10.0,0.0
1442,Duvauchelle Bay by camping ground,2021-12-20 12:00:00,Akaroa,0.0,0.0,0.0,0.0,0.0,0.2,incoming,shallow,muddy,3,grass,1,0,0,0.0,0.0,3.03,1.45,0.47,5.03,1.84,70.2,5.7,2.6,40,-43.7544,172.9415,12,51,0,0,12,1,Offshore,Offshore,Offshore,47.0,0.0
1443,Duvauchelle Bay by camping ground,2021-12-23 07:00:00,Akaroa,0.0,0.0,0.0,0.0,0.0,0.0,ebbing,shallow,muddy,3,grass,1,0,0,0.0,0.0,2.21,2.45,2.2,11.95,1.78,355.5,18.2,42.3,40,-43.7544,172.9415,12,51,3,0,7,1,Offshore,Offshore,Offshore,39.6,0.0
1444,Duvauchelle Bay by camping ground,2021-12-30 12:00:00,Akaroa,0.0,0.0,0.0,0.0,0.0,4.4,incoming,shallow,muddy,3,grass,1,0,0,0.0,0.0,1.5,2.31,0.91,0.55,2.11,187.1,149.1,168.2,40,-43.7544,172.9415,12,52,3,0,12,1,Onshore,Alongshore,Alongshore,43.8,0.0
1445,Duvauchelle Bay by camping ground,2022-01-07 07:00:00,Akaroa,0.0,0.0,0.0,0.0,0.4,0.4,incoming,shallow,muddy,3,grass,1,0,0,0.2,2.0,3.48,3.14,2.78,0.15,2.38,236.4,234.4,227.8,40,-43.7544,172.9415,1,1,4,0,7,0,Onshore,Onshore,Onshore,58.8,0.0
1446,Duvauchelle Bay by camping ground,2022-01-12 11:00:00,Akaroa,0.0,3.6,4.8,4.8,4.8,4.8,incoming,shallow,muddy,3,grass,1,0,0,2.0,4.0,0.87,1.57,1.56,0.58,1.92,164.7,170.9,153.3,40,-43.7544,172.9415,1,2,2,0,11,0,Alongshore,Alongshore,Alongshore,58.8,0.0
1447,Duvauchelle Bay by camping ground,2022-01-20 05:00:00,Akaroa,0.0,0.0,1.8,12.4,12.4,12.4,ebbing,shallow,muddy,3,grass,1,0,0,2.0,13.0,2.93,2.95,2.21,12.38,1.87,226.0,229.9,225.0,40,-43.7544,172.9415,1,3,3,0,5,0,Onshore,Onshore,Onshore,29.2,0.0
1448,Duvauchelle Bay by camping ground,2022-01-24 11:00:00,Akaroa,0.0,0.0,0.0,0.0,0.4,0.4,ebbing,shallow,muddy,3,grass,1,0,0,0.2,2.0,1.58,1.23,0.8,9.6,1.98,51.9,47.0,26.0,40,-43.7544,172.9415,1,4,0,0,11,0,Offshore,Offshore,Offshore,67.4,0.0
1449,Duvauchelle Bay by camping ground,2022-01-26 10:00:00,Akaroa,4.8,6.4,6.4,6.4,6.4,6.4,incoming,shallow,muddy,3,grass,1,0,0,2.6,4.0,0.69,1.44,3.87,0.38,2.03,183.5,199.6,259.2,40,-43.7544,172.9415,1,4,2,0,10,0,Onshore,Onshore,Onshore,63.2,0.0
1450,Duvauchelle Bay by camping ground,2022-02-01 15:00:00,Akaroa,0.0,0.0,0.0,0.0,0.0,0.0,incoming,shallow,muddy,3,grass,1,0,0,0.0,0.0,0.75,0.75,0.99,0.88,2.21,15.5,40.0,13.1,40,-43.7544,172.9415,2,5,1,0,15,1,Offshore,Offshore,Offshore,48.2,0.0
1451,Duvauchelle Bay by camping ground,2022-02-10 11:00:00,Akaroa,0.0,0.0,0.0,8.0,17.6,17.6,incoming,shallow,muddy,3,grass,1,0,0,2.4,15.0,0.44,0.37,0.25,0.27,1.83,114.6,67.1,321.1,40,-43.7544,172.9415,2,6,3,0,11,0,Alongshore,Offshore,Alongshore,48.2,0.0
1452,Duvauchelle Bay by camping ground,2022-02-15 15:00:00,Akaroa,0.0,0.0,0.0,0.0,0.0,27.2,ebbing,shallow,muddy,3,grass,1,0,0,0.0,0.0,0.54,0.59,0.5,12.03,2.14,106.7,128.6,15.7,40,-43.7544,172.9415,2,7,1,0,15,0,Alongshore,Alongshore,Offshore,214.0,0.06666666666666667
1453,Duvauchelle Bay by camping ground,2022-02-24 10:00:00,Akaroa,0.0,0.0,0.0,0.0,0.0,0.0,ebbing,shallow,muddy,3,grass,1,0,0,0.0,0.0,2.29,1.81,1.33,12.02,2.15,39.9,36.6,33.1,40,-43.7544,172.9415,2,8,3,0,10,0,Offshore,Offshore,Offshore,175.8,0.0625
1454,Duvauchelle Bay by camping ground,2022-03-10 11:00:00,Akaroa,0.0,0.0,0.0,0.0,0.0,0.0,ebbing,shallow,muddy,3,grass,1,0,0,0.0,0.0,1.22,0.42,0.27,11.45,1.94,135.0,58.3,20.0,40,-43.7544,172.9415,3,10,3,0,11,0,Alongshore,Offshore,Offshore,175.8,0.058823529411764705
1455,Duvauchelle Bay by camping ground,2022-11-17 11:00:00,Akaroa,0.0,0.0,0.0,0.0,0.0,0.0,ebbing,shallow,muddy,3,grass,1,0,0,0.0,0.0,0.9,0.29,0.1,12.43,1.77,124.7,14.0,307.9,40,-43.7544,172.9415,11,46,3,0,11,0,Alongshore,Offshore,Alongshore,,0.0
1456,Duvauchelle Bay by camping ground,2022-12-01 10:00:00,Akaroa,0.6,0.6,0.6,0.6,1.4,1.4,ebbing,shallow,muddy,3,grass,1,0,0,0.6,5.0,0.74,1.08,0.7,12.33,2.08,72.7,78.3,234.9,40,-43.7544,172.9415,12,48,3,0,10,0,Offshore,Offshore,Onshore,10.0,0.0
1457,Duvauchelle Bay by camping ground,2022-12-07 14:00:00,Akaroa,0.0,0.0,0.0,0.0,0.0,0.0,incoming,shallow,muddy,3,grass,1,0,0,0.0,0.0,2.78,2.7,2.25,0.77,1.98,31.1,31.2,35.9,40,-43.7544,172.9415,12,49,2,0,14,0,Offshore,Offshore,Offshore,10.0,0.0
1458,Duvauchelle Bay by camping ground,2022-12-15 08:00:00,Akaroa,0.0,0.0,0.0,0.0,0.0,0.0,incoming,shallow,muddy,3,grass,1,0,0,0.0,0.0,1.55,1.06,1.41,0.62,1.96,353.3,341.2,9.7,40,-43.7544,172.9415,12,50,3,0,8,0,Alongshore,Alongshore,Offshore,10.0,0.0
1459,Duvauchelle Bay by camping ground,2022-12-20 12:00:00,Akaroa,0.0,0.0,0.0,0.4,0.4,3.0,incoming,shallow,muddy,3,grass,1,0,0,0.2,2.0,1.57,0.67,0.03,0.52,2.01,330.5,79.7,84.8,40,-43.7544,172.9415,12,51,1,0,12,1,Alongshore,Offshore,Offshore,10.0,0.0
1460,Duvauchelle Bay by camping ground,2022-12-28 07:00:00,Akaroa,0.0,0.0,0.0,0.0,0.6,0.6,incoming,shallow,muddy,3,grass,1,0,0,0.6,1.0,2.1,2.22,2.15,1.02,2.42,14.5,10.9,10.0,40,-43.7544,172.9415,12,52,2,0,7,1,Offshore,Offshore,Offshore,12.0,0.0
1461,Duvauchelle Bay by camping ground,2023-01-10 06:00:00,Akaroa,0.0,0.0,0.0,0.0,0.0,0.0,incoming,shallow,muddy,3,grass,1,0,0,0.0,0.0,3.25,3.72,3.51,0.38,2.11,18.9,16.1,21.3,40,-43.7544,172.9415,1,2,1,0,6,0,Offshore,Offshore,Offshore,12.0,0.0
1462,Duvauchelle Bay by camping ground,2023-01-18 12:00:00,Akaroa,0.0,0.0,0.0,0.0,0.0,0.0,incoming,shallow,muddy,3,grass,1,0,0,0.0,0.0,1.87,1.39,1.5,0.5,1.97,38.9,30.0,30.5,40,-43.7544,172.9415,1,3,2,0,12,0,Offshore,Offshore,Offshore,12.0,0.0
1463,Duvauchelle Bay by camping ground,2023-01-27 09:00:00,Akaroa,2.6,2.6,2.6,2.6,2.6,2.6,ebbing,shallow,muddy,3,grass,1,0,0,1.4,3.0,1.65,3.35,2.29,11.87,2.16,148.9,144.4,156.4,40,-43.7544,172.9415,1,4,4,0,9,0,Alongshore,Alongshore,Alongshore,14.0,0.0
1464,Duvauchelle Bay by camping ground,2023-02-01 13:00:00,Akaroa,0.0,0.0,0.0,0.0,0.0,0.0,ebbing,shallow,muddy,3,grass,1,0,0,0.0,0.0,2.24,2.18,2.61,12.22,2.06,25.8,22.5,21.8,40,-43.7544,172.9415,2,5,2,0,13,1,Offshore,Offshore,Offshore,14.0,0.0
1465,Duvauchelle Bay by camping ground,2023-02-15 11:00:00,Akaroa,15.2,43.2,62.2,118.4,130.4,130.6,incoming,shallow,muddy,3,grass,1,0,0,10.2,35.0,3.9,3.7,3.72,0.42,1.9,194.4,197.9,200.5,40,-43.7544,172.9415,2,7,2,0,11,0,Onshore,Onshore,Onshore,12.0,0.0
1466,Duvauchelle Bay by camping ground,2023-02-17 13:00:00,Akaroa,0.0,0.0,0.0,0.4,1.2,118.8,ebbing,shallow,muddy,3,grass,1,0,0,0.4,4.0,1.26,0.2,0.15,12.37,2.36,187.2,158.4,234.7,40,-43.7544,172.9415,2,7,4,0,13,0,Onshore,Alongshore,Onshore,592.0,0.08333333333333333
1467,Duvauchelle Bay by camping ground,2023-02-20 15:00:00,Akaroa,0.0,0.0,0.0,0.0,0.0,0.0,incoming,shallow,muddy,3,grass,1,0,0,0.0,0.0,0.35,0.13,0.04,0.98,2.28,173.8,210.4,349.1,40,-43.7544,172.9415,2,8,0,0,15,0,Alongshore,Onshore,Alongshore,592.0,0.07692307692307693
1468,Duvauchelle Bay by camping ground,2023-03-01 11:00:00,Akaroa,0.0,0.0,0.0,0.0,0.0,0.0,incoming,shallow,muddy,3,grass,1,0,0,0.0,0.0,2.06,0.76,0.48,0.47,1.82,95.2,31.0,2.4,40,-43.7544,172.9415,3,9,2,0,11,0,Alongshore,Offshore,Offshore,596.2,0.07142857142857142
1469,Duvauchelle Bay by camping ground,2023-03-06 15:00:00,Akaroa,0.0,0.0,0.0,0.0,25.8,30.0,incoming,shallow,muddy,3,grass,1,0,0,6.4,11.0,0.78,0.42,0.46,0.32,1.91,139.0,116.3,93.1,40,-43.7544,172.9415,3,10,0,0,15,0,Alongshore,Alongshore,Alongshore,596.2,0.06666666666666667
1470,Duvauchelle Bay by camping ground,2023-03-15 10:00:00,Akaroa,0.0,0.0,0.0,0.0,0.0,14.2,ebbing,shallow,muddy,3,grass,1,0,0,0.0,0.0,2.39,2.2,2.0,11.92,2.11,35.5,34.7,33.5,40,-43.7544,172.9415,3,11,2,0,10,0,Offshore,Offshore,Offshore,596.2,0.0625
1471,Duvauchelle Bay by camping ground,2023-03-20 13:00:00,Akaroa,0.0,0.0,0.0,0.0,0.0,0.0,incoming,shallow,muddy,3,grass,1,0,0,0.0,0.0,3.43,3.82,4.29,1.32,2.24,347.6,355.8,359.5,40,-43.7544,172.9415,3,12,0,0,13,0,Alongshore,Offshore,Offshore,16.2,0.058823529411764705
1472,Duvauchelle Bay by camping ground,2023-06-01 13:00:00,Akaroa,0.0,0.0,0.0,0.0,0.0,0.0,incoming,shallow,muddy,3,grass,1,0,0,0.0,0.0,1.86,2.46,3.01,0.75,2.03,2.8,8.5,14.5,40,-43.7544,172.9415,6,22,3,0,13,1,Offshore,Offshore,Offshore,16.2,0.05555555555555555
1473,Duvauchelle Bay by camping ground,2023-06-20 15:00:00,Akaroa,0.0,0.0,0.0,1.0,15.4,22.8,incoming,shallow,muddy,3,grass,1,0,0,2.0,20.0,1.95,1.56,1.41,2.42,2.17,42.3,39.0,42.1,40,-43.7544,172.9415,6,25,1,0,15,0,Offshore,Offshore,Offshore,10.0,0.05263157894736842
1474,Duvauchelle Bay by camping ground,2023-07-06 13:00:00,Akaroa,0.0,0.0,0.0,0.0,0.0,0.0,incoming,shallow,muddy,3,grass,1,0,0,0.0,0.0,0.49,0.43,0.36,5.33,2.48,198.8,146.2,184.7,40,-43.7544,172.9415,7,27,3,0,13,0,Onshore,Alongshore,Onshore,10.0,0.05
1475,Duvauchelle Bay by camping ground,2023-07-10 11:00:00,Akaroa,3.8,5.2,8.2,18.4,89.0,122.0,ebbing,shallow,muddy,3,grass,1,0,0,6.2,43.0,0.35,0.51,0.49,11.43,2.19,139.0,159.5,182.8,40,-43.7544,172.9415,7,28,0,0,11,0,Alongshore,Alongshore,Onshore,10.0,0.047619047619047616
1476,Duvauchelle Bay by camping ground,2023-07-11 12:00:00,Akaroa,0.0,0.0,0.0,0.2,18.4,85.2,ebbing,shallow,muddy,3,grass,1,0,0,2.0,20.0,0.21,0.49,0.53,10.53,2.09,95.9,92.1,168.2,40,-43.7544,172.9415,7,28,1,0,12,0,Alongshore,Alongshore,Alongshore,295.8,0.09090909090909091
1477,Duvauchelle Bay by camping ground,2023-07-12 12:00:00,Akaroa,0.0,0.6,3.0,3.0,3.2,21.4,ebbing,shallow,muddy,3,grass,1,0,0,1.4,4.0,0.63,0.68,1.0,12.05,2.01,98.1,128.0,133.5,40,-43.7544,172.9415,7,28,2,0,12,0,Alongshore,Alongshore,Alongshore,365.6,0.13043478260869565
1478,Duvauchelle Bay by camping ground,2023-10-06 10:00:00,Akaroa,0.0,0.0,0.0,0.0,0.0,0.0,ebbing,shallow,muddy,3,grass,1,0,0,0.0,0.0,2.1,1.52,1.17,11.97,1.85,33.7,17.4,14.4,40,-43.7544,172.9415,10,40,4,0,10,0,Offshore,Offshore,Offshore,,0.0
1479,Duvauchelle Bay by camping ground,2023-11-04 09:00:00,Akaroa,0.0,1.0,1.0,1.4,5.8,5.8,ebbing,shallow,muddy,3,grass,1,0,0,2.0,8.0,1.39,0.31,0.68,12.2,1.83,103.8,61.3,12.3,40,-43.7544,172.9415,11,44,5,1,9,0,Alongshore,Offshore,Offshore,10.0,0.0
1480,Duvauchelle Bay by camping ground,2023-11-06 10:00:00,Akaroa,0.0,0.0,0.0,0.0,4.4,5.6,incoming,shallow,muddy,3,grass,1,0,0,1.6,7.0,1.21,1.05,0.08,0.6,2.01,149.4,129.1,177.4,40,-43.7544,172.9415,11,45,0,0,10,0,Alongshore,Alongshore,Onshore,10.0,0.0
1481,Duvauchelle Bay by camping ground,2023-11-21 13:00:00,Akaroa,0.0,0.0,0.0,0.0,0.6,0.6,ebbing,shallow,muddy,3,grass,1,0,0,0.4,2.0,2.28,1.8,1.67,10.07,2.05,17.0,20.2,24.0,40,-43.7544,172.9415,11,47,1,0,13,0,Offshore,Offshore,Offshore,13.333333333333334,0.0
1482,Duvauchelle Bay by camping ground,2023-11-24 14:00:00,Akaroa,1.0,1.0,1.2,8.4,18.6,18.6,ebbing,shallow,muddy,3,grass,1,0,0,3.0,14.0,2.52,2.13,1.93,10.97,2.25,163.0,168.9,186.1,40,-43.7544,172.9415,11,47,4,0,14,0,Alongshore,Alongshore,Onshore,12.5,0.0
1483,Duvauchelle Bay by camping ground,2023-12-05 10:00:00,Akaroa,0.0,0.0,0.0,0.0,0.0,0.0,ebbing,shallow,muddy,3,grass,1,0,0,0.0,0.0,2.99,2.76,2.35,12.37,1.81,30.6,31.3,37.5,40,-43.7544,172.9415,12,49,1,0,10,0,Offshore,Offshore,Offshore,14.0,0.0
1484,Duvauchelle Bay by camping ground,2023-12-11 15:00:00,Akaroa,0.0,0.0,0.0,0.0,6.0,6.0,ebbing,shallow,muddy,3,grass,1,0,0,2.8,5.0,0.44,1.67,1.55,11.58,2.14,198.6,207.9,269.5,40,-43.7544,172.9415,12,50,0,0,15,0,Onshore,Onshore,Alongshore,14.0,0.0
1485,Duvauchelle Bay by camping ground,2023-12-19 08:00:00,Akaroa,0.0,0.0,0.0,0.0,0.4,1.4,incoming,shallow,muddy,3,grass,1,0,0,0.2,2.0,2.64,2.04,1.4,0.42,2.29,0.5,7.7,2.6,40,-43.7544,172.9415,12,51,1,0,8,0,Offshore,Offshore,Offshore,14.0,0.0
1486,Duvauchelle Bay by camping ground,2023-12-27 15:00:00,Akaroa,0.0,0.0,0.0,0.0,16.4,16.4,incoming,shallow,muddy,3,grass,1,0,0,12.6,6.0,0.97,0.77,1.07,0.8,1.97,61.4,75.0,64.8,40,-43.7544,172.9415,12,52,2,0,15,1,Offshore,Offshore,Offshore,12.0,0.0
1487,Duvauchelle Bay by camping ground,2024-01-03 10:00:00,Akaroa,0.0,0.0,0.0,0.0,0.0,3.8,ebbing,shallow,muddy,3,grass,1,0,0,0.0,0.0,1.96,1.27,0.76,12.12,1.81,72.5,39.4,35.4,40,-43.7544,172.9415,1,1,2,0,10,1,Offshore,Offshore,Offshore,22.6,0.0
1488,Duvauchelle Bay by camping ground,2024-01-08 14:00:00,Akaroa,0.0,0.0,0.0,0.0,0.0,0.4,ebbing,shallow,muddy,3,grass,1,0,0,0.0,0.0,0.55,0.71,1.2,11.57,2.1,70.2,85.8,22.5,40,-43.7544,172.9415,1,2,0,0,14,0,Offshore,Alongshore,Offshore,20.6,0.0
1489,Duvauchelle Bay by camping ground,2024-01-16 09:00:00,Akaroa,0.0,0.0,0.0,0.0,2.0,2.0,ebbing,shallow,muddy,3,grass,1,0,0,1.2,3.0,2.53,2.48,2.03,11.13,2.18,24.9,22.0,6.5,40,-43.7544,172.9415,1,3,1,0,9,0,Offshore,Offshore,Offshore,20.6,0.0
1490,Duvauchelle Bay by camping ground,2024-01-22 13:00:00,Akaroa,0.0,0.0,0.0,0.2,0.2,0.2,incoming,shallow,muddy,3,grass,1,0,0,0.2,1.0,2.05,0.75,0.68,0.6,1.93,93.7,37.2,14.9,40,-43.7544,172.9415,1,4,0,0,13,0,Alongshore,Offshore,Offshore,20.6,0.0
1491,Duvauchelle Bay by camping ground,2024-01-23 15:00:00,Akaroa,0.4,3.6,6.8,11.8,12.0,12.0,ebbing,shallow,muddy,3,grass,1,0,0,3.2,17.0,1.96,1.48,1.28,11.1,2.19,182.4,189.2,196.7,40,-43.7544,172.9415,1,4,1,0,15,0,Onshore,Onshore,Onshore,22.6,0.0
1492,Duvauchelle Bay by camping ground,2024-01-24 14:00:00,Akaroa,0.0,0.0,0.0,0.0,11.8,12.0,incoming,shallow,muddy,3,grass,1,0,0,3.2,16.0,1.5,1.08,0.9,1.33,1.92,78.3,85.2,53.0,40,-43.7544,172.9415,1,4,2,0,14,0,Offshore,Alongshore,Offshore,27.2,0.0
1493,Duvauchelle Bay by camping ground,2024-01-31 07:00:00,Akaroa,0.0,0.0,0.0,0.0,0.0,0.4,incoming,shallow,muddy,3,grass,1,0,0,0.0,0.0,2.52,2.9,2.69,0.35,1.98,353.8,354.5,5.5,40,-43.7544,172.9415,1,5,2,0,7,1,Alongshore,Alongshore,Offshore,27.2,0.0
1494,Duvauchelle Bay by camping ground,2024-02-05 10:00:00,Akaroa,0.0,0.0,0.0,0.0,0.0,0.0,incoming,shallow,muddy,3,grass,1,0,0,0.0,0.0,2.45,0.66,0.37,1.15,1.79,67.9,15.8,349.1,40,-43.7544,172.9415,2,6,0,0,10,1,Offshore,Offshore,Alongshore,27.2,0.0
1495,Duvauchelle Bay by camping ground,2024-02-11 15:00:00,Akaroa,0.0,0.0,0.0,0.8,13.0,13.0,incoming,shallow,muddy,3,grass,1,0,0,3.6,12.0,1.02,0.28,0.51,1.87,2.28,184.4,192.5,221.3,40,-43.7544,172.9415,2,6,6,1,15,0,Onshore,Onshore,Onshore,27.2,0.0
1496,Duvauchelle Bay by camping ground,2024-02-13 06:00:00,Akaroa,0.0,0.0,0.0,0.0,0.0,9.0,ebbing,shallow,muddy,3,grass,1,0,0,0.0,0.0,2.15,1.88,2.08,12.38,2.3,336.9,353.4,15.6,40,-43.7544,172.9415,2,7,1,0,6,0,Alongshore,Alongshore,Offshore,42.8,0.0
1497,Duvauchelle Bay by camping ground,2024-02-20 13:00:00,Akaroa,0.0,0.0,0.0,8.8,10.8,10.8,incoming,shallow,muddy,3,grass,1,0,0,4.2,6.0,0.85,0.28,0.23,0.42,1.87,183.7,136.0,232.0,40,-43.7544,172.9415,2,8,1,0,13,0,Onshore,Alongshore,Onshore,27.6,0.0
1498,Duvauchelle Bay by camping ground,2024-02-21 13:00:00,Akaroa,0.0,0.0,0.0,0.0,8.8,10.8,incoming,shallow,muddy,3,grass,1,0,0,4.2,3.0,0.42,0.28,0.06,0.77,1.88,1.6,79.5,274.6,40,-43.7544,172.9415,2,8,2,0,13,0,Offshore,Offshore,Alongshore,27.6,0.0
1499,Duvauchelle Bay by camping ground,2024-03-05 11:00:00,Akaroa,0.6,0.6,0.6,5.4,5.4,5.6,ebbing,shallow,muddy,3,grass,1,0,0,2.8,6.0,4.73,5.2,5.06,12.13,2.08,209.0,210.5,214.8,40,-43.7544,172.9415,3,10,1,0,11,0,Onshore,Onshore,Onshore,27.6,0.0
1500,Duvauchelle Bay by camping ground,2024-03-15 08:00:00,Akaroa,0.0,3.2,10.2,10.2,10.2,10.2,ebbing,shallow,muddy,3,grass,1,0,0,2.8,6.0,2.81,3.0,3.18,11.83,2.24,206.7,204.5,197.1,40,-43.7544,172.9415,3,11,4,0,8,0,Onshore,Onshore,Onshore,27.6,0.0
1501,Duvauchelle Bay by camping ground,2024-03-20 12:00:00,Akaroa,0.0,0.0,0.0,0.0,0.0,3.4,incoming,shallow,muddy,3,grass,1,0,0,0.0,0.0,3.22,3.32,2.67,0.75,1.86,28.7,27.2,24.5,40,-43.7544,172.9415,3,12,2,0,12,0,Offshore,Offshore,Offshore,10.0,0.0
1502,Duvauchelle Bay by camping ground,2024-03-25 16:00:00,Akaroa,0.0,0.0,0.0,0.0,0.0,0.0,incoming,shallow,muddy,3,grass,1,0,0,0.0,0.0,1.19,0.79,0.87,0.37,1.99,107.8,99.5,350.4,40,-43.7544,172.9415,3,13,0,0,16,0,Alongshore,Alongshore,Alongshore,10.0,0.0
1503,Duvauchelle Bay by camping ground,2024-04-12 16:00:00,Akaroa,0.2,0.4,0.6,2.0,16.6,16.6,incoming,shallow,muddy,3,grass,1,0,0,4.2,13.0,1.9,1.3,0.7,2.52,2.32,198.8,205.8,213.3,40,-43.7544,172.9415,4,15,4,0,16,0,Onshore,Onshore,Onshore,10.0,0.0
1504,Duvauchelle Bay by camping ground,2024-04-14 10:00:00,Akaroa,0.0,0.0,0.0,0.0,1.6,10.4,ebbing,shallow,muddy,3,grass,1,0,0,0.2,8.0,0.92,0.05,0.11,11.15,2.17,229.5,174.0,243.7,40,-43.7544,172.9415,4,15,6,1,10,1,Onshore,Alongshore,Onshore,232.0,0.037037037037037035
1505,Duvauchelle Bay by camping ground,2024-05-02 11:00:00,Akaroa,0.0,0.0,0.0,1.8,16.0,16.0,ebbing,shallow,muddy,3,grass,1,0,0,2.8,16.0,0.69,0.06,0.12,11.35,2.2,215.6,88.6,265.0,40,-43.7544,172.9415,5,18,3,0,11,0,Onshore,Alongshore,Alongshore,234.0,0.03571428571428571
1506,Duvauchelle Bay by camping ground,2024-05-21 13:00:00,Akaroa,0.8,1.6,2.0,10.4,12.0,12.0,incoming,shallow,muddy,3,grass,1,0,0,1.6,22.0,0.88,0.59,0.79,1.67,2.0,196.5,164.9,147.7,40,-43.7544,172.9415,5,21,1,0,13,0,Onshore,Alongshore,Alongshore,251.6,0.034482758620689655
1507,Duvauchelle Bay by camping ground,2024-06-15 10:00:00,Akaroa,0.0,0.0,0.2,23.4,45.0,45.0,incoming,shallow,muddy,3,grass,1,0,0,6.4,18.0,0.21,0.61,0.96,0.38,1.86,99.9,114.5,85.9,40,-43.7544,172.9415,6,24,5,1,10,0,Alongshore,Alongshore,Alongshore,276.4,0.03333333333333333
1508,Duvauchelle Bay by camping ground,2024-07-03 13:00:00,Akaroa,0.0,0.4,3.0,6.0,33.6,35.8,incoming,shallow,muddy,3,grass,1,0,0,3.4,38.0,2.65,2.35,2.22,0.9,2.25,209.3,205.5,209.5,40,-43.7544,172.9415,7,27,2,0,13,0,Onshore,Onshore,Onshore,1648.4,0.06451612903225806
1509,Duvauchelle Bay by camping ground,2024-07-16 11:00:00,Akaroa,0.0,0.0,0.2,8.8,17.4,17.6,incoming,shallow,muddy,3,grass,1,0,0,2.4,22.0,0.24,0.16,0.16,0.2,1.89,100.4,63.1,344.7,40,-43.7544,172.9415,7,29,1,0,11,0,Alongshore,Offshore,Alongshore,1490.8,0.09375
1510,Duvauchelle Bay by camping ground,2024-07-31 12:00:00,Akaroa,1.2,2.2,4.6,18.8,106.4,108.2,incoming,shallow,muddy,3,grass,1,0,0,12.0,39.0,0.68,0.49,0.8,0.05,2.18,62.5,57.8,118.0,40,-43.7544,172.9415,7,31,2,0,12,0,Offshore,Offshore,Alongshore,1924.8,0.12121212121212122
1511,Duvauchelle Bay by camping ground,2024-09-17 13:00:00,Akaroa,0.0,1.0,1.6,19.4,19.4,19.4,incoming,shallow,muddy,3,grass,1,0,0,5.6,12.0,3.42,2.24,1.94,1.28,2.43,199.1,207.5,218.7,40,-43.7544,172.9415,9,38,1,0,13,0,Onshore,Onshore,Onshore,1922.0,0.11764705882352941
1512,French Farm Bay,2008-12-22 06:00:00,Akaroa,0.0,0.0,0.0,0.0,10.0,31.0,incoming,medium,muddy,5,grass,2,1,1,2.2,9.0,0.48,0.55,0.44,5.62,1.96,281.3,244.9,274.1,230,-43.776,172.9104,12,52,0,0,6,1,Alongshore,Offshore,Offshore,,0.0
1513,French Farm Bay,2008-12-29 05:00:00,Akaroa,0.0,0.0,0.0,0.0,0.0,0.0,ebbing,medium,muddy,5,grass,2,1,1,0.0,0.0,1.02,1.47,1.42,12.12,1.84,4.3,359.5,343.3,230,-43.776,172.9104,12,1,0,0,5,1,Alongshore,Alongshore,Alongshore,2.0,0.0
1514,French Farm Bay,2009-01-05 06:00:00,Akaroa,0.0,0.0,0.0,0.0,0.0,5.6,incoming,medium,muddy,5,grass,2,1,1,0.0,0.0,1.26,1.46,1.2,4.1,1.96,348.7,350.2,348.5,230,-43.776,172.9104,1,2,0,0,6,1,Alongshore,Alongshore,Alongshore,2.0,0.0
1515,French Farm Bay,2009-01-12 06:00:00,Akaroa,0.0,0.0,0.0,0.0,0.0,3.4,ebbing,medium,muddy,5,grass,2,1,1,0.0,0.0,1.56,1.98,1.94,10.18,2.25,29.4,27.7,23.8,230,-43.776,172.9104,1,3,0,0,6,0,Onshore,Onshore,Onshore,2.0,0.0
1516,French Farm Bay,2009-01-19 06:00:00,Akaroa,0.0,0.0,0.8,1.2,14.6,14.6,incoming,medium,muddy,5,grass,2,1,1,5.0,12.0,0.97,1.47,1.63,4.07,1.94,8.8,348.5,329.4,230,-43.776,172.9104,1,4,0,0,6,0,Onshore,Alongshore,Alongshore,2.5,0.0
1517,French Farm Bay,2009-01-26 07:00:00,Akaroa,0.0,0.0,0.0,0.0,0.0,0.0,ebbing,medium,muddy,5,grass,2,1,1,0.0,0.0,1.65,1.56,1.03,9.43,1.87,304.6,300.1,293.5,230,-43.776,172.9104,1,5,0,0,7,0,Alongshore,Alongshore,Alongshore,13.2,0.0
1518,French Farm Bay,2009-02-02 07:00:00,Akaroa,0.0,0.0,0.0,0.0,0.0,0.0,incoming,medium,muddy,5,grass,2,1,1,0.0,0.0,1.24,0.23,0.67,2.07,1.96,36.6,162.1,214.6,230,-43.776,172.9104,2,6,0,0,7,1,Onshore,Alongshore,Offshore,13.2,0.0
1519,French Farm Bay,2009-02-09 07:00:00,Akaroa,0.0,0.0,0.0,0.0,0.0,0.0,ebbing,medium,muddy,5,grass,2,1,1,0.0,0.0,0.61,1.01,1.4,8.63,2.23,108.7,106.2,38.5,230,-43.776,172.9104,2,7,0,0,7,1,Alongshore,Alongshore,Onshore,13.6,0.0
1520,French Farm Bay,2009-02-16 07:00:00,Akaroa,0.0,0.0,0.2,0.2,0.2,0.2,incoming,medium,muddy,5,grass,2,1,1,0.2,1.0,2.25,2.6,1.86,1.77,1.95,226.1,225.3,222.3,230,-43.776,172.9104,2,8,0,0,7,0,Offshore,Offshore,Offshore,14.4,0.0
1521,French Farm Bay,2009-02-23 07:00:00,Akaroa,0.0,0.0,0.2,0.6,0.6,13.6,ebbing,medium,muddy,5,grass,2,1,1,0.4,2.0,3.0,3.03,2.65,8.05,1.88,224.6,225.9,223.3,230,-43.776,172.9104,2,9,0,0,7,0,Offshore,Offshore,Offshore,18.0,0.0
1522,French Farm Bay,2009-03-02 07:00:00,Akaroa,0.6,0.6,0.6,0.6,34.4,37.0,incoming,medium,muddy,5,grass,2,1,1,7.2,10.0,1.11,1.88,1.59,0.48,2.01,99.7,83.1,62.9,230,-43.776,172.9104,3,10,0,0,7,0,Alongshore,Onshore,Onshore,7.2,0.0
1523,French Farm Bay,2009-03-09 07:00:00,Akaroa,0.0,0.0,0.0,4.4,4.4,4.4,ebbing,medium,muddy,5,grass,2,1,1,1.4,5.0,2.14,2.42,1.63,7.28,2.18,213.5,212.7,209.5,230,-43.776,172.9104,3,11,0,0,7,0,Offshore,Offshore,Offshore,7.6,0.0
1524,French Farm Bay,2009-03-16 07:00:00,Akaroa,0.0,0.0,0.0,0.0,0.0,0.0,incoming,medium,muddy,5,grass,2,1,1,0.0,0.0,1.78,2.0,2.0,0.78,1.97,19.9,20.1,17.2,230,-43.776,172.9104,3,12,0,0,7,0,Onshore,Onshore,Onshore,13.2,0.0
1525,French Farm Bay,2009-12-07 06:00:00,Akaroa,0.0,0.0,0.0,0.0,0.0,0.0,incoming,medium,muddy,5,grass,2,1,1,0.0,0.0,1.32,2.2,2.28,1.2,2.39,29.4,29.3,2.5,230,-43.776,172.9104,12,50,0,0,6,0,Onshore,Onshore,Alongshore,,0.0
1526,French Farm Bay,2009-12-14 06:00:00,Akaroa,6.8,6.8,6.8,6.8,6.8,6.8,ebbing,medium,muddy,5,grass,2,1,1,3.2,3.0,1.06,0.88,2.23,8.18,1.99,152.3,111.7,90.9,230,-43.776,172.9104,12,51,0,0,6,0,Alongshore,Alongshore,Onshore,2.0,0.0
1527,French Farm Bay,2009-12-21 06:00:00,Akaroa,0.0,0.0,0.4,0.6,2.2,2.2,incoming,medium,muddy,5,grass,2,1,1,1.2,4.0,3.77,2.86,2.24,0.62,2.08,223.8,224.6,220.5,230,-43.776,172.9104,12,52,0,0,6,1,Offshore,Offshore,Offshore,3.0,0.0
1528,French Farm Bay,2009-12-29 07:00:00,Akaroa,0.0,0.0,0.0,0.0,0.0,0.6,ebbing,medium,muddy,5,grass,2,1,1,0.0,0.0,1.47,1.19,0.55,6.65,1.97,319.7,291.7,289.2,230,-43.776,172.9104,12,53,1,0,7,1,Alongshore,Alongshore,Alongshore,5.333333333333333,0.0
1529,French Farm Bay,2010-01-05 07:00:00,Akaroa,0.0,0.0,0.0,0.0,0.0,0.0,incoming,medium,muddy,5,grass,2,1,1,0.0,0.0,2.03,2.0,1.35,0.45,2.44,344.9,344.2,349.7,230,-43.776,172.9104,1,1,1,0,7,1,Alongshore,Alongshore,Alongshore,8.0,0.0
1530,French Farm Bay,2010-01-11 06:00:00,Akaroa,0.2,0.2,0.2,11.2,12.8,12.8,ebbing,medium,muddy,5,grass,2,1,1,3.4,12.0,2.28,2.32,2.57,6.95,1.92,223.9,224.4,234.0,230,-43.776,172.9104,1,2,0,0,6,0,Offshore,Offshore,Offshore,7.2,0.0
1531,French Farm Bay,2010-01-18 06:00:00,Akaroa,0.0,0.0,0.0,0.0,0.0,0.0,ebbing,medium,muddy,5,grass,2,1,1,0.0,0.0,0.69,1.15,1.19,12.07,1.89,16.5,1.6,344.6,230,-43.776,172.9104,1,3,0,0,6,0,Onshore,Alongshore,Alongshore,7.2,0.0
1532,French Farm Bay,2010-01-25 07:00:00,Akaroa,0.0,0.0,0.0,0.0,0.0,0.0,incoming,medium,muddy,5,grass,2,1,1,0.0,0.0,2.09,2.26,2.1,4.3,1.85,19.5,29.3,30.1,230,-43.776,172.9104,1,4,0,0,7,0,Onshore,Onshore,Onshore,13.6,0.0
1533,French Farm Bay,2010-02-01 06:00:00,Akaroa,0.0,0.0,0.0,0.0,0.0,0.0,ebbing,medium,muddy,5,grass,2,1,1,0.0,0.0,2.2,2.65,2.69,11.38,2.34,28.4,26.1,25.9,230,-43.776,172.9104,2,5,0,0,6,1,Onshore,Onshore,Onshore,12.0,0.0
1534,French Farm Bay,2010-02-09 17:00:00,Akaroa,0.0,0.0,0.0,0.0,0.0,0.0,ebbing,medium,muddy,5,grass,2,1,1,0.0,0.0,0.25,0.83,1.4,8.22,2.08,208.7,195.6,184.1,230,-43.776,172.9104,2,6,1,0,17,1,Offshore,Offshore,Alongshore,9.2,0.0
1535,French Farm Bay,2010-02-15 06:00:00,Akaroa,0.0,0.0,0.0,0.0,0.0,0.0,ebbing,medium,muddy,5,grass,2,1,1,0.0,0.0,2.21,2.66,2.62,10.42,1.95,229.8,229.4,222.7,230,-43.776,172.9104,2,7,0,0,6,0,Offshore,Offshore,Offshore,8.8,0.0
1536,French Farm Bay,2010-02-22 07:00:00,Akaroa,0.0,0.0,0.0,0.0,0.0,0.0,incoming,medium,muddy,5,grass,2,1,1,0.0,0.0,0.89,0.85,0.42,2.93,1.83,357.5,9.7,351.6,230,-43.776,172.9104,2,8,0,0,7,0,Alongshore,Onshore,Alongshore,12.4,0.0
1537,French Farm Bay,2010-03-01 07:00:00,Akaroa,0.0,0.0,0.0,0.0,0.0,0.0,ebbing,medium,muddy,5,grass,2,1,1,0.0,0.0,2.55,4.05,3.94,9.45,2.38,15.3,12.0,16.2,230,-43.776,172.9104,3,9,0,0,7,0,Onshore,Onshore,Onshore,5.6,0.0
1538,French Farm Bay,2010-03-08 07:00:00,Akaroa,0.0,0.0,0.0,0.0,0.0,0.0,incoming,medium,muddy,5,grass,2,1,1,0.0,0.0,0.99,0.88,0.72,3.05,1.89,18.2,300.2,294.4,230,-43.776,172.9104,3,10,0,0,7,0,Onshore,Alongshore,Alongshore,15.2,0.0
1539,French Farm Bay,2010-03-15 07:00:00,Akaroa,0.0,0.0,0.0,0.0,0.0,0.2,ebbing,medium,muddy,5,grass,2,1,1,0.0,0.0,0.19,1.49,2.68,8.45,1.98,110.2,110.5,153.0,230,-43.776,172.9104,3,11,0,0,7,0,Alongshore,Alongshore,Alongshore,15.6,0.0
1540,French Farm Bay,2010-12-06 06:00:00,Akaroa,0.2,0.2,0.2,0.2,0.2,0.2,ebbing,medium,muddy,5,grass,2,1,1,0.2,1.0,2.16,2.8,2.72,9.95,2.1,217.7,224.0,233.2,230,-43.776,172.9104,12,49,0,0,6,0,Offshore,Offshore,Offshore,,0.0
1541,French Farm Bay,2010-12-13 06:00:00,Akaroa,0.0,0.0,0.0,0.0,0.0,0.0,incoming,medium,muddy,5,grass,2,1,1,0.0,0.0,2.7,1.94,1.25,2.83,1.99,38.6,12.4,0.9,230,-43.776,172.9104,12,50,0,0,6,0,Onshore,Onshore,Alongshore,2.0,0.0
1542,French Farm Bay,2010-12-20 06:00:00,Akaroa,0.0,0.0,0.0,0.0,0.0,0.0,ebbing,medium,muddy,5,grass,2,1,1,0.0,0.0,2.95,3.07,2.76,8.75,1.93,5.2,1.2,7.0,230,-43.776,172.9104,12,51,0,0,6,1,Onshore,Alongshore,Onshore,2.0,0.0
1543,French Farm Bay,2010-12-29 06:00:00,Akaroa,0.0,0.0,0.0,0.0,26.0,26.4,incoming,medium,muddy,5,grass,2,1,1,9.4,8.0,2.54,2.46,2.53,3.83,2.16,38.1,32.1,27.0,230,-43.776,172.9104,12,52,2,0,6,1,Onshore,Onshore,Onshore,2.0,0.0
1544,French Farm Bay,2011-01-05 06:00:00,Akaroa,0.0,0.0,0.8,0.8,1.0,1.0,ebbing,medium,muddy,5,grass,2,1,1,0.6,3.0,1.17,1.1,0.86,10.2,2.02,28.3,39.3,44.0,230,-43.776,172.9104,1,1,2,0,6,1,Onshore,Onshore,Onshore,5.5,0.0
1545,French Farm Bay,2011-01-10 07:00:00,Akaroa,0.0,0.0,0.0,0.0,0.0,4.4,incoming,medium,muddy,5,grass,2,1,1,0.0,0.0,2.95,3.17,3.76,1.12,2.02,234.0,225.6,226.1,230,-43.776,172.9104,1,2,0,0,7,0,Offshore,Offshore,Offshore,10.4,0.0
1546,French Farm Bay,2011-01-17 07:00:00,Akaroa,0.0,0.0,0.0,0.0,0.0,0.0,ebbing,medium,muddy,5,grass,2,1,1,0.0,0.0,2.44,2.77,2.48,6.67,1.89,353.4,359.5,15.6,230,-43.776,172.9104,1,3,0,0,7,0,Alongshore,Alongshore,Onshore,10.4,0.0
1547,French Farm Bay,2011-01-24 07:00:00,Akaroa,0.0,0.0,0.0,0.0,2.0,5.8,incoming,medium,muddy,5,grass,2,1,1,0.4,8.0,2.2,1.87,1.48,0.48,2.38,275.8,259.5,237.3,230,-43.776,172.9104,1,4,0,0,7,0,Alongshore,Offshore,Offshore,13.2,0.0
1548,French Farm Bay,2011-01-31 06:00:00,Akaroa,0.0,0.0,1.6,2.0,2.0,5.4,ebbing,medium,muddy,5,grass,2,1,1,0.6,6.0,0.54,1.17,3.87,7.3,1.96,132.4,142.4,165.4,230,-43.776,172.9104,1,5,0,0,6,1,Alongshore,Alongshore,Alongshore,16.8,0.0
1549,French Farm Bay,2011-02-07 07:00:00,Akaroa,0.0,0.0,12.8,15.0,15.0,15.0,ebbing,medium,muddy,5,grass,2,1,1,3.8,8.0,1.29,0.33,0.4,12.27,1.94,64.0,205.8,206.0,230,-43.776,172.9104,2,6,0,0,7,1,Onshore,Offshore,Offshore,14.8,0.0
1550,French Farm Bay,2011-02-14 07:00:00,Akaroa,0.0,0.0,0.0,0.2,1.2,1.2,incoming,medium,muddy,5,grass,2,1,1,0.6,4.0,2.93,2.89,2.22,5.15,1.84,241.6,241.9,231.4,230,-43.776,172.9104,2,7,0,0,7,0,Offshore,Offshore,Offshore,27.2,0.0
1551,French Farm Bay,2011-03-22 14:00:00,Akaroa,0.0,2.4,6.0,8.6,8.6,9.4,incoming,medium,muddy,5,grass,2,1,1,3.4,9.0,2.01,2.66,2.48,4.37,2.44,193.8,187.5,192.0,230,-43.776,172.9104,3,12,1,0,14,0,Offshore,Offshore,Offshore,28.8,0.0
1552,French Farm Bay,2011-04-07 12:00:00,Akaroa,1.0,1.8,2.2,13.8,21.0,32.0,ebbing,medium,muddy,5,grass,2,1,1,4.8,17.0,6.26,6.48,7.12,6.33,1.99,224.8,221.5,219.0,230,-43.776,172.9104,4,14,3,0,12,0,Offshore,Offshore,Offshore,36.0,0.0
1553,French Farm Bay,2011-04-11 12:00:00,Akaroa,0.0,0.0,0.0,0.0,0.0,0.0,ebbing,medium,muddy,5,grass,2,1,1,0.0,0.0,0.38,0.17,0.27,9.35,2.06,23.9,15.5,1.8,230,-43.776,172.9104,4,15,0,0,12,0,Onshore,Onshore,Alongshore,47.0,0.0
1554,French Farm Bay,2011-11-14 12:00:00,Akaroa,0.0,0.0,0.0,0.0,0.8,11.2,incoming,medium,muddy,5,grass,2,1,1,0.6,2.0,1.05,0.85,0.83,5.83,1.82,108.0,82.5,22.6,230,-43.776,172.9104,11,46,0,0,12,0,Alongshore,Onshore,Onshore,,0.0
1555,French Farm Bay,2011-11-24 09:00:00,Akaroa,0.0,0.0,0.0,1.8,7.0,7.0,incoming,medium,muddy,5,grass,2,1,1,1.8,12.0,1.43,1.43,0.38,5.03,2.28,90.9,7.0,332.3,230,-43.776,172.9104,11,47,3,0,9,0,Onshore,Onshore,Alongshore,10.0,0.0
1556,French Farm Bay,2011-11-28 11:00:00,Akaroa,0.0,0.0,0.0,0.0,0.0,0.0,ebbing,medium,muddy,5,grass,2,1,1,0.0,0.0,1.46,1.92,1.58,6.95,2.16,244.9,222.5,268.8,230,-43.776,172.9104,11,48,0,0,11,0,Offshore,Offshore,Offshore,10.0,0.0
1557,French Farm Bay,2011-12-05 09:00:00,Akaroa,0.0,0.0,0.0,0.0,0.0,0.0,incoming,medium,muddy,5,grass,2,1,1,0.0,0.0,1.92,1.26,1.78,2.43,1.95,184.1,204.1,202.3,230,-43.776,172.9104,12,49,0,0,9,0,Alongshore,Offshore,Offshore,10.0,0.0
1558,French Farm Bay,2011-12-12 14:00:00,Akaroa,0.0,0.0,0.0,0.0,0.0,0.0,incoming,medium,muddy,5,grass,2,1,1,0.0,0.0,0.42,0.2,0.3,3.47,1.88,94.5,93.8,20.5,230,-43.776,172.9104,12,50,0,0,14,0,Onshore,Onshore,Onshore,10.0,0.0
1559,French Farm Bay,2011-12-19 12:00:00,Akaroa,0.0,0.0,0.0,0.0,0.0,0.0,ebbing,medium,muddy,5,grass,2,1,1,0.0,0.0,1.32,0.2,0.24,11.37,2.16,41.6,152.1,203.2,230,-43.776,172.9104,12,51,0,0,12,0,Onshore,Alongshore,Offshore,10.0,0.0
1560,French Farm Bay,2012-01-05 09:00:00,Akaroa,0.0,0.0,0.0,0.0,0.0,0.0,incoming,medium,muddy,5,grass,2,1,1,0.0,0.0,0.29,0.46,0.11,3.5,1.83,17.4,123.8,189.6,230,-43.776,172.9104,1,1,3,0,9,1,Onshore,Alongshore,Offshore,10.0,0.0
1561,French Farm Bay,2012-01-09 10:00:00,Akaroa,0.0,0.0,0.0,3.2,3.2,3.4,ebbing,medium,muddy,5,grass,2,1,1,0.8,7.0,0.75,1.21,0.86,6.25,1.93,27.5,349.0,293.0,230,-43.776,172.9104,1,2,0,0,10,0,Onshore,Alongshore,Alongshore,10.0,0.0
1562,French Farm Bay,2012-01-16 12:00:00,Akaroa,0.0,0.0,0.0,0.2,2.2,2.2,ebbing,medium,muddy,5,grass,2,1,1,1.6,3.0,1.4,0.11,0.21,9.72,2.16,325.2,222.6,234.6,230,-43.776,172.9104,1,3,0,0,12,0,Alongshore,Offshore,Offshore,10.0,0.0
1563,French Farm Bay,2012-01-23 10:00:00,Akaroa,0.0,0.0,0.8,5.4,10.4,10.4,incoming,medium,muddy,5,grass,2,1,1,2.2,13.0,3.52,3.02,3.2,5.82,2.14,227.1,228.2,226.9,230,-43.776,172.9104,1,4,0,0,10,0,Offshore,Offshore,Offshore,12.0,0.0
1564,French Farm Bay,2012-01-30 10:00:00,Akaroa,0.0,0.0,0.0,0.0,0.0,0.0,ebbing,medium,muddy,5,grass,2,1,1,0.0,0.0,2.19,1.41,0.72,11.95,1.93,95.0,13.3,20.9,230,-43.776,172.9104,1,5,0,0,10,0,Alongshore,Onshore,Onshore,12.0,0.0
1565,French Farm Bay,2012-02-09 13:00:00,Akaroa,0.0,0.0,0.0,0.0,0.0,0.2,incoming,medium,muddy,5,grass,2,1,1,0.0,0.0,0.52,1.31,2.3,4.07,2.17,200.7,195.4,225.0,230,-43.776,172.9104,2,6,3,0,13,1,Offshore,Offshore,Offshore,12.0,0.0
1566,French Farm Bay,2012-02-13 13:00:00,Akaroa,0.2,0.2,0.2,0.2,0.2,0.6,ebbing,medium,muddy,5,grass,2,1,1,0.2,1.0,1.49,1.3,1.3,7.67,2.23,41.6,42.0,59.8,230,-43.776,172.9104,2,7,0,0,13,0,Onshore,Onshore,Onshore,12.0,0.0
1567,French Farm Bay,2012-02-27 10:00:00,Akaroa,0.0,0.0,0.0,0.0,0.0,1.0,ebbing,medium,muddy,5,grass,2,1,1,0.0,0.0,0.78,0.45,0.55,10.28,1.97,133.9,205.1,238.2,230,-43.776,172.9104,2,9,0,0,10,0,Alongshore,Offshore,Offshore,12.0,0.0
1568,French Farm Bay,2012-03-06 10:00:00,Akaroa,0.0,0.0,0.0,0.0,0.0,1.4,incoming,medium,muddy,5,grass,2,1,1,0.0,0.0,1.26,0.89,1.15,4.32,2.03,91.1,55.1,15.2,230,-43.776,172.9104,3,10,1,0,10,0,Onshore,Onshore,Onshore,10.0,0.0
1569,French Farm Bay,2012-11-22 10:00:00,Akaroa,0.0,0.0,0.0,0.0,0.0,0.0,incoming,medium,muddy,5,grass,2,1,1,0.0,0.0,2.73,2.71,2.82,1.18,2.15,22.3,30.6,35.4,230,-43.776,172.9104,11,47,3,0,10,0,Onshore,Onshore,Onshore,,0.0
1570,French Farm Bay,2012-11-27 10:00:00,Akaroa,0.0,0.0,0.0,0.0,0.0,0.0,incoming,medium,muddy,5,grass,2,1,1,0.0,0.0,0.97,0.63,1.0,4.9,1.96,51.0,29.9,344.5,230,-43.776,172.9104,11,48,1,0,10,0,Onshore,Onshore,Alongshore,10.0,0.0
1571,French Farm Bay,2012-12-03 11:00:00,Akaroa,0.0,0.0,0.0,0.0,0.0,0.0,ebbing,medium,muddy,5,grass,2,1,1,0.0,0.0,2.37,2.1,2.36,7.98,1.8,37.5,31.5,14.3,230,-43.776,172.9104,12,49,0,0,11,0,Onshore,Onshore,Onshore,10.0,0.0
1572,French Farm Bay,2012-12-10 10:00:00,Akaroa,0.0,0.0,0.0,0.0,0.0,0.2,incoming,medium,muddy,5,grass,2,1,1,0.0,0.0,1.19,2.42,3.3,2.88,2.15,231.2,239.8,242.1,230,-43.776,172.9104,12,50,0,0,10,0,Offshore,Offshore,Offshore,10.0,0.0
1573,French Farm Bay,2012-12-17 11:00:00,Akaroa,0.0,0.0,0.0,0.0,0.0,0.0,ebbing,medium,muddy,5,grass,2,1,1,0.0,0.0,0.5,0.36,0.49,7.87,2.21,89.1,72.9,272.5,230,-43.776,172.9104,12,51,0,0,11,0,Onshore,Onshore,Offshore,10.0,0.0
1574,French Farm Bay,2012-12-27 09:00:00,Akaroa,0.0,0.0,0.0,0.0,0.2,0.2,ebbing,medium,muddy,5,grass,2,1,1,0.2,1.0,1.83,2.03,1.85,6.05,1.89,39.7,44.3,59.0,230,-43.776,172.9104,12,52,3,0,9,1,Onshore,Onshore,Onshore,10.0,0.0
1575,French Farm Bay,2013-01-03 12:00:00,Akaroa,0.0,0.0,0.0,11.2,23.2,23.2,ebbing,medium,muddy,5,grass,2,1,1,4.6,11.0,1.77,1.3,1.29,7.98,1.93,97.1,70.6,46.7,230,-43.776,172.9104,1,1,3,0,12,1,Alongshore,Onshore,Onshore,12.0,0.0
1576,French Farm Bay,2013-01-08 10:00:00,Akaroa,0.0,0.0,0.0,0.0,2.6,2.6,incoming,medium,muddy,5,grass,2,1,1,1.8,3.0,0.29,1.46,1.45,1.98,2.11,45.6,51.2,248.6,230,-43.776,172.9104,1,2,1,0,10,0,Onshore,Onshore,Offshore,42.0,0.0
1577,French Farm Bay,2013-01-14 10:00:00,Akaroa,0.0,0.0,0.0,0.0,0.0,0.0,ebbing,medium,muddy,5,grass,2,1,1,0.0,0.0,1.71,1.01,0.61,7.4,2.27,92.8,62.4,80.3,230,-43.776,172.9104,1,3,0,0,10,0,Onshore,Onshore,Onshore,42.0,0.0
1578,French Farm Bay,2013-01-21 11:00:00,Akaroa,0.0,0.0,0.0,0.0,0.0,0.0,incoming,medium,muddy,5,grass,2,1,1,0.0,0.0,1.53,1.17,0.93,0.67,1.87,84.6,53.2,71.1,230,-43.776,172.9104,1,4,0,0,11,0,Onshore,Onshore,Onshore,42.0,0.0
1579,French Farm Bay,2013-01-28 12:00:00,Akaroa,0.0,0.0,0.0,0.0,0.0,0.0,incoming,medium,muddy,5,grass,2,1,1,0.0,0.0,1.16,0.46,0.51,4.33,1.96,108.3,87.1,8.3,230,-43.776,172.9104,1,5,0,0,12,0,Alongshore,Onshore,Onshore,42.0,0.0
1580,French Farm Bay,2013-02-04 13:00:00,Akaroa,2.0,11.0,24.8,26.6,26.6,26.6,ebbing,medium,muddy,5,grass,2,1,1,5.4,14.0,3.61,4.66,5.04,9.78,2.18,208.6,205.0,208.5,230,-43.776,172.9104,2,6,0,0,13,1,Offshore,Offshore,Offshore,40.0,0.0
1581,French Farm Bay,2013-02-11 12:00:00,Akaroa,0.0,0.0,0.0,0.0,0.0,0.0,incoming,medium,muddy,5,grass,2,1,1,0.0,0.0,2.82,1.45,1.25,4.22,2.28,206.8,221.3,235.6,230,-43.776,172.9104,2,7,0,0,12,0,Offshore,Offshore,Offshore,10.0,0.0
1582,French Farm Bay,2013-02-18 09:00:00,Akaroa,0.0,0.0,0.0,0.0,0.0,0.0,incoming,medium,muddy,5,grass,2,1,1,0.0,0.0,1.52,1.26,1.12,0.83,1.86,27.3,352.4,319.3,230,-43.776,172.9104,2,8,0,0,9,0,Onshore,Alongshore,Alongshore,10.0,0.0
1583,French Farm Bay,2013-02-25 11:00:00,Akaroa,0.0,0.0,0.0,0.0,0.0,0.0,incoming,medium,muddy,5,grass,2,1,1,0.0,0.0,1.79,0.62,0.34,4.1,2.01,97.6,17.1,340.7,230,-43.776,172.9104,2,9,0,0,11,0,Alongshore,Onshore,Alongshore,10.0,0.0
1584,French Farm Bay,2013-11-13 13:00:00,Akaroa,0.0,0.0,0.0,0.0,0.0,0.0,ebbing,medium,muddy,5,grass,2,1,1,0.0,0.0,1.22,0.86,0.93,11.67,2.18,76.7,72.3,46.1,230,-43.776,172.9104,11,46,2,0,13,0,Onshore,Onshore,Onshore,,0.0
1585,French Farm Bay,2013-11-26 11:00:00,Akaroa,1.4,1.4,1.4,1.8,8.8,8.8,ebbing,medium,muddy,5,grass,2,1,1,1.8,13.0,0.84,0.86,0.83,11.42,1.83,109.1,119.6,169.2,230,-43.776,172.9104,11,48,1,0,11,0,Alongshore,Alongshore,Alongshore,10.0,0.0
1586,French Farm Bay,2013-12-03 15:00:00,Akaroa,0.0,0.0,0.0,0.0,0.0,0.0,incoming,medium,muddy,5,grass,2,1,1,0.0,0.0,0.26,0.67,0.64,0.55,2.22,191.5,197.9,293.6,230,-43.776,172.9104,12,49,1,0,15,0,Offshore,Offshore,Alongshore,10.0,0.0
1587,French Farm Bay,2013-12-10 11:00:00,Akaroa,0.0,0.0,0.0,0.8,0.8,1.0,ebbing,medium,muddy,5,grass,2,1,1,0.4,3.0,1.1,0.96,0.68,11.95,2.15,43.9,39.1,18.8,230,-43.776,172.9104,12,50,1,0,11,0,Onshore,Onshore,Onshore,10.0,0.0
1588,French Farm Bay,2013-12-17 16:00:00,Akaroa,0.0,0.0,0.0,3.4,14.0,14.0,incoming,medium,muddy,5,grass,2,1,1,9.2,7.0,0.7,1.11,1.25,0.18,1.97,94.1,94.3,93.7,230,-43.776,172.9104,12,51,1,0,16,0,Onshore,Onshore,Onshore,10.0,0.0
1589,French Farm Bay,2013-12-22 10:00:00,Akaroa,0.0,0.0,0.0,17.6,23.4,23.4,ebbing,medium,muddy,5,grass,2,1,1,4.4,15.0,1.67,0.72,0.52,9.97,1.84,129.8,204.4,215.6,230,-43.776,172.9104,12,51,6,1,10,1,Alongshore,Offshore,Offshore,23.0,0.0
1590,French Farm Bay,2014-01-07 08:00:00,Akaroa,0.0,0.0,0.0,0.0,0.0,1.6,incoming,medium,muddy,5,grass,2,1,1,0.0,0.0,1.9,1.55,1.08,0.05,2.32,316.8,0.7,4.1,230,-43.776,172.9104,1,2,1,0,8,0,Alongshore,Alongshore,Alongshore,23.0,0.0
1591,French Farm Bay,2014-01-14 15:00:00,Akaroa,0.0,0.0,0.0,0.0,0.0,0.2,ebbing,medium,muddy,5,grass,2,1,1,0.0,0.0,0.92,0.7,0.71,12.23,2.15,138.2,134.6,194.5,230,-43.776,172.9104,1,3,1,0,15,0,Alongshore,Alongshore,Offshore,23.0,0.0
1592,French Farm Bay,2014-01-21 07:00:00,Akaroa,0.0,0.0,0.8,1.0,1.0,1.0,ebbing,medium,muddy,5,grass,2,1,1,0.4,4.0,1.65,1.46,1.45,12.27,1.88,45.8,49.3,50.4,230,-43.776,172.9104,1,4,1,0,7,0,Onshore,Onshore,Onshore,23.0,0.0
1593,French Farm Bay,2014-01-29 15:00:00,Akaroa,0.0,0.0,0.0,0.0,0.0,0.4,ebbing,medium,muddy,5,grass,2,1,1,0.0,0.0,0.91,0.42,0.45,11.63,2.51,125.1,68.1,21.8,230,-43.776,172.9104,1,5,2,0,15,0,Alongshore,Onshore,Onshore,23.0,0.0
1594,French Farm Bay,2014-02-04 08:00:00,Akaroa,0.0,0.0,0.0,0.0,0.0,0.0,ebbing,medium,muddy,5,grass,2,1,1,0.0,0.0,0.96,0.72,0.78,11.95,2.27,339.1,321.9,328.9,230,-43.776,172.9104,2,6,1,0,8,1,Alongshore,Alongshore,Alongshore,10.0,0.0
1595,French Farm Bay,2014-02-11 14:00:00,Akaroa,0.0,0.0,0.0,0.0,0.0,0.6,ebbing,medium,muddy,5,grass,2,1,1,0.0,0.0,0.42,0.49,0.51,11.97,2.1,110.9,130.7,357.5,230,-43.776,172.9104,2,7,1,0,14,0,Alongshore,Alongshore,Alongshore,10.0,0.0
1596,French Farm Bay,2014-02-18 06:00:00,Akaroa,0.0,0.0,0.0,0.0,0.0,0.0,ebbing,medium,muddy,5,grass,2,1,1,0.0,0.0,1.5,0.4,0.81,12.07,1.97,55.8,31.9,355.6,230,-43.776,172.9104,2,8,1,0,6,0,Onshore,Onshore,Alongshore,10.0,0.0
1597,French Farm Bay,2014-02-25 14:00:00,Akaroa,0.0,0.0,0.0,0.0,0.0,20.8,ebbing,medium,muddy,5,grass,2,1,1,0.0,0.0,1.26,1.04,1.01,10.87,2.32,40.6,50.6,62.4,230,-43.776,172.9104,2,9,1,0,14,0,Onshore,Onshore,Onshore,10.0,0.0
1598,French Farm Bay,2014-03-10 11:00:00,Akaroa,0.0,0.0,0.0,0.0,0.0,0.0,incoming,medium,muddy,5,grass,2,1,1,0.0,0.0,0.96,0.61,0.35,0.22,1.87,354.4,357.2,0.8,230,-43.776,172.9104,3,11,0,0,11,0,Alongshore,Alongshore,Alongshore,10.0,0.0
1599,French Farm Bay,2014-11-19 14:00:00,Akaroa,0.0,0.0,9.4,10.8,10.8,10.8,ebbing,medium,muddy,5,grass,2,1,1,5.8,6.0,1.36,0.56,0.49,11.72,2.03,120.7,125.6,151.5,230,-43.776,172.9104,11,47,2,0,14,0,Alongshore,Alongshore,Alongshore,,0.0
1600,French Farm Bay,2014-11-25 18:00:00,Akaroa,0.0,0.0,0.0,0.2,0.2,0.2,incoming,medium,muddy,5,grass,2,1,1,0.2,1.0,2.2,2.85,4.85,0.2,2.09,284.4,286.5,320.6,230,-43.776,172.9104,11,48,1,0,18,0,Alongshore,Alongshore,Alongshore,20.0,0.0
1601,French Farm Bay,2014-12-09 06:00:00,Akaroa,0.0,0.0,0.0,0.0,0.0,0.0,ebbing,medium,muddy,5,grass,2,1,1,0.0,0.0,2.03,2.52,2.21,12.22,2.02,11.2,355.3,0.9,230,-43.776,172.9104,12,50,1,0,6,0,Onshore,Alongshore,Alongshore,15.0,0.0
1602,French Farm Bay,2014-12-16 10:00:00,Akaroa,0.0,0.0,0.0,0.0,0.0,0.0,incoming,medium,muddy,5,grass,2,1,1,0.0,0.0,2.48,2.2,1.62,1.2,1.91,35.5,20.4,8.0,230,-43.776,172.9104,12,51,1,0,10,0,Onshore,Onshore,Onshore,13.333333333333334,0.0
1603,French Farm Bay,2014-12-21 16:00:00,Akaroa,0.0,1.0,7.8,7.8,8.0,8.0,ebbing,medium,muddy,5,grass,2,1,1,3.2,6.0,0.36,0.33,0.42,11.88,2.34,134.9,116.8,160.3,230,-43.776,172.9104,12,51,6,1,16,1,Alongshore,Alongshore,Alongshore,12.5,0.0
1604,French Farm Bay,2014-12-30 13:00:00,Akaroa,0.0,0.0,0.0,0.0,0.0,0.2,ebbing,medium,muddy,5,grass,2,1,1,0.0,0.0,2.22,2.2,2.74,10.53,2.21,22.4,31.1,10.1,230,-43.776,172.9104,12,1,1,0,13,1,Onshore,Onshore,Onshore,12.0,0.0
1605,French Farm Bay,2015-01-05 16:00:00,Akaroa,0.0,0.0,0.0,0.0,0.0,0.0,ebbing,medium,muddy,5,grass,2,1,1,0.0,0.0,0.67,0.67,0.52,12.03,2.26,139.3,127.6,103.5,230,-43.776,172.9104,1,2,0,0,16,1,Alongshore,Alongshore,Alongshore,10.0,0.0
1606,French Farm Bay,2015-01-13 11:00:00,Akaroa,0.0,0.0,0.0,0.0,0.0,0.0,ebbing,medium,muddy,5,grass,2,1,1,0.0,0.0,1.25,0.54,0.38,10.77,1.87,131.3,40.9,28.0,230,-43.776,172.9104,1,3,1,0,11,0,Alongshore,Onshore,Onshore,10.0,0.0
1607,French Farm Bay,2015-01-20 15:00:00,Akaroa,2.4,2.4,2.4,2.8,2.8,2.8,incoming,medium,muddy,5,grass,2,1,1,1.6,4.0,0.72,0.79,0.79,0.45,2.22,138.5,130.1,199.4,230,-43.776,172.9104,1,4,1,0,15,0,Alongshore,Alongshore,Offshore,10.0,0.0
1608,French Farm Bay,2015-01-27 12:00:00,Akaroa,0.0,0.0,0.0,0.0,0.0,0.0,ebbing,medium,muddy,5,grass,2,1,1,0.0,0.0,1.61,1.82,1.62,10.37,2.22,46.1,40.9,20.5,230,-43.776,172.9104,1,5,1,0,12,0,Onshore,Onshore,Onshore,10.0,0.0
1609,French Farm Bay,2015-02-03 16:00:00,Akaroa,0.0,0.0,0.0,2.6,2.6,2.6,ebbing,medium,muddy,5,grass,2,1,1,1.2,3.0,1.49,2.4,2.46,12.15,2.21,31.4,38.6,52.5,230,-43.776,172.9104,2,6,1,0,16,1,Onshore,Onshore,Onshore,10.0,0.0
1610,French Farm Bay,2015-02-10 10:00:00,Akaroa,0.0,0.0,0.0,0.2,1.6,1.6,ebbing,medium,muddy,5,grass,2,1,1,0.6,5.0,1.11,0.38,0.36,10.67,1.89,176.7,318.2,255.4,230,-43.776,172.9104,2,7,1,0,10,0,Alongshore,Alongshore,Offshore,10.0,0.0
1611,French Farm Bay,2015-02-17 13:00:00,Akaroa,0.0,0.0,0.0,0.0,0.0,0.0,incoming,medium,muddy,5,grass,2,1,1,0.0,0.0,1.29,0.26,0.55,1.5,2.2,94.8,115.0,352.6,230,-43.776,172.9104,2,8,1,0,13,0,Onshore,Alongshore,Alongshore,10.0,0.0
1612,French Farm Bay,2015-02-24 11:00:00,Akaroa,0.0,0.0,0.0,0.0,1.8,1.8,ebbing,medium,muddy,5,grass,2,1,1,1.6,2.0,1.51,0.56,0.7,9.93,2.28,112.0,45.3,14.9,230,-43.776,172.9104,2,9,1,0,11,0,Alongshore,Onshore,Onshore,10.0,0.0
1613,French Farm Bay,2015-03-03 14:00:00,Akaroa,0.0,0.0,0.0,0.6,0.6,0.6,incoming,medium,muddy,5,grass,2,1,1,0.6,1.0,0.74,0.65,0.48,0.8,1.98,140.5,122.3,41.8,230,-43.776,172.9104,3,10,1,0,14,0,Alongshore,Alongshore,Onshore,10.0,0.0
1614,French Farm Bay,2015-11-18 09:00:00,Akaroa,0.0,0.0,0.2,3.0,3.0,3.0,ebbing,medium,muddy,5,grass,2,1,1,1.4,4.0,3.25,2.04,1.28,12.12,1.95,201.4,212.6,214.5,230,-43.776,172.9104,11,47,2,0,9,0,Offshore,Offshore,Offshore,,0.0
1615,French Farm Bay,2015-11-24 12:00:00,Akaroa,0.0,0.0,0.0,0.0,0.0,0.2,incoming,medium,muddy,5,grass,2,1,1,0.0,0.0,1.91,1.14,1.56,2.12,2.33,111.3,102.5,30.1,230,-43.776,172.9104,11,48,1,0,12,0,Alongshore,Alongshore,Onshore,52.0,0.0
1616,French Farm Bay,2015-12-01 07:00:00,Akaroa,0.0,0.0,0.0,0.0,0.0,0.2,incoming,medium,muddy,5,grass,2,1,1,0.0,0.0,1.94,0.81,0.28,0.35,2.25,123.4,8.9,359.0,230,-43.776,172.9104,12,49,1,0,7,0,Alongshore,Onshore,Alongshore,31.0,0.0
1617,French Farm Bay,2015-12-08 12:00:00,Akaroa,0.0,0.0,0.0,0.0,1.0,3.4,incoming,medium,muddy,5,grass,2,1,1,0.6,2.0,2.97,2.81,3.19,1.08,1.94,218.0,218.9,226.8,230,-43.776,172.9104,12,50,1,0,12,0,Offshore,Offshore,Offshore,24.0,0.0
1618,French Farm Bay,2015-12-15 06:00:00,Akaroa,2.4,2.4,2.4,2.4,2.6,15.0,incoming,medium,muddy,5,grass,2,1,1,1.2,3.0,0.71,1.08,0.91,0.23,2.24,54.9,35.2,354.3,230,-43.776,172.9104,12,51,1,0,6,0,Onshore,Onshore,Alongshore,20.5,0.0
1619,French Farm Bay,2015-12-22 11:00:00,Akaroa,0.0,0.2,0.4,0.6,0.6,0.6,incoming,medium,muddy,5,grass,2,1,1,0.2,3.0,1.1,0.3,0.7,1.87,2.21,117.7,173.4,189.3,230,-43.776,172.9104,12,52,1,0,11,1,Alongshore,Alongshore,Offshore,20.4,0.0
1620,French Farm Bay,2015-12-29 07:00:00,Akaroa,0.0,0.0,0.0,0.0,0.0,0.0,ebbing,medium,muddy,5,grass,2,1,1,0.0,0.0,1.73,1.36,0.42,12.35,2.06,276.8,265.8,265.0,230,-43.776,172.9104,12,53,1,0,7,1,Alongshore,Offshore,Offshore,12.0,0.0
1621,French Farm Bay,2016-01-06 10:00:00,Akaroa,0.0,0.0,0.0,0.0,0.0,2.4,incoming,medium,muddy,5,grass,2,1,1,0.0,0.0,2.05,1.37,0.37,2.5,1.88,27.8,8.4,12.6,230,-43.776,172.9104,1,1,2,0,10,0,Onshore,Onshore,Onshore,12.0,0.0
1622,French Farm Bay,2016-01-12 06:00:00,Akaroa,0.0,0.0,0.0,0.0,0.0,0.0,ebbing,medium,muddy,5,grass,2,1,1,0.0,0.0,1.34,1.79,1.45,11.93,2.12,316.3,256.5,272.9,230,-43.776,172.9104,1,2,1,0,6,0,Alongshore,Offshore,Offshore,12.0,0.0
1623,French Farm Bay,2016-01-19 10:00:00,Akaroa,0.0,0.0,0.0,5.4,7.8,7.8,incoming,medium,muddy,5,grass,2,1,1,2.0,11.0,2.14,3.11,3.46,1.7,2.14,235.6,239.5,260.3,230,-43.776,172.9104,1,3,1,0,10,0,Offshore,Offshore,Offshore,12.0,0.0
1624,French Farm Bay,2016-01-26 06:00:00,Akaroa,0.0,0.0,0.0,0.2,0.2,0.2,ebbing,medium,muddy,5,grass,2,1,1,0.2,1.0,1.26,2.17,2.16,12.07,2.09,181.7,182.3,180.9,230,-43.776,172.9104,1,4,1,0,6,0,Alongshore,Alongshore,Alongshore,10.0,0.0
1625,French Farm Bay,2016-02-01 09:00:00,Akaroa,0.0,0.0,0.0,0.0,0.0,0.0,incoming,medium,muddy,5,grass,2,1,1,0.0,0.0,1.24,0.46,0.57,0.67,1.87,92.6,341.1,329.9,230,-43.776,172.9104,2,5,0,0,9,1,Onshore,Alongshore,Alongshore,10.0,0.0
1626,French Farm Bay,2016-02-10 07:00:00,Akaroa,0.0,0.0,0.0,0.0,0.0,0.0,ebbing,medium,muddy,5,grass,2,1,1,0.0,0.0,2.77,2.27,2.14,10.48,2.27,352.5,11.0,9.1,230,-43.776,172.9104,2,6,2,0,7,0,Alongshore,Onshore,Onshore,10.0,0.0
1627,French Farm Bay,2016-02-16 09:00:00,Akaroa,0.0,0.0,0.0,0.0,0.0,0.0,incoming,medium,muddy,5,grass,2,1,1,0.0,0.0,1.67,1.21,0.74,1.3,2.12,109.7,22.9,359.8,230,-43.776,172.9104,2,7,1,0,9,0,Alongshore,Onshore,Alongshore,10.0,0.0
1628,French Farm Bay,2016-02-23 14:00:00,Akaroa,0.0,0.0,0.0,0.0,0.0,0.0,incoming,medium,muddy,5,grass,2,1,1,0.0,0.0,0.6,0.33,0.29,2.43,2.09,114.0,86.9,334.3,230,-43.776,172.9104,2,8,1,0,14,0,Alongshore,Onshore,Alongshore,10.0,0.0
1629,French Farm Bay,2016-11-22 12:00:00,Akaroa,0.0,0.0,0.0,0.0,0.0,0.0,ebbing,medium,muddy,5,grass,2,1,1,0.0,0.0,0.63,0.38,0.13,11.17,2.04,156.8,75.2,348.7,230,-43.776,172.9104,11,47,1,0,12,0,Alongshore,Onshore,Alongshore,,0.0
1630,French Farm Bay,2016-11-29 15:00:00,Akaroa,0.0,0.0,0.0,0.0,0.0,1.2,incoming,medium,muddy,5,grass,2,1,1,0.0,0.0,1.66,1.01,1.55,1.2,1.96,229.4,203.0,211.1,230,-43.776,172.9104,11,48,1,0,15,0,Offshore,Offshore,Offshore,10.0,0.0
1631,French Farm Bay,2016-12-06 10:00:00,Akaroa,0.0,0.0,0.0,0.0,0.0,0.0,ebbing,medium,muddy,5,grass,2,1,1,0.0,0.0,0.45,0.25,0.26,11.0,1.89,142.7,163.1,225.0,230,-43.776,172.9104,12,49,1,0,10,0,Alongshore,Alongshore,Offshore,10.0,0.0
1632,French Farm Bay,2016-12-13 14:00:00,Akaroa,0.0,0.0,0.0,0.0,17.0,26.6,incoming,medium,muddy,5,grass,2,1,1,4.0,12.0,1.29,1.05,1.43,0.8,2.32,93.4,99.1,30.2,230,-43.776,172.9104,12,50,1,0,14,0,Onshore,Alongshore,Onshore,10.0,0.0
1633,French Farm Bay,2016-12-20 09:00:00,Akaroa,0.0,0.0,0.0,0.0,0.0,0.0,incoming,medium,muddy,5,grass,2,1,1,0.0,0.0,2.8,2.99,3.03,0.23,2.23,22.0,32.4,38.6,230,-43.776,172.9104,12,51,1,0,9,1,Onshore,Onshore,Onshore,10.0,0.0
1634,French Farm Bay,2016-12-28 13:00:00,Akaroa,1.0,1.0,1.0,1.0,1.0,1.0,incoming,medium,muddy,5,grass,2,1,1,0.8,2.0,0.77,0.19,0.38,2.15,1.92,241.4,167.3,108.5,230,-43.776,172.9104,12,52,2,0,13,1,Offshore,Alongshore,Alongshore,10.0,0.0
1635,French Farm Bay,2017-01-05 09:00:00,Akaroa,0.0,0.0,0.0,1.2,13.6,17.0,incoming,medium,muddy,5,grass,2,1,1,4.0,11.0,2.17,0.9,0.24,0.32,2.13,122.4,223.9,222.4,230,-43.776,172.9104,1,1,3,0,9,1,Alongshore,Offshore,Offshore,10.0,0.0
1636,French Farm Bay,2017-01-10 14:00:00,Akaroa,0.0,0.0,0.0,0.0,0.0,0.0,ebbing,medium,muddy,5,grass,2,1,1,0.0,0.0,1.69,0.99,0.6,12.1,2.45,100.1,38.7,32.2,230,-43.776,172.9104,1,2,1,0,14,0,Alongshore,Onshore,Onshore,16.2,0.0
1637,French Farm Bay,2017-01-17 08:00:00,Akaroa,0.0,0.0,0.0,0.0,0.0,0.0,ebbing,medium,muddy,5,grass,2,1,1,0.0,0.0,2.73,3.43,2.92,12.07,2.09,323.7,331.4,351.7,230,-43.776,172.9104,1,3,1,0,8,0,Alongshore,Alongshore,Alongshore,16.2,0.0
1638,French Farm Bay,2017-01-23 13:00:00,Akaroa,0.0,0.0,0.0,2.0,60.0,64.0,ebbing,medium,muddy,5,grass,2,1,1,8.0,25.0,1.12,0.32,0.67,11.77,2.01,87.6,130.3,244.6,230,-43.776,172.9104,1,4,0,0,13,0,Onshore,Alongshore,Offshore,16.2,0.0
1639,French Farm Bay,2017-01-31 07:00:00,Akaroa,0.0,0.0,0.0,0.0,0.0,0.0,ebbing,medium,muddy,5,grass,2,1,1,0.0,0.0,2.79,3.4,2.33,11.22,2.07,354.6,341.8,356.2,230,-43.776,172.9104,1,5,1,0,7,1,Alongshore,Alongshore,Alongshore,18.2,0.0
1640,French Farm Bay,2017-02-08 15:00:00,Akaroa,0.0,0.0,0.0,0.6,0.6,1.6,ebbing,medium,muddy,5,grass,2,1,1,0.4,2.0,0.74,0.36,0.52,11.3,2.39,206.3,194.4,216.8,230,-43.776,172.9104,2,6,2,0,15,1,Offshore,Offshore,Offshore,18.2,0.0
1641,French Farm Bay,2017-02-14 17:00:00,Akaroa,0.0,0.0,0.0,0.0,0.0,0.0,incoming,medium,muddy,5,grass,2,1,1,0.0,0.0,0.52,0.32,0.44,1.38,2.14,118.3,106.1,77.9,230,-43.776,172.9104,2,7,1,0,17,0,Alongshore,Alongshore,Onshore,12.0,0.0
1642,French Farm Bay,2017-02-21 15:00:00,Akaroa,0.0,0.0,0.0,0.0,0.0,1.0,ebbing,medium,muddy,5,grass,2,1,1,0.0,0.0,0.52,0.62,1.1,9.82,1.98,101.8,118.6,31.1,230,-43.776,172.9104,2,8,1,0,15,0,Alongshore,Alongshore,Onshore,12.0,0.0
1643,French Farm Bay,2017-03-06 09:00:00,Akaroa,0.0,0.0,0.0,0.0,0.0,0.0,incoming,medium,muddy,5,grass,2,1,1,0.0,0.0,0.51,0.79,0.53,1.07,2.09,73.3,46.3,17.1,230,-43.776,172.9104,3,10,0,0,9,0,Onshore,Onshore,Onshore,12.0,0.0
1644,French Farm Bay,2017-11-14 12:00:00,Akaroa,0.0,0.0,0.0,0.0,0.0,1.2,incoming,medium,muddy,5,grass,2,1,1,0.0,0.0,1.04,0.14,0.14,0.93,2.19,170.6,210.2,281.1,230,-43.776,172.9104,11,46,1,0,12,0,Alongshore,Offshore,Alongshore,,0.0
1645,French Farm Bay,2017-11-29 13:00:00,Akaroa,0.0,0.0,0.0,0.0,0.0,0.0,ebbing,medium,muddy,5,grass,2,1,1,0.0,0.0,0.56,0.42,0.37,11.52,2.05,151.2,178.3,318.5,230,-43.776,172.9104,11,48,2,0,13,0,Alongshore,Alongshore,Alongshore,10.0,0.0
1646,French Farm Bay,2017-12-06 06:00:00,Akaroa,0.0,0.0,0.0,0.0,0.0,0.0,ebbing,medium,muddy,5,grass,2,1,1,0.0,0.0,2.07,2.97,2.91,12.3,2.28,24.7,27.6,22.9,230,-43.776,172.9104,12,49,2,0,6,0,Onshore,Onshore,Onshore,10.0,0.0
1647,French Farm Bay,2017-12-13 13:00:00,Akaroa,0.0,0.2,5.6,5.6,6.6,6.6,ebbing,medium,muddy,5,grass,2,1,1,3.4,7.0,0.79,0.45,0.62,11.85,2.1,151.8,140.1,109.7,230,-43.776,172.9104,12,50,2,0,13,0,Alongshore,Alongshore,Alongshore,10.0,0.0
1648,French Farm Bay,2017-12-21 06:00:00,Akaroa,0.0,0.0,0.0,0.0,0.0,0.0,ebbing,medium,muddy,5,grass,2,1,1,0.0,0.0,0.88,1.24,1.49,11.72,1.86,226.0,239.4,309.5,230,-43.776,172.9104,12,51,3,0,6,1,Offshore,Offshore,Alongshore,10.0,0.0
1649,French Farm Bay,2017-12-27 08:00:00,Akaroa,0.0,0.0,0.0,0.4,7.8,7.8,incoming,medium,muddy,5,grass,2,1,1,2.6,10.0,3.44,2.77,2.15,2.22,2.01,194.7,215.4,221.2,230,-43.776,172.9104,12,52,2,0,8,1,Offshore,Offshore,Offshore,10.0,0.0
1650,French Farm Bay,2018-01-10 11:00:00,Akaroa,1.4,1.4,2.6,7.0,7.0,7.0,ebbing,medium,muddy,5,grass,2,1,1,1.2,13.0,1.36,0.59,0.73,12.45,2.06,79.6,155.2,217.8,230,-43.776,172.9104,1,2,2,0,11,0,Onshore,Alongshore,Offshore,10.0,0.0
1651,French Farm Bay,2018-01-15 14:00:00,Akaroa,0.0,0.0,0.0,0.0,0.0,0.0,incoming,medium,muddy,5,grass,2,1,1,0.0,0.0,1.88,0.96,0.4,1.3,1.92,83.0,45.8,18.9,230,-43.776,172.9104,1,3,0,0,14,0,Onshore,Onshore,Onshore,10.0,0.0
1652,French Farm Bay,2018-01-24 09:00:00,Akaroa,0.0,0.0,0.0,0.0,0.0,0.0,incoming,medium,muddy,5,grass,2,1,1,0.0,0.0,1.04,0.8,0.4,0.27,2.02,56.0,1.9,321.8,230,-43.776,172.9104,1,4,2,0,9,0,Onshore,Alongshore,Alongshore,10.0,0.0
1653,French Farm Bay,2018-01-29 13:00:00,Akaroa,0.0,0.0,0.0,0.0,0.0,0.0,incoming,medium,muddy,5,grass,2,1,1,0.0,0.0,1.22,0.38,0.4,0.27,2.19,134.9,105.1,354.9,230,-43.776,172.9104,1,5,0,0,13,0,Alongshore,Alongshore,Alongshore,10.0,0.0
1654,French Farm Bay,2018-02-09 11:00:00,Akaroa,0.0,0.0,0.0,0.0,0.0,0.0,incoming,medium,muddy,5,grass,2,1,1,0.0,0.0,1.61,0.41,0.61,0.37,1.92,157.3,68.4,16.4,230,-43.776,172.9104,2,6,4,0,11,1,Alongshore,Onshore,Onshore,10.0,0.0
1655,French Farm Bay,2018-02-14 14:00:00,Akaroa,0.0,0.0,0.0,0.0,0.0,0.0,incoming,medium,muddy,5,grass,2,1,1,0.0,0.0,1.04,0.22,0.21,1.38,1.92,75.7,123.5,219.7,230,-43.776,172.9104,2,7,2,0,14,0,Onshore,Alongshore,Offshore,10.0,0.0
1656,French Farm Bay,2018-02-23 09:00:00,Akaroa,0.0,0.0,0.0,0.0,2.0,85.4,incoming,medium,muddy,5,grass,2,1,1,0.6,6.0,1.05,0.75,0.45,0.15,2.02,153.2,264.8,250.4,230,-43.776,172.9104,2,8,4,0,9,0,Alongshore,Offshore,Offshore,10.0,0.0
1657,French Farm Bay,2018-03-09 11:00:00,Akaroa,0.0,0.0,0.0,2.8,2.8,2.8,ebbing,medium,muddy,5,grass,2,1,1,1.0,4.0,2.18,1.68,0.95,11.5,2.01,139.8,161.1,175.2,230,-43.776,172.9104,3,10,4,0,11,0,Alongshore,Alongshore,Alongshore,10.0,0.0
1658,French Farm Bay,2018-03-21 07:00:00,Akaroa,0.0,0.0,0.0,0.0,0.0,0.0,ebbing,medium,muddy,5,grass,2,1,1,0.0,0.0,1.0,1.6,2.0,11.83,2.16,223.2,247.3,270.0,230,-43.776,172.9104,3,12,2,0,7,0,Offshore,Offshore,Offshore,10.0,0.0
1659,French Farm Bay,2018-11-14 09:00:00,Akaroa,0.0,0.0,0.0,0.0,0.0,0.0,ebbing,medium,muddy,5,grass,2,1,1,0.0,0.0,1.73,1.11,0.52,12.22,1.83,41.2,355.7,337.4,230,-43.776,172.9104,11,46,2,0,9,0,Onshore,Alongshore,Alongshore,,0.0
1660,French Farm Bay,2018-11-19 13:00:00,Akaroa,0.0,2.8,3.0,3.6,31.6,31.6,ebbing,medium,muddy,5,grass,2,1,1,12.4,15.0,0.92,0.9,1.24,12.25,1.97,97.2,117.8,196.8,230,-43.776,172.9104,11,47,0,0,13,0,Alongshore,Alongshore,Offshore,10.0,0.0
1661,French Farm Bay,2018-11-29 09:00:00,Akaroa,0.0,0.0,0.0,0.0,4.6,21.8,ebbing,medium,muddy,5,grass,2,1,1,1.2,10.0,1.87,1.67,1.44,12.13,2.1,61.0,54.1,60.7,230,-43.776,172.9104,11,48,3,0,9,0,Onshore,Onshore,Onshore,10.0,0.0
1662,French Farm Bay,2018-12-03 13:00:00,Akaroa,0.0,0.0,0.6,2.8,5.6,6.2,ebbing,medium,muddy,5,grass,2,1,1,0.6,20.0,0.89,0.38,0.66,12.18,2.2,101.8,119.8,53.1,230,-43.776,172.9104,12,49,0,0,13,0,Alongshore,Alongshore,Onshore,10.0,0.0
1663,French Farm Bay,2018-12-11 08:00:00,Akaroa,1.0,1.6,1.6,1.6,1.6,1.6,ebbing,medium,muddy,5,grass,2,1,1,0.4,5.0,2.15,1.94,1.92,11.3,1.89,47.6,42.9,43.7,230,-43.776,172.9104,12,50,1,0,8,0,Onshore,Onshore,Onshore,10.0,0.0
1664,French Farm Bay,2018-12-17 12:00:00,Akaroa,0.0,0.0,0.0,0.0,0.0,0.0,ebbing,medium,muddy,5,grass,2,1,1,0.0,0.0,0.36,0.37,0.33,11.93,1.91,132.7,148.9,312.1,230,-43.776,172.9104,12,51,0,0,12,0,Alongshore,Alongshore,Alongshore,10.0,0.0
1665,French Farm Bay,2018-12-28 08:00:00,Akaroa,0.0,0.0,0.0,0.0,0.0,0.0,ebbing,medium,muddy,5,grass,2,1,1,0.0,0.0,2.93,2.88,2.41,12.43,2.18,25.5,38.0,36.8,230,-43.776,172.9104,12,52,4,0,8,1,Onshore,Onshore,Onshore,10.0,0.0
1666,French Farm Bay,2019-01-09 06:00:00,Akaroa,0.0,0.0,0.0,0.0,0.0,5.4,ebbing,medium,muddy,5,grass,2,1,1,0.0,0.0,3.21,2.8,2.18,12.38,1.9,352.7,3.6,20.0,230,-43.776,172.9104,1,2,2,0,6,0,Alongshore,Alongshore,Onshore,10.0,0.0
1667,French Farm Bay,2019-01-14 10:00:00,Akaroa,0.0,0.0,0.0,33.4,33.6,33.6,ebbing,medium,muddy,5,grass,2,1,1,15.0,8.0,3.01,2.31,2.18,11.7,1.87,204.3,211.9,213.2,230,-43.776,172.9104,1,3,0,0,10,0,Offshore,Offshore,Offshore,10.0,0.0
1668,French Farm Bay,2019-01-16 11:00:00,Akaroa,0.0,0.0,0.0,0.0,0.0,33.4,incoming,medium,muddy,5,grass,2,1,1,0.0,0.0,1.59,0.69,0.93,0.37,1.92,116.0,41.5,351.1,230,-43.776,172.9104,1,3,2,0,11,0,Alongshore,Onshore,Alongshore,878.0,0.1
1669,French Farm Bay,2019-01-25 06:00:00,Akaroa,0.0,0.0,0.0,0.0,7.8,9.4,incoming,medium,muddy,5,grass,2,1,1,4.0,2.0,0.93,1.89,1.75,0.77,2.48,54.7,44.7,8.9,230,-43.776,172.9104,1,4,4,0,6,0,Onshore,Onshore,Onshore,878.0,0.09090909090909091
1670,French Farm Bay,2019-01-30 09:00:00,Akaroa,0.0,0.0,0.0,0.0,0.0,0.0,incoming,medium,muddy,5,grass,2,1,1,0.0,0.0,0.88,0.28,0.9,2.38,2.0,187.8,290.4,287.5,230,-43.776,172.9104,1,5,2,0,9,0,Offshore,Alongshore,Alongshore,878.0,0.08333333333333333
1671,French Farm Bay,2019-02-08 06:00:00,Akaroa,0.0,0.0,0.0,0.0,0.0,0.0,incoming,medium,muddy,5,grass,2,1,1,0.0,0.0,2.48,2.75,2.7,0.33,2.09,27.1,19.7,19.4,230,-43.776,172.9104,2,6,4,0,6,1,Onshore,Onshore,Onshore,878.0,0.07692307692307693
1672,French Farm Bay,2019-02-13 09:00:00,Akaroa,0.0,0.0,0.4,0.4,0.4,0.4,incoming,medium,muddy,5,grass,2,1,1,0.4,1.0,1.62,1.48,0.68,0.8,1.89,30.4,7.2,343.8,230,-43.776,172.9104,2,7,2,0,9,0,Onshore,Onshore,Alongshore,878.0,0.07142857142857142
1673,French Farm Bay,2019-02-18 13:00:00,Akaroa,0.0,0.0,0.0,0.0,0.0,0.8,incoming,medium,muddy,5,grass,2,1,1,0.0,0.0,0.4,0.41,0.3,1.65,2.23,127.5,135.8,2.8,230,-43.776,172.9104,2,8,0,0,13,0,Alongshore,Alongshore,Alongshore,12.0,0.06666666666666667
1674,French Farm Bay,2019-02-25 08:00:00,Akaroa,0.0,0.0,0.0,2.0,22.2,22.2,incoming,medium,muddy,5,grass,2,1,1,8.2,13.0,1.5,1.07,0.43,0.22,2.21,274.7,241.7,226.6,230,-43.776,172.9104,2,9,0,0,8,0,Offshore,Offshore,Offshore,12.0,0.0625
1675,French Farm Bay,2019-11-18 07:00:00,Akaroa,0.0,0.0,2.0,2.0,2.0,2.0,incoming,medium,muddy,5,grass,2,1,1,2.0,1.0,1.13,0.52,0.43,0.52,2.18,83.5,245.6,225.0,230,-43.776,172.9104,11,47,0,0,7,0,Onshore,Offshore,Offshore,,0.0
1676,French Farm Bay,2019-12-05 09:00:00,Akaroa,0.0,0.0,0.0,0.0,0.0,0.0,incoming,medium,muddy,5,grass,2,1,1,0.0,0.0,3.08,2.66,1.93,1.12,2.0,34.8,24.4,20.6,230,-43.776,172.9104,12,49,3,0,9,0,Onshore,Onshore,Onshore,10.0,0.0
1677,French Farm Bay,2019-12-11 13:00:00,Akaroa,0.0,0.0,0.0,0.0,0.0,0.2,incoming,medium,muddy,5,grass,2,1,1,0.0,0.0,0.35,0.15,0.42,2.28,1.96,184.0,168.4,235.2,230,-43.776,172.9104,12,50,2,0,13,0,Alongshore,Alongshore,Offshore,10.0,0.0
1678,French Farm Bay,2019-12-18 11:00:00,Akaroa,0.0,0.0,0.0,24.2,46.4,46.4,ebbing,medium,muddy,5,grass,2,1,1,5.0,24.0,3.15,0.93,0.62,10.28,2.07,120.0,200.4,224.2,230,-43.776,172.9104,12,51,2,0,11,0,Alongshore,Offshore,Offshore,10.0,0.0
1679,French Farm Bay,2019-12-20 11:00:00,Akaroa,0.0,0.0,0.0,0.0,0.0,24.2,ebbing,medium,muddy,5,grass,2,1,1,0.0,0.0,4.89,3.76,3.52,12.48,2.15,216.3,217.8,226.1,230,-43.776,172.9104,12,51,4,0,11,1,Offshore,Offshore,Offshore,51.25,0.0
1680,French Farm Bay,2020-01-03 09:00:00,Akaroa,6.4,16.0,18.2,18.2,18.2,18.2,incoming,medium,muddy,5,grass,2,1,1,4.0,7.0,1.41,0.26,0.12,0.9,1.95,98.7,355.0,138.5,230,-43.776,172.9104,1,1,4,0,9,1,Alongshore,Alongshore,Alongshore,43.0,0.0
1681,French Farm Bay,2020-01-08 14:00:00,Akaroa,0.0,0.0,0.0,0.0,1.8,2.0,ebbing,medium,muddy,5,grass,2,1,1,0.8,3.0,0.39,0.38,0.5,12.13,2.14,141.7,131.4,322.1,230,-43.776,172.9104,1,2,2,0,14,0,Alongshore,Alongshore,Alongshore,47.2,0.0
1682,French Farm Bay,2020-01-16 10:00:00,Akaroa,0.0,0.0,0.0,0.0,0.0,0.0,ebbing,medium,muddy,5,grass,2,1,1,0.0,0.0,2.06,1.7,1.22,10.45,2.17,48.4,40.2,34.5,230,-43.776,172.9104,1,3,3,0,10,0,Onshore,Onshore,Onshore,47.2,0.0
1683,French Farm Bay,2020-01-22 11:00:00,Akaroa,0.0,0.0,0.0,0.0,0.0,0.0,incoming,medium,muddy,5,grass,2,1,1,0.0,0.0,0.62,0.21,0.48,2.42,2.03,144.2,109.4,317.9,230,-43.776,172.9104,1,4,2,0,11,0,Alongshore,Alongshore,Alongshore,47.2,0.0
1684,French Farm Bay,2020-01-30 08:00:00,Akaroa,0.0,0.0,0.0,0.0,0.0,0.0,ebbing,medium,muddy,5,grass,2,1,1,0.0,0.0,2.45,2.22,0.97,11.93,1.89,21.7,4.7,12.0,230,-43.776,172.9104,1,5,3,0,8,0,Onshore,Alongshore,Onshore,14.2,0.0
1685,French Farm Bay,2020-02-04 11:00:00,Akaroa,5.0,6.0,6.0,6.0,6.0,6.0,incoming,medium,muddy,5,grass,2,1,1,3.6,4.0,1.88,3.46,5.92,0.27,1.82,231.7,242.2,278.2,230,-43.776,172.9104,2,6,1,0,11,1,Offshore,Offshore,Alongshore,14.2,0.0
1686,French Farm Bay,2020-02-12 07:00:00,Akaroa,0.0,0.0,0.0,0.0,0.0,0.0,ebbing,medium,muddy,5,grass,2,1,1,0.0,0.0,1.98,1.93,1.13,11.78,2.3,1.5,346.9,343.2,230,-43.776,172.9104,2,7,2,0,7,0,Alongshore,Alongshore,Alongshore,10.0,0.0
1687,French Farm Bay,2020-02-20 11:00:00,Akaroa,0.0,0.0,0.0,0.0,0.0,0.0,incoming,medium,muddy,5,grass,2,1,1,0.0,0.0,2.17,1.6,1.62,2.55,1.96,14.9,22.5,29.0,230,-43.776,172.9104,2,8,3,0,11,0,Onshore,Onshore,Onshore,10.0,0.0
1688,French Farm Bay,2020-02-28 10:00:00,Akaroa,0.0,0.0,0.0,0.0,0.0,0.0,ebbing,medium,muddy,5,grass,2,1,1,0.0,0.0,4.65,4.61,4.84,9.75,1.91,8.6,8.3,9.7,230,-43.776,172.9104,2,9,4,0,10,0,Onshore,Onshore,Onshore,10.0,0.0
1689,French Farm Bay,2020-03-04 11:00:00,Akaroa,0.0,0.0,0.0,1.2,1.8,1.8,incoming,medium,muddy,5,grass,2,1,1,0.6,6.0,1.74,0.59,0.19,0.45,1.8,252.3,173.8,210.5,230,-43.776,172.9104,3,10,2,0,11,0,Offshore,Alongshore,Offshore,10.0,0.0
1690,French Farm Bay,2020-03-17 10:00:00,Akaroa,0.0,0.0,0.0,0.0,0.0,0.0,incoming,medium,muddy,5,grass,2,1,1,0.0,0.0,1.82,0.92,0.27,0.45,1.99,154.1,202.4,214.3,230,-43.776,172.9104,3,12,1,0,10,0,Alongshore,Offshore,Offshore,10.0,0.0
1691,French Farm Bay,2020-11-10 11:00:00,Akaroa,0.0,0.0,0.0,0.0,0.4,68.2,ebbing,medium,muddy,5,grass,2,1,1,0.4,1.0,0.93,0.19,0.1,12.38,2.02,141.6,118.9,124.3,230,-43.776,172.9104,11,46,1,0,11,0,Alongshore,Alongshore,Alongshore,,0.0
1692,French Farm Bay,2020-11-23 10:00:00,Akaroa,0.0,0.0,0.0,0.0,13.6,13.6,incoming,medium,muddy,5,grass,2,1,1,4.2,7.0,0.58,0.66,0.74,0.13,2.11,65.1,37.8,247.8,230,-43.776,172.9104,11,48,0,0,10,0,Onshore,Onshore,Offshore,10.0,0.0
1693,French Farm Bay,2020-12-03 06:00:00,Akaroa,0.0,0.0,0.0,0.0,0.0,0.0,ebbing,medium,muddy,5,grass,2,1,1,0.0,0.0,0.82,1.98,2.39,11.87,1.82,46.9,47.5,264.5,230,-43.776,172.9104,12,49,3,0,6,0,Onshore,Onshore,Offshore,10.0,0.0
1694,French Farm Bay,2020-12-10 12:00:00,Akaroa,0.0,0.0,0.0,0.0,0.0,0.0,ebbing,medium,muddy,5,grass,2,1,1,0.0,0.0,0.9,0.46,0.64,11.95,2.19,114.6,68.7,301.1,230,-43.776,172.9104,12,50,3,0,12,0,Alongshore,Onshore,Alongshore,10.0,0.0
1695,French Farm Bay,2020-12-17 06:00:00,Akaroa,0.0,0.0,0.0,0.0,0.0,0.0,ebbing,medium,muddy,5,grass,2,1,1,0.0,0.0,1.07,0.75,0.39,11.78,2.13,4.6,77.0,111.2,230,-43.776,172.9104,12,51,3,0,6,0,Alongshore,Onshore,Alongshore,10.0,0.0
1696,French Farm Bay,2020-12-22 10:00:00,Akaroa,0.0,0.0,0.0,3.8,8.2,11.4,incoming,medium,muddy,5,grass,2,1,1,2.0,12.0,1.16,0.47,0.23,0.28,2.06,140.8,311.3,294.7,230,-43.776,172.9104,12,52,1,0,10,1,Alongshore,Alongshore,Alongshore,16.2,0.0
1697,French Farm Bay,2020-12-29 15:00:00,Akaroa,0.0,0.0,0.0,0.0,0.0,11.4,incoming,medium,muddy,5,grass,2,1,1,0.0,0.0,1.53,1.15,1.14,0.47,1.87,62.8,59.7,49.9,230,-43.776,172.9104,12,53,1,0,15,1,Onshore,Onshore,Onshore,16.2,0.0
1698,French Farm Bay,2021-01-11 12:00:00,Akaroa,0.0,0.0,0.0,0.0,0.4,1.6,incoming,medium,muddy,5,grass,2,1,1,0.2,2.0,1.19,0.86,0.69,2.5,2.14,70.0,48.6,76.9,230,-43.776,172.9104,1,2,0,0,12,0,Onshore,Onshore,Onshore,16.2,0.0
1699,French Farm Bay,2021-01-19 09:00:00,Akaroa,0.0,0.0,0.0,0.0,2.6,2.6,ebbing,medium,muddy,5,grass,2,1,1,2.4,2.0,5.29,5.54,5.28,12.12,1.95,341.6,332.8,347.1,230,-43.776,172.9104,1,3,1,0,9,0,Alongshore,Alongshore,Alongshore,16.2,0.0
1700,French Farm Bay,2021-01-26 11:00:00,Akaroa,0.0,0.0,0.0,0.0,0.0,0.0,incoming,medium,muddy,5,grass,2,1,1,0.0,0.0,1.47,0.74,0.88,2.8,1.84,94.9,21.1,355.7,230,-43.776,172.9104,1,4,1,0,11,0,Onshore,Onshore,Alongshore,16.2,0.0
1701,French Farm Bay,2021-02-03 10:00:00,Akaroa,0.0,0.0,0.0,0.0,0.0,0.0,ebbing,medium,muddy,5,grass,2,1,1,0.0,0.0,2.32,2.8,2.87,10.35,2.14,224.5,229.3,243.5,230,-43.776,172.9104,2,5,2,0,10,1,Offshore,Offshore,Offshore,10.0,0.0
1702,French Farm Bay,2021-02-09 14:00:00,Akaroa,3.4,3.4,3.4,3.4,3.4,3.4,incoming,medium,muddy,5,grass,2,1,1,2.0,3.0,0.36,0.51,0.24,0.1,2.06,59.0,61.7,63.5,230,-43.776,172.9104,2,6,1,0,14,1,Onshore,Onshore,Onshore,10.0,0.0
1703,French Farm Bay,2021-02-17 09:00:00,Akaroa,0.0,0.0,0.0,0.0,5.0,5.2,ebbing,medium,muddy,5,grass,2,1,1,1.4,8.0,1.4,0.98,0.4,11.17,1.95,140.4,246.8,259.8,230,-43.776,172.9104,2,7,2,0,9,0,Alongshore,Offshore,Offshore,10.0,0.0
1704,French Farm Bay,2021-02-23 16:00:00,Akaroa,0.0,0.0,0.0,0.0,0.0,0.0,ebbing,medium,muddy,5,grass,2,1,1,0.0,0.0,2.71,3.43,3.46,9.42,2.05,25.3,17.7,15.5,230,-43.776,172.9104,2,8,1,0,16,0,Onshore,Onshore,Onshore,10.0,0.0
1705,French Farm Bay,2021-03-04 10:00:00,Akaroa,0.0,1.0,4.0,4.0,4.0,4.0,ebbing,medium,muddy,5,grass,2,1,1,2.0,3.0,1.79,1.47,0.65,10.32,2.25,120.5,109.7,116.9,230,-43.776,172.9104,3,9,3,0,10,0,Alongshore,Alongshore,Alongshore,10.0,0.0
1706,French Farm Bay,2021-11-26 08:00:00,Akaroa,0.0,0.0,0.0,0.0,0.0,0.0,incoming,medium,muddy,5,grass,2,1,1,0.0,0.0,1.01,0.46,0.25,0.23,1.97,71.9,4.8,308.1,230,-43.776,172.9104,11,47,4,0,8,0,Onshore,Alongshore,Alongshore,,0.0
1707,French Farm Bay,2021-12-02 14:00:00,Akaroa,0.0,0.0,0.0,0.0,0.0,0.0,ebbing,medium,muddy,5,grass,2,1,1,0.0,0.0,2.27,1.91,1.61,12.05,2.35,23.8,30.2,33.0,230,-43.776,172.9104,12,48,3,0,14,0,Onshore,Onshore,Onshore,10.0,0.0
1708,French Farm Bay,2021-12-09 08:00:00,Akaroa,0.0,0.0,0.0,0.0,0.0,4.6,ebbing,medium,muddy,5,grass,2,1,1,0.0,0.0,1.25,0.8,0.6,12.48,2.09,13.8,331.9,305.5,230,-43.776,172.9104,12,49,3,0,8,0,Onshore,Alongshore,Alongshore,10.0,0.0
1709,French Farm Bay,2021-12-15 13:00:00,Akaroa,1.0,13.0,63.4,80.6,80.6,80.6,ebbing,medium,muddy,5,grass,2,1,1,12.8,22.0,1.84,2.69,2.95,12.43,2.05,215.4,215.8,222.2,230,-43.776,172.9104,12,50,2,0,13,0,Offshore,Offshore,Offshore,10.0,0.0
1710,French Farm Bay,2021-12-23 07:00:00,Akaroa,0.0,0.0,0.0,0.0,0.0,0.0,ebbing,medium,muddy,5,grass,2,1,1,0.0,0.0,2.21,2.45,2.2,12.22,1.78,355.5,18.2,42.3,230,-43.776,172.9104,12,51,3,0,7,1,Alongshore,Onshore,Onshore,17.75,0.0
1711,French Farm Bay,2021-12-30 12:00:00,Akaroa,0.0,0.0,0.0,0.0,0.0,4.4,incoming,medium,muddy,5,grass,2,1,1,0.0,0.0,1.5,2.31,0.91,0.75,2.11,187.1,149.1,168.2,230,-43.776,172.9104,12,52,3,0,12,1,Offshore,Alongshore,Alongshore,16.2,0.0
1712,French Farm Bay,2022-01-07 07:00:00,Akaroa,0.0,0.0,0.0,0.0,0.4,0.4,incoming,medium,muddy,5,grass,2,1,1,0.2,2.0,3.48,3.14,2.78,0.4,2.38,236.4,234.4,227.8,230,-43.776,172.9104,1,1,4,0,7,0,Offshore,Offshore,Offshore,16.2,0.0
1713,French Farm Bay,2022-01-12 11:00:00,Akaroa,0.0,3.6,4.8,4.8,4.8,4.8,incoming,medium,muddy,5,grass,2,1,1,2.0,4.0,0.87,1.57,1.56,0.83,1.92,164.7,170.9,153.3,230,-43.776,172.9104,1,2,2,0,11,0,Alongshore,Alongshore,Alongshore,16.2,0.0
1714,French Farm Bay,2022-01-20 05:00:00,Akaroa,0.0,0.0,1.8,12.4,12.4,12.4,incoming,medium,muddy,5,grass,2,1,1,2.0,13.0,2.93,2.95,2.21,0.2,2.14,226.0,229.9,225.0,230,-43.776,172.9104,1,3,3,0,5,0,Offshore,Offshore,Offshore,16.2,0.0
1715,French Farm Bay,2022-01-24 11:00:00,Akaroa,0.0,0.0,0.0,0.0,0.4,0.4,ebbing,medium,muddy,5,grass,2,1,1,0.2,2.0,1.58,1.23,0.8,10.02,1.98,51.9,47.0,26.0,230,-43.776,172.9104,1,4,0,0,11,0,Onshore,Onshore,Onshore,42.6,0.0
1716,French Farm Bay,2022-01-26 09:00:00,Akaroa,5.4,5.4,5.4,5.4,5.4,5.4,incoming,medium,muddy,5,grass,2,1,1,2.6,3.0,0.77,0.67,2.95,0.62,2.03,186.6,216.9,283.9,230,-43.776,172.9104,1,4,2,0,9,0,Offshore,Offshore,Alongshore,42.6,0.0
1717,French Farm Bay,2022-02-01 15:00:00,Akaroa,0.0,0.0,0.0,0.0,0.0,0.0,incoming,medium,muddy,5,grass,2,1,1,0.0,0.0,0.75,0.75,0.99,1.23,2.21,15.5,40.0,13.1,230,-43.776,172.9104,2,5,1,0,15,1,Onshore,Onshore,Onshore,42.6,0.0
1718,French Farm Bay,2022-02-10 11:00:00,Akaroa,0.0,0.0,0.0,8.0,17.6,17.6,incoming,medium,muddy,5,grass,2,1,1,2.4,15.0,0.44,0.37,0.25,0.52,1.83,114.6,67.1,321.1,230,-43.776,172.9104,2,6,3,0,11,0,Alongshore,Onshore,Alongshore,42.6,0.0
1719,French Farm Bay,2022-02-24 09:00:00,Akaroa,0.0,0.0,0.0,0.0,0.0,0.0,incoming,medium,muddy,5,grass,2,1,1,0.0,0.0,2.39,2.1,1.56,0.72,2.0,39.8,35.2,32.5,230,-43.776,172.9104,2,8,3,0,9,0,Onshore,Onshore,Onshore,46.8,0.0
1720,French Farm Bay,2022-03-10 10:00:00,Akaroa,0.0,0.0,0.0,0.0,0.0,0.0,ebbing,medium,muddy,5,grass,2,1,1,0.0,0.0,1.44,0.71,0.4,12.37,1.94,71.7,41.0,14.6,230,-43.776,172.9104,3,10,3,0,10,0,Onshore,Onshore,Onshore,14.2,0.0
1721,French Farm Bay,2022-04-04 13:00:00,Akaroa,0.0,0.0,0.0,0.0,0.0,0.0,incoming,medium,muddy,5,grass,2,1,1,0.0,0.0,0.52,0.45,0.29,5.13,2.13,116.1,106.6,93.4,230,-43.776,172.9104,4,14,0,0,13,0,Alongshore,Alongshore,Onshore,14.2,0.0
1722,French Farm Bay,2022-11-17 10:00:00,Akaroa,0.0,0.0,0.0,0.0,0.0,0.0,incoming,medium,muddy,5,grass,2,1,1,0.0,0.0,1.04,0.41,0.2,0.25,1.94,136.4,340.7,306.6,230,-43.776,172.9104,11,46,3,0,10,0,Alongshore,Alongshore,Alongshore,,0.0
1723,French Farm Bay,2022-12-01 10:00:00,Akaroa,0.6,0.6,0.6,0.6,1.4,1.4,incoming,medium,muddy,5,grass,2,1,1,0.6,5.0,0.74,1.08,0.7,0.02,2.27,72.7,78.3,234.9,230,-43.776,172.9104,12,48,3,0,10,0,Onshore,Onshore,Offshore,10.0,0.0
1724,French Farm Bay,2022-12-07 16:00:00,Akaroa,0.0,0.0,0.0,0.0,0.0,0.0,ebbing,medium,muddy,5,grass,2,1,1,0.0,0.0,2.78,2.56,2.71,12.07,2.18,24.6,29.1,32.8,230,-43.776,172.9104,12,49,2,0,16,0,Onshore,Onshore,Onshore,10.0,0.0
1725,French Farm Bay,2022-12-15 08:00:00,Akaroa,0.0,0.0,0.0,0.0,0.0,0.0,incoming,medium,muddy,5,grass,2,1,1,0.0,0.0,1.55,1.06,1.41,0.9,1.96,353.3,341.2,9.7,230,-43.776,172.9104,12,50,3,0,8,0,Alongshore,Alongshore,Onshore,10.0,0.0
1726,French Farm Bay,2022-12-20 12:00:00,Akaroa,0.0,0.0,0.0,0.4,0.4,3.0,incoming,medium,muddy,5,grass,2,1,1,0.2,2.0,1.57,0.67,0.03,0.72,2.01,330.5,79.7,84.8,230,-43.776,172.9104,12,51,1,0,12,1,Alongshore,Onshore,Onshore,10.0,0.0
1727,French Farm Bay,2022-12-28 06:00:00,Akaroa,0.0,0.0,0.0,0.0,0.6,0.6,incoming,medium,muddy,5,grass,2,1,1,0.6,1.0,1.89,2.23,2.13,1.25,2.42,19.5,11.7,8.4,230,-43.776,172.9104,12,52,2,0,6,1,Onshore,Onshore,Onshore,10.0,0.0
1728,French Farm Bay,2023-01-10 05:00:00,Akaroa,0.0,0.0,0.0,0.0,0.0,0.0,incoming,medium,muddy,5,grass,2,1,1,0.0,0.0,3.17,3.67,3.85,0.58,2.11,15.1,16.4,22.3,230,-43.776,172.9104,1,2,1,0,5,0,Onshore,Onshore,Onshore,10.0,0.0
1729,French Farm Bay,2023-01-18 12:00:00,Akaroa,0.0,0.0,0.0,0.0,0.0,0.0,incoming,medium,muddy,5,grass,2,1,1,0.0,0.0,1.87,1.39,1.5,0.8,1.97,38.9,30.0,30.5,230,-43.776,172.9104,1,3,2,0,12,0,Onshore,Onshore,Onshore,10.0,0.0
1730,French Farm Bay,2023-01-27 09:00:00,Akaroa,2.6,2.6,2.6,2.6,2.6,2.6,ebbing,medium,muddy,5,grass,2,1,1,1.4,3.0,1.65,3.35,2.29,11.6,2.16,148.9,144.4,156.4,230,-43.776,172.9104,1,4,4,0,9,0,Alongshore,Alongshore,Alongshore,10.0,0.0
1731,French Farm Bay,2023-02-01 13:00:00,Akaroa,0.0,0.0,0.0,0.0,0.0,0.0,ebbing,medium,muddy,5,grass,2,1,1,0.0,0.0,2.24,2.18,2.61,12.43,2.06,25.8,22.5,21.8,230,-43.776,172.9104,2,5,2,0,13,1,Onshore,Onshore,Onshore,10.0,0.0
1732,French Farm Bay,2023-02-15 10:00:00,Akaroa,20.8,43.8,60.6,119.4,125.8,126.0,incoming,medium,muddy,5,grass,2,1,1,10.2,34.0,3.93,3.77,3.7,0.62,1.9,197.1,199.5,201.2,230,-43.776,172.9104,2,7,2,0,10,0,Offshore,Offshore,Offshore,10.0,0.0
1733,French Farm Bay,2023-02-17 13:00:00,Akaroa,0.0,0.0,0.0,0.4,1.2,118.8,incoming,medium,muddy,5,grass,2,1,1,0.4,4.0,1.26,0.2,0.15,0.05,2.03,187.2,158.4,234.7,230,-43.776,172.9104,2,7,4,0,13,0,Offshore,Alongshore,Offshore,67.8,0.08333333333333333
1734,French Farm Bay,2023-02-20 14:00:00,Akaroa,0.0,0.0,0.0,0.0,0.0,0.0,incoming,medium,muddy,5,grass,2,1,1,0.0,0.0,0.58,0.06,0.1,1.93,2.28,142.4,184.7,347.8,230,-43.776,172.9104,2,8,0,0,14,0,Alongshore,Alongshore,Alongshore,67.8,0.07692307692307693
1735,French Farm Bay,2023-03-01 11:00:00,Akaroa,0.0,0.0,0.0,0.0,0.0,0.0,incoming,medium,muddy,5,grass,2,1,1,0.0,0.0,2.06,0.76,0.48,0.72,1.82,95.2,31.0,2.4,230,-43.776,172.9104,3,9,2,0,11,0,Alongshore,Onshore,Alongshore,67.8,0.07142857142857142
1736,French Farm Bay,2023-03-06 15:00:00,Akaroa,0.0,0.0,0.0,0.0,25.8,30.0,incoming,medium,muddy,5,grass,2,1,1,6.4,11.0,0.78,0.42,0.46,0.02,1.91,139.0,116.3,93.1,230,-43.776,172.9104,3,10,0,0,15,0,Alongshore,Alongshore,Onshore,67.8,0.06666666666666667
1737,French Farm Bay,2023-03-15 09:00:00,Akaroa,0.0,0.0,0.0,0.0,0.0,14.2,incoming,medium,muddy,5,grass,2,1,1,0.0,0.0,2.21,2.22,1.95,0.7,1.88,38.1,34.4,31.7,230,-43.776,172.9104,3,11,2,0,9,0,Onshore,Onshore,Onshore,72.0,0.0625
1738,French Farm Bay,2023-03-20 14:00:00,Akaroa,0.0,0.0,0.0,0.0,0.0,0.0,incoming,medium,muddy,5,grass,2,1,1,0.0,0.0,3.58,4.06,4.53,1.07,2.24,328.9,347.4,354.4,230,-43.776,172.9104,3,12,0,0,14,0,Alongshore,Alongshore,Alongshore,14.2,0.058823529411764705
1739,French Farm Bay,2023-11-21 09:00:00,Akaroa,0.0,0.0,0.0,0.0,0.6,0.6,incoming,medium,muddy,5,grass,2,1,1,0.4,2.0,2.73,2.35,1.92,1.2,2.23,24.8,34.8,12.6,230,-43.776,172.9104,11,47,1,0,9,0,Onshore,Onshore,Onshore,,0.0
1740,French Farm Bay,2023-12-05 10:00:00,Akaroa,0.0,0.0,0.0,0.0,0.0,0.0,incoming,medium,muddy,5,grass,2,1,1,0.0,0.0,2.99,2.76,2.35,0.05,1.98,30.6,31.3,37.5,230,-43.776,172.9104,12,49,1,0,10,0,Onshore,Onshore,Onshore,10.0,0.0
1741,French Farm Bay,2023-12-11 16:00:00,Akaroa,0.0,0.0,0.0,0.0,6.0,6.0,ebbing,medium,muddy,5,grass,2,1,1,2.8,5.0,0.47,1.59,0.97,11.25,2.14,168.8,208.0,227.6,230,-43.776,172.9104,12,50,0,0,16,0,Alongshore,Offshore,Offshore,10.0,0.0
1742,French Farm Bay,2023-12-19 08:00:00,Akaroa,0.0,0.0,0.0,0.0,0.4,1.4,incoming,medium,muddy,5,grass,2,1,1,0.2,2.0,2.64,2.04,1.4,0.67,2.29,0.5,7.7,2.6,230,-43.776,172.9104,12,51,1,0,8,0,Alongshore,Onshore,Alongshore,10.0,0.0
1743,French Farm Bay,2023-12-27 16:00:00,Akaroa,0.0,0.0,0.0,0.0,16.4,16.4,incoming,medium,muddy,5,grass,2,1,1,12.6,6.0,0.96,0.91,1.2,0.33,1.97,57.8,71.2,62.2,230,-43.776,172.9104,12,52,2,0,16,1,Onshore,Onshore,Onshore,10.0,0.0
1744,French Farm Bay,2024-01-03 10:00:00,Akaroa,0.0,0.0,0.0,0.0,0.0,3.8,ebbing,medium,muddy,5,grass,2,1,1,0.0,0.0,1.96,1.27,0.76,11.87,1.81,72.5,39.4,35.4,230,-43.776,172.9104,1,1,2,0,10,1,Onshore,Onshore,Onshore,10.0,0.0
1745,French Farm Bay,2024-01-08 14:00:00,Akaroa,0.0,0.0,0.0,0.0,0.0,0.4,ebbing,medium,muddy,5,grass,2,1,1,0.0,0.0,0.55,0.71,1.2,11.1,2.1,70.2,85.8,22.5,230,-43.776,172.9104,1,2,0,0,14,0,Onshore,Onshore,Onshore,10.0,0.0
1746,French Farm Bay,2024-01-16 09:00:00,Akaroa,0.0,0.0,0.0,0.0,2.0,2.0,ebbing,medium,muddy,5,grass,2,1,1,1.2,3.0,2.53,2.48,2.03,10.87,2.18,24.9,22.0,6.5,230,-43.776,172.9104,1,3,1,0,9,0,Onshore,Onshore,Onshore,10.0,0.0
1747,French Farm Bay,2024-01-22 12:00:00,Akaroa,0.0,0.0,0.0,0.2,0.2,0.2,incoming,medium,muddy,5,grass,2,1,1,0.2,1.0,2.22,1.25,0.79,0.85,1.93,83.6,19.7,12.6,230,-43.776,172.9104,1,4,0,0,12,0,Onshore,Onshore,Onshore,10.0,0.0
1748,French Farm Bay,2024-01-31 07:00:00,Akaroa,0.0,0.0,0.0,0.0,0.0,0.4,incoming,medium,muddy,5,grass,2,1,1,0.0,0.0,2.52,2.9,2.69,0.58,1.98,353.8,354.5,5.5,230,-43.776,172.9104,1,5,2,0,7,1,Alongshore,Alongshore,Onshore,10.0,0.0
1749,French Farm Bay,2024-02-05 10:00:00,Akaroa,0.0,0.0,0.0,0.0,0.0,0.0,incoming,medium,muddy,5,grass,2,1,1,0.0,0.0,2.45,0.66,0.37,1.52,1.79,67.9,15.8,349.1,230,-43.776,172.9104,2,6,0,0,10,1,Onshore,Onshore,Alongshore,10.0,0.0
1750,French Farm Bay,2024-02-13 06:00:00,Akaroa,0.0,0.0,0.0,0.0,0.0,9.0,incoming,medium,muddy,5,grass,2,1,1,0.0,0.0,2.15,1.88,2.08,0.12,2.47,336.9,353.4,15.6,230,-43.776,172.9104,2,7,1,0,6,0,Alongshore,Alongshore,Onshore,10.0,0.0
1751,French Farm Bay,2024-02-21 14:00:00,Akaroa,0.0,0.0,0.0,0.0,6.2,10.8,incoming,medium,muddy,5,grass,2,1,1,4.2,2.0,0.23,0.17,0.13,0.28,1.88,306.3,93.3,310.8,230,-43.776,172.9104,2,8,2,0,14,0,Alongshore,Onshore,Alongshore,10.0,0.0
1752,French Farm Bay,2024-03-05 12:00:00,Akaroa,0.8,0.8,0.8,5.6,5.6,5.8,ebbing,medium,muddy,5,grass,2,1,1,2.8,7.0,4.65,4.97,4.7,11.8,2.08,206.7,208.2,213.0,230,-43.776,172.9104,3,10,1,0,12,0,Offshore,Offshore,Offshore,10.0,0.0
1753,French Farm Bay,2024-03-15 08:00:00,Akaroa,0.0,3.2,10.2,10.2,10.2,10.2,ebbing,medium,muddy,5,grass,2,1,1,2.8,6.0,2.81,3.0,3.18,12.03,2.24,206.7,204.5,197.1,230,-43.776,172.9104,3,11,4,0,8,0,Offshore,Offshore,Offshore,10.0,0.0
1754,French Farm Bay,2024-03-20 11:00:00,Akaroa,0.0,0.0,0.0,0.0,0.0,3.4,incoming,medium,muddy,5,grass,2,1,1,0.0,0.0,3.3,3.47,3.19,1.18,1.86,27.9,25.3,24.0,230,-43.776,172.9104,3,12,2,0,11,0,Onshore,Onshore,Onshore,10.0,0.0
1755,French Farm Bay,2024-03-25 16:00:00,Akaroa,0.0,0.0,0.0,0.0,0.0,0.0,incoming,medium,muddy,5,grass,2,1,1,0.0,0.0,1.19,0.79,0.87,0.15,1.99,107.8,99.5,350.4,230,-43.776,172.9104,3,13,0,0,16,0,Alongshore,Alongshore,Alongshore,10.0,0.0
1756,French Farm Bay,2024-06-15 11:00:00,Akaroa,0.0,0.0,0.0,17.2,45.0,45.0,incoming,medium,muddy,5,grass,2,1,1,6.4,18.0,0.33,0.71,0.84,0.15,1.86,96.7,104.1,88.0,230,-43.776,172.9104,6,24,5,1,11,0,Alongshore,Alongshore,Onshore,10.0,0.0
1757,French Farm Bay,2024-07-03 12:00:00,Akaroa,0.0,0.8,3.0,6.8,34.0,35.8,incoming,medium,muddy,5,grass,2,1,1,3.4,39.0,2.79,2.44,2.55,1.27,2.25,207.2,206.0,211.2,230,-43.776,172.9104,7,27,2,0,12,0,Offshore,Offshore,Offshore,12.0,0.0
1758,French Farm Bay,2024-07-16 11:00:00,Akaroa,0.0,0.0,0.2,8.8,17.4,17.6,incoming,medium,muddy,5,grass,2,1,1,2.4,22.0,0.24,0.16,0.16,0.48,1.89,100.4,63.1,344.7,230,-43.776,172.9104,7,29,1,0,11,0,Alongshore,Onshore,Alongshore,42.2,0.0
1759,French Farm Bay,2024-07-31 12:00:00,Akaroa,1.2,2.2,4.6,18.8,106.4,108.2,incoming,medium,muddy,5,grass,2,1,1,12.0,39.0,0.68,0.49,0.8,0.45,2.18,62.5,57.8,118.0,230,-43.776,172.9104,7,31,2,0,12,0,Onshore,Onshore,Alongshore,67.0,0.0
1760,French Farm Bay,2024-09-17 14:00:00,Akaroa,0.0,1.0,1.6,19.2,19.4,19.4,incoming,medium,muddy,5,grass,2,1,1,5.6,12.0,2.96,1.92,1.38,0.88,2.43,192.1,202.6,216.6,230,-43.776,172.9104,9,38,1,0,14,0,Offshore,Offshore,Offshore,104.4,0.0
1761,Glen Bay boat ramp,2008-12-22 07:00:00,Akaroa,0.0,0.0,0.0,0.0,9.6,31.0,incoming,deep,stony,5,grass,1,0,0,2.2,8.0,0.37,0.37,0.42,4.63,1.96,84.2,263.1,279.1,170,-43.8151,172.9511,12,52,0,0,7,1,Alongshore,Alongshore,Alongshore,,0.0
1762,Glen Bay boat ramp,2008-12-29 07:00:00,Akaroa,0.0,0.0,0.0,0.0,0.0,0.0,ebbing,deep,stony,5,grass,1,0,0,0.0,0.0,1.18,1.28,1.08,10.03,1.84,13.0,5.5,350.5,170,-43.8151,172.9511,12,1,0,0,7,1,Onshore,Onshore,Onshore,8.0,0.0
1763,Glen Bay boat ramp,2009-01-05 07:00:00,Akaroa,0.0,0.0,0.0,0.0,0.0,5.6,incoming,deep,stony,5,grass,1,0,0,0.0,0.0,1.34,1.24,0.91,2.68,1.96,360.0,354.7,351.8,170,-43.8151,172.9511,1,2,0,0,7,1,Onshore,Onshore,Onshore,6.0,0.0
1764,Glen Bay boat ramp,2009-01-12 07:00:00,Akaroa,0.0,0.0,0.0,0.0,0.0,3.4,ebbing,deep,stony,5,grass,1,0,0,0.0,0.0,1.7,1.91,1.74,9.43,2.25,30.1,28.1,24.7,170,-43.8151,172.9511,1,3,0,0,7,0,Onshore,Onshore,Onshore,6.0,0.0
1765,Glen Bay boat ramp,2009-01-19 07:00:00,Akaroa,0.0,0.0,0.8,1.2,14.4,14.6,incoming,deep,stony,5,grass,1,0,0,5.0,11.0,1.07,1.49,1.47,3.23,1.94,7.1,355.3,334.8,170,-43.8151,172.9511,1,4,0,0,7,0,Onshore,Onshore,Onshore,27.0,0.0
1766,Glen Bay boat ramp,2009-01-26 07:00:00,Akaroa,0.0,0.0,0.0,0.0,0.0,0.0,ebbing,deep,stony,5,grass,1,0,0,0.0,0.0,1.65,1.56,1.03,8.85,1.87,304.6,300.1,293.5,170,-43.8151,172.9511,1,5,0,0,7,0,Alongshore,Alongshore,Alongshore,22.0,0.0
1767,Glen Bay boat ramp,2009-02-02 07:00:00,Akaroa,0.0,0.0,0.0,0.0,0.0,0.0,incoming,deep,stony,5,grass,1,0,0,0.0,0.0,1.24,0.23,0.67,1.37,1.96,36.6,162.1,214.6,170,-43.8151,172.9511,2,6,0,0,7,1,Alongshore,Offshore,Offshore,21.2,0.0
1768,Glen Bay boat ramp,2009-02-09 07:00:00,Akaroa,0.0,0.0,0.0,0.0,0.0,0.0,ebbing,deep,stony,5,grass,1,0,0,0.0,0.0,0.61,1.01,1.4,8.22,2.23,108.7,106.2,38.5,170,-43.8151,172.9511,2,7,0,0,7,1,Alongshore,Alongshore,Alongshore,21.2,0.0
1769,Glen Bay boat ramp,2009-02-16 07:00:00,Akaroa,0.0,0.0,0.2,0.2,0.2,0.2,incoming,deep,stony,5,grass,1,0,0,0.2,1.0,2.25,2.6,1.86,1.77,1.95,226.1,225.3,222.3,170,-43.8151,172.9511,2,8,0,0,7,0,Alongshore,Alongshore,Alongshore,29.6,0.0
1770,Glen Bay boat ramp,2009-02-23 07:00:00,Akaroa,0.0,0.0,0.2,0.6,0.6,13.6,ebbing,deep,stony,5,grass,1,0,0,0.4,2.0,3.0,3.03,2.65,7.63,1.88,224.6,225.9,223.3,170,-43.8151,172.9511,2,9,0,0,7,0,Alongshore,Alongshore,Alongshore,13.6,0.0
1771,Glen Bay boat ramp,2009-03-02 07:00:00,Akaroa,0.6,0.6,0.6,0.6,34.4,37.0,incoming,deep,stony,5,grass,1,0,0,7.2,10.0,1.11,1.88,1.59,0.15,2.01,99.7,83.1,62.9,170,-43.8151,172.9511,3,10,0,0,7,0,Alongshore,Alongshore,Alongshore,15.2,0.0
1772,Glen Bay boat ramp,2009-03-09 07:00:00,Akaroa,0.0,0.0,0.0,4.4,4.4,4.4,ebbing,deep,stony,5,grass,1,0,0,1.4,5.0,2.14,2.42,1.63,7.03,2.18,213.5,212.7,209.5,170,-43.8151,172.9511,3,11,0,0,7,0,Offshore,Offshore,Offshore,14.8,0.0
1773,Glen Bay boat ramp,2009-03-16 07:00:00,Akaroa,0.0,0.0,0.0,0.0,0.0,0.0,incoming,deep,stony,5,grass,1,0,0,0.0,0.0,1.78,2.0,2.0,0.37,1.97,19.9,20.1,17.2,170,-43.8151,172.9511,3,12,0,0,7,0,Onshore,Onshore,Onshore,26.4,0.0
1774,Glen Bay boat ramp,2009-12-07 07:00:00,Akaroa,0.0,0.0,0.0,0.0,0.0,0.0,incoming,deep,stony,5,grass,1,0,0,0.0,0.0,1.43,2.15,1.94,0.37,2.39,24.2,29.1,6.6,170,-43.8151,172.9511,12,50,0,0,7,0,Onshore,Onshore,Onshore,,0.0
1775,Glen Bay boat ramp,2009-12-14 07:00:00,Akaroa,3.8,7.0,7.0,7.0,7.0,7.0,ebbing,deep,stony,5,grass,1,0,0,3.2,4.0,1.14,0.96,0.98,7.02,1.99,145.4,137.9,93.1,170,-43.8151,172.9511,12,51,0,0,7,0,Offshore,Offshore,Alongshore,2.0,0.0
1776,Glen Bay boat ramp,2009-12-21 07:00:00,Akaroa,0.0,0.0,0.0,0.6,2.2,2.2,ebbing,deep,stony,5,grass,1,0,0,1.2,4.0,3.48,2.53,1.79,12.32,1.83,224.1,228.8,220.6,170,-43.8151,172.9511,12,52,0,0,7,1,Alongshore,Alongshore,Alongshore,3.0,0.0
1777,Glen Bay boat ramp,2009-12-29 07:00:00,Akaroa,0.0,0.0,0.0,0.0,0.0,0.6,incoming,deep,stony,5,grass,1,0,0,0.0,0.0,1.47,1.19,0.55,6.02,1.97,319.7,291.7,289.2,170,-43.8151,172.9511,12,53,1,0,7,1,Onshore,Alongshore,Alongshore,2.6666666666666665,0.0
1778,Glen Bay boat ramp,2010-01-05 07:00:00,Akaroa,0.0,0.0,0.0,0.0,0.0,0.0,ebbing,deep,stony,5,grass,1,0,0,0.0,0.0,2.03,2.0,1.35,12.5,2.23,344.9,344.2,349.7,170,-43.8151,172.9511,1,1,1,0,7,1,Onshore,Onshore,Onshore,4.0,0.0
1779,Glen Bay boat ramp,2010-01-11 07:00:00,Akaroa,0.2,0.2,0.2,9.8,12.8,12.8,incoming,deep,stony,5,grass,1,0,0,3.4,12.0,2.58,2.29,2.51,5.62,1.92,218.8,223.3,233.0,170,-43.8151,172.9511,1,2,0,0,7,0,Alongshore,Alongshore,Alongshore,5.2,0.0
1780,Glen Bay boat ramp,2010-01-18 07:00:00,Akaroa,0.0,0.0,0.0,0.0,0.0,0.0,ebbing,deep,stony,5,grass,1,0,0,0.0,0.0,0.7,1.13,0.97,10.9,1.89,351.4,8.3,342.1,170,-43.8151,172.9511,1,3,0,0,7,0,Onshore,Onshore,Onshore,5.6,0.0
1781,Glen Bay boat ramp,2010-01-25 07:00:00,Akaroa,0.0,0.0,0.0,0.0,0.0,0.0,incoming,deep,stony,5,grass,1,0,0,0.0,0.0,2.09,2.26,2.1,3.72,1.85,19.5,29.3,30.1,170,-43.8151,172.9511,1,4,0,0,7,0,Onshore,Onshore,Onshore,6.0,0.0
1782,Glen Bay boat ramp,2010-02-01 07:00:00,Akaroa,0.0,0.0,0.0,0.0,0.0,0.0,ebbing,deep,stony,5,grass,1,0,0,0.0,0.0,2.34,2.43,2.4,10.25,2.34,29.2,30.2,26.1,170,-43.8151,172.9511,2,5,0,0,7,1,Onshore,Onshore,Onshore,6.0,0.0
1783,Glen Bay boat ramp,2010-02-08 07:00:00,Akaroa,0.0,0.0,0.0,0.0,0.0,0.0,incoming,deep,stony,5,grass,1,0,0,0.0,0.0,1.1,1.33,1.06,4.35,1.88,10.1,347.0,351.0,170,-43.8151,172.9511,2,6,0,0,7,1,Onshore,Onshore,Onshore,20.0,0.0
1784,Glen Bay boat ramp,2010-02-15 07:00:00,Akaroa,0.0,0.0,0.0,0.0,0.0,0.0,ebbing,deep,stony,5,grass,1,0,0,0.0,0.0,2.22,2.44,2.07,9.67,1.95,230.5,228.9,223.8,170,-43.8151,172.9511,2,7,0,0,7,0,Alongshore,Alongshore,Alongshore,21.2,0.0
1785,Glen Bay boat ramp,2010-02-22 07:00:00,Akaroa,0.0,0.0,0.0,0.0,0.0,0.0,incoming,deep,stony,5,grass,1,0,0,0.0,0.0,0.89,0.85,0.42,2.35,1.83,357.5,9.7,351.6,170,-43.8151,172.9511,2,8,0,0,7,0,Onshore,Onshore,Onshore,20.8,0.0
1786,Glen Bay boat ramp,2010-03-01 07:00:00,Akaroa,0.0,0.0,0.0,0.0,0.0,0.0,ebbing,deep,stony,5,grass,1,0,0,0.0,0.0,2.55,4.05,3.94,8.98,2.38,15.3,12.0,16.2,170,-43.8151,172.9511,3,9,0,0,7,0,Onshore,Onshore,Onshore,20.0,0.0
1787,Glen Bay boat ramp,2010-03-03 00:00:00,Akaroa,0.0,0.0,0.0,0.0,0.0,0.0,incoming,deep,stony,5,grass,1,0,0,0.0,0.0,0.67,0.54,0.74,5.53,2.43,111.8,130.4,114.6,170,-43.8151,172.9511,3,9,2,0,0,0,Alongshore,Offshore,Alongshore,61.6,0.0
1788,Glen Bay boat ramp,2010-03-08 07:00:00,Akaroa,0.0,0.0,0.0,0.0,0.0,0.0,incoming,deep,stony,5,grass,1,0,0,0.0,0.0,0.99,0.88,0.72,2.97,1.89,18.2,300.2,294.4,170,-43.8151,172.9511,3,10,0,0,7,0,Onshore,Alongshore,Alongshore,46.4,0.0
1789,Glen Bay boat ramp,2010-03-15 07:00:00,Akaroa,0.0,0.0,0.0,0.0,0.0,0.2,ebbing,deep,stony,5,grass,1,0,0,0.0,0.0,0.19,1.49,2.68,8.58,1.98,110.2,110.5,153.0,170,-43.8151,172.9511,3,11,0,0,7,0,Alongshore,Alongshore,Offshore,44.4,0.0
1790,Glen Bay boat ramp,2010-12-06 07:00:00,Akaroa,0.4,0.4,0.4,0.4,0.4,0.4,ebbing,deep,stony,5,grass,1,0,0,0.2,2.0,2.31,2.71,2.63,9.03,2.1,205.2,221.1,230.2,170,-43.8151,172.9511,12,49,0,0,7,0,Offshore,Alongshore,Alongshore,,0.0
1791,Glen Bay boat ramp,2010-12-13 00:00:00,Akaroa,0.0,0.0,0.0,0.0,0.0,0.0,ebbing,deep,stony,5,grass,1,0,0,0.0,0.0,1.95,3.53,3.94,9.33,1.99,353.9,354.6,0.3,170,-43.8151,172.9511,12,50,0,0,0,0,Onshore,Onshore,Onshore,6.0,0.0
1792,Glen Bay boat ramp,2010-12-20 07:00:00,Akaroa,0.0,0.0,0.0,0.0,0.0,0.0,ebbing,deep,stony,5,grass,1,0,0,0.0,0.0,3.02,3.01,2.92,7.65,1.93,9.8,3.3,6.6,170,-43.8151,172.9511,12,51,0,0,7,1,Onshore,Onshore,Onshore,9.0,0.0
1793,Glen Bay boat ramp,2010-12-29 07:00:00,Akaroa,0.0,0.0,0.0,0.0,26.0,26.4,incoming,deep,stony,5,grass,1,0,0,9.4,8.0,2.58,2.33,2.3,3.17,2.16,35.8,36.1,26.8,170,-43.8151,172.9511,12,52,2,0,7,1,Alongshore,Alongshore,Onshore,6.666666666666667,0.0
1794,Glen Bay boat ramp,2011-01-05 07:00:00,Akaroa,0.0,0.0,0.6,0.8,1.0,1.0,ebbing,deep,stony,5,grass,1,0,0,0.6,3.0,1.08,0.9,0.59,9.45,2.02,29.4,30.2,43.4,170,-43.8151,172.9511,1,1,2,0,7,1,Onshore,Onshore,Alongshore,10.5,0.0
1795,Glen Bay boat ramp,2011-01-10 07:00:00,Akaroa,0.0,0.0,0.0,0.0,0.0,4.4,incoming,deep,stony,5,grass,1,0,0,0.0,0.0,2.95,3.17,3.76,0.78,2.02,234.0,225.6,226.1,170,-43.8151,172.9511,1,2,0,0,7,0,Alongshore,Alongshore,Alongshore,8.8,0.0
1796,Glen Bay boat ramp,2011-01-17 07:00:00,Akaroa,0.0,0.0,0.0,0.0,0.0,0.0,ebbing,deep,stony,5,grass,1,0,0,0.0,0.0,2.44,2.77,2.48,6.42,1.89,353.4,359.5,15.6,170,-43.8151,172.9511,1,3,0,0,7,0,Onshore,Onshore,Onshore,8.4,0.0
1797,Glen Bay boat ramp,2011-01-24 07:00:00,Akaroa,0.0,0.0,0.0,0.0,2.0,5.8,ebbing,deep,stony,5,grass,1,0,0,0.4,8.0,2.2,1.87,1.48,12.52,2.26,275.8,259.5,237.3,170,-43.8151,172.9511,1,4,0,0,7,0,Alongshore,Alongshore,Alongshore,6.4,0.0
1798,Glen Bay boat ramp,2011-01-31 07:00:00,Akaroa,0.0,0.0,1.4,2.0,2.0,5.4,ebbing,deep,stony,5,grass,1,0,0,0.6,6.0,0.46,1.51,1.97,6.72,1.96,146.0,143.2,162.7,170,-43.8151,172.9511,1,5,0,0,7,1,Offshore,Offshore,Offshore,6.4,0.0
1799,Glen Bay boat ramp,2011-02-07 07:00:00,Akaroa,0.0,0.0,12.8,15.0,15.0,15.0,ebbing,deep,stony,5,grass,1,0,0,3.8,8.0,1.29,0.33,0.4,11.93,1.94,64.0,205.8,206.0,170,-43.8151,172.9511,2,6,0,0,7,1,Alongshore,Offshore,Offshore,5.6,0.0
1800,Glen Bay boat ramp,2011-02-09 07:00:00,Akaroa,0.0,0.0,1.6,3.4,3.4,18.4,incoming,deep,stony,5,grass,1,0,0,1.8,2.0,1.1,0.4,1.88,0.9,1.89,47.8,354.4,222.8,170,-43.8151,172.9511,2,6,2,0,7,1,Alongshore,Onshore,Alongshore,145.2,0.09090909090909091
1801,Glen Bay boat ramp,2011-02-11 07:00:00,Akaroa,0.0,0.0,0.0,0.0,0.0,3.4,incoming,deep,stony,5,grass,1,0,0,0.0,0.0,3.1,3.31,2.99,2.38,1.77,43.2,44.8,48.2,170,-43.8151,172.9511,2,6,4,0,7,0,Alongshore,Alongshore,Alongshore,484.4,0.16666666666666666
1802,Glen Bay boat ramp,2011-02-14 07:00:00,Akaroa,0.0,0.0,0.0,0.2,1.2,1.2,incoming,deep,stony,5,grass,1,0,0,0.6,4.0,2.93,2.89,2.22,4.98,1.84,241.6,241.9,231.4,170,-43.8151,172.9511,2,7,0,0,7,0,Alongshore,Alongshore,Alongshore,484.4,0.15384615384615385
1803,Glen Bay boat ramp,2011-03-22 11:00:00,Akaroa,2.4,5.8,7.4,8.6,8.6,9.4,ebbing,deep,stony,5,grass,1,0,0,3.4,9.0,1.39,2.46,2.86,7.03,2.44,182.0,190.6,187.0,170,-43.8151,172.9511,3,12,1,0,11,0,Offshore,Offshore,Offshore,485.6,0.14285714285714285
1804,Glen Bay boat ramp,2011-04-07 11:00:00,Akaroa,0.2,0.8,1.6,17.0,20.0,31.6,ebbing,deep,stony,5,grass,1,0,0,4.8,16.0,6.14,6.05,6.48,7.67,1.99,221.3,219.1,218.4,170,-43.8151,172.9511,4,14,3,0,11,0,Alongshore,Alongshore,Alongshore,494.6,0.13333333333333333
1805,Glen Bay boat ramp,2011-04-11 11:00:00,Akaroa,0.0,0.0,0.0,0.0,0.0,0.0,ebbing,deep,stony,5,grass,1,0,0,0.0,0.0,0.38,0.09,0.32,10.82,2.06,45.8,31.6,357.7,170,-43.8151,172.9511,4,15,0,0,11,0,Alongshore,Onshore,Onshore,408.8,0.125
1806,Glen Bay boat ramp,2011-11-14 11:00:00,Akaroa,0.0,0.0,0.0,0.0,1.0,11.2,ebbing,deep,stony,5,grass,1,0,0,0.6,3.0,1.05,0.95,0.9,7.47,1.82,100.9,63.1,8.3,170,-43.8151,172.9511,11,46,0,0,11,0,Alongshore,Alongshore,Onshore,,0.0
1807,Glen Bay boat ramp,2011-11-24 09:00:00,Akaroa,0.0,0.0,0.0,1.8,7.0,7.0,incoming,deep,stony,5,grass,1,0,0,1.8,12.0,1.43,1.43,0.38,5.22,2.28,90.9,7.0,332.3,170,-43.8151,172.9511,11,47,3,0,9,0,Alongshore,Onshore,Onshore,10.0,0.0
1808,Glen Bay boat ramp,2011-11-28 10:00:00,Akaroa,0.0,0.0,0.0,0.0,0.0,0.0,ebbing,deep,stony,5,grass,1,0,0,0.0,0.0,1.43,2.33,1.52,7.9,2.16,233.0,219.7,282.9,170,-43.8151,172.9511,11,48,0,0,10,0,Alongshore,Alongshore,Alongshore,10.0,0.0
1809,Glen Bay boat ramp,2011-12-05 11:00:00,Akaroa,0.0,0.0,0.0,0.0,0.0,0.0,incoming,deep,stony,5,grass,1,0,0,0.0,0.0,1.63,1.09,1.08,0.5,1.95,169.1,183.3,197.3,170,-43.8151,172.9511,12,49,0,0,11,0,Offshore,Offshore,Offshore,10.0,0.0
1810,Glen Bay boat ramp,2011-12-12 11:00:00,Akaroa,0.0,0.0,0.0,0.0,0.0,0.0,ebbing,deep,stony,5,grass,1,0,0,0.0,0.0,1.03,0.28,0.1,6.07,1.88,91.8,35.6,359.1,170,-43.8151,172.9511,12,50,0,0,11,0,Alongshore,Alongshore,Onshore,10.0,0.0
1811,Glen Bay boat ramp,2011-12-19 10:00:00,Akaroa,0.0,0.0,0.0,0.0,0.0,0.0,incoming,deep,stony,5,grass,1,0,0,0.0,0.0,1.88,0.86,0.27,0.22,2.14,127.2,196.7,208.3,170,-43.8151,172.9511,12,51,0,0,10,0,Offshore,Offshore,Offshore,10.0,0.0
1812,Glen Bay boat ramp,2012-01-05 10:00:00,Akaroa,0.0,0.0,0.0,0.0,0.0,0.0,incoming,deep,stony,5,grass,1,0,0,0.0,0.0,0.25,0.71,0.32,2.78,1.83,106.7,127.6,150.6,170,-43.8151,172.9511,1,1,3,0,10,1,Alongshore,Offshore,Offshore,10.0,0.0
1813,Glen Bay boat ramp,2012-01-09 10:00:00,Akaroa,0.0,0.0,0.0,3.2,3.2,3.4,incoming,deep,stony,5,grass,1,0,0,0.8,7.0,0.75,1.21,0.86,5.4,1.93,27.5,349.0,293.0,170,-43.8151,172.9511,1,2,0,0,10,0,Onshore,Onshore,Alongshore,10.0,0.0
1814,Glen Bay boat ramp,2012-01-16 10:00:00,Akaroa,0.0,0.0,0.0,1.8,2.2,2.4,ebbing,deep,stony,5,grass,1,0,0,1.6,3.0,1.78,0.78,0.29,11.47,2.16,70.5,224.5,231.2,170,-43.8151,172.9511,1,3,0,0,10,0,Alongshore,Alongshore,Alongshore,10.0,0.0
1815,Glen Bay boat ramp,2012-01-23 11:00:00,Akaroa,0.0,0.0,0.0,4.8,10.4,10.4,incoming,deep,stony,5,grass,1,0,0,2.2,13.0,3.31,2.89,2.9,5.0,2.14,228.2,228.8,228.0,170,-43.8151,172.9511,1,4,0,0,11,0,Alongshore,Alongshore,Alongshore,10.0,0.0
1816,Glen Bay boat ramp,2012-01-30 10:00:00,Akaroa,0.0,0.0,0.0,0.0,0.0,0.0,ebbing,deep,stony,5,grass,1,0,0,0.0,0.0,2.19,1.41,0.72,10.98,1.93,95.0,13.3,20.9,170,-43.8151,172.9511,1,5,0,0,10,0,Alongshore,Onshore,Onshore,14.2,0.0
1817,Glen Bay boat ramp,2012-02-09 10:00:00,Akaroa,0.0,0.0,0.0,0.0,0.0,0.2,ebbing,deep,stony,5,grass,1,0,0,0.0,0.0,0.73,0.21,0.39,6.4,2.17,163.0,171.2,314.8,170,-43.8151,172.9511,2,6,3,0,10,1,Offshore,Offshore,Onshore,14.2,0.0
1818,Glen Bay boat ramp,2012-02-13 10:00:00,Akaroa,0.0,0.0,0.0,0.0,0.0,0.6,ebbing,deep,stony,5,grass,1,0,0,0.0,0.0,1.29,1.39,1.3,10.45,2.23,42.3,49.7,58.8,170,-43.8151,172.9511,2,7,0,0,10,0,Alongshore,Alongshore,Alongshore,14.2,0.0
1819,Glen Bay boat ramp,2012-02-27 11:00:00,Akaroa,0.0,0.0,0.0,0.0,0.0,1.0,ebbing,deep,stony,5,grass,1,0,0,0.0,0.0,0.84,0.6,0.67,9.28,1.97,168.1,184.5,224.1,170,-43.8151,172.9511,2,9,0,0,11,0,Offshore,Offshore,Alongshore,14.2,0.0
1820,Glen Bay boat ramp,2012-03-06 11:00:00,Akaroa,0.0,0.0,0.0,0.0,0.0,0.6,incoming,deep,stony,5,grass,1,0,0,0.0,0.0,0.96,0.73,0.89,2.58,2.03,121.6,91.1,20.5,170,-43.8151,172.9511,3,10,1,0,11,0,Alongshore,Alongshore,Onshore,14.2,0.0
1821,Glen Bay boat ramp,2012-11-22 11:00:00,Akaroa,0.0,0.0,0.0,0.0,0.0,0.0,incoming,deep,stony,5,grass,1,0,0,0.0,0.0,2.74,2.66,2.77,0.1,2.15,23.7,28.1,35.1,170,-43.8151,172.9511,11,47,3,0,11,0,Onshore,Onshore,Alongshore,,0.0
1822,Glen Bay boat ramp,2012-11-27 11:00:00,Akaroa,0.0,0.0,0.0,0.0,0.0,0.0,incoming,deep,stony,5,grass,1,0,0,0.0,0.0,0.77,0.8,0.75,3.6,1.96,61.6,50.8,348.4,170,-43.8151,172.9511,11,48,1,0,11,0,Alongshore,Alongshore,Onshore,10.0,0.0
1823,Glen Bay boat ramp,2012-12-03 10:00:00,Akaroa,0.0,0.0,0.0,0.0,0.0,0.0,ebbing,deep,stony,5,grass,1,0,0,0.0,0.0,2.29,2.12,2.21,9.75,1.8,28.0,27.2,7.5,170,-43.8151,172.9511,12,49,0,0,10,0,Onshore,Onshore,Onshore,10.0,0.0
1824,Glen Bay boat ramp,2012-12-10 11:00:00,Akaroa,0.0,0.0,0.0,0.0,0.0,0.2,incoming,deep,stony,5,grass,1,0,0,0.0,0.0,1.44,2.9,2.88,1.75,2.15,230.6,237.1,235.4,170,-43.8151,172.9511,12,50,0,0,11,0,Alongshore,Alongshore,Alongshore,10.0,0.0
1825,Glen Bay boat ramp,2012-12-17 10:00:00,Akaroa,0.0,0.0,0.0,0.0,0.0,0.0,ebbing,deep,stony,5,grass,1,0,0,0.0,0.0,0.63,0.23,0.54,9.7,2.21,93.8,62.0,273.5,170,-43.8151,172.9511,12,51,0,0,10,0,Alongshore,Alongshore,Alongshore,10.0,0.0
1826,Glen Bay boat ramp,2012-12-27 10:00:00,Akaroa,0.0,0.0,0.0,0.0,0.2,0.2,incoming,deep,stony,5,grass,1,0,0,0.2,1.0,1.96,1.99,1.89,4.95,1.89,38.4,42.4,57.4,170,-43.8151,172.9511,12,52,3,0,10,1,Alongshore,Alongshore,Alongshore,10.0,0.0
1827,Glen Bay boat ramp,2013-01-03 10:00:00,Akaroa,0.0,0.0,0.0,14.8,23.2,23.2,ebbing,deep,stony,5,grass,1,0,0,4.6,11.0,1.79,1.66,1.22,9.77,1.93,70.9,44.8,39.8,170,-43.8151,172.9511,1,1,3,0,10,1,Alongshore,Alongshore,Alongshore,10.0,0.0
1828,Glen Bay boat ramp,2013-01-08 11:00:00,Akaroa,0.0,0.0,0.0,0.0,2.6,2.6,incoming,deep,stony,5,grass,1,0,0,1.8,3.0,0.22,1.48,1.43,0.88,2.11,42.5,45.2,338.4,170,-43.8151,172.9511,1,2,1,0,11,0,Alongshore,Alongshore,Onshore,10.0,0.0
1829,Glen Bay boat ramp,2013-01-14 08:00:00,Akaroa,0.0,0.0,0.0,0.0,0.0,0.0,ebbing,deep,stony,5,grass,1,0,0,0.0,0.0,1.65,1.56,1.26,9.5,2.27,40.4,66.3,77.1,170,-43.8151,172.9511,1,3,0,0,8,0,Alongshore,Alongshore,Alongshore,10.0,0.0
1830,Glen Bay boat ramp,2013-01-21 12:00:00,Akaroa,0.0,0.0,0.0,0.0,0.0,0.0,ebbing,deep,stony,5,grass,1,0,0,0.0,0.0,1.49,1.09,1.25,12.17,2.0,100.0,66.1,70.6,170,-43.8151,172.9511,1,4,0,0,12,0,Alongshore,Alongshore,Alongshore,10.0,0.0
1831,Glen Bay boat ramp,2013-01-28 14:00:00,Akaroa,0.0,0.0,0.0,0.0,0.0,0.0,incoming,deep,stony,5,grass,1,0,0,0.0,0.0,0.76,0.39,0.42,3.12,1.96,134.0,104.7,359.8,170,-43.8151,172.9511,1,5,0,0,14,0,Offshore,Alongshore,Onshore,10.0,0.0
1832,Glen Bay boat ramp,2013-02-04 11:00:00,Akaroa,4.8,14.8,25.4,25.4,25.4,25.4,ebbing,deep,stony,5,grass,1,0,0,5.4,12.0,2.6,3.95,4.33,11.43,2.18,201.0,200.6,211.1,170,-43.8151,172.9511,2,6,0,0,11,1,Offshore,Offshore,Offshore,10.0,0.0
1833,Glen Bay boat ramp,2013-02-11 14:00:00,Akaroa,0.0,0.0,0.0,0.0,0.0,0.0,incoming,deep,stony,5,grass,1,0,0,0.0,0.0,2.15,0.97,1.0,3.0,2.28,187.9,200.0,232.8,170,-43.8151,172.9511,2,7,0,0,14,0,Offshore,Offshore,Alongshore,10.0,0.0
1834,Glen Bay boat ramp,2013-02-18 11:00:00,Akaroa,0.0,0.0,0.0,0.0,0.0,0.0,ebbing,deep,stony,5,grass,1,0,0,0.0,0.0,1.26,0.85,0.3,12.03,1.97,3.2,17.8,322.1,170,-43.8151,172.9511,2,8,0,0,11,0,Onshore,Onshore,Onshore,10.0,0.0
1835,Glen Bay boat ramp,2013-02-25 10:00:00,Akaroa,0.0,0.0,0.0,0.0,0.0,0.0,incoming,deep,stony,5,grass,1,0,0,0.0,0.0,2.06,1.14,0.32,5.5,2.01,112.4,357.1,336.6,170,-43.8151,172.9511,2,9,0,0,10,0,Alongshore,Onshore,Onshore,10.0,0.0
1836,Glen Bay boat ramp,2013-11-13 11:00:00,Akaroa,0.0,0.0,0.0,0.0,0.0,0.0,incoming,deep,stony,5,grass,1,0,0,0.0,0.0,1.45,1.02,0.83,1.28,2.21,78.8,57.2,32.0,170,-43.8151,172.9511,11,46,2,0,11,0,Alongshore,Alongshore,Onshore,,0.0
1837,Glen Bay boat ramp,2013-11-26 09:00:00,Akaroa,0.2,0.2,0.2,0.6,7.6,7.6,incoming,deep,stony,5,grass,1,0,0,1.8,11.0,1.03,1.15,0.87,1.33,1.93,125.1,135.2,182.4,170,-43.8151,172.9511,11,48,1,0,9,0,Offshore,Offshore,Offshore,10.0,0.0
1838,Glen Bay boat ramp,2013-12-05 06:00:00,Akaroa,0.0,0.0,0.0,0.0,0.0,0.0,ebbing,deep,stony,5,grass,1,0,0,0.0,0.0,1.49,1.41,1.02,11.18,2.26,345.2,327.1,316.5,170,-43.8151,172.9511,12,49,3,0,6,0,Onshore,Onshore,Onshore,15.0,0.0
1839,Glen Bay boat ramp,2013-12-10 08:00:00,Akaroa,0.0,0.0,0.0,0.8,0.8,1.0,incoming,deep,stony,5,grass,1,0,0,0.4,3.0,1.07,1.61,1.24,1.55,2.26,36.5,34.2,357.5,170,-43.8151,172.9511,12,50,1,0,8,0,Alongshore,Onshore,Onshore,13.333333333333334,0.0
1840,Glen Bay boat ramp,2013-12-17 14:00:00,Akaroa,0.0,0.0,0.0,13.6,14.0,14.0,incoming,deep,stony,5,grass,1,0,0,9.2,7.0,0.38,1.01,1.03,2.13,1.97,92.1,92.7,126.4,170,-43.8151,172.9511,12,51,1,0,14,0,Alongshore,Alongshore,Offshore,12.5,0.0
1841,Glen Bay boat ramp,2013-12-22 08:00:00,Akaroa,0.0,0.0,0.0,20.8,23.4,23.4,ebbing,deep,stony,5,grass,1,0,0,4.4,15.0,2.04,1.53,0.84,11.47,1.84,182.3,219.5,220.7,170,-43.8151,172.9511,12,51,6,1,8,1,Offshore,Alongshore,Alongshore,12.0,0.0
1842,Glen Bay boat ramp,2014-01-07 10:00:00,Akaroa,0.0,0.0,0.0,0.0,0.0,1.6,ebbing,deep,stony,5,grass,1,0,0,0.0,0.0,1.87,0.85,0.47,11.0,2.2,181.3,355.0,14.3,170,-43.8151,172.9511,1,2,1,0,10,0,Offshore,Onshore,Onshore,14.0,0.0
1843,Glen Bay boat ramp,2014-01-14 14:00:00,Akaroa,0.0,0.0,0.0,0.0,0.0,0.2,incoming,deep,stony,5,grass,1,0,0,0.0,0.0,1.19,0.7,0.77,0.78,1.93,141.0,150.4,195.0,170,-43.8151,172.9511,1,3,1,0,14,0,Offshore,Offshore,Offshore,12.0,0.0
1844,Glen Bay boat ramp,2014-01-21 09:00:00,Akaroa,0.0,0.0,0.2,1.0,1.0,1.0,ebbing,deep,stony,5,grass,1,0,0,0.4,4.0,1.56,1.36,1.18,10.4,1.88,52.7,48.5,49.3,170,-43.8151,172.9511,1,4,1,0,9,0,Alongshore,Alongshore,Alongshore,12.0,0.0
1845,Glen Bay boat ramp,2014-01-29 14:00:00,Akaroa,0.0,0.0,0.0,0.0,0.0,1.2,ebbing,deep,stony,5,grass,1,0,0,0.0,0.0,1.09,0.44,0.42,12.22,2.51,116.6,66.1,17.7,170,-43.8151,172.9511,1,5,2,0,14,0,Alongshore,Alongshore,Onshore,12.0,0.0
1846,Glen Bay boat ramp,2014-02-04 09:00:00,Akaroa,0.0,0.0,0.0,0.0,0.0,0.0,ebbing,deep,stony,5,grass,1,0,0,0.0,0.0,0.87,0.84,0.39,11.05,2.27,310.8,284.9,322.7,170,-43.8151,172.9511,2,6,1,0,9,1,Onshore,Alongshore,Onshore,12.0,0.0
1847,Glen Bay boat ramp,2014-02-11 13:00:00,Akaroa,0.0,0.0,0.0,0.0,0.0,1.0,incoming,deep,stony,5,grass,1,0,0,0.0,0.0,0.52,0.53,0.54,0.25,1.89,134.1,136.2,336.9,170,-43.8151,172.9511,2,7,1,0,13,0,Offshore,Offshore,Onshore,10.0,0.0
1848,Glen Bay boat ramp,2014-02-18 08:00:00,Akaroa,0.0,0.0,0.0,0.0,0.0,0.0,ebbing,deep,stony,5,grass,1,0,0,0.0,0.0,0.68,0.39,0.99,10.12,1.97,123.4,358.8,355.6,170,-43.8151,172.9511,2,8,1,0,8,0,Alongshore,Onshore,Onshore,10.0,0.0
1849,Glen Bay boat ramp,2014-02-25 13:00:00,Akaroa,0.0,0.0,0.0,0.0,0.0,20.8,ebbing,deep,stony,5,grass,1,0,0,0.0,0.0,1.37,1.13,1.16,11.53,2.32,51.7,51.4,66.7,170,-43.8151,172.9511,2,9,1,0,13,0,Alongshore,Alongshore,Alongshore,10.0,0.0
1850,Glen Bay boat ramp,2014-03-10 09:00:00,Akaroa,0.0,0.0,0.0,0.0,0.0,0.0,incoming,deep,stony,5,grass,1,0,0,0.0,0.0,1.28,0.99,0.98,1.98,1.87,347.8,8.4,357.1,170,-43.8151,172.9511,3,11,0,0,9,0,Onshore,Onshore,Onshore,10.0,0.0
1851,Glen Bay boat ramp,2014-11-19 11:00:00,Akaroa,0.0,6.6,10.8,10.8,10.8,10.8,incoming,deep,stony,5,grass,1,0,0,5.8,6.0,1.38,1.65,0.64,1.93,1.98,129.4,159.1,172.2,170,-43.8151,172.9511,11,47,2,0,11,0,Offshore,Offshore,Offshore,,0.0
1852,Glen Bay boat ramp,2014-11-25 16:00:00,Akaroa,0.0,0.0,0.0,0.2,0.2,0.2,incoming,deep,stony,5,grass,1,0,0,0.2,1.0,1.69,1.71,2.68,1.48,2.09,287.6,309.2,331.2,170,-43.8151,172.9511,11,48,1,0,16,0,Alongshore,Onshore,Onshore,10.0,0.0
1853,Glen Bay boat ramp,2014-12-09 08:00:00,Akaroa,0.0,0.0,0.0,0.0,0.0,0.0,ebbing,deep,stony,5,grass,1,0,0,0.0,0.0,1.89,1.66,1.4,10.02,2.02,49.6,16.4,8.0,170,-43.8151,172.9511,12,50,1,0,8,0,Alongshore,Onshore,Onshore,10.0,0.0
1854,Glen Bay boat ramp,2014-12-16 12:00:00,Akaroa,0.0,0.0,0.0,0.0,0.0,0.0,ebbing,deep,stony,5,grass,1,0,0,0.0,0.0,2.47,1.93,1.93,11.1,1.91,28.2,29.6,13.8,170,-43.8151,172.9511,12,51,1,0,12,0,Onshore,Onshore,Onshore,10.0,0.0
1855,Glen Bay boat ramp,2014-12-21 13:00:00,Akaroa,1.0,6.4,7.8,7.8,8.0,8.0,incoming,deep,stony,5,grass,1,0,0,3.2,6.0,0.78,0.53,0.29,2.2,2.08,89.5,85.1,202.0,170,-43.8151,172.9511,12,51,6,1,13,1,Alongshore,Alongshore,Offshore,10.0,0.0
1856,Glen Bay boat ramp,2014-12-30 11:00:00,Akaroa,0.0,0.0,0.0,0.0,0.0,0.2,ebbing,deep,stony,5,grass,1,0,0,0.0,0.0,2.27,1.56,1.87,12.52,2.21,35.2,37.5,2.1,170,-43.8151,172.9511,12,1,1,0,11,1,Alongshore,Alongshore,Onshore,10.0,0.0
1857,Glen Bay boat ramp,2015-01-05 15:00:00,Akaroa,0.0,0.0,0.0,0.0,0.0,0.0,incoming,deep,stony,5,grass,1,0,0,0.0,0.0,0.93,0.68,0.69,0.53,2.03,113.9,110.6,103.1,170,-43.8151,172.9511,1,2,0,0,15,1,Alongshore,Alongshore,Alongshore,10.0,0.0
1858,Glen Bay boat ramp,2015-01-13 09:00:00,Akaroa,0.0,0.0,0.0,0.0,0.0,0.0,incoming,deep,stony,5,grass,1,0,0,0.0,0.0,1.44,1.19,0.8,0.85,1.89,35.8,39.6,16.5,170,-43.8151,172.9511,1,3,1,0,9,0,Alongshore,Alongshore,Onshore,10.0,0.0
1859,Glen Bay boat ramp,2015-01-20 14:00:00,Akaroa,1.8,1.8,1.8,2.2,2.2,2.2,incoming,deep,stony,5,grass,1,0,0,1.6,3.0,0.87,0.76,0.72,1.62,2.22,131.9,124.7,211.9,170,-43.8151,172.9511,1,4,1,0,14,0,Offshore,Alongshore,Offshore,10.0,0.0
1860,Glen Bay boat ramp,2015-01-27 09:00:00,Akaroa,0.0,0.0,0.0,0.0,0.0,0.0,incoming,deep,stony,5,grass,1,0,0,0.0,0.0,1.44,2.09,2.02,0.53,2.22,36.8,31.4,354.4,170,-43.8151,172.9511,1,5,1,0,9,0,Alongshore,Onshore,Onshore,16.2,0.0
1861,Glen Bay boat ramp,2015-02-03 14:00:00,Akaroa,0.0,0.0,0.0,2.6,2.6,3.6,incoming,deep,stony,5,grass,1,0,0,1.2,3.0,0.79,1.94,2.48,1.23,2.0,43.9,44.7,69.0,170,-43.8151,172.9511,2,6,1,0,14,1,Alongshore,Alongshore,Alongshore,16.2,0.0
1862,Glen Bay boat ramp,2015-02-10 08:00:00,Akaroa,0.0,0.0,0.0,0.2,1.6,1.6,incoming,deep,stony,5,grass,1,0,0,0.6,5.0,1.48,1.07,0.58,0.38,1.91,5.8,297.9,248.0,170,-43.8151,172.9511,2,7,1,0,8,0,Onshore,Alongshore,Alongshore,16.2,0.0
1863,Glen Bay boat ramp,2015-02-17 15:00:00,Akaroa,0.0,0.0,0.0,0.0,0.0,0.0,ebbing,deep,stony,5,grass,1,0,0,0.0,0.0,0.85,0.41,0.32,11.95,2.47,67.7,98.8,4.2,170,-43.8151,172.9511,2,8,1,0,15,0,Alongshore,Alongshore,Onshore,16.2,0.0
1864,Glen Bay boat ramp,2015-02-24 08:00:00,Akaroa,0.0,0.0,0.0,0.0,1.8,1.8,incoming,deep,stony,5,grass,1,0,0,1.6,2.0,2.24,1.88,1.07,0.2,2.28,8.2,7.3,8.6,170,-43.8151,172.9511,2,9,1,0,8,0,Onshore,Onshore,Onshore,16.2,0.0
1865,Glen Bay boat ramp,2015-03-03 13:00:00,Akaroa,0.0,0.0,0.0,0.6,0.6,0.6,incoming,deep,stony,5,grass,1,0,0,0.6,1.0,0.92,0.72,0.55,1.92,1.98,139.8,113.0,40.6,170,-43.8151,172.9511,3,10,1,0,13,0,Offshore,Alongshore,Alongshore,10.0,0.0
1866,Glen Bay boat ramp,2015-11-18 12:00:00,Akaroa,0.0,0.0,0.0,3.0,3.0,3.0,ebbing,deep,stony,5,grass,1,0,0,1.4,4.0,2.03,0.81,0.41,9.03,1.95,164.8,192.8,210.2,170,-43.8151,172.9511,11,47,2,0,12,0,Offshore,Offshore,Offshore,,0.0
1867,Glen Bay boat ramp,2015-11-24 13:00:00,Akaroa,0.0,0.0,0.0,0.0,0.0,0.2,incoming,deep,stony,5,grass,1,0,0,0.0,0.0,1.6,1.34,1.55,1.03,2.33,111.5,108.9,43.0,170,-43.8151,172.9511,11,48,1,0,13,0,Alongshore,Alongshore,Alongshore,10.0,0.0
1868,Glen Bay boat ramp,2015-12-01 09:00:00,Akaroa,0.2,0.2,0.2,0.2,0.2,0.4,ebbing,deep,stony,5,grass,1,0,0,0.2,1.0,1.44,0.37,0.58,11.67,2.02,103.9,65.5,2.7,170,-43.8151,172.9511,12,49,1,0,9,0,Alongshore,Alongshore,Onshore,10.0,0.0
1869,Glen Bay boat ramp,2015-12-08 13:00:00,Akaroa,0.0,0.0,0.0,0.0,1.0,3.4,incoming,deep,stony,5,grass,1,0,0,0.6,2.0,2.91,2.99,2.95,0.2,1.94,214.3,218.1,225.2,170,-43.8151,172.9511,12,50,1,0,13,0,Offshore,Alongshore,Alongshore,10.0,0.0
1870,Glen Bay boat ramp,2015-12-15 07:00:00,Akaroa,2.4,2.4,2.4,2.4,2.6,15.0,ebbing,deep,stony,5,grass,1,0,0,1.2,3.0,0.4,1.23,3.28,12.02,2.01,137.5,93.1,58.0,170,-43.8151,172.9511,12,51,1,0,7,0,Offshore,Alongshore,Alongshore,10.0,0.0
1871,Glen Bay boat ramp,2015-12-22 12:00:00,Akaroa,0.0,0.2,0.4,0.6,0.6,0.6,incoming,deep,stony,5,grass,1,0,0,0.2,3.0,1.01,0.39,0.56,0.92,2.21,101.5,135.4,184.1,170,-43.8151,172.9511,12,52,1,0,12,1,Alongshore,Offshore,Offshore,10.0,0.0
1872,Glen Bay boat ramp,2015-12-29 07:00:00,Akaroa,0.0,0.0,0.0,0.0,0.0,0.0,ebbing,deep,stony,5,grass,1,0,0,0.0,0.0,1.73,1.36,0.42,11.47,2.06,276.8,265.8,265.0,170,-43.8151,172.9511,12,53,1,0,7,1,Alongshore,Alongshore,Alongshore,20.6,0.0
1873,Glen Bay boat ramp,2016-01-06 11:00:00,Akaroa,0.0,0.0,0.0,0.0,0.0,2.4,incoming,deep,stony,5,grass,1,0,0,0.0,0.0,1.79,0.76,0.39,1.53,1.88,120.9,14.2,13.7,170,-43.8151,172.9511,1,1,2,0,11,0,Alongshore,Onshore,Onshore,20.6,0.0
1874,Glen Bay boat ramp,2016-01-12 06:00:00,Akaroa,0.0,0.0,0.0,0.0,0.0,0.0,ebbing,deep,stony,5,grass,1,0,0,0.0,0.0,1.34,1.79,1.45,11.25,2.12,316.3,256.5,272.9,170,-43.8151,172.9511,1,2,1,0,6,0,Onshore,Alongshore,Alongshore,20.6,0.0
1875,Glen Bay boat ramp,2016-01-19 11:00:00,Akaroa,0.0,0.0,0.0,5.4,7.8,7.8,incoming,deep,stony,5,grass,1,0,0,2.0,11.0,2.42,3.39,3.72,0.88,2.14,232.0,237.5,253.6,170,-43.8151,172.9511,1,3,1,0,11,0,Alongshore,Alongshore,Alongshore,20.6,0.0
1876,Glen Bay boat ramp,2016-01-26 06:00:00,Akaroa,0.0,0.0,0.0,0.2,0.2,0.2,ebbing,deep,stony,5,grass,1,0,0,0.2,1.0,1.26,2.17,2.16,11.33,2.09,181.7,182.3,180.9,170,-43.8151,172.9511,1,4,1,0,6,0,Offshore,Offshore,Offshore,24.8,0.0
1877,Glen Bay boat ramp,2016-02-01 10:00:00,Akaroa,0.0,0.0,0.0,0.0,0.0,0.0,ebbing,deep,stony,5,grass,1,0,0,0.0,0.0,1.08,0.27,0.37,12.52,1.9,158.0,19.7,333.0,170,-43.8151,172.9511,2,5,0,0,10,1,Offshore,Onshore,Onshore,14.2,0.0
1878,Glen Bay boat ramp,2016-02-10 05:00:00,Akaroa,0.0,0.0,0.0,0.0,0.0,0.0,ebbing,deep,stony,5,grass,1,0,0,0.0,0.0,2.58,2.73,2.44,12.08,2.27,18.1,12.9,13.6,170,-43.8151,172.9511,2,6,2,0,5,0,Onshore,Onshore,Onshore,14.2,0.0
1879,Glen Bay boat ramp,2016-02-12 07:00:00,Akaroa,0.0,0.0,0.0,0.0,0.0,0.0,ebbing,deep,stony,5,grass,1,0,0,0.0,0.0,1.6,1.89,2.06,12.42,2.31,356.8,334.8,316.0,170,-43.8151,172.9511,2,6,4,0,7,0,Onshore,Onshore,Onshore,46.8,0.0
1880,Glen Bay boat ramp,2016-02-16 10:00:00,Akaroa,0.0,0.0,0.0,0.0,0.0,0.0,incoming,deep,stony,5,grass,1,0,0,0.0,0.0,1.71,0.91,0.7,0.5,2.12,84.0,38.1,5.4,170,-43.8151,172.9511,2,7,1,0,10,0,Alongshore,Alongshore,Onshore,46.8,0.0
1881,Glen Bay boat ramp,2016-02-23 15:00:00,Akaroa,0.0,0.0,0.0,0.0,0.0,0.0,incoming,deep,stony,5,grass,1,0,0,0.0,0.0,0.47,0.26,0.25,1.65,2.09,104.7,92.9,348.4,170,-43.8151,172.9511,2,8,1,0,15,0,Alongshore,Alongshore,Onshore,42.6,0.0
1882,Glen Bay boat ramp,2016-11-22 10:00:00,Akaroa,0.0,0.0,0.0,0.0,0.0,0.0,incoming,deep,stony,5,grass,1,0,0,0.0,0.0,0.91,0.77,0.56,0.68,2.18,76.4,37.5,334.9,170,-43.8151,172.9511,11,47,1,0,10,0,Alongshore,Alongshore,Onshore,,0.0
1883,Glen Bay boat ramp,2016-11-29 14:00:00,Akaroa,0.0,0.0,0.0,0.0,0.0,1.2,incoming,deep,stony,5,grass,1,0,0,0.0,0.0,1.72,1.03,1.38,2.13,1.96,214.3,200.1,225.9,170,-43.8151,172.9511,11,48,1,0,14,0,Offshore,Offshore,Alongshore,10.0,0.0
1884,Glen Bay boat ramp,2016-12-06 08:00:00,Akaroa,0.0,0.0,0.0,0.0,0.0,0.0,ebbing,deep,stony,5,grass,1,0,0,0.0,0.0,0.49,0.16,0.35,12.5,1.89,163.7,92.8,250.1,170,-43.8151,172.9511,12,49,1,0,8,0,Offshore,Alongshore,Alongshore,10.0,0.0
1885,Glen Bay boat ramp,2016-12-13 13:00:00,Akaroa,0.0,0.0,0.0,0.0,17.2,33.4,incoming,deep,stony,5,grass,1,0,0,4.0,13.0,1.47,0.83,1.1,1.55,2.32,92.1,95.2,21.9,170,-43.8151,172.9511,12,50,1,0,13,0,Alongshore,Alongshore,Onshore,10.0,0.0
1886,Glen Bay boat ramp,2016-12-20 10:00:00,Akaroa,0.0,0.0,0.0,0.0,0.0,0.0,ebbing,deep,stony,5,grass,1,0,0,0.0,0.0,2.81,2.85,2.84,11.77,2.05,18.5,28.7,35.3,170,-43.8151,172.9511,12,51,1,0,10,1,Onshore,Onshore,Alongshore,10.0,0.0
1887,Glen Bay boat ramp,2016-12-28 12:00:00,Akaroa,0.2,0.2,0.2,0.2,0.2,0.2,incoming,deep,stony,5,grass,1,0,0,0.2,1.0,0.9,0.41,0.53,3.13,1.92,249.0,115.3,108.8,170,-43.8151,172.9511,12,52,2,0,12,1,Alongshore,Alongshore,Alongshore,10.0,0.0
1888,Glen Bay boat ramp,2017-01-05 10:00:00,Akaroa,0.0,0.0,0.0,1.2,13.4,17.0,ebbing,deep,stony,5,grass,1,0,0,4.0,10.0,1.76,0.4,0.87,11.9,2.05,69.1,232.1,221.9,170,-43.8151,172.9511,1,1,3,0,10,1,Alongshore,Alongshore,Alongshore,10.0,0.0
1889,Glen Bay boat ramp,2017-01-10 13:00:00,Akaroa,0.0,0.0,0.0,0.0,0.0,0.0,incoming,deep,stony,5,grass,1,0,0,0.0,0.0,1.85,1.43,0.6,0.73,2.22,68.6,29.8,35.3,170,-43.8151,172.9511,1,2,1,0,13,0,Alongshore,Onshore,Alongshore,20.6,0.0
1890,Glen Bay boat ramp,2017-01-17 09:00:00,Akaroa,0.0,0.0,0.0,0.0,0.0,0.0,ebbing,deep,stony,5,grass,1,0,0,0.0,0.0,2.61,2.77,1.43,11.02,2.09,344.5,330.2,351.8,170,-43.8151,172.9511,1,3,1,0,9,0,Onshore,Onshore,Onshore,20.6,0.0
1891,Glen Bay boat ramp,2017-01-23 12:00:00,Akaroa,0.0,0.0,0.0,2.0,60.4,64.0,incoming,deep,stony,5,grass,1,0,0,8.0,26.0,1.57,0.38,0.61,0.13,1.87,151.9,186.2,238.3,170,-43.8151,172.9511,1,4,0,0,12,0,Offshore,Offshore,Alongshore,20.6,0.0
1892,Glen Bay boat ramp,2017-01-31 08:00:00,Akaroa,0.0,0.0,0.0,0.0,0.0,0.0,ebbing,deep,stony,5,grass,1,0,0,0.0,0.0,2.99,3.43,2.75,10.38,2.07,344.7,335.3,349.2,170,-43.8151,172.9511,1,5,1,0,8,1,Onshore,Onshore,Onshore,20.6,0.0
1893,Glen Bay boat ramp,2017-02-08 14:00:00,Akaroa,0.0,0.0,0.0,0.6,0.6,1.6,ebbing,deep,stony,5,grass,1,0,0,0.4,2.0,0.91,0.31,0.51,12.0,2.39,207.1,195.3,217.5,170,-43.8151,172.9511,2,6,2,0,14,1,Offshore,Offshore,Alongshore,20.6,0.0
1894,Glen Bay boat ramp,2017-02-14 16:00:00,Akaroa,0.0,0.0,0.0,0.0,0.0,0.0,incoming,deep,stony,5,grass,1,0,0,0.0,0.0,0.59,0.43,0.43,2.1,2.14,85.7,99.1,67.7,170,-43.8151,172.9511,2,7,1,0,16,0,Alongshore,Alongshore,Alongshore,10.0,0.0
1895,Glen Bay boat ramp,2017-02-21 13:00:00,Akaroa,0.0,0.0,0.0,0.0,0.0,1.8,ebbing,deep,stony,5,grass,1,0,0,0.0,0.0,0.95,0.27,0.35,11.4,1.98,175.4,152.5,352.9,170,-43.8151,172.9511,2,8,1,0,13,0,Offshore,Offshore,Onshore,10.0,0.0
1896,Glen Bay boat ramp,2017-03-06 11:00:00,Akaroa,0.0,0.0,0.0,0.0,0.0,0.0,ebbing,deep,stony,5,grass,1,0,0,0.0,0.0,0.5,0.35,0.47,12.08,2.25,177.6,34.1,46.0,170,-43.8151,172.9511,3,10,0,0,11,0,Offshore,Onshore,Alongshore,10.0,0.0
1897,Glen Bay boat ramp,2017-11-14 10:00:00,Akaroa,0.0,0.0,0.0,0.0,0.0,1.2,incoming,deep,stony,5,grass,1,0,0,0.0,0.0,1.39,0.59,0.22,2.1,2.19,174.6,279.1,283.7,170,-43.8151,172.9511,11,46,1,0,10,0,Offshore,Alongshore,Alongshore,,0.0
1898,Glen Bay boat ramp,2017-11-29 12:00:00,Akaroa,0.0,0.0,0.0,0.0,0.0,0.0,incoming,deep,stony,5,grass,1,0,0,0.0,0.0,0.64,0.3,0.75,0.17,2.05,189.0,181.5,312.6,170,-43.8151,172.9511,11,48,2,0,12,0,Offshore,Offshore,Onshore,10.0,0.0
1899,Glen Bay boat ramp,2017-12-06 07:00:00,Akaroa,0.0,0.0,0.0,0.0,0.0,0.0,ebbing,deep,stony,5,grass,1,0,0,0.0,0.0,2.24,2.88,2.47,10.67,2.28,23.0,23.8,23.1,170,-43.8151,172.9511,12,49,2,0,7,0,Onshore,Onshore,Onshore,10.0,0.0
1900,Glen Bay boat ramp,2017-12-13 12:00:00,Akaroa,0.2,0.2,5.6,5.6,6.6,6.6,incoming,deep,stony,5,grass,1,0,0,3.4,7.0,0.94,0.45,0.5,0.13,2.09,132.4,118.3,101.6,170,-43.8151,172.9511,12,50,2,0,12,0,Offshore,Alongshore,Alongshore,10.0,0.0
1901,Glen Bay boat ramp,2017-12-21 08:00:00,Akaroa,0.0,0.0,0.0,0.0,0.0,0.0,ebbing,deep,stony,5,grass,1,0,0,0.0,0.0,1.07,2.13,2.46,10.63,1.86,230.0,228.7,274.7,170,-43.8151,172.9511,12,51,3,0,8,1,Alongshore,Alongshore,Alongshore,10.0,0.0
1902,Glen Bay boat ramp,2017-12-27 09:00:00,Akaroa,0.0,0.0,0.0,0.4,7.8,7.8,incoming,deep,stony,5,grass,1,0,0,2.6,10.0,3.2,2.28,1.81,1.1,2.01,183.5,208.2,219.7,170,-43.8151,172.9511,12,52,2,0,9,1,Offshore,Offshore,Alongshore,10.0,0.0
1903,Glen Bay boat ramp,2018-01-10 10:00:00,Akaroa,0.8,0.8,3.2,6.4,6.4,6.4,incoming,deep,stony,5,grass,1,0,0,1.2,12.0,1.66,0.87,0.6,0.8,2.07,108.3,175.6,222.9,170,-43.8151,172.9511,1,2,2,0,10,0,Alongshore,Offshore,Alongshore,10.0,0.0
1904,Glen Bay boat ramp,2018-01-15 13:00:00,Akaroa,0.0,0.0,0.0,0.0,0.0,0.0,incoming,deep,stony,5,grass,1,0,0,0.0,0.0,2.18,1.31,0.79,2.0,1.92,55.3,40.5,14.6,170,-43.8151,172.9511,1,3,0,0,13,0,Alongshore,Alongshore,Onshore,218.8,0.125
1905,Glen Bay boat ramp,2018-01-24 10:00:00,Akaroa,0.0,0.0,0.0,0.0,0.0,0.0,ebbing,deep,stony,5,grass,1,0,0,0.0,0.0,0.94,0.41,0.17,11.88,1.98,144.3,15.2,321.2,170,-43.8151,172.9511,1,4,2,0,10,0,Offshore,Onshore,Onshore,218.8,0.1111111111111111
1906,Glen Bay boat ramp,2018-01-29 13:00:00,Akaroa,0.0,0.0,0.0,0.0,0.0,0.0,incoming,deep,stony,5,grass,1,0,0,0.0,0.0,1.22,0.38,0.4,1.05,2.19,134.9,105.1,354.9,170,-43.8151,172.9511,1,5,0,0,13,0,Offshore,Alongshore,Onshore,218.8,0.1
1907,Glen Bay boat ramp,2018-02-09 10:00:00,Akaroa,0.0,0.0,0.0,0.0,0.0,0.0,incoming,deep,stony,5,grass,1,0,0,0.0,0.0,1.94,0.72,0.58,1.2,1.92,131.7,45.7,15.2,170,-43.8151,172.9511,2,6,4,0,10,1,Offshore,Alongshore,Onshore,218.8,0.09090909090909091
1908,Glen Bay boat ramp,2018-02-14 13:00:00,Akaroa,0.0,0.0,0.0,0.0,0.0,0.0,incoming,deep,stony,5,grass,1,0,0,0.0,0.0,1.27,0.32,0.43,2.13,1.92,85.1,157.6,218.9,170,-43.8151,172.9511,2,7,2,0,13,0,Alongshore,Offshore,Alongshore,218.8,0.08333333333333333
1909,Glen Bay boat ramp,2018-02-23 11:00:00,Akaroa,0.0,0.0,0.0,0.0,1.8,60.8,ebbing,deep,stony,5,grass,1,0,0,0.6,5.0,0.98,0.16,0.49,11.03,2.13,197.2,282.5,239.0,170,-43.8151,172.9511,2,8,4,0,11,0,Offshore,Alongshore,Alongshore,10.0,0.07692307692307693
1910,Glen Bay boat ramp,2018-03-09 12:00:00,Akaroa,0.0,0.0,0.0,2.8,2.8,2.8,ebbing,deep,stony,5,grass,1,0,0,1.0,4.0,2.0,1.35,0.9,9.98,2.01,125.7,156.2,173.8,170,-43.8151,172.9511,3,10,4,0,12,0,Offshore,Offshore,Offshore,14.2,0.07142857142857142
1911,Glen Bay boat ramp,2018-03-21 08:00:00,Akaroa,0.2,0.2,0.2,0.2,0.2,0.2,ebbing,deep,stony,5,grass,1,0,0,0.2,1.0,1.16,1.99,2.41,10.47,2.16,217.0,234.5,261.6,170,-43.8151,172.9511,3,12,2,0,8,0,Alongshore,Alongshore,Alongshore,14.2,0.06666666666666667
1912,Glen Bay boat ramp,2018-11-14 10:00:00,Akaroa,0.0,0.0,0.0,0.0,0.0,0.0,ebbing,deep,stony,5,grass,1,0,0,0.0,0.0,1.53,0.7,0.16,10.8,1.83,71.0,6.2,341.4,170,-43.8151,172.9511,11,46,2,0,10,0,Alongshore,Onshore,Onshore,,0.0
1913,Glen Bay boat ramp,2018-11-19 12:00:00,Akaroa,1.6,2.8,3.6,4.2,31.6,31.8,incoming,deep,stony,5,grass,1,0,0,12.4,15.0,1.07,0.82,1.11,0.92,1.99,108.1,130.5,206.5,170,-43.8151,172.9511,11,47,0,0,12,0,Alongshore,Offshore,Offshore,10.0,0.0
1914,Glen Bay boat ramp,2018-11-29 11:00:00,Akaroa,0.0,0.0,0.0,0.0,2.6,21.8,ebbing,deep,stony,5,grass,1,0,0,0.6,8.0,1.85,1.65,1.71,10.62,2.1,59.5,56.9,56.9,170,-43.8151,172.9511,11,48,3,0,11,0,Alongshore,Alongshore,Alongshore,72.5,0.0
1915,Glen Bay boat ramp,2018-12-03 11:00:00,Akaroa,0.0,0.0,0.8,3.2,5.6,6.2,incoming,deep,stony,5,grass,1,0,0,0.6,20.0,1.37,0.39,0.55,1.22,2.2,146.2,42.7,49.1,170,-43.8151,172.9511,12,49,0,0,11,0,Offshore,Alongshore,Alongshore,55.0,0.0
1916,Glen Bay boat ramp,2018-12-11 09:00:00,Akaroa,0.8,1.8,1.8,1.8,1.8,1.8,ebbing,deep,stony,5,grass,1,0,0,0.4,6.0,2.1,1.95,1.99,10.15,1.89,51.6,50.0,44.4,170,-43.8151,172.9511,12,50,1,0,9,0,Alongshore,Alongshore,Alongshore,43.75,0.0
1917,Glen Bay boat ramp,2018-12-17 10:00:00,Akaroa,0.0,0.0,0.0,0.0,0.0,0.0,incoming,deep,stony,5,grass,1,0,0,0.0,0.0,0.74,0.16,0.4,0.77,1.93,181.4,246.1,311.6,170,-43.8151,172.9511,12,51,0,0,10,0,Offshore,Alongshore,Onshore,37.0,0.0
1918,Glen Bay boat ramp,2018-12-28 09:00:00,Akaroa,0.0,0.0,0.0,0.0,0.0,0.0,ebbing,deep,stony,5,grass,1,0,0,0.0,0.0,2.74,2.46,1.82,11.52,2.18,27.3,36.3,38.9,170,-43.8151,172.9511,12,52,4,0,9,1,Onshore,Alongshore,Alongshore,37.0,0.0
1919,Glen Bay boat ramp,2019-01-09 08:00:00,Akaroa,0.0,0.0,0.0,0.0,0.0,3.0,ebbing,deep,stony,5,grass,1,0,0,0.0,0.0,2.97,2.28,1.99,10.63,1.9,20.5,6.3,17.8,170,-43.8151,172.9511,1,2,2,0,8,0,Onshore,Onshore,Onshore,12.0,0.0
1920,Glen Bay boat ramp,2019-01-14 12:00:00,Akaroa,0.0,0.0,0.0,33.2,33.6,33.6,ebbing,deep,stony,5,grass,1,0,0,15.0,8.0,2.76,2.21,2.05,10.53,1.87,213.4,212.1,215.9,170,-43.8151,172.9511,1,3,0,0,12,0,Offshore,Offshore,Alongshore,10.0,0.0
1921,Glen Bay boat ramp,2019-01-16 13:00:00,Akaroa,0.0,0.0,0.0,0.0,0.0,33.2,ebbing,deep,stony,5,grass,1,0,0,0.0,0.0,1.04,0.77,0.84,11.22,2.03,126.3,115.3,2.0,170,-43.8151,172.9511,1,3,2,0,13,0,Offshore,Alongshore,Onshore,53.2,0.0
1922,Glen Bay boat ramp,2019-01-25 09:00:00,Akaroa,0.0,0.0,0.0,0.0,0.0,9.4,ebbing,deep,stony,5,grass,1,0,0,0.0,0.0,1.17,1.36,0.96,10.93,2.28,56.7,55.4,28.0,170,-43.8151,172.9511,1,4,4,0,9,0,Alongshore,Alongshore,Onshore,53.2,0.0
1923,Glen Bay boat ramp,2019-01-30 11:00:00,Akaroa,0.0,0.0,0.0,0.0,0.0,0.0,incoming,deep,stony,5,grass,1,0,0,0.0,0.0,0.61,0.37,0.62,0.62,2.0,162.1,186.5,279.9,170,-43.8151,172.9511,1,5,2,0,11,0,Offshore,Offshore,Alongshore,53.2,0.0
1924,Glen Bay boat ramp,2019-02-08 07:00:00,Akaroa,0.0,0.0,0.0,0.0,0.0,0.0,ebbing,deep,stony,5,grass,1,0,0,0.0,0.0,2.52,2.57,2.56,11.13,1.9,21.4,23.4,19.3,170,-43.8151,172.9511,2,6,4,0,7,1,Onshore,Onshore,Onshore,53.2,0.0
1925,Glen Bay boat ramp,2019-02-13 11:00:00,Akaroa,0.0,0.0,0.4,0.4,0.4,0.4,ebbing,deep,stony,5,grass,1,0,0,0.4,1.0,1.35,0.59,0.2,11.55,1.99,109.9,18.4,354.0,170,-43.8151,172.9511,2,7,2,0,11,0,Alongshore,Onshore,Onshore,53.2,0.0
1926,Glen Bay boat ramp,2019-02-18 12:00:00,Akaroa,0.0,0.0,0.0,0.0,0.0,0.8,incoming,deep,stony,5,grass,1,0,0,0.0,0.0,0.52,0.39,0.45,2.58,2.23,125.2,109.1,346.3,170,-43.8151,172.9511,2,8,0,0,12,0,Offshore,Alongshore,Onshore,10.0,0.0
1927,Glen Bay boat ramp,2019-02-25 10:00:00,Akaroa,0.0,0.0,0.0,0.2,22.2,22.2,ebbing,deep,stony,5,grass,1,0,0,8.2,13.0,1.26,0.49,0.14,10.82,2.19,163.0,263.7,234.3,170,-43.8151,172.9511,2,9,0,0,10,0,Offshore,Alongshore,Alongshore,10.0,0.0
1928,Glen Bay boat ramp,2019-11-18 08:00:00,Akaroa,0.0,0.0,2.0,2.0,2.0,2.0,ebbing,deep,stony,5,grass,1,0,0,2.0,1.0,1.01,0.41,0.75,12.18,1.93,82.3,228.0,217.7,170,-43.8151,172.9511,11,47,0,0,8,0,Alongshore,Alongshore,Alongshore,,0.0
1929,Glen Bay boat ramp,2019-12-05 10:00:00,Akaroa,0.0,0.0,0.0,0.0,0.0,0.0,incoming,deep,stony,5,grass,1,0,0,0.0,0.0,2.75,2.08,1.4,0.47,2.0,49.1,31.3,24.1,170,-43.8151,172.9511,12,49,3,0,10,0,Alongshore,Onshore,Onshore,10.0,0.0
1930,Glen Bay boat ramp,2019-12-11 14:00:00,Akaroa,0.0,0.0,0.0,0.0,0.0,0.0,incoming,deep,stony,5,grass,1,0,0,0.0,0.0,0.13,0.34,0.58,1.28,1.96,176.3,172.9,197.8,170,-43.8151,172.9511,12,50,2,0,14,0,Offshore,Offshore,Offshore,10.0,0.0
1931,Glen Bay boat ramp,2019-12-18 10:00:00,Akaroa,0.0,0.0,0.0,26.4,46.4,46.4,ebbing,deep,stony,5,grass,1,0,0,5.0,24.0,3.83,1.51,0.35,11.43,2.07,162.6,212.8,226.4,170,-43.8151,172.9511,12,51,2,0,10,0,Offshore,Offshore,Alongshore,10.0,0.0
1932,Glen Bay boat ramp,2019-12-20 09:00:00,Akaroa,0.0,0.0,0.0,0.0,0.0,28.0,incoming,deep,stony,5,grass,1,0,0,0.0,0.0,5.25,4.26,3.85,1.13,2.24,216.2,222.7,226.3,170,-43.8151,172.9511,12,51,4,0,9,1,Alongshore,Alongshore,Alongshore,155.25,0.2
1933,Glen Bay boat ramp,2020-01-03 11:00:00,Akaroa,3.8,12.0,21.4,21.4,21.4,21.4,ebbing,deep,stony,5,grass,1,0,0,4.0,8.0,0.95,0.15,0.45,11.52,1.86,170.0,176.3,142.8,170,-43.8151,172.9511,1,1,4,0,11,1,Offshore,Offshore,Offshore,126.2,0.16666666666666666
1934,Glen Bay boat ramp,2020-01-08 13:00:00,Akaroa,0.0,0.0,0.0,0.0,1.8,2.0,incoming,deep,stony,5,grass,1,0,0,0.8,3.0,0.55,0.34,0.62,0.97,1.92,139.4,112.3,309.2,170,-43.8151,172.9511,1,2,2,0,13,0,Offshore,Alongshore,Onshore,126.2,0.14285714285714285
1935,Glen Bay boat ramp,2020-01-16 09:00:00,Akaroa,0.0,0.0,0.0,0.0,0.0,0.0,ebbing,deep,stony,5,grass,1,0,0,0.0,0.0,2.14,1.9,1.46,11.45,2.17,36.3,36.8,32.6,170,-43.8151,172.9511,1,3,3,0,9,0,Alongshore,Alongshore,Onshore,126.2,0.125
1936,Glen Bay boat ramp,2020-01-22 13:00:00,Akaroa,0.0,0.0,0.0,0.0,0.0,0.0,incoming,deep,stony,5,grass,1,0,0,0.0,0.0,0.3,0.39,0.36,1.37,2.03,137.6,141.8,338.1,170,-43.8151,172.9511,1,4,2,0,13,0,Offshore,Offshore,Onshore,126.2,0.1111111111111111
1937,Glen Bay boat ramp,2020-01-30 09:00:00,Akaroa,0.0,0.0,0.0,0.0,0.0,0.0,ebbing,deep,stony,5,grass,1,0,0,0.0,0.0,2.52,2.11,1.18,11.05,1.89,35.3,4.9,12.0,170,-43.8151,172.9511,1,5,3,0,9,0,Alongshore,Onshore,Onshore,10.0,0.1
1938,Glen Bay boat ramp,2020-02-04 12:00:00,Akaroa,11.0,12.0,12.0,12.0,12.0,12.0,ebbing,deep,stony,5,grass,1,0,0,6.0,5.0,2.31,4.18,6.43,11.68,1.98,227.7,234.6,257.9,170,-43.8151,172.9511,2,6,1,0,12,1,Alongshore,Alongshore,Alongshore,10.0,0.09090909090909091
1939,Glen Bay boat ramp,2020-02-12 07:00:00,Akaroa,0.0,0.0,0.0,0.0,0.0,0.0,ebbing,deep,stony,5,grass,1,0,0,0.0,0.0,1.98,1.93,1.13,11.08,2.3,1.5,346.9,343.2,170,-43.8151,172.9511,2,7,2,0,7,0,Onshore,Onshore,Onshore,10.0,0.08333333333333333
1940,Glen Bay boat ramp,2020-02-20 12:00:00,Akaroa,0.0,0.0,0.0,0.0,0.0,0.0,incoming,deep,stony,5,grass,1,0,0,0.0,0.0,1.96,1.28,1.03,1.53,1.96,21.2,20.2,27.3,170,-43.8151,172.9511,2,8,3,0,12,0,Onshore,Onshore,Onshore,10.0,0.07692307692307693
1941,Glen Bay boat ramp,2020-02-28 09:00:00,Akaroa,0.0,0.0,0.0,0.0,0.0,0.0,ebbing,deep,stony,5,grass,1,0,0,0.0,0.0,4.48,4.6,4.67,10.72,1.91,11.5,9.9,11.3,170,-43.8151,172.9511,2,9,4,0,9,0,Onshore,Onshore,Onshore,10.0,0.07142857142857142
1942,Glen Bay boat ramp,2020-03-04 11:00:00,Akaroa,0.0,0.0,0.0,1.2,1.8,1.8,ebbing,deep,stony,5,grass,1,0,0,0.6,6.0,1.74,0.59,0.19,12.25,2.02,252.3,173.8,210.5,170,-43.8151,172.9511,3,10,2,0,11,0,Alongshore,Offshore,Offshore,10.0,0.06666666666666667
1943,Glen Bay boat ramp,2020-03-17 11:00:00,Akaroa,0.0,0.0,0.0,0.0,0.0,0.0,ebbing,deep,stony,5,grass,1,0,0,0.0,0.0,1.64,0.58,0.27,11.98,2.15,222.1,189.2,216.1,170,-43.8151,172.9511,3,12,1,0,11,0,Alongshore,Offshore,Alongshore,10.0,0.0625
1944,Glen Bay boat ramp,2020-11-10 12:00:00,Akaroa,0.0,0.0,0.0,0.0,0.4,67.0,ebbing,deep,stony,5,grass,1,0,0,0.4,1.0,0.87,0.27,0.17,11.08,2.02,112.7,116.7,122.7,170,-43.8151,172.9511,11,46,1,0,12,0,Alongshore,Alongshore,Alongshore,,0.0
1945,Glen Bay boat ramp,2020-11-23 12:00:00,Akaroa,0.0,0.0,0.0,0.0,11.2,13.6,ebbing,deep,stony,5,grass,1,0,0,4.2,5.0,0.12,0.58,0.3,11.58,1.95,60.3,53.0,286.6,170,-43.8151,172.9511,11,48,0,0,12,0,Alongshore,Alongshore,Alongshore,20.0,0.0
1946,Glen Bay boat ramp,2020-12-03 08:00:00,Akaroa,0.0,0.0,0.0,0.0,0.0,0.0,ebbing,deep,stony,5,grass,1,0,0,0.0,0.0,0.43,2.12,2.01,9.92,1.82,34.9,42.3,354.9,170,-43.8151,172.9511,12,49,3,0,8,0,Onshore,Alongshore,Onshore,15.0,0.0
1947,Glen Bay boat ramp,2020-12-10 10:00:00,Akaroa,0.0,0.0,0.0,0.0,0.0,0.0,incoming,deep,stony,5,grass,1,0,0,0.0,0.0,1.33,0.59,0.67,1.05,2.2,75.8,331.2,284.5,170,-43.8151,172.9511,12,50,3,0,10,0,Alongshore,Onshore,Alongshore,13.333333333333334,0.0
1948,Glen Bay boat ramp,2020-12-17 08:00:00,Akaroa,0.0,0.0,0.0,0.0,0.0,0.0,ebbing,deep,stony,5,grass,1,0,0,0.0,0.0,1.23,0.65,0.71,10.45,2.13,24.8,36.1,98.0,170,-43.8151,172.9511,12,51,3,0,8,0,Onshore,Alongshore,Alongshore,12.5,0.0
1949,Glen Bay boat ramp,2020-12-22 12:00:00,Akaroa,0.0,0.0,0.0,3.8,6.2,11.4,ebbing,deep,stony,5,grass,1,0,0,1.0,11.0,0.88,0.08,0.12,10.83,1.93,211.8,159.8,293.9,170,-43.8151,172.9511,12,52,1,0,12,1,Offshore,Offshore,Alongshore,12.0,0.0
1950,Glen Bay boat ramp,2020-12-29 13:00:00,Akaroa,0.0,0.0,0.0,0.0,0.0,11.6,incoming,deep,stony,5,grass,1,0,0,0.0,0.0,1.67,1.2,1.11,2.12,1.87,60.2,55.2,47.9,170,-43.8151,172.9511,12,53,1,0,13,1,Alongshore,Alongshore,Alongshore,10.0,0.0
1951,Glen Bay boat ramp,2021-01-11 14:00:00,Akaroa,0.0,0.0,0.0,0.0,0.0,1.6,incoming,deep,stony,5,grass,1,0,0,0.0,0.0,1.12,0.87,1.04,0.58,2.14,56.8,57.7,70.8,170,-43.8151,172.9511,1,2,0,0,14,0,Alongshore,Alongshore,Alongshore,10.0,0.0
1952,Glen Bay boat ramp,2021-01-19 10:00:00,Akaroa,0.0,0.0,0.0,0.0,2.6,2.6,ebbing,deep,stony,5,grass,1,0,0,2.4,2.0,5.41,5.48,5.49,10.92,1.95,344.5,337.2,344.1,170,-43.8151,172.9511,1,3,1,0,10,0,Onshore,Onshore,Onshore,10.0,0.0
1953,Glen Bay boat ramp,2021-01-21 10:00:00,Akaroa,0.8,1.0,1.0,2.2,2.2,2.2,incoming,deep,stony,5,grass,1,0,0,0.8,7.0,1.41,0.98,0.61,0.17,1.92,116.5,203.0,236.8,170,-43.8151,172.9511,1,3,3,0,10,0,Alongshore,Offshore,Alongshore,39.2,0.0
1954,Glen Bay boat ramp,2021-01-26 12:00:00,Akaroa,0.0,0.0,0.0,0.0,0.0,0.0,incoming,deep,stony,5,grass,1,0,0,0.0,0.0,1.28,0.41,0.69,1.75,1.84,98.8,33.9,356.9,170,-43.8151,172.9511,1,4,1,0,12,0,Alongshore,Onshore,Onshore,370.0,0.09090909090909091
1955,Glen Bay boat ramp,2021-01-28 14:00:00,Akaroa,0.8,1.0,1.0,9.8,9.8,9.8,incoming,deep,stony,5,grass,1,0,0,4.4,7.0,2.85,3.64,3.9,2.02,1.93,214.7,211.3,203.1,170,-43.8151,172.9511,1,4,3,0,14,0,Offshore,Offshore,Offshore,370.0,0.08333333333333333
1956,Glen Bay boat ramp,2021-02-01 13:00:00,Akaroa,0.0,0.0,0.0,0.0,0.0,0.0,incoming,deep,stony,5,grass,1,0,0,0.0,0.0,0.68,0.11,0.22,6.08,2.11,348.5,79.8,275.4,170,-43.8151,172.9511,2,5,0,0,13,1,Onshore,Alongshore,Alongshore,770.0,0.15384615384615385
1957,Glen Bay boat ramp,2021-02-03 09:00:00,Akaroa,0.0,0.0,0.0,0.0,0.0,0.0,ebbing,deep,stony,5,grass,1,0,0,0.0,0.0,2.21,2.71,2.5,11.98,2.14,229.3,229.7,248.8,170,-43.8151,172.9511,2,5,2,0,9,1,Alongshore,Alongshore,Alongshore,770.0,0.14285714285714285
1958,Glen Bay boat ramp,2021-02-09 13:00:00,Akaroa,2.8,2.8,2.8,2.8,2.8,2.8,incoming,deep,stony,5,grass,1,0,0,2.0,2.0,0.56,0.8,0.78,1.15,2.06,55.0,65.0,46.7,170,-43.8151,172.9511,2,6,1,0,13,1,Alongshore,Alongshore,Alongshore,740.8,0.13333333333333333
1959,Glen Bay boat ramp,2021-02-17 12:00:00,Akaroa,0.0,0.0,0.0,0.0,2.4,5.2,ebbing,deep,stony,5,grass,1,0,0,1.2,6.0,0.98,0.15,0.28,8.57,1.95,270.1,183.9,252.4,170,-43.8151,172.9511,2,7,2,0,12,0,Alongshore,Offshore,Alongshore,410.0,0.125
1960,Glen Bay boat ramp,2021-02-23 14:00:00,Akaroa,0.0,0.0,0.0,0.0,0.0,0.0,ebbing,deep,stony,5,grass,1,0,0,0.0,0.0,2.66,3.14,3.17,10.77,2.05,15.0,7.7,11.9,170,-43.8151,172.9511,2,8,1,0,14,0,Onshore,Onshore,Onshore,410.0,0.11764705882352941
1961,Glen Bay boat ramp,2021-03-04 08:00:00,Akaroa,1.0,1.0,4.0,4.0,4.0,4.0,ebbing,deep,stony,5,grass,1,0,0,2.0,3.0,1.64,2.09,1.35,12.13,2.25,100.2,107.5,115.4,170,-43.8151,172.9511,3,9,3,0,8,0,Alongshore,Alongshore,Alongshore,10.0,0.1111111111111111
1962,Glen Bay boat ramp,2021-11-26 10:00:00,Akaroa,0.0,0.0,0.0,0.0,0.0,0.0,ebbing,deep,stony,5,grass,1,0,0,0.0,0.0,0.73,0.19,0.27,10.7,1.73,90.0,57.1,316.3,170,-43.8151,172.9511,11,47,4,0,10,0,Alongshore,Alongshore,Onshore,,0.0
1963,Glen Bay boat ramp,2021-12-02 12:00:00,Akaroa,0.0,0.0,0.0,0.0,0.0,0.0,incoming,deep,stony,5,grass,1,0,0,0.0,0.0,2.54,2.29,1.88,1.85,2.22,32.2,33.6,34.5,170,-43.8151,172.9511,12,48,3,0,12,0,Onshore,Onshore,Onshore,10.0,0.0
1964,Glen Bay boat ramp,2021-12-09 10:00:00,Akaroa,0.0,0.0,0.0,0.0,0.0,4.2,ebbing,deep,stony,5,grass,1,0,0,0.0,0.0,1.0,0.38,0.04,10.33,2.09,296.3,349.7,309.0,170,-43.8151,172.9511,12,49,3,0,10,0,Alongshore,Onshore,Onshore,10.0,0.0
1965,Glen Bay boat ramp,2021-12-15 11:00:00,Akaroa,2.0,37.0,68.6,80.0,80.0,80.0,incoming,deep,stony,5,grass,1,0,0,12.8,20.0,1.34,2.38,2.81,2.17,1.97,220.4,220.8,230.7,170,-43.8151,172.9511,12,50,2,0,11,0,Alongshore,Alongshore,Alongshore,10.0,0.0
1966,Glen Bay boat ramp,2021-12-20 13:00:00,Akaroa,0.0,0.0,0.0,0.0,0.0,0.0,incoming,deep,stony,5,grass,1,0,0,0.0,0.0,2.48,0.79,0.33,3.9,1.84,101.6,33.1,6.4,170,-43.8151,172.9511,12,51,0,0,13,1,Alongshore,Onshore,Onshore,73.0,0.0
1967,Glen Bay boat ramp,2021-12-23 09:00:00,Akaroa,0.0,0.0,0.0,0.0,0.0,0.0,ebbing,deep,stony,5,grass,1,0,0,0.0,0.0,2.21,2.43,2.31,10.12,1.78,354.3,3.5,34.8,170,-43.8151,172.9511,12,51,3,0,9,1,Onshore,Onshore,Onshore,60.4,0.0
1968,Glen Bay boat ramp,2021-12-30 14:00:00,Akaroa,0.0,0.0,0.0,0.0,0.0,4.2,ebbing,deep,stony,5,grass,1,0,0,0.0,0.0,1.21,0.76,0.12,11.23,2.27,68.3,168.9,154.1,170,-43.8151,172.9511,12,52,3,0,14,1,Alongshore,Offshore,Offshore,60.4,0.0
1969,Glen Bay boat ramp,2022-01-07 09:00:00,Akaroa,0.0,0.0,0.0,0.0,0.4,0.4,ebbing,deep,stony,5,grass,1,0,0,0.2,2.0,3.06,2.11,1.21,10.88,2.12,219.4,230.1,228.8,170,-43.8151,172.9511,1,1,4,0,9,0,Alongshore,Alongshore,Alongshore,70.8,0.0
1970,Glen Bay boat ramp,2022-01-12 13:00:00,Akaroa,0.0,0.6,4.8,4.8,4.8,4.8,ebbing,deep,stony,5,grass,1,0,0,2.0,4.0,1.25,1.51,1.93,11.58,2.0,177.3,172.7,161.3,170,-43.8151,172.9511,1,2,2,0,13,0,Offshore,Offshore,Offshore,70.8,0.0
1971,Glen Bay boat ramp,2022-01-20 06:00:00,Akaroa,0.0,0.0,1.6,12.4,12.4,12.4,ebbing,deep,stony,5,grass,1,0,0,2.0,13.0,2.95,2.36,1.67,11.55,1.87,216.3,227.7,224.9,170,-43.8151,172.9511,1,3,3,0,6,0,Alongshore,Alongshore,Alongshore,22.4,0.0
1972,Glen Bay boat ramp,2022-01-26 11:00:00,Akaroa,4.2,8.4,8.4,8.4,8.4,8.4,ebbing,deep,stony,5,grass,1,0,0,2.6,5.0,0.79,2.17,2.99,11.3,2.1,188.1,192.3,241.1,170,-43.8151,172.9511,1,4,2,0,11,0,Offshore,Offshore,Alongshore,39.8,0.0
1973,Glen Bay boat ramp,2022-02-01 17:00:00,Akaroa,0.0,0.0,0.0,0.0,0.0,0.0,ebbing,deep,stony,5,grass,1,0,0,0.0,0.0,0.95,1.57,1.79,11.68,2.5,14.4,22.6,26.8,170,-43.8151,172.9511,2,5,1,0,17,1,Onshore,Onshore,Onshore,39.8,0.0
1974,Glen Bay boat ramp,2022-02-10 13:00:00,Akaroa,0.0,0.0,0.0,4.2,17.6,17.6,ebbing,deep,stony,5,grass,1,0,0,2.4,15.0,0.27,0.25,0.23,11.0,1.96,159.2,121.0,337.5,170,-43.8151,172.9511,2,6,3,0,13,0,Offshore,Alongshore,Onshore,44.2,0.0
1975,Glen Bay boat ramp,2022-02-15 14:00:00,Akaroa,0.0,0.0,0.0,0.0,0.0,33.6,incoming,deep,stony,5,grass,1,0,0,0.0,0.0,0.75,0.51,0.44,1.05,1.87,107.4,123.6,1.2,170,-43.8151,172.9511,2,7,1,0,14,0,Alongshore,Alongshore,Onshore,52.6,0.0
1976,Glen Bay boat ramp,2022-02-24 12:00:00,Akaroa,0.0,0.0,0.0,0.0,0.0,0.0,ebbing,deep,stony,5,grass,1,0,0,0.0,0.0,2.07,1.35,1.16,10.5,2.15,47.7,43.1,34.0,170,-43.8151,172.9511,2,8,3,0,12,0,Alongshore,Alongshore,Onshore,52.6,0.0
1977,Glen Bay boat ramp,2022-03-10 12:00:00,Akaroa,0.0,0.0,0.0,0.0,0.0,0.0,ebbing,deep,stony,5,grass,1,0,0,0.0,0.0,1.01,0.3,0.24,10.33,1.94,145.3,84.7,26.7,170,-43.8151,172.9511,3,10,3,0,12,0,Offshore,Alongshore,Onshore,35.2,0.0
1978,Glen Bay boat ramp,2022-11-17 13:00:00,Akaroa,0.0,0.0,0.0,0.0,0.0,0.0,ebbing,deep,stony,5,grass,1,0,0,0.0,0.0,0.61,0.08,0.04,9.95,1.77,321.2,135.4,310.2,170,-43.8151,172.9511,11,46,3,0,13,0,Onshore,Offshore,Onshore,,0.0
1979,Glen Bay boat ramp,2022-12-01 12:00:00,Akaroa,2.2,2.2,2.2,2.2,3.0,3.0,ebbing,deep,stony,5,grass,1,0,0,1.2,7.0,0.45,0.23,0.47,11.1,2.08,203.7,96.2,237.7,170,-43.8151,172.9511,12,48,3,0,12,0,Offshore,Alongshore,Alongshore,10.0,0.0
1980,Glen Bay boat ramp,2022-12-07 13:00:00,Akaroa,0.0,0.0,0.0,0.0,0.0,0.0,incoming,deep,stony,5,grass,1,0,0,0.0,0.0,2.84,2.83,2.42,1.72,1.98,34.0,33.8,37.2,170,-43.8151,172.9511,12,49,2,0,13,0,Onshore,Onshore,Alongshore,10.0,0.0
1981,Glen Bay boat ramp,2022-12-15 10:00:00,Akaroa,0.0,0.0,0.0,0.0,0.0,0.0,ebbing,deep,stony,5,grass,1,0,0,0.0,0.0,1.31,0.76,0.22,11.53,1.76,88.5,349.1,11.2,170,-43.8151,172.9511,12,50,3,0,10,0,Alongshore,Onshore,Onshore,10.0,0.0
1982,Glen Bay boat ramp,2022-12-20 14:00:00,Akaroa,0.0,0.0,0.0,0.2,0.4,3.0,ebbing,deep,stony,5,grass,1,0,0,0.2,2.0,1.18,0.18,0.1,11.52,2.17,111.4,72.6,84.8,170,-43.8151,172.9511,12,51,1,0,14,1,Alongshore,Alongshore,Alongshore,10.0,0.0
1983,Glen Bay boat ramp,2022-12-28 07:00:00,Akaroa,0.0,0.0,0.0,0.0,0.6,0.6,incoming,deep,stony,5,grass,1,0,0,0.6,1.0,2.1,2.22,2.15,0.33,2.42,14.5,10.9,10.0,170,-43.8151,172.9511,12,52,2,0,7,1,Onshore,Onshore,Onshore,10.0,0.0
1984,Glen Bay boat ramp,2023-01-10 06:00:00,Akaroa,0.0,0.0,0.0,0.0,0.0,0.0,ebbing,deep,stony,5,grass,1,0,0,0.0,0.0,3.25,3.72,3.51,12.17,1.83,18.9,16.1,21.3,170,-43.8151,172.9511,1,2,1,0,6,0,Onshore,Onshore,Onshore,10.0,0.0
1985,Glen Bay boat ramp,2023-01-18 13:00:00,Akaroa,0.0,0.0,0.0,0.0,0.0,0.0,ebbing,deep,stony,5,grass,1,0,0,0.0,0.0,1.75,1.26,1.23,12.17,2.21,46.4,37.3,32.6,170,-43.8151,172.9511,1,3,2,0,13,0,Alongshore,Alongshore,Onshore,10.0,0.0
1986,Glen Bay boat ramp,2023-01-27 07:00:00,Akaroa,0.4,0.4,0.4,0.4,0.4,0.4,incoming,deep,stony,5,grass,1,0,0,0.4,1.0,1.12,3.17,3.32,1.55,2.29,148.8,143.2,162.8,170,-43.8151,172.9511,1,4,4,0,7,0,Offshore,Offshore,Offshore,10.0,0.0
1987,Glen Bay boat ramp,2023-02-01 15:00:00,Akaroa,0.0,0.0,0.0,0.0,0.0,0.0,ebbing,deep,stony,5,grass,1,0,0,0.0,0.0,2.25,2.18,2.31,10.63,2.06,24.6,22.5,26.2,170,-43.8151,172.9511,2,5,2,0,15,1,Onshore,Onshore,Onshore,10.0,0.0
1988,Glen Bay boat ramp,2023-02-15 12:00:00,Akaroa,11.2,37.6,62.6,120.4,133.0,133.2,ebbing,deep,stony,5,grass,1,0,0,10.2,36.0,3.86,3.68,3.63,11.2,2.14,191.3,195.8,199.8,170,-43.8151,172.9511,2,7,2,0,12,0,Offshore,Offshore,Offshore,10.0,0.0
1989,Glen Bay boat ramp,2023-02-17 14:00:00,Akaroa,0.0,0.0,0.0,0.4,1.0,115.6,ebbing,deep,stony,5,grass,1,0,0,0.4,3.0,1.03,0.29,0.3,11.67,2.36,193.4,161.1,232.4,170,-43.8151,172.9511,2,7,4,0,14,0,Offshore,Offshore,Alongshore,480.0,0.08333333333333333
1990,Glen Bay boat ramp,2023-02-20 17:00:00,Akaroa,0.0,0.0,0.0,0.0,0.0,0.0,ebbing,deep,stony,5,grass,1,0,0,0.0,0.0,0.09,0.22,0.38,11.57,2.54,200.2,189.2,155.7,170,-43.8151,172.9511,2,8,0,0,17,0,Offshore,Offshore,Offshore,480.0,0.07692307692307693
1991,Glen Bay boat ramp,2023-03-01 12:00:00,Akaroa,0.0,0.0,0.0,0.0,0.0,0.0,ebbing,deep,stony,5,grass,1,0,0,0.0,0.0,1.75,0.49,0.5,12.07,2.01,105.5,62.0,4.9,170,-43.8151,172.9511,3,9,2,0,12,0,Alongshore,Alongshore,Onshore,480.0,0.07142857142857142
1992,Glen Bay boat ramp,2023-03-06 13:00:00,Akaroa,0.0,0.0,0.0,0.0,26.2,30.0,incoming,deep,stony,5,grass,1,0,0,6.4,13.0,0.47,0.4,0.53,2.32,1.91,115.1,91.8,76.2,170,-43.8151,172.9511,3,10,0,0,13,0,Alongshore,Alongshore,Alongshore,480.0,0.06666666666666667
1993,Glen Bay boat ramp,2023-03-15 11:00:00,Akaroa,0.0,0.0,0.0,0.0,0.0,14.2,ebbing,deep,stony,5,grass,1,0,0,0.0,0.0,2.38,2.1,2.11,10.95,2.11,34.3,35.7,33.7,170,-43.8151,172.9511,3,11,2,0,11,0,Onshore,Alongshore,Onshore,482.0,0.0625
1994,Glen Bay boat ramp,2023-03-20 13:00:00,Akaroa,0.0,0.0,0.0,0.0,0.0,0.0,incoming,deep,stony,5,grass,1,0,0,0.0,0.0,3.43,3.82,4.29,2.08,2.24,347.6,355.8,359.5,170,-43.8151,172.9511,3,12,0,0,13,0,Onshore,Onshore,Onshore,12.0,0.058823529411764705
1995,Glen Bay boat ramp,2023-06-01 14:00:00,Akaroa,0.0,0.0,0.0,0.0,0.0,0.0,ebbing,deep,stony,5,grass,1,0,0,0.0,0.0,1.9,2.57,2.75,11.87,1.98,1.8,6.2,14.7,170,-43.8151,172.9511,6,22,3,0,14,1,Onshore,Onshore,Onshore,12.0,0.05555555555555555
1996,Glen Bay boat ramp,2023-06-20 16:00:00,Akaroa,0.0,0.0,0.0,1.0,15.4,22.8,incoming,deep,stony,5,grass,1,0,0,2.0,20.0,1.83,1.42,1.56,1.82,2.17,38.1,41.4,41.6,170,-43.8151,172.9511,6,25,1,0,16,0,Alongshore,Alongshore,Alongshore,12.0,0.05263157894736842
1997,Glen Bay boat ramp,2023-07-06 14:00:00,Akaroa,0.0,0.0,0.0,0.0,0.0,0.0,incoming,deep,stony,5,grass,1,0,0,0.0,0.0,0.4,0.29,0.16,4.03,2.48,205.1,174.5,173.0,170,-43.8151,172.9511,7,27,3,0,14,0,Offshore,Offshore,Offshore,12.0,0.05
1998,Glen Bay boat ramp,2023-07-10 11:00:00,Akaroa,3.8,5.2,8.2,18.4,89.0,122.0,ebbing,deep,stony,5,grass,1,0,0,6.2,43.0,0.35,0.51,0.49,10.67,2.19,139.0,159.5,182.8,170,-43.8151,172.9511,7,28,0,0,11,0,Offshore,Offshore,Offshore,10.0,0.047619047619047616
1999,Glen Bay boat ramp,2023-07-11 13:00:00,Akaroa,0.0,0.0,0.0,0.2,17.6,80.8,ebbing,deep,stony,5,grass,1,0,0,2.0,19.0,0.23,0.32,0.32,9.95,2.09,124.1,93.4,152.4,170,-43.8151,172.9511,7,28,1,0,13,0,Alongshore,Alongshore,Offshore,121.0,0.09090909090909091
2000,Glen Bay boat ramp,2023-07-12 13:00:00,Akaroa,0.0,0.6,1.6,3.0,3.2,20.6,ebbing,deep,stony,5,grass,1,0,0,1.4,4.0,0.64,0.83,0.97,11.25,2.01,103.1,122.5,111.3,170,-43.8151,172.9511,7,28,2,0,13,0,Alongshore,Alongshore,Alongshore,196.6,0.13043478260869565
2001,Glen Bay boat ramp,2023-10-06 09:00:00,Akaroa,0.0,0.0,0.0,0.0,0.0,0.0,ebbing,deep,stony,5,grass,1,0,0,0.0,0.0,2.18,1.51,1.68,12.45,1.85,16.4,11.2,9.9,170,-43.8151,172.9511,10,40,4,0,9,0,Onshore,Onshore,Onshore,,0.0
2002,Glen Bay boat ramp,2023-11-04 09:00:00,Akaroa,0.0,1.0,1.0,1.4,5.8,5.8,incoming,deep,stony,5,grass,1,0,0,2.0,8.0,1.39,0.31,0.68,0.12,2.09,103.8,61.3,12.3,170,-43.8151,172.9511,11,44,5,1,9,0,Alongshore,Alongshore,Onshore,10.0,0.0
2003,Glen Bay boat ramp,2023-11-06 11:00:00,Akaroa,0.0,0.0,0.0,0.0,4.4,5.4,ebbing,deep,stony,5,grass,1,0,0,1.6,7.0,1.1,0.7,0.22,12.48,1.82,228.8,135.7,175.2,170,-43.8151,172.9511,11,45,0,0,11,0,Alongshore,Offshore,Offshore,10.0,0.0
2004,Glen Bay boat ramp,2023-11-21 12:00:00,Akaroa,0.0,0.0,0.0,0.0,0.6,0.6,ebbing,deep,stony,5,grass,1,0,0,0.4,2.0,2.46,1.87,1.83,11.1,2.05,17.0,21.0,20.5,170,-43.8151,172.9511,11,47,1,0,12,0,Onshore,Onshore,Onshore,10.0,0.0
2005,Glen Bay boat ramp,2023-11-24 13:00:00,Akaroa,1.0,1.2,1.2,8.4,18.6,18.6,ebbing,deep,stony,5,grass,1,0,0,3.0,14.0,2.74,2.26,2.14,12.33,2.25,167.5,173.2,191.7,170,-43.8151,172.9511,11,47,4,0,13,0,Offshore,Offshore,Offshore,10.0,0.0
2006,Glen Bay boat ramp,2023-12-05 12:00:00,Akaroa,0.0,0.0,0.0,0.0,0.0,0.0,ebbing,deep,stony,5,grass,1,0,0,0.0,0.0,2.9,2.42,2.42,10.43,1.81,31.9,30.2,35.6,170,-43.8151,172.9511,12,49,1,0,12,0,Onshore,Onshore,Alongshore,16.2,0.0
2007,Glen Bay boat ramp,2023-12-11 13:00:00,Akaroa,0.0,0.0,0.0,0.0,6.0,6.0,incoming,deep,stony,5,grass,1,0,0,2.8,5.0,0.91,1.17,2.51,1.37,1.93,222.0,213.4,314.3,170,-43.8151,172.9511,12,50,0,0,13,0,Alongshore,Offshore,Onshore,16.2,0.0
2008,Glen Bay boat ramp,2023-12-19 11:00:00,Akaroa,0.0,0.0,0.0,0.0,0.0,1.4,ebbing,deep,stony,5,grass,1,0,0,0.0,0.0,1.88,0.69,0.21,10.87,2.09,98.6,9.0,3.5,170,-43.8151,172.9511,12,51,1,0,11,0,Alongshore,Onshore,Onshore,16.2,0.0
2009,Glen Bay boat ramp,2023-12-27 13:00:00,Akaroa,0.0,0.0,0.0,0.0,16.4,16.4,incoming,deep,stony,5,grass,1,0,0,12.6,6.0,1.05,0.63,0.71,2.98,1.97,94.4,70.3,68.5,170,-43.8151,172.9511,12,52,2,0,13,1,Alongshore,Alongshore,Alongshore,16.2,0.0
2010,Glen Bay boat ramp,2024-01-03 08:00:00,Akaroa,0.0,0.0,0.0,0.0,0.0,4.4,incoming,deep,stony,5,grass,1,0,0,0.0,0.0,2.25,2.12,1.46,1.4,1.95,29.6,27.6,33.6,170,-43.8151,172.9511,1,1,2,0,8,1,Onshore,Onshore,Onshore,16.2,0.0
2011,Glen Bay boat ramp,2024-01-08 12:00:00,Akaroa,0.0,0.0,0.0,0.0,0.0,1.0,incoming,deep,stony,5,grass,1,0,0,0.0,0.0,0.75,0.38,0.53,1.18,1.86,105.6,97.7,338.0,170,-43.8151,172.9511,1,2,0,0,12,0,Alongshore,Alongshore,Onshore,12.0,0.0
2012,Glen Bay boat ramp,2024-01-16 06:00:00,Akaroa,0.0,0.0,0.0,0.0,2.0,2.0,incoming,deep,stony,5,grass,1,0,0,1.2,3.0,2.17,3.04,2.93,1.33,2.39,20.0,9.8,358.3,170,-43.8151,172.9511,1,3,1,0,6,0,Onshore,Onshore,Onshore,12.0,0.0
2013,Glen Bay boat ramp,2024-01-22 14:00:00,Akaroa,0.0,0.0,0.0,0.2,0.2,0.2,ebbing,deep,stony,5,grass,1,0,0,0.2,1.0,1.97,0.89,0.79,12.25,2.17,58.8,49.8,16.5,170,-43.8151,172.9511,1,4,0,0,14,0,Alongshore,Alongshore,Onshore,12.0,0.0
2014,Glen Bay boat ramp,2024-01-23 13:00:00,Akaroa,1.6,5.6,6.6,11.6,11.8,11.8,incoming,deep,stony,5,grass,1,0,0,3.2,16.0,2.3,1.94,1.56,1.62,1.92,190.1,197.8,202.4,170,-43.8151,172.9511,1,4,1,0,13,0,Offshore,Offshore,Offshore,16.2,0.0
2015,Glen Bay boat ramp,2024-01-24 13:00:00,Akaroa,0.0,0.0,0.0,0.2,11.8,12.0,incoming,deep,stony,5,grass,1,0,0,3.2,16.0,1.45,1.1,1.09,2.22,1.92,93.2,80.5,45.2,170,-43.8151,172.9511,1,4,2,0,13,0,Alongshore,Alongshore,Alongshore,31.4,0.0
2016,Glen Bay boat ramp,2024-01-31 09:00:00,Akaroa,0.0,0.0,0.0,0.0,0.0,0.4,ebbing,deep,stony,5,grass,1,0,0,0.0,0.0,2.19,1.78,0.64,10.92,1.84,35.2,358.3,8.3,170,-43.8151,172.9511,1,5,2,0,9,1,Alongshore,Onshore,Onshore,29.4,0.0
2017,Glen Bay boat ramp,2024-02-05 12:00:00,Akaroa,0.0,0.0,0.0,0.0,0.0,0.0,ebbing,deep,stony,5,grass,1,0,0,0.0,0.0,1.77,0.48,0.52,11.87,2.03,122.1,125.6,354.0,170,-43.8151,172.9511,2,6,0,0,12,1,Alongshore,Offshore,Onshore,29.4,0.0
2018,Glen Bay boat ramp,2024-02-11 15:00:00,Akaroa,0.0,0.0,0.0,0.8,13.0,13.0,incoming,deep,stony,5,grass,1,0,0,3.6,12.0,1.02,0.28,0.51,2.23,2.28,184.4,192.5,221.3,170,-43.8151,172.9511,2,6,6,1,15,0,Offshore,Offshore,Alongshore,35.6,0.0
2019,Glen Bay boat ramp,2024-02-13 07:00:00,Akaroa,0.0,0.0,0.0,0.0,0.0,7.0,ebbing,deep,stony,5,grass,1,0,0,0.0,0.0,2.07,1.74,1.62,11.72,2.3,348.2,347.3,13.5,170,-43.8151,172.9511,2,7,1,0,7,0,Onshore,Onshore,Onshore,35.4,0.0
2020,Glen Bay boat ramp,2024-02-20 13:00:00,Akaroa,0.0,0.0,0.0,8.8,10.8,10.8,ebbing,deep,stony,5,grass,1,0,0,4.2,6.0,0.85,0.28,0.23,12.4,2.12,183.7,136.0,232.0,170,-43.8151,172.9511,2,8,1,0,13,0,Offshore,Offshore,Alongshore,22.2,0.0
2021,Glen Bay boat ramp,2024-02-21 12:00:00,Akaroa,0.0,0.0,0.0,0.0,9.4,10.8,incoming,deep,stony,5,grass,1,0,0,4.2,4.0,0.68,0.39,0.28,1.9,1.88,136.8,71.9,255.2,170,-43.8151,172.9511,2,8,2,0,12,0,Offshore,Alongshore,Alongshore,30.6,0.0
2022,Glen Bay boat ramp,2024-03-05 10:00:00,Akaroa,0.2,0.2,0.2,5.0,5.0,5.2,incoming,deep,stony,5,grass,1,0,0,2.8,5.0,4.76,5.27,5.33,1.52,1.8,209.0,211.2,215.5,170,-43.8151,172.9511,3,10,1,0,10,0,Offshore,Offshore,Alongshore,30.6,0.0
2023,Glen Bay boat ramp,2024-03-15 10:00:00,Akaroa,0.0,0.0,10.2,10.2,10.2,10.2,ebbing,deep,stony,5,grass,1,0,0,2.8,6.0,2.77,2.86,2.35,10.22,2.24,202.5,205.9,199.4,170,-43.8151,172.9511,3,11,4,0,10,0,Offshore,Offshore,Offshore,28.6,0.0
2024,Glen Bay boat ramp,2024-03-20 13:00:00,Akaroa,0.0,0.0,0.0,0.0,0.0,3.4,ebbing,deep,stony,5,grass,1,0,0,0.0,0.0,3.12,2.98,2.18,11.63,2.08,31.1,28.1,24.9,170,-43.8151,172.9511,3,12,2,0,13,0,Onshore,Onshore,Onshore,24.6,0.0
2025,Glen Bay boat ramp,2024-03-25 14:00:00,Akaroa,0.0,0.0,0.0,0.0,0.0,0.0,incoming,deep,stony,5,grass,1,0,0,0.0,0.0,1.7,0.75,0.82,1.95,1.99,88.1,32.6,346.2,170,-43.8151,172.9511,3,13,0,0,14,0,Alongshore,Onshore,Onshore,22.6,0.0
2026,Glen Bay boat ramp,2024-04-12 16:00:00,Akaroa,0.2,0.4,0.6,2.0,16.6,16.6,incoming,deep,stony,5,grass,1,0,0,4.2,13.0,1.9,1.3,0.7,2.92,2.32,198.8,205.8,213.3,170,-43.8151,172.9511,4,15,4,0,16,0,Offshore,Offshore,Offshore,14.2,0.0
2027,Glen Bay boat ramp,2024-04-14 10:00:00,Akaroa,0.0,0.0,0.0,0.0,1.6,10.4,ebbing,deep,stony,5,grass,1,0,0,0.2,8.0,0.92,0.05,0.11,10.33,2.17,229.5,174.0,243.7,170,-43.8151,172.9511,4,15,6,1,10,1,Alongshore,Offshore,Alongshore,21.0,0.0
2028,Glen Bay boat ramp,2024-05-02 12:00:00,Akaroa,0.0,0.0,0.0,0.2,16.0,16.0,ebbing,deep,stony,5,grass,1,0,0,2.8,16.0,0.5,0.05,0.07,10.73,2.2,185.2,358.8,270.5,170,-43.8151,172.9511,5,18,3,0,12,0,Offshore,Onshore,Alongshore,16.8,0.0
2029,Glen Bay boat ramp,2024-05-21 12:00:00,Akaroa,0.6,1.4,1.8,10.8,11.8,12.0,incoming,deep,stony,5,grass,1,0,0,1.6,21.0,0.98,0.56,0.57,2.42,2.0,158.8,147.2,136.2,170,-43.8151,172.9511,5,21,1,0,12,0,Offshore,Offshore,Offshore,16.8,0.0
2030,Glen Bay boat ramp,2024-06-15 09:00:00,Akaroa,0.0,0.0,0.2,29.4,45.0,45.0,incoming,deep,stony,5,grass,1,0,0,6.4,18.0,0.14,0.51,0.92,1.47,1.86,103.7,110.9,79.8,170,-43.8151,172.9511,6,24,5,1,9,0,Alongshore,Alongshore,Alongshore,16.8,0.0
2031,Glen Bay boat ramp,2024-07-03 14:00:00,Akaroa,0.0,0.2,2.8,5.8,33.2,35.8,ebbing,deep,stony,5,grass,1,0,0,3.4,37.0,2.53,2.31,2.04,12.2,2.03,212.3,207.9,209.7,170,-43.8151,172.9511,7,27,2,0,14,0,Offshore,Offshore,Offshore,44.4,0.0
2032,Glen Bay boat ramp,2024-07-16 12:00:00,Akaroa,0.0,0.0,0.0,6.8,17.4,17.6,ebbing,deep,stony,5,grass,1,0,0,2.4,22.0,0.22,0.16,0.18,11.6,1.79,90.1,67.7,357.0,170,-43.8151,172.9511,7,29,1,0,12,0,Alongshore,Alongshore,Onshore,37.6,0.0
2033,Glen Bay boat ramp,2024-07-31 13:00:00,Akaroa,1.2,2.4,4.0,19.0,106.8,108.6,ebbing,deep,stony,5,grass,1,0,0,12.0,40.0,0.74,0.42,0.61,11.63,1.95,85.2,70.6,117.6,170,-43.8151,172.9511,7,31,2,0,13,0,Alongshore,Alongshore,Alongshore,39.6,0.0
2034,Glen Bay boat ramp,2024-09-17 12:00:00,Akaroa,0.4,1.0,1.6,19.4,19.4,19.4,incoming,deep,stony,5,grass,1,0,0,5.6,12.0,3.79,2.74,2.22,2.32,2.43,203.0,213.5,221.1,170,-43.8151,172.9511,9,38,1,0,12,0,Offshore,Offshore,Alongshore,61.8,0.0
2035,Governors Bay Sandy Beach,2013-11-12 10:00:00,Lyttelton,0.0,0.0,0.0,0.0,0.0,0.0,incoming,shallow,muddy,6,grass,0,0,0,0.0,0.0,2.47,3.17,3.54,1.37,2.37,219.5,218.4,225.7,8,-43.6198,172.6579,11,46,1,0,10,0,Onshore,Onshore,Onshore,,0.0
2036,Governors Bay Sandy Beach,2013-11-25 10:00:00,Lyttelton,0.0,0.0,0.0,0.0,0.0,0.8,ebbing,shallow,muddy,6,grass,0,0,0,0.0,0.0,2.93,5.77,5.6,12.33,1.88,219.2,217.7,210.5,8,-43.6198,172.6579,11,48,0,0,10,0,Onshore,Onshore,Onshore,10.0,0.0
2037,Governors Bay Sandy Beach,2013-12-02 16:00:00,Lyttelton,0.0,0.0,0.0,0.0,0.0,0.0,ebbing,shallow,muddy,6,grass,0,0,0,0.0,0.0,4.4,5.48,5.81,12.2,2.5,70.7,70.5,64.9,8,-43.6198,172.6579,12,49,0,0,16,0,Alongshore,Alongshore,Alongshore,10.0,0.0
2038,Governors Bay Sandy Beach,2013-12-09 09:00:00,Lyttelton,0.0,0.0,0.0,1.6,1.6,1.6,incoming,shallow,muddy,6,grass,0,0,0,0.8,3.0,6.13,5.08,4.73,0.27,2.5,210.6,217.9,217.7,8,-43.6198,172.6579,12,50,0,0,9,0,Onshore,Onshore,Onshore,13.333333333333334,0.0
2039,Governors Bay Sandy Beach,2013-12-16 17:00:00,Lyttelton,0.0,0.0,0.0,0.0,0.0,0.0,ebbing,shallow,muddy,6,grass,0,0,0,0.0,0.0,1.14,2.37,7.44,11.65,2.28,57.6,65.3,131.2,8,-43.6198,172.6579,12,51,0,0,17,0,Alongshore,Alongshore,Alongshore,28.5,0.0
2040,Governors Bay Sandy Beach,2013-12-22 08:00:00,Lyttelton,0.0,1.6,1.8,1.8,1.8,2.0,ebbing,shallow,muddy,6,grass,0,0,0,0.8,3.0,4.85,2.27,1.52,11.88,1.91,211.5,226.0,213.4,8,-43.6198,172.6579,12,51,6,1,8,1,Onshore,Onshore,Onshore,26.8,0.0
2041,Governors Bay Sandy Beach,2014-01-06 09:00:00,Lyttelton,0.0,0.0,0.0,0.4,0.4,0.4,ebbing,shallow,muddy,6,grass,0,0,0,0.4,1.0,3.26,2.84,3.24,11.78,2.34,171.2,177.0,264.3,8,-43.6198,172.6579,1,2,0,0,9,0,Onshore,Onshore,Alongshore,26.8,0.0
2042,Governors Bay Sandy Beach,2014-01-13 15:00:00,Lyttelton,0.0,0.0,0.0,0.0,0.0,0.0,ebbing,shallow,muddy,6,grass,0,0,0,0.0,0.0,2.37,0.62,3.37,11.83,2.22,47.5,187.8,206.9,8,-43.6198,172.6579,1,3,0,0,15,0,Offshore,Onshore,Onshore,26.8,0.0
2043,Governors Bay Sandy Beach,2014-01-20 08:00:00,Lyttelton,0.0,0.0,0.0,0.0,0.0,0.0,ebbing,shallow,muddy,6,grass,0,0,0,0.0,0.0,2.08,3.27,4.28,11.35,1.95,31.2,33.7,358.3,8,-43.6198,172.6579,1,4,0,0,8,0,Offshore,Offshore,Offshore,24.8,0.0
2044,Governors Bay Sandy Beach,2014-01-28 14:00:00,Lyttelton,0.0,0.0,0.0,0.0,3.4,3.4,incoming,shallow,muddy,6,grass,0,0,0,1.0,9.0,1.07,2.57,3.02,0.28,2.21,75.2,84.9,87.6,8,-43.6198,172.6579,1,5,1,0,14,0,Alongshore,Alongshore,Alongshore,12.0,0.0
2045,Governors Bay Sandy Beach,2014-02-03 08:00:00,Lyttelton,0.0,0.0,0.0,0.0,0.2,0.6,ebbing,shallow,muddy,6,grass,0,0,0,0.2,1.0,1.37,1.23,2.5,11.28,2.41,62.0,41.5,33.2,8,-43.6198,172.6579,2,6,0,0,8,1,Alongshore,Offshore,Offshore,10.0,0.0
2046,Governors Bay Sandy Beach,2014-02-10 14:00:00,Lyttelton,0.0,0.0,0.0,0.0,0.0,0.0,ebbing,shallow,muddy,6,grass,0,0,0,0.0,0.0,3.4,1.16,2.05,12.05,2.17,85.4,165.9,186.1,8,-43.6198,172.6579,2,7,0,0,14,0,Alongshore,Onshore,Onshore,10.0,0.0
2047,Governors Bay Sandy Beach,2014-02-17 06:00:00,Lyttelton,0.0,0.0,0.0,0.0,0.0,0.2,ebbing,shallow,muddy,6,grass,0,0,0,0.0,0.0,6.32,6.06,6.82,12.12,2.02,56.7,53.1,48.3,8,-43.6198,172.6579,2,8,0,0,6,0,Alongshore,Alongshore,Offshore,10.0,0.0
2048,Governors Bay Sandy Beach,2014-02-24 11:00:00,Lyttelton,0.0,0.0,0.0,2.0,9.2,9.2,incoming,shallow,muddy,6,grass,0,0,0,5.6,6.0,2.63,4.84,6.45,0.8,2.1,52.9,47.2,34.6,8,-43.6198,172.6579,2,9,0,0,11,0,Offshore,Offshore,Offshore,10.0,0.0
2049,Governors Bay Sandy Beach,2014-03-10 12:00:00,Lyttelton,0.0,0.0,0.0,0.0,0.0,0.0,incoming,shallow,muddy,6,grass,0,0,0,0.0,0.0,2.82,4.17,4.29,0.03,1.96,60.5,52.9,42.9,8,-43.6198,172.6579,3,11,0,0,12,0,Alongshore,Offshore,Offshore,10.0,0.0
2050,Governors Bay Sandy Beach,2014-11-18 13:00:00,Lyttelton,0.0,0.0,0.0,0.0,0.0,0.0,incoming,shallow,muddy,6,grass,0,0,0,0.0,0.0,2.93,2.23,3.55,0.02,2.05,74.3,164.6,253.1,8,-43.6198,172.6579,11,47,1,0,13,0,Alongshore,Onshore,Alongshore,,0.0
2051,Governors Bay Sandy Beach,2014-11-24 16:00:00,Lyttelton,0.0,0.0,0.0,0.0,0.6,0.6,incoming,shallow,muddy,6,grass,0,0,0,0.6,1.0,4.07,8.75,8.81,1.55,2.15,54.7,54.0,52.9,8,-43.6198,172.6579,11,48,0,0,16,0,Alongshore,Alongshore,Offshore,10.0,0.0
2052,Governors Bay Sandy Beach,2014-12-08 17:00:00,Lyttelton,0.0,0.0,0.0,0.0,0.0,0.0,incoming,shallow,muddy,6,grass,0,0,0,0.0,0.0,4.46,5.47,5.84,0.58,2.12,56.3,54.7,55.6,8,-43.6198,172.6579,12,50,0,0,17,0,Alongshore,Alongshore,Alongshore,53.5,0.0
2053,Governors Bay Sandy Beach,2014-12-15 11:00:00,Lyttelton,0.0,0.0,0.0,0.0,0.0,1.0,ebbing,shallow,muddy,6,grass,0,0,0,0.0,0.0,3.71,4.4,4.56,12.07,1.94,66.3,58.1,49.8,8,-43.6198,172.6579,12,51,0,0,11,0,Alongshore,Alongshore,Offshore,39.0,0.0
2054,Governors Bay Sandy Beach,2014-12-22 16:00:00,Lyttelton,0.0,0.0,0.0,7.4,7.4,7.8,incoming,shallow,muddy,6,grass,0,0,0,3.4,7.0,4.4,5.9,7.7,0.75,2.18,55.3,59.7,54.7,8,-43.6198,172.6579,12,52,0,0,16,1,Alongshore,Alongshore,Alongshore,31.75,0.0
2055,Governors Bay Sandy Beach,2014-12-24 08:00:00,Lyttelton,0.0,0.0,0.0,0.0,0.0,7.4,ebbing,shallow,muddy,6,grass,0,0,0,0.0,0.0,6.03,6.68,6.77,10.65,2.26,43.4,44.8,44.6,8,-43.6198,172.6579,12,52,2,0,8,1,Offshore,Offshore,Offshore,54.4,0.0
2056,Governors Bay Sandy Beach,2014-12-29 10:00:00,Lyttelton,0.0,0.0,0.0,0.0,1.4,1.4,ebbing,shallow,muddy,6,grass,0,0,0,1.4,1.0,3.51,5.23,6.14,12.53,2.29,62.7,55.3,39.7,8,-43.6198,172.6579,12,1,0,0,10,1,Alongshore,Alongshore,Offshore,54.4,0.0
2057,Governors Bay Sandy Beach,2015-01-06 05:00:00,Lyttelton,0.0,0.0,0.0,0.0,0.0,0.0,ebbing,shallow,muddy,6,grass,0,0,0,0.0,0.0,1.54,1.18,1.13,12.2,2.06,254.6,310.2,350.9,8,-43.6198,172.6579,1,2,1,0,5,0,Alongshore,Alongshore,Offshore,41.2,0.0
2058,Governors Bay Sandy Beach,2015-01-12 09:00:00,Lyttelton,0.0,0.0,0.0,0.0,0.0,0.0,incoming,shallow,muddy,6,grass,0,0,0,0.0,0.0,3.74,3.67,1.82,0.37,2.07,253.0,245.1,233.5,8,-43.6198,172.6579,1,3,0,0,9,0,Alongshore,Alongshore,Alongshore,41.2,0.0
2059,Governors Bay Sandy Beach,2015-01-19 15:00:00,Lyttelton,0.0,0.0,0.0,0.0,0.0,0.0,incoming,shallow,muddy,6,grass,0,0,0,0.0,0.0,4.46,5.09,7.21,0.4,2.18,303.2,302.9,315.4,8,-43.6198,172.6579,1,4,0,0,15,0,Alongshore,Alongshore,Alongshore,41.2,0.0
2060,Governors Bay Sandy Beach,2015-01-26 10:00:00,Lyttelton,0.0,0.0,0.0,0.0,0.0,0.0,ebbing,shallow,muddy,6,grass,0,0,0,0.0,0.0,10.12,10.28,9.74,11.53,2.35,49.8,48.4,47.4,8,-43.6198,172.6579,1,5,0,0,10,0,Offshore,Offshore,Offshore,14.2,0.0
2061,Governors Bay Sandy Beach,2015-02-02 15:00:00,Lyttelton,0.0,0.0,0.0,0.0,0.0,1.8,incoming,shallow,muddy,6,grass,0,0,0,0.0,0.0,2.92,6.25,8.68,0.6,2.03,303.0,310.4,331.2,8,-43.6198,172.6579,2,6,0,0,15,1,Alongshore,Alongshore,Offshore,16.2,0.0
2062,Governors Bay Sandy Beach,2015-02-09 08:00:00,Lyttelton,0.0,0.0,0.0,0.0,0.0,0.0,incoming,shallow,muddy,6,grass,0,0,0,0.0,0.0,2.3,3.99,7.87,0.13,2.1,310.1,314.5,314.7,8,-43.6198,172.6579,2,7,0,0,8,1,Alongshore,Alongshore,Alongshore,12.0,0.0
2063,Governors Bay Sandy Beach,2015-02-16 14:00:00,Lyttelton,0.0,0.0,0.0,0.0,0.0,0.0,ebbing,shallow,muddy,6,grass,0,0,0,0.0,0.0,2.26,3.62,4.59,12.32,2.45,62.5,66.8,52.7,8,-43.6198,172.6579,2,8,0,0,14,0,Alongshore,Alongshore,Offshore,12.0,0.0
2064,Governors Bay Sandy Beach,2015-02-23 09:00:00,Lyttelton,0.0,0.0,0.8,0.8,3.0,3.0,ebbing,shallow,muddy,6,grass,0,0,0,1.6,6.0,2.25,1.66,1.41,11.63,2.45,226.4,214.3,217.3,8,-43.6198,172.6579,2,9,0,0,9,0,Onshore,Onshore,Onshore,12.0,0.0
2065,Governors Bay Sandy Beach,2015-11-17 08:00:00,Lyttelton,0.0,0.0,0.0,0.0,0.0,0.0,ebbing,shallow,muddy,6,grass,0,0,0,0.0,0.0,0.59,3.43,4.5,12.3,2.0,251.8,255.3,317.3,8,-43.6198,172.6579,11,47,1,0,8,0,Alongshore,Alongshore,Alongshore,,0.0
2066,Governors Bay Sandy Beach,2015-11-23 13:00:00,Lyttelton,0.0,0.0,0.0,0.0,0.0,0.0,incoming,shallow,muddy,6,grass,0,0,0,0.0,0.0,3.62,4.18,3.34,0.45,2.4,59.3,72.2,64.8,8,-43.6198,172.6579,11,48,0,0,13,0,Alongshore,Alongshore,Alongshore,109.0,0.0
2067,Governors Bay Sandy Beach,2015-11-30 08:00:00,Lyttelton,0.0,0.0,0.0,0.0,0.8,0.8,ebbing,shallow,muddy,6,grass,0,0,0,0.4,2.0,8.01,7.75,7.48,12.43,2.16,72.3,71.6,66.6,8,-43.6198,172.6579,11,49,0,0,8,0,Alongshore,Alongshore,Alongshore,59.5,0.0
2068,Governors Bay Sandy Beach,2015-12-10 15:00:00,Lyttelton,0.0,0.0,0.0,0.0,0.0,1.4,incoming,shallow,muddy,6,grass,0,0,0,0.0,0.0,2.8,4.91,5.16,1.07,2.0,67.4,68.8,65.3,8,-43.6198,172.6579,12,50,3,0,15,0,Alongshore,Alongshore,Alongshore,43.0,0.0
2069,Governors Bay Sandy Beach,2015-12-14 06:00:00,Lyttelton,0.2,0.2,0.2,8.2,8.2,8.2,incoming,shallow,muddy,6,grass,0,0,0,4.6,5.0,0.64,0.64,0.7,0.67,2.34,327.9,328.8,304.7,8,-43.6198,172.6579,12,51,0,0,6,0,Offshore,Offshore,Alongshore,34.75,0.0
2070,Governors Bay Sandy Beach,2015-12-23 13:00:00,Lyttelton,0.0,0.0,0.0,0.6,1.8,1.8,incoming,shallow,muddy,6,grass,0,0,0,0.8,5.0,1.64,1.67,0.56,0.97,2.29,309.0,244.4,255.4,8,-43.6198,172.6579,12,52,2,0,13,1,Alongshore,Alongshore,Alongshore,29.8,0.0
2071,Governors Bay Sandy Beach,2016-01-05 12:00:00,Lyttelton,0.0,0.0,0.0,0.0,0.2,15.6,incoming,shallow,muddy,6,grass,0,0,0,0.2,1.0,2.94,3.56,4.8,0.57,1.97,78.9,83.4,78.2,8,-43.6198,172.6579,1,1,1,0,12,1,Alongshore,Alongshore,Alongshore,10.0,0.0
2072,Governors Bay Sandy Beach,2016-01-11 16:00:00,Lyttelton,0.0,0.0,0.0,0.0,0.0,0.0,incoming,shallow,muddy,6,grass,0,0,0,0.0,0.0,8.25,11.67,12.74,1.52,2.13,78.0,78.4,73.3,8,-43.6198,172.6579,1,2,0,0,16,0,Alongshore,Alongshore,Alongshore,10.0,0.0
2073,Governors Bay Sandy Beach,2016-01-18 10:00:00,Lyttelton,1.8,1.8,1.8,2.0,2.2,14.8,incoming,shallow,muddy,6,grass,0,0,0,0.8,5.0,5.33,5.87,6.03,0.97,2.3,57.5,53.7,47.9,8,-43.6198,172.6579,1,3,0,0,10,0,Alongshore,Alongshore,Offshore,10.0,0.0
2074,Governors Bay Sandy Beach,2016-01-25 16:00:00,Lyttelton,0.0,0.0,0.0,0.0,0.0,0.0,incoming,shallow,muddy,6,grass,0,0,0,0.0,0.0,0.85,3.01,1.12,1.32,2.15,343.1,306.1,356.7,8,-43.6198,172.6579,1,4,0,0,16,0,Offshore,Alongshore,Offshore,10.0,0.0
2075,Governors Bay Sandy Beach,2016-02-02 10:00:00,Lyttelton,0.0,0.0,0.0,0.0,0.0,0.0,incoming,shallow,muddy,6,grass,0,0,0,0.0,0.0,1.23,0.35,1.01,1.07,1.94,80.2,114.6,263.6,8,-43.6198,172.6579,2,5,1,0,10,1,Alongshore,Alongshore,Alongshore,14.0,0.0
2076,Governors Bay Sandy Beach,2016-02-09 16:00:00,Lyttelton,0.0,0.0,0.0,0.0,0.0,0.0,incoming,shallow,muddy,6,grass,0,0,0,0.0,0.0,0.26,3.76,7.22,1.37,2.26,260.8,256.0,45.2,8,-43.6198,172.6579,2,6,1,0,16,1,Alongshore,Alongshore,Offshore,14.0,0.0
2077,Governors Bay Sandy Beach,2016-02-15 10:00:00,Lyttelton,0.0,0.0,0.0,0.0,0.0,0.0,ebbing,shallow,muddy,6,grass,0,0,0,0.0,0.0,0.64,0.32,1.8,12.52,2.36,78.6,53.9,17.0,8,-43.6198,172.6579,2,7,0,0,10,0,Alongshore,Alongshore,Offshore,14.0,0.0
2078,Governors Bay Sandy Beach,2016-02-22 15:00:00,Lyttelton,0.0,0.0,0.0,0.0,0.0,0.0,incoming,shallow,muddy,6,grass,0,0,0,0.0,0.0,4.22,7.11,7.87,1.35,2.12,73.1,70.9,71.5,8,-43.6198,172.6579,2,8,0,0,15,0,Alongshore,Alongshore,Alongshore,14.0,0.0
2079,Governors Bay Sandy Beach,2016-02-29 10:00:00,Lyttelton,0.0,0.0,0.0,0.0,0.0,0.0,ebbing,shallow,muddy,6,grass,0,0,0,0.0,0.0,5.56,7.84,6.68,11.5,2.01,233.5,238.6,252.7,8,-43.6198,172.6579,2,9,0,0,10,0,Alongshore,Alongshore,Alongshore,14.0,0.0
2080,Governors Bay Sandy Beach,2016-11-21 10:00:00,Lyttelton,0.0,0.0,0.0,0.0,0.0,0.0,ebbing,shallow,muddy,6,grass,0,0,0,0.0,0.0,0.8,1.73,3.37,12.27,2.14,63.6,58.6,50.7,8,-43.6198,172.6579,11,47,0,0,10,0,Alongshore,Alongshore,Offshore,,0.0
2081,Governors Bay Sandy Beach,2016-11-28 14:00:00,Lyttelton,0.0,0.0,0.0,0.0,0.0,0.0,incoming,shallow,muddy,6,grass,0,0,0,0.0,0.0,2.43,2.15,7.13,1.38,2.04,79.8,106.2,191.9,8,-43.6198,172.6579,11,48,0,0,14,0,Alongshore,Alongshore,Onshore,10.0,0.0
2082,Governors Bay Sandy Beach,2016-12-05 09:00:00,Lyttelton,0.0,0.0,0.0,0.0,0.0,0.8,ebbing,shallow,muddy,6,grass,0,0,0,0.0,0.0,4.04,3.97,5.39,12.35,1.92,63.2,64.0,58.9,8,-43.6198,172.6579,12,49,0,0,9,0,Alongshore,Alongshore,Alongshore,10.0,0.0
2083,Governors Bay Sandy Beach,2016-12-12 14:00:00,Lyttelton,0.2,1.0,5.6,6.2,9.2,9.2,incoming,shallow,muddy,6,grass,0,0,0,2.2,15.0,7.35,10.75,13.08,0.73,2.38,217.8,228.2,232.9,8,-43.6198,172.6579,12,50,0,0,14,0,Onshore,Onshore,Onshore,10.0,0.0
2084,Governors Bay Sandy Beach,2016-12-15 09:00:00,Lyttelton,0.0,0.0,0.0,0.0,0.0,3.0,ebbing,shallow,muddy,6,grass,0,0,0,0.0,0.0,2.95,2.46,5.7,8.68,2.37,261.7,278.2,17.8,8,-43.6198,172.6579,12,50,3,0,9,0,Alongshore,Alongshore,Offshore,73.0,0.0
2085,Governors Bay Sandy Beach,2016-12-19 09:00:00,Lyttelton,0.0,0.0,0.0,0.0,0.0,0.0,incoming,shallow,muddy,6,grass,0,0,0,0.0,0.0,0.64,4.41,7.06,0.03,2.47,72.9,64.2,337.7,8,-43.6198,172.6579,12,51,0,0,9,0,Alongshore,Alongshore,Offshore,60.4,0.0
2086,Governors Bay Sandy Beach,2016-12-28 14:00:00,Lyttelton,0.0,0.0,0.0,0.0,0.0,0.0,incoming,shallow,muddy,6,grass,0,0,0,0.0,0.0,6.92,9.06,9.62,1.68,1.97,70.3,69.5,63.1,8,-43.6198,172.6579,12,52,2,0,14,1,Alongshore,Alongshore,Alongshore,60.4,0.0
2087,Governors Bay Sandy Beach,2017-01-04 09:00:00,Lyttelton,0.0,0.0,0.4,1.2,1.2,1.2,incoming,shallow,muddy,6,grass,0,0,0,0.4,5.0,4.65,1.46,2.13,0.15,2.28,66.2,286.0,256.8,8,-43.6198,172.6579,1,1,2,0,9,1,Alongshore,Alongshore,Alongshore,60.4,0.0
2088,Governors Bay Sandy Beach,2017-01-09 14:00:00,Lyttelton,0.0,0.0,0.0,0.0,3.4,15.0,ebbing,shallow,muddy,6,grass,0,0,0,1.4,8.0,0.94,5.65,7.72,11.98,2.46,71.9,67.5,354.2,8,-43.6198,172.6579,1,2,0,0,14,0,Alongshore,Alongshore,Offshore,60.4,0.0
2089,Governors Bay Sandy Beach,2017-01-16 08:00:00,Lyttelton,0.0,0.0,0.0,0.0,0.6,0.6,ebbing,shallow,muddy,6,grass,0,0,0,0.6,1.0,0.92,4.59,6.42,11.52,2.22,70.1,55.7,323.0,8,-43.6198,172.6579,1,3,0,0,8,0,Alongshore,Alongshore,Alongshore,10.0,0.0
2090,Governors Bay Sandy Beach,2017-01-24 14:00:00,Lyttelton,0.0,0.0,0.0,0.0,4.8,13.4,ebbing,shallow,muddy,6,grass,0,0,0,1.2,10.0,9.0,9.71,10.83,12.5,2.13,74.7,75.6,77.8,8,-43.6198,172.6579,1,4,1,0,14,0,Alongshore,Alongshore,Alongshore,10.0,0.0
2091,Governors Bay Sandy Beach,2017-01-30 07:00:00,Lyttelton,0.0,0.0,0.0,0.0,0.0,0.0,ebbing,shallow,muddy,6,grass,0,0,0,0.0,0.0,0.46,3.84,6.0,11.0,2.09,60.0,66.5,33.8,8,-43.6198,172.6579,1,5,0,0,7,0,Alongshore,Alongshore,Offshore,10.0,0.0
2092,Governors Bay Sandy Beach,2017-02-07 13:00:00,Lyttelton,0.0,0.0,0.0,0.3,0.3,0.3,ebbing,shallow,muddy,6,grass,0,0,0,0.2,2.0,1.6,1.18,1.02,12.52,2.43,68.3,151.2,244.2,8,-43.6198,172.6579,2,6,1,0,13,1,Alongshore,Onshore,Alongshore,10.0,0.0
2093,Governors Bay Sandy Beach,2017-02-13 07:00:00,Lyttelton,0.0,0.0,0.0,0.0,0.0,0.0,ebbing,shallow,muddy,6,grass,0,0,0,0.0,0.0,2.22,3.1,4.05,11.12,2.24,59.8,43.8,13.2,8,-43.6198,172.6579,2,7,0,0,7,0,Alongshore,Offshore,Offshore,10.0,0.0
2094,Governors Bay Sandy Beach,2017-02-20 11:00:00,Lyttelton,0.0,0.0,0.0,0.0,0.8,2.8,incoming,shallow,muddy,6,grass,0,0,0,0.2,4.0,8.91,8.0,8.12,0.55,1.93,67.3,71.1,70.6,8,-43.6198,172.6579,2,8,0,0,11,0,Alongshore,Alongshore,Alongshore,14.2,0.0
2095,Governors Bay Sandy Beach,2017-03-02 08:00:00,Lyttelton,0.0,0.0,0.0,0.0,0.0,0.0,ebbing,shallow,muddy,6,grass,0,0,0,0.0,0.0,1.14,0.45,0.7,12.15,2.33,233.8,356.5,315.9,8,-43.6198,172.6579,3,9,3,0,8,0,Alongshore,Offshore,Alongshore,14.2,0.0
2096,Governors Bay Sandy Beach,2017-11-23 08:00:00,Lyttelton,0.0,0.0,0.0,0.0,0.0,0.0,ebbing,shallow,muddy,6,grass,0,0,0,0.0,0.0,0.59,0.68,1.69,11.98,1.89,122.6,122.4,88.0,8,-43.6198,172.6579,11,47,3,0,8,0,Alongshore,Alongshore,Alongshore,,0.0
2097,Governors Bay Sandy Beach,2017-11-29 12:00:00,Lyttelton,0.0,0.0,0.0,0.0,0.0,0.0,incoming,shallow,muddy,6,grass,0,0,0,0.0,0.0,2.51,3.61,5.17,0.58,2.16,73.9,74.9,73.1,8,-43.6198,172.6579,11,48,2,0,12,0,Alongshore,Alongshore,Alongshore,10.0,0.0
2098,Governors Bay Sandy Beach,2017-12-06 07:00:00,Lyttelton,0.0,0.0,0.0,0.0,0.0,0.0,ebbing,shallow,muddy,6,grass,0,0,0,0.0,0.0,1.77,1.03,1.06,11.3,2.36,72.2,55.1,29.4,8,-43.6198,172.6579,12,49,2,0,7,0,Alongshore,Alongshore,Offshore,10.0,0.0
2099,Governors Bay Sandy Beach,2017-12-13 12:00:00,Lyttelton,0.0,0.0,1.2,1.2,1.2,1.2,incoming,shallow,muddy,6,grass,0,0,0,0.6,2.0,7.26,8.1,10.2,0.42,2.2,63.1,60.2,56.7,8,-43.6198,172.6579,12,50,2,0,12,0,Alongshore,Alongshore,Alongshore,10.0,0.0
2100,Governors Bay Sandy Beach,2017-12-20 07:00:00,Lyttelton,0.0,0.0,0.0,0.0,0.0,0.2,ebbing,shallow,muddy,6,grass,0,0,0,0.0,0.0,13.14,14.29,13.06,11.05,1.95,227.5,227.5,228.5,8,-43.6198,172.6579,12,51,2,0,7,1,Onshore,Onshore,Onshore,12.5,0.0
2101,Governors Bay Sandy Beach,2017-12-28 10:00:00,Lyttelton,0.0,0.0,0.0,0.2,3.8,5.4,incoming,shallow,muddy,6,grass,0,0,0,1.0,8.0,3.8,3.36,3.92,1.3,2.17,218.9,234.7,228.1,8,-43.6198,172.6579,12,52,3,0,10,1,Onshore,Alongshore,Onshore,14.0,0.0
2102,Governors Bay Sandy Beach,2018-01-10 12:00:00,Lyttelton,1.6,2.2,2.8,2.8,2.8,2.8,ebbing,shallow,muddy,6,grass,0,0,0,1.0,6.0,8.39,9.75,9.43,11.5,2.15,255.8,261.2,263.0,8,-43.6198,172.6579,1,2,2,0,12,0,Alongshore,Alongshore,Alongshore,46.6,0.0
2103,Governors Bay Sandy Beach,2018-01-15 17:00:00,Lyttelton,0.0,0.0,0.0,0.0,0.0,0.2,ebbing,shallow,muddy,6,grass,0,0,0,0.0,0.0,10.78,11.37,10.6,11.33,2.22,77.8,75.5,71.6,8,-43.6198,172.6579,1,3,0,0,17,0,Alongshore,Alongshore,Alongshore,157.2,0.125
2104,Governors Bay Sandy Beach,2018-01-24 11:00:00,Lyttelton,0.0,0.0,0.0,0.0,0.0,0.0,ebbing,shallow,muddy,6,grass,0,0,0,0.0,0.0,0.85,0.17,0.43,11.12,2.07,336.6,103.7,273.0,8,-43.6198,172.6579,1,4,2,0,11,0,Offshore,Alongshore,Alongshore,157.2,0.1111111111111111
2105,Governors Bay Sandy Beach,2018-02-02 10:00:00,Lyttelton,0.4,1.0,2.2,2.2,2.2,2.2,ebbing,shallow,muddy,6,grass,0,0,0,0.6,8.0,10.74,10.9,11.23,7.58,2.38,240.3,242.0,245.1,8,-43.6198,172.6579,2,5,4,0,10,1,Alongshore,Alongshore,Alongshore,155.2,0.1
2106,Governors Bay Sandy Beach,2018-02-05 08:00:00,Lyttelton,0.0,0.0,0.0,0.0,1.2,1.6,incoming,shallow,muddy,6,grass,0,0,0,0.6,3.0,3.05,1.54,0.95,0.5,2.46,9.9,52.6,308.4,8,-43.6198,172.6579,2,6,0,0,8,1,Offshore,Offshore,Alongshore,270.8,0.18181818181818182
2107,Governors Bay Sandy Beach,2018-02-07 08:00:00,Lyttelton,0.0,0.4,0.4,0.4,0.4,0.4,incoming,shallow,muddy,6,grass,0,0,0,0.4,1.0,2.11,1.98,1.95,2.17,2.23,72.4,70.6,48.2,8,-43.6198,172.6579,2,6,2,0,8,1,Alongshore,Alongshore,Offshore,238.2,0.16666666666666666
2108,Governors Bay Sandy Beach,2018-02-14 14:00:00,Lyttelton,0.0,0.0,0.0,0.0,0.0,0.6,incoming,shallow,muddy,6,grass,0,0,0,0.0,0.0,7.1,8.2,8.03,1.87,1.95,236.2,242.7,243.7,8,-43.6198,172.6579,2,7,2,0,14,0,Alongshore,Alongshore,Alongshore,127.6,0.15384615384615385
2109,Governors Bay Sandy Beach,2018-02-27 15:00:00,Lyttelton,0.0,0.0,0.0,0.0,3.4,3.4,ebbing,shallow,muddy,6,grass,0,0,0,1.2,6.0,2.77,5.65,7.18,11.88,2.52,77.6,75.5,79.1,8,-43.6198,172.6579,2,9,1,0,15,0,Alongshore,Alongshore,Alongshore,129.6,0.14285714285714285
2110,Governors Bay Sandy Beach,2018-03-14 14:00:00,Lyttelton,0.0,0.0,0.0,0.0,0.0,0.0,incoming,shallow,muddy,6,grass,0,0,0,0.0,0.0,2.98,5.76,7.75,0.28,1.93,78.9,81.9,78.9,8,-43.6198,172.6579,3,11,2,0,14,0,Alongshore,Alongshore,Alongshore,133.8,0.13333333333333333
2111,Governors Bay Sandy Beach,2018-03-20 09:00:00,Lyttelton,0.0,0.0,0.0,0.0,0.0,0.0,ebbing,shallow,muddy,6,grass,0,0,0,0.0,0.0,6.43,5.75,6.37,9.35,2.21,61.8,58.2,58.9,8,-43.6198,172.6579,3,12,1,0,9,0,Alongshore,Alongshore,Alongshore,20.4,0.125
2112,Governors Bay Sandy Beach,2018-11-13 10:00:00,Lyttelton,0.0,0.0,0.0,0.0,0.0,0.0,ebbing,shallow,muddy,6,grass,0,0,0,0.0,0.0,3.86,5.03,7.05,11.45,1.95,252.7,253.7,255.1,8,-43.6198,172.6579,11,46,1,0,10,0,Alongshore,Alongshore,Alongshore,,0.0
2113,Governors Bay Sandy Beach,2018-11-19 13:00:00,Lyttelton,0.2,0.2,0.4,1.2,1.2,1.2,ebbing,shallow,muddy,6,grass,0,0,0,0.6,4.0,3.93,4.39,7.32,12.45,2.01,229.1,235.3,235.5,8,-43.6198,172.6579,11,47,0,0,13,0,Onshore,Alongshore,Alongshore,10.0,0.0
2114,Governors Bay Sandy Beach,2018-11-21 12:00:00,Lyttelton,0.0,0.0,0.0,9.4,13.0,14.2,incoming,shallow,muddy,6,grass,0,0,0,3.8,7.0,1.47,5.95,7.5,2.37,2.14,233.1,238.7,238.9,8,-43.6198,172.6579,11,47,2,0,12,0,Alongshore,Alongshore,Alongshore,514.5,0.3333333333333333
2115,Governors Bay Sandy Beach,2018-11-29 10:00:00,Lyttelton,0.0,0.0,0.0,1.4,5.0,5.0,ebbing,shallow,muddy,6,grass,0,0,0,1.6,12.0,6.43,6.39,6.5,12.22,2.19,78.4,73.4,76.8,8,-43.6198,172.6579,11,48,3,0,10,0,Alongshore,Alongshore,Alongshore,371.3333333333333,0.25
2116,Governors Bay Sandy Beach,2018-12-03 14:00:00,Lyttelton,0.0,0.2,0.2,0.6,1.2,1.6,ebbing,shallow,muddy,6,grass,0,0,0,0.2,6.0,10.03,10.27,10.58,11.88,2.26,69.0,66.8,66.0,8,-43.6198,172.6579,12,49,0,0,14,0,Alongshore,Alongshore,Alongshore,283.5,0.2
2117,Governors Bay Sandy Beach,2018-12-11 08:00:00,Lyttelton,0.0,0.0,0.0,0.0,0.0,0.0,ebbing,shallow,muddy,6,grass,0,0,0,0.0,0.0,5.96,6.46,7.01,11.18,1.96,62.2,59.4,59.3,8,-43.6198,172.6579,12,50,1,0,8,0,Alongshore,Alongshore,Alongshore,248.8,0.16666666666666666
2118,Governors Bay Sandy Beach,2018-12-17 12:00:00,Lyttelton,0.0,0.0,0.0,0.0,0.0,0.0,ebbing,shallow,muddy,6,grass,0,0,0,0.0,0.0,6.48,6.09,7.13,12.22,1.97,79.8,77.8,70.9,8,-43.6198,172.6579,12,51,0,0,12,0,Alongshore,Alongshore,Alongshore,250.8,0.14285714285714285
2119,Governors Bay Sandy Beach,2018-12-28 08:00:00,Lyttelton,0.0,0.0,0.0,0.0,0.0,0.2,incoming,shallow,muddy,6,grass,0,0,0,0.0,0.0,4.79,5.92,7.27,0.53,2.55,66.3,67.8,61.8,8,-43.6198,172.6579,12,52,4,0,8,1,Alongshore,Alongshore,Alongshore,49.0,0.125
2120,Governors Bay Sandy Beach,2019-01-03 15:00:00,Lyttelton,0.0,0.0,0.0,0.0,0.0,0.6,ebbing,shallow,muddy,6,grass,0,0,0,0.0,0.0,1.63,3.03,0.58,11.87,2.26,107.8,85.4,86.8,8,-43.6198,172.6579,1,1,3,0,15,1,Alongshore,Alongshore,Alongshore,552.0,0.2222222222222222
2121,Governors Bay Sandy Beach,2019-01-09 08:00:00,Lyttelton,0.0,0.0,0.0,0.0,0.0,6.2,ebbing,shallow,muddy,6,grass,0,0,0,0.0,0.0,8.69,10.05,9.92,11.28,1.95,62.5,65.2,60.4,8,-43.6198,172.6579,1,2,2,0,8,0,Alongshore,Alongshore,Alongshore,550.0,0.2
2122,Governors Bay Sandy Beach,2019-01-15 12:00:00,Lyttelton,0.0,0.0,0.0,0.0,14.2,14.2,ebbing,shallow,muddy,6,grass,0,0,0,5.2,11.0,6.64,6.7,6.73,11.95,2.01,224.6,224.3,233.8,8,-43.6198,172.6579,1,3,1,0,12,0,Onshore,Onshore,Alongshore,547.6,0.18181818181818182
2123,Governors Bay Sandy Beach,2019-01-24 07:00:00,Lyttelton,0.0,0.0,1.0,3.0,3.2,3.2,ebbing,shallow,muddy,6,grass,0,0,0,1.8,5.0,8.47,5.24,4.72,12.23,2.37,240.2,248.6,235.9,8,-43.6198,172.6579,1,4,3,0,7,0,Alongshore,Alongshore,Alongshore,565.4,0.16666666666666666
2124,Governors Bay Sandy Beach,2019-01-29 10:00:00,Lyttelton,0.0,0.0,0.0,0.0,0.0,0.0,incoming,shallow,muddy,6,grass,0,0,0,0.0,0.0,7.0,8.29,10.01,1.47,2.2,74.9,69.6,56.8,8,-43.6198,172.6579,1,5,1,0,10,0,Alongshore,Alongshore,Alongshore,573.8,0.15384615384615385
2125,Governors Bay Sandy Beach,2019-02-14 11:00:00,Lyttelton,0.0,0.0,0.0,0.0,0.0,0.0,incoming,shallow,muddy,6,grass,0,0,0,0.0,0.0,7.95,8.0,7.8,0.35,2.03,83.1,76.4,71.2,8,-43.6198,172.6579,2,7,3,0,11,0,Alongshore,Alongshore,Alongshore,68.6,0.14285714285714285
2126,Governors Bay Sandy Beach,2019-02-18 15:00:00,Lyttelton,0.0,0.0,0.0,0.0,0.0,0.0,incoming,shallow,muddy,6,grass,0,0,0,0.0,0.0,2.7,6.79,8.26,0.62,2.28,83.1,84.6,82.2,8,-43.6198,172.6579,2,8,0,0,15,0,Alongshore,Alongshore,Alongshore,68.6,0.13333333333333333
2127,Governors Bay Sandy Beach,2019-02-28 11:00:00,Lyttelton,0.0,0.0,1.2,3.0,3.0,3.0,incoming,shallow,muddy,6,grass,0,0,0,0.8,6.0,10.67,11.16,10.21,0.92,2.03,226.0,229.1,232.0,8,-43.6198,172.6579,2,9,3,0,11,0,Onshore,Onshore,Onshore,51.0,0.125
2128,Governors Bay Sandy Beach,2019-03-04 08:00:00,Lyttelton,0.0,0.0,0.0,0.0,0.0,0.0,ebbing,shallow,muddy,6,grass,0,0,0,0.0,0.0,3.98,5.98,6.05,6.92,1.96,59.4,55.9,60.7,8,-43.6198,172.6579,3,10,0,0,8,0,Alongshore,Alongshore,Alongshore,58.2,0.11764705882352941
2129,Governors Bay Sandy Beach,2019-11-18 09:00:00,Lyttelton,0.0,0.0,0.0,0.0,0.0,0.0,ebbing,shallow,muddy,6,grass,0,0,0,0.0,0.0,2.88,3.54,4.71,11.63,2.01,245.2,258.1,264.8,8,-43.6198,172.6579,11,47,0,0,9,0,Alongshore,Alongshore,Alongshore,,0.0
2130,Governors Bay Sandy Beach,2019-12-03 10:00:00,Lyttelton,0.0,0.0,0.0,0.0,0.0,0.0,ebbing,shallow,muddy,6,grass,0,0,0,0.0,0.0,6.46,8.29,8.52,12.5,1.95,74.8,74.5,73.3,8,-43.6198,172.6579,12,49,1,0,10,0,Alongshore,Alongshore,Alongshore,10.0,0.0
2131,Governors Bay Sandy Beach,2019-12-05 14:00:00,Lyttelton,0.0,0.0,0.0,0.0,0.0,0.0,ebbing,shallow,muddy,6,grass,0,0,0,0.0,0.0,3.65,5.07,4.08,10.3,1.93,57.7,66.3,64.5,8,-43.6198,172.6579,12,49,3,0,14,0,Alongshore,Alongshore,Alongshore,499.0,0.3333333333333333
2132,Governors Bay Sandy Beach,2019-12-10 15:00:00,Lyttelton,0.0,0.0,0.0,0.0,0.0,0.0,incoming,shallow,muddy,6,grass,0,0,0,0.0,0.0,6.15,8.01,8.67,0.32,2.01,89.8,88.8,85.8,8,-43.6198,172.6579,12,50,1,0,15,0,Alongshore,Alongshore,Alongshore,336.0,0.25
2133,Governors Bay Sandy Beach,2019-12-18 09:00:00,Lyttelton,2.2,7.4,14.0,17.4,22.2,22.2,ebbing,shallow,muddy,6,grass,0,0,0,2.8,29.0,13.45,13.24,13.94,12.53,2.15,246.6,243.9,246.1,8,-43.6198,172.6579,12,51,2,0,9,0,Alongshore,Alongshore,Alongshore,254.5,0.2
2134,Governors Bay Sandy Beach,2019-12-20 10:00:00,Lyttelton,0.0,0.2,0.2,0.2,0.4,18.2,incoming,shallow,muddy,6,grass,0,0,0,0.2,2.0,5.1,9.0,8.85,0.6,2.37,261.6,269.7,283.2,8,-43.6198,172.6579,12,51,4,0,10,1,Alongshore,Alongshore,Alongshore,526.8,0.3333333333333333
2135,Governors Bay Sandy Beach,2019-12-22 12:00:00,Lyttelton,0.0,0.0,0.0,0.0,1.4,1.6,incoming,shallow,muddy,6,grass,0,0,0,1.0,3.0,8.57,9.22,9.8,1.23,2.29,81.6,79.3,76.9,8,-43.6198,172.6579,12,51,6,1,12,1,Alongshore,Alongshore,Alongshore,564.6,0.2857142857142857
2136,Governors Bay Sandy Beach,2019-12-30 07:00:00,Lyttelton,0.0,0.0,0.0,0.0,0.0,0.0,incoming,shallow,muddy,6,grass,0,0,0,0.0,0.0,1.4,2.57,1.29,0.37,2.35,262.3,274.7,273.1,8,-43.6198,172.6579,12,1,0,0,7,1,Alongshore,Alongshore,Alongshore,369.0,0.25
2137,Governors Bay Sandy Beach,2020-01-07 14:00:00,Lyttelton,0.0,0.4,0.4,0.4,0.4,0.6,ebbing,shallow,muddy,6,grass,0,0,0,0.4,1.0,12.56,10.33,10.23,12.52,2.12,228.0,229.0,232.9,8,-43.6198,172.6579,1,2,1,0,14,0,Onshore,Onshore,Onshore,369.0,0.2222222222222222
2138,Governors Bay Sandy Beach,2020-01-15 09:00:00,Lyttelton,0.0,0.0,0.0,0.0,1.0,1.0,ebbing,shallow,muddy,6,grass,0,0,0,0.4,4.0,0.84,0.3,0.64,11.77,2.25,165.5,214.6,69.8,8,-43.6198,172.6579,1,3,2,0,9,0,Onshore,Onshore,Alongshore,369.0,0.2
2139,Governors Bay Sandy Beach,2020-01-21 13:00:00,Lyttelton,0.0,0.0,0.0,0.0,0.2,0.2,incoming,shallow,muddy,6,grass,0,0,0,0.2,1.0,4.04,5.08,5.73,0.72,2.13,92.4,86.5,75.6,8,-43.6198,172.6579,1,4,1,0,13,0,Alongshore,Alongshore,Alongshore,47.8,0.18181818181818182
2140,Governors Bay Sandy Beach,2020-01-28 08:00:00,Lyttelton,0.0,0.0,0.0,0.0,0.0,0.0,ebbing,shallow,muddy,6,grass,0,0,0,0.0,0.0,6.07,6.33,7.1,11.33,2.01,269.4,272.0,274.0,8,-43.6198,172.6579,1,5,1,0,8,0,Alongshore,Alongshore,Alongshore,10.0,0.16666666666666666
2141,Governors Bay Sandy Beach,2020-02-05 13:00:00,Lyttelton,0.0,0.0,0.6,6.0,6.0,6.0,ebbing,shallow,muddy,6,grass,0,0,0,1.8,9.0,6.09,2.68,0.89,12.4,2.17,233.0,248.6,247.2,8,-43.6198,172.6579,2,6,2,0,13,1,Alongshore,Alongshore,Alongshore,10.0,0.15384615384615385
2142,Governors Bay Sandy Beach,2020-02-11 07:00:00,Lyttelton,0.0,0.0,0.0,0.0,0.0,0.8,ebbing,shallow,muddy,6,grass,0,0,0,0.0,0.0,1.45,2.7,2.8,11.45,2.34,275.6,271.0,277.1,8,-43.6198,172.6579,2,7,1,0,7,0,Alongshore,Alongshore,Alongshore,12.0,0.14285714285714285
2143,Governors Bay Sandy Beach,2020-02-19 14:00:00,Lyttelton,0.0,0.0,0.0,0.0,0.0,0.0,ebbing,shallow,muddy,6,grass,0,0,0,0.0,0.0,1.39,3.38,6.51,12.07,2.27,84.1,82.9,95.2,8,-43.6198,172.6579,2,8,2,0,14,0,Alongshore,Alongshore,Alongshore,18.2,0.13333333333333333
2144,Governors Bay Sandy Beach,2020-02-26 08:00:00,Lyttelton,0.0,0.0,0.0,0.0,0.0,0.0,ebbing,shallow,muddy,6,grass,0,0,0,0.0,0.0,6.1,5.97,5.65,10.7,2.03,78.8,77.1,73.3,8,-43.6198,172.6579,2,9,2,0,8,0,Alongshore,Alongshore,Alongshore,18.2,0.125
2145,Governors Bay Sandy Beach,2020-03-04 11:00:00,Lyttelton,0.0,0.0,0.0,1.2,1.2,1.2,incoming,shallow,muddy,6,grass,0,0,0,0.8,3.0,4.67,5.93,8.65,0.4,1.9,235.1,240.8,249.8,8,-43.6198,172.6579,3,10,2,0,11,0,Alongshore,Alongshore,Alongshore,18.2,0.11764705882352941
2146,Governors Bay Sandy Beach,2020-03-18 12:00:00,Lyttelton,0.0,0.0,0.0,0.0,0.0,0.0,ebbing,shallow,muddy,6,grass,0,0,0,0.0,0.0,1.17,2.93,5.93,12.15,2.25,88.3,91.6,89.3,8,-43.6198,172.6579,3,12,2,0,12,0,Alongshore,Alongshore,Alongshore,18.2,0.1111111111111111
2147,Governors Bay Sandy Beach,2020-03-20 11:00:00,Lyttelton,0.8,0.8,0.8,0.8,0.8,0.8,incoming,shallow,muddy,6,grass,0,0,0,0.6,2.0,3.26,2.38,2.42,2.37,1.98,270.9,239.6,239.4,8,-43.6198,172.6579,3,12,4,0,11,0,Alongshore,Alongshore,Alongshore,152.0,0.15789473684210525
2148,Governors Bay Sandy Beach,2020-11-10 12:00:00,Lyttelton,0.0,0.0,0.0,0.0,0.0,20.0,ebbing,shallow,muddy,6,grass,0,0,0,0.0,0.0,2.28,1.64,0.42,12.18,2.08,297.0,280.9,275.4,8,-43.6198,172.6579,11,46,1,0,12,0,Alongshore,Alongshore,Alongshore,,0.0
2149,Governors Bay Sandy Beach,2020-11-23 12:00:00,Lyttelton,0.0,0.0,0.0,0.4,7.0,7.0,ebbing,shallow,muddy,6,grass,0,0,0,3.2,10.0,1.21,0.56,0.73,12.07,2.0,120.9,156.7,237.1,8,-43.6198,172.6579,11,48,0,0,12,0,Alongshore,Onshore,Alongshore,10.0,0.0
2150,Governors Bay Sandy Beach,2020-12-03 07:00:00,Lyttelton,0.0,0.0,0.0,0.0,0.0,2.6,ebbing,shallow,muddy,6,grass,0,0,0,0.0,0.0,5.09,4.63,4.18,11.87,1.89,258.6,264.1,266.6,8,-43.6198,172.6579,12,49,3,0,7,0,Alongshore,Alongshore,Alongshore,15.0,0.0
2151,Governors Bay Sandy Beach,2020-12-10 10:00:00,Lyttelton,0.0,0.0,0.0,0.0,0.0,0.0,incoming,shallow,muddy,6,grass,0,0,0,0.0,0.0,4.18,6.8,7.07,2.28,2.31,260.0,263.8,264.1,8,-43.6198,172.6579,12,50,3,0,10,0,Alongshore,Alongshore,Alongshore,13.333333333333334,0.0
2152,Governors Bay Sandy Beach,2020-12-17 07:00:00,Lyttelton,0.0,0.0,0.0,0.0,0.0,0.0,ebbing,shallow,muddy,6,grass,0,0,0,0.0,0.0,3.32,1.39,1.87,11.75,2.19,214.4,68.9,76.7,8,-43.6198,172.6579,12,51,3,0,7,0,Onshore,Alongshore,Alongshore,12.5,0.0
2153,Governors Bay Sandy Beach,2020-12-22 11:00:00,Lyttelton,0.2,1.4,2.6,6.8,13.2,13.2,ebbing,shallow,muddy,6,grass,0,0,0,1.8,20.0,6.11,5.99,5.01,12.58,2.0,76.6,79.7,72.8,8,-43.6198,172.6579,12,52,1,0,11,1,Alongshore,Alongshore,Alongshore,12.0,0.0
2154,Governors Bay Sandy Beach,2020-12-29 14:00:00,Lyttelton,0.0,0.0,0.0,0.0,0.0,6.8,incoming,shallow,muddy,6,grass,0,0,0,0.0,0.0,3.44,6.29,7.42,1.7,1.92,87.3,86.6,85.4,8,-43.6198,172.6579,12,53,1,0,14,1,Alongshore,Alongshore,Alongshore,24.8,0.0
2155,Governors Bay Sandy Beach,2021-01-11 14:00:00,Lyttelton,0.0,0.0,0.0,0.0,0.2,0.2,incoming,shallow,muddy,6,grass,0,0,0,0.2,1.0,0.96,2.18,2.21,1.03,2.21,73.9,60.6,314.8,8,-43.6198,172.6579,1,2,0,0,14,0,Alongshore,Alongshore,Alongshore,22.8,0.0
2156,Governors Bay Sandy Beach,2021-01-19 09:00:00,Lyttelton,0.0,0.0,0.0,0.0,1.2,1.2,incoming,shallow,muddy,6,grass,0,0,0,0.8,3.0,1.06,4.16,5.61,0.28,2.24,72.9,60.9,26.4,8,-43.6198,172.6579,1,3,1,0,9,0,Alongshore,Alongshore,Offshore,22.8,0.0
2157,Governors Bay Sandy Beach,2021-01-26 14:00:00,Lyttelton,0.0,0.0,0.0,0.0,0.0,0.0,incoming,shallow,muddy,6,grass,0,0,0,0.0,0.0,5.89,5.22,5.28,1.15,1.89,74.8,78.4,73.1,8,-43.6198,172.6579,1,4,1,0,14,0,Alongshore,Alongshore,Alongshore,22.8,0.0
2158,Governors Bay Sandy Beach,2021-02-03 09:00:00,Lyttelton,0.0,0.0,0.0,0.0,0.0,0.0,ebbing,shallow,muddy,6,grass,0,0,0,0.0,0.0,6.63,6.12,6.34,12.2,2.23,86.8,77.2,72.1,8,-43.6198,172.6579,2,5,2,0,9,1,Alongshore,Alongshore,Alongshore,22.8,0.0
2159,Governors Bay Sandy Beach,2021-02-10 14:00:00,Lyttelton,0.0,0.2,4.2,8.6,9.0,9.0,incoming,shallow,muddy,6,grass,0,0,0,2.6,12.0,4.85,2.36,1.93,1.27,2.11,147.0,222.5,253.3,8,-43.6198,172.6579,2,6,2,0,14,0,Onshore,Onshore,Alongshore,10.0,0.0
2160,Governors Bay Sandy Beach,2021-02-17 09:00:00,Lyttelton,0.0,0.0,0.0,0.0,0.0,0.0,ebbing,shallow,muddy,6,grass,0,0,0,0.0,0.0,1.49,1.94,2.09,12.35,2.03,265.6,269.4,276.7,8,-43.6198,172.6579,2,7,2,0,9,0,Alongshore,Alongshore,Alongshore,16.2,0.0
2161,Governors Bay Sandy Beach,2021-02-26 14:00:00,Lyttelton,0.0,0.0,0.0,0.0,0.0,0.0,incoming,shallow,muddy,6,grass,0,0,0,0.0,0.0,4.88,5.62,6.07,1.23,2.05,74.9,83.0,73.8,8,-43.6198,172.6579,2,8,4,0,14,0,Alongshore,Alongshore,Alongshore,16.2,0.0
2162,Governors Bay Sandy Beach,2021-03-03 09:00:00,Lyttelton,0.0,0.0,0.0,0.0,0.4,0.4,ebbing,shallow,muddy,6,grass,0,0,0,0.2,2.0,3.68,3.92,4.22,11.22,2.35,50.4,56.3,49.8,8,-43.6198,172.6579,3,9,2,0,9,0,Offshore,Alongshore,Offshore,16.2,0.0
2163,Governors Bay Sandy Beach,2021-11-26 10:00:00,Lyttelton,0.0,0.0,0.0,0.0,0.0,0.0,ebbing,shallow,muddy,6,grass,0,0,0,0.0,0.0,0.36,1.1,2.77,11.88,1.8,234.4,225.2,259.7,8,-43.6198,172.6579,11,47,4,0,10,0,Alongshore,Onshore,Alongshore,,0.0
2164,Governors Bay Sandy Beach,2021-12-02 14:00:00,Lyttelton,0.0,0.2,0.6,0.6,0.6,0.6,incoming,shallow,muddy,6,grass,0,0,0,0.2,3.0,7.23,7.72,7.41,0.47,2.3,76.7,75.6,71.7,8,-43.6198,172.6579,12,48,3,0,14,0,Alongshore,Alongshore,Alongshore,10.0,0.0
2165,Governors Bay Sandy Beach,2021-12-09 09:00:00,Lyttelton,0.0,0.0,0.0,0.0,2.4,8.6,ebbing,shallow,muddy,6,grass,0,0,0,1.2,4.0,1.38,2.56,2.41,12.2,2.17,257.7,269.8,288.7,8,-43.6198,172.6579,12,49,3,0,9,0,Alongshore,Alongshore,Alongshore,1100.0,0.3333333333333333
2166,Governors Bay Sandy Beach,2021-12-16 14:00:00,Lyttelton,3.4,5.2,16.2,63.2,87.0,87.0,incoming,shallow,muddy,6,grass,0,0,0,11.8,30.0,12.08,12.08,12.05,0.35,2.01,254.3,255.0,256.4,8,-43.6198,172.6579,12,50,3,0,14,0,Alongshore,Alongshore,Alongshore,1883.3333333333333,0.5
2167,Governors Bay Sandy Beach,2021-12-23 07:00:00,Lyttelton,0.0,0.0,0.0,0.0,0.0,0.0,ebbing,shallow,muddy,6,grass,0,0,0,0.0,0.0,2.7,3.63,5.54,12.37,1.83,54.6,43.1,32.4,8,-43.6198,172.6579,12,51,3,0,7,1,Alongshore,Offshore,Offshore,2032.5,0.6
2168,Governors Bay Sandy Beach,2021-12-30 13:00:00,Lyttelton,0.0,0.0,0.0,1.4,3.2,14.2,incoming,shallow,muddy,6,grass,0,0,0,0.8,8.0,1.62,0.94,1.01,0.05,2.21,186.4,181.2,77.0,8,-43.6198,172.6579,12,52,3,0,13,1,Onshore,Onshore,Alongshore,1716.0,0.6666666666666666
2169,Governors Bay Sandy Beach,2022-01-07 09:00:00,Lyttelton,0.0,0.0,0.0,0.0,0.4,0.4,ebbing,shallow,muddy,6,grass,0,0,0,0.2,2.0,7.31,7.53,7.45,11.53,2.18,234.5,235.4,234.8,8,-43.6198,172.6579,1,1,4,0,9,0,Alongshore,Alongshore,Alongshore,1722.2,0.5714285714285714
2170,Governors Bay Sandy Beach,2022-01-12 13:00:00,Lyttelton,0.0,0.0,0.0,0.0,0.0,0.0,ebbing,shallow,muddy,6,grass,0,0,0,0.0,0.0,0.64,1.83,6.38,12.02,2.07,78.7,92.1,123.7,8,-43.6198,172.6579,1,2,2,0,13,0,Alongshore,Alongshore,Alongshore,1362.8,0.625
2171,Governors Bay Sandy Beach,2022-01-14 13:00:00,Lyttelton,0.0,0.0,0.0,0.0,0.6,0.6,incoming,shallow,muddy,6,grass,0,0,0,0.4,2.0,1.16,1.27,1.05,0.58,1.92,181.4,219.9,258.4,8,-43.6198,172.6579,1,2,4,0,13,0,Onshore,Onshore,Alongshore,733.8,0.6666666666666666
2172,Governors Bay Sandy Beach,2022-02-01 17:00:00,Lyttelton,0.0,0.0,0.0,0.0,0.0,,ebbing,shallow,muddy,6,grass,0,0,0,0.0,0.0,3.74,3.62,4.42,12.15,2.61,87.4,107.4,81.5,8,-43.6198,172.6579,2,5,1,0,17,1,Alongshore,Alongshore,Alongshore,239.8,0.6
2173,Governors Bay Sandy Beach,2022-02-10 13:00:00,Lyttelton,0.0,1.0,17.0,65.2,66.0,66.3,ebbing,shallow,muddy,6,grass,0,0,0,11.2,19.0,3.76,0.84,1.67,11.65,2.06,268.4,274.9,74.2,8,-43.6198,172.6579,2,6,3,0,13,0,Alongshore,Alongshore,Alongshore,153.8,0.5454545454545454
2174,Governors Bay Sandy Beach,2022-02-15 16:00:00,Lyttelton,0.0,0.0,0.0,0.0,0.4,43.0,ebbing,shallow,muddy,6,grass,0,0,0,0.2,2.0,6.43,7.94,8.95,12.28,2.23,84.0,84.9,82.9,8,-43.6198,172.6579,2,7,1,0,16,0,Alongshore,Alongshore,Alongshore,195.4,0.5
2175,Governors Bay Sandy Beach,2022-02-23 11:00:00,Lyttelton,0.0,0.0,0.6,0.6,0.6,0.6,ebbing,shallow,muddy,6,grass,0,0,0,0.2,3.0,3.26,3.07,3.42,11.38,2.22,257.0,267.8,266.5,8,-43.6198,172.6579,2,8,2,0,11,0,Alongshore,Alongshore,Alongshore,120.8,0.46153846153846156
2176,Governors Bay Sandy Beach,2022-03-09 10:00:00,Lyttelton,0.0,0.0,0.0,0.0,0.0,0.0,ebbing,shallow,muddy,6,grass,0,0,0,0.0,0.0,3.09,4.49,4.32,11.9,2.08,270.3,280.1,279.2,8,-43.6198,172.6579,3,10,2,0,10,0,Alongshore,Alongshore,Alongshore,61.8,0.42857142857142855
2177,Governors Bay Sandy Beach,2022-11-21 14:00:00,Lyttelton,0.0,0.0,0.0,0.0,6.4,55.0,ebbing,shallow,muddy,6,grass,0,0,0,2.8,5.0,4.23,7.1,7.83,12.05,2.15,87.0,89.7,89.4,8,-43.6198,172.6579,11,47,0,0,14,0,Alongshore,Alongshore,Alongshore,,0.0
2178,Governors Bay Sandy Beach,2022-12-01 10:00:00,Lyttelton,0.0,0.0,0.0,0.0,0.0,0.0,incoming,shallow,muddy,6,grass,0,0,0,0.0,0.0,8.33,7.35,7.11,0.3,2.41,236.1,240.1,238.0,8,-43.6198,172.6579,12,48,3,0,10,0,Alongshore,Alongshore,Alongshore,1396.0,0.5
2179,Governors Bay Sandy Beach,2022-12-07 16:00:00,Lyttelton,0.0,0.0,0.0,0.0,0.0,0.0,incoming,shallow,muddy,6,grass,0,0,0,0.0,0.0,4.6,8.72,9.34,0.07,2.05,89.4,88.9,82.8,8,-43.6198,172.6579,12,49,2,0,16,0,Alongshore,Alongshore,Alongshore,703.0,0.3333333333333333
2180,Governors Bay Sandy Beach,2022-12-14 10:00:00,Lyttelton,0.0,0.0,0.0,0.0,0.0,1.8,ebbing,shallow,muddy,6,grass,0,0,0,0.0,0.0,1.92,1.54,4.94,11.57,1.81,86.4,80.9,70.2,8,-43.6198,172.6579,12,50,2,0,10,0,Alongshore,Alongshore,Alongshore,478.6666666666667,0.25
2181,Governors Bay Sandy Beach,2022-12-20 14:00:00,Lyttelton,0.0,0.0,1.0,1.0,10.0,35.4,ebbing,shallow,muddy,6,grass,0,0,0,2.2,16.0,2.34,3.77,5.07,12.08,2.23,69.9,71.8,72.5,8,-43.6198,172.6579,12,51,1,0,14,1,Alongshore,Alongshore,Alongshore,361.5,0.2
2182,Governors Bay Sandy Beach,2022-12-29 09:00:00,Lyttelton,0.0,0.0,0.0,0.0,1.0,1.0,incoming,shallow,muddy,6,grass,0,0,0,0.8,2.0,6.14,4.46,4.51,0.28,2.49,81.4,70.5,70.2,8,-43.6198,172.6579,12,52,3,0,9,1,Alongshore,Alongshore,Alongshore,323.4,0.16666666666666666
2183,Governors Bay Sandy Beach,2023-01-10 08:00:00,Lyttelton,0.0,0.0,0.0,0.0,0.0,0.0,ebbing,shallow,muddy,6,grass,0,0,0,0.0,0.0,8.45,8.0,8.25,11.5,1.87,71.1,68.3,70.7,8,-43.6198,172.6579,1,2,1,0,8,0,Alongshore,Alongshore,Alongshore,50.4,0.14285714285714285
2184,Governors Bay Sandy Beach,2023-01-18 13:00:00,Lyttelton,0.0,0.0,0.0,0.0,0.0,0.0,ebbing,shallow,muddy,6,grass,0,0,0,0.0,0.0,2.93,6.45,7.97,12.32,2.3,93.4,87.0,86.2,8,-43.6198,172.6579,1,3,2,0,13,0,Alongshore,Alongshore,Alongshore,50.4,0.125
2185,Governors Bay Sandy Beach,2023-01-27 09:00:00,Lyttelton,0.0,0.0,0.0,0.0,0.0,0.6,ebbing,shallow,muddy,6,grass,0,0,0,0.0,0.0,0.27,0.26,1.1,12.1,2.24,99.7,240.1,124.2,8,-43.6198,172.6579,1,4,4,0,9,0,Alongshore,Alongshore,Alongshore,46.4,0.1111111111111111
2186,Governors Bay Sandy Beach,2023-02-01 14:00:00,Lyttelton,0.0,0.0,0.0,0.0,0.0,0.0,ebbing,shallow,muddy,6,grass,0,0,0,0.0,0.0,9.1,9.65,9.73,12.18,2.15,84.2,86.9,82.6,8,-43.6198,172.6579,2,5,2,0,14,1,Alongshore,Alongshore,Alongshore,66.2,0.1
2187,Governors Bay Sandy Beach,2023-02-10 09:00:00,Lyttelton,0.0,0.2,0.6,1.0,8.4,8.4,ebbing,shallow,muddy,6,grass,0,0,0,5.0,5.0,3.7,5.99,7.92,11.23,1.94,85.3,74.3,75.4,8,-43.6198,172.6579,2,6,4,0,9,0,Alongshore,Alongshore,Alongshore,36.0,0.09090909090909091
2188,Governors Bay Sandy Beach,2023-02-15 13:00:00,Lyttelton,4.0,8.6,12.6,12.8,12.8,12.8,ebbing,shallow,muddy,6,grass,0,0,0,2.2,11.0,12.57,14.57,15.5,11.55,2.24,237.9,236.3,243.8,8,-43.6198,172.6579,2,7,2,0,13,0,Alongshore,Alongshore,Alongshore,33.8,0.08333333333333333
2189,Governors Bay Sandy Beach,2023-02-16 13:00:00,Lyttelton,0.2,0.2,1.4,10.4,23.2,23.2,ebbing,shallow,muddy,6,grass,0,0,0,2.2,28.0,11.01,10.16,10.69,11.88,2.35,226.4,227.6,231.6,8,-43.6198,172.6579,2,7,3,0,13,0,Onshore,Onshore,Onshore,389.6,0.15384615384615385
2190,Governors Bay Sandy Beach,2023-02-17 14:00:00,Lyttelton,0.0,0.0,0.0,0.0,9.6,23.2,incoming,shallow,muddy,6,grass,0,0,0,1.8,16.0,7.6,6.92,6.7,0.07,2.1,241.5,238.3,242.7,8,-43.6198,172.6579,2,7,4,0,14,0,Alongshore,Alongshore,Alongshore,391.6,0.14285714285714285
2191,Governors Bay Sandy Beach,2023-02-18 15:00:00,Lyttelton,0.0,0.0,0.0,0.0,0.0,7.8,ebbing,shallow,muddy,6,grass,0,0,0,0.0,0.0,4.23,8.2,9.11,12.27,2.55,88.4,89.2,89.5,8,-43.6198,172.6579,2,7,5,1,15,0,Alongshore,Alongshore,Alongshore,380.2,0.13333333333333333
2192,Governors Bay Sandy Beach,2023-02-23 08:00:00,Lyttelton,0.0,0.0,1.4,13.4,13.4,13.4,ebbing,shallow,muddy,6,grass,0,0,0,3.4,14.0,5.24,4.78,5.31,10.75,2.35,255.7,261.2,261.2,8,-43.6198,172.6579,2,8,3,0,8,0,Alongshore,Alongshore,Alongshore,378.2,0.125
2193,Governors Bay Sandy Beach,2023-03-01 12:00:00,Lyttelton,0.0,0.0,0.0,0.0,0.0,1.8,ebbing,shallow,muddy,6,grass,0,0,0,0.0,0.0,6.97,8.89,10.09,12.13,2.12,91.3,86.4,80.8,8,-43.6198,172.6579,3,9,2,0,12,0,Alongshore,Alongshore,Alongshore,396.0,0.11764705882352941
2194,Governors Bay Sandy Beach,2023-03-06 15:00:00,Lyttelton,0.0,0.0,0.0,0.8,22.8,22.8,incoming,shallow,muddy,6,grass,0,0,0,4.0,16.0,1.02,1.09,4.59,1.3,1.93,79.1,97.9,289.9,8,-43.6198,172.6579,3,10,0,0,15,0,Alongshore,Alongshore,Alongshore,55.2,0.1111111111111111
2195,Governors Bay Sandy Beach,2023-11-04 11:00:00,Lyttelton,0.0,0.0,0.2,8.4,8.4,8.4,ebbing,shallow,muddy,6,grass,0,0,0,3.6,7.0,1.05,4.18,6.54,10.5,1.91,89.6,87.2,247.6,8,-43.6198,172.6579,11,44,5,1,11,0,Alongshore,Alongshore,Alongshore,,0.0
2196,Governors Bay Sandy Beach,2023-11-15 06:00:00,Lyttelton,0.0,0.0,0.0,0.0,0.0,0.0,ebbing,shallow,muddy,6,grass,0,0,0,0.0,0.0,3.61,1.38,3.72,11.98,2.01,56.5,3.1,279.0,8,-43.6198,172.6579,11,46,2,0,6,0,Alongshore,Offshore,Alongshore,10.0,0.0
2197,Governors Bay Sandy Beach,2023-11-22 12:00:00,Lyttelton,0.0,0.0,0.4,0.6,0.8,10.0,incoming,shallow,muddy,6,grass,0,0,0,0.4,3.0,9.81,10.4,10.65,0.12,2.36,89.7,86.4,84.3,8,-43.6198,172.6579,11,47,2,0,12,0,Alongshore,Alongshore,Alongshore,10.0,0.0
2198,Governors Bay Sandy Beach,2023-11-27 15:00:00,Lyttelton,0.0,0.0,0.0,0.0,0.0,1.0,incoming,shallow,muddy,6,grass,0,0,0,0.0,0.0,7.11,10.01,10.18,1.15,2.18,87.9,87.8,85.9,8,-43.6198,172.6579,11,48,0,0,15,0,Alongshore,Alongshore,Alongshore,10.0,0.0
2199,Governors Bay Sandy Beach,2023-12-04 09:00:00,Lyttelton,5.0,8.6,12.4,12.4,12.4,12.4,incoming,shallow,muddy,6,grass,0,0,0,2.2,11.0,2.86,2.52,2.64,0.2,2.18,268.3,274.0,280.6,8,-43.6198,172.6579,12,49,0,0,9,0,Alongshore,Alongshore,Alongshore,10.0,0.0
2200,Governors Bay Sandy Beach,2023-12-11 15:00:00,Lyttelton,0.0,0.0,0.0,0.0,10.4,10.4,incoming,shallow,muddy,6,grass,0,0,0,5.6,3.0,7.99,9.37,10.03,0.02,1.99,76.0,82.6,78.9,8,-43.6198,172.6579,12,50,0,0,15,0,Alongshore,Alongshore,Alongshore,10.0,0.0
2201,Governors Bay Sandy Beach,2023-12-18 08:00:00,Lyttelton,0.0,0.0,2.2,2.6,2.6,2.6,incoming,shallow,muddy,6,grass,0,0,0,2.0,3.0,2.41,1.48,0.69,0.57,2.48,178.4,280.1,285.9,8,-43.6198,172.6579,12,51,0,0,8,0,Onshore,Alongshore,Alongshore,10.0,0.0
2202,Governors Bay Sandy Beach,2023-12-28 06:00:00,Lyttelton,0.0,0.0,0.0,0.0,4.6,4.6,ebbing,shallow,muddy,6,grass,0,0,0,3.2,4.0,6.11,6.65,6.77,11.37,1.99,68.7,64.7,68.3,8,-43.6198,172.6579,12,52,3,0,6,1,Alongshore,Alongshore,Alongshore,16.2,0.0
2203,Governors Bay Sandy Beach,2024-01-03 09:00:00,Lyttelton,0.0,0.0,1.4,1.4,1.4,10.8,incoming,shallow,muddy,6,grass,0,0,0,0.8,3.0,5.57,5.52,7.62,0.47,2.08,83.3,75.4,70.3,8,-43.6198,172.6579,1,1,2,0,9,1,Alongshore,Alongshore,Alongshore,16.2,0.0
2204,Governors Bay Sandy Beach,2024-01-08 14:00:00,Lyttelton,0.0,0.0,0.0,0.0,0.0,0.4,ebbing,shallow,muddy,6,grass,0,0,0,0.0,0.0,9.67,11.16,11.6,12.57,2.18,88.9,89.3,85.1,8,-43.6198,172.6579,1,2,0,0,14,0,Alongshore,Alongshore,Alongshore,16.2,0.0
2205,Governors Bay Sandy Beach,2024-01-16 08:00:00,Lyttelton,0.0,0.0,0.0,19.0,22.4,22.4,ebbing,shallow,muddy,6,grass,0,0,0,8.6,6.0,4.37,4.07,4.44,12.48,2.26,82.4,71.9,63.0,8,-43.6198,172.6579,1,3,1,0,8,0,Alongshore,Alongshore,Alongshore,16.2,0.0
2206,Governors Bay Sandy Beach,2024-01-25 16:00:00,Lyttelton,0.0,0.0,0.0,0.0,1.8,1.8,incoming,shallow,muddy,6,grass,0,0,0,0.4,6.0,8.96,12.35,13.65,0.82,1.95,85.0,84.1,81.3,8,-43.6198,172.6579,1,4,3,0,16,0,Alongshore,Alongshore,Alongshore,24.6,0.0
2207,Governors Bay Sandy Beach,2024-01-31 09:00:00,Lyttelton,0.0,0.0,0.0,0.0,0.0,0.0,ebbing,shallow,muddy,6,grass,0,0,0,0.0,0.0,1.36,1.63,4.46,12.18,1.91,93.9,93.1,244.6,8,-43.6198,172.6579,1,5,2,0,9,1,Alongshore,Alongshore,Alongshore,26.8,0.0
2208,Governors Bay Sandy Beach,2024-02-07 14:00:00,Lyttelton,0.0,0.0,0.0,0.0,0.0,0.0,ebbing,shallow,muddy,6,grass,0,0,0,0.0,0.0,8.33,8.11,7.27,12.45,2.37,266.7,262.5,263.0,8,-43.6198,172.6579,2,6,2,0,14,1,Alongshore,Alongshore,Alongshore,26.8,0.0
2209,Governors Bay Sandy Beach,2024-02-13 07:00:00,Lyttelton,0.0,0.2,0.2,0.2,2.6,13.8,incoming,shallow,muddy,6,grass,0,0,0,1.2,6.0,5.39,6.34,7.47,0.45,2.59,66.5,67.9,66.6,8,-43.6198,172.6579,2,7,1,0,7,0,Alongshore,Alongshore,Alongshore,26.8,0.0
2210,Governors Bay Sandy Beach,2024-02-15 08:00:00,Lyttelton,0.0,0.0,0.0,0.0,0.0,0.2,incoming,shallow,muddy,6,grass,0,0,0,0.0,0.0,1.91,2.13,4.13,0.33,2.4,84.8,100.6,249.8,8,-43.6198,172.6579,2,7,3,0,8,0,Alongshore,Alongshore,Alongshore,95.6,0.0625
2211,Governors Bay Sandy Beach,2024-02-19 13:00:00,Lyttelton,0.0,0.0,0.0,0.0,0.0,0.0,ebbing,shallow,muddy,6,grass,0,0,0,0.0,0.0,2.0,5.45,7.46,12.32,2.21,282.4,272.0,278.4,8,-43.6198,172.6579,2,8,0,0,13,0,Alongshore,Alongshore,Alongshore,91.2,0.058823529411764705
2212,Governors Bay Sandy Beach,2024-02-29 08:00:00,Lyttelton,0.0,0.0,0.0,0.0,1.8,1.8,ebbing,shallow,muddy,6,grass,0,0,0,1.0,3.0,4.87,4.49,3.54,12.42,1.96,254.8,266.3,271.0,8,-43.6198,172.6579,2,9,3,0,8,0,Alongshore,Alongshore,Alongshore,82.8,0.05555555555555555
2213,Governors Bay Sandy Beach,2024-03-04 11:00:00,Lyttelton,0.0,0.0,0.0,0.0,0.0,0.0,ebbing,shallow,muddy,6,grass,0,0,0,0.0,0.0,4.01,3.48,4.52,12.38,2.1,300.7,39.0,43.1,8,-43.6198,172.6579,3,10,0,0,11,0,Alongshore,Offshore,Offshore,82.8,0.05263157894736842
2214,Governors Bay Sandy Beach,2024-03-13 07:00:00,Lyttelton,0.0,0.0,0.0,0.4,4.8,4.8,ebbing,shallow,muddy,6,grass,0,0,0,1.0,10.0,3.5,8.16,8.53,12.35,2.45,244.7,252.4,248.9,8,-43.6198,172.6579,3,11,2,0,7,0,Alongshore,Alongshore,Alongshore,82.8,0.05
2215,Governors Bay Sandy Beach,2024-03-19 13:00:00,Lyttelton,0.0,0.0,0.2,0.4,4.4,4.4,ebbing,shallow,muddy,6,grass,0,0,0,2.4,5.0,5.91,5.77,5.64,12.12,2.19,240.2,236.7,235.9,8,-43.6198,172.6579,3,12,1,0,13,0,Alongshore,Alongshore,Alongshore,18.0,0.047619047619047616
2216,Governors Bay Sandy Beach,2024-03-28 07:00:00,Lyttelton,0.0,0.0,0.0,1.6,1.6,1.6,ebbing,shallow,muddy,6,grass,0,0,0,1.2,2.0,3.63,3.73,1.63,11.75,2.04,96.8,90.9,73.8,8,-43.6198,172.6579,3,13,3,0,7,0,Alongshore,Alongshore,Alongshore,14.0,0.045454545454545456
2217,Governors Bay Sandy Beach,2024-04-12 08:00:00,Lyttelton,1.6,4.6,18.0,18.0,18.0,18.0,ebbing,shallow,muddy,6,grass,0,0,0,6.8,11.0,9.42,14.14,14.52,11.72,2.44,258.3,257.7,261.7,8,-43.6198,172.6579,4,15,4,0,8,0,Alongshore,Alongshore,Alongshore,18.0,0.043478260869565216
2218,Governors Bay Sandy Beach,2024-04-14 09:00:00,Lyttelton,0.0,0.0,0.0,0.0,1.0,19.2,ebbing,shallow,muddy,6,grass,0,0,0,0.4,4.0,5.56,5.39,3.71,12.05,2.31,284.8,272.8,267.2,8,-43.6198,172.6579,4,15,6,1,9,1,Alongshore,Alongshore,Alongshore,992.0,0.08333333333333333
2219,Governors Bay Sandy Beach,2024-06-15 11:00:00,Lyttelton,0.0,0.6,6.8,21.8,24.4,24.6,incoming,shallow,muddy,6,grass,0,0,0,4.4,25.0,4.86,1.3,0.65,0.75,1.92,252.1,269.4,263.1,8,-43.6198,172.6579,6,24,5,1,11,0,Alongshore,Alongshore,Alongshore,992.0,0.08
2220,Governors Bay Sandy Beach,2024-07-03 13:00:00,Lyttelton,1.4,2.6,4.8,9.6,24.2,24.2,incoming,shallow,muddy,6,grass,0,0,0,2.4,29.0,12.66,12.02,12.48,0.85,2.34,248.5,247.7,247.9,8,-43.6198,172.6579,7,27,2,0,13,0,Alongshore,Alongshore,Alongshore,1005.6,0.07692307692307693
2221,Governors Bay Sandy Beach,2024-07-16 12:00:00,Lyttelton,0.0,0.0,1.4,13.4,18.2,22.2,incoming,shallow,muddy,6,grass,0,0,0,5.8,17.0,2.8,3.81,3.15,0.1,1.97,278.3,280.3,292.1,8,-43.6198,172.6579,7,29,1,0,12,0,Alongshore,Alongshore,Alongshore,1141.4,0.1111111111111111
2222,Governors Bay Sandy Beach,2024-08-18 15:00:00,Lyttelton,7.4,10.2,21.8,22.6,22.6,22.6,ebbing,shallow,muddy,6,grass,0,0,0,4.4,15.0,8.2,8.68,6.93,11.95,2.1,260.1,253.7,256.0,8,-43.6198,172.6579,8,33,6,1,15,0,Alongshore,Alongshore,Alongshore,1137.4,0.10714285714285714
2223,Governors Bay Sandy Beach,2024-09-17 14:00:00,Lyttelton,0.0,0.0,13.8,13.8,15.4,15.4,incoming,shallow,muddy,6,grass,0,0,0,3.6,10.0,12.15,11.33,12.55,1.22,2.51,242.3,246.1,243.2,8,-43.6198,172.6579,9,38,1,0,14,0,Alongshore,Alongshore,Alongshore,213.2,0.10344827586206896
2224,Purau Bay Beach,2013-11-12 12:00:00,Lyttelton,0.0,0.0,0.0,0.0,0.0,0.0,ebbing,medium,muddy,3,grass,1,1,0,0.0,0.0,2.32,2.09,1.14,12.07,2.22,163.8,212.2,213.1,170,-43.6382,172.7528,11,46,1,0,12,0,Offshore,Offshore,Offshore,,0.0
2225,Purau Bay Beach,2013-11-25 12:00:00,Lyttelton,0.0,0.0,0.0,0.0,0.0,0.8,ebbing,medium,muddy,3,grass,1,1,0,0.0,0.0,3.29,4.63,2.44,10.58,1.88,229.2,222.4,215.1,170,-43.6382,172.7528,11,48,0,0,12,0,Alongshore,Alongshore,Alongshore,10.0,0.0
2226,Purau Bay Beach,2013-12-02 13:00:00,Lyttelton,0.0,0.0,0.0,0.0,0.0,0.0,incoming,medium,muddy,3,grass,1,1,0,0.0,0.0,3.43,4.41,5.14,2.5,2.25,70.2,69.1,54.8,170,-43.6382,172.7528,12,49,0,0,13,0,Alongshore,Alongshore,Alongshore,10.0,0.0
2227,Purau Bay Beach,2013-12-09 11:00:00,Lyttelton,0.0,0.0,0.0,1.6,1.6,1.6,ebbing,medium,muddy,3,grass,1,1,0,0.8,3.0,5.8,5.06,5.28,10.9,2.26,200.9,209.7,212.2,170,-43.6382,172.7528,12,50,0,0,11,0,Offshore,Offshore,Offshore,10.0,0.0
2228,Purau Bay Beach,2013-12-16 14:00:00,Lyttelton,0.0,0.0,0.0,0.0,0.0,0.0,incoming,medium,muddy,3,grass,1,1,0,0.0,0.0,1.59,3.81,2.82,2.08,2.04,224.7,210.3,202.1,170,-43.6382,172.7528,12,51,0,0,14,0,Alongshore,Offshore,Offshore,10.0,0.0
2229,Purau Bay Beach,2013-12-22 10:00:00,Lyttelton,0.0,0.0,1.8,1.8,1.8,1.8,ebbing,medium,muddy,3,grass,1,1,0,0.8,3.0,3.55,1.02,1.11,10.07,1.91,199.2,217.2,211.2,170,-43.6382,172.7528,12,51,6,1,10,1,Offshore,Alongshore,Offshore,10.0,0.0
2230,Purau Bay Beach,2014-01-06 11:00:00,Lyttelton,0.0,0.0,0.0,0.0,0.4,0.4,ebbing,medium,muddy,3,grass,1,1,0,0.4,1.0,1.42,2.16,2.48,9.7,2.34,96.4,141.4,231.6,170,-43.6382,172.7528,1,2,0,0,11,0,Alongshore,Offshore,Alongshore,10.0,0.0
2231,Purau Bay Beach,2014-01-13 12:00:00,Lyttelton,0.0,0.0,0.0,0.0,0.0,0.0,incoming,medium,muddy,3,grass,1,1,0,0.0,0.0,2.63,5.6,4.39,2.55,1.99,217.1,212.3,208.1,170,-43.6382,172.7528,1,3,0,0,12,0,Alongshore,Offshore,Offshore,10.0,0.0
2232,Purau Bay Beach,2014-01-20 10:00:00,Lyttelton,0.0,0.0,0.0,0.0,0.0,0.0,ebbing,medium,muddy,3,grass,1,1,0,0.0,0.0,3.12,4.78,6.46,9.8,1.95,52.9,42.4,26.6,170,-43.6382,172.7528,1,4,0,0,10,0,Alongshore,Alongshore,Onshore,10.0,0.0
2233,Purau Bay Beach,2014-01-28 15:00:00,Lyttelton,0.0,0.0,0.0,0.0,3.4,3.4,ebbing,medium,muddy,3,grass,1,1,0,1.0,9.0,1.49,3.17,4.2,11.85,2.51,71.4,78.8,84.9,170,-43.6382,172.7528,1,5,1,0,15,0,Alongshore,Alongshore,Alongshore,10.0,0.0
2234,Purau Bay Beach,2014-02-03 10:00:00,Lyttelton,0.0,0.0,0.0,0.0,0.0,0.6,ebbing,medium,muddy,3,grass,1,1,0,0.0,0.0,1.78,2.98,5.02,9.33,2.41,63.6,59.6,46.7,170,-43.6382,172.7528,2,6,0,0,10,1,Alongshore,Alongshore,Alongshore,10.0,0.0
2235,Purau Bay Beach,2014-02-10 12:00:00,Lyttelton,0.0,0.0,0.0,0.0,0.0,0.0,incoming,medium,muddy,3,grass,1,1,0,0.0,0.0,4.74,3.1,2.48,1.52,1.96,215.4,202.9,196.3,170,-43.6382,172.7528,2,7,0,0,12,0,Alongshore,Offshore,Offshore,10.0,0.0
2236,Purau Bay Beach,2014-02-17 10:00:00,Lyttelton,0.0,0.0,0.0,0.0,0.0,0.2,ebbing,medium,muddy,3,grass,1,1,0,0.0,0.0,6.41,7.2,7.4,8.72,2.02,59.9,61.3,54.4,170,-43.6382,172.7528,2,8,0,0,10,0,Alongshore,Alongshore,Alongshore,10.0,0.0
2237,Purau Bay Beach,2014-02-24 13:00:00,Lyttelton,0.0,0.0,0.0,2.0,9.2,9.2,ebbing,medium,muddy,3,grass,1,1,0,5.6,6.0,3.88,7.0,7.46,11.22,2.33,52.9,51.9,44.0,170,-43.6382,172.7528,2,9,0,0,13,0,Alongshore,Alongshore,Alongshore,10.0,0.0
2238,Purau Bay Beach,2014-03-10 13:00:00,Lyttelton,0.0,0.0,0.0,0.0,0.0,0.0,ebbing,medium,muddy,3,grass,1,1,0,0.0,0.0,3.1,4.25,4.44,11.6,2.14,63.0,57.2,46.4,170,-43.6382,172.7528,3,11,0,0,13,0,Alongshore,Alongshore,Alongshore,10.0,0.0
2239,Purau Bay Beach,2014-03-13 09:00:00,Lyttelton,0.0,0.0,0.0,0.0,0.2,0.6,incoming,medium,muddy,3,grass,1,1,0,0.2,1.0,1.24,1.85,2.36,5.13,1.95,284.5,282.1,358.6,170,-43.6382,172.7528,3,11,3,0,9,0,Alongshore,Alongshore,Onshore,124.2,0.0625
2240,Purau Bay Beach,2014-11-18 11:00:00,Lyttelton,0.0,0.0,0.0,0.0,0.0,0.0,incoming,medium,muddy,3,grass,1,1,0,0.0,0.0,3.88,4.96,3.51,2.2,2.05,190.6,227.5,254.2,170,-43.6382,172.7528,11,47,1,0,11,0,Offshore,Alongshore,Alongshore,,0.0
2241,Purau Bay Beach,2014-11-24 14:00:00,Lyttelton,0.0,0.0,0.0,0.0,0.6,0.6,incoming,medium,muddy,3,grass,1,1,0,0.6,1.0,2.41,6.21,8.72,3.58,2.15,51.8,55.5,44.0,170,-43.6382,172.7528,11,48,0,0,14,0,Alongshore,Alongshore,Alongshore,10.0,0.0
2242,Purau Bay Beach,2014-12-08 15:00:00,Lyttelton,0.0,0.0,0.0,0.0,0.0,0.0,incoming,medium,muddy,3,grass,1,1,0,0.0,0.0,3.5,5.06,5.42,2.47,2.12,52.4,54.3,52.0,170,-43.6382,172.7528,12,50,0,0,15,0,Alongshore,Alongshore,Alongshore,10.0,0.0
2243,Purau Bay Beach,2014-12-15 15:00:00,Lyttelton,0.0,0.0,0.0,0.0,0.0,1.0,ebbing,medium,muddy,3,grass,1,1,0,0.0,0.0,4.87,5.84,6.51,8.43,1.94,64.3,65.2,59.6,170,-43.6382,172.7528,12,51,0,0,15,0,Alongshore,Alongshore,Alongshore,10.0,0.0
2244,Purau Bay Beach,2014-12-22 14:00:00,Lyttelton,0.0,0.0,0.0,7.4,7.4,7.8,incoming,medium,muddy,3,grass,1,1,0,3.4,7.0,2.92,4.58,5.32,2.62,2.18,61.6,61.3,56.0,170,-43.6382,172.7528,12,52,0,0,14,1,Alongshore,Alongshore,Alongshore,10.0,0.0
2245,Purau Bay Beach,2014-12-29 12:00:00,Lyttelton,0.0,0.0,0.0,0.0,1.4,1.4,ebbing,medium,muddy,3,grass,1,1,0,1.4,1.0,4.41,6.1,6.24,10.75,2.29,65.7,62.9,50.5,170,-43.6382,172.7528,12,1,0,0,12,1,Alongshore,Alongshore,Alongshore,10.0,0.0
2246,Purau Bay Beach,2015-01-06 08:00:00,Lyttelton,0.0,0.0,0.0,0.0,0.0,0.0,ebbing,medium,muddy,3,grass,1,1,0,0.0,0.0,1.14,1.49,2.07,8.95,2.06,299.3,283.9,306.3,170,-43.6382,172.7528,1,2,1,0,8,0,Alongshore,Alongshore,Onshore,10.0,0.0
2247,Purau Bay Beach,2015-01-12 13:00:00,Lyttelton,0.0,0.0,0.0,0.0,0.0,0.0,ebbing,medium,muddy,3,grass,1,1,0,0.0,0.0,2.81,1.05,2.04,9.12,1.94,28.1,341.5,247.2,170,-43.6382,172.7528,1,3,0,0,13,0,Onshore,Onshore,Alongshore,10.0,0.0
2248,Purau Bay Beach,2015-01-19 13:00:00,Lyttelton,0.0,0.0,0.0,0.0,0.0,0.0,incoming,medium,muddy,3,grass,1,1,0,0.0,0.0,3.42,3.66,5.41,2.23,2.18,293.5,324.4,321.0,170,-43.6382,172.7528,1,4,0,0,13,0,Alongshore,Onshore,Onshore,10.0,0.0
2249,Purau Bay Beach,2015-01-26 12:00:00,Lyttelton,0.0,0.0,0.0,0.0,0.0,0.0,ebbing,medium,muddy,3,grass,1,1,0,0.0,0.0,10.11,10.42,10.81,9.82,2.35,59.4,53.2,49.7,170,-43.6382,172.7528,1,5,0,0,12,0,Alongshore,Alongshore,Alongshore,12.0,0.0
2250,Purau Bay Beach,2015-02-02 13:00:00,Lyttelton,0.0,0.0,0.0,0.0,0.0,1.8,incoming,medium,muddy,3,grass,1,1,0,0.0,0.0,1.94,4.04,7.08,2.48,2.03,312.9,334.1,346.8,170,-43.6382,172.7528,2,6,0,0,13,1,Onshore,Onshore,Onshore,12.0,0.0
2251,Purau Bay Beach,2015-02-09 10:00:00,Lyttelton,0.0,0.0,0.0,0.0,0.0,0.0,ebbing,medium,muddy,3,grass,1,1,0,0.0,0.0,3.89,6.99,8.96,10.28,1.98,300.2,305.4,308.3,170,-43.6382,172.7528,2,7,0,0,10,1,Alongshore,Onshore,Onshore,12.0,0.0
2252,Purau Bay Beach,2015-02-16 11:00:00,Lyttelton,0.0,0.0,0.0,0.0,0.0,0.0,incoming,medium,muddy,3,grass,1,1,0,0.0,0.0,1.46,1.53,2.68,3.17,2.16,74.2,49.0,36.7,170,-43.6382,172.7528,2,8,0,0,11,0,Alongshore,Alongshore,Alongshore,12.0,0.0
2253,Purau Bay Beach,2015-02-23 10:00:00,Lyttelton,0.0,0.0,0.8,0.8,3.0,3.0,ebbing,medium,muddy,3,grass,1,1,0,1.6,6.0,2.01,1.3,1.08,10.25,2.45,202.3,219.8,218.7,170,-43.6382,172.7528,2,9,0,0,10,0,Offshore,Alongshore,Alongshore,12.0,0.0
2254,Purau Bay Beach,2015-11-17 11:00:00,Lyttelton,0.0,0.0,0.0,0.0,0.0,0.0,ebbing,medium,muddy,3,grass,1,1,0,0.0,0.0,2.6,4.22,3.98,9.3,2.0,262.7,256.9,260.9,170,-43.6382,172.7528,11,47,1,0,11,0,Alongshore,Alongshore,Alongshore,,0.0
2255,Purau Bay Beach,2015-11-23 11:00:00,Lyttelton,0.0,0.0,0.0,0.0,0.0,0.0,incoming,medium,muddy,3,grass,1,1,0,0.0,0.0,4.45,4.48,6.68,2.25,2.4,85.0,82.3,68.3,170,-43.6382,172.7528,11,48,0,0,11,0,Alongshore,Alongshore,Alongshore,10.0,0.0
2256,Purau Bay Beach,2015-11-30 07:00:00,Lyttelton,0.0,0.0,0.0,0.4,0.8,0.8,incoming,medium,muddy,3,grass,1,1,0,0.4,2.0,8.12,7.74,7.52,0.63,2.47,72.7,67.4,64.6,170,-43.6382,172.7528,11,49,0,0,7,0,Alongshore,Alongshore,Alongshore,20.0,0.0
2257,Purau Bay Beach,2015-12-10 14:00:00,Lyttelton,0.0,0.0,0.0,0.0,0.0,1.4,incoming,medium,muddy,3,grass,1,1,0,0.0,0.0,2.94,4.4,6.14,1.58,2.0,69.1,68.9,63.1,170,-43.6382,172.7528,12,50,3,0,14,0,Alongshore,Alongshore,Alongshore,16.666666666666668,0.0
2258,Purau Bay Beach,2015-12-14 05:00:00,Lyttelton,0.2,0.2,0.2,8.2,8.2,8.2,incoming,medium,muddy,3,grass,1,1,0,4.6,5.0,1.04,0.47,0.93,1.13,2.34,305.0,349.9,277.8,170,-43.6382,172.7528,12,51,0,0,5,0,Alongshore,Onshore,Alongshore,15.0,0.0
2259,Purau Bay Beach,2015-12-23 13:00:00,Lyttelton,0.0,0.0,0.0,0.6,1.8,1.8,incoming,medium,muddy,3,grass,1,1,0,0.8,5.0,1.64,1.67,0.56,1.65,2.29,309.0,244.4,255.4,170,-43.6382,172.7528,12,52,2,0,13,1,Onshore,Alongshore,Alongshore,16.0,0.0
2260,Purau Bay Beach,2016-01-05 11:00:00,Lyttelton,0.0,0.0,0.0,0.0,0.2,16.6,incoming,medium,muddy,3,grass,1,1,0,0.2,1.0,2.69,2.72,3.1,1.4,1.97,81.8,97.4,75.5,170,-43.6382,172.7528,1,1,1,0,11,1,Alongshore,Alongshore,Alongshore,16.0,0.0
2261,Purau Bay Beach,2016-01-11 15:00:00,Lyttelton,0.0,0.0,0.0,0.0,0.0,0.0,incoming,medium,muddy,3,grass,1,1,0,0.0,0.0,7.55,10.98,12.36,2.08,2.13,78.3,77.9,72.6,170,-43.6382,172.7528,1,2,0,0,15,0,Alongshore,Alongshore,Alongshore,12.0,0.0
2262,Purau Bay Beach,2016-01-18 10:00:00,Lyttelton,1.8,1.8,1.8,2.0,2.2,14.8,incoming,medium,muddy,3,grass,1,1,0,0.8,5.0,5.33,5.87,6.03,1.67,2.3,57.5,53.7,47.9,170,-43.6382,172.7528,1,3,0,0,10,0,Alongshore,Alongshore,Alongshore,12.0,0.0
2263,Purau Bay Beach,2016-01-25 16:00:00,Lyttelton,0.0,0.0,0.0,0.0,0.0,0.0,incoming,medium,muddy,3,grass,1,1,0,0.0,0.0,0.85,3.01,1.12,1.87,2.15,343.1,306.1,356.7,170,-43.6382,172.7528,1,4,0,0,16,0,Onshore,Onshore,Onshore,12.0,0.0
2264,Purau Bay Beach,2016-02-02 10:00:00,Lyttelton,0.0,0.0,0.0,0.0,0.0,0.0,incoming,medium,muddy,3,grass,1,1,0,0.0,0.0,1.23,0.35,1.01,1.6,1.94,80.2,114.6,263.6,170,-43.6382,172.7528,2,5,1,0,10,1,Alongshore,Alongshore,Alongshore,10.0,0.0
2265,Purau Bay Beach,2016-02-09 15:00:00,Lyttelton,0.0,0.0,0.0,0.0,0.0,0.0,incoming,medium,muddy,3,grass,1,1,0,0.0,0.0,1.33,2.53,7.83,2.0,2.26,263.0,264.0,56.0,170,-43.6382,172.7528,2,6,1,0,15,1,Alongshore,Alongshore,Alongshore,12.0,0.0
2266,Purau Bay Beach,2016-02-12 08:00:00,Lyttelton,0.0,0.0,0.0,0.0,0.0,0.0,ebbing,medium,muddy,3,grass,1,1,0,0.0,0.0,1.45,1.89,2.18,11.53,2.39,46.6,76.2,56.3,170,-43.6382,172.7528,2,6,4,0,8,0,Alongshore,Alongshore,Alongshore,41.6,0.0
2267,Purau Bay Beach,2016-02-15 10:00:00,Lyttelton,0.0,0.0,0.0,0.0,0.0,0.0,incoming,medium,muddy,3,grass,1,1,0,0.0,0.0,0.64,0.32,1.8,0.45,2.34,78.6,53.9,17.0,170,-43.6382,172.7528,2,7,0,0,10,0,Alongshore,Alongshore,Onshore,41.6,0.0
2268,Purau Bay Beach,2016-02-22 14:00:00,Lyttelton,0.0,0.0,0.0,0.0,0.0,0.0,incoming,medium,muddy,3,grass,1,1,0,0.0,0.0,3.78,6.56,6.99,1.9,2.12,68.5,69.6,67.6,170,-43.6382,172.7528,2,8,0,0,14,0,Alongshore,Alongshore,Alongshore,43.6,0.0
2269,Purau Bay Beach,2016-02-29 09:00:00,Lyttelton,0.0,0.0,0.0,0.0,0.0,0.0,ebbing,medium,muddy,3,grass,1,1,0,0.0,0.0,5.03,7.54,7.76,12.23,2.01,238.2,244.5,256.5,170,-43.6382,172.7528,2,9,0,0,9,0,Alongshore,Alongshore,Alongshore,43.6,0.0
2270,Purau Bay Beach,2016-11-21 09:00:00,Lyttelton,0.0,0.0,0.0,0.0,0.0,0.0,incoming,medium,muddy,3,grass,1,1,0,0.0,0.0,0.78,0.97,2.59,1.5,2.41,51.5,63.4,38.6,170,-43.6382,172.7528,11,47,0,0,9,0,Alongshore,Alongshore,Alongshore,,0.0
2271,Purau Bay Beach,2016-11-28 13:00:00,Lyttelton,0.0,0.0,0.0,0.0,0.0,0.0,incoming,medium,muddy,3,grass,1,1,0,0.0,0.0,3.46,1.53,3.54,2.78,2.04,90.4,188.8,208.8,170,-43.6382,172.7528,11,48,0,0,13,0,Alongshore,Offshore,Offshore,10.0,0.0
2272,Purau Bay Beach,2016-12-05 10:00:00,Lyttelton,0.0,0.0,0.0,0.0,0.0,0.8,ebbing,medium,muddy,3,grass,1,1,0,0.0,0.0,4.28,4.86,6.75,10.75,1.92,66.3,65.5,61.0,170,-43.6382,172.7528,12,49,0,0,10,0,Alongshore,Alongshore,Alongshore,10.0,0.0
2273,Purau Bay Beach,2016-12-12 12:00:00,Lyttelton,0.6,4.4,5.8,6.0,9.0,9.0,incoming,medium,muddy,3,grass,1,1,0,2.2,14.0,5.51,9.96,11.0,2.1,2.38,230.3,241.1,241.0,170,-43.6382,172.7528,12,50,0,0,12,0,Alongshore,Alongshore,Alongshore,10.0,0.0
2274,Purau Bay Beach,2016-12-19 10:00:00,Lyttelton,0.0,0.0,0.0,0.0,0.0,0.0,ebbing,medium,muddy,3,grass,1,1,0,0.0,0.0,0.58,5.5,6.69,11.05,2.18,79.7,70.5,349.6,170,-43.6382,172.7528,12,51,0,0,10,0,Alongshore,Alongshore,Onshore,17.75,0.0
2275,Purau Bay Beach,2016-12-28 13:00:00,Lyttelton,0.0,0.0,0.0,0.0,0.0,0.0,incoming,medium,muddy,3,grass,1,1,0,0.0,0.0,5.87,8.83,9.98,2.9,1.97,71.4,67.8,64.3,170,-43.6382,172.7528,12,52,2,0,13,1,Alongshore,Alongshore,Alongshore,20.4,0.0
2276,Purau Bay Beach,2017-01-04 10:00:00,Lyttelton,3.6,3.6,4.0,4.6,4.8,4.8,ebbing,medium,muddy,3,grass,1,1,0,3.6,6.0,4.85,1.26,1.64,11.4,2.07,159.5,233.9,249.7,170,-43.6382,172.7528,1,1,2,0,10,1,Offshore,Alongshore,Alongshore,20.4,0.0
2277,Purau Bay Beach,2017-01-09 12:00:00,Lyttelton,0.0,0.0,0.0,0.0,3.4,15.0,incoming,medium,muddy,3,grass,1,1,0,1.4,8.0,2.76,2.06,5.54,0.82,2.28,54.3,49.8,274.7,170,-43.6382,172.7528,1,2,0,0,12,0,Alongshore,Alongshore,Alongshore,20.4,0.0
2278,Purau Bay Beach,2017-01-16 10:00:00,Lyttelton,0.0,0.0,0.0,0.0,0.6,0.6,ebbing,medium,muddy,3,grass,1,1,0,0.6,1.0,1.62,6.43,7.06,10.23,2.22,75.5,68.8,57.8,170,-43.6382,172.7528,1,3,0,0,10,0,Alongshore,Alongshore,Alongshore,20.4,0.0
2279,Purau Bay Beach,2017-01-24 12:00:00,Lyttelton,0.0,0.0,0.0,0.0,7.2,13.4,incoming,medium,muddy,3,grass,1,1,0,1.6,12.0,8.57,8.98,9.37,1.53,1.93,78.6,74.6,80.3,170,-43.6382,172.7528,1,4,1,0,12,0,Alongshore,Alongshore,Alongshore,18.4,0.0
2280,Purau Bay Beach,2017-01-30 09:00:00,Lyttelton,0.0,0.0,0.0,0.0,0.0,0.0,ebbing,medium,muddy,3,grass,1,1,0,0.0,0.0,2.4,6.97,8.57,9.78,2.09,70.4,67.3,65.2,170,-43.6382,172.7528,1,5,0,0,9,0,Alongshore,Alongshore,Alongshore,14.2,0.0
2281,Purau Bay Beach,2017-02-07 12:00:00,Lyttelton,0.0,0.0,0.0,0.3,0.3,0.3,incoming,medium,muddy,3,grass,1,1,0,0.2,2.0,2.46,1.6,1.34,1.22,2.21,171.5,174.6,246.8,170,-43.6382,172.7528,2,6,1,0,12,1,Offshore,Offshore,Alongshore,14.2,0.0
2282,Purau Bay Beach,2017-02-13 09:00:00,Lyttelton,0.0,0.0,0.0,0.0,0.0,0.0,ebbing,medium,muddy,3,grass,1,1,0,0.0,0.0,1.54,0.3,3.59,9.78,2.24,231.1,271.4,25.6,170,-43.6382,172.7528,2,7,0,0,9,0,Alongshore,Alongshore,Onshore,14.2,0.0
2283,Purau Bay Beach,2017-02-20 12:00:00,Lyttelton,0.0,0.0,0.0,0.0,0.8,2.8,ebbing,medium,muddy,3,grass,1,1,0,0.2,4.0,8.81,8.09,9.08,11.8,2.05,66.9,69.8,69.6,170,-43.6382,172.7528,2,8,0,0,12,0,Alongshore,Alongshore,Alongshore,24.8,0.0
2284,Purau Bay Beach,2017-03-02 09:00:00,Lyttelton,0.0,0.0,0.0,0.0,0.0,0.0,ebbing,medium,muddy,3,grass,1,1,0,0.0,0.0,0.91,0.17,0.48,10.6,2.33,173.9,321.0,334.8,170,-43.6382,172.7528,3,9,3,0,9,0,Offshore,Onshore,Onshore,20.6,0.0
2285,Purau Bay Beach,2017-11-23 10:00:00,Lyttelton,0.0,0.0,0.0,0.0,0.0,0.0,ebbing,medium,muddy,3,grass,1,1,0,0.0,0.0,1.19,2.99,4.42,10.28,1.89,86.9,99.8,86.9,170,-43.6382,172.7528,11,47,3,0,10,0,Alongshore,Alongshore,Alongshore,,0.0
2286,Purau Bay Beach,2017-11-29 10:00:00,Lyttelton,0.0,0.0,0.0,0.0,0.0,0.0,incoming,medium,muddy,3,grass,1,1,0,0.0,0.0,1.86,2.72,3.25,2.23,2.16,79.7,79.6,68.7,170,-43.6382,172.7528,11,48,2,0,10,0,Alongshore,Alongshore,Alongshore,10.0,0.0
2287,Purau Bay Beach,2017-12-06 09:00:00,Lyttelton,0.0,0.0,0.0,0.0,0.0,0.0,ebbing,medium,muddy,3,grass,1,1,0,0.0,0.0,2.29,2.44,5.62,9.65,2.36,74.4,72.9,56.5,170,-43.6382,172.7528,12,49,2,0,9,0,Alongshore,Alongshore,Alongshore,10.0,0.0
2288,Purau Bay Beach,2017-12-13 11:00:00,Lyttelton,0.0,0.0,1.2,1.2,1.2,1.2,incoming,medium,muddy,3,grass,1,1,0,0.6,2.0,7.07,7.11,9.88,1.88,2.2,60.3,56.1,54.8,170,-43.6382,172.7528,12,50,2,0,11,0,Alongshore,Alongshore,Alongshore,24.0,0.0
2289,Purau Bay Beach,2017-12-20 08:00:00,Lyttelton,0.0,0.0,0.0,0.0,0.0,0.2,ebbing,medium,muddy,3,grass,1,1,0,0.0,0.0,13.36,13.3,12.02,9.75,1.95,225.6,225.6,228.2,170,-43.6382,172.7528,12,51,2,0,8,1,Alongshore,Alongshore,Alongshore,20.5,0.0
2290,Purau Bay Beach,2017-12-22 08:00:00,Lyttelton,0.2,0.4,0.4,0.4,0.4,0.4,ebbing,medium,muddy,3,grass,1,1,0,0.2,2.0,5.82,4.15,3.42,12.03,1.89,264.6,258.5,248.1,170,-43.6382,172.7528,12,51,4,0,8,1,Alongshore,Alongshore,Alongshore,46.0,0.0
2291,Purau Bay Beach,2017-12-28 09:00:00,Lyttelton,0.0,0.0,0.0,0.2,3.8,5.4,incoming,medium,muddy,3,grass,1,1,0,1.0,8.0,3.82,3.23,3.45,2.77,2.17,231.9,239.4,230.1,170,-43.6382,172.7528,12,52,3,0,9,1,Alongshore,Alongshore,Alongshore,46.0,0.0
2292,Purau Bay Beach,2018-01-10 11:00:00,Lyttelton,1.4,2.4,2.4,2.4,2.4,2.4,incoming,medium,muddy,3,grass,1,1,0,1.0,5.0,8.15,9.94,9.71,0.17,2.2,258.3,263.3,263.4,170,-43.6382,172.7528,1,2,2,0,11,0,Alongshore,Alongshore,Alongshore,46.0,0.0
2293,Purau Bay Beach,2018-01-15 15:00:00,Lyttelton,0.0,0.0,0.0,0.0,0.0,0.2,incoming,medium,muddy,3,grass,1,1,0,0.0,0.0,9.84,11.88,11.25,0.67,1.96,76.8,74.0,70.3,170,-43.6382,172.7528,1,3,0,0,15,0,Alongshore,Alongshore,Alongshore,37.6,0.0
2294,Purau Bay Beach,2018-01-24 10:00:00,Lyttelton,0.0,0.0,0.0,0.0,0.0,0.0,ebbing,medium,muddy,3,grass,1,1,0,0.0,0.0,0.79,0.88,2.14,12.42,2.07,263.0,259.1,286.2,170,-43.6382,172.7528,1,4,2,0,10,0,Alongshore,Alongshore,Alongshore,37.6,0.0
2295,Purau Bay Beach,2018-02-02 10:00:00,Lyttelton,0.4,1.0,2.2,2.2,2.2,2.2,ebbing,medium,muddy,3,grass,1,1,0,0.6,8.0,10.74,10.9,11.23,7.6,2.38,240.3,242.0,245.1,170,-43.6382,172.7528,2,5,4,0,10,1,Alongshore,Alongshore,Alongshore,10.0,0.0
2296,Purau Bay Beach,2018-02-05 09:00:00,Lyttelton,0.0,0.0,0.0,0.0,1.2,1.6,ebbing,medium,muddy,3,grass,1,1,0,0.6,3.0,2.61,1.72,1.43,11.68,2.27,356.8,50.6,317.1,170,-43.6382,172.7528,2,6,0,0,9,1,Onshore,Alongshore,Onshore,267.2,0.08333333333333333
2297,Purau Bay Beach,2018-02-07 09:00:00,Lyttelton,0.0,0.4,0.4,0.4,0.4,0.4,incoming,medium,muddy,3,grass,1,1,0,0.4,1.0,2.35,2.38,3.29,0.82,2.23,72.5,76.7,54.6,170,-43.6382,172.7528,2,6,2,0,9,1,Alongshore,Alongshore,Alongshore,269.2,0.07692307692307693
2298,Purau Bay Beach,2018-02-14 12:00:00,Lyttelton,0.0,0.0,0.0,0.0,0.0,1.4,incoming,medium,muddy,3,grass,1,1,0,0.0,0.0,5.36,7.84,7.85,3.23,1.95,248.3,243.2,246.7,170,-43.6382,172.7528,2,7,2,0,12,0,Alongshore,Alongshore,Alongshore,269.2,0.07142857142857142
2299,Purau Bay Beach,2018-02-27 14:00:00,Lyttelton,0.0,0.0,0.0,0.0,3.4,3.4,incoming,medium,muddy,3,grass,1,1,0,1.2,6.0,2.06,4.64,6.21,0.08,2.24,79.2,78.4,81.3,170,-43.6382,172.7528,2,9,1,0,14,0,Alongshore,Alongshore,Alongshore,269.2,0.06666666666666667
2300,Purau Bay Beach,2018-03-14 12:00:00,Lyttelton,0.0,0.0,0.0,0.0,0.0,0.0,incoming,medium,muddy,3,grass,1,1,0,0.0,0.0,1.97,2.84,5.76,2.82,1.93,83.7,87.7,78.1,170,-43.6382,172.7528,3,11,2,0,12,0,Alongshore,Alongshore,Alongshore,269.2,0.0625
2301,Purau Bay Beach,2018-03-20 07:00:00,Lyttelton,0.0,0.0,0.0,0.0,0.0,0.0,ebbing,medium,muddy,3,grass,1,1,0,0.0,0.0,6.51,5.75,5.24,11.37,2.21,50.8,54.2,56.7,170,-43.6382,172.7528,3,12,1,0,7,0,Alongshore,Alongshore,Alongshore,12.0,0.058823529411764705
2302,Purau Bay Beach,2018-11-13 08:00:00,Lyttelton,0.0,0.0,0.0,0.0,0.0,0.0,incoming,medium,muddy,3,grass,1,1,0,0.0,0.0,2.34,3.61,4.05,1.0,2.23,248.8,253.0,257.3,170,-43.6382,172.7528,11,46,1,0,8,0,Alongshore,Alongshore,Alongshore,,0.0
2303,Purau Bay Beach,2018-11-19 11:00:00,Lyttelton,0.2,0.2,1.0,1.2,1.2,1.2,incoming,medium,muddy,3,grass,1,1,0,0.6,4.0,4.18,3.04,3.83,2.07,2.08,240.1,243.4,245.6,170,-43.6382,172.7528,11,47,0,0,11,0,Alongshore,Alongshore,Alongshore,10.0,0.0
2304,Purau Bay Beach,2018-11-29 08:00:00,Lyttelton,0.0,0.0,0.0,1.4,5.0,5.0,incoming,medium,muddy,3,grass,1,1,0,1.6,12.0,6.83,6.48,6.97,0.85,2.49,74.5,74.8,75.3,170,-43.6382,172.7528,11,48,3,0,8,0,Alongshore,Alongshore,Alongshore,10.0,0.0
2305,Purau Bay Beach,2018-12-03 11:00:00,Lyttelton,0.2,0.2,0.4,0.8,1.2,1.6,incoming,medium,muddy,3,grass,1,1,0,0.2,6.0,9.52,10.03,9.98,2.13,2.31,64.5,65.4,66.0,170,-43.6382,172.7528,12,49,0,0,11,0,Alongshore,Alongshore,Alongshore,10.0,0.0
2306,Purau Bay Beach,2018-12-11 10:00:00,Lyttelton,0.0,0.0,0.0,0.0,0.0,0.0,ebbing,medium,muddy,3,grass,1,1,0,0.0,0.0,6.58,7.47,7.99,9.15,1.96,59.5,60.5,60.8,170,-43.6382,172.7528,12,50,1,0,10,0,Alongshore,Alongshore,Alongshore,26.0,0.0
2307,Purau Bay Beach,2018-12-17 11:00:00,Lyttelton,0.0,0.0,0.0,0.0,0.0,0.0,incoming,medium,muddy,3,grass,1,1,0,0.0,0.0,6.62,5.78,6.37,0.63,2.05,81.6,73.6,69.4,170,-43.6382,172.7528,12,51,0,0,11,0,Alongshore,Alongshore,Alongshore,22.8,0.0
2308,Purau Bay Beach,2018-12-28 10:00:00,Lyttelton,0.0,0.0,0.0,0.0,0.0,0.2,ebbing,medium,muddy,3,grass,1,1,0,0.0,0.0,5.57,7.47,9.24,11.22,2.26,75.9,68.6,66.9,170,-43.6382,172.7528,12,52,4,0,10,1,Alongshore,Alongshore,Alongshore,22.8,0.0
2309,Purau Bay Beach,2019-01-09 09:00:00,Lyttelton,0.0,0.0,0.0,0.0,0.0,6.2,ebbing,medium,muddy,3,grass,1,1,0,0.0,0.0,8.87,10.08,9.64,9.77,1.95,61.8,64.7,61.0,170,-43.6382,172.7528,1,2,2,0,9,0,Alongshore,Alongshore,Alongshore,42.4,0.0
2310,Purau Bay Beach,2019-01-15 10:00:00,Lyttelton,0.0,0.0,0.0,1.0,14.2,14.2,incoming,medium,muddy,3,grass,1,1,0,5.2,11.0,6.72,6.51,6.6,1.17,2.03,222.7,228.2,238.7,170,-43.6382,172.7528,1,3,1,0,10,0,Alongshore,Alongshore,Alongshore,42.4,0.0
2311,Purau Bay Beach,2019-01-24 09:00:00,Lyttelton,0.0,0.0,0.0,3.0,3.2,3.2,ebbing,medium,muddy,3,grass,1,1,0,1.8,5.0,6.24,3.97,3.11,10.43,2.37,227.4,238.2,236.8,170,-43.6382,172.7528,1,4,3,0,9,0,Alongshore,Alongshore,Alongshore,35.8,0.0
2312,Purau Bay Beach,2019-01-28 10:00:00,Lyttelton,0.0,0.0,0.0,0.0,0.0,0.0,incoming,medium,muddy,3,grass,1,1,0,0.0,0.0,1.27,1.56,3.0,0.15,2.31,290.9,290.4,35.6,170,-43.6382,172.7528,1,5,0,0,10,0,Alongshore,Alongshore,Alongshore,51.0,0.0
2313,Purau Bay Beach,2019-02-14 09:00:00,Lyttelton,0.0,0.0,0.0,0.0,0.0,0.0,incoming,medium,muddy,3,grass,1,1,0,0.0,0.0,8.02,7.81,8.46,2.02,2.03,77.2,69.4,67.2,170,-43.6382,172.7528,2,7,3,0,9,0,Alongshore,Alongshore,Alongshore,51.0,0.0
2314,Purau Bay Beach,2019-02-18 13:00:00,Lyttelton,0.0,0.0,0.0,0.0,0.0,0.0,incoming,medium,muddy,3,grass,1,1,0,0.0,0.0,1.25,3.95,7.03,2.6,2.28,87.6,87.4,74.8,170,-43.6382,172.7528,2,8,0,0,13,0,Alongshore,Alongshore,Alongshore,31.4,0.0
2315,Purau Bay Beach,2019-02-28 13:00:00,Lyttelton,0.0,0.0,0.2,3.0,3.0,3.0,ebbing,medium,muddy,3,grass,1,1,0,0.8,6.0,11.42,10.45,10.36,11.6,2.18,231.5,228.8,229.7,170,-43.6382,172.7528,2,9,3,0,13,0,Alongshore,Alongshore,Alongshore,33.4,0.0
2316,Purau Bay Beach,2019-11-18 11:00:00,Lyttelton,0.0,0.0,0.0,0.0,0.0,0.0,ebbing,medium,muddy,3,grass,1,1,0,0.0,0.0,3.11,4.95,4.4,9.85,2.01,239.2,252.1,263.4,170,-43.6382,172.7528,11,47,0,0,11,0,Alongshore,Alongshore,Alongshore,,0.0
2317,Purau Bay Beach,2019-12-03 12:00:00,Lyttelton,0.0,0.0,0.0,0.0,0.0,0.0,ebbing,medium,muddy,3,grass,1,1,0,0.0,0.0,7.1,8.06,7.54,10.55,1.95,82.5,77.3,75.7,170,-43.6382,172.7528,12,49,1,0,12,0,Alongshore,Alongshore,Alongshore,10.0,0.0
2318,Purau Bay Beach,2019-12-10 13:00:00,Lyttelton,0.0,0.0,0.0,0.0,0.0,0.0,incoming,medium,muddy,3,grass,1,1,0,0.0,0.0,4.7,7.06,7.51,2.07,2.01,87.6,89.2,82.8,170,-43.6382,172.7528,12,50,1,0,13,0,Alongshore,Alongshore,Alongshore,66.0,0.0
2319,Purau Bay Beach,2019-12-18 11:00:00,Lyttelton,1.2,3.6,13.4,18.0,22.8,22.8,ebbing,medium,muddy,3,grass,1,1,0,2.8,31.0,14.01,14.1,15.18,10.88,2.15,248.1,246.5,246.0,170,-43.6382,172.7528,12,51,2,0,11,0,Alongshore,Alongshore,Alongshore,47.333333333333336,0.0
2320,Purau Bay Beach,2019-12-30 09:00:00,Lyttelton,0.0,0.0,0.0,0.0,0.0,0.0,ebbing,medium,muddy,3,grass,1,1,0,0.0,0.0,0.49,0.93,3.8,11.02,2.01,100.2,124.2,273.2,170,-43.6382,172.7528,12,1,0,0,9,1,Alongshore,Alongshore,Alongshore,38.0,0.0
2321,Purau Bay Beach,2020-01-07 12:00:00,Lyttelton,0.4,0.4,0.4,0.4,0.4,0.6,incoming,medium,muddy,3,grass,1,1,0,0.4,1.0,12.86,11.54,9.81,1.42,1.96,231.4,232.0,234.8,170,-43.6382,172.7528,1,2,1,0,12,0,Alongshore,Alongshore,Alongshore,32.4,0.0
2322,Purau Bay Beach,2020-01-15 10:00:00,Lyttelton,0.0,0.0,0.0,0.0,1.0,1.0,ebbing,medium,muddy,3,grass,1,1,0,0.4,4.0,0.8,0.64,1.92,9.98,2.25,102.0,116.9,91.5,170,-43.6382,172.7528,1,3,2,0,10,0,Alongshore,Alongshore,Alongshore,32.4,0.0
2323,Purau Bay Beach,2020-01-21 11:00:00,Lyttelton,0.0,0.0,0.0,0.0,0.2,0.2,incoming,medium,muddy,3,grass,1,1,0,0.2,1.0,3.53,4.34,4.69,2.42,2.13,83.7,74.6,67.5,170,-43.6382,172.7528,1,4,1,0,11,0,Alongshore,Alongshore,Alongshore,10.0,0.0
2324,Purau Bay Beach,2020-01-28 10:00:00,Lyttelton,0.2,0.2,0.2,0.2,0.2,0.2,ebbing,medium,muddy,3,grass,1,1,0,0.2,1.0,6.72,6.8,7.75,9.7,2.01,252.8,265.7,268.4,170,-43.6382,172.7528,1,5,1,0,10,0,Alongshore,Alongshore,Alongshore,10.0,0.0
2325,Purau Bay Beach,2020-02-05 11:00:00,Lyttelton,0.0,0.0,4.0,6.0,6.0,6.0,incoming,medium,muddy,3,grass,1,1,0,1.8,9.0,8.81,4.95,4.57,1.58,1.94,245.3,251.1,247.8,170,-43.6382,172.7528,2,6,2,0,11,1,Alongshore,Alongshore,Alongshore,10.0,0.0
2326,Purau Bay Beach,2020-02-11 08:00:00,Lyttelton,0.0,0.0,0.0,0.0,0.0,0.8,ebbing,medium,muddy,3,grass,1,1,0,0.0,0.0,1.92,2.88,3.13,10.0,2.34,271.3,270.9,274.6,170,-43.6382,172.7528,2,7,1,0,8,0,Alongshore,Alongshore,Alongshore,10.0,0.0
2327,Purau Bay Beach,2020-02-19 12:00:00,Lyttelton,0.0,0.0,0.0,0.0,0.0,0.0,incoming,medium,muddy,3,grass,1,1,0,0.0,0.0,0.38,1.11,4.13,1.53,2.04,91.0,95.3,141.8,170,-43.6382,172.7528,2,8,2,0,12,0,Alongshore,Alongshore,Offshore,14.0,0.0
2328,Purau Bay Beach,2020-02-26 10:00:00,Lyttelton,0.0,0.0,0.0,0.0,0.0,0.0,ebbing,medium,muddy,3,grass,1,1,0,0.0,0.0,6.37,6.52,8.03,8.78,2.03,86.4,82.0,75.3,170,-43.6382,172.7528,2,9,2,0,10,0,Alongshore,Alongshore,Alongshore,14.0,0.0
2329,Purau Bay Beach,2020-03-04 13:00:00,Lyttelton,0.0,0.0,0.0,1.2,1.2,1.2,ebbing,medium,muddy,3,grass,1,1,0,0.8,3.0,4.85,7.38,8.33,11.2,2.12,233.2,234.7,240.6,170,-43.6382,172.7528,3,10,2,0,13,0,Alongshore,Alongshore,Alongshore,14.0,0.0
2330,Purau Bay Beach,2020-03-18 11:00:00,Lyttelton,0.0,0.0,0.0,0.0,0.0,0.0,incoming,medium,muddy,3,grass,1,1,0,0.0,0.0,0.61,1.66,4.15,1.33,2.03,88.4,91.8,86.6,170,-43.6382,172.7528,3,12,2,0,11,0,Alongshore,Alongshore,Alongshore,14.0,0.0
2331,Purau Bay Beach,2020-11-10 10:00:00,Lyttelton,0.0,0.0,0.0,0.0,0.9,20.0,incoming,medium,muddy,3,grass,1,1,0,0.6,2.0,2.56,2.69,2.37,1.7,2.27,274.5,273.4,276.7,170,-43.6382,172.7528,11,46,1,0,10,0,Alongshore,Alongshore,Alongshore,,0.0
2332,Purau Bay Beach,2020-11-23 10:00:00,Lyttelton,0.0,0.0,0.0,0.4,7.0,7.0,incoming,medium,muddy,3,grass,1,1,0,3.2,10.0,2.37,0.74,1.24,1.32,2.25,223.6,214.0,246.3,170,-43.6382,172.7528,11,48,0,0,10,0,Alongshore,Offshore,Alongshore,10.0,0.0
2333,Purau Bay Beach,2020-12-03 09:00:00,Lyttelton,0.0,0.0,0.0,0.0,0.0,2.6,ebbing,medium,muddy,3,grass,1,1,0,0.0,0.0,5.02,4.74,7.69,9.92,1.89,248.5,250.5,259.7,170,-43.6382,172.7528,12,49,3,0,9,0,Alongshore,Alongshore,Alongshore,10.0,0.0
2334,Purau Bay Beach,2020-12-10 12:00:00,Lyttelton,0.0,0.0,0.0,0.0,0.0,0.0,ebbing,medium,muddy,3,grass,1,1,0,0.0,0.0,5.32,7.02,7.58,12.52,2.26,260.9,262.9,264.4,170,-43.6382,172.7528,12,50,3,0,12,0,Alongshore,Alongshore,Alongshore,13.333333333333334,0.0
2335,Purau Bay Beach,2020-12-17 09:00:00,Lyttelton,0.0,0.0,0.0,0.0,0.0,0.0,ebbing,medium,muddy,3,grass,1,1,0,0.0,0.0,1.92,1.76,3.66,10.07,2.19,229.2,226.4,86.0,170,-43.6382,172.7528,12,51,3,0,9,0,Alongshore,Alongshore,Alongshore,12.5,0.0
2336,Purau Bay Beach,2020-12-22 09:00:00,Lyttelton,0.6,2.4,2.6,8.4,13.0,13.0,incoming,medium,muddy,3,grass,1,1,0,1.8,19.0,6.62,6.2,6.05,1.85,2.2,86.6,79.2,73.0,170,-43.6382,172.7528,12,52,1,0,9,1,Alongshore,Alongshore,Alongshore,12.0,0.0
2337,Purau Bay Beach,2020-12-29 16:00:00,Lyttelton,0.0,0.0,0.0,0.0,0.0,6.8,incoming,medium,muddy,3,grass,1,1,0,0.0,0.0,4.86,7.79,9.47,0.1,1.92,85.7,86.5,87.1,170,-43.6382,172.7528,12,53,1,0,16,1,Alongshore,Alongshore,Alongshore,12.0,0.0
2338,Purau Bay Beach,2021-01-11 12:00:00,Lyttelton,0.0,0.0,0.0,0.0,0.2,0.2,incoming,medium,muddy,3,grass,1,1,0,0.2,1.0,1.66,1.32,3.3,2.82,2.21,65.7,29.1,289.4,170,-43.6382,172.7528,1,2,0,0,12,0,Alongshore,Onshore,Alongshore,12.0,0.0
2339,Purau Bay Beach,2021-01-19 11:00:00,Lyttelton,0.0,0.0,0.0,0.0,1.0,1.2,ebbing,medium,muddy,3,grass,1,1,0,0.8,2.0,2.55,6.54,9.71,10.87,2.02,73.4,64.9,44.3,170,-43.6382,172.7528,1,3,1,0,11,0,Alongshore,Alongshore,Alongshore,10.0,0.0
2340,Purau Bay Beach,2021-01-26 12:00:00,Lyttelton,0.0,0.0,0.0,0.0,0.0,0.0,incoming,medium,muddy,3,grass,1,1,0,0.0,0.0,5.68,5.99,5.3,2.67,1.89,83.2,78.6,69.1,170,-43.6382,172.7528,1,4,1,0,12,0,Alongshore,Alongshore,Alongshore,10.0,0.0
2341,Purau Bay Beach,2021-02-03 11:00:00,Lyttelton,0.0,0.0,0.0,0.0,0.0,0.0,ebbing,medium,muddy,3,grass,1,1,0,0.0,0.0,6.33,5.99,5.52,10.63,2.23,87.7,84.1,75.1,170,-43.6382,172.7528,2,5,2,0,11,1,Alongshore,Alongshore,Alongshore,10.0,0.0
2342,Purau Bay Beach,2021-02-10 13:00:00,Lyttelton,0.0,2.0,4.4,8.6,9.0,9.0,incoming,medium,muddy,3,grass,1,1,0,2.6,12.0,5.97,4.12,2.72,2.8,2.11,232.1,242.2,257.4,170,-43.6382,172.7528,2,6,2,0,13,0,Alongshore,Alongshore,Alongshore,14.2,0.0
2343,Purau Bay Beach,2021-02-17 11:00:00,Lyttelton,0.0,0.0,0.0,0.0,0.0,0.0,ebbing,medium,muddy,3,grass,1,1,0,0.0,0.0,1.12,1.34,0.81,10.42,2.03,267.3,267.0,270.6,170,-43.6382,172.7528,2,7,2,0,11,0,Alongshore,Alongshore,Alongshore,14.2,0.0
2344,Purau Bay Beach,2021-02-26 13:00:00,Lyttelton,0.0,0.0,0.0,0.0,0.0,0.0,incoming,medium,muddy,3,grass,1,1,0,0.0,0.0,4.6,5.11,5.33,2.5,2.05,76.2,82.8,71.5,170,-43.6382,172.7528,2,8,4,0,13,0,Alongshore,Alongshore,Alongshore,14.2,0.0
2345,Purau Bay Beach,2021-03-03 07:00:00,Lyttelton,0.0,0.0,0.0,0.0,0.4,0.4,incoming,medium,muddy,3,grass,1,1,0,0.2,2.0,3.5,2.55,3.51,0.2,2.44,78.3,72.8,60.4,170,-43.6382,172.7528,3,9,2,0,7,0,Alongshore,Alongshore,Alongshore,14.2,0.0
2346,Purau Bay Beach,2021-11-26 09:00:00,Lyttelton,0.0,0.0,0.0,0.0,0.0,0.2,incoming,medium,muddy,3,grass,1,1,0,0.0,0.0,0.27,0.13,1.01,0.77,2.11,227.4,171.0,348.0,170,-43.6382,172.7528,11,47,4,0,9,0,Alongshore,Offshore,Onshore,,0.0
2347,Purau Bay Beach,2021-11-29 14:00:00,Lyttelton,0.0,0.2,0.2,1.8,19.8,19.8,ebbing,medium,muddy,3,grass,1,1,0,2.6,25.0,4.29,5.62,7.37,10.37,2.03,92.0,96.0,86.1,170,-43.6382,172.7528,11,48,0,0,14,0,Alongshore,Alongshore,Alongshore,556.0,0.5
2348,Purau Bay Beach,2021-12-02 12:00:00,Lyttelton,0.2,0.4,0.6,0.6,0.6,0.6,incoming,medium,muddy,3,grass,1,1,0,0.2,3.0,6.97,7.41,7.97,1.82,2.3,75.3,73.3,70.1,170,-43.6382,172.7528,12,48,3,0,12,0,Alongshore,Alongshore,Alongshore,283.0,0.3333333333333333
2349,Purau Bay Beach,2021-12-09 08:00:00,Lyttelton,0.0,0.0,0.0,0.0,3.0,8.6,incoming,medium,muddy,3,grass,1,1,0,1.2,5.0,0.98,2.83,1.74,0.92,2.54,251.6,277.0,318.1,170,-43.6382,172.7528,12,49,3,0,8,0,Alongshore,Alongshore,Onshore,206.0,0.25
2350,Purau Bay Beach,2021-12-16 13:00:00,Lyttelton,2.6,5.8,15.0,66.4,85.8,85.8,incoming,medium,muddy,3,grass,1,1,0,11.8,29.0,12.06,11.97,12.21,1.48,2.01,253.6,255.9,256.5,170,-43.6382,172.7528,12,50,3,0,13,0,Alongshore,Alongshore,Alongshore,157.0,0.2
2351,Purau Bay Beach,2021-12-20 10:00:00,Lyttelton,0.0,0.0,0.0,0.0,0.2,16.4,ebbing,medium,muddy,3,grass,1,1,0,0.2,1.0,0.35,0.86,0.35,7.08,1.89,214.8,243.1,251.4,170,-43.6382,172.7528,12,51,0,0,10,1,Offshore,Alongshore,Alongshore,262.2,0.3333333333333333
2352,Purau Bay Beach,2021-12-23 06:00:00,Lyttelton,0.0,0.0,0.0,0.0,0.0,0.0,incoming,medium,muddy,3,grass,1,1,0,0.0,0.0,2.75,2.48,5.11,1.05,2.19,36.7,12.4,24.2,170,-43.6382,172.7528,12,51,3,0,6,1,Alongshore,Onshore,Onshore,157.2,0.2857142857142857
2353,Purau Bay Beach,2021-12-30 12:00:00,Lyttelton,0.0,0.0,0.0,1.4,3.2,14.2,incoming,medium,muddy,3,grass,1,1,0,0.8,8.0,1.72,0.88,2.61,1.12,2.21,234.8,192.8,68.8,170,-43.6382,172.7528,12,52,3,0,12,1,Alongshore,Offshore,Alongshore,167.8,0.25
2354,Purau Bay Beach,2022-01-07 11:00:00,Lyttelton,0.0,0.0,0.0,0.0,0.4,0.4,ebbing,medium,muddy,3,grass,1,1,0,0.2,2.0,7.65,8.12,8.66,9.57,2.18,241.9,238.6,237.3,170,-43.6382,172.7528,1,1,4,0,11,0,Alongshore,Alongshore,Alongshore,161.4,0.2222222222222222
2355,Purau Bay Beach,2022-01-12 12:00:00,Lyttelton,0.0,0.0,0.0,0.0,0.0,0.0,incoming,medium,muddy,3,grass,1,1,0,0.0,0.0,0.39,0.51,3.06,0.7,2.02,71.5,178.9,227.9,170,-43.6382,172.7528,1,2,2,0,12,0,Alongshore,Offshore,Alongshore,161.4,0.2
2356,Purau Bay Beach,2022-01-14 13:00:00,Lyttelton,0.0,0.0,0.0,0.0,0.6,0.6,incoming,medium,muddy,3,grass,1,1,0,0.4,2.0,1.16,1.27,1.05,1.33,1.92,181.4,219.9,258.4,170,-43.6382,172.7528,1,2,4,0,13,0,Offshore,Alongshore,Alongshore,201.2,0.2727272727272727
2357,Purau Bay Beach,2022-02-01 15:00:00,Lyttelton,0.0,0.0,0.0,0.0,0.0,,incoming,medium,muddy,3,grass,1,1,0,0.0,0.0,2.97,2.7,3.36,1.47,2.24,174.4,129.8,77.2,170,-43.6382,172.7528,2,5,1,0,15,1,Offshore,Offshore,Alongshore,197.0,0.25
2358,Purau Bay Beach,2022-02-10 11:00:00,Lyttelton,0.8,4.8,37.4,65.2,66.0,66.3,incoming,medium,muddy,3,grass,1,1,0,11.2,19.0,5.68,1.68,1.44,1.15,1.94,270.7,71.4,71.9,170,-43.6382,172.7528,2,6,3,0,11,0,Alongshore,Alongshore,Alongshore,186.4,0.23076923076923078
2359,Purau Bay Beach,2022-02-15 17:00:00,Lyttelton,0.0,0.0,0.0,0.0,0.4,34.2,ebbing,medium,muddy,3,grass,1,1,0,0.2,2.0,6.91,8.4,9.14,10.72,2.23,85.0,84.0,83.6,170,-43.6382,172.7528,2,7,1,0,17,0,Alongshore,Alongshore,Alongshore,359.2,0.2857142857142857
2360,Purau Bay Beach,2022-02-18 10:00:00,Lyttelton,0.0,0.0,0.0,0.0,0.0,0.0,ebbing,medium,muddy,3,grass,1,1,0,0.0,0.0,3.07,0.93,1.41,7.97,2.01,105.5,77.4,62.0,170,-43.6382,172.7528,2,7,4,0,10,0,Alongshore,Alongshore,Alongshore,421.6,0.3333333333333333
2361,Purau Bay Beach,2022-02-23 09:00:00,Lyttelton,0.0,0.0,0.6,0.6,0.6,0.6,incoming,medium,muddy,3,grass,1,1,0,0.2,3.0,3.49,3.16,2.93,0.72,2.17,273.3,283.0,269.0,170,-43.6382,172.7528,2,8,2,0,9,0,Alongshore,Alongshore,Alongshore,249.2,0.3125
2362,Purau Bay Beach,2022-03-09 08:00:00,Lyttelton,0.0,0.0,0.0,0.0,0.0,0.0,incoming,medium,muddy,3,grass,1,1,0,0.0,0.0,1.88,4.31,5.02,1.07,2.02,284.5,281.2,297.8,170,-43.6382,172.7528,3,10,2,0,8,0,Alongshore,Alongshore,Alongshore,251.2,0.29411764705882354
2363,Purau Bay Beach,2022-11-21 13:00:00,Lyttelton,0.0,0.0,0.0,0.0,6.6,55.2,incoming,medium,muddy,3,grass,1,1,0,2.8,6.0,3.41,6.51,7.25,0.82,2.13,88.5,92.0,90.4,170,-43.6382,172.7528,11,47,0,0,13,0,Alongshore,Alongshore,Alongshore,,0.0
2364,Purau Bay Beach,2022-12-01 13:00:00,Lyttelton,0.0,0.0,0.0,0.0,0.0,0.0,ebbing,medium,muddy,3,grass,1,1,0,0.0,0.0,7.13,5.82,4.84,10.22,2.14,262.9,246.9,243.2,170,-43.6382,172.7528,12,48,3,0,13,0,Alongshore,Alongshore,Alongshore,107.0,0.0
2365,Purau Bay Beach,2022-12-07 17:00:00,Lyttelton,0.0,0.0,0.0,0.0,0.0,0.0,ebbing,medium,muddy,3,grass,1,1,0,0.0,0.0,5.33,8.98,9.34,11.27,2.26,88.5,88.2,83.8,170,-43.6382,172.7528,12,49,2,0,17,0,Alongshore,Alongshore,Alongshore,63.5,0.0
2366,Purau Bay Beach,2022-12-14 12:00:00,Lyttelton,0.0,0.0,0.0,0.0,0.0,1.8,ebbing,medium,muddy,3,grass,1,1,0,0.0,0.0,1.81,3.82,4.54,9.37,1.81,79.4,81.4,76.3,170,-43.6382,172.7528,12,50,2,0,12,0,Alongshore,Alongshore,Alongshore,45.666666666666664,0.0
2367,Purau Bay Beach,2022-12-20 12:00:00,Lyttelton,0.0,0.2,1.0,1.0,13.8,35.4,incoming,medium,muddy,3,grass,1,1,0,2.8,18.0,1.55,1.61,3.88,1.48,2.1,64.9,78.3,72.4,170,-43.6382,172.7528,12,51,1,0,12,1,Alongshore,Alongshore,Alongshore,36.75,0.0
2368,Purau Bay Beach,2022-12-29 08:00:00,Lyttelton,0.0,0.0,0.0,0.0,1.0,1.0,incoming,medium,muddy,3,grass,1,1,0,0.8,2.0,6.48,4.42,3.96,1.28,2.49,70.3,65.0,69.7,170,-43.6382,172.7528,12,52,3,0,8,1,Alongshore,Alongshore,Alongshore,33.4,0.0
2369,Purau Bay Beach,2023-01-10 10:00:00,Lyttelton,0.0,0.0,0.0,0.0,0.0,0.0,ebbing,medium,muddy,3,grass,1,1,0,0.0,0.0,8.76,8.81,10.16,9.57,1.87,84.0,76.0,74.0,170,-43.6382,172.7528,1,2,1,0,10,0,Alongshore,Alongshore,Alongshore,20.2,0.0
2370,Purau Bay Beach,2023-01-18 12:00:00,Lyttelton,0.0,0.0,0.0,0.0,0.0,0.0,incoming,medium,muddy,3,grass,1,1,0,0.0,0.0,2.05,5.24,7.61,0.8,2.07,91.7,81.9,81.0,170,-43.6382,172.7528,1,3,2,0,12,0,Alongshore,Alongshore,Alongshore,18.2,0.0
2371,Purau Bay Beach,2023-01-27 11:00:00,Lyttelton,0.0,0.0,0.0,0.0,0.0,0.6,ebbing,medium,muddy,3,grass,1,1,0,0.0,0.0,0.32,0.63,1.53,10.23,2.24,79.0,90.8,101.1,170,-43.6382,172.7528,1,4,4,0,11,0,Alongshore,Alongshore,Alongshore,26.6,0.0
2372,Purau Bay Beach,2023-02-01 13:00:00,Lyttelton,0.0,0.0,0.0,0.0,0.0,0.0,incoming,medium,muddy,3,grass,1,1,0,0.0,0.0,9.07,9.73,10.63,0.6,1.93,92.6,87.7,82.8,170,-43.6382,172.7528,2,5,2,0,13,1,Alongshore,Alongshore,Alongshore,26.6,0.0
2373,Purau Bay Beach,2023-02-10 11:00:00,Lyttelton,2.2,2.4,2.4,3.2,10.6,10.6,ebbing,medium,muddy,3,grass,1,1,0,5.0,7.0,5.25,7.33,8.65,9.12,1.94,71.1,74.2,70.2,170,-43.6382,172.7528,2,6,4,0,11,0,Alongshore,Alongshore,Alongshore,24.6,0.0
2374,Purau Bay Beach,2023-02-15 11:00:00,Lyttelton,5.2,10.4,11.0,11.0,11.0,11.0,incoming,medium,muddy,3,grass,1,1,0,2.2,9.0,11.41,13.78,14.53,0.23,2.02,236.4,241.6,246.6,170,-43.6382,172.7528,2,7,2,0,11,0,Alongshore,Alongshore,Alongshore,18.4,0.0
2375,Purau Bay Beach,2023-02-16 12:00:00,Lyttelton,0.2,0.4,1.6,11.2,23.2,23.2,incoming,medium,muddy,3,grass,1,1,0,2.2,28.0,11.1,9.83,10.19,0.8,2.05,224.9,227.0,232.7,170,-43.6382,172.7528,2,7,3,0,12,0,Alongshore,Alongshore,Alongshore,668.4,0.07692307692307693
2376,Purau Bay Beach,2023-02-17 15:00:00,Lyttelton,0.0,0.0,0.0,0.0,7.8,23.2,ebbing,medium,muddy,3,grass,1,1,0,1.4,15.0,7.33,6.76,6.42,10.92,2.46,252.4,243.9,243.6,170,-43.6382,172.7528,2,7,4,0,15,0,Alongshore,Alongshore,Alongshore,675.2,0.07142857142857142
2377,Purau Bay Beach,2023-02-18 17:00:00,Lyttelton,0.0,0.0,0.0,0.0,0.0,5.6,ebbing,medium,muddy,3,grass,1,1,0,0.0,0.0,6.09,9.27,10.13,10.4,2.55,88.3,88.5,89.4,170,-43.6382,172.7528,2,7,5,1,17,0,Alongshore,Alongshore,Alongshore,675.2,0.06666666666666667
2378,Purau Bay Beach,2023-02-23 09:00:00,Lyttelton,0.6,0.6,1.6,14.0,14.0,14.0,ebbing,medium,muddy,3,grass,1,1,0,3.4,15.0,5.34,5.15,5.94,9.82,2.35,257.9,259.0,260.8,170,-43.6382,172.7528,2,8,3,0,9,0,Alongshore,Alongshore,Alongshore,677.2,0.0625
2379,Purau Bay Beach,2023-03-01 10:00:00,Lyttelton,0.0,0.0,0.0,0.0,0.0,1.8,incoming,medium,muddy,3,grass,1,1,0,0.0,0.0,6.07,7.76,9.09,1.63,1.91,86.2,79.1,74.4,170,-43.6382,172.7528,3,9,2,0,10,0,Alongshore,Alongshore,Alongshore,683.4,0.058823529411764705
2380,Purau Bay Beach,2023-03-06 13:00:00,Lyttelton,0.0,0.0,0.0,4.6,22.8,22.8,incoming,medium,muddy,3,grass,1,1,0,4.0,16.0,2.37,1.99,0.77,3.07,1.93,226.8,273.7,282.3,170,-43.6382,172.7528,3,10,0,0,13,0,Alongshore,Alongshore,Alongshore,33.4,0.05555555555555555
2381,Purau Bay Beach,2023-06-01 12:00:00,Lyttelton,0.0,0.0,0.0,0.0,0.0,0.0,incoming,medium,muddy,3,grass,1,1,0,0.0,0.0,0.41,0.58,0.88,2.18,2.08,61.2,57.4,267.6,170,-43.6382,172.7528,6,22,3,0,12,1,Alongshore,Alongshore,Alongshore,18.2,0.05263157894736842
2382,Purau Bay Beach,2023-06-19 15:00:00,Lyttelton,0.2,0.4,1.6,3.4,7.2,19.8,incoming,medium,muddy,3,grass,1,1,0,1.2,17.0,10.97,10.63,10.96,2.93,2.3,78.3,78.3,76.7,170,-43.6382,172.7528,6,25,0,0,15,0,Alongshore,Alongshore,Alongshore,18.2,0.05
2383,Purau Bay Beach,2023-07-06 10:00:00,Lyttelton,0.0,0.0,0.0,0.0,0.0,1.6,ebbing,medium,muddy,3,grass,1,1,0,0.0,0.0,4.89,6.38,7.06,8.97,2.62,254.7,268.7,272.6,170,-43.6382,172.7528,7,27,3,0,10,0,Alongshore,Alongshore,Alongshore,24.6,0.047619047619047616
2384,Purau Bay Beach,2023-07-10 12:00:00,Lyttelton,0.2,0.2,0.4,33.6,69.8,70.6,ebbing,medium,muddy,3,grass,1,1,0,13.2,32.0,5.59,5.31,5.57,10.9,2.33,86.4,82.6,79.7,170,-43.6382,172.7528,7,28,0,0,12,0,Alongshore,Alongshore,Alongshore,18.4,0.045454545454545456
2385,Purau Bay Beach,2023-07-12 14:00:00,Lyttelton,0.0,0.0,0.0,0.0,0.2,31.0,ebbing,medium,muddy,3,grass,1,1,0,0.2,1.0,5.62,10.34,9.68,10.82,2.12,237.3,239.5,242.9,170,-43.6382,172.7528,7,28,2,0,14,0,Alongshore,Alongshore,Alongshore,139.0,0.08695652173913043
2386,Purau Bay Beach,2023-08-08 11:00:00,Lyttelton,0.0,0.0,0.0,0.0,0.0,0.0,ebbing,medium,muddy,3,grass,1,1,0,0.0,0.0,4.82,3.58,3.94,10.95,2.24,261.9,274.3,266.9,170,-43.6382,172.7528,8,32,1,0,11,0,Alongshore,Alongshore,Alongshore,153.8,0.08333333333333333
2387,Purau Bay Beach,2023-11-04 12:00:00,Lyttelton,0.0,0.0,0.0,8.4,8.4,8.4,ebbing,medium,muddy,3,grass,1,1,0,3.6,7.0,0.57,5.81,8.12,9.38,1.91,89.5,89.8,126.3,170,-43.6382,172.7528,11,44,5,1,12,0,Alongshore,Alongshore,Offshore,,0.0
2388,Purau Bay Beach,2023-11-06 11:00:00,Lyttelton,0.0,0.0,0.2,3.2,15.8,24.2,incoming,medium,muddy,3,grass,1,1,0,7.6,8.0,4.79,4.6,4.72,0.52,2.14,249.1,258.7,259.8,170,-43.6382,172.7528,11,45,0,0,11,0,Alongshore,Alongshore,Alongshore,10.0,0.0
2389,Purau Bay Beach,2023-11-15 09:00:00,Lyttelton,0.0,0.0,0.0,0.0,0.0,0.0,ebbing,medium,muddy,3,grass,1,1,0,0.0,0.0,1.2,6.39,9.15,8.48,2.01,70.8,66.7,13.5,170,-43.6382,172.7528,11,46,2,0,9,0,Alongshore,Alongshore,Onshore,10.0,0.0
2390,Purau Bay Beach,2023-11-22 10:00:00,Lyttelton,0.0,0.0,0.6,0.6,0.8,10.0,incoming,medium,muddy,3,grass,1,1,0,0.4,3.0,9.63,9.89,10.16,1.98,2.36,85.3,83.4,82.9,170,-43.6382,172.7528,11,47,2,0,10,0,Alongshore,Alongshore,Alongshore,10.0,0.0
2391,Purau Bay Beach,2023-11-24 12:00:00,Lyttelton,0.8,6.8,9.8,10.0,10.0,10.6,incoming,medium,muddy,3,grass,1,1,0,3.6,10.0,8.28,13.38,13.9,1.57,2.31,226.7,228.2,238.1,170,-43.6382,172.7528,11,47,4,0,12,0,Alongshore,Alongshore,Alongshore,10.0,0.0
2392,Purau Bay Beach,2023-11-27 13:00:00,Lyttelton,0.0,0.0,0.0,0.0,0.0,1.0,incoming,medium,muddy,3,grass,1,1,0,0.0,0.0,5.49,9.06,10.24,2.9,2.18,89.4,89.4,85.6,170,-43.6382,172.7528,11,48,0,0,13,0,Alongshore,Alongshore,Alongshore,14.2,0.0
2393,Purau Bay Beach,2023-12-04 11:00:00,Lyttelton,1.0,6.4,12.0,12.6,12.6,12.6,ebbing,medium,muddy,3,grass,1,1,0,2.2,12.0,2.6,2.1,2.08,10.93,1.87,288.3,271.6,284.2,170,-43.6382,172.7528,12,49,0,0,11,0,Alongshore,Alongshore,Alongshore,14.2,0.0
2394,Purau Bay Beach,2023-12-11 13:00:00,Lyttelton,0.0,0.0,0.0,0.0,10.4,10.4,incoming,medium,muddy,3,grass,1,1,0,5.6,3.0,7.43,8.44,9.57,1.87,1.99,90.3,89.8,78.4,170,-43.6382,172.7528,12,50,0,0,13,0,Alongshore,Alongshore,Alongshore,14.2,0.0
2395,Purau Bay Beach,2023-12-18 11:00:00,Lyttelton,0.0,0.0,0.0,2.6,2.6,2.6,ebbing,medium,muddy,3,grass,1,1,0,2.0,3.0,0.41,3.29,6.55,10.47,2.14,87.4,93.5,3.6,170,-43.6382,172.7528,12,51,0,0,11,0,Alongshore,Alongshore,Onshore,14.2,0.0
2396,Purau Bay Beach,2023-12-21 10:00:00,Lyttelton,0.0,0.0,0.0,0.0,0.0,0.0,incoming,medium,muddy,3,grass,1,1,0,0.0,0.0,3.04,3.02,4.69,1.7,2.32,284.2,277.6,272.5,170,-43.6382,172.7528,12,51,3,0,10,1,Alongshore,Alongshore,Alongshore,18.4,0.0
2397,Purau Bay Beach,2023-12-28 08:00:00,Lyttelton,0.0,0.0,0.0,0.0,4.6,4.6,ebbing,medium,muddy,3,grass,1,1,0,3.2,4.0,6.39,7.36,7.88,9.45,1.99,72.6,68.6,69.3,170,-43.6382,172.7528,12,52,3,0,8,1,Alongshore,Alongshore,Alongshore,14.2,0.0
2398,Purau Bay Beach,2023-12-29 08:00:00,Lyttelton,1.6,3.4,3.4,3.4,3.4,8.0,ebbing,medium,muddy,3,grass,1,1,0,1.8,2.0,7.54,8.51,10.11,10.7,1.97,79.3,79.8,79.6,170,-43.6382,172.7528,12,52,4,0,8,1,Alongshore,Alongshore,Alongshore,14.2,0.0
2399,Purau Bay Beach,2024-01-03 11:00:00,Lyttelton,0.0,0.0,1.4,1.4,1.4,10.8,ebbing,medium,muddy,3,grass,1,1,0,0.8,3.0,5.83,7.06,8.43,11.15,1.88,88.3,83.8,75.8,170,-43.6382,172.7528,1,1,2,0,11,1,Alongshore,Alongshore,Alongshore,24.6,0.0
2400,Purau Bay Beach,2024-01-04 10:00:00,Lyttelton,0.0,0.0,0.0,0.0,1.4,1.4,incoming,medium,muddy,3,grass,1,1,0,0.8,3.0,0.41,0.91,0.85,0.77,2.02,180.1,245.6,307.3,170,-43.6382,172.7528,1,1,3,0,10,1,Offshore,Alongshore,Onshore,24.6,0.0
2401,Purau Bay Beach,2024-01-08 12:00:00,Lyttelton,0.0,0.0,0.0,0.0,0.0,0.8,incoming,medium,muddy,3,grass,1,1,0,0.0,0.0,8.76,10.88,10.7,1.52,1.94,91.0,89.2,83.1,170,-43.6382,172.7528,1,2,0,0,12,0,Alongshore,Alongshore,Alongshore,20.4,0.0
2402,Purau Bay Beach,2024-01-12 06:00:00,Lyttelton,0.0,0.0,0.0,0.0,0.0,0.0,ebbing,medium,muddy,3,grass,1,1,0,0.0,0.0,3.29,2.05,4.56,10.95,2.14,52.2,40.6,283.7,170,-43.6382,172.7528,1,2,4,0,6,0,Alongshore,Alongshore,Alongshore,20.4,0.0
2403,Purau Bay Beach,2024-01-16 10:00:00,Lyttelton,0.0,0.0,0.0,4.4,22.4,22.4,ebbing,medium,muddy,3,grass,1,1,0,8.6,6.0,4.31,4.42,4.53,10.73,2.26,67.9,72.9,65.5,170,-43.6382,172.7528,1,3,1,0,10,0,Alongshore,Alongshore,Alongshore,24.6,0.0
2404,Purau Bay Beach,2024-01-18 09:00:00,Lyttelton,0.0,0.0,0.0,0.0,0.0,13.0,incoming,medium,muddy,3,grass,1,1,0,0.0,0.0,3.64,0.83,1.77,1.07,2.35,51.9,293.2,267.2,170,-43.6382,172.7528,1,3,3,0,9,0,Alongshore,Alongshore,Alongshore,14.2,0.0
2405,Purau Bay Beach,2024-01-25 14:00:00,Lyttelton,0.0,0.0,0.0,0.0,1.8,1.8,incoming,medium,muddy,3,grass,1,1,0,0.4,6.0,7.94,9.88,12.15,2.35,1.95,86.0,85.5,79.1,170,-43.6382,172.7528,1,4,3,0,14,0,Alongshore,Alongshore,Alongshore,18.4,0.0
2406,Purau Bay Beach,2024-01-26 07:00:00,Lyttelton,0.0,0.0,0.0,0.0,0.0,1.8,ebbing,medium,muddy,3,grass,1,1,0,0.0,0.0,11.19,9.61,9.23,9.8,1.96,65.6,64.6,70.1,170,-43.6382,172.7528,1,4,4,0,7,0,Alongshore,Alongshore,Alongshore,18.4,0.0
2407,Purau Bay Beach,2024-01-31 07:00:00,Lyttelton,0.0,0.0,0.0,0.0,0.0,0.0,incoming,medium,muddy,3,grass,1,1,0,0.0,0.0,3.06,1.68,0.4,1.38,2.11,44.1,266.1,255.8,170,-43.6382,172.7528,1,5,2,0,7,1,Alongshore,Alongshore,Alongshore,20.4,0.0
2408,Purau Bay Beach,2024-02-07 08:00:00,Lyttelton,0.0,0.0,0.0,0.0,0.0,0.0,ebbing,medium,muddy,3,grass,1,1,0,0.0,0.0,5.8,8.56,8.24,6.18,1.99,263.1,263.5,265.6,170,-43.6382,172.7528,2,6,2,0,8,1,Alongshore,Alongshore,Alongshore,20.4,0.0
2409,Purau Bay Beach,2024-02-07 12:00:00,Lyttelton,0.0,0.0,0.0,0.0,0.0,0.0,incoming,medium,muddy,3,grass,1,1,0,0.0,0.0,8.35,8.77,9.24,1.52,1.99,258.5,258.9,263.1,170,-43.6382,172.7528,2,6,2,0,12,1,Alongshore,Alongshore,Alongshore,20.4,0.0
2410,Purau Bay Beach,2024-02-09 14:00:00,Lyttelton,0.0,0.0,0.0,0.4,0.6,0.6,incoming,medium,muddy,3,grass,1,1,0,0.4,2.0,5.09,9.55,10.66,2.02,2.17,85.9,85.8,87.9,170,-43.6382,172.7528,2,6,4,0,14,1,Alongshore,Alongshore,Alongshore,16.2,0.0
2411,Purau Bay Beach,2024-02-11 16:00:00,Lyttelton,0.2,0.6,2.6,13.6,13.6,14.0,incoming,medium,muddy,3,grass,1,1,0,4.0,15.0,9.76,9.63,9.78,1.58,2.32,233.2,232.5,236.8,170,-43.6382,172.7528,2,6,6,1,16,0,Alongshore,Alongshore,Alongshore,16.2,0.0
2412,Purau Bay Beach,2024-02-13 08:00:00,Lyttelton,0.0,0.2,0.2,0.2,1.4,13.8,ebbing,medium,muddy,3,grass,1,1,0,0.4,5.0,5.59,7.0,7.96,11.35,2.37,71.2,68.2,66.9,170,-43.6382,172.7528,2,7,1,0,8,0,Alongshore,Alongshore,Alongshore,14.2,0.0
2413,Purau Bay Beach,2024-02-15 08:00:00,Lyttelton,0.0,0.0,0.0,0.0,0.0,0.2,incoming,medium,muddy,3,grass,1,1,0,0.0,0.0,1.91,2.13,4.13,1.23,2.4,84.8,100.6,249.8,170,-43.6382,172.7528,2,7,3,0,8,0,Alongshore,Alongshore,Alongshore,10.0,0.0
2414,Purau Bay Beach,2024-02-19 11:00:00,Lyttelton,0.0,0.0,0.0,0.0,0.0,0.0,incoming,medium,muddy,3,grass,1,1,0,0.0,0.0,0.59,3.05,6.15,1.27,1.97,269.4,268.4,284.0,170,-43.6382,172.7528,2,8,0,0,11,0,Alongshore,Alongshore,Alongshore,12.0,0.0
2415,Purau Bay Beach,2024-02-20 12:00:00,Lyttelton,0.0,0.0,4.0,4.4,4.4,4.4,incoming,medium,muddy,3,grass,1,1,0,1.4,6.0,9.45,10.04,9.78,1.15,1.93,239.9,238.0,243.1,170,-43.6382,172.7528,2,8,1,0,12,0,Alongshore,Alongshore,Alongshore,12.0,0.0
2416,Purau Bay Beach,2024-02-22 13:00:00,Lyttelton,0.0,0.0,0.0,0.0,0.0,4.4,incoming,medium,muddy,3,grass,1,1,0,0.0,0.0,7.77,9.83,10.13,2.03,1.93,92.3,89.8,84.2,170,-43.6382,172.7528,2,8,3,0,13,0,Alongshore,Alongshore,Alongshore,12.0,0.0
2417,Purau Bay Beach,2024-02-29 09:00:00,Lyttelton,0.0,0.0,0.0,0.0,1.8,1.8,ebbing,medium,muddy,3,grass,1,1,0,1.0,3.0,4.71,4.06,3.2,10.97,1.96,241.7,263.4,270.0,170,-43.6382,172.7528,2,9,3,0,9,0,Alongshore,Alongshore,Alongshore,12.0,0.0
2418,Purau Bay Beach,2024-03-01 08:00:00,Lyttelton,0.0,0.0,0.0,0.0,0.0,1.8,incoming,medium,muddy,3,grass,1,1,0,0.0,0.0,8.67,8.95,9.31,0.12,1.97,77.1,74.1,71.9,170,-43.6382,172.7528,3,9,4,0,8,0,Alongshore,Alongshore,Alongshore,14.0,0.0
2419,Purau Bay Beach,2024-03-04 10:00:00,Lyttelton,0.0,0.0,0.0,0.0,0.0,0.0,incoming,medium,muddy,3,grass,1,1,0,0.0,0.0,4.24,5.25,2.95,1.2,1.87,350.1,59.0,46.9,170,-43.6382,172.7528,3,10,0,0,10,0,Onshore,Alongshore,Alongshore,12.0,0.0
2420,Purau Bay Beach,2024-03-08 15:00:00,Lyttelton,0.0,0.0,0.0,0.0,0.0,0.0,ebbing,medium,muddy,3,grass,1,1,0,0.0,0.0,1.73,7.11,9.27,11.77,2.51,90.0,86.9,98.0,170,-43.6382,172.7528,3,10,4,0,15,0,Alongshore,Alongshore,Alongshore,16.0,0.0
2421,Purau Bay Beach,2024-03-13 08:00:00,Lyttelton,0.0,0.0,0.0,0.2,4.6,4.8,ebbing,medium,muddy,3,grass,1,1,0,1.0,9.0,4.56,8.77,8.18,10.88,2.45,241.0,248.3,246.5,170,-43.6382,172.7528,3,11,2,0,8,0,Alongshore,Alongshore,Alongshore,16.0,0.0
2422,Purau Bay Beach,2024-03-14 08:00:00,Lyttelton,0.0,0.0,0.0,0.0,0.2,4.6,ebbing,medium,muddy,3,grass,1,1,0,0.2,1.0,6.93,8.25,8.61,12.4,2.41,67.6,67.8,64.6,170,-43.6382,172.7528,3,11,3,0,8,0,Alongshore,Alongshore,Alongshore,33.6,0.0
2423,Purau Bay Beach,2024-03-19 11:00:00,Lyttelton,0.0,0.0,0.2,3.2,4.4,4.4,incoming,medium,muddy,3,grass,1,1,0,2.4,5.0,6.0,6.36,6.44,1.22,1.92,229.5,231.6,235.0,170,-43.6382,172.7528,3,12,1,0,11,0,Alongshore,Alongshore,Alongshore,31.6,0.0
2424,Purau Bay Beach,2024-03-22 13:00:00,Lyttelton,0.0,0.0,0.0,0.0,0.0,0.0,incoming,medium,muddy,3,grass,1,1,0,0.0,0.0,6.29,9.32,10.59,2.15,1.93,254.7,260.8,262.8,170,-43.6382,172.7528,3,12,4,0,13,0,Alongshore,Alongshore,Alongshore,31.6,0.0
2425,Purau Bay Beach,2024-03-28 08:00:00,Lyttelton,0.0,0.0,0.0,1.6,1.6,1.6,ebbing,medium,muddy,3,grass,1,1,0,1.2,2.0,3.75,2.6,1.23,11.38,2.04,108.5,99.6,75.9,170,-43.6382,172.7528,3,13,3,0,8,0,Alongshore,Alongshore,Alongshore,27.6,0.0
2426,Purau Bay Beach,2024-03-28 09:00:00,Lyttelton,0.0,0.0,0.0,1.6,1.6,1.6,ebbing,medium,muddy,3,grass,1,1,0,1.2,2.0,3.51,2.15,1.89,10.02,2.04,158.1,135.0,84.0,170,-43.6382,172.7528,3,13,3,0,9,0,Offshore,Offshore,Alongshore,51.6,0.0
2427,Purau Bay Beach,2024-04-12 09:00:00,Lyttelton,1.4,4.4,17.2,18.2,18.2,18.2,ebbing,medium,muddy,3,grass,1,1,0,6.8,12.0,10.5,14.36,14.05,10.83,2.44,258.0,257.5,260.5,170,-43.6382,172.7528,4,15,4,0,9,0,Alongshore,Alongshore,Alongshore,34.0,0.0
2428,Purau Bay Beach,2024-04-14 11:00:00,Lyttelton,0.0,0.0,0.0,0.0,0.8,19.2,ebbing,medium,muddy,3,grass,1,1,0,0.4,3.0,4.85,3.72,2.86,10.75,2.31,277.4,277.7,269.3,170,-43.6382,172.7528,4,15,6,1,11,1,Alongshore,Alongshore,Alongshore,106.6,0.023809523809523808
2429,Purau Bay Beach,2024-05-02 12:00:00,Lyttelton,0.0,0.0,0.2,1.0,2.8,2.8,ebbing,medium,muddy,3,grass,1,1,0,1.4,6.0,5.35,4.01,4.3,11.7,2.32,252.6,260.9,256.6,170,-43.6382,172.7528,5,18,3,0,12,0,Alongshore,Alongshore,Alongshore,106.6,0.023255813953488372
2430,Purau Bay Beach,2024-05-21 14:00:00,Lyttelton,0.2,12.8,20.0,20.4,20.8,21.2,incoming,medium,muddy,3,grass,1,1,0,4.6,13.0,1.23,3.4,5.05,0.77,2.05,77.4,71.4,339.4,170,-43.6382,172.7528,5,21,1,0,14,0,Alongshore,Alongshore,Onshore,251.2,0.045454545454545456
2431,Purau Bay Beach,2024-06-15 13:00:00,Lyttelton,0.0,0.2,2.6,21.6,24.4,24.6,ebbing,medium,muddy,3,grass,1,1,0,4.4,25.0,3.48,0.54,0.92,11.12,2.04,258.1,219.6,261.8,170,-43.6382,172.7528,6,24,5,1,13,0,Alongshore,Alongshore,Alongshore,229.2,0.044444444444444446
2432,Purau Bay Beach,2024-07-03 12:00:00,Lyttelton,1.6,3.4,4.8,9.2,23.8,23.8,incoming,medium,muddy,3,grass,1,1,0,2.4,28.0,12.86,12.63,12.51,2.63,2.34,249.5,246.7,247.3,170,-43.6382,172.7528,7,27,2,0,12,0,Alongshore,Alongshore,Alongshore,296.2,0.06521739130434782
2433,Purau Bay Beach,2024-07-16 14:00:00,Lyttelton,0.0,0.0,0.8,12.4,18.2,22.2,ebbing,medium,muddy,3,grass,1,1,0,5.8,17.0,4.06,3.39,3.06,10.42,1.88,280.4,279.8,283.3,170,-43.6382,172.7528,7,29,1,0,14,0,Alongshore,Alongshore,Alongshore,232.0,0.06382978723404255
2434,Purau Bay Beach,2024-08-18 13:00:00,Lyttelton,2.2,9.0,15.4,16.2,16.2,16.2,incoming,medium,muddy,3,grass,1,1,0,3.6,13.0,6.9,9.87,9.36,1.65,2.39,250.9,251.4,253.8,170,-43.6382,172.7528,8,33,6,1,13,0,Alongshore,Alongshore,Alongshore,249.4,0.0625
2435,Purau Bay Beach,2024-09-17 13:00:00,Lyttelton,0.0,0.8,13.8,13.8,15.4,15.4,incoming,medium,muddy,3,grass,1,1,0,3.6,10.0,11.33,10.76,12.73,2.42,2.51,239.9,244.9,243.6,170,-43.6382,172.7528,9,38,1,0,13,0,Alongshore,Alongshore,Alongshore,226.8,0.08163265306122448
2436,Rapaki Bay Beach,2013-11-12 10:00:00,Lyttelton,0.0,0.0,0.0,0.0,0.0,0.0,incoming,medium,muddy,6,grass,1,0,0,0.0,0.0,2.47,3.17,3.54,1.73,2.37,219.5,218.4,225.7,20,-43.6074,172.684,11,46,1,0,10,0,Onshore,Onshore,Onshore,,0.0
2437,Rapaki Bay Beach,2013-11-25 09:00:00,Lyttelton,0.0,0.0,0.0,0.0,0.0,0.8,incoming,medium,muddy,6,grass,1,0,0,0.0,0.0,2.61,5.48,6.84,1.02,2.09,220.0,218.2,209.4,20,-43.6074,172.684,11,48,0,0,9,0,Onshore,Onshore,Onshore,10.0,0.0
2438,Rapaki Bay Beach,2013-12-02 15:00:00,Lyttelton,0.0,0.0,0.0,0.0,0.0,0.0,ebbing,medium,muddy,6,grass,1,0,0,0.0,0.0,4.17,5.12,5.83,12.53,2.5,70.4,70.8,62.5,20,-43.6074,172.684,12,49,0,0,15,0,Alongshore,Alongshore,Offshore,20.5,0.0
2439,Rapaki Bay Beach,2013-12-09 09:00:00,Lyttelton,0.0,0.0,0.0,1.6,1.6,1.6,incoming,medium,muddy,6,grass,1,0,0,0.8,3.0,6.13,5.08,4.73,0.73,2.5,210.6,217.9,217.7,20,-43.6074,172.684,12,50,0,0,9,0,Onshore,Onshore,Onshore,17.0,0.0
2440,Rapaki Bay Beach,2013-12-16 16:00:00,Lyttelton,0.0,0.0,0.0,0.0,0.0,0.0,ebbing,medium,muddy,6,grass,1,0,0,0.0,0.0,1.18,0.92,4.06,12.0,2.28,60.1,144.1,164.2,20,-43.6074,172.684,12,51,0,0,16,0,Offshore,Alongshore,Onshore,15.25,0.0
2441,Rapaki Bay Beach,2013-12-22 08:00:00,Lyttelton,0.0,1.6,1.8,1.8,1.8,2.0,ebbing,medium,muddy,6,grass,1,0,0,0.8,3.0,4.85,2.27,1.52,12.28,1.91,211.5,226.0,213.4,20,-43.6074,172.684,12,51,6,1,8,1,Onshore,Onshore,Onshore,14.2,0.0
2442,Rapaki Bay Beach,2014-01-06 09:00:00,Lyttelton,0.0,0.0,0.0,0.4,0.4,0.4,ebbing,medium,muddy,6,grass,1,0,0,0.4,1.0,3.26,2.84,3.24,12.13,2.34,171.2,177.0,264.3,20,-43.6074,172.684,1,2,0,0,9,0,Onshore,Onshore,Alongshore,14.2,0.0
2443,Rapaki Bay Beach,2014-01-13 15:00:00,Lyttelton,0.0,0.0,0.0,0.0,0.0,0.0,ebbing,medium,muddy,6,grass,1,0,0,0.0,0.0,2.37,0.62,3.37,12.23,2.22,47.5,187.8,206.9,20,-43.6074,172.684,1,3,0,0,15,0,Offshore,Onshore,Onshore,10.0,0.0
2444,Rapaki Bay Beach,2014-01-20 08:00:00,Lyttelton,0.0,0.0,0.0,0.0,0.0,0.0,ebbing,medium,muddy,6,grass,1,0,0,0.0,0.0,2.08,3.27,4.28,11.72,1.95,31.2,33.7,358.3,20,-43.6074,172.684,1,4,0,0,8,0,Offshore,Offshore,Offshore,10.0,0.0
2445,Rapaki Bay Beach,2014-01-28 13:00:00,Lyttelton,0.0,0.0,0.0,0.0,3.4,3.4,incoming,medium,muddy,6,grass,1,0,0,1.0,9.0,0.63,1.82,2.22,0.63,2.21,91.5,103.1,101.7,20,-43.6074,172.684,1,5,1,0,13,0,Alongshore,Alongshore,Alongshore,10.0,0.0
2446,Rapaki Bay Beach,2014-02-03 08:00:00,Lyttelton,0.0,0.0,0.0,0.0,0.2,0.6,ebbing,medium,muddy,6,grass,1,0,0,0.2,1.0,1.37,1.23,2.5,11.67,2.41,62.0,41.5,33.2,20,-43.6074,172.684,2,6,0,0,8,1,Offshore,Offshore,Offshore,10.0,0.0
2447,Rapaki Bay Beach,2014-02-10 15:00:00,Lyttelton,0.0,0.0,0.0,0.0,0.0,0.0,ebbing,medium,muddy,6,grass,1,0,0,0.0,0.0,2.65,1.42,4.61,11.12,2.17,67.6,95.5,173.9,20,-43.6074,172.684,2,7,0,0,15,0,Alongshore,Alongshore,Onshore,10.0,0.0
2448,Rapaki Bay Beach,2014-02-17 07:00:00,Lyttelton,0.0,0.0,0.0,0.0,0.0,0.2,ebbing,medium,muddy,6,grass,1,0,0,0.0,0.0,6.46,6.54,7.01,11.75,2.02,62.8,57.6,50.2,20,-43.6074,172.684,2,8,0,0,7,0,Offshore,Offshore,Offshore,10.0,0.0
2449,Rapaki Bay Beach,2014-02-24 10:00:00,Lyttelton,0.0,0.0,0.0,2.0,9.2,9.2,incoming,medium,muddy,6,grass,1,0,0,5.6,6.0,2.26,3.96,6.55,1.2,2.1,50.8,43.5,28.0,20,-43.6074,172.684,2,9,0,0,10,0,Offshore,Offshore,Offshore,10.0,0.0
2450,Rapaki Bay Beach,2014-11-18 14:00:00,Lyttelton,0.0,0.0,0.0,0.0,0.0,0.0,ebbing,medium,muddy,6,grass,1,0,0,0.0,0.0,2.44,2.31,5.94,12.08,2.02,61.6,97.8,259.4,20,-43.6074,172.684,11,47,1,0,14,0,Offshore,Alongshore,Alongshore,,0.0
2451,Rapaki Bay Beach,2014-11-24 17:00:00,Lyttelton,0.0,0.0,0.0,0.0,0.6,0.6,incoming,medium,muddy,6,grass,1,0,0,0.6,1.0,4.71,8.59,8.45,1.15,2.15,55.3,53.5,54.7,20,-43.6074,172.684,11,48,0,0,17,0,Offshore,Offshore,Offshore,10.0,0.0
2452,Rapaki Bay Beach,2014-12-08 18:00:00,Lyttelton,0.0,0.0,0.0,0.0,0.0,0.0,incoming,medium,muddy,6,grass,1,0,0,0.0,0.0,4.87,5.78,6.15,0.13,2.12,57.2,55.0,54.5,20,-43.6074,172.684,12,50,0,0,18,0,Offshore,Offshore,Offshore,10.0,0.0
2453,Rapaki Bay Beach,2014-12-15 12:00:00,Lyttelton,0.0,0.0,0.0,0.0,0.0,1.0,ebbing,medium,muddy,6,grass,1,0,0,0.0,0.0,3.93,4.64,5.16,11.6,1.94,66.3,62.0,53.2,20,-43.6074,172.684,12,51,0,0,12,0,Alongshore,Offshore,Offshore,10.0,0.0
2454,Rapaki Bay Beach,2014-12-22 16:00:00,Lyttelton,0.0,0.0,0.0,7.4,7.4,7.8,incoming,medium,muddy,6,grass,1,0,0,3.4,7.0,4.4,5.9,7.7,0.37,2.18,55.3,59.7,54.7,20,-43.6074,172.684,12,52,0,0,16,1,Offshore,Offshore,Offshore,10.0,0.0
2455,Rapaki Bay Beach,2014-12-29 10:00:00,Lyttelton,0.0,0.0,0.0,0.0,1.4,1.4,incoming,medium,muddy,6,grass,1,0,0,1.4,1.0,3.51,5.23,6.14,0.25,2.4,62.7,55.3,39.7,20,-43.6074,172.684,12,1,0,0,10,1,Offshore,Offshore,Offshore,10.0,0.0
2456,Rapaki Bay Beach,2015-01-06 06:00:00,Lyttelton,0.0,0.0,0.0,0.0,0.0,0.0,ebbing,medium,muddy,6,grass,1,0,0,0.0,0.0,1.33,1.29,1.34,11.78,2.06,295.0,288.9,336.9,20,-43.6074,172.684,1,2,1,0,6,0,Alongshore,Alongshore,Offshore,10.0,0.0
2457,Rapaki Bay Beach,2015-01-12 10:00:00,Lyttelton,0.0,0.0,0.0,0.0,0.0,0.0,ebbing,medium,muddy,6,grass,1,0,0,0.0,0.0,3.97,2.42,1.64,12.53,1.94,276.6,247.5,235.4,20,-43.6074,172.684,1,3,0,0,10,0,Alongshore,Alongshore,Onshore,14.0,0.0
2458,Rapaki Bay Beach,2015-01-19 15:00:00,Lyttelton,0.0,0.0,0.0,0.0,0.0,0.0,ebbing,medium,muddy,6,grass,1,0,0,0.0,0.0,4.46,5.09,7.21,12.53,2.51,303.2,302.9,315.4,20,-43.6074,172.684,1,4,0,0,15,0,Alongshore,Alongshore,Alongshore,18.2,0.0
2459,Rapaki Bay Beach,2015-01-26 10:00:00,Lyttelton,0.0,0.0,0.0,0.0,0.0,0.0,ebbing,medium,muddy,6,grass,1,0,0,0.0,0.0,10.12,10.28,9.74,12.13,2.35,49.8,48.4,47.4,20,-43.6074,172.684,1,5,0,0,10,0,Offshore,Offshore,Offshore,18.2,0.0
2460,Rapaki Bay Beach,2015-02-02 15:00:00,Lyttelton,0.0,0.0,0.0,0.0,0.0,1.8,incoming,medium,muddy,6,grass,1,0,0,0.0,0.0,2.92,6.25,8.68,0.1,2.03,303.0,310.4,331.2,20,-43.6074,172.684,2,6,0,0,15,1,Alongshore,Alongshore,Alongshore,20.2,0.0
2461,Rapaki Bay Beach,2015-02-09 08:00:00,Lyttelton,0.0,0.0,0.0,0.0,0.0,0.0,ebbing,medium,muddy,6,grass,1,0,0,0.0,0.0,2.3,3.99,7.87,12.23,1.98,310.1,314.5,314.7,20,-43.6074,172.684,2,7,0,0,8,1,Alongshore,Alongshore,Alongshore,20.2,0.0
2462,Rapaki Bay Beach,2015-02-16 14:00:00,Lyttelton,0.0,0.0,0.0,0.0,0.0,0.0,incoming,medium,muddy,6,grass,1,0,0,0.0,0.0,2.26,3.62,4.59,0.1,2.16,62.5,66.8,52.7,20,-43.6074,172.684,2,8,0,0,14,0,Offshore,Alongshore,Offshore,16.2,0.0
2463,Rapaki Bay Beach,2015-02-23 08:00:00,Lyttelton,0.0,0.4,0.8,0.8,3.0,3.0,ebbing,medium,muddy,6,grass,1,0,0,1.6,6.0,2.54,1.93,1.63,11.92,2.45,231.8,211.5,215.8,20,-43.6074,172.684,2,9,0,0,8,0,Onshore,Onshore,Onshore,12.0,0.0
2464,Rapaki Bay Beach,2015-02-25 10:00:00,Lyttelton,0.0,0.0,0.0,0.0,0.0,0.8,incoming,medium,muddy,6,grass,1,0,0,0.0,0.0,0.67,0.73,1.33,0.17,2.3,214.3,245.1,289.4,20,-43.6074,172.684,2,9,2,0,10,0,Onshore,Alongshore,Alongshore,27.2,0.0
2465,Rapaki Bay Beach,2015-11-17 09:00:00,Lyttelton,0.0,0.0,0.0,0.0,0.0,0.0,ebbing,medium,muddy,6,grass,1,0,0,0.0,0.0,1.63,4.73,6.65,11.9,2.0,250.0,254.1,268.2,20,-43.6074,172.684,11,47,1,0,9,0,Alongshore,Alongshore,Alongshore,,0.0
2466,Rapaki Bay Beach,2015-11-23 14:00:00,Lyttelton,0.0,0.0,0.0,0.0,0.0,0.0,incoming,medium,muddy,6,grass,1,0,0,0.0,0.0,3.02,3.3,3.37,0.05,2.4,339.1,55.6,55.0,20,-43.6074,172.684,11,48,0,0,14,0,Offshore,Offshore,Offshore,10.0,0.0
2467,Rapaki Bay Beach,2015-11-30 08:00:00,Lyttelton,0.0,0.0,0.0,0.0,0.8,0.8,ebbing,medium,muddy,6,grass,1,0,0,0.4,2.0,8.01,7.75,7.48,12.1,2.16,72.3,71.6,66.6,20,-43.6074,172.684,11,49,0,0,8,0,Alongshore,Alongshore,Alongshore,10.0,0.0
2468,Rapaki Bay Beach,2015-12-10 15:00:00,Lyttelton,0.0,0.0,0.0,0.0,0.0,1.4,incoming,medium,muddy,6,grass,1,0,0,0.0,0.0,2.8,4.91,5.16,0.75,2.0,67.4,68.8,65.3,20,-43.6074,172.684,12,50,3,0,15,0,Alongshore,Alongshore,Alongshore,43.333333333333336,0.0
2469,Rapaki Bay Beach,2015-12-14 06:00:00,Lyttelton,0.2,0.2,0.2,8.2,8.2,8.2,incoming,medium,muddy,6,grass,1,0,0,4.6,5.0,0.64,0.64,0.7,0.4,2.34,327.9,328.8,304.7,20,-43.6074,172.684,12,51,0,0,6,0,Alongshore,Alongshore,Alongshore,35.0,0.0
2470,Rapaki Bay Beach,2015-12-23 14:00:00,Lyttelton,0.0,0.0,0.0,0.4,1.8,1.8,incoming,medium,muddy,6,grass,1,0,0,0.8,5.0,0.93,0.05,3.73,0.68,2.29,65.3,200.4,263.0,20,-43.6074,172.684,12,52,2,0,14,1,Alongshore,Onshore,Alongshore,30.0,0.0
2471,Rapaki Bay Beach,2016-01-05 12:00:00,Lyttelton,0.0,0.0,0.0,0.0,0.2,15.6,incoming,medium,muddy,6,grass,1,0,0,0.2,1.0,2.94,3.56,4.8,0.27,1.97,78.9,83.4,78.2,20,-43.6074,172.684,1,1,1,0,12,1,Alongshore,Alongshore,Alongshore,30.0,0.0
2472,Rapaki Bay Beach,2016-01-11 16:00:00,Lyttelton,0.0,0.0,0.0,0.0,0.0,0.0,incoming,medium,muddy,6,grass,1,0,0,0.0,0.0,8.25,11.67,12.74,1.27,2.13,78.0,78.4,73.3,20,-43.6074,172.684,1,2,0,0,16,0,Alongshore,Alongshore,Alongshore,32.0,0.0
2473,Rapaki Bay Beach,2016-01-18 11:00:00,Lyttelton,1.6,2.4,2.4,2.6,2.8,15.4,incoming,medium,muddy,6,grass,1,0,0,0.8,6.0,5.28,5.74,4.73,0.67,2.3,52.0,54.6,49.7,20,-43.6074,172.684,1,3,0,0,11,0,Offshore,Offshore,Offshore,12.0,0.0
2474,Rapaki Bay Beach,2016-01-25 17:00:00,Lyttelton,0.0,0.0,0.0,0.0,0.0,0.0,incoming,medium,muddy,6,grass,1,0,0,0.0,0.0,0.9,1.79,1.66,1.0,2.15,47.1,317.0,13.4,20,-43.6074,172.684,1,4,0,0,17,0,Offshore,Alongshore,Offshore,12.0,0.0
2475,Rapaki Bay Beach,2016-02-02 10:00:00,Lyttelton,0.0,0.0,0.0,0.0,0.0,0.0,incoming,medium,muddy,6,grass,1,0,0,0.0,0.0,1.23,0.35,1.01,0.8,1.94,80.2,114.6,263.6,20,-43.6074,172.684,2,5,1,0,10,1,Alongshore,Alongshore,Alongshore,20.2,0.0
2476,Rapaki Bay Beach,2016-02-09 16:00:00,Lyttelton,0.0,0.0,0.0,0.0,0.0,0.0,incoming,medium,muddy,6,grass,1,0,0,0.0,0.0,0.26,3.76,7.22,1.1,2.26,260.8,256.0,45.2,20,-43.6074,172.684,2,6,1,0,16,1,Alongshore,Alongshore,Offshore,28.4,0.0
2477,Rapaki Bay Beach,2016-02-15 10:00:00,Lyttelton,0.0,0.0,0.0,0.0,0.0,0.0,ebbing,medium,muddy,6,grass,1,0,0,0.0,0.0,0.64,0.32,1.8,12.22,2.36,78.6,53.9,17.0,20,-43.6074,172.684,2,7,0,0,10,0,Alongshore,Offshore,Offshore,41.6,0.0
2478,Rapaki Bay Beach,2016-02-22 15:00:00,Lyttelton,0.0,0.0,0.0,0.0,0.0,0.0,incoming,medium,muddy,6,grass,1,0,0,0.0,0.0,4.22,7.11,7.87,1.05,2.12,73.1,70.9,71.5,20,-43.6074,172.684,2,8,0,0,15,0,Alongshore,Alongshore,Alongshore,41.6,0.0
2479,Rapaki Bay Beach,2016-02-29 10:00:00,Lyttelton,0.0,0.0,0.0,0.0,0.0,0.0,ebbing,medium,muddy,6,grass,1,0,0,0.0,0.0,5.56,7.84,6.68,11.28,2.01,233.5,238.6,252.7,20,-43.6074,172.684,2,9,0,0,10,0,Onshore,Onshore,Alongshore,41.6,0.0
2480,Rapaki Bay Beach,2016-11-21 11:00:00,Lyttelton,0.0,0.0,0.0,0.0,0.0,0.0,ebbing,medium,muddy,6,grass,1,0,0,0.0,0.0,1.26,2.76,3.84,11.95,2.14,68.9,63.4,63.3,20,-43.6074,172.684,11,47,0,0,11,0,Alongshore,Offshore,Offshore,,0.0
2481,Rapaki Bay Beach,2016-11-28 15:00:00,Lyttelton,0.0,0.0,0.0,0.0,0.0,0.0,incoming,medium,muddy,6,grass,1,0,0,0.0,0.0,1.87,4.22,10.23,1.03,2.04,74.4,86.2,162.2,20,-43.6074,172.684,11,48,0,0,15,0,Alongshore,Alongshore,Onshore,10.0,0.0
2482,Rapaki Bay Beach,2016-12-05 08:00:00,Lyttelton,0.0,0.0,0.0,0.0,0.0,0.8,incoming,medium,muddy,6,grass,1,0,0,0.0,0.0,3.84,3.22,4.46,0.25,2.19,67.9,63.4,58.3,20,-43.6074,172.684,12,49,0,0,8,0,Alongshore,Offshore,Offshore,10.0,0.0
2483,Rapaki Bay Beach,2016-12-12 14:00:00,Lyttelton,0.2,1.0,5.6,6.2,9.2,9.2,incoming,medium,muddy,6,grass,1,0,0,2.2,15.0,7.35,10.75,13.08,0.43,2.38,217.8,228.2,232.9,20,-43.6074,172.684,12,50,0,0,14,0,Onshore,Onshore,Onshore,10.0,0.0
2484,Rapaki Bay Beach,2016-12-14 10:00:00,Lyttelton,0.0,0.0,0.0,0.0,3.0,8.4,ebbing,medium,muddy,6,grass,1,0,0,1.4,6.0,0.96,0.81,0.76,6.75,2.39,236.5,240.2,245.4,20,-43.6074,172.684,12,50,2,0,10,0,Onshore,Onshore,Alongshore,159.75,0.2
2485,Rapaki Bay Beach,2016-12-19 08:00:00,Lyttelton,0.0,0.0,0.0,0.0,0.0,0.0,incoming,medium,muddy,6,grass,1,0,0,0.0,0.0,1.05,2.26,6.71,0.37,2.47,59.7,55.1,337.2,20,-43.6074,172.684,12,51,0,0,8,0,Offshore,Offshore,Offshore,129.8,0.16666666666666666
2486,Rapaki Bay Beach,2016-12-28 14:00:00,Lyttelton,0.0,0.0,0.0,0.0,0.0,0.0,incoming,medium,muddy,6,grass,1,0,0,0.0,0.0,6.92,9.06,9.62,1.43,1.97,70.3,69.5,63.1,20,-43.6074,172.684,12,52,2,0,14,1,Alongshore,Alongshore,Offshore,129.8,0.14285714285714285
2487,Rapaki Bay Beach,2017-01-04 08:00:00,Lyttelton,0.0,0.0,0.4,1.2,1.2,1.2,incoming,medium,muddy,6,grass,1,0,0,0.4,5.0,4.85,3.44,0.73,0.48,2.28,320.0,264.4,255.7,20,-43.6074,172.684,1,1,2,0,8,1,Alongshore,Alongshore,Alongshore,129.8,0.125
2488,Rapaki Bay Beach,2017-01-09 14:00:00,Lyttelton,0.0,0.0,0.0,0.0,3.4,15.0,ebbing,medium,muddy,6,grass,1,0,0,1.4,8.0,0.94,5.65,7.72,11.67,2.46,71.9,67.5,354.2,20,-43.6074,172.684,1,2,0,0,14,0,Alongshore,Alongshore,Offshore,129.8,0.1111111111111111
2489,Rapaki Bay Beach,2017-01-16 08:00:00,Lyttelton,0.0,0.0,0.0,0.0,0.6,0.6,ebbing,medium,muddy,6,grass,1,0,0,0.6,1.0,0.92,4.59,6.42,11.83,2.22,70.1,55.7,323.0,20,-43.6074,172.684,1,3,0,0,8,0,Alongshore,Offshore,Alongshore,10.0,0.1
2490,Rapaki Bay Beach,2017-01-24 14:00:00,Lyttelton,0.0,0.0,0.0,0.0,4.8,13.4,ebbing,medium,muddy,6,grass,1,0,0,1.2,10.0,9.0,9.71,10.83,12.12,2.13,74.7,75.6,77.8,20,-43.6074,172.684,1,4,1,0,14,0,Alongshore,Alongshore,Alongshore,10.0,0.09090909090909091
2491,Rapaki Bay Beach,2017-01-30 07:00:00,Lyttelton,0.0,0.0,0.0,0.0,0.0,0.0,ebbing,medium,muddy,6,grass,1,0,0,0.0,0.0,0.46,3.84,6.0,11.33,2.09,60.0,66.5,33.8,20,-43.6074,172.684,1,5,0,0,7,0,Offshore,Alongshore,Offshore,10.0,0.08333333333333333
2492,Rapaki Bay Beach,2017-02-07 13:00:00,Lyttelton,0.0,0.0,0.0,0.3,0.3,0.3,ebbing,medium,muddy,6,grass,1,0,0,0.2,2.0,1.6,1.18,1.02,12.27,2.43,68.3,151.2,244.2,20,-43.6074,172.684,2,6,1,0,13,1,Alongshore,Alongshore,Onshore,10.0,0.07692307692307693
2493,Rapaki Bay Beach,2017-02-13 07:00:00,Lyttelton,0.0,0.0,0.0,0.0,0.0,0.0,ebbing,medium,muddy,6,grass,1,0,0,0.0,0.0,2.22,3.1,4.05,11.43,2.24,59.8,43.8,13.2,20,-43.6074,172.684,2,7,0,0,7,0,Offshore,Offshore,Offshore,10.0,0.07142857142857142
2494,Rapaki Bay Beach,2017-02-20 11:00:00,Lyttelton,0.0,0.0,0.0,0.0,0.8,2.8,incoming,medium,muddy,6,grass,1,0,0,0.2,4.0,8.91,8.0,8.12,0.85,1.93,67.3,71.1,70.6,20,-43.6074,172.684,2,8,0,0,11,0,Alongshore,Alongshore,Alongshore,10.0,0.06666666666666667
2495,Rapaki Bay Beach,2017-03-02 07:00:00,Lyttelton,0.0,0.0,0.0,0.0,0.0,0.0,ebbing,medium,muddy,6,grass,1,0,0,0.0,0.0,1.46,0.8,0.89,12.43,2.33,263.0,339.4,300.1,20,-43.6074,172.684,3,9,3,0,7,0,Alongshore,Offshore,Alongshore,10.0,0.0625
2496,Rapaki Bay Beach,2017-11-23 08:00:00,Lyttelton,0.0,0.0,0.0,0.0,0.0,0.0,ebbing,medium,muddy,6,grass,1,0,0,0.0,0.0,0.59,0.68,1.69,12.4,1.89,122.6,122.4,88.0,20,-43.6074,172.684,11,47,3,0,8,0,Alongshore,Alongshore,Alongshore,,0.0
2497,Rapaki Bay Beach,2017-11-29 12:00:00,Lyttelton,0.0,0.0,0.0,0.0,0.0,0.0,incoming,medium,muddy,6,grass,1,0,0,0.0,0.0,2.51,3.61,5.17,0.32,2.16,73.9,74.9,73.1,20,-43.6074,172.684,11,48,2,0,12,0,Alongshore,Alongshore,Alongshore,10.0,0.0
2498,Rapaki Bay Beach,2017-12-06 07:00:00,Lyttelton,0.0,0.0,0.0,0.0,0.0,0.0,ebbing,medium,muddy,6,grass,1,0,0,0.0,0.0,1.77,1.03,1.06,11.6,2.36,72.2,55.1,29.4,20,-43.6074,172.684,12,49,2,0,7,0,Alongshore,Offshore,Offshore,10.0,0.0
2499,Rapaki Bay Beach,2017-12-13 13:00:00,Lyttelton,0.0,0.0,1.2,1.2,1.2,1.2,incoming,medium,muddy,6,grass,1,0,0,0.6,2.0,7.4,9.31,10.23,0.18,2.2,69.5,64.9,58.5,20,-43.6074,172.684,12,50,2,0,13,0,Alongshore,Offshore,Offshore,10.0,0.0
2500,Rapaki Bay Beach,2017-12-20 07:00:00,Lyttelton,0.0,0.0,0.0,0.0,0.0,0.2,ebbing,medium,muddy,6,grass,1,0,0,0.0,0.0,13.14,14.29,13.06,11.33,1.95,227.5,227.5,228.5,20,-43.6074,172.684,12,51,2,0,7,1,Onshore,Onshore,Onshore,10.0,0.0
2501,Rapaki Bay Beach,2017-12-28 11:00:00,Lyttelton,0.0,0.0,0.0,0.2,3.8,5.4,incoming,medium,muddy,6,grass,1,0,0,1.0,8.0,3.78,3.82,4.74,0.85,2.17,219.6,232.2,228.3,20,-43.6074,172.684,12,52,3,0,11,1,Onshore,Onshore,Onshore,24.6,0.0
2502,Rapaki Bay Beach,2018-01-10 13:00:00,Lyttelton,1.6,2.0,3.0,3.0,3.0,3.0,ebbing,medium,muddy,6,grass,1,0,0,1.0,7.0,8.65,9.27,8.88,11.13,2.15,249.2,257.3,261.7,20,-43.6074,172.684,1,2,2,0,13,0,Alongshore,Alongshore,Alongshore,24.6,0.0
2503,Rapaki Bay Beach,2018-01-15 14:00:00,Lyttelton,0.0,0.0,0.0,0.0,0.0,0.2,incoming,medium,muddy,6,grass,1,0,0,0.0,0.0,9.46,12.16,12.17,1.45,1.96,73.5,71.4,67.7,20,-43.6074,172.684,1,3,0,0,14,0,Alongshore,Alongshore,Alongshore,57.6,0.0
2504,Rapaki Bay Beach,2018-01-24 11:00:00,Lyttelton,0.0,0.0,0.0,0.0,0.0,0.0,ebbing,medium,muddy,6,grass,1,0,0,0.0,0.0,0.85,0.17,0.43,10.87,2.07,336.6,103.7,273.0,20,-43.6074,172.684,1,4,2,0,11,0,Offshore,Alongshore,Alongshore,57.6,0.0
2505,Rapaki Bay Beach,2018-02-02 10:00:00,Lyttelton,0.4,1.0,2.2,2.2,2.2,2.2,ebbing,medium,muddy,6,grass,1,0,0,0.6,8.0,10.74,10.9,11.23,7.58,2.38,240.3,242.0,245.1,20,-43.6074,172.684,2,5,4,0,10,1,Onshore,Onshore,Alongshore,57.6,0.0
2506,Rapaki Bay Beach,2018-02-05 08:00:00,Lyttelton,0.0,0.0,0.0,0.0,1.2,1.6,incoming,medium,muddy,6,grass,1,0,0,0.6,3.0,3.05,1.54,0.95,0.68,2.46,9.9,52.6,308.4,20,-43.6074,172.684,2,6,0,0,8,1,Offshore,Offshore,Alongshore,150.0,0.09090909090909091
2507,Rapaki Bay Beach,2018-02-07 08:00:00,Lyttelton,0.0,0.4,0.4,0.4,0.4,0.4,incoming,medium,muddy,6,grass,1,0,0,0.4,1.0,2.11,1.98,1.95,2.43,2.23,72.4,70.6,48.2,20,-43.6074,172.684,2,6,2,0,8,1,Alongshore,Alongshore,Offshore,150.0,0.08333333333333333
2508,Rapaki Bay Beach,2018-02-14 14:00:00,Lyttelton,0.0,0.0,0.0,0.0,0.0,0.6,incoming,medium,muddy,6,grass,1,0,0,0.0,0.0,7.1,8.2,8.03,1.62,1.95,236.2,242.7,243.7,20,-43.6074,172.684,2,7,2,0,14,0,Onshore,Onshore,Onshore,117.0,0.07692307692307693
2509,Rapaki Bay Beach,2018-02-27 15:00:00,Lyttelton,0.0,0.0,0.0,0.0,3.4,3.4,ebbing,medium,muddy,6,grass,1,0,0,1.2,6.0,2.77,5.65,7.18,11.58,2.52,77.6,75.5,79.1,20,-43.6074,172.684,2,9,1,0,15,0,Alongshore,Alongshore,Alongshore,117.0,0.07142857142857142
2510,Rapaki Bay Beach,2018-03-14 14:00:00,Lyttelton,0.0,0.0,0.0,0.0,0.0,0.0,ebbing,medium,muddy,6,grass,1,0,0,0.0,0.0,2.98,5.76,7.75,12.32,2.17,78.9,81.9,78.9,20,-43.6074,172.684,3,11,2,0,14,0,Alongshore,Alongshore,Alongshore,117.0,0.06666666666666667
2511,Rapaki Bay Beach,2018-03-20 10:00:00,Lyttelton,0.0,0.0,0.0,0.0,0.0,0.0,ebbing,medium,muddy,6,grass,1,0,0,0.0,0.0,6.3,5.76,6.37,8.92,2.21,65.2,58.7,59.2,20,-43.6074,172.684,3,12,1,0,10,0,Alongshore,Offshore,Offshore,10.0,0.0625
2512,Rapaki Bay Beach,2018-11-13 10:00:00,Lyttelton,0.0,0.0,0.0,0.0,0.0,0.0,ebbing,medium,muddy,6,grass,1,0,0,0.0,0.0,3.86,5.03,7.05,11.0,1.95,252.7,253.7,255.1,20,-43.6074,172.684,11,46,1,0,10,0,Alongshore,Alongshore,Alongshore,,0.0
2513,Rapaki Bay Beach,2018-11-19 14:00:00,Lyttelton,0.0,0.2,0.2,1.2,1.2,1.2,ebbing,medium,muddy,6,grass,1,0,0,0.6,4.0,4.14,5.22,6.61,12.07,2.01,239.2,239.5,240.4,20,-43.6074,172.684,11,47,0,0,14,0,Onshore,Onshore,Onshore,10.0,0.0
2514,Rapaki Bay Beach,2018-11-29 10:00:00,Lyttelton,0.0,0.0,0.0,1.4,5.0,5.0,ebbing,medium,muddy,6,grass,1,0,0,1.6,12.0,6.43,6.39,6.5,11.77,2.19,78.4,73.4,76.8,20,-43.6074,172.684,11,48,3,0,10,0,Alongshore,Alongshore,Alongshore,53.5,0.0
2515,Rapaki Bay Beach,2018-12-03 14:00:00,Lyttelton,0.0,0.2,0.2,0.6,1.2,1.6,ebbing,medium,muddy,6,grass,1,0,0,0.2,6.0,10.03,10.27,10.58,11.5,2.26,69.0,66.8,66.0,20,-43.6074,172.684,12,49,0,0,14,0,Alongshore,Alongshore,Alongshore,49.333333333333336,0.0
2516,Rapaki Bay Beach,2018-12-11 08:00:00,Lyttelton,0.0,0.0,0.0,0.0,0.0,0.0,ebbing,medium,muddy,6,grass,1,0,0,0.0,0.0,5.96,6.46,7.01,11.7,1.96,62.2,59.4,59.3,20,-43.6074,172.684,12,50,1,0,8,0,Offshore,Offshore,Offshore,70.75,0.0
2517,Rapaki Bay Beach,2018-12-13 09:00:00,Lyttelton,0.0,0.0,0.0,0.0,7.0,7.0,ebbing,medium,muddy,6,grass,1,0,0,1.4,14.0,0.8,1.76,1.46,12.18,1.89,219.7,248.4,255.1,20,-43.6074,172.684,12,50,3,0,9,0,Onshore,Alongshore,Alongshore,96.0,0.0
2518,Rapaki Bay Beach,2018-12-17 13:00:00,Lyttelton,0.0,0.0,0.0,0.0,0.0,0.0,ebbing,medium,muddy,6,grass,1,0,0,0.0,0.0,6.65,6.82,8.39,11.62,1.97,80.3,80.6,71.8,20,-43.6074,172.684,12,51,0,0,13,0,Alongshore,Alongshore,Alongshore,96.0,0.0
2519,Rapaki Bay Beach,2018-12-28 08:00:00,Lyttelton,0.0,0.0,0.0,0.0,0.0,0.2,incoming,medium,muddy,6,grass,1,0,0,0.0,0.0,4.79,5.92,7.27,0.93,2.55,66.3,67.8,61.8,20,-43.6074,172.684,12,52,4,0,8,1,Alongshore,Alongshore,Offshore,78.6,0.0
2520,Rapaki Bay Beach,2019-01-09 07:00:00,Lyttelton,0.0,0.0,0.0,0.0,0.0,6.2,ebbing,medium,muddy,6,grass,1,0,0,0.0,0.0,8.56,9.67,10.07,11.67,1.95,63.2,63.8,59.5,20,-43.6074,172.684,1,2,2,0,7,0,Offshore,Offshore,Offshore,72.4,0.0
2521,Rapaki Bay Beach,2019-01-15 12:00:00,Lyttelton,0.0,0.0,0.0,0.0,14.2,14.2,ebbing,medium,muddy,6,grass,1,0,0,5.2,11.0,6.64,6.7,6.73,11.67,2.01,224.6,224.3,233.8,20,-43.6074,172.684,1,3,1,0,12,0,Onshore,Onshore,Onshore,47.4,0.0
2522,Rapaki Bay Beach,2019-01-24 07:00:00,Lyttelton,0.0,0.0,1.0,3.0,3.2,3.2,incoming,medium,muddy,6,grass,1,0,0,1.8,5.0,8.47,5.24,4.72,0.22,2.68,240.2,248.6,235.9,20,-43.6074,172.684,1,4,3,0,7,0,Onshore,Alongshore,Onshore,31.2,0.0
2523,Rapaki Bay Beach,2019-01-29 10:00:00,Lyttelton,0.0,0.0,0.0,0.0,0.0,0.0,incoming,medium,muddy,6,grass,1,0,0,0.0,0.0,7.0,8.29,10.01,1.03,2.2,74.9,69.6,56.8,20,-43.6074,172.684,1,5,1,0,10,0,Alongshore,Alongshore,Offshore,31.2,0.0
2524,Rapaki Bay Beach,2019-02-14 12:00:00,Lyttelton,0.0,0.0,0.0,0.0,0.0,0.0,ebbing,medium,muddy,6,grass,1,0,0,0.0,0.0,7.8,7.99,7.51,12.42,2.18,77.6,77.4,70.8,20,-43.6074,172.684,2,7,3,0,12,0,Alongshore,Alongshore,Alongshore,31.2,0.0
2525,Rapaki Bay Beach,2019-02-18 15:00:00,Lyttelton,0.0,0.0,0.0,0.0,0.0,0.0,incoming,medium,muddy,6,grass,1,0,0,0.0,0.0,2.7,6.79,8.26,0.22,2.28,83.1,84.6,82.2,20,-43.6074,172.684,2,8,0,0,15,0,Alongshore,Alongshore,Alongshore,31.2,0.0
2526,Rapaki Bay Beach,2019-02-28 11:00:00,Lyttelton,0.0,0.0,1.2,3.0,3.0,3.0,incoming,medium,muddy,6,grass,1,0,0,0.8,6.0,10.67,11.16,10.21,1.38,2.03,226.0,229.1,232.0,20,-43.6074,172.684,2,9,3,0,11,0,Onshore,Onshore,Onshore,31.2,0.0
2527,Rapaki Bay Beach,2019-11-18 09:00:00,Lyttelton,0.0,0.0,0.0,0.0,0.0,0.0,ebbing,medium,muddy,6,grass,1,0,0,0.0,0.0,2.88,3.54,4.71,12.1,2.01,245.2,258.1,264.8,20,-43.6074,172.684,11,47,0,0,9,0,Alongshore,Alongshore,Alongshore,,0.0
2528,Rapaki Bay Beach,2019-12-03 09:00:00,Lyttelton,0.0,0.0,0.0,0.0,0.0,0.0,incoming,medium,muddy,6,grass,1,0,0,0.0,0.0,6.01,7.97,8.64,0.42,2.24,72.7,73.7,71.2,20,-43.6074,172.684,12,49,1,0,9,0,Alongshore,Alongshore,Alongshore,40.0,0.0
2529,Rapaki Bay Beach,2019-12-10 15:00:00,Lyttelton,0.0,0.0,0.0,0.0,0.0,0.0,ebbing,medium,muddy,6,grass,1,0,0,0.0,0.0,6.15,8.01,8.67,12.45,2.16,89.8,88.8,85.8,20,-43.6074,172.684,12,50,1,0,15,0,Alongshore,Alongshore,Alongshore,46.0,0.0
2530,Rapaki Bay Beach,2019-12-18 09:00:00,Lyttelton,2.2,7.4,14.0,17.4,22.2,22.2,incoming,medium,muddy,6,grass,1,0,0,2.8,29.0,13.45,13.24,13.94,0.42,2.43,246.6,243.9,246.1,20,-43.6074,172.684,12,51,2,0,9,0,Alongshore,Onshore,Alongshore,34.0,0.0
2531,Rapaki Bay Beach,2019-12-20 11:00:00,Lyttelton,0.0,0.0,0.2,0.2,0.2,18.2,ebbing,medium,muddy,6,grass,1,0,0,0.2,1.0,6.09,8.96,10.69,12.33,2.23,248.1,260.5,271.8,20,-43.6074,172.684,12,51,4,0,11,1,Alongshore,Alongshore,Alongshore,1648.0,0.2
2532,Rapaki Bay Beach,2019-12-22 11:00:00,Lyttelton,0.0,0.0,0.0,0.0,1.4,1.6,incoming,medium,muddy,6,grass,1,0,0,1.0,3.0,8.44,8.93,9.61,1.72,2.29,80.3,79.0,76.7,20,-43.6074,172.684,12,51,6,1,11,1,Alongshore,Alongshore,Alongshore,1374.0,0.16666666666666666
2533,Rapaki Bay Beach,2019-12-30 07:00:00,Lyttelton,0.0,0.0,0.0,0.0,0.0,0.0,incoming,medium,muddy,6,grass,1,0,0,0.0,0.0,1.4,2.57,1.29,0.8,2.35,262.3,274.7,273.1,20,-43.6074,172.684,12,1,0,0,7,1,Alongshore,Alongshore,Alongshore,1368.0,0.14285714285714285
2534,Rapaki Bay Beach,2020-01-01 10:00:00,Lyttelton,0.0,0.0,0.0,0.0,0.0,0.0,ebbing,medium,muddy,6,grass,1,0,0,0.0,0.0,1.47,0.77,0.14,11.48,1.95,169.8,249.3,63.8,20,-43.6074,172.684,1,1,2,0,10,1,Onshore,Alongshore,Offshore,1397.4,0.125
2535,Rapaki Bay Beach,2020-01-07 14:00:00,Lyttelton,0.0,0.4,0.4,0.4,0.4,0.6,ebbing,medium,muddy,6,grass,1,0,0,0.4,1.0,12.56,10.33,10.23,12.0,2.12,228.0,229.0,232.9,20,-43.6074,172.684,1,2,1,0,14,0,Onshore,Onshore,Onshore,1397.4,0.1111111111111111
2536,Rapaki Bay Beach,2020-01-09 08:00:00,Lyttelton,0.0,0.0,0.0,0.0,0.4,0.4,ebbing,medium,muddy,6,grass,1,0,0,0.4,1.0,3.53,2.74,2.23,6.83,2.02,82.1,70.8,65.4,20,-43.6074,172.684,1,2,3,0,8,0,Alongshore,Alongshore,Alongshore,161.2,0.2
2537,Rapaki Bay Beach,2020-01-15 08:00:00,Lyttelton,0.0,0.0,0.0,0.0,1.0,1.0,ebbing,medium,muddy,6,grass,1,0,0,0.4,4.0,1.19,0.79,0.76,12.17,2.25,222.0,261.7,57.6,20,-43.6074,172.684,1,3,2,0,8,0,Onshore,Alongshore,Offshore,107.6,0.18181818181818182
2538,Rapaki Bay Beach,2020-01-21 13:00:00,Lyttelton,0.0,0.0,0.0,0.0,0.2,0.2,incoming,medium,muddy,6,grass,1,0,0,0.2,1.0,4.04,5.08,5.73,0.3,2.13,92.4,86.5,75.6,20,-43.6074,172.684,1,4,1,0,13,0,Alongshore,Alongshore,Alongshore,111.8,0.16666666666666666
2539,Rapaki Bay Beach,2020-01-28 08:00:00,Lyttelton,0.0,0.0,0.0,0.0,0.0,0.0,ebbing,medium,muddy,6,grass,1,0,0,0.0,0.0,6.07,6.33,7.1,11.73,2.01,269.4,272.0,274.0,20,-43.6074,172.684,1,5,1,0,8,0,Alongshore,Alongshore,Alongshore,74.0,0.15384615384615385
2540,Rapaki Bay Beach,2020-02-05 14:00:00,Lyttelton,0.0,0.0,0.4,6.0,6.0,6.0,ebbing,medium,muddy,6,grass,1,0,0,1.8,9.0,4.64,1.43,2.17,11.83,2.17,93.3,224.3,246.2,20,-43.6074,172.684,2,6,2,0,14,1,Alongshore,Onshore,Alongshore,82.4,0.14285714285714285
2541,Rapaki Bay Beach,2020-02-07 07:00:00,Lyttelton,0.2,0.2,3.0,4.8,4.8,10.8,ebbing,medium,muddy,6,grass,1,0,0,1.8,7.0,1.04,0.94,1.1,7.88,2.05,27.5,341.5,323.1,20,-43.6074,172.684,2,6,4,0,7,1,Offshore,Offshore,Alongshore,62.8,0.13333333333333333
2542,Rapaki Bay Beach,2020-02-11 06:00:00,Lyttelton,0.0,0.0,0.0,0.0,0.0,0.8,ebbing,medium,muddy,6,grass,1,0,0,0.0,0.0,1.04,2.54,2.7,11.82,2.34,277.5,272.1,291.6,20,-43.6074,172.684,2,7,1,0,6,0,Alongshore,Alongshore,Alongshore,67.0,0.125
2543,Rapaki Bay Beach,2020-02-19 14:00:00,Lyttelton,0.0,0.0,0.0,0.0,0.0,0.0,ebbing,medium,muddy,6,grass,1,0,0,0.0,0.0,1.39,3.38,6.51,11.72,2.27,84.1,82.9,95.2,20,-43.6074,172.684,2,8,2,0,14,0,Alongshore,Alongshore,Alongshore,64.8,0.11764705882352941
2544,Rapaki Bay Beach,2020-02-26 08:00:00,Lyttelton,0.0,0.0,0.0,0.0,0.0,0.0,ebbing,medium,muddy,6,grass,1,0,0,0.0,0.0,6.1,5.97,5.65,11.22,2.03,78.8,77.1,73.3,20,-43.6074,172.684,2,9,2,0,8,0,Alongshore,Alongshore,Alongshore,64.8,0.1111111111111111
2545,Rapaki Bay Beach,2020-03-04 11:00:00,Lyttelton,0.0,0.0,0.0,1.2,1.2,1.2,incoming,medium,muddy,6,grass,1,0,0,0.8,3.0,4.67,5.93,8.65,0.95,1.9,235.1,240.8,249.8,20,-43.6074,172.684,3,10,2,0,11,0,Onshore,Onshore,Alongshore,56.4,0.10526315789473684
2546,Rapaki Bay Beach,2020-03-18 13:00:00,Lyttelton,0.0,0.0,0.0,0.0,0.0,0.0,ebbing,medium,muddy,6,grass,1,0,0,0.0,0.0,1.83,4.21,6.55,11.83,2.25,90.6,90.0,88.1,20,-43.6074,172.684,3,12,2,0,13,0,Alongshore,Alongshore,Alongshore,16.2,0.1
2547,Rapaki Bay Beach,2020-11-10 12:00:00,Lyttelton,0.0,0.0,0.0,0.0,0.0,20.0,ebbing,medium,muddy,6,grass,1,0,0,0.0,0.0,2.28,1.64,0.42,11.68,2.08,297.0,280.9,275.4,20,-43.6074,172.684,11,46,1,0,12,0,Alongshore,Alongshore,Alongshore,,0.0
2548,Rapaki Bay Beach,2020-11-23 12:00:00,Lyttelton,0.0,0.0,0.0,0.4,7.0,7.0,ebbing,medium,muddy,6,grass,1,0,0,3.2,10.0,1.21,0.56,0.73,11.57,2.0,120.9,156.7,237.1,20,-43.6074,172.684,11,48,0,0,12,0,Alongshore,Onshore,Onshore,10.0,0.0
2549,Rapaki Bay Beach,2020-12-03 06:00:00,Lyttelton,0.0,0.0,0.0,0.0,0.0,2.6,incoming,medium,muddy,6,grass,1,0,0,0.0,0.0,4.92,4.57,1.82,0.02,2.2,258.9,269.1,267.8,20,-43.6074,172.684,12,49,3,0,6,0,Alongshore,Alongshore,Alongshore,15.0,0.0
2550,Rapaki Bay Beach,2020-12-10 09:00:00,Lyttelton,0.0,0.0,0.0,0.0,0.0,0.0,incoming,medium,muddy,6,grass,1,0,0,0.0,0.0,3.55,6.31,6.48,2.72,2.31,265.2,265.6,266.6,20,-43.6074,172.684,12,50,3,0,9,0,Alongshore,Alongshore,Alongshore,13.333333333333334,0.0
2551,Rapaki Bay Beach,2020-12-17 06:00:00,Lyttelton,0.0,0.0,0.0,0.0,0.0,0.0,ebbing,medium,muddy,6,grass,1,0,0,0.0,0.0,3.92,2.51,0.22,12.2,2.19,102.3,63.5,78.0,20,-43.6074,172.684,12,51,3,0,6,0,Alongshore,Offshore,Alongshore,12.5,0.0
2552,Rapaki Bay Beach,2020-12-22 11:00:00,Lyttelton,0.2,1.4,2.6,6.8,13.2,13.2,ebbing,medium,muddy,6,grass,1,0,0,1.8,20.0,6.11,5.99,5.01,12.05,2.0,76.6,79.7,72.8,20,-43.6074,172.684,12,52,1,0,11,1,Alongshore,Alongshore,Alongshore,14.0,0.0
2553,Rapaki Bay Beach,2020-12-29 14:00:00,Lyttelton,0.0,0.0,0.0,0.0,0.0,6.8,incoming,medium,muddy,6,grass,1,0,0,0.0,0.0,3.44,6.29,7.42,2.13,1.92,87.3,86.6,85.4,20,-43.6074,172.684,12,53,1,0,14,1,Alongshore,Alongshore,Alongshore,16.0,0.0
2554,Rapaki Bay Beach,2021-01-11 14:00:00,Lyttelton,0.0,0.0,0.0,0.0,0.2,0.2,incoming,medium,muddy,6,grass,1,0,0,0.2,1.0,0.96,2.18,2.21,0.57,2.21,73.9,60.6,314.8,20,-43.6074,172.684,1,2,0,0,14,0,Alongshore,Offshore,Alongshore,14.0,0.0
2555,Rapaki Bay Beach,2021-01-19 08:00:00,Lyttelton,0.0,0.0,0.0,0.0,1.2,1.2,incoming,medium,muddy,6,grass,1,0,0,0.8,3.0,1.47,2.05,3.77,0.78,2.24,42.5,10.2,353.5,20,-43.6074,172.684,1,3,1,0,8,0,Offshore,Offshore,Offshore,18.2,0.0
2556,Rapaki Bay Beach,2021-01-26 14:00:00,Lyttelton,0.0,0.0,0.0,0.0,0.0,0.0,incoming,medium,muddy,6,grass,1,0,0,0.0,0.0,5.89,5.22,5.28,0.77,1.89,74.8,78.4,73.1,20,-43.6074,172.684,1,4,1,0,14,0,Alongshore,Alongshore,Alongshore,18.2,0.0
2557,Rapaki Bay Beach,2021-02-03 09:00:00,Lyttelton,0.0,0.0,0.0,0.0,0.0,0.0,incoming,medium,muddy,6,grass,1,0,0,0.0,0.0,6.63,6.12,6.34,0.07,2.38,86.8,77.2,72.1,20,-43.6074,172.684,2,5,2,0,9,1,Alongshore,Alongshore,Alongshore,16.2,0.0
2558,Rapaki Bay Beach,2021-02-05 09:00:00,Lyttelton,0.0,0.0,0.0,0.0,0.0,0.0,incoming,medium,muddy,6,grass,1,0,0,0.0,0.0,1.48,0.98,1.4,2.03,2.26,218.3,197.7,242.2,20,-43.6074,172.684,2,5,4,0,9,1,Onshore,Onshore,Onshore,41.8,0.0
2559,Rapaki Bay Beach,2021-02-10 15:00:00,Lyttelton,0.0,0.0,2.2,8.6,9.0,9.0,incoming,medium,muddy,6,grass,1,0,0,2.6,12.0,3.22,1.58,5.44,0.78,2.11,92.8,141.8,250.4,20,-43.6074,172.684,2,6,2,0,15,0,Alongshore,Alongshore,Alongshore,41.8,0.0
2560,Rapaki Bay Beach,2021-02-17 08:00:00,Lyttelton,0.0,0.0,0.0,0.0,0.0,0.0,incoming,medium,muddy,6,grass,1,0,0,0.0,0.0,1.52,1.63,1.86,0.3,2.16,266.9,270.2,280.6,20,-43.6074,172.684,2,7,2,0,8,0,Alongshore,Alongshore,Alongshore,50.4,0.0
2561,Rapaki Bay Beach,2021-02-26 15:00:00,Lyttelton,0.0,0.0,0.0,0.0,0.0,0.0,incoming,medium,muddy,6,grass,1,0,0,0.0,0.0,5.24,6.26,7.1,0.85,2.05,77.6,81.5,76.5,20,-43.6074,172.684,2,8,4,0,15,0,Alongshore,Alongshore,Alongshore,50.4,0.0
2562,Rapaki Bay Beach,2021-03-03 09:00:00,Lyttelton,0.0,0.0,0.0,0.0,0.4,0.4,ebbing,medium,muddy,6,grass,1,0,0,0.2,2.0,3.68,3.92,4.22,10.82,2.35,50.4,56.3,49.8,20,-43.6074,172.684,3,9,2,0,9,0,Offshore,Offshore,Offshore,50.4,0.0
2563,Rapaki Bay Beach,2021-03-05 08:00:00,Lyttelton,0.0,0.0,0.0,4.8,4.8,4.8,incoming,medium,muddy,6,grass,1,0,0,4.6,2.0,2.18,1.14,0.89,1.03,2.29,76.3,96.6,61.1,20,-43.6074,172.684,3,9,4,0,8,0,Alongshore,Alongshore,Offshore,141.8,0.058823529411764705
2564,Rapaki Bay Beach,2021-11-26 10:00:00,Lyttelton,0.0,0.0,0.0,0.0,0.0,0.0,ebbing,medium,muddy,6,grass,1,0,0,0.0,0.0,0.36,1.1,2.77,11.42,1.8,234.4,225.2,259.7,20,-43.6074,172.684,11,47,4,0,10,0,Onshore,Onshore,Alongshore,,0.0
2565,Rapaki Bay Beach,2021-12-02 14:00:00,Lyttelton,0.0,0.2,0.6,0.6,0.6,0.6,incoming,medium,muddy,6,grass,1,0,0,0.2,3.0,7.23,7.72,7.41,0.08,2.3,76.7,75.6,71.7,20,-43.6074,172.684,12,48,3,0,14,0,Alongshore,Alongshore,Alongshore,10.0,0.0
2566,Rapaki Bay Beach,2021-12-09 09:00:00,Lyttelton,0.0,0.0,0.0,0.0,2.4,8.6,ebbing,medium,muddy,6,grass,1,0,0,1.2,4.0,1.38,2.56,2.41,11.73,2.17,257.7,269.8,288.7,20,-43.6074,172.684,12,49,3,0,9,0,Alongshore,Alongshore,Alongshore,10.0,0.0
2567,Rapaki Bay Beach,2021-12-13 09:00:00,Lyttelton,0.0,0.0,0.0,0.0,0.0,1.2,incoming,medium,muddy,6,grass,1,0,0,0.0,0.0,6.25,6.45,7.05,3.17,2.19,79.9,73.4,72.0,20,-43.6074,172.684,12,50,0,0,9,0,Alongshore,Alongshore,Alongshore,356.6666666666667,0.25
2568,Rapaki Bay Beach,2021-12-16 14:00:00,Lyttelton,3.4,5.2,16.2,63.2,87.0,87.0,ebbing,medium,muddy,6,grass,1,0,0,11.8,30.0,12.08,12.08,12.05,12.57,2.14,254.3,255.0,256.4,20,-43.6074,172.684,12,50,3,0,14,0,Alongshore,Alongshore,Alongshore,270.0,0.2
2569,Rapaki Bay Beach,2021-12-20 09:00:00,Lyttelton,0.0,0.0,0.0,0.0,0.2,17.0,ebbing,medium,muddy,6,grass,1,0,0,0.2,1.0,0.41,0.99,1.9,8.6,1.89,253.7,257.4,261.9,20,-43.6074,172.684,12,51,0,0,9,1,Alongshore,Alongshore,Alongshore,906.0,0.3333333333333333
2570,Rapaki Bay Beach,2021-12-23 08:00:00,Lyttelton,0.0,0.0,0.0,0.0,0.0,0.0,ebbing,medium,muddy,6,grass,1,0,0,0.0,0.0,2.67,5.48,6.94,12.03,1.83,75.6,60.6,43.2,20,-43.6074,172.684,12,51,3,0,8,1,Alongshore,Offshore,Offshore,906.0,0.2857142857142857
2571,Rapaki Bay Beach,2021-12-30 13:00:00,Lyttelton,0.0,0.0,0.0,1.4,3.2,14.2,ebbing,medium,muddy,6,grass,1,0,0,0.8,8.0,1.62,0.94,1.01,12.37,2.35,186.4,181.2,77.0,20,-43.6074,172.684,12,52,3,0,13,1,Onshore,Onshore,Alongshore,914.4,0.25
2572,Rapaki Bay Beach,2022-01-07 09:00:00,Lyttelton,0.0,0.0,0.0,0.0,0.4,0.4,ebbing,medium,muddy,6,grass,1,0,0,0.2,2.0,7.31,7.53,7.45,12.05,2.18,234.5,235.4,234.8,20,-43.6074,172.684,1,1,4,0,9,0,Onshore,Onshore,Onshore,708.4,0.2222222222222222
2573,Rapaki Bay Beach,2022-01-10 08:00:00,Lyttelton,0.0,0.0,0.0,0.0,0.0,0.0,incoming,medium,muddy,6,grass,1,0,0,0.0,0.0,1.21,2.84,3.46,2.42,2.21,264.2,271.4,272.9,20,-43.6074,172.684,1,2,0,0,8,0,Alongshore,Alongshore,Alongshore,748.6,0.2
2574,Rapaki Bay Beach,2022-01-12 13:00:00,Lyttelton,0.0,0.0,0.0,0.0,0.0,0.0,ebbing,medium,muddy,6,grass,1,0,0,0.0,0.0,0.64,1.83,6.38,11.62,2.07,78.7,92.1,123.7,20,-43.6074,172.684,1,2,2,0,13,0,Alongshore,Alongshore,Alongshore,60.6,0.18181818181818182
2575,Rapaki Bay Beach,2022-02-01 17:00:00,Lyttelton,0.0,0.0,0.0,0.0,0.0,,ebbing,medium,muddy,6,grass,1,0,0,0.0,0.0,3.74,3.62,4.42,11.67,2.61,87.4,107.4,81.5,20,-43.6074,172.684,2,5,1,0,17,1,Alongshore,Alongshore,Alongshore,62.6,0.16666666666666666
2576,Rapaki Bay Beach,2022-02-10 13:00:00,Lyttelton,0.0,1.0,17.0,65.2,66.0,66.3,ebbing,medium,muddy,6,grass,1,0,0,11.2,19.0,3.76,0.84,1.67,11.22,2.06,268.4,274.9,74.2,20,-43.6074,172.684,2,6,3,0,13,0,Alongshore,Alongshore,Alongshore,54.2,0.15384615384615385
2577,Rapaki Bay Beach,2022-02-15 15:00:00,Lyttelton,0.0,0.0,0.0,0.0,0.6,49.2,incoming,medium,muddy,6,grass,1,0,0,0.2,3.0,5.99,7.53,8.46,0.4,1.89,82.2,85.5,81.4,20,-43.6074,172.684,2,7,1,0,15,0,Alongshore,Alongshore,Alongshore,65.0,0.14285714285714285
2578,Rapaki Bay Beach,2022-02-23 11:00:00,Lyttelton,0.0,0.0,0.6,0.6,0.6,0.6,ebbing,medium,muddy,6,grass,1,0,0,0.2,3.0,3.26,3.07,3.42,11.03,2.22,257.0,267.8,266.5,20,-43.6074,172.684,2,8,2,0,11,0,Alongshore,Alongshore,Alongshore,24.8,0.13333333333333333
2579,Rapaki Bay Beach,2022-03-09 11:00:00,Lyttelton,0.0,0.0,0.0,0.0,0.0,0.0,ebbing,medium,muddy,6,grass,1,0,0,0.0,0.0,3.82,4.68,4.64,11.5,2.08,256.4,271.0,270.6,20,-43.6074,172.684,3,10,2,0,11,0,Alongshore,Alongshore,Alongshore,24.8,0.125
2580,Rapaki Bay Beach,2022-11-21 15:00:00,Lyttelton,0.6,0.6,0.6,0.6,4.8,55.6,ebbing,medium,muddy,6,grass,1,0,0,2.8,5.0,4.51,6.69,6.99,11.5,2.15,82.5,86.2,87.3,20,-43.6074,172.684,11,47,0,0,15,0,Alongshore,Alongshore,Alongshore,,0.0
2581,Rapaki Bay Beach,2022-12-01 10:00:00,Lyttelton,0.0,0.0,0.0,0.0,0.0,0.0,incoming,medium,muddy,6,grass,1,0,0,0.0,0.0,8.33,7.35,7.11,0.72,2.41,236.1,240.1,238.0,20,-43.6074,172.684,12,48,3,0,10,0,Onshore,Onshore,Onshore,10.0,0.0
2582,Rapaki Bay Beach,2022-12-07 15:00:00,Lyttelton,0.0,0.0,0.0,0.0,0.0,0.0,incoming,medium,muddy,6,grass,1,0,0,0.0,0.0,3.73,7.38,8.9,0.55,2.05,88.7,88.0,78.4,20,-43.6074,172.684,12,49,2,0,15,0,Alongshore,Alongshore,Alongshore,15.0,0.0
2583,Rapaki Bay Beach,2022-12-14 09:00:00,Lyttelton,0.0,0.0,0.0,0.0,0.0,1.8,ebbing,medium,muddy,6,grass,1,0,0,0.0,0.0,2.39,1.18,3.1,12.37,1.81,84.4,79.4,69.3,20,-43.6074,172.684,12,50,2,0,9,0,Alongshore,Alongshore,Alongshore,13.333333333333334,0.0
2584,Rapaki Bay Beach,2022-12-20 14:00:00,Lyttelton,0.0,0.0,1.0,1.0,10.0,35.4,ebbing,medium,muddy,6,grass,1,0,0,2.2,16.0,2.34,3.77,5.07,11.48,2.23,69.9,71.8,72.5,20,-43.6074,172.684,12,51,1,0,14,1,Alongshore,Alongshore,Alongshore,12.5,0.0
2585,Rapaki Bay Beach,2022-12-29 09:00:00,Lyttelton,0.0,0.0,0.0,0.0,1.0,1.0,ebbing,medium,muddy,6,grass,1,0,0,0.8,2.0,6.14,4.46,4.51,12.52,2.2,81.4,70.5,70.2,20,-43.6074,172.684,12,52,3,0,9,1,Alongshore,Alongshore,Alongshore,18.2,0.0
2586,Rapaki Bay Beach,2023-01-10 07:00:00,Lyttelton,0.0,0.0,0.0,0.0,0.0,0.4,ebbing,medium,muddy,6,grass,1,0,0,0.0,0.0,8.31,7.85,7.69,12.08,1.87,65.4,68.0,68.7,20,-43.6074,172.684,1,2,1,0,7,0,Alongshore,Alongshore,Alongshore,18.2,0.0
2587,Rapaki Bay Beach,2023-01-18 14:00:00,Lyttelton,0.0,0.0,0.0,0.0,0.0,0.0,ebbing,medium,muddy,6,grass,1,0,0,0.0,0.0,3.93,7.67,8.68,11.98,2.3,91.6,89.7,87.7,20,-43.6074,172.684,1,3,2,0,14,0,Alongshore,Alongshore,Alongshore,26.8,0.0
2588,Rapaki Bay Beach,2023-01-27 09:00:00,Lyttelton,0.0,0.0,0.0,0.0,0.0,0.6,incoming,medium,muddy,6,grass,1,0,0,0.0,0.0,0.27,0.26,1.1,0.12,2.44,99.7,240.1,124.2,20,-43.6074,172.684,1,4,4,0,9,0,Alongshore,Onshore,Alongshore,28.8,0.0
2589,Rapaki Bay Beach,2023-02-01 14:00:00,Lyttelton,0.0,0.0,0.0,0.0,0.0,0.0,ebbing,medium,muddy,6,grass,1,0,0,0.0,0.0,9.1,9.65,9.73,11.82,2.15,84.2,86.9,82.6,20,-43.6074,172.684,2,5,2,0,14,1,Alongshore,Alongshore,Alongshore,28.8,0.0
2590,Rapaki Bay Beach,2023-02-10 08:00:00,Lyttelton,0.2,0.2,1.0,1.0,8.4,8.4,ebbing,medium,muddy,6,grass,1,0,0,5.0,5.0,2.76,4.97,6.03,11.83,1.94,78.6,69.1,80.5,20,-43.6074,172.684,2,6,4,0,8,0,Alongshore,Alongshore,Alongshore,26.8,0.0
2591,Rapaki Bay Beach,2023-02-15 13:00:00,Lyttelton,4.0,8.6,12.6,12.8,12.8,12.8,ebbing,medium,muddy,6,grass,1,0,0,2.2,11.0,12.57,14.57,15.5,10.8,2.24,237.9,236.3,243.8,20,-43.6074,172.684,2,7,2,0,13,0,Onshore,Onshore,Onshore,26.8,0.0
2592,Rapaki Bay Beach,2023-02-16 14:00:00,Lyttelton,0.0,0.2,1.4,9.6,23.2,23.2,ebbing,medium,muddy,6,grass,1,0,0,2.2,28.0,10.89,10.29,10.92,10.98,2.35,231.3,229.7,232.4,20,-43.6074,172.684,2,7,3,0,14,0,Onshore,Onshore,Onshore,144.2,0.07692307692307693
2593,Rapaki Bay Beach,2023-02-17 13:00:00,Lyttelton,0.0,0.0,0.0,0.0,10.4,23.2,incoming,medium,muddy,6,grass,1,0,0,1.8,17.0,7.87,7.06,7.39,0.6,2.1,242.6,240.3,243.5,20,-43.6074,172.684,2,7,4,0,13,0,Onshore,Onshore,Onshore,262.8,0.14285714285714285
2594,Rapaki Bay Beach,2023-02-18 14:00:00,Lyttelton,0.0,0.0,0.0,0.0,0.0,9.6,incoming,medium,muddy,6,grass,1,0,0,0.0,0.0,3.33,7.55,8.4,0.28,2.17,88.7,89.5,90.0,20,-43.6074,172.684,2,7,5,1,14,0,Alongshore,Alongshore,Alongshore,262.8,0.13333333333333333
2595,Rapaki Bay Beach,2023-02-23 08:00:00,Lyttelton,0.0,0.0,1.4,13.4,13.4,13.4,ebbing,medium,muddy,6,grass,1,0,0,3.4,14.0,5.24,4.78,5.31,11.45,2.35,255.7,261.2,261.2,20,-43.6074,172.684,2,8,3,0,8,0,Alongshore,Alongshore,Alongshore,258.6,0.125
2596,Rapaki Bay Beach,2023-02-25 09:00:00,Lyttelton,0.0,0.0,0.0,0.0,5.2,19.2,ebbing,medium,muddy,6,grass,1,0,0,2.0,7.0,0.54,1.19,2.09,11.78,2.26,90.6,65.0,345.5,20,-43.6074,172.684,2,8,5,1,9,0,Alongshore,Alongshore,Offshore,291.2,0.11764705882352941
2597,Rapaki Bay Beach,2023-03-01 13:00:00,Lyttelton,0.0,0.0,0.0,0.0,0.0,0.0,ebbing,medium,muddy,6,grass,1,0,0,0.0,0.0,7.57,9.76,10.45,11.55,2.12,90.9,88.8,82.9,20,-43.6074,172.684,3,9,2,0,13,0,Alongshore,Alongshore,Alongshore,163.2,0.1111111111111111
2598,Rapaki Bay Beach,2023-03-06 16:00:00,Lyttelton,0.0,0.0,0.0,0.6,22.8,22.8,incoming,medium,muddy,6,grass,1,0,0,4.0,16.0,0.42,2.78,6.15,0.57,1.93,85.1,90.0,335.2,20,-43.6074,172.684,3,10,0,0,16,0,Alongshore,Alongshore,Offshore,42.6,0.10526315789473684
2599,Rapaki Bay Beach,2023-06-01 15:00:00,Lyttelton,0.0,0.0,0.0,0.0,0.0,0.0,ebbing,medium,muddy,6,grass,1,0,0,0.0,0.0,0.55,1.25,1.75,11.68,2.06,100.6,87.6,89.4,20,-43.6074,172.684,6,22,3,0,15,1,Alongshore,Alongshore,Alongshore,42.6,0.1
2600,Rapaki Bay Beach,2023-06-19 16:00:00,Lyttelton,0.2,0.4,1.2,3.4,6.0,19.8,incoming,medium,muddy,6,grass,1,0,0,1.2,16.0,10.98,11.12,10.73,1.78,2.3,78.5,79.8,77.9,20,-43.6074,172.684,6,25,0,0,16,0,Alongshore,Alongshore,Alongshore,42.6,0.09523809523809523
2601,Rapaki Bay Beach,2023-07-06 13:00:00,Lyttelton,0.0,0.0,0.0,0.0,0.0,1.4,ebbing,medium,muddy,6,grass,1,0,0,0.0,0.0,5.92,6.97,6.89,6.43,2.62,250.4,252.6,266.4,20,-43.6074,172.684,7,27,3,0,13,0,Alongshore,Alongshore,Alongshore,10.0,0.09090909090909091
2602,Rapaki Bay Beach,2023-07-10 10:00:00,Lyttelton,0.0,0.0,1.6,35.0,70.4,70.4,incoming,medium,muddy,6,grass,1,0,0,13.2,33.0,5.8,5.4,5.17,0.12,2.23,82.4,82.0,78.1,20,-43.6074,172.684,7,28,0,0,10,0,Alongshore,Alongshore,Alongshore,10.0,0.08695652173913043
2603,Rapaki Bay Beach,2023-07-12 12:00:00,Lyttelton,0.0,0.0,0.0,0.0,0.2,33.8,incoming,medium,muddy,6,grass,1,0,0,0.2,1.0,3.24,7.77,11.76,0.08,2.21,235.0,241.6,243.4,20,-43.6074,172.684,7,28,2,0,12,0,Onshore,Onshore,Onshore,67.0,0.125
2604,Rapaki Bay Beach,2023-08-08 10:00:00,Lyttelton,0.0,0.0,0.0,0.0,0.0,0.0,ebbing,medium,muddy,6,grass,1,0,0,0.0,0.0,5.14,3.6,3.2,12.17,2.24,280.3,279.4,265.8,20,-43.6074,172.684,8,32,1,0,10,0,Alongshore,Alongshore,Alongshore,99.6,0.12
2605,Rapaki Bay Beach,2023-11-04 11:00:00,Lyttelton,0.0,0.0,0.2,8.4,8.4,8.4,ebbing,medium,muddy,6,grass,1,0,0,3.6,7.0,1.05,4.18,6.54,10.88,1.91,89.6,87.2,247.6,20,-43.6074,172.684,11,44,5,1,11,0,Alongshore,Alongshore,Alongshore,,0.0
2606,Rapaki Bay Beach,2023-11-06 09:00:00,Lyttelton,0.0,0.0,0.6,8.2,15.8,24.2,incoming,medium,muddy,6,grass,1,0,0,7.6,8.0,4.28,5.08,4.6,1.77,2.14,259.2,259.9,263.5,20,-43.6074,172.684,11,45,0,0,9,0,Alongshore,Alongshore,Alongshore,10.0,0.0
2607,Rapaki Bay Beach,2023-11-15 06:00:00,Lyttelton,0.0,0.0,0.0,0.0,0.0,0.0,ebbing,medium,muddy,6,grass,1,0,0,0.0,0.0,3.61,1.38,3.72,11.45,2.01,56.5,3.1,279.0,20,-43.6074,172.684,11,46,2,0,6,0,Offshore,Offshore,Alongshore,10.0,0.0
2608,Rapaki Bay Beach,2023-11-22 12:00:00,Lyttelton,0.0,0.0,0.4,0.6,0.8,10.0,ebbing,medium,muddy,6,grass,1,0,0,0.4,3.0,9.81,10.4,10.65,12.27,2.18,89.7,86.4,84.3,20,-43.6074,172.684,11,47,2,0,12,0,Alongshore,Alongshore,Alongshore,10.0,0.0
2609,Rapaki Bay Beach,2023-11-24 13:00:00,Lyttelton,0.2,5.0,9.6,10.0,10.0,10.6,incoming,medium,muddy,6,grass,1,0,0,3.6,10.0,9.38,13.86,14.1,0.22,2.31,226.3,227.4,234.8,20,-43.6074,172.684,11,47,4,0,13,0,Onshore,Onshore,Onshore,10.0,0.0
2610,Rapaki Bay Beach,2023-11-27 15:00:00,Lyttelton,0.0,0.0,0.0,0.0,0.0,1.0,incoming,medium,muddy,6,grass,1,0,0,0.0,0.0,7.11,10.01,10.18,0.75,2.18,87.9,87.8,85.9,20,-43.6074,172.684,11,48,0,0,15,0,Alongshore,Alongshore,Alongshore,261.2,0.16666666666666666
2611,Rapaki Bay Beach,2023-12-04 09:00:00,Lyttelton,5.0,8.6,12.4,12.4,12.4,12.4,incoming,medium,muddy,6,grass,1,0,0,2.2,11.0,2.86,2.52,2.64,0.65,2.18,268.3,274.0,280.6,20,-43.6074,172.684,12,49,0,0,9,0,Alongshore,Alongshore,Alongshore,263.2,0.14285714285714285
2612,Rapaki Bay Beach,2023-12-11 15:00:00,Lyttelton,0.0,0.0,0.0,0.0,10.4,10.4,ebbing,medium,muddy,6,grass,1,0,0,5.6,3.0,7.99,9.37,10.03,12.2,2.21,76.0,82.6,78.9,20,-43.6074,172.684,12,50,0,0,15,0,Alongshore,Alongshore,Alongshore,283.2,0.125
2613,Rapaki Bay Beach,2023-12-18 08:00:00,Lyttelton,0.0,0.0,2.2,2.6,2.6,2.6,incoming,medium,muddy,6,grass,1,0,0,2.0,3.0,2.41,1.48,0.69,0.93,2.48,178.4,280.1,285.9,20,-43.6074,172.684,12,51,0,0,8,0,Onshore,Alongshore,Alongshore,283.2,0.1111111111111111
2614,Rapaki Bay Beach,2023-12-20 11:00:00,Lyttelton,0.0,0.0,0.0,0.0,0.0,2.6,ebbing,medium,muddy,6,grass,1,0,0,0.0,0.0,0.97,3.56,5.54,11.78,2.19,82.7,84.5,85.8,20,-43.6074,172.684,12,51,2,0,11,1,Alongshore,Alongshore,Alongshore,319.0,0.1
2615,Rapaki Bay Beach,2023-12-28 06:00:00,Lyttelton,0.0,0.0,0.0,0.0,4.6,4.6,ebbing,medium,muddy,6,grass,1,0,0,3.2,4.0,6.11,6.65,6.77,11.77,1.99,68.7,64.7,68.3,20,-43.6074,172.684,12,52,3,0,6,1,Alongshore,Offshore,Alongshore,67.8,0.09090909090909091
2616,Rapaki Bay Beach,2024-01-03 09:00:00,Lyttelton,0.0,0.0,1.4,1.4,1.4,10.8,incoming,medium,muddy,6,grass,1,0,0,0.8,3.0,5.57,5.52,7.62,0.88,2.08,83.3,75.4,70.3,20,-43.6074,172.684,1,1,2,0,9,1,Alongshore,Alongshore,Alongshore,67.8,0.08333333333333333
2617,Rapaki Bay Beach,2024-01-08 14:00:00,Lyttelton,0.0,0.0,0.0,0.0,0.0,0.4,ebbing,medium,muddy,6,grass,1,0,0,0.0,0.0,9.67,11.16,11.6,12.2,2.18,88.9,89.3,85.1,20,-43.6074,172.684,1,2,0,0,14,0,Alongshore,Alongshore,Alongshore,47.8,0.07692307692307693
2618,Rapaki Bay Beach,2024-01-16 08:00:00,Lyttelton,0.0,0.0,0.0,19.0,22.4,22.4,incoming,medium,muddy,6,grass,1,0,0,8.6,6.0,4.37,4.07,4.44,0.35,2.53,82.4,71.9,63.0,20,-43.6074,172.684,1,3,1,0,8,0,Alongshore,Alongshore,Offshore,47.8,0.07142857142857142
2619,Rapaki Bay Beach,2024-01-25 16:00:00,Lyttelton,0.0,0.0,0.0,0.0,1.8,1.8,incoming,medium,muddy,6,grass,1,0,0,0.4,6.0,8.96,12.35,13.65,0.45,1.95,85.0,84.1,81.3,20,-43.6074,172.684,1,4,3,0,16,0,Alongshore,Alongshore,Alongshore,12.0,0.06666666666666667
2620,Rapaki Bay Beach,2024-01-31 09:00:00,Lyttelton,0.0,0.0,0.0,0.0,0.0,0.0,ebbing,medium,muddy,6,grass,1,0,0,0.0,0.0,1.36,1.63,4.46,11.83,1.91,93.9,93.1,244.6,20,-43.6074,172.684,1,5,2,0,9,1,Alongshore,Alongshore,Onshore,12.0,0.0625
2621,Rapaki Bay Beach,2024-02-07 14:00:00,Lyttelton,0.0,0.0,0.0,0.0,0.0,0.0,ebbing,medium,muddy,6,grass,1,0,0,0.0,0.0,8.33,8.11,7.27,12.08,2.37,266.7,262.5,263.0,20,-43.6074,172.684,2,6,2,0,14,1,Alongshore,Alongshore,Alongshore,10.0,0.058823529411764705
2622,Rapaki Bay Beach,2024-02-11 17:00:00,Lyttelton,0.2,0.2,2.6,13.6,13.6,14.0,incoming,medium,muddy,6,grass,1,0,0,4.0,15.0,9.23,9.27,8.58,0.37,2.32,229.1,231.3,237.4,20,-43.6074,172.684,2,6,6,1,17,0,Onshore,Onshore,Onshore,18.2,0.05555555555555555
2623,Rapaki Bay Beach,2024-02-13 06:00:00,Lyttelton,0.2,0.2,0.2,0.2,2.8,13.8,incoming,medium,muddy,6,grass,1,0,0,1.2,7.0,5.3,5.57,6.62,0.8,2.59,64.2,65.7,67.7,20,-43.6074,172.684,2,7,1,0,6,0,Offshore,Alongshore,Alongshore,1174.2,0.10526315789473684
2624,Rapaki Bay Beach,2024-02-15 08:00:00,Lyttelton,0.0,0.0,0.0,0.0,0.0,0.2,incoming,medium,muddy,6,grass,1,0,0,0.0,0.0,1.91,2.13,4.13,0.7,2.4,84.8,100.6,249.8,20,-43.6074,172.684,2,7,3,0,8,0,Alongshore,Alongshore,Alongshore,1206.4,0.1
2625,Rapaki Bay Beach,2024-02-19 13:00:00,Lyttelton,0.0,0.0,0.0,0.0,0.0,0.0,ebbing,medium,muddy,6,grass,1,0,0,0.0,0.0,2.0,5.45,7.46,11.93,2.21,282.4,272.0,278.4,20,-43.6074,172.684,2,8,0,0,13,0,Alongshore,Alongshore,Alongshore,1206.4,0.09523809523809523
2626,Rapaki Bay Beach,2024-02-20 14:00:00,Lyttelton,0.0,0.0,3.0,4.4,4.4,4.4,ebbing,medium,muddy,6,grass,1,0,0,1.4,6.0,9.14,8.71,6.31,12.27,2.22,245.3,239.2,239.9,20,-43.6074,172.684,2,8,1,0,14,0,Alongshore,Onshore,Onshore,1206.4,0.09090909090909091
2627,Rapaki Bay Beach,2024-02-29 08:00:00,Lyttelton,0.0,0.0,0.0,0.0,1.8,1.8,incoming,medium,muddy,6,grass,1,0,0,1.0,3.0,4.87,4.49,3.54,0.25,2.04,254.8,266.3,271.0,20,-43.6074,172.684,2,9,3,0,8,0,Alongshore,Alongshore,Alongshore,1200.2,0.08695652173913043
2628,Rapaki Bay Beach,2024-03-04 11:00:00,Lyttelton,0.0,0.0,0.0,0.0,0.0,0.0,ebbing,medium,muddy,6,grass,1,0,0,0.0,0.0,4.01,3.48,4.52,12.08,2.1,300.7,39.0,43.1,20,-43.6074,172.684,3,10,0,0,11,0,Alongshore,Offshore,Offshore,46.2,0.08333333333333333
2629,Rapaki Bay Beach,2024-03-13 06:00:00,Lyttelton,0.0,0.0,0.0,0.4,4.8,4.8,incoming,medium,muddy,6,grass,1,0,0,1.0,10.0,2.47,7.5,10.19,0.25,2.52,247.7,253.7,250.3,20,-43.6074,172.684,3,11,2,0,6,0,Alongshore,Alongshore,Alongshore,16.0,0.08
2630,Rapaki Bay Beach,2024-03-15 08:00:00,Lyttelton,0.0,0.0,0.0,0.0,0.0,0.2,incoming,medium,muddy,6,grass,1,0,0,0.0,0.0,2.36,2.25,1.93,0.42,2.3,248.5,266.3,272.9,20,-43.6074,172.684,3,11,4,0,8,0,Alongshore,Alongshore,Alongshore,57.2,0.07692307692307693
2631,Rapaki Bay Beach,2024-03-19 13:00:00,Lyttelton,0.0,0.0,0.2,0.4,4.4,4.4,ebbing,medium,muddy,6,grass,1,0,0,2.4,5.0,5.91,5.77,5.64,11.72,2.19,240.2,236.7,235.9,20,-43.6074,172.684,3,12,1,0,13,0,Onshore,Onshore,Onshore,59.2,0.07407407407407407
2632,Rapaki Bay Beach,2024-03-21 13:00:00,Lyttelton,0.0,0.0,0.0,0.0,0.0,0.4,incoming,medium,muddy,6,grass,1,0,0,0.0,0.0,10.72,11.56,11.45,1.0,1.91,70.6,78.5,74.3,20,-43.6074,172.684,3,12,3,0,13,0,Alongshore,Alongshore,Alongshore,123.2,0.10714285714285714
2633,Rapaki Bay Beach,2024-03-28 07:00:00,Lyttelton,0.0,0.0,0.0,1.6,1.6,1.6,ebbing,medium,muddy,6,grass,1,0,0,1.2,2.0,3.63,3.73,1.63,12.1,2.04,96.8,90.9,73.8,20,-43.6074,172.684,3,13,3,0,7,0,Alongshore,Alongshore,Alongshore,121.2,0.10344827586206896
2634,Rapaki Bay Beach,2024-04-12 07:00:00,Lyttelton,3.0,3.8,17.0,17.0,17.0,17.0,incoming,medium,muddy,6,grass,1,0,0,6.8,10.0,7.77,13.75,14.54,0.05,2.3,259.0,258.3,262.1,20,-43.6074,172.684,4,15,4,0,7,0,Alongshore,Alongshore,Alongshore,119.2,0.1
2635,Rapaki Bay Beach,2024-04-14 09:00:00,Lyttelton,0.0,0.0,0.0,0.0,1.0,19.2,ebbing,medium,muddy,6,grass,1,0,0,0.4,4.0,5.56,5.39,3.71,12.45,2.31,284.8,272.8,267.2,20,-43.6074,172.684,4,15,6,1,9,1,Alongshore,Alongshore,Alongshore,200.0,0.12903225806451613
2636,Rapaki Bay Beach,2024-05-02 11:00:00,Lyttelton,0.0,0.0,0.4,1.0,2.8,2.8,incoming,medium,muddy,6,grass,1,0,0,1.4,6.0,6.03,4.35,4.05,0.35,2.0,256.8,259.1,256.1,20,-43.6074,172.684,5,18,3,0,11,0,Alongshore,Alongshore,Alongshore,198.0,0.125
2637,Rapaki Bay Beach,2024-05-21 13:00:00,Lyttelton,4.2,15.6,20.2,20.4,20.8,21.2,incoming,medium,muddy,6,grass,1,0,0,4.6,13.0,1.63,2.08,6.41,2.18,2.05,84.4,63.1,313.6,20,-43.6074,172.684,5,21,1,0,13,0,Alongshore,Offshore,Alongshore,132.0,0.12121212121212122
2638,Rapaki Bay Beach,2024-06-15 10:00:00,Lyttelton,0.2,1.2,8.8,21.8,24.4,24.6,incoming,medium,muddy,6,grass,1,0,0,4.4,25.0,5.65,2.05,0.67,1.15,1.92,160.7,271.2,263.6,20,-43.6074,172.684,6,24,5,1,10,0,Onshore,Alongshore,Alongshore,132.0,0.11764705882352941
2639,Rapaki Bay Beach,2024-07-03 14:00:00,Lyttelton,1.8,3.0,5.4,10.4,25.0,25.0,incoming,medium,muddy,6,grass,1,0,0,2.4,30.0,12.47,11.98,12.17,0.48,2.34,249.2,249.3,247.1,20,-43.6074,172.684,7,27,2,0,14,0,Alongshore,Alongshore,Alongshore,132.0,0.11428571428571428
2640,Rapaki Bay Beach,2024-07-16 12:00:00,Lyttelton,0.0,0.0,1.4,13.4,18.2,22.2,incoming,medium,muddy,6,grass,1,0,0,5.8,17.0,2.8,3.81,3.15,0.48,1.97,278.3,280.3,292.1,20,-43.6074,172.684,7,29,1,0,12,0,Alongshore,Alongshore,Alongshore,32.2,0.1111111111111111
2641,Rapaki Bay Beach,2024-08-18 16:00:00,Lyttelton,7.4,9.6,22.6,23.6,23.6,23.6,ebbing,medium,muddy,6,grass,1,0,0,4.4,16.0,8.14,7.49,5.74,11.55,2.1,266.2,256.7,256.7,20,-43.6074,172.684,8,33,6,1,16,0,Alongshore,Alongshore,Alongshore,34.2,0.10810810810810811
2642,Rapaki Bay Beach,2024-09-17 14:00:00,Lyttelton,0.0,0.0,13.8,13.8,15.4,15.4,incoming,medium,muddy,6,grass,1,0,0,3.6,10.0,12.15,11.33,12.55,0.95,2.51,242.3,246.1,243.2,20,-43.6074,172.684,9,38,1,0,14,0,Onshore,Alongshore,Onshore,276.8,0.13157894736842105
2643,Takamatua Bay boat ramp,2008-12-22 07:00:00,Akaroa,0.0,0.0,0.0,0.0,9.6,31.0,incoming,medium,muddy,4,grass,1,1,0,2.2,8.0,0.37,0.37,0.42,5.05,1.96,84.2,263.1,279.1,110,-43.785,172.9676,12,52,0,0,7,1,Offshore,Onshore,Onshore,,0.0
2644,Takamatua Bay boat ramp,2008-12-29 07:00:00,Akaroa,0.0,0.0,0.0,0.0,0.0,0.0,ebbing,medium,muddy,4,grass,1,1,0,0.0,0.0,1.18,1.28,1.08,10.2,1.84,13.0,5.5,350.5,110,-43.785,172.9676,12,1,0,0,7,1,Alongshore,Alongshore,Alongshore,2.0,0.0
2645,Takamatua Bay boat ramp,2009-01-05 07:00:00,Akaroa,0.0,0.0,0.0,0.0,0.0,5.6,incoming,medium,muddy,4,grass,1,1,0,0.0,0.0,1.34,1.24,0.91,2.93,1.96,360.0,354.7,351.8,110,-43.785,172.9676,1,2,0,0,7,1,Alongshore,Alongshore,Alongshore,2.0,0.0
2646,Takamatua Bay boat ramp,2009-01-12 07:00:00,Akaroa,0.0,0.0,0.0,0.0,0.0,3.4,ebbing,medium,muddy,4,grass,1,1,0,0.0,0.0,1.7,1.91,1.74,9.93,2.25,30.1,28.1,24.7,110,-43.785,172.9676,1,3,0,0,7,0,Alongshore,Alongshore,Alongshore,2.0,0.0
2647,Takamatua Bay boat ramp,2009-01-19 07:00:00,Akaroa,0.0,0.0,0.8,1.2,14.4,14.6,incoming,medium,muddy,4,grass,1,1,0,5.0,11.0,1.07,1.49,1.47,3.57,1.94,7.1,355.3,334.8,110,-43.785,172.9676,1,4,0,0,7,0,Alongshore,Alongshore,Onshore,10.5,0.0
2648,Takamatua Bay boat ramp,2009-01-26 06:00:00,Akaroa,0.0,0.0,0.0,0.0,0.0,0.0,ebbing,medium,muddy,4,grass,1,1,0,0.0,0.0,1.61,1.83,1.46,9.93,1.87,304.1,296.3,294.0,110,-43.785,172.9676,1,5,0,0,6,0,Onshore,Onshore,Onshore,8.8,0.0
2649,Takamatua Bay boat ramp,2009-02-02 07:00:00,Akaroa,0.0,0.0,0.0,0.0,0.0,0.0,incoming,medium,muddy,4,grass,1,1,0,0.0,0.0,1.24,0.23,0.67,1.53,1.96,36.6,162.1,214.6,110,-43.785,172.9676,2,6,0,0,7,1,Alongshore,Alongshore,Alongshore,8.8,0.0
2650,Takamatua Bay boat ramp,2009-02-09 07:00:00,Akaroa,0.0,0.0,0.0,0.0,0.0,0.0,ebbing,medium,muddy,4,grass,1,1,0,0.0,0.0,0.61,1.01,1.4,8.55,2.23,108.7,106.2,38.5,110,-43.785,172.9676,2,7,0,0,7,1,Offshore,Offshore,Alongshore,8.8,0.0
2651,Takamatua Bay boat ramp,2009-02-16 07:00:00,Akaroa,0.0,0.0,0.2,0.2,0.2,0.2,incoming,medium,muddy,4,grass,1,1,0,0.2,1.0,2.25,2.6,1.86,2.18,1.95,226.1,225.3,222.3,110,-43.785,172.9676,2,8,0,0,7,0,Alongshore,Alongshore,Alongshore,12.0,0.0
2652,Takamatua Bay boat ramp,2009-02-23 07:00:00,Akaroa,0.0,0.0,0.2,0.6,0.6,13.6,ebbing,medium,muddy,4,grass,1,1,0,0.4,2.0,3.0,3.03,2.65,7.97,1.88,224.6,225.9,223.3,110,-43.785,172.9676,2,9,0,0,7,0,Alongshore,Alongshore,Alongshore,5.2,0.0
2653,Takamatua Bay boat ramp,2009-03-02 07:00:00,Akaroa,0.6,0.6,0.6,0.6,34.4,37.0,incoming,medium,muddy,4,grass,1,1,0,7.2,10.0,1.11,1.88,1.59,0.57,2.01,99.7,83.1,62.9,110,-43.785,172.9676,3,10,0,0,7,0,Offshore,Offshore,Alongshore,5.2,0.0
2654,Takamatua Bay boat ramp,2009-03-09 07:00:00,Akaroa,0.0,0.0,0.0,4.4,4.4,4.4,ebbing,medium,muddy,4,grass,1,1,0,1.4,5.0,2.14,2.42,1.63,7.28,2.18,213.5,212.7,209.5,110,-43.785,172.9676,3,11,0,0,7,0,Alongshore,Alongshore,Alongshore,7.2,0.0
2655,Takamatua Bay boat ramp,2009-03-11 07:00:00,Akaroa,0.0,0.0,0.6,2.6,25.6,30.0,ebbing,medium,muddy,4,grass,1,1,0,9.8,8.0,7.86,6.64,5.48,8.88,2.27,221.4,227.6,228.8,110,-43.785,172.9676,3,11,2,0,7,0,Alongshore,Alongshore,Alongshore,36.8,0.0
2656,Takamatua Bay boat ramp,2009-03-16 07:00:00,Akaroa,0.0,0.0,0.0,0.0,0.0,0.0,incoming,medium,muddy,4,grass,1,1,0,0.0,0.0,1.78,2.0,2.0,0.62,1.97,19.9,20.1,17.2,110,-43.785,172.9676,3,12,0,0,7,0,Alongshore,Alongshore,Alongshore,73.2,0.0
2657,Takamatua Bay boat ramp,2009-12-07 07:00:00,Akaroa,0.0,0.0,0.0,0.0,0.0,0.0,incoming,medium,muddy,4,grass,1,1,0,0.0,0.0,1.43,2.15,1.94,0.53,2.39,24.2,29.1,6.6,110,-43.785,172.9676,12,50,0,0,7,0,Alongshore,Alongshore,Alongshore,,0.0
2658,Takamatua Bay boat ramp,2009-12-14 07:00:00,Akaroa,3.8,7.0,7.0,7.0,7.0,7.0,ebbing,medium,muddy,4,grass,1,1,0,3.2,4.0,1.14,0.96,0.98,7.02,1.99,145.4,137.9,93.1,110,-43.785,172.9676,12,51,0,0,7,0,Offshore,Offshore,Offshore,2.0,0.0
2659,Takamatua Bay boat ramp,2009-12-21 07:00:00,Akaroa,0.0,0.0,0.0,0.6,2.2,2.2,ebbing,medium,muddy,4,grass,1,1,0,1.2,4.0,3.48,2.53,1.79,12.48,1.83,224.1,228.8,220.6,110,-43.785,172.9676,12,52,0,0,7,1,Alongshore,Alongshore,Alongshore,17.0,0.0
2660,Takamatua Bay boat ramp,2009-12-29 07:00:00,Akaroa,0.0,0.0,0.0,0.0,0.0,0.6,ebbing,medium,muddy,4,grass,1,1,0,0.0,0.0,1.47,1.19,0.55,6.27,1.97,319.7,291.7,289.2,110,-43.785,172.9676,12,53,1,0,7,1,Onshore,Onshore,Onshore,12.666666666666666,0.0
2661,Takamatua Bay boat ramp,2010-01-05 07:00:00,Akaroa,0.0,0.0,0.0,0.0,0.0,0.0,incoming,medium,muddy,4,grass,1,1,0,0.0,0.0,2.03,2.0,1.35,0.12,2.44,344.9,344.2,349.7,110,-43.785,172.9676,1,1,1,0,7,1,Alongshore,Alongshore,Alongshore,13.5,0.0
2662,Takamatua Bay boat ramp,2010-01-11 07:00:00,Akaroa,0.2,0.2,0.2,9.8,12.8,12.8,incoming,medium,muddy,4,grass,1,1,0,3.4,12.0,2.58,2.29,2.51,5.95,1.92,218.8,223.3,233.0,110,-43.785,172.9676,1,2,0,0,7,0,Alongshore,Alongshore,Alongshore,12.8,0.0
2663,Takamatua Bay boat ramp,2010-01-18 07:00:00,Akaroa,0.0,0.0,0.0,0.0,0.0,0.0,ebbing,medium,muddy,4,grass,1,1,0,0.0,0.0,0.7,1.13,0.97,11.15,1.89,351.4,8.3,342.1,110,-43.785,172.9676,1,3,0,0,7,0,Alongshore,Alongshore,Alongshore,40.4,0.0
2664,Takamatua Bay boat ramp,2010-01-25 07:00:00,Akaroa,0.0,0.0,0.0,0.0,0.0,0.0,incoming,medium,muddy,4,grass,1,1,0,0.0,0.0,2.09,2.26,2.1,3.97,1.85,19.5,29.3,30.1,110,-43.785,172.9676,1,4,0,0,7,0,Alongshore,Alongshore,Alongshore,34.4,0.0
2665,Takamatua Bay boat ramp,2010-02-01 07:00:00,Akaroa,0.0,0.0,0.0,0.0,0.0,0.0,ebbing,medium,muddy,4,grass,1,1,0,0.0,0.0,2.34,2.43,2.4,10.75,2.34,29.2,30.2,26.1,110,-43.785,172.9676,2,5,0,0,7,1,Alongshore,Alongshore,Alongshore,34.0,0.0
2666,Takamatua Bay boat ramp,2010-02-08 06:00:00,Akaroa,0.0,0.0,0.0,0.0,0.0,0.0,incoming,medium,muddy,4,grass,1,1,0,0.0,0.0,1.09,1.46,1.38,5.27,1.88,349.4,346.5,349.7,110,-43.785,172.9676,2,6,0,0,6,1,Alongshore,Alongshore,Alongshore,31.2,0.0
2667,Takamatua Bay boat ramp,2010-02-15 07:00:00,Akaroa,0.0,0.0,0.0,0.0,0.0,0.0,ebbing,medium,muddy,4,grass,1,1,0,0.0,0.0,2.22,2.44,2.07,9.92,1.95,230.5,228.9,223.8,110,-43.785,172.9676,2,7,0,0,7,0,Alongshore,Alongshore,Alongshore,30.0,0.0
2668,Takamatua Bay boat ramp,2010-02-22 07:00:00,Akaroa,0.0,0.0,0.0,0.0,0.0,0.0,incoming,medium,muddy,4,grass,1,1,0,0.0,0.0,0.89,0.85,0.42,2.6,1.83,357.5,9.7,351.6,110,-43.785,172.9676,2,8,0,0,7,0,Alongshore,Alongshore,Alongshore,2.4,0.0
2669,Takamatua Bay boat ramp,2010-03-01 07:00:00,Akaroa,0.0,0.0,0.0,0.0,0.0,0.0,ebbing,medium,muddy,4,grass,1,1,0,0.0,0.0,2.55,4.05,3.94,9.23,2.38,15.3,12.0,16.2,110,-43.785,172.9676,3,9,0,0,7,0,Alongshore,Alongshore,Alongshore,2.4,0.0
2670,Takamatua Bay boat ramp,2010-03-08 08:00:00,Akaroa,0.0,0.0,0.0,0.0,0.0,0.0,incoming,medium,muddy,4,grass,1,1,0,0.0,0.0,0.97,0.63,0.71,2.72,1.89,42.3,326.6,296.6,110,-43.785,172.9676,3,10,0,0,8,0,Alongshore,Onshore,Onshore,14.4,0.0
2671,Takamatua Bay boat ramp,2010-03-15 07:00:00,Akaroa,0.0,0.0,0.0,0.0,0.0,0.2,ebbing,medium,muddy,4,grass,1,1,0,0.0,0.0,0.19,1.49,2.68,8.45,1.98,110.2,110.5,153.0,110,-43.785,172.9676,3,11,0,0,7,0,Offshore,Offshore,Offshore,14.4,0.0
2672,Takamatua Bay boat ramp,2010-12-06 07:00:00,Akaroa,0.4,0.4,0.4,0.4,0.4,0.4,ebbing,medium,muddy,4,grass,1,1,0,0.2,2.0,2.31,2.71,2.63,9.03,2.1,205.2,221.1,230.2,110,-43.785,172.9676,12,49,0,0,7,0,Alongshore,Alongshore,Alongshore,,0.0
2673,Takamatua Bay boat ramp,2010-12-13 06:00:00,Akaroa,0.0,0.0,0.0,0.0,0.0,0.0,incoming,medium,muddy,4,grass,1,1,0,0.0,0.0,2.7,1.94,1.25,2.83,1.99,38.6,12.4,0.9,110,-43.785,172.9676,12,50,0,0,6,0,Alongshore,Alongshore,Alongshore,12.0,0.0
2674,Takamatua Bay boat ramp,2010-12-20 07:00:00,Akaroa,0.0,0.0,0.0,0.0,0.0,0.0,ebbing,medium,muddy,4,grass,1,1,0,0.0,0.0,3.02,3.01,2.92,7.8,1.93,9.8,3.3,6.6,110,-43.785,172.9676,12,51,0,0,7,1,Alongshore,Alongshore,Alongshore,17.0,0.0
2675,Takamatua Bay boat ramp,2010-12-29 07:00:00,Akaroa,0.0,0.0,0.0,0.0,26.0,26.4,incoming,medium,muddy,4,grass,1,1,0,9.4,8.0,2.58,2.33,2.3,3.67,2.16,35.8,36.1,26.8,110,-43.785,172.9676,12,52,2,0,7,1,Alongshore,Alongshore,Alongshore,61.333333333333336,0.0
2676,Takamatua Bay boat ramp,2011-01-05 08:00:00,Akaroa,0.0,0.0,0.6,0.8,1.0,1.0,ebbing,medium,muddy,4,grass,1,1,0,0.6,3.0,0.97,0.59,0.07,9.03,2.02,35.7,32.1,46.4,110,-43.785,172.9676,1,1,2,0,8,1,Alongshore,Alongshore,Alongshore,96.0,0.0
2677,Takamatua Bay boat ramp,2011-01-10 07:00:00,Akaroa,0.0,0.0,0.0,0.0,0.0,4.4,incoming,medium,muddy,4,grass,1,1,0,0.0,0.0,2.95,3.17,3.76,0.87,2.02,234.0,225.6,226.1,110,-43.785,172.9676,1,2,0,0,7,0,Alongshore,Alongshore,Alongshore,81.2,0.0
2678,Takamatua Bay boat ramp,2011-01-17 07:00:00,Akaroa,0.0,0.0,0.0,0.0,0.0,0.0,ebbing,medium,muddy,4,grass,1,1,0,0.0,0.0,2.44,2.77,2.48,6.67,1.89,353.4,359.5,15.6,110,-43.785,172.9676,1,3,0,0,7,0,Alongshore,Alongshore,Alongshore,82.0,0.0
2679,Takamatua Bay boat ramp,2011-01-24 07:00:00,Akaroa,0.0,0.0,0.0,0.0,2.0,5.8,incoming,medium,muddy,4,grass,1,1,0,0.4,8.0,2.2,1.87,1.48,0.15,2.38,275.8,259.5,237.3,110,-43.785,172.9676,1,4,0,0,7,0,Onshore,Onshore,Alongshore,84.8,0.0
2680,Takamatua Bay boat ramp,2011-01-31 07:00:00,Akaroa,0.0,0.0,1.4,2.0,2.0,5.4,ebbing,medium,muddy,4,grass,1,1,0,0.6,6.0,0.46,1.51,1.97,6.38,1.96,146.0,143.2,162.7,110,-43.785,172.9676,1,5,0,0,7,1,Offshore,Offshore,Alongshore,55.2,0.0
2681,Takamatua Bay boat ramp,2011-02-07 07:00:00,Akaroa,0.0,0.0,12.8,15.0,15.0,15.0,ebbing,medium,muddy,4,grass,1,1,0,3.8,8.0,1.29,0.33,0.4,11.85,1.94,64.0,205.8,206.0,110,-43.785,172.9676,2,6,0,0,7,1,Alongshore,Alongshore,Alongshore,15.6,0.0
2682,Takamatua Bay boat ramp,2011-02-14 07:00:00,Akaroa,0.0,0.0,0.0,0.2,1.2,1.2,incoming,medium,muddy,4,grass,1,1,0,0.6,4.0,2.93,2.89,2.22,5.15,1.84,241.6,241.9,231.4,110,-43.785,172.9676,2,7,0,0,7,0,Alongshore,Alongshore,Alongshore,12.8,0.0
2683,Takamatua Bay boat ramp,2011-03-22 12:00:00,Akaroa,0.2,5.8,7.0,8.6,8.6,9.4,ebbing,medium,muddy,4,grass,1,1,0,3.4,9.0,1.5,2.64,2.76,6.45,2.44,183.2,185.3,187.8,110,-43.785,172.9676,3,12,1,0,12,0,Alongshore,Alongshore,Alongshore,10.0,0.0
2684,Takamatua Bay boat ramp,2011-04-07 10:00:00,Akaroa,0.4,0.8,1.8,19.0,20.0,32.8,ebbing,medium,muddy,4,grass,1,1,0,4.8,16.0,6.17,6.02,6.26,8.17,1.99,219.2,218.5,217.9,110,-43.785,172.9676,4,14,3,0,10,0,Alongshore,Alongshore,Alongshore,4.8,0.0
2685,Takamatua Bay boat ramp,2011-04-11 10:00:00,Akaroa,0.0,0.0,0.0,0.0,0.0,0.0,ebbing,medium,muddy,4,grass,1,1,0,0.0,0.0,0.38,0.15,0.23,11.57,2.06,41.9,38.5,350.9,110,-43.785,172.9676,4,15,0,0,10,0,Alongshore,Alongshore,Alongshore,45.8,0.0
2686,Takamatua Bay boat ramp,2011-11-14 10:00:00,Akaroa,0.0,0.0,0.0,0.0,2.2,11.2,ebbing,medium,muddy,4,grass,1,1,0,1.2,4.0,1.18,1.15,0.88,8.08,1.82,91.1,46.5,359.3,110,-43.785,172.9676,11,46,0,0,10,0,Offshore,Alongshore,Alongshore,,0.0
2687,Takamatua Bay boat ramp,2011-11-24 10:00:00,Akaroa,0.0,0.0,0.0,1.6,7.0,7.0,incoming,medium,muddy,4,grass,1,1,0,1.8,12.0,1.32,0.87,0.71,4.55,2.28,113.2,19.1,338.2,110,-43.785,172.9676,11,47,3,0,10,0,Offshore,Alongshore,Alongshore,10.0,0.0
2688,Takamatua Bay boat ramp,2011-11-28 11:00:00,Akaroa,0.0,0.0,0.0,0.0,0.0,0.0,ebbing,medium,muddy,4,grass,1,1,0,0.0,0.0,1.46,1.92,1.58,7.35,2.16,244.9,222.5,268.8,110,-43.785,172.9676,11,48,0,0,11,0,Alongshore,Alongshore,Onshore,10.0,0.0
2689,Takamatua Bay boat ramp,2011-12-05 11:00:00,Akaroa,0.0,0.0,0.0,0.0,0.0,0.0,incoming,medium,muddy,4,grass,1,1,0,0.0,0.0,1.63,1.09,1.08,1.18,1.95,169.1,183.3,197.3,110,-43.785,172.9676,12,49,0,0,11,0,Alongshore,Alongshore,Alongshore,13.333333333333334,0.0
2690,Takamatua Bay boat ramp,2011-12-12 13:00:00,Akaroa,0.0,0.0,0.0,0.0,0.0,0.0,incoming,medium,muddy,4,grass,1,1,0,0.0,0.0,0.59,0.21,0.22,3.88,1.88,54.1,94.4,4.6,110,-43.785,172.9676,12,50,0,0,13,0,Alongshore,Offshore,Alongshore,12.5,0.0
2691,Takamatua Bay boat ramp,2011-12-19 11:00:00,Akaroa,0.0,0.0,0.0,0.0,0.0,0.0,ebbing,medium,muddy,4,grass,1,1,0,0.0,0.0,1.61,0.47,0.24,12.22,2.16,63.3,194.3,206.6,110,-43.785,172.9676,12,51,0,0,11,0,Alongshore,Alongshore,Alongshore,12.0,0.0
2692,Takamatua Bay boat ramp,2012-01-05 11:00:00,Akaroa,0.0,0.0,0.0,0.0,0.0,0.0,incoming,medium,muddy,4,grass,1,1,0,0.0,0.0,0.32,0.42,0.44,2.17,1.83,90.1,115.7,148.0,110,-43.785,172.9676,1,1,3,0,11,1,Offshore,Offshore,Offshore,14.0,0.0
2693,Takamatua Bay boat ramp,2012-01-09 11:00:00,Akaroa,0.0,0.0,0.0,3.2,3.2,3.4,incoming,medium,muddy,4,grass,1,1,0,0.8,7.0,0.69,0.87,0.72,4.88,1.93,98.5,10.7,302.7,110,-43.785,172.9676,1,2,0,0,11,0,Offshore,Alongshore,Onshore,14.0,0.0
2694,Takamatua Bay boat ramp,2012-01-16 11:00:00,Akaroa,0.0,0.0,0.0,0.2,2.2,2.4,ebbing,medium,muddy,4,grass,1,1,0,1.6,3.0,1.63,0.37,0.16,11.0,2.16,36.5,231.9,233.2,110,-43.785,172.9676,1,3,0,0,11,0,Alongshore,Alongshore,Alongshore,12.0,0.0
2695,Takamatua Bay boat ramp,2012-01-23 11:00:00,Akaroa,0.0,0.0,0.0,4.8,10.4,10.4,incoming,medium,muddy,4,grass,1,1,0,2.2,13.0,3.31,2.89,2.9,4.33,2.14,228.2,228.8,228.0,110,-43.785,172.9676,1,4,0,0,11,0,Alongshore,Alongshore,Alongshore,12.0,0.0
2696,Takamatua Bay boat ramp,2012-01-30 11:00:00,Akaroa,0.0,0.0,0.0,0.0,0.0,0.0,ebbing,medium,muddy,4,grass,1,1,0,0.0,0.0,1.88,0.68,0.41,10.33,1.93,105.2,27.2,22.2,110,-43.785,172.9676,1,5,0,0,11,0,Offshore,Alongshore,Alongshore,12.0,0.0
2697,Takamatua Bay boat ramp,2012-02-09 10:00:00,Akaroa,0.0,0.0,0.0,0.0,0.0,0.2,ebbing,medium,muddy,4,grass,1,1,0,0.0,0.0,0.73,0.21,0.39,6.97,2.17,163.0,171.2,314.8,110,-43.785,172.9676,2,6,3,0,10,1,Alongshore,Alongshore,Onshore,10.0,0.0
2698,Takamatua Bay boat ramp,2012-02-13 11:00:00,Akaroa,0.0,0.0,0.0,0.0,0.0,0.6,ebbing,medium,muddy,4,grass,1,1,0,0.0,0.0,1.28,1.35,1.28,9.72,2.23,43.5,45.0,58.1,110,-43.785,172.9676,2,7,0,0,11,0,Alongshore,Alongshore,Alongshore,10.0,0.0
2699,Takamatua Bay boat ramp,2012-02-27 10:00:00,Akaroa,0.0,0.0,0.0,0.0,0.0,1.0,ebbing,medium,muddy,4,grass,1,1,0,0.0,0.0,0.78,0.45,0.55,9.92,1.97,133.9,205.1,238.2,110,-43.785,172.9676,2,9,0,0,10,0,Offshore,Alongshore,Alongshore,10.0,0.0
2700,Takamatua Bay boat ramp,2012-03-06 11:00:00,Akaroa,0.0,0.0,0.0,0.0,0.0,0.6,incoming,medium,muddy,4,grass,1,1,0,0.0,0.0,0.96,0.73,0.89,3.37,2.03,121.6,91.1,20.5,110,-43.785,172.9676,3,10,1,0,11,0,Offshore,Offshore,Alongshore,12.0,0.0
2701,Takamatua Bay boat ramp,2012-11-22 10:00:00,Akaroa,0.0,0.0,0.0,0.0,0.0,0.0,incoming,medium,muddy,4,grass,1,1,0,0.0,0.0,2.73,2.71,2.82,0.65,2.15,22.3,30.6,35.4,110,-43.785,172.9676,11,47,3,0,10,0,Alongshore,Alongshore,Alongshore,,0.0
2702,Takamatua Bay boat ramp,2012-11-27 11:00:00,Akaroa,0.0,0.0,0.0,0.0,0.0,0.0,incoming,medium,muddy,4,grass,1,1,0,0.0,0.0,0.77,0.8,0.75,4.0,1.96,61.6,50.8,348.4,110,-43.785,172.9676,11,48,1,0,11,0,Alongshore,Alongshore,Alongshore,10.0,0.0
2703,Takamatua Bay boat ramp,2012-12-03 09:00:00,Akaroa,0.0,0.0,0.0,0.0,0.0,0.0,ebbing,medium,muddy,4,grass,1,1,0,0.0,0.0,2.16,2.13,1.82,10.08,1.8,28.4,29.3,1.6,110,-43.785,172.9676,12,49,0,0,9,0,Alongshore,Alongshore,Alongshore,10.0,0.0
2704,Takamatua Bay boat ramp,2012-12-10 10:00:00,Akaroa,0.0,0.0,0.0,0.0,0.0,0.2,incoming,medium,muddy,4,grass,1,1,0,0.0,0.0,1.19,2.42,3.3,2.13,2.15,231.2,239.8,242.1,110,-43.785,172.9676,12,50,0,0,10,0,Alongshore,Alongshore,Alongshore,10.0,0.0
2705,Takamatua Bay boat ramp,2012-12-17 09:00:00,Akaroa,0.0,0.0,0.0,0.0,0.0,0.0,ebbing,medium,muddy,4,grass,1,1,0,0.0,0.0,0.68,0.15,0.52,10.07,2.21,78.2,331.6,282.3,110,-43.785,172.9676,12,51,0,0,9,0,Offshore,Onshore,Onshore,10.0,0.0
2706,Takamatua Bay boat ramp,2012-12-27 10:00:00,Akaroa,0.0,0.0,0.0,0.0,0.2,0.2,incoming,medium,muddy,4,grass,1,1,0,0.2,1.0,1.96,1.99,1.89,5.33,1.89,38.4,42.4,57.4,110,-43.785,172.9676,12,52,3,0,10,1,Alongshore,Alongshore,Alongshore,10.0,0.0
2707,Takamatua Bay boat ramp,2013-01-03 10:00:00,Akaroa,0.0,0.0,0.0,14.8,23.2,23.2,ebbing,medium,muddy,4,grass,1,1,0,4.6,11.0,1.79,1.66,1.22,10.1,1.93,70.9,44.8,39.8,110,-43.785,172.9676,1,1,3,0,10,1,Offshore,Alongshore,Alongshore,10.0,0.0
2708,Takamatua Bay boat ramp,2013-01-10 12:00:00,Akaroa,0.0,0.0,0.0,0.0,0.0,0.0,incoming,medium,muddy,4,grass,1,1,0,0.0,0.0,4.61,3.32,1.65,2.18,2.21,335.4,323.5,322.5,110,-43.785,172.9676,1,2,3,0,12,0,Alongshore,Onshore,Onshore,10.0,0.0
2709,Takamatua Bay boat ramp,2013-01-14 08:00:00,Akaroa,0.0,0.0,0.0,0.0,0.0,0.0,ebbing,medium,muddy,4,grass,1,1,0,0.0,0.0,1.65,1.56,1.26,9.87,2.27,40.4,66.3,77.1,110,-43.785,172.9676,1,3,0,0,8,0,Alongshore,Offshore,Offshore,10.0,0.0
2710,Takamatua Bay boat ramp,2013-01-21 12:00:00,Akaroa,0.0,0.0,0.0,0.0,0.0,0.0,ebbing,medium,muddy,4,grass,1,1,0,0.0,0.0,1.49,1.09,1.25,12.5,2.0,100.0,66.1,70.6,110,-43.785,172.9676,1,4,0,0,12,0,Offshore,Offshore,Offshore,12.0,0.0
2711,Takamatua Bay boat ramp,2013-01-28 13:00:00,Akaroa,0.0,0.0,0.0,0.0,0.0,0.0,incoming,medium,muddy,4,grass,1,1,0,0.0,0.0,0.96,0.53,0.44,3.55,1.96,96.6,94.7,4.3,110,-43.785,172.9676,1,5,0,0,13,0,Offshore,Offshore,Alongshore,12.0,0.0
2712,Takamatua Bay boat ramp,2013-02-04 11:00:00,Akaroa,4.8,14.8,25.4,25.4,25.4,25.4,ebbing,medium,muddy,4,grass,1,1,0,5.4,12.0,2.6,3.95,4.33,11.73,2.18,201.0,200.6,211.1,110,-43.785,172.9676,2,6,0,0,11,1,Alongshore,Alongshore,Alongshore,12.0,0.0
2713,Takamatua Bay boat ramp,2013-02-11 13:00:00,Akaroa,0.0,0.0,0.0,0.0,0.0,0.0,incoming,medium,muddy,4,grass,1,1,0,0.0,0.0,2.55,1.25,1.34,3.38,2.28,199.1,213.7,234.7,110,-43.785,172.9676,2,7,0,0,13,0,Alongshore,Alongshore,Alongshore,16.2,0.0
2714,Takamatua Bay boat ramp,2013-02-18 11:00:00,Akaroa,0.0,0.0,0.0,0.0,0.0,0.0,ebbing,medium,muddy,4,grass,1,1,0,0.0,0.0,1.26,0.85,0.3,11.45,1.97,3.2,17.8,322.1,110,-43.785,172.9676,2,8,0,0,11,0,Alongshore,Alongshore,Onshore,16.2,0.0
2715,Takamatua Bay boat ramp,2013-02-25 10:00:00,Akaroa,0.0,0.0,0.0,0.0,0.0,0.0,incoming,medium,muddy,4,grass,1,1,0,0.0,0.0,2.06,1.14,0.32,5.98,2.01,112.4,357.1,336.6,110,-43.785,172.9676,2,9,0,0,10,0,Offshore,Alongshore,Alongshore,14.2,0.0
2716,Takamatua Bay boat ramp,2013-11-13 11:00:00,Akaroa,0.0,0.0,0.0,0.0,0.0,0.0,incoming,medium,muddy,4,grass,1,1,0,0.0,0.0,1.45,1.02,0.83,0.82,2.21,78.8,57.2,32.0,110,-43.785,172.9676,11,46,2,0,11,0,Offshore,Alongshore,Alongshore,,0.0
2717,Takamatua Bay boat ramp,2013-11-26 09:00:00,Akaroa,0.2,0.2,0.2,0.6,7.6,7.6,incoming,medium,muddy,4,grass,1,1,0,1.8,11.0,1.03,1.15,0.87,0.72,1.93,125.1,135.2,182.4,110,-43.785,172.9676,11,48,1,0,9,0,Offshore,Offshore,Alongshore,20.0,0.0
2718,Takamatua Bay boat ramp,2013-12-03 13:00:00,Akaroa,0.0,0.0,0.0,0.0,0.0,0.0,incoming,medium,muddy,4,grass,1,1,0,0.0,0.0,0.66,0.48,0.73,2.3,2.22,205.7,208.7,319.4,110,-43.785,172.9676,12,49,1,0,13,0,Alongshore,Alongshore,Onshore,30.5,0.0
2719,Takamatua Bay boat ramp,2013-12-10 09:00:00,Akaroa,0.0,0.0,0.0,0.8,0.8,1.0,incoming,medium,muddy,4,grass,1,1,0,0.4,3.0,1.08,1.37,0.96,0.97,2.26,50.0,34.9,6.8,110,-43.785,172.9676,12,50,1,0,9,0,Alongshore,Alongshore,Alongshore,23.666666666666668,0.0
2720,Takamatua Bay boat ramp,2013-12-17 14:00:00,Akaroa,0.0,0.0,0.0,13.6,14.0,14.0,incoming,medium,muddy,4,grass,1,1,0,9.2,7.0,0.38,1.01,1.03,1.53,1.97,92.1,92.7,126.4,110,-43.785,172.9676,12,51,1,0,14,0,Offshore,Offshore,Offshore,20.25,0.0
2721,Takamatua Bay boat ramp,2013-12-22 09:00:00,Akaroa,0.0,0.0,0.0,20.0,23.4,23.4,ebbing,medium,muddy,4,grass,1,1,0,4.4,15.0,1.89,1.12,0.43,10.8,1.84,161.8,218.9,218.7,110,-43.785,172.9676,12,51,6,1,9,1,Alongshore,Alongshore,Alongshore,20.2,0.0
2722,Takamatua Bay boat ramp,2014-01-07 10:00:00,Akaroa,0.0,0.0,0.0,0.0,0.0,1.6,ebbing,medium,muddy,4,grass,1,1,0,0.0,0.0,1.87,0.85,0.47,11.57,2.2,181.3,355.0,14.3,110,-43.785,172.9676,1,2,1,0,10,0,Alongshore,Alongshore,Alongshore,28.8,0.0
2723,Takamatua Bay boat ramp,2014-01-14 14:00:00,Akaroa,0.0,0.0,0.0,0.0,0.0,0.2,incoming,medium,muddy,4,grass,1,1,0,0.0,0.0,1.19,0.7,0.77,0.32,1.93,141.0,150.4,195.0,110,-43.785,172.9676,1,3,1,0,14,0,Offshore,Offshore,Alongshore,22.6,0.0
2724,Takamatua Bay boat ramp,2014-01-21 08:00:00,Akaroa,0.0,0.0,0.4,1.0,1.0,1.0,ebbing,medium,muddy,4,grass,1,1,0,0.4,4.0,1.62,1.44,1.33,11.12,1.88,45.8,47.4,48.6,110,-43.785,172.9676,1,4,1,0,8,0,Alongshore,Alongshore,Alongshore,22.6,0.0
2725,Takamatua Bay boat ramp,2014-01-29 14:00:00,Akaroa,0.0,0.0,0.0,0.0,0.0,1.2,incoming,medium,muddy,4,grass,1,1,0,0.0,0.0,1.09,0.44,0.42,0.15,2.22,116.6,66.1,17.7,110,-43.785,172.9676,1,5,2,0,14,0,Offshore,Offshore,Alongshore,22.6,0.0
2726,Takamatua Bay boat ramp,2014-02-04 08:00:00,Akaroa,0.0,0.0,0.0,0.0,0.0,0.0,ebbing,medium,muddy,4,grass,1,1,0,0.0,0.0,0.96,0.72,0.78,11.52,2.27,339.1,321.9,328.9,110,-43.785,172.9676,2,6,1,0,8,1,Alongshore,Onshore,Onshore,20.6,0.0
2727,Takamatua Bay boat ramp,2014-02-11 13:00:00,Akaroa,0.0,0.0,0.0,0.0,0.0,1.0,incoming,medium,muddy,4,grass,1,1,0,0.0,0.0,0.52,0.53,0.54,0.65,1.89,134.1,136.2,336.9,110,-43.785,172.9676,2,7,1,0,13,0,Offshore,Offshore,Alongshore,12.0,0.0
2728,Takamatua Bay boat ramp,2014-02-18 08:00:00,Akaroa,0.0,0.0,0.0,0.0,0.0,0.0,ebbing,medium,muddy,4,grass,1,1,0,0.0,0.0,0.68,0.39,0.99,10.73,1.97,123.4,358.8,355.6,110,-43.785,172.9676,2,8,1,0,8,0,Offshore,Alongshore,Alongshore,12.0,0.0
2729,Takamatua Bay boat ramp,2014-02-25 12:00:00,Akaroa,0.0,0.0,0.0,0.0,0.0,20.8,ebbing,medium,muddy,4,grass,1,1,0,0.0,0.0,1.42,1.13,1.15,11.95,2.32,60.1,54.1,69.8,110,-43.785,172.9676,2,9,1,0,12,0,Alongshore,Alongshore,Offshore,14.0,0.0
2730,Takamatua Bay boat ramp,2014-03-10 10:00:00,Akaroa,0.0,0.0,0.0,0.0,0.0,0.0,incoming,medium,muddy,4,grass,1,1,0,0.0,0.0,1.16,0.83,0.8,1.65,1.87,348.6,2.2,357.7,110,-43.785,172.9676,3,11,0,0,10,0,Alongshore,Alongshore,Alongshore,14.0,0.0
2731,Takamatua Bay boat ramp,2014-11-19 12:00:00,Akaroa,0.0,6.6,10.8,10.8,10.8,10.8,incoming,medium,muddy,4,grass,1,1,0,5.8,6.0,1.32,1.2,0.94,1.2,1.98,102.4,156.5,153.2,110,-43.785,172.9676,11,47,2,0,12,0,Offshore,Alongshore,Offshore,,0.0
2732,Takamatua Bay boat ramp,2014-11-25 17:00:00,Akaroa,0.0,0.0,0.0,0.2,0.2,0.2,incoming,medium,muddy,4,grass,1,1,0,0.2,1.0,1.92,2.36,4.41,0.78,2.09,289.0,294.5,323.7,110,-43.785,172.9676,11,48,1,0,17,0,Onshore,Onshore,Onshore,10.0,0.0
2733,Takamatua Bay boat ramp,2014-12-09 07:00:00,Akaroa,0.0,0.0,0.0,0.0,0.0,0.0,ebbing,medium,muddy,4,grass,1,1,0,0.0,0.0,1.99,2.09,1.73,10.65,2.02,27.3,1.2,4.0,110,-43.785,172.9676,12,50,1,0,7,0,Alongshore,Alongshore,Alongshore,25.5,0.0
2734,Takamatua Bay boat ramp,2014-12-16 12:00:00,Akaroa,0.0,0.0,0.0,0.0,0.0,0.0,ebbing,medium,muddy,4,grass,1,1,0,0.0,0.0,2.47,1.93,1.93,11.68,1.91,28.2,29.6,13.8,110,-43.785,172.9676,12,51,1,0,12,0,Alongshore,Alongshore,Alongshore,34.333333333333336,0.0
2735,Takamatua Bay boat ramp,2014-12-21 14:00:00,Akaroa,0.0,3.2,7.8,7.8,8.0,8.0,incoming,medium,muddy,4,grass,1,1,0,3.2,6.0,0.59,0.4,0.3,1.45,2.08,114.2,102.2,191.4,110,-43.785,172.9676,12,51,6,1,14,1,Offshore,Offshore,Alongshore,28.25,0.0
2736,Takamatua Bay boat ramp,2014-12-30 11:00:00,Akaroa,0.0,0.0,0.0,0.0,0.0,0.2,ebbing,medium,muddy,4,grass,1,1,0,0.0,0.0,2.27,1.56,1.87,12.07,2.21,35.2,37.5,2.1,110,-43.785,172.9676,12,1,1,0,11,1,Alongshore,Alongshore,Alongshore,24.6,0.0
2737,Takamatua Bay boat ramp,2015-01-05 15:00:00,Akaroa,0.0,0.0,0.0,0.0,0.0,0.0,incoming,medium,muddy,4,grass,1,1,0,0.0,0.0,0.93,0.68,0.69,1.03,2.03,113.9,110.6,103.1,110,-43.785,172.9676,1,2,0,0,15,1,Offshore,Offshore,Offshore,24.6,0.0
2738,Takamatua Bay boat ramp,2015-01-13 09:00:00,Akaroa,0.0,0.0,0.0,0.0,0.0,0.0,incoming,medium,muddy,4,grass,1,1,0,0.0,0.0,1.44,1.19,0.8,0.23,1.89,35.8,39.6,16.5,110,-43.785,172.9676,1,3,1,0,9,0,Alongshore,Alongshore,Alongshore,36.0,0.0
2739,Takamatua Bay boat ramp,2015-01-20 14:00:00,Akaroa,1.8,1.8,1.8,2.2,2.2,2.2,incoming,medium,muddy,4,grass,1,1,0,1.6,3.0,0.87,0.76,0.72,1.13,2.22,131.9,124.7,211.9,110,-43.785,172.9676,1,4,1,0,14,0,Offshore,Offshore,Alongshore,27.6,0.0
2740,Takamatua Bay boat ramp,2015-01-27 10:00:00,Akaroa,0.0,0.0,0.0,0.0,0.0,0.0,ebbing,medium,muddy,4,grass,1,1,0,0.0,0.0,1.41,2.09,2.04,12.12,2.22,38.7,31.0,0.6,110,-43.785,172.9676,1,5,1,0,10,0,Alongshore,Alongshore,Alongshore,27.6,0.0
2741,Takamatua Bay boat ramp,2015-02-03 14:00:00,Akaroa,0.0,0.0,0.0,2.6,2.6,3.6,incoming,medium,muddy,4,grass,1,1,0,1.2,3.0,0.79,1.94,2.48,1.67,2.0,43.9,44.7,69.0,110,-43.785,172.9676,2,6,1,0,14,1,Alongshore,Alongshore,Offshore,27.6,0.0
2742,Takamatua Bay boat ramp,2015-02-10 08:00:00,Akaroa,0.0,0.0,0.0,0.2,1.6,1.6,ebbing,medium,muddy,4,grass,1,1,0,0.6,5.0,1.48,1.07,0.58,12.12,1.89,5.8,297.9,248.0,110,-43.785,172.9676,2,7,1,0,8,0,Alongshore,Onshore,Onshore,27.6,0.0
2743,Takamatua Bay boat ramp,2015-02-17 14:00:00,Akaroa,0.0,0.0,0.0,0.0,0.0,0.0,ebbing,medium,muddy,4,grass,1,1,0,0.0,0.0,1.1,0.31,0.3,12.42,2.47,71.0,101.1,357.1,110,-43.785,172.9676,2,8,1,0,14,0,Offshore,Offshore,Alongshore,10.0,0.0
2744,Takamatua Bay boat ramp,2015-02-24 09:00:00,Akaroa,0.0,0.0,0.0,0.0,1.8,1.8,ebbing,medium,muddy,4,grass,1,1,0,1.6,2.0,2.01,1.47,0.55,12.03,2.28,57.2,5.6,10.1,110,-43.785,172.9676,2,9,1,0,9,0,Alongshore,Alongshore,Alongshore,10.0,0.0
2745,Takamatua Bay boat ramp,2015-03-03 13:00:00,Akaroa,0.0,0.0,0.0,0.6,0.6,0.6,incoming,medium,muddy,4,grass,1,1,0,0.6,1.0,0.92,0.72,0.55,1.48,1.98,139.8,113.0,40.6,110,-43.785,172.9676,3,10,1,0,13,0,Offshore,Offshore,Alongshore,10.0,0.0
2746,Takamatua Bay boat ramp,2015-11-18 12:00:00,Akaroa,0.0,0.0,0.0,3.0,3.0,3.0,ebbing,medium,muddy,4,grass,1,1,0,1.4,4.0,2.03,0.81,0.41,9.28,1.95,164.8,192.8,210.2,110,-43.785,172.9676,11,47,2,0,12,0,Alongshore,Alongshore,Alongshore,,0.0
2747,Takamatua Bay boat ramp,2015-11-24 13:00:00,Akaroa,0.0,0.0,0.0,0.0,0.0,0.2,incoming,medium,muddy,4,grass,1,1,0,0.0,0.0,1.6,1.34,1.55,1.35,2.33,111.5,108.9,43.0,110,-43.785,172.9676,11,48,1,0,13,0,Offshore,Offshore,Alongshore,10.0,0.0
2748,Takamatua Bay boat ramp,2015-12-01 08:00:00,Akaroa,0.0,0.0,0.0,0.0,0.0,0.2,ebbing,medium,muddy,4,grass,1,1,0,0.0,0.0,1.69,0.49,0.49,12.17,2.02,127.3,19.4,0.3,110,-43.785,172.9676,12,49,1,0,8,0,Offshore,Alongshore,Alongshore,10.0,0.0
2749,Takamatua Bay boat ramp,2015-12-08 13:00:00,Akaroa,0.0,0.0,0.0,0.0,1.0,3.4,incoming,medium,muddy,4,grass,1,1,0,0.6,2.0,2.91,2.99,2.95,0.57,1.94,214.3,218.1,225.2,110,-43.785,172.9676,12,50,1,0,13,0,Alongshore,Alongshore,Alongshore,10.0,0.0
2750,Takamatua Bay boat ramp,2015-12-15 07:00:00,Akaroa,2.4,2.4,2.4,2.4,2.6,15.0,ebbing,medium,muddy,4,grass,1,1,0,1.2,3.0,0.4,1.23,3.28,12.27,2.01,137.5,93.1,58.0,110,-43.785,172.9676,12,51,1,0,7,0,Offshore,Offshore,Alongshore,10.0,0.0
2751,Takamatua Bay boat ramp,2015-12-22 11:00:00,Akaroa,0.0,0.2,0.4,0.6,0.6,0.6,incoming,medium,muddy,4,grass,1,1,0,0.2,3.0,1.1,0.3,0.7,1.33,2.21,117.7,173.4,189.3,110,-43.785,172.9676,12,52,1,0,11,1,Offshore,Alongshore,Alongshore,10.0,0.0
2752,Takamatua Bay boat ramp,2015-12-29 07:00:00,Akaroa,0.0,0.0,0.0,0.0,0.0,0.0,ebbing,medium,muddy,4,grass,1,1,0,0.0,0.0,1.73,1.36,0.42,11.87,2.06,276.8,265.8,265.0,110,-43.785,172.9676,12,53,1,0,7,1,Onshore,Onshore,Onshore,10.0,0.0
2753,Takamatua Bay boat ramp,2016-01-06 11:00:00,Akaroa,0.0,0.0,0.0,0.0,0.0,2.4,incoming,medium,muddy,4,grass,1,1,0,0.0,0.0,1.79,0.76,0.39,1.93,1.88,120.9,14.2,13.7,110,-43.785,172.9676,1,1,2,0,11,0,Offshore,Alongshore,Alongshore,10.0,0.0
2754,Takamatua Bay boat ramp,2016-01-12 06:00:00,Akaroa,0.0,0.0,0.0,0.0,0.0,0.0,ebbing,medium,muddy,4,grass,1,1,0,0.0,0.0,1.34,1.79,1.45,11.55,2.12,316.3,256.5,272.9,110,-43.785,172.9676,1,2,1,0,6,0,Onshore,Onshore,Onshore,10.0,0.0
2755,Takamatua Bay boat ramp,2016-01-19 10:00:00,Akaroa,0.0,0.0,0.0,5.4,7.8,7.8,incoming,medium,muddy,4,grass,1,1,0,2.0,11.0,2.14,3.11,3.46,1.23,2.14,235.6,239.5,260.3,110,-43.785,172.9676,1,3,1,0,10,0,Alongshore,Alongshore,Onshore,14.2,0.0
2756,Takamatua Bay boat ramp,2016-01-26 06:00:00,Akaroa,0.0,0.0,0.0,0.2,0.2,0.2,ebbing,medium,muddy,4,grass,1,1,0,0.2,1.0,1.26,2.17,2.16,11.65,2.09,181.7,182.3,180.9,110,-43.785,172.9676,1,4,1,0,6,0,Alongshore,Alongshore,Alongshore,16.2,0.0
2757,Takamatua Bay boat ramp,2016-01-27 14:00:00,Akaroa,1.0,7.4,17.8,18.2,18.6,18.6,incoming,medium,muddy,4,grass,1,1,0,2.6,14.0,0.11,0.52,0.44,4.02,2.05,92.7,125.3,186.6,110,-43.785,172.9676,1,4,2,0,14,0,Offshore,Offshore,Alongshore,60.4,0.0
2758,Takamatua Bay boat ramp,2016-02-01 10:00:00,Akaroa,0.0,0.0,0.0,0.0,0.0,0.0,incoming,medium,muddy,4,grass,1,1,0,0.0,0.0,1.08,0.27,0.37,0.27,1.87,158.0,19.7,333.0,110,-43.785,172.9676,2,5,0,0,10,1,Alongshore,Alongshore,Onshore,60.4,0.0
2759,Takamatua Bay boat ramp,2016-02-10 05:00:00,Akaroa,0.0,0.0,0.0,0.0,0.0,0.0,ebbing,medium,muddy,4,grass,1,1,0,0.0,0.0,2.58,2.73,2.44,11.72,2.27,18.1,12.9,13.6,110,-43.785,172.9676,2,6,2,0,5,0,Alongshore,Alongshore,Alongshore,60.4,0.0
2760,Takamatua Bay boat ramp,2016-02-16 10:00:00,Akaroa,0.0,0.0,0.0,0.0,0.0,0.0,incoming,medium,muddy,4,grass,1,1,0,0.0,0.0,1.71,0.91,0.7,0.85,2.12,84.0,38.1,5.4,110,-43.785,172.9676,2,7,1,0,10,0,Offshore,Alongshore,Alongshore,56.2,0.0
2761,Takamatua Bay boat ramp,2016-02-23 15:00:00,Akaroa,0.0,0.0,0.0,0.0,0.0,0.0,incoming,medium,muddy,4,grass,1,1,0,0.0,0.0,0.47,0.26,0.25,1.35,2.09,104.7,92.9,348.4,110,-43.785,172.9676,2,8,1,0,15,0,Offshore,Offshore,Alongshore,54.2,0.0
2762,Takamatua Bay boat ramp,2016-11-22 10:00:00,Akaroa,0.0,0.0,0.0,0.0,0.0,0.0,incoming,medium,muddy,4,grass,1,1,0,0.0,0.0,0.91,0.77,0.56,0.17,2.18,76.4,37.5,334.9,110,-43.785,172.9676,11,47,1,0,10,0,Offshore,Alongshore,Onshore,,0.0
2763,Takamatua Bay boat ramp,2016-11-29 14:00:00,Akaroa,0.0,0.0,0.0,0.0,0.0,1.2,incoming,medium,muddy,4,grass,1,1,0,0.0,0.0,1.72,1.03,1.38,1.75,1.96,214.3,200.1,225.9,110,-43.785,172.9676,11,48,1,0,14,0,Alongshore,Alongshore,Alongshore,10.0,0.0
2764,Takamatua Bay boat ramp,2016-12-06 08:00:00,Akaroa,0.0,0.0,0.0,0.0,0.0,0.0,incoming,medium,muddy,4,grass,1,1,0,0.0,0.0,0.49,0.16,0.35,0.48,2.06,163.7,92.8,250.1,110,-43.785,172.9676,12,49,1,0,8,0,Alongshore,Offshore,Onshore,10.0,0.0
2765,Takamatua Bay boat ramp,2016-12-13 13:00:00,Akaroa,0.0,0.0,0.0,0.0,17.2,33.4,incoming,medium,muddy,4,grass,1,1,0,4.0,13.0,1.47,0.83,1.1,2.03,2.32,92.1,95.2,21.9,110,-43.785,172.9676,12,50,1,0,13,0,Offshore,Offshore,Alongshore,17.0,0.0
2766,Takamatua Bay boat ramp,2016-12-20 09:00:00,Akaroa,0.0,0.0,0.0,0.0,0.0,0.0,ebbing,medium,muddy,4,grass,1,1,0,0.0,0.0,2.8,2.99,3.03,12.22,2.05,22.0,32.4,38.6,110,-43.785,172.9676,12,51,1,0,9,1,Alongshore,Alongshore,Alongshore,15.25,0.0
2767,Takamatua Bay boat ramp,2016-12-28 13:00:00,Akaroa,1.0,1.0,1.0,1.0,1.0,1.0,incoming,medium,muddy,4,grass,1,1,0,0.8,2.0,0.77,0.19,0.38,2.75,1.92,241.4,167.3,108.5,110,-43.785,172.9676,12,52,2,0,13,1,Alongshore,Alongshore,Offshore,18.4,0.0
2768,Takamatua Bay boat ramp,2017-01-05 09:00:00,Akaroa,0.0,0.0,0.0,1.2,13.6,17.0,ebbing,medium,muddy,4,grass,1,1,0,4.0,11.0,2.17,0.9,0.24,12.37,2.05,122.4,223.9,222.4,110,-43.785,172.9676,1,1,3,0,9,1,Offshore,Alongshore,Alongshore,18.4,0.0
2769,Takamatua Bay boat ramp,2017-01-10 13:00:00,Akaroa,0.0,0.0,0.0,0.0,0.0,0.0,incoming,medium,muddy,4,grass,1,1,0,0.0,0.0,1.85,1.43,0.6,0.3,2.22,68.6,29.8,35.3,110,-43.785,172.9676,1,2,1,0,13,0,Offshore,Alongshore,Alongshore,35.8,0.0
2770,Takamatua Bay boat ramp,2017-01-17 08:00:00,Akaroa,0.0,0.0,0.0,0.0,0.0,0.0,ebbing,medium,muddy,4,grass,1,1,0,0.0,0.0,2.73,3.43,2.92,11.53,2.09,323.7,331.4,351.7,110,-43.785,172.9676,1,3,1,0,8,0,Onshore,Onshore,Alongshore,31.6,0.0
2771,Takamatua Bay boat ramp,2017-01-23 12:00:00,Akaroa,0.0,0.0,0.0,2.0,60.4,64.0,incoming,medium,muddy,4,grass,1,1,0,8.0,26.0,1.57,0.38,0.61,0.42,1.87,151.9,186.2,238.3,110,-43.785,172.9676,1,4,0,0,12,0,Offshore,Alongshore,Alongshore,31.6,0.0
2772,Takamatua Bay boat ramp,2017-01-31 08:00:00,Akaroa,0.0,0.0,0.0,0.0,0.0,0.0,ebbing,medium,muddy,4,grass,1,1,0,0.0,0.0,2.99,3.43,2.75,10.78,2.07,344.7,335.3,349.2,110,-43.785,172.9676,1,5,1,0,8,1,Alongshore,Alongshore,Alongshore,29.4,0.0
2773,Takamatua Bay boat ramp,2017-02-08 14:00:00,Akaroa,0.0,0.0,0.0,0.6,0.6,1.6,ebbing,medium,muddy,4,grass,1,1,0,0.4,2.0,0.91,0.31,0.51,11.72,2.39,207.1,195.3,217.5,110,-43.785,172.9676,2,6,2,0,14,1,Alongshore,Alongshore,Alongshore,31.4,0.0
2774,Takamatua Bay boat ramp,2017-02-14 17:00:00,Akaroa,0.0,0.0,0.0,0.0,0.0,0.0,incoming,medium,muddy,4,grass,1,1,0,0.0,0.0,0.52,0.32,0.44,1.83,2.14,118.3,106.1,77.9,110,-43.785,172.9676,2,7,1,0,17,0,Offshore,Offshore,Offshore,14.0,0.0
2775,Takamatua Bay boat ramp,2017-02-21 14:00:00,Akaroa,0.0,0.0,0.0,0.0,0.0,1.6,ebbing,medium,muddy,4,grass,1,1,0,0.0,0.0,0.69,0.44,0.63,10.65,1.98,108.8,127.4,6.0,110,-43.785,172.9676,2,8,1,0,14,0,Offshore,Offshore,Alongshore,14.0,0.0
2776,Takamatua Bay boat ramp,2017-03-06 10:00:00,Akaroa,0.0,0.0,0.0,0.0,0.0,0.0,incoming,medium,muddy,4,grass,1,1,0,0.0,0.0,0.49,0.47,0.45,0.02,2.09,134.4,36.2,29.7,110,-43.785,172.9676,3,10,0,0,10,0,Offshore,Alongshore,Alongshore,14.0,0.0
2777,Takamatua Bay boat ramp,2017-11-14 16:00:00,Akaroa,0.0,0.0,0.0,0.0,0.0,0.6,ebbing,medium,muddy,4,grass,1,1,0,0.0,0.0,0.32,0.31,0.41,9.0,2.13,184.0,181.1,250.0,110,-43.785,172.9676,11,46,1,0,16,0,Alongshore,Alongshore,Onshore,,0.0
2778,Takamatua Bay boat ramp,2017-11-29 12:00:00,Akaroa,0.0,0.0,0.0,0.0,0.0,0.0,ebbing,medium,muddy,4,grass,1,1,0,0.0,0.0,0.64,0.3,0.75,12.43,2.05,189.0,181.5,312.6,110,-43.785,172.9676,11,48,2,0,12,0,Alongshore,Alongshore,Onshore,10.0,0.0
2779,Takamatua Bay boat ramp,2017-12-06 07:00:00,Akaroa,0.0,0.0,0.0,0.0,0.0,0.0,ebbing,medium,muddy,4,grass,1,1,0,0.0,0.0,2.24,2.88,2.47,11.18,2.28,23.0,23.8,23.1,110,-43.785,172.9676,12,49,2,0,7,0,Alongshore,Alongshore,Alongshore,31.0,0.0
2780,Takamatua Bay boat ramp,2017-12-08 12:00:00,Akaroa,0.0,0.0,0.0,0.0,0.0,0.0,ebbing,medium,muddy,4,grass,1,1,0,0.0,0.0,0.64,0.53,1.07,7.53,2.19,93.4,96.4,331.5,110,-43.785,172.9676,12,49,4,0,12,0,Offshore,Offshore,Onshore,126.66666666666667,0.25
2781,Takamatua Bay boat ramp,2017-12-13 12:00:00,Akaroa,0.2,0.2,5.6,5.6,6.6,6.6,ebbing,medium,muddy,4,grass,1,1,0,3.4,7.0,0.94,0.45,0.5,12.4,2.1,132.4,118.3,101.6,110,-43.785,172.9676,12,50,2,0,12,0,Offshore,Offshore,Offshore,97.5,0.2
2782,Takamatua Bay boat ramp,2017-12-21 07:00:00,Akaroa,0.0,0.0,0.0,0.0,0.0,0.0,ebbing,medium,muddy,4,grass,1,1,0,0.0,0.0,0.97,1.85,2.06,11.22,1.86,233.2,230.6,288.3,110,-43.785,172.9676,12,51,3,0,7,1,Alongshore,Alongshore,Onshore,80.0,0.16666666666666666
2783,Takamatua Bay boat ramp,2017-12-27 09:00:00,Akaroa,0.0,0.0,0.0,0.4,7.8,7.8,incoming,medium,muddy,4,grass,1,1,0,2.6,10.0,3.2,2.28,1.81,1.67,2.01,183.5,208.2,219.7,110,-43.785,172.9676,12,52,2,0,9,1,Alongshore,Alongshore,Alongshore,88.4,0.14285714285714285
2784,Takamatua Bay boat ramp,2018-01-10 10:00:00,Akaroa,0.8,0.8,3.2,6.4,6.4,6.4,incoming,medium,muddy,4,grass,1,1,0,1.2,12.0,1.66,0.87,0.6,0.42,2.07,108.3,175.6,222.9,110,-43.785,172.9676,1,2,2,0,10,0,Offshore,Alongshore,Alongshore,80.0,0.125
2785,Takamatua Bay boat ramp,2018-01-15 12:00:00,Akaroa,0.0,0.0,0.0,0.0,0.0,0.0,incoming,medium,muddy,4,grass,1,1,0,0.0,0.0,2.52,1.72,0.96,2.68,1.92,54.9,36.4,11.6,110,-43.785,172.9676,1,3,0,0,12,0,Alongshore,Alongshore,Alongshore,31.0,0.1111111111111111
2786,Takamatua Bay boat ramp,2018-01-24 09:00:00,Akaroa,0.0,0.0,0.0,0.0,0.0,0.0,ebbing,medium,muddy,4,grass,1,1,0,0.0,0.0,1.04,0.8,0.4,12.32,1.98,56.0,1.9,321.8,110,-43.785,172.9676,1,4,2,0,9,0,Alongshore,Alongshore,Onshore,31.0,0.1
2787,Takamatua Bay boat ramp,2018-01-29 13:00:00,Akaroa,0.0,0.0,0.0,0.0,0.0,0.0,incoming,medium,muddy,4,grass,1,1,0,0.0,0.0,1.22,0.38,0.4,0.8,2.19,134.9,105.1,354.9,110,-43.785,172.9676,1,5,0,0,13,0,Offshore,Offshore,Alongshore,33.0,0.09090909090909091
2788,Takamatua Bay boat ramp,2018-02-09 10:00:00,Akaroa,0.0,0.0,0.0,0.0,0.0,0.0,incoming,medium,muddy,4,grass,1,1,0,0.0,0.0,1.94,0.72,0.58,0.87,1.92,131.7,45.7,15.2,110,-43.785,172.9676,2,6,4,0,10,1,Offshore,Alongshore,Alongshore,33.0,0.08333333333333333
2789,Takamatua Bay boat ramp,2018-02-14 13:00:00,Akaroa,0.0,0.0,0.0,0.0,0.0,0.0,incoming,medium,muddy,4,grass,1,1,0,0.0,0.0,1.27,0.32,0.43,1.87,1.92,85.1,157.6,218.9,110,-43.785,172.9676,2,7,2,0,13,0,Offshore,Alongshore,Alongshore,33.0,0.07692307692307693
2790,Takamatua Bay boat ramp,2018-02-23 12:00:00,Akaroa,0.0,0.0,0.0,0.0,1.8,49.8,ebbing,medium,muddy,4,grass,1,1,0,0.6,5.0,0.9,0.35,0.4,10.45,2.13,223.1,185.9,233.1,110,-43.785,172.9676,2,8,4,0,12,0,Alongshore,Alongshore,Alongshore,20.4,0.07142857142857142
2791,Takamatua Bay boat ramp,2018-03-09 11:00:00,Akaroa,0.0,0.0,0.0,2.8,2.8,2.8,ebbing,medium,muddy,4,grass,1,1,0,1.0,4.0,2.18,1.68,0.95,10.73,2.01,139.8,161.1,175.2,110,-43.785,172.9676,3,10,4,0,11,0,Offshore,Alongshore,Alongshore,20.4,0.06666666666666667
2792,Takamatua Bay boat ramp,2018-03-21 08:00:00,Akaroa,0.2,0.2,0.2,0.2,0.2,0.2,ebbing,medium,muddy,4,grass,1,1,0,0.2,1.0,1.16,1.99,2.41,11.17,2.16,217.0,234.5,261.6,110,-43.785,172.9676,3,12,2,0,8,0,Alongshore,Alongshore,Onshore,18.4,0.0625
2793,Takamatua Bay boat ramp,2018-11-14 10:00:00,Akaroa,0.0,0.0,0.0,0.0,0.0,0.0,ebbing,medium,muddy,4,grass,1,1,0,0.0,0.0,1.53,0.7,0.16,11.37,1.83,71.0,6.2,341.4,110,-43.785,172.9676,11,46,2,0,10,0,Offshore,Alongshore,Alongshore,,0.0
2794,Takamatua Bay boat ramp,2018-11-19 12:00:00,Akaroa,1.6,2.8,3.6,4.2,31.6,31.8,incoming,medium,muddy,4,grass,1,1,0,12.4,15.0,1.07,0.82,1.11,0.28,1.99,108.1,130.5,206.5,110,-43.785,172.9676,11,47,0,0,12,0,Offshore,Offshore,Alongshore,10.0,0.0
2795,Takamatua Bay boat ramp,2018-11-21 10:00:00,Akaroa,0.0,0.0,0.0,0.0,23.0,27.6,incoming,medium,muddy,4,grass,1,1,0,5.4,8.0,1.45,0.55,0.99,4.0,2.06,47.9,340.3,240.2,110,-43.785,172.9676,11,47,2,0,10,0,Alongshore,Alongshore,Alongshore,85.0,0.0
2796,Takamatua Bay boat ramp,2018-11-29 10:00:00,Akaroa,0.0,0.0,0.0,0.0,3.4,21.8,ebbing,medium,muddy,4,grass,1,1,0,0.8,9.0,1.87,1.64,1.54,11.25,2.1,58.8,56.4,57.9,110,-43.785,172.9676,11,48,3,0,10,0,Alongshore,Alongshore,Alongshore,60.0,0.0
2797,Takamatua Bay boat ramp,2018-12-03 12:00:00,Akaroa,0.0,0.0,0.6,3.0,5.6,6.2,incoming,medium,muddy,4,grass,1,1,0,0.6,20.0,1.12,0.25,0.69,0.47,2.2,131.8,84.5,49.5,110,-43.785,172.9676,12,49,0,0,12,0,Offshore,Offshore,Alongshore,50.0,0.0
2798,Takamatua Bay boat ramp,2018-12-05 11:00:00,Akaroa,0.2,0.2,3.8,3.8,3.8,7.0,incoming,medium,muddy,4,grass,1,1,0,1.4,6.0,2.57,1.88,2.05,3.27,2.14,206.1,206.3,220.1,110,-43.785,172.9676,12,49,2,0,11,0,Alongshore,Alongshore,Alongshore,185.4,0.16666666666666666
2799,Takamatua Bay boat ramp,2018-12-11 08:00:00,Akaroa,1.0,1.6,1.6,1.6,1.6,1.6,ebbing,medium,muddy,4,grass,1,1,0,0.4,5.0,2.15,1.94,1.92,10.65,1.89,47.6,42.9,43.7,110,-43.785,172.9676,12,50,1,0,8,0,Alongshore,Alongshore,Alongshore,189.6,0.14285714285714285
2800,Takamatua Bay boat ramp,2018-12-17 11:00:00,Akaroa,0.0,0.0,0.0,0.0,0.0,0.0,incoming,medium,muddy,4,grass,1,1,0,0.0,0.0,0.51,0.44,0.3,0.05,1.93,144.1,175.4,309.5,110,-43.785,172.9676,12,51,0,0,11,0,Offshore,Alongshore,Onshore,159.6,0.125
2801,Takamatua Bay boat ramp,2018-12-28 09:00:00,Akaroa,0.0,0.0,0.0,0.0,0.0,0.0,ebbing,medium,muddy,4,grass,1,1,0,0.0,0.0,2.74,2.46,1.82,11.87,2.18,27.3,36.3,38.9,110,-43.785,172.9676,12,52,4,0,9,1,Alongshore,Alongshore,Alongshore,159.6,0.1111111111111111
2802,Takamatua Bay boat ramp,2019-01-09 07:00:00,Akaroa,0.0,0.0,0.0,0.0,0.0,5.2,ebbing,medium,muddy,4,grass,1,1,0,0.0,0.0,3.1,2.56,1.63,11.15,1.9,358.9,3.1,18.5,110,-43.785,172.9676,1,2,2,0,7,0,Alongshore,Alongshore,Alongshore,161.8,0.1
2803,Takamatua Bay boat ramp,2019-01-14 11:00:00,Akaroa,0.0,0.0,0.0,33.4,33.6,33.6,ebbing,medium,muddy,4,grass,1,1,0,15.0,8.0,2.89,2.28,2.12,11.05,1.87,208.9,212.3,214.5,110,-43.785,172.9676,1,3,0,0,11,0,Alongshore,Alongshore,Alongshore,38.2,0.09090909090909091
2804,Takamatua Bay boat ramp,2019-01-16 13:00:00,Akaroa,0.0,0.0,0.0,0.0,0.0,33.2,ebbing,medium,muddy,4,grass,1,1,0,0.0,0.0,1.04,0.77,0.84,10.55,2.03,126.3,115.3,2.0,110,-43.785,172.9676,1,3,2,0,13,0,Offshore,Offshore,Alongshore,100.0,0.16666666666666666
2805,Takamatua Bay boat ramp,2019-01-25 08:00:00,Akaroa,0.0,0.0,0.0,0.0,0.0,9.4,ebbing,medium,muddy,4,grass,1,1,0,0.0,0.0,1.07,1.57,1.22,11.62,2.28,60.6,51.9,20.6,110,-43.785,172.9676,1,4,4,0,8,0,Alongshore,Alongshore,Alongshore,104.2,0.15384615384615385
2806,Takamatua Bay boat ramp,2019-01-30 11:00:00,Akaroa,0.0,0.0,0.0,0.0,0.0,0.0,incoming,medium,muddy,4,grass,1,1,0,0.0,0.0,0.61,0.37,0.62,0.97,2.0,162.1,186.5,279.9,110,-43.785,172.9676,1,5,2,0,11,0,Alongshore,Alongshore,Onshore,108.4,0.14285714285714285
2807,Takamatua Bay boat ramp,2019-02-08 07:00:00,Akaroa,0.0,0.0,0.0,0.0,0.0,0.0,ebbing,medium,muddy,4,grass,1,1,0,0.0,0.0,2.52,2.57,2.56,11.65,1.9,21.4,23.4,19.3,110,-43.785,172.9676,2,6,4,0,7,1,Alongshore,Alongshore,Alongshore,104.2,0.13333333333333333
2808,Takamatua Bay boat ramp,2019-02-13 10:00:00,Akaroa,0.0,0.0,0.4,0.4,0.4,0.4,ebbing,medium,muddy,4,grass,1,1,0,0.4,1.0,1.51,1.0,0.4,12.15,1.99,68.0,12.0,349.4,110,-43.785,172.9676,2,7,2,0,10,0,Offshore,Alongshore,Alongshore,84.4,0.125
2809,Takamatua Bay boat ramp,2019-02-18 12:00:00,Akaroa,0.0,0.0,0.0,0.0,0.0,0.8,incoming,medium,muddy,4,grass,1,1,0,0.0,0.0,0.52,0.39,0.45,2.17,2.23,125.2,109.1,346.3,110,-43.785,172.9676,2,8,0,0,12,0,Offshore,Offshore,Alongshore,18.4,0.11764705882352941
2810,Takamatua Bay boat ramp,2019-02-25 10:00:00,Akaroa,0.0,0.0,0.0,0.2,22.2,22.2,ebbing,medium,muddy,4,grass,1,1,0,8.2,13.0,1.26,0.49,0.14,11.4,2.19,163.0,263.7,234.3,110,-43.785,172.9676,2,9,0,0,10,0,Alongshore,Onshore,Alongshore,14.2,0.1111111111111111
2811,Takamatua Bay boat ramp,2019-11-18 08:00:00,Akaroa,0.0,0.0,2.0,2.0,2.0,2.0,ebbing,medium,muddy,4,grass,1,1,0,2.0,1.0,1.01,0.41,0.75,12.53,1.93,82.3,228.0,217.7,110,-43.785,172.9676,11,47,0,0,8,0,Offshore,Alongshore,Alongshore,,0.0
2812,Takamatua Bay boat ramp,2019-11-20 10:00:00,Akaroa,0.0,0.0,2.0,11.6,11.6,13.6,ebbing,medium,muddy,4,grass,1,1,0,2.8,9.0,0.8,0.53,1.03,12.28,2.03,96.8,177.8,190.1,110,-43.785,172.9676,11,47,2,0,10,0,Offshore,Alongshore,Alongshore,697.0,0.5
2813,Takamatua Bay boat ramp,2019-11-22 12:00:00,Akaroa,0.0,0.0,0.0,0.0,0.0,11.6,ebbing,medium,muddy,4,grass,1,1,0,0.0,0.0,0.36,0.19,1.61,12.0,2.2,231.3,166.9,52.9,110,-43.785,172.9676,11,47,4,0,12,0,Alongshore,Alongshore,Alongshore,662.0,0.6666666666666666
2814,Takamatua Bay boat ramp,2019-11-25 13:00:00,Akaroa,0.0,0.0,0.0,0.0,0.0,0.0,incoming,medium,muddy,4,grass,1,1,0,0.0,0.0,1.98,1.3,1.13,1.05,2.28,62.9,42.4,36.5,110,-43.785,172.9676,11,48,0,0,13,0,Alongshore,Alongshore,Alongshore,585.3333333333334,0.75
2815,Takamatua Bay boat ramp,2019-12-05 11:00:00,Akaroa,0.0,0.0,0.0,0.0,0.0,0.0,ebbing,medium,muddy,4,grass,1,1,0,0.0,0.0,2.46,1.58,0.73,12.58,1.88,44.1,34.0,25.6,110,-43.785,172.9676,12,49,3,0,11,0,Alongshore,Alongshore,Alongshore,441.5,0.6
2816,Takamatua Bay boat ramp,2019-12-11 13:00:00,Akaroa,0.0,0.0,0.0,0.0,0.0,0.2,incoming,medium,muddy,4,grass,1,1,0,0.0,0.0,0.35,0.15,0.42,1.58,1.96,184.0,168.4,235.2,110,-43.785,172.9676,12,50,2,0,13,0,Alongshore,Alongshore,Alongshore,355.2,0.5
2817,Takamatua Bay boat ramp,2019-12-18 10:00:00,Akaroa,0.0,0.0,0.0,26.4,46.4,46.4,ebbing,medium,muddy,4,grass,1,1,0,5.0,24.0,3.83,1.51,0.35,10.88,2.07,162.6,212.8,226.4,110,-43.785,172.9676,12,51,2,0,10,0,Alongshore,Alongshore,Alongshore,217.8,0.42857142857142855
2818,Takamatua Bay boat ramp,2019-12-20 10:00:00,Akaroa,0.0,0.0,0.0,0.0,0.0,26.4,incoming,medium,muddy,4,grass,1,1,0,0.0,0.0,5.12,4.01,3.69,0.52,2.24,214.6,219.6,226.6,110,-43.785,172.9676,12,51,4,0,10,1,Alongshore,Alongshore,Alongshore,231.8,0.5
2819,Takamatua Bay boat ramp,2020-01-03 10:00:00,Akaroa,4.0,12.0,18.2,18.2,18.2,18.2,ebbing,medium,muddy,4,grass,1,1,0,4.0,7.0,1.27,0.14,0.35,12.02,1.86,101.3,88.7,136.2,110,-43.785,172.9676,1,1,4,0,10,1,Offshore,Offshore,Offshore,149.4,0.4444444444444444
2820,Takamatua Bay boat ramp,2020-01-08 13:00:00,Akaroa,0.0,0.0,0.0,0.0,1.8,2.0,incoming,medium,muddy,4,grass,1,1,0,0.8,3.0,0.55,0.34,0.62,0.32,1.92,139.4,112.3,309.2,110,-43.785,172.9676,1,2,2,0,13,0,Offshore,Offshore,Onshore,149.4,0.4
2821,Takamatua Bay boat ramp,2020-01-10 09:00:00,Akaroa,0.0,0.0,0.0,0.0,0.0,0.0,ebbing,medium,muddy,4,grass,1,1,0,0.0,0.0,1.67,1.47,0.75,6.4,2.02,26.2,357.7,355.7,110,-43.785,172.9676,1,2,4,0,9,0,Alongshore,Alongshore,Alongshore,187.2,0.36363636363636365
2822,Takamatua Bay boat ramp,2020-01-16 10:00:00,Akaroa,0.0,0.0,0.0,0.0,0.0,0.0,ebbing,medium,muddy,4,grass,1,1,0,0.0,0.0,2.06,1.7,1.22,11.02,2.17,48.4,40.2,34.5,110,-43.785,172.9676,1,3,3,0,10,0,Alongshore,Alongshore,Alongshore,187.2,0.3333333333333333
2823,Takamatua Bay boat ramp,2020-01-22 12:00:00,Akaroa,0.0,0.0,0.0,0.0,0.0,0.0,incoming,medium,muddy,4,grass,1,1,0,0.0,0.0,0.45,0.33,0.45,1.72,2.03,158.7,145.5,322.4,110,-43.785,172.9676,1,4,2,0,12,0,Alongshore,Offshore,Onshore,49.8,0.3076923076923077
2824,Takamatua Bay boat ramp,2020-01-30 09:00:00,Akaroa,0.0,0.0,0.0,0.0,0.0,0.0,ebbing,medium,muddy,4,grass,1,1,0,0.0,0.0,2.52,2.11,1.18,11.37,1.89,35.3,4.9,12.0,110,-43.785,172.9676,1,5,3,0,9,0,Alongshore,Alongshore,Alongshore,47.8,0.2857142857142857
2825,Takamatua Bay boat ramp,2020-02-04 12:00:00,Akaroa,11.0,12.0,12.0,12.0,12.0,12.0,ebbing,medium,muddy,4,grass,1,1,0,6.0,5.0,2.31,4.18,6.43,12.28,1.98,227.7,234.6,257.9,110,-43.785,172.9676,2,6,1,0,12,1,Alongshore,Alongshore,Onshore,47.8,0.26666666666666666
2826,Takamatua Bay boat ramp,2020-02-12 08:00:00,Akaroa,0.0,0.0,0.0,0.0,0.0,0.0,ebbing,medium,muddy,4,grass,1,1,0,0.0,0.0,1.9,1.44,0.65,10.5,2.3,31.6,350.8,345.6,110,-43.785,172.9676,2,7,2,0,8,0,Alongshore,Alongshore,Alongshore,14.2,0.25
2827,Takamatua Bay boat ramp,2020-02-20 12:00:00,Akaroa,0.0,0.0,0.0,0.0,0.0,0.0,incoming,medium,muddy,4,grass,1,1,0,0.0,0.0,1.96,1.28,1.03,1.9,1.96,21.2,20.2,27.3,110,-43.785,172.9676,2,8,3,0,12,0,Alongshore,Alongshore,Alongshore,14.2,0.23529411764705882
2828,Takamatua Bay boat ramp,2020-02-28 09:00:00,Akaroa,0.0,0.0,0.0,0.0,0.0,0.0,ebbing,medium,muddy,4,grass,1,1,0,0.0,0.0,4.48,4.6,4.67,10.3,1.91,11.5,9.9,11.3,110,-43.785,172.9676,2,9,4,0,9,0,Alongshore,Alongshore,Alongshore,14.2,0.2222222222222222
2829,Takamatua Bay boat ramp,2020-03-04 12:00:00,Akaroa,0.0,0.0,0.0,1.2,1.8,1.8,ebbing,medium,muddy,4,grass,1,1,0,0.6,6.0,1.47,0.3,0.11,11.77,2.02,259.0,175.5,208.8,110,-43.785,172.9676,3,10,2,0,12,0,Onshore,Alongshore,Alongshore,14.2,0.21052631578947367
2830,Takamatua Bay boat ramp,2020-03-17 11:00:00,Akaroa,0.0,0.0,0.0,0.0,0.0,0.0,ebbing,medium,muddy,4,grass,1,1,0,0.0,0.0,1.64,0.58,0.27,12.37,2.15,222.1,189.2,216.1,110,-43.785,172.9676,3,12,1,0,11,0,Alongshore,Alongshore,Alongshore,14.2,0.2
2831,Takamatua Bay boat ramp,2020-11-10 12:00:00,Akaroa,0.0,0.0,0.0,0.0,0.4,67.0,ebbing,medium,muddy,4,grass,1,1,0,0.4,1.0,0.87,0.27,0.17,11.5,2.02,112.7,116.7,122.7,110,-43.785,172.9676,11,46,1,0,12,0,Offshore,Offshore,Offshore,,0.0
2832,Takamatua Bay boat ramp,2020-11-23 11:00:00,Akaroa,0.0,0.0,0.0,0.0,11.6,13.6,ebbing,medium,muddy,4,grass,1,1,0,4.2,6.0,0.37,0.7,0.52,12.0,1.95,75.9,51.8,247.3,110,-43.785,172.9676,11,48,0,0,11,0,Offshore,Alongshore,Onshore,10.0,0.0
2833,Takamatua Bay boat ramp,2020-12-03 08:00:00,Akaroa,0.0,0.0,0.0,0.0,0.0,0.0,ebbing,medium,muddy,4,grass,1,1,0,0.0,0.0,0.43,2.12,2.01,10.47,1.82,34.9,42.3,354.9,110,-43.785,172.9676,12,49,3,0,8,0,Alongshore,Alongshore,Alongshore,10.0,0.0
2834,Takamatua Bay boat ramp,2020-12-10 11:00:00,Akaroa,0.0,0.0,0.0,0.0,0.0,0.0,incoming,medium,muddy,4,grass,1,1,0,0.0,0.0,1.17,0.32,0.58,0.37,2.2,106.8,12.2,294.0,110,-43.785,172.9676,12,50,3,0,11,0,Offshore,Alongshore,Onshore,10.0,0.0
2835,Takamatua Bay boat ramp,2020-12-14 09:00:00,Akaroa,0.0,0.0,0.0,0.2,0.2,1.8,ebbing,medium,muddy,4,grass,1,1,0,0.2,1.0,1.79,1.16,0.3,6.4,2.24,180.0,243.2,231.1,110,-43.785,172.9676,12,51,0,0,9,0,Alongshore,Alongshore,Alongshore,93.75,0.2
2836,Takamatua Bay boat ramp,2020-12-17 07:00:00,Akaroa,0.0,0.0,0.0,0.0,0.0,0.0,ebbing,medium,muddy,4,grass,1,1,0,0.0,0.0,1.19,0.66,0.54,11.05,2.13,341.1,57.1,107.1,110,-43.785,172.9676,12,51,3,0,7,0,Alongshore,Alongshore,Offshore,77.0,0.16666666666666666
2837,Takamatua Bay boat ramp,2020-12-22 10:00:00,Akaroa,0.0,0.0,0.0,3.8,8.2,11.4,ebbing,medium,muddy,4,grass,1,1,0,2.0,12.0,1.16,0.47,0.23,12.33,1.93,140.8,311.3,294.7,110,-43.785,172.9676,12,52,1,0,10,1,Offshore,Onshore,Onshore,79.0,0.14285714285714285
2838,Takamatua Bay boat ramp,2020-12-29 13:00:00,Akaroa,0.0,0.0,0.0,0.0,0.0,11.6,incoming,medium,muddy,4,grass,1,1,0,0.0,0.0,1.67,1.2,1.11,2.43,1.87,60.2,55.2,47.9,110,-43.785,172.9676,12,53,1,0,13,1,Alongshore,Alongshore,Alongshore,83.2,0.125
2839,Takamatua Bay boat ramp,2021-01-11 14:00:00,Akaroa,0.0,0.0,0.0,0.0,0.0,1.6,incoming,medium,muddy,4,grass,1,1,0,0.0,0.0,1.12,0.87,1.04,0.25,2.14,56.8,57.7,70.8,110,-43.785,172.9676,1,2,0,0,14,0,Alongshore,Alongshore,Offshore,83.2,0.1111111111111111
2840,Takamatua Bay boat ramp,2021-01-19 09:00:00,Akaroa,0.0,0.0,0.0,0.0,2.6,2.6,ebbing,medium,muddy,4,grass,1,1,0,2.4,2.0,5.29,5.54,5.28,11.57,1.95,341.6,332.8,347.1,110,-43.785,172.9676,1,3,1,0,9,0,Alongshore,Onshore,Alongshore,18.2,0.1
2841,Takamatua Bay boat ramp,2021-01-26 12:00:00,Akaroa,0.0,0.0,0.0,0.0,0.0,0.0,incoming,medium,muddy,4,grass,1,1,0,0.0,0.0,1.28,0.41,0.69,2.1,1.84,98.8,33.9,356.9,110,-43.785,172.9676,1,4,1,0,12,0,Offshore,Alongshore,Alongshore,35.4,0.09090909090909091
2842,Takamatua Bay boat ramp,2021-02-03 10:00:00,Akaroa,0.0,0.0,0.0,0.0,0.0,0.0,ebbing,medium,muddy,4,grass,1,1,0,0.0,0.0,2.32,2.8,2.87,10.98,2.14,224.5,229.3,243.5,110,-43.785,172.9676,2,5,2,0,10,1,Alongshore,Alongshore,Alongshore,35.4,0.08333333333333333
2843,Takamatua Bay boat ramp,2021-02-09 13:00:00,Akaroa,2.8,2.8,2.8,2.8,2.8,2.8,incoming,medium,muddy,4,grass,1,1,0,2.0,2.0,0.56,0.8,0.78,0.5,2.06,55.0,65.0,46.7,110,-43.785,172.9676,2,6,1,0,13,1,Alongshore,Alongshore,Alongshore,51.2,0.07692307692307693
2844,Takamatua Bay boat ramp,2021-02-17 11:00:00,Akaroa,0.0,0.0,0.0,0.0,3.8,5.2,ebbing,medium,muddy,4,grass,1,1,0,1.4,7.0,1.15,0.46,0.14,9.65,1.95,188.8,217.9,254.6,110,-43.785,172.9676,2,7,2,0,11,0,Alongshore,Alongshore,Onshore,57.4,0.07142857142857142
2845,Takamatua Bay boat ramp,2021-02-23 13:00:00,Akaroa,0.0,0.0,0.0,0.0,0.0,0.0,ebbing,medium,muddy,4,grass,1,1,0,0.0,0.0,2.68,2.79,3.47,11.75,2.05,10.1,5.2,11.0,110,-43.785,172.9676,2,8,1,0,13,0,Alongshore,Alongshore,Alongshore,55.4,0.06666666666666667
2846,Takamatua Bay boat ramp,2021-03-04 09:00:00,Akaroa,1.0,1.0,4.0,4.0,4.0,4.0,ebbing,medium,muddy,4,grass,1,1,0,2.0,3.0,1.8,1.9,0.63,11.02,2.25,110.5,109.4,118.0,110,-43.785,172.9676,3,9,3,0,9,0,Offshore,Offshore,Offshore,38.2,0.0625
2847,Takamatua Bay boat ramp,2021-11-26 10:00:00,Akaroa,0.0,0.0,0.0,0.0,0.0,0.0,ebbing,medium,muddy,4,grass,1,1,0,0.0,0.0,0.73,0.19,0.27,11.18,1.73,90.0,57.1,316.3,110,-43.785,172.9676,11,47,4,0,10,0,Offshore,Alongshore,Onshore,,0.0
2848,Takamatua Bay boat ramp,2021-12-02 12:00:00,Akaroa,0.0,0.0,0.0,0.0,0.0,0.0,incoming,medium,muddy,4,grass,1,1,0,0.0,0.0,2.54,2.29,1.88,1.25,2.22,32.2,33.6,34.5,110,-43.785,172.9676,12,48,3,0,12,0,Alongshore,Alongshore,Alongshore,10.0,0.0
2849,Takamatua Bay boat ramp,2021-12-09 10:00:00,Akaroa,0.0,0.0,0.0,0.0,0.0,4.2,ebbing,medium,muddy,4,grass,1,1,0,0.0,0.0,1.0,0.38,0.04,10.83,2.09,296.3,349.7,309.0,110,-43.785,172.9676,12,49,3,0,10,0,Onshore,Alongshore,Onshore,10.0,0.0
2850,Takamatua Bay boat ramp,2021-12-13 10:00:00,Akaroa,0.0,0.0,0.0,0.0,0.2,4.2,incoming,medium,muddy,4,grass,1,1,0,0.2,1.0,1.23,0.46,0.31,1.15,2.07,123.3,31.2,31.4,110,-43.785,172.9676,12,50,0,0,10,0,Offshore,Alongshore,Alongshore,59.333333333333336,0.0
2851,Takamatua Bay boat ramp,2021-12-15 11:00:00,Akaroa,2.0,37.0,68.6,80.0,80.0,80.0,incoming,medium,muddy,4,grass,1,1,0,12.8,20.0,1.34,2.38,2.81,1.65,1.97,220.4,220.8,230.7,110,-43.785,172.9676,12,50,2,0,11,0,Alongshore,Alongshore,Alongshore,52.25,0.0
2852,Takamatua Bay boat ramp,2021-12-23 08:00:00,Akaroa,0.0,0.0,0.0,0.0,0.0,0.0,ebbing,medium,muddy,4,grass,1,1,0,0.0,0.0,2.19,2.47,2.13,10.63,1.78,349.7,10.0,39.6,110,-43.785,172.9676,12,51,3,0,8,1,Alongshore,Alongshore,Alongshore,45.8,0.0
2853,Takamatua Bay boat ramp,2021-12-30 13:00:00,Akaroa,0.0,0.0,0.0,0.0,0.0,4.2,ebbing,medium,muddy,4,grass,1,1,0,0.0,0.0,1.33,1.6,0.2,11.78,2.27,230.6,153.7,162.0,110,-43.785,172.9676,12,52,3,0,13,1,Alongshore,Offshore,Alongshore,58.4,0.0
2854,Takamatua Bay boat ramp,2022-01-07 08:00:00,Akaroa,0.0,0.0,0.0,0.0,0.4,0.4,ebbing,medium,muddy,4,grass,1,1,0,0.2,2.0,3.31,2.68,2.31,11.45,2.12,235.1,232.6,228.7,110,-43.785,172.9676,1,1,4,0,8,0,Alongshore,Alongshore,Alongshore,58.4,0.0
2855,Takamatua Bay boat ramp,2022-01-12 12:00:00,Akaroa,0.0,1.6,4.8,4.8,4.8,4.8,ebbing,medium,muddy,4,grass,1,1,0,2.0,4.0,0.99,1.43,1.71,11.98,2.0,176.3,174.7,163.7,110,-43.785,172.9676,1,2,2,0,12,0,Alongshore,Alongshore,Alongshore,28.8,0.0
2856,Takamatua Bay boat ramp,2022-01-14 12:00:00,Akaroa,0.0,0.0,0.0,0.0,0.0,4.8,incoming,medium,muddy,4,grass,1,1,0,0.0,0.0,1.27,0.46,0.05,1.35,1.85,276.4,107.5,227.4,110,-43.785,172.9676,1,2,4,0,12,0,Onshore,Offshore,Alongshore,51.6,0.0
2857,Takamatua Bay boat ramp,2022-01-20 06:00:00,Akaroa,0.0,0.0,1.6,12.4,12.4,12.4,ebbing,medium,muddy,4,grass,1,1,0,2.0,13.0,2.95,2.36,1.67,12.05,1.87,216.3,227.7,224.9,110,-43.785,172.9676,1,3,3,0,6,0,Alongshore,Alongshore,Alongshore,49.6,0.0
2858,Takamatua Bay boat ramp,2022-01-24 12:00:00,Akaroa,0.0,0.0,0.0,0.0,0.4,0.4,ebbing,medium,muddy,4,grass,1,1,0,0.2,2.0,1.35,0.95,0.25,9.12,1.98,76.5,53.2,28.0,110,-43.785,172.9676,1,4,0,0,12,0,Offshore,Alongshore,Alongshore,67.0,0.0
2859,Takamatua Bay boat ramp,2022-01-26 11:00:00,Akaroa,4.2,8.4,8.4,8.4,8.4,8.4,ebbing,medium,muddy,4,grass,1,1,0,2.6,5.0,0.79,2.17,2.99,11.78,2.1,188.1,192.3,241.1,110,-43.785,172.9676,1,4,2,0,11,0,Alongshore,Alongshore,Alongshore,67.0,0.0
2860,Takamatua Bay boat ramp,2022-02-01 16:00:00,Akaroa,0.0,0.0,0.0,0.0,0.0,0.0,ebbing,medium,muddy,4,grass,1,1,0,0.0,0.0,0.76,1.09,1.48,12.17,2.5,8.8,29.0,19.6,110,-43.785,172.9676,2,5,1,0,16,1,Alongshore,Alongshore,Alongshore,67.0,0.0
2861,Takamatua Bay boat ramp,2022-02-10 12:00:00,Akaroa,0.0,0.0,0.0,6.6,17.6,17.6,ebbing,medium,muddy,4,grass,1,1,0,2.4,15.0,0.36,0.3,0.27,11.52,1.96,151.5,95.9,325.9,110,-43.785,172.9676,2,6,3,0,12,0,Offshore,Offshore,Onshore,40.0,0.0
2862,Takamatua Bay boat ramp,2022-02-15 15:00:00,Akaroa,0.0,0.0,0.0,0.0,0.0,27.2,incoming,medium,muddy,4,grass,1,1,0,0.0,0.0,0.54,0.59,0.5,0.18,1.87,106.7,128.6,15.7,110,-43.785,172.9676,2,7,1,0,15,0,Offshore,Offshore,Alongshore,72.2,0.0
2863,Takamatua Bay boat ramp,2022-02-24 11:00:00,Akaroa,0.0,0.0,0.0,0.0,0.0,0.0,ebbing,medium,muddy,4,grass,1,1,0,0.0,0.0,2.19,1.58,1.26,11.53,2.15,44.5,41.2,33.5,110,-43.785,172.9676,2,8,3,0,11,0,Alongshore,Alongshore,Alongshore,42.2,0.0
2864,Takamatua Bay boat ramp,2022-03-10 11:00:00,Akaroa,0.0,0.0,0.0,0.0,0.0,0.0,ebbing,medium,muddy,4,grass,1,1,0,0.0,0.0,1.22,0.42,0.27,11.13,1.94,135.0,58.3,20.0,110,-43.785,172.9676,3,10,3,0,11,0,Offshore,Alongshore,Alongshore,42.2,0.0
2865,Takamatua Bay boat ramp,2022-11-17 12:00:00,Akaroa,0.0,0.0,0.0,0.0,0.0,0.0,ebbing,medium,muddy,4,grass,1,1,0,0.0,0.0,0.76,0.13,0.01,10.67,1.77,131.1,29.4,307.2,110,-43.785,172.9676,11,46,3,0,12,0,Offshore,Alongshore,Onshore,,0.0
2866,Takamatua Bay boat ramp,2022-12-01 11:00:00,Akaroa,1.8,1.8,1.8,1.8,2.6,2.6,ebbing,medium,muddy,4,grass,1,1,0,1.2,6.0,0.56,0.72,0.21,11.97,2.08,134.9,90.9,238.3,110,-43.785,172.9676,12,48,3,0,11,0,Offshore,Offshore,Alongshore,10.0,0.0
2867,Takamatua Bay boat ramp,2022-12-07 14:00:00,Akaroa,0.0,0.0,0.0,0.0,0.0,0.0,incoming,medium,muddy,4,grass,1,1,0,0.0,0.0,2.78,2.7,2.25,1.2,1.98,31.1,31.2,35.9,110,-43.785,172.9676,12,49,2,0,14,0,Alongshore,Alongshore,Alongshore,10.0,0.0
2868,Takamatua Bay boat ramp,2022-12-15 09:00:00,Akaroa,0.0,0.0,0.0,0.0,0.0,0.0,ebbing,medium,muddy,4,grass,1,1,0,0.0,0.0,1.48,1.01,0.67,12.07,1.76,10.6,331.3,13.0,110,-43.785,172.9676,12,50,3,0,9,0,Alongshore,Onshore,Alongshore,10.0,0.0
2869,Takamatua Bay boat ramp,2022-12-20 13:00:00,Akaroa,0.0,0.0,0.0,0.4,0.4,3.0,ebbing,medium,muddy,4,grass,1,1,0,0.2,2.0,1.39,0.34,0.16,12.02,2.17,104.5,70.1,85.0,110,-43.785,172.9676,12,51,1,0,13,1,Offshore,Offshore,Offshore,10.0,0.0
2870,Takamatua Bay boat ramp,2022-12-28 07:00:00,Akaroa,0.0,0.0,0.0,0.0,0.6,0.6,incoming,medium,muddy,4,grass,1,1,0,0.6,1.0,2.1,2.22,2.15,0.75,2.42,14.5,10.9,10.0,110,-43.785,172.9676,12,52,2,0,7,1,Alongshore,Alongshore,Alongshore,20.6,0.0
2871,Takamatua Bay boat ramp,2023-01-10 06:00:00,Akaroa,0.0,0.0,0.0,0.0,0.0,0.0,incoming,medium,muddy,4,grass,1,1,0,0.0,0.0,3.25,3.72,3.51,0.13,2.11,18.9,16.1,21.3,110,-43.785,172.9676,1,2,1,0,6,0,Alongshore,Alongshore,Alongshore,35.4,0.0
2872,Takamatua Bay boat ramp,2023-01-18 12:00:00,Akaroa,0.0,0.0,0.0,0.0,0.0,0.0,incoming,medium,muddy,4,grass,1,1,0,0.0,0.0,1.87,1.39,1.5,0.22,1.97,38.9,30.0,30.5,110,-43.785,172.9676,1,3,2,0,12,0,Alongshore,Alongshore,Alongshore,35.4,0.0
2873,Takamatua Bay boat ramp,2023-01-27 08:00:00,Akaroa,1.2,1.2,1.2,1.2,1.2,1.2,incoming,medium,muddy,4,grass,1,1,0,0.8,2.0,1.31,3.43,2.36,0.72,2.29,155.5,146.4,161.0,110,-43.785,172.9676,1,4,4,0,8,0,Alongshore,Offshore,Alongshore,43.6,0.0
2874,Takamatua Bay boat ramp,2023-02-01 14:00:00,Akaroa,0.0,0.0,0.0,0.0,0.0,0.0,ebbing,medium,muddy,4,grass,1,1,0,0.0,0.0,2.23,2.18,2.49,11.02,2.06,25.9,20.0,22.4,110,-43.785,172.9676,2,5,2,0,14,1,Alongshore,Alongshore,Alongshore,43.6,0.0
2875,Takamatua Bay boat ramp,2023-02-15 12:00:00,Akaroa,11.2,37.6,62.6,120.4,133.0,133.2,ebbing,medium,muddy,4,grass,1,1,0,10.2,36.0,3.86,3.68,3.63,11.78,2.14,191.3,195.8,199.8,110,-43.785,172.9676,2,7,2,0,12,0,Alongshore,Alongshore,Alongshore,35.0,0.0
2876,Takamatua Bay boat ramp,2023-02-20 15:00:00,Akaroa,0.0,0.0,0.0,0.0,0.0,0.0,incoming,medium,muddy,4,grass,1,1,0,0.0,0.0,0.35,0.13,0.04,0.68,2.28,173.8,210.4,349.1,110,-43.785,172.9676,2,8,0,0,15,0,Alongshore,Alongshore,Alongshore,20.2,0.0
2877,Takamatua Bay boat ramp,2023-03-01 11:00:00,Akaroa,0.0,0.0,0.0,0.0,0.0,0.0,incoming,medium,muddy,4,grass,1,1,0,0.0,0.0,2.06,0.76,0.48,0.18,1.82,95.2,31.0,2.4,110,-43.785,172.9676,3,9,2,0,11,0,Offshore,Alongshore,Alongshore,20.2,0.0
2878,Takamatua Bay boat ramp,2023-03-06 13:00:00,Akaroa,0.0,0.0,0.0,0.0,26.2,30.0,incoming,medium,muddy,4,grass,1,1,0,6.4,13.0,0.47,0.4,0.53,2.72,1.91,115.1,91.8,76.2,110,-43.785,172.9676,3,10,0,0,13,0,Offshore,Offshore,Offshore,18.2,0.0
2879,Takamatua Bay boat ramp,2023-03-15 11:00:00,Akaroa,0.0,0.0,0.0,0.0,0.0,14.2,ebbing,medium,muddy,4,grass,1,1,0,0.0,0.0,2.38,2.1,2.11,11.5,2.11,34.3,35.7,33.7,110,-43.785,172.9676,3,11,2,0,11,0,Alongshore,Alongshore,Alongshore,18.2,0.0
2880,Takamatua Bay boat ramp,2023-03-20 13:00:00,Akaroa,0.0,0.0,0.0,0.0,0.0,0.0,incoming,medium,muddy,4,grass,1,1,0,0.0,0.0,3.43,3.82,4.29,1.6,2.24,347.6,355.8,359.5,110,-43.785,172.9676,3,12,0,0,13,0,Alongshore,Alongshore,Alongshore,16.2,0.0
2881,Takamatua Bay boat ramp,2023-11-21 12:00:00,Akaroa,0.0,0.0,0.0,0.0,0.6,0.6,ebbing,medium,muddy,4,grass,1,1,0,0.4,2.0,2.46,1.87,1.83,10.42,2.05,17.0,21.0,20.5,110,-43.785,172.9676,11,47,1,0,12,0,Alongshore,Alongshore,Alongshore,,0.0
2882,Takamatua Bay boat ramp,2023-12-05 11:00:00,Akaroa,0.0,0.0,0.0,0.0,0.0,0.0,ebbing,medium,muddy,4,grass,1,1,0,0.0,0.0,2.94,2.59,2.41,11.07,1.81,30.7,29.7,36.2,110,-43.785,172.9676,12,49,1,0,11,0,Alongshore,Alongshore,Alongshore,52.0,0.0
2883,Takamatua Bay boat ramp,2023-12-11 14:00:00,Akaroa,0.0,0.0,0.0,0.0,6.0,6.0,incoming,medium,muddy,4,grass,1,1,0,2.8,5.0,0.66,1.51,2.29,0.53,1.93,214.0,212.9,299.7,110,-43.785,172.9676,12,50,0,0,14,0,Alongshore,Alongshore,Onshore,36.0,0.0
2884,Takamatua Bay boat ramp,2023-12-19 10:00:00,Akaroa,0.0,0.0,0.0,0.0,0.2,1.4,ebbing,medium,muddy,4,grass,1,1,0,0.2,1.0,2.14,1.02,0.35,11.53,2.09,69.9,7.3,3.2,110,-43.785,172.9676,12,51,1,0,10,0,Offshore,Alongshore,Alongshore,41.333333333333336,0.0
2885,Takamatua Bay boat ramp,2023-12-27 14:00:00,Akaroa,0.0,0.0,0.0,0.0,16.4,16.4,incoming,medium,muddy,4,grass,1,1,0,12.6,6.0,0.99,0.66,0.92,2.32,1.97,75.3,74.2,66.5,110,-43.785,172.9676,12,52,2,0,14,1,Offshore,Offshore,Offshore,38.75,0.0
2886,Takamatua Bay boat ramp,2024-01-03 08:00:00,Akaroa,0.0,0.0,0.0,0.0,0.0,4.4,incoming,medium,muddy,4,grass,1,1,0,0.0,0.0,2.25,2.12,1.46,0.67,1.95,29.6,27.6,33.6,110,-43.785,172.9676,1,1,2,0,8,1,Alongshore,Alongshore,Alongshore,33.0,0.0
2887,Takamatua Bay boat ramp,2024-01-08 12:00:00,Akaroa,0.0,0.0,0.0,0.0,0.0,1.0,incoming,medium,muddy,4,grass,1,1,0,0.0,0.0,0.75,0.38,0.53,0.52,1.86,105.6,97.7,338.0,110,-43.785,172.9676,1,2,0,0,12,0,Offshore,Offshore,Alongshore,24.6,0.0
2888,Takamatua Bay boat ramp,2024-01-16 07:00:00,Akaroa,0.0,0.0,0.0,0.0,2.0,2.0,incoming,medium,muddy,4,grass,1,1,0,1.2,3.0,2.34,2.92,2.52,0.68,2.39,22.9,15.0,0.6,110,-43.785,172.9676,1,3,1,0,7,0,Alongshore,Alongshore,Alongshore,37.8,0.0
2889,Takamatua Bay boat ramp,2024-01-22 13:00:00,Akaroa,0.0,0.0,0.0,0.2,0.2,0.2,incoming,medium,muddy,4,grass,1,1,0,0.2,1.0,2.05,0.75,0.68,0.3,1.93,93.7,37.2,14.9,110,-43.785,172.9676,1,4,0,0,13,0,Offshore,Alongshore,Alongshore,29.4,0.0
2890,Takamatua Bay boat ramp,2024-01-31 09:00:00,Akaroa,0.0,0.0,0.0,0.0,0.0,0.4,ebbing,medium,muddy,4,grass,1,1,0,0.0,0.0,2.19,1.78,0.64,11.53,1.84,35.2,358.3,8.3,110,-43.785,172.9676,1,5,2,0,9,1,Alongshore,Alongshore,Alongshore,25.2,0.0
2891,Takamatua Bay boat ramp,2024-02-05 12:00:00,Akaroa,0.0,0.0,0.0,0.0,0.0,0.0,ebbing,medium,muddy,4,grass,1,1,0,0.0,0.0,1.77,0.48,0.52,12.27,2.03,122.1,125.6,354.0,110,-43.785,172.9676,2,6,0,0,12,1,Offshore,Offshore,Alongshore,25.2,0.0
2892,Takamatua Bay boat ramp,2024-02-13 07:00:00,Akaroa,0.0,0.0,0.0,0.0,0.0,7.0,ebbing,medium,muddy,4,grass,1,1,0,0.0,0.0,2.07,1.74,1.62,12.15,2.3,348.2,347.3,13.5,110,-43.785,172.9676,2,7,1,0,7,0,Alongshore,Alongshore,Alongshore,25.2,0.0
2893,Takamatua Bay boat ramp,2024-02-21 13:00:00,Akaroa,0.0,0.0,0.0,0.0,8.8,10.8,incoming,medium,muddy,4,grass,1,1,0,4.2,3.0,0.42,0.28,0.06,1.18,1.88,1.6,79.5,274.6,110,-43.785,172.9676,2,8,2,0,13,0,Alongshore,Offshore,Onshore,10.0,0.0
2894,Takamatua Bay boat ramp,2024-03-05 10:00:00,Akaroa,0.2,0.2,0.2,5.0,5.0,5.2,incoming,medium,muddy,4,grass,1,1,0,2.8,5.0,4.76,5.27,5.33,1.04,1.8,209.0,211.2,215.5,110,-43.785,172.9676,3,10,1,0,10,0,Alongshore,Alongshore,Alongshore,10.0,0.0
2895,Takamatua Bay boat ramp,2024-03-15 10:00:00,Akaroa,0.0,0.0,10.2,10.2,10.2,10.2,ebbing,medium,muddy,4,grass,1,1,0,2.8,6.0,2.77,2.86,2.35,10.63,2.24,202.5,205.9,199.4,110,-43.785,172.9676,3,11,4,0,10,0,Alongshore,Alongshore,Alongshore,25.2,0.0
2896,Takamatua Bay boat ramp,2024-03-20 12:00:00,Akaroa,0.0,0.0,0.0,0.0,0.0,3.4,incoming,medium,muddy,4,grass,1,1,0,0.0,0.0,3.22,3.32,2.67,0.23,1.86,28.7,27.2,24.5,110,-43.785,172.9676,3,12,2,0,12,0,Alongshore,Alongshore,Alongshore,25.2,0.0
2897,Takamatua Bay boat ramp,2024-03-25 15:00:00,Akaroa,0.0,0.0,0.0,0.0,0.0,0.0,incoming,medium,muddy,4,grass,1,1,0,0.0,0.0,1.51,0.55,0.6,1.52,1.99,94.5,73.0,346.3,110,-43.785,172.9676,3,13,0,0,15,0,Offshore,Offshore,Alongshore,25.2,0.0
2898,Takamatua Bay boat ramp,2024-06-15 10:00:00,Akaroa,0.0,0.0,0.2,23.4,45.0,45.0,incoming,medium,muddy,4,grass,1,1,0,6.4,18.0,0.21,0.61,0.96,0.67,1.86,99.9,114.5,85.9,110,-43.785,172.9676,6,24,5,1,10,0,Offshore,Offshore,Offshore,25.2,0.0
2899,Takamatua Bay boat ramp,2024-07-03 13:00:00,Akaroa,0.0,0.4,3.0,6.0,33.6,35.8,incoming,medium,muddy,4,grass,1,1,0,3.4,38.0,2.65,2.35,2.22,0.53,2.25,209.3,205.5,209.5,110,-43.785,172.9676,7,27,2,0,13,0,Alongshore,Alongshore,Alongshore,137.8,0.05263157894736842
2900,Takamatua Bay boat ramp,2024-07-16 12:00:00,Akaroa,0.0,0.0,0.0,6.8,17.4,17.6,ebbing,medium,muddy,4,grass,1,1,0,2.4,22.0,0.22,0.16,0.18,12.12,1.79,90.1,67.7,357.0,110,-43.785,172.9676,7,29,1,0,12,0,Offshore,Offshore,Alongshore,122.6,0.05
2901,Takamatua Bay boat ramp,2024-07-31 13:00:00,Akaroa,1.2,2.4,4.0,19.0,106.8,108.6,ebbing,medium,muddy,4,grass,1,1,0,12.0,40.0,0.74,0.42,0.61,12.13,1.95,85.2,70.6,117.6,110,-43.785,172.9676,7,31,2,0,13,0,Offshore,Offshore,Offshore,145.0,0.047619047619047616
2902,Takamatua Bay boat ramp,2024-09-17 13:00:00,Akaroa,0.0,1.0,1.6,19.4,19.4,19.4,incoming,medium,muddy,4,grass,1,1,0,5.6,12.0,3.42,2.24,1.94,1.58,2.43,199.1,207.5,218.7,110,-43.785,172.9676,9,38,1,0,13,0,Alongshore,Alongshore,Alongshore,292.8,0.09090909090909091
2903,Tikao Bay mid beach,2008-12-22 06:00:00,Akaroa,0.0,0.0,0.0,0.0,10.0,31.0,incoming,medium,sandy,7,grass,1,0,1,2.2,9.0,0.48,0.55,0.44,5.8,1.96,281.3,244.9,274.1,320,-43.7958,172.9166,12,52,0,0,6,1,Offshore,Alongshore,Alongshore,,0.0
2904,Tikao Bay mid beach,2008-12-29 05:00:00,Akaroa,0.0,0.0,0.0,0.0,0.0,0.0,ebbing,medium,sandy,7,grass,1,0,1,0.0,0.0,1.02,1.47,1.42,12.37,1.84,4.3,359.5,343.3,320,-43.7958,172.9166,12,1,0,0,5,1,Offshore,Offshore,Offshore,10.0,0.0
2905,Tikao Bay mid beach,2009-01-05 06:00:00,Akaroa,0.0,0.0,0.0,0.0,0.0,5.6,incoming,medium,sandy,7,grass,1,0,1,0.0,0.0,1.26,1.46,1.2,4.27,1.96,348.7,350.2,348.5,320,-43.7958,172.9166,1,2,0,0,6,1,Offshore,Offshore,Offshore,34.0,0.0
2906,Tikao Bay mid beach,2009-01-12 06:00:00,Akaroa,0.0,0.0,0.0,0.0,0.0,3.4,ebbing,medium,sandy,7,grass,1,0,1,0.0,0.0,1.56,1.98,1.94,10.43,2.25,29.4,27.7,23.8,320,-43.7958,172.9166,1,3,0,0,6,0,Alongshore,Alongshore,Alongshore,24.0,0.0
2907,Tikao Bay mid beach,2009-01-19 06:00:00,Akaroa,0.0,0.0,0.8,1.2,14.6,14.6,incoming,medium,sandy,7,grass,1,0,1,5.0,12.0,0.97,1.47,1.63,4.23,1.94,8.8,348.5,329.4,320,-43.7958,172.9166,1,4,0,0,6,0,Alongshore,Offshore,Offshore,43.0,0.0
2908,Tikao Bay mid beach,2009-01-21 06:00:00,Akaroa,0.0,0.0,0.0,0.0,0.0,1.2,ebbing,medium,sandy,7,grass,1,0,1,0.0,0.0,1.16,1.45,1.18,6.6,1.82,7.8,4.6,348.7,320,-43.7958,172.9166,1,4,2,0,6,0,Alongshore,Offshore,Offshore,94.4,0.16666666666666666
2909,Tikao Bay mid beach,2009-01-26 06:00:00,Akaroa,0.0,0.0,0.0,0.0,0.0,0.0,ebbing,medium,sandy,7,grass,1,0,1,0.0,0.0,1.61,1.83,1.46,9.6,1.87,304.1,296.3,294.0,320,-43.7958,172.9166,1,5,0,0,6,0,Offshore,Offshore,Offshore,94.8,0.14285714285714285
2910,Tikao Bay mid beach,2009-02-02 06:00:00,Akaroa,0.0,0.0,0.0,0.0,0.0,0.0,incoming,medium,sandy,7,grass,1,0,1,0.0,0.0,1.45,0.72,0.41,2.28,1.96,21.6,217.0,212.2,320,-43.7958,172.9166,2,6,0,0,6,1,Alongshore,Alongshore,Alongshore,84.8,0.125
2911,Tikao Bay mid beach,2009-02-09 07:00:00,Akaroa,0.0,0.0,0.0,0.0,0.0,0.0,ebbing,medium,sandy,7,grass,1,0,1,0.0,0.0,0.61,1.01,1.4,8.83,2.23,108.7,106.2,38.5,320,-43.7958,172.9166,2,7,0,0,7,1,Onshore,Onshore,Alongshore,88.8,0.1111111111111111
2912,Tikao Bay mid beach,2009-02-16 07:00:00,Akaroa,0.0,0.0,0.2,0.2,0.2,0.2,incoming,medium,sandy,7,grass,1,0,1,0.2,1.0,2.25,2.6,1.86,1.93,1.95,226.1,225.3,222.3,320,-43.7958,172.9166,2,8,0,0,7,0,Alongshore,Alongshore,Alongshore,76.8,0.1
2913,Tikao Bay mid beach,2009-02-23 07:00:00,Akaroa,0.0,0.0,0.2,0.6,0.6,13.6,ebbing,medium,sandy,7,grass,1,0,1,0.4,2.0,3.0,3.03,2.65,8.22,1.88,224.6,225.9,223.3,320,-43.7958,172.9166,2,9,0,0,7,0,Alongshore,Alongshore,Alongshore,19.2,0.09090909090909091
2914,Tikao Bay mid beach,2009-03-02 07:00:00,Akaroa,0.6,0.6,0.6,0.6,34.4,37.0,incoming,medium,sandy,7,grass,1,0,1,7.2,10.0,1.11,1.88,1.59,0.65,2.01,99.7,83.1,62.9,320,-43.7958,172.9166,3,10,0,0,7,0,Onshore,Alongshore,Alongshore,18.0,0.08333333333333333
2915,Tikao Bay mid beach,2009-03-09 07:00:00,Akaroa,0.0,0.0,0.0,4.4,4.4,4.4,ebbing,medium,sandy,7,grass,1,0,1,1.4,5.0,2.14,2.42,1.63,7.45,2.18,213.5,212.7,209.5,320,-43.7958,172.9166,3,11,0,0,7,0,Alongshore,Alongshore,Alongshore,25.6,0.07692307692307693
2916,Tikao Bay mid beach,2009-03-16 07:00:00,Akaroa,0.0,0.0,0.0,0.0,0.0,0.0,incoming,medium,sandy,7,grass,1,0,1,0.0,0.0,1.78,2.0,2.0,0.95,1.97,19.9,20.1,17.2,320,-43.7958,172.9166,3,12,0,0,7,0,Alongshore,Alongshore,Alongshore,30.0,0.07142857142857142
2917,Tikao Bay mid beach,2009-12-07 06:00:00,Akaroa,0.0,0.0,0.0,0.0,0.0,0.0,incoming,medium,sandy,7,grass,1,0,1,0.0,0.0,1.32,2.2,2.28,1.42,2.39,29.4,29.3,2.5,320,-43.7958,172.9166,12,50,0,0,6,0,Alongshore,Alongshore,Offshore,,0.0
2918,Tikao Bay mid beach,2009-12-14 06:00:00,Akaroa,6.8,6.8,6.8,6.8,6.8,6.8,ebbing,medium,sandy,7,grass,1,0,1,3.2,3.0,1.06,0.88,2.23,8.38,1.99,152.3,111.7,90.9,320,-43.7958,172.9166,12,51,0,0,6,0,Onshore,Onshore,Alongshore,58.0,0.0
2919,Tikao Bay mid beach,2009-12-21 06:00:00,Akaroa,0.0,0.0,0.4,0.6,2.2,2.2,incoming,medium,sandy,7,grass,1,0,1,1.2,4.0,3.77,2.86,2.24,0.87,2.08,223.8,224.6,220.5,320,-43.7958,172.9166,12,52,0,0,6,1,Alongshore,Alongshore,Alongshore,30.0,0.0
2920,Tikao Bay mid beach,2009-12-29 06:00:00,Akaroa,0.0,0.0,0.0,0.0,0.0,0.6,ebbing,medium,sandy,7,grass,1,0,1,0.0,0.0,1.44,1.46,0.99,6.93,1.97,311.0,290.4,290.0,320,-43.7958,172.9166,12,53,1,0,6,1,Offshore,Offshore,Offshore,96.66666666666667,0.0
2921,Tikao Bay mid beach,2010-01-05 06:00:00,Akaroa,0.0,0.0,0.0,0.0,0.0,0.0,incoming,medium,sandy,7,grass,1,0,1,0.0,0.0,1.9,2.18,1.57,1.2,2.44,344.0,343.8,347.2,320,-43.7958,172.9166,1,1,1,0,6,1,Offshore,Offshore,Offshore,75.0,0.0
2922,Tikao Bay mid beach,2010-01-11 06:00:00,Akaroa,0.2,0.2,0.2,11.2,12.8,12.8,ebbing,medium,sandy,7,grass,1,0,1,3.4,12.0,2.28,2.32,2.57,7.2,1.92,223.9,224.4,234.0,320,-43.7958,172.9166,1,2,0,0,6,0,Alongshore,Alongshore,Alongshore,75.6,0.0
2923,Tikao Bay mid beach,2010-01-18 06:00:00,Akaroa,0.0,0.0,0.0,0.0,0.0,0.0,ebbing,medium,sandy,7,grass,1,0,1,0.0,0.0,0.69,1.15,1.19,12.32,1.89,16.5,1.6,344.6,320,-43.7958,172.9166,1,3,0,0,6,0,Alongshore,Offshore,Offshore,69.6,0.0
2924,Tikao Bay mid beach,2010-01-21 11:00:00,Akaroa,0.0,0.0,0.0,0.0,0.0,0.0,ebbing,medium,sandy,7,grass,1,0,1,0.0,0.0,1.54,1.06,1.26,9.17,1.84,45.7,44.8,30.7,320,-43.7958,172.9166,1,3,3,0,11,0,Alongshore,Alongshore,Alongshore,76.8,0.0
2925,Tikao Bay mid beach,2010-01-25 06:00:00,Akaroa,0.0,0.0,0.0,0.0,0.0,0.0,incoming,medium,sandy,7,grass,1,0,1,0.0,0.0,2.01,2.4,2.24,4.55,1.85,24.1,33.0,31.2,320,-43.7958,172.9166,1,4,0,0,6,0,Alongshore,Alongshore,Alongshore,32.0,0.0
2926,Tikao Bay mid beach,2010-02-01 06:00:00,Akaroa,0.0,0.0,0.0,0.0,0.0,0.0,ebbing,medium,sandy,7,grass,1,0,1,0.0,0.0,2.2,2.65,2.69,11.58,2.34,28.4,26.1,25.9,320,-43.7958,172.9166,2,5,0,0,6,1,Alongshore,Alongshore,Alongshore,30.4,0.0
2927,Tikao Bay mid beach,2010-02-09 16:00:00,Akaroa,0.0,0.0,0.0,0.0,0.0,0.0,ebbing,medium,sandy,7,grass,1,0,1,0.0,0.0,0.04,0.58,0.83,9.3,2.08,201.4,179.6,195.4,320,-43.7958,172.9166,2,6,1,0,16,1,Alongshore,Onshore,Alongshore,17.6,0.0
2928,Tikao Bay mid beach,2010-02-15 06:00:00,Akaroa,0.0,0.0,0.0,0.0,0.0,0.0,ebbing,medium,sandy,7,grass,1,0,1,0.0,0.0,2.21,2.66,2.62,10.58,1.95,229.8,229.4,222.7,320,-43.7958,172.9166,2,7,0,0,6,0,Alongshore,Alongshore,Alongshore,15.2,0.0
2929,Tikao Bay mid beach,2010-02-22 07:00:00,Akaroa,0.0,0.0,0.0,0.0,0.0,0.0,incoming,medium,sandy,7,grass,1,0,1,0.0,0.0,0.89,0.85,0.42,2.77,1.83,357.5,9.7,351.6,320,-43.7958,172.9166,2,8,0,0,7,0,Offshore,Alongshore,Offshore,31.6,0.0
2930,Tikao Bay mid beach,2010-03-01 07:00:00,Akaroa,0.0,0.0,0.0,0.0,0.0,0.0,ebbing,medium,sandy,7,grass,1,0,1,0.0,0.0,2.55,4.05,3.94,9.68,2.38,15.3,12.0,16.2,320,-43.7958,172.9166,3,9,0,0,7,0,Alongshore,Alongshore,Alongshore,33.2,0.0
2931,Tikao Bay mid beach,2010-03-03 00:00:00,Akaroa,0.0,0.0,0.0,0.0,0.0,0.0,incoming,medium,sandy,7,grass,1,0,1,0.0,0.0,0.67,0.54,0.74,5.53,2.43,111.8,130.4,114.6,320,-43.7958,172.9166,3,9,2,0,0,0,Onshore,Onshore,Onshore,192.8,0.06666666666666667
2932,Tikao Bay mid beach,2010-03-05 09:00:00,Akaroa,0.0,0.0,0.0,0.0,0.0,0.0,ebbing,medium,sandy,7,grass,1,0,1,0.0,0.0,0.88,0.99,0.71,10.52,2.24,113.3,137.0,197.1,320,-43.7958,172.9166,3,9,4,0,9,0,Onshore,Onshore,Alongshore,190.4,0.0625
2933,Tikao Bay mid beach,2010-03-08 07:00:00,Akaroa,0.0,0.0,0.0,0.0,0.0,0.0,incoming,medium,sandy,7,grass,1,0,1,0.0,0.0,0.99,0.88,0.72,3.3,1.89,18.2,300.2,294.4,320,-43.7958,172.9166,3,10,0,0,7,0,Alongshore,Offshore,Offshore,327.2,0.11764705882352941
2934,Tikao Bay mid beach,2010-03-15 07:00:00,Akaroa,0.0,0.0,0.0,0.0,0.0,0.2,ebbing,medium,sandy,7,grass,1,0,1,0.0,0.0,0.19,1.49,2.68,8.62,1.98,110.2,110.5,153.0,320,-43.7958,172.9166,3,11,0,0,7,0,Onshore,Onshore,Onshore,303.6,0.1111111111111111
2935,Tikao Bay mid beach,2010-05-18 14:00:00,Akaroa,0.0,0.0,0.0,0.0,14.4,15.2,incoming,medium,sandy,7,grass,1,0,1,5.0,7.0,0.7,0.7,0.15,5.15,2.28,47.5,194.5,184.3,320,-43.7958,172.9166,5,20,1,0,14,0,Alongshore,Alongshore,Onshore,309.2,0.10526315789473684
2936,Tikao Bay mid beach,2010-06-09 14:00:00,Akaroa,0.0,0.0,0.0,0.8,5.0,36.2,ebbing,medium,sandy,7,grass,1,0,1,0.8,16.0,0.59,1.03,1.24,11.38,1.91,92.4,88.3,80.5,320,-43.7958,172.9166,6,23,2,0,14,0,Alongshore,Alongshore,Alongshore,207.2,0.15
2937,Tikao Bay mid beach,2010-06-16 13:00:00,Akaroa,0.0,0.0,0.0,0.0,6.4,9.6,incoming,medium,sandy,7,grass,1,0,1,2.0,10.0,0.34,0.23,0.4,6.1,2.39,193.9,199.6,223.7,320,-43.7958,172.9166,6,24,2,0,13,0,Alongshore,Alongshore,Alongshore,226.8,0.14285714285714285
2938,Tikao Bay mid beach,2010-12-06 06:00:00,Akaroa,0.2,0.2,0.2,0.2,0.2,0.2,ebbing,medium,sandy,7,grass,1,0,1,0.2,1.0,2.16,2.8,2.72,10.2,2.1,217.7,224.0,233.2,320,-43.7958,172.9166,12,49,0,0,6,0,Alongshore,Alongshore,Alongshore,,0.0
2939,Tikao Bay mid beach,2010-12-08 07:00:00,Akaroa,0.0,0.0,0.0,0.8,2.4,2.8,ebbing,medium,sandy,7,grass,1,0,1,0.4,9.0,3.73,3.44,2.94,10.4,2.02,205.4,213.2,213.6,320,-43.7958,172.9166,12,49,2,0,7,0,Alongshore,Alongshore,Alongshore,500.0,0.5
2940,Tikao Bay mid beach,2010-12-10 10:00:00,Akaroa,0.0,0.0,0.0,0.0,0.0,0.6,ebbing,medium,sandy,7,grass,1,0,1,0.0,0.0,1.44,1.35,1.8,8.93,1.94,35.9,48.7,18.0,320,-43.7958,172.9166,12,49,4,0,10,0,Alongshore,Alongshore,Alongshore,850.0,0.6666666666666666
2941,Tikao Bay mid beach,2010-12-13 06:00:00,Akaroa,0.0,0.0,0.0,0.0,0.0,0.0,incoming,medium,sandy,7,grass,1,0,1,0.0,0.0,2.7,1.94,1.25,3.1,1.99,38.6,12.4,0.9,320,-43.7958,172.9166,12,50,0,0,6,0,Alongshore,Alongshore,Offshore,567.3333333333334,0.5
2942,Tikao Bay mid beach,2010-12-20 06:00:00,Akaroa,0.0,0.0,0.0,0.0,0.0,0.0,ebbing,medium,sandy,7,grass,1,0,1,0.0,0.0,2.95,3.07,2.76,9.02,1.93,5.2,1.2,7.0,320,-43.7958,172.9166,12,51,0,0,6,1,Alongshore,Offshore,Alongshore,426.0,0.4
2943,Tikao Bay mid beach,2010-12-29 06:00:00,Akaroa,0.0,0.0,0.0,0.0,26.0,26.4,incoming,medium,sandy,7,grass,1,0,1,9.4,8.0,2.54,2.46,2.53,4.05,2.16,38.1,32.1,27.0,320,-43.7958,172.9166,12,52,2,0,6,1,Alongshore,Alongshore,Alongshore,346.8,0.3333333333333333
2944,Tikao Bay mid beach,2011-01-05 06:00:00,Akaroa,0.0,0.0,0.8,0.8,1.0,1.0,ebbing,medium,sandy,7,grass,1,0,1,0.6,3.0,1.17,1.1,0.86,10.37,2.02,28.3,39.3,44.0,320,-43.7958,172.9166,1,1,2,0,6,1,Alongshore,Alongshore,Alongshore,264.4,0.2857142857142857
2945,Tikao Bay mid beach,2011-01-10 06:00:00,Akaroa,0.0,0.0,0.0,0.0,0.0,4.4,incoming,medium,sandy,7,grass,1,0,1,0.0,0.0,2.63,3.21,3.69,1.42,2.02,230.7,223.6,225.1,320,-43.7958,172.9166,1,2,0,0,6,0,Alongshore,Alongshore,Alongshore,26.8,0.25
2946,Tikao Bay mid beach,2011-01-17 07:00:00,Akaroa,0.0,0.0,0.0,0.0,0.0,0.0,ebbing,medium,sandy,7,grass,1,0,1,0.0,0.0,2.44,2.77,2.48,6.95,1.89,353.4,359.5,15.6,320,-43.7958,172.9166,1,3,0,0,7,0,Offshore,Offshore,Alongshore,32.0,0.2222222222222222
2947,Tikao Bay mid beach,2011-01-24 06:00:00,Akaroa,0.0,0.0,0.0,0.0,2.0,5.8,incoming,medium,sandy,7,grass,1,0,1,0.4,8.0,2.24,2.29,1.98,0.73,2.38,261.2,248.2,234.6,320,-43.7958,172.9166,1,4,0,0,6,0,Alongshore,Alongshore,Alongshore,32.4,0.2
2948,Tikao Bay mid beach,2011-01-31 06:00:00,Akaroa,0.0,0.0,1.6,2.0,2.0,5.4,ebbing,medium,sandy,7,grass,1,0,1,0.6,6.0,0.54,1.17,3.87,7.55,1.96,132.4,142.4,165.4,320,-43.7958,172.9166,1,5,0,0,6,1,Onshore,Onshore,Onshore,48.4,0.18181818181818182
2949,Tikao Bay mid beach,2011-02-07 07:00:00,Akaroa,0.0,0.0,12.8,15.0,15.0,15.0,ebbing,medium,sandy,7,grass,1,0,1,3.8,8.0,1.29,0.33,0.4,12.47,1.94,64.0,205.8,206.0,320,-43.7958,172.9166,2,6,0,0,7,1,Alongshore,Alongshore,Alongshore,32.0,0.16666666666666666
2950,Tikao Bay mid beach,2011-02-14 07:00:00,Akaroa,0.0,0.0,0.0,0.2,1.2,1.2,incoming,medium,sandy,7,grass,1,0,1,0.6,4.0,2.93,2.89,2.22,5.4,1.84,241.6,241.9,231.4,320,-43.7958,172.9166,2,7,0,0,7,0,Alongshore,Alongshore,Alongshore,37.6,0.15384615384615385
2951,Tikao Bay mid beach,2011-03-22 13:00:00,Akaroa,0.0,2.4,7.0,8.6,8.6,9.4,incoming,medium,sandy,7,grass,1,0,1,3.4,9.0,1.74,2.6,2.51,5.03,2.44,194.2,183.6,189.7,320,-43.7958,172.9166,3,12,1,0,13,0,Alongshore,Onshore,Alongshore,34.4,0.14285714285714285
2952,Tikao Bay mid beach,2011-04-07 12:00:00,Akaroa,1.0,1.8,2.2,13.8,21.0,32.0,incoming,medium,sandy,7,grass,1,0,1,4.8,17.0,6.26,6.48,7.12,6.08,1.99,224.8,221.5,219.0,320,-43.7958,172.9166,4,14,3,0,12,0,Alongshore,Alongshore,Alongshore,58.0,0.13333333333333333
2953,Tikao Bay mid beach,2011-04-11 13:00:00,Akaroa,0.0,0.0,0.0,0.0,0.0,0.0,ebbing,medium,sandy,7,grass,1,0,1,0.0,0.0,0.28,0.19,0.17,8.98,2.06,68.8,53.2,16.2,320,-43.7958,172.9166,4,15,0,0,13,0,Alongshore,Alongshore,Alongshore,183.6,0.1875
2954,Tikao Bay mid beach,2011-11-14 12:00:00,Akaroa,0.0,0.0,0.0,0.0,0.8,11.2,ebbing,medium,sandy,7,grass,1,0,1,0.6,2.0,1.05,0.85,0.83,6.13,1.82,108.0,82.5,22.6,320,-43.7958,172.9166,11,46,0,0,12,0,Onshore,Alongshore,Alongshore,,0.0
2955,Tikao Bay mid beach,2011-11-24 09:00:00,Akaroa,0.0,0.0,0.0,1.8,7.0,7.0,incoming,medium,sandy,7,grass,1,0,1,1.8,12.0,1.43,1.43,0.38,5.32,2.28,90.9,7.0,332.3,320,-43.7958,172.9166,11,47,3,0,9,0,Alongshore,Alongshore,Offshore,10.0,0.0
2956,Tikao Bay mid beach,2011-11-28 12:00:00,Akaroa,0.0,0.0,0.0,0.0,0.0,0.0,ebbing,medium,sandy,7,grass,1,0,1,0.0,0.0,1.59,1.66,1.67,6.32,2.16,239.0,230.6,250.3,320,-43.7958,172.9166,11,48,0,0,12,0,Alongshore,Alongshore,Alongshore,31.0,0.0
2957,Tikao Bay mid beach,2011-12-05 09:00:00,Akaroa,0.0,0.0,0.0,0.0,0.0,0.0,incoming,medium,sandy,7,grass,1,0,1,0.0,0.0,1.92,1.26,1.78,2.7,1.95,184.1,204.1,202.3,320,-43.7958,172.9166,12,49,0,0,9,0,Onshore,Alongshore,Alongshore,24.0,0.0
2958,Tikao Bay mid beach,2011-12-12 13:00:00,Akaroa,0.0,0.0,0.0,0.0,0.0,0.0,incoming,medium,sandy,7,grass,1,0,1,0.0,0.0,0.59,0.21,0.22,3.73,1.88,54.1,94.4,4.6,320,-43.7958,172.9166,12,50,0,0,13,0,Alongshore,Alongshore,Offshore,20.5,0.0
2959,Tikao Bay mid beach,2011-12-19 12:00:00,Akaroa,0.0,0.0,0.0,0.0,0.0,0.0,ebbing,medium,sandy,7,grass,1,0,1,0.0,0.0,1.32,0.2,0.24,11.07,2.16,41.6,152.1,203.2,320,-43.7958,172.9166,12,51,0,0,12,0,Alongshore,Onshore,Alongshore,18.4,0.0
2960,Tikao Bay mid beach,2012-01-05 09:00:00,Akaroa,0.0,0.0,0.0,0.0,0.0,0.0,incoming,medium,sandy,7,grass,1,0,1,0.0,0.0,0.29,0.46,0.11,3.83,1.83,17.4,123.8,189.6,320,-43.7958,172.9166,1,1,3,0,9,1,Alongshore,Onshore,Alongshore,18.4,0.0
2961,Tikao Bay mid beach,2012-01-09 09:00:00,Akaroa,0.0,0.0,0.0,3.2,3.2,3.4,ebbing,medium,sandy,7,grass,1,0,1,0.8,7.0,0.81,1.55,1.69,6.65,1.93,6.9,337.3,276.8,320,-43.7958,172.9166,1,2,0,0,9,0,Alongshore,Offshore,Offshore,10.0,0.0
2962,Tikao Bay mid beach,2012-01-16 12:00:00,Akaroa,0.0,0.0,0.0,0.2,2.2,2.2,ebbing,medium,sandy,7,grass,1,0,1,1.6,3.0,1.4,0.11,0.21,9.97,2.16,325.2,222.6,234.6,320,-43.7958,172.9166,1,3,0,0,12,0,Offshore,Alongshore,Alongshore,18.4,0.0
2963,Tikao Bay mid beach,2012-01-23 10:00:00,Akaroa,0.0,0.0,0.8,5.4,10.4,10.4,ebbing,medium,sandy,7,grass,1,0,1,2.2,13.0,3.52,3.02,3.2,6.15,2.14,227.1,228.2,226.9,320,-43.7958,172.9166,1,4,0,0,10,0,Alongshore,Alongshore,Alongshore,20.4,0.0
2964,Tikao Bay mid beach,2012-01-30 09:00:00,Akaroa,0.0,0.0,0.0,0.0,0.0,0.0,ebbing,medium,sandy,7,grass,1,0,1,0.0,0.0,2.52,1.93,0.56,12.27,1.93,57.1,8.5,19.5,320,-43.7958,172.9166,1,5,0,0,9,0,Alongshore,Alongshore,Alongshore,44.4,0.0
2965,Tikao Bay mid beach,2012-02-09 12:00:00,Akaroa,0.0,0.0,0.0,0.0,0.0,0.2,incoming,medium,sandy,7,grass,1,0,1,0.0,0.0,0.39,0.77,1.45,4.37,2.17,196.1,187.9,264.3,320,-43.7958,172.9166,2,6,3,0,12,1,Alongshore,Alongshore,Alongshore,44.4,0.0
2966,Tikao Bay mid beach,2012-02-13 13:00:00,Akaroa,0.2,0.2,0.2,0.2,0.2,0.6,ebbing,medium,sandy,7,grass,1,0,1,0.2,1.0,1.49,1.3,1.3,7.4,2.23,41.6,42.0,59.8,320,-43.7958,172.9166,2,7,0,0,13,0,Alongshore,Alongshore,Alongshore,44.4,0.0
2967,Tikao Bay mid beach,2012-02-27 09:00:00,Akaroa,0.0,0.0,0.0,0.0,0.0,1.0,ebbing,medium,sandy,7,grass,1,0,1,0.0,0.0,0.68,0.51,0.43,10.7,1.97,137.0,219.1,252.4,320,-43.7958,172.9166,2,9,0,0,9,0,Onshore,Alongshore,Alongshore,36.0,0.0
2968,Tikao Bay mid beach,2012-03-06 09:00:00,Akaroa,0.0,0.0,0.0,0.0,0.0,1.6,incoming,medium,sandy,7,grass,1,0,1,0.0,0.0,1.43,1.04,1.34,5.03,2.03,82.5,33.5,10.1,320,-43.7958,172.9166,3,10,1,0,9,0,Alongshore,Alongshore,Alongshore,42.4,0.0
2969,Tikao Bay mid beach,2012-11-22 09:00:00,Akaroa,0.0,0.0,0.0,0.0,0.0,0.0,incoming,medium,sandy,7,grass,1,0,1,0.0,0.0,2.65,2.74,2.63,1.43,2.15,26.1,35.2,35.9,320,-43.7958,172.9166,11,47,3,0,9,0,Alongshore,Alongshore,Alongshore,,0.0
2970,Tikao Bay mid beach,2012-11-27 10:00:00,Akaroa,0.0,0.0,0.0,0.0,0.0,0.0,incoming,medium,sandy,7,grass,1,0,1,0.0,0.0,0.97,0.63,1.0,5.23,1.96,51.0,29.9,344.5,320,-43.7958,172.9166,11,48,1,0,10,0,Alongshore,Alongshore,Offshore,10.0,0.0
2971,Tikao Bay mid beach,2012-12-03 11:00:00,Akaroa,0.0,0.0,0.0,0.0,0.0,0.0,ebbing,medium,sandy,7,grass,1,0,1,0.0,0.0,2.37,2.1,2.36,8.27,1.8,37.5,31.5,14.3,320,-43.7958,172.9166,12,49,0,0,11,0,Alongshore,Alongshore,Alongshore,10.0,0.0
2972,Tikao Bay mid beach,2012-12-10 09:00:00,Akaroa,0.0,0.0,0.0,0.0,0.0,0.2,incoming,medium,sandy,7,grass,1,0,1,0.0,0.0,0.97,1.59,3.61,3.17,2.15,239.5,225.7,254.7,320,-43.7958,172.9166,12,50,0,0,9,0,Alongshore,Alongshore,Alongshore,10.0,0.0
2973,Tikao Bay mid beach,2012-12-17 11:00:00,Akaroa,0.0,0.0,0.0,0.0,0.0,0.0,ebbing,medium,sandy,7,grass,1,0,1,0.0,0.0,0.5,0.36,0.49,8.2,2.21,89.1,72.9,272.5,320,-43.7958,172.9166,12,51,0,0,11,0,Alongshore,Alongshore,Alongshore,10.0,0.0
2974,Tikao Bay mid beach,2012-12-27 09:00:00,Akaroa,0.0,0.0,0.0,0.0,0.2,0.2,ebbing,medium,sandy,7,grass,1,0,1,0.2,1.0,1.83,2.03,1.85,6.32,1.89,39.7,44.3,59.0,320,-43.7958,172.9166,12,52,3,0,9,1,Alongshore,Alongshore,Alongshore,10.0,0.0
2975,Tikao Bay mid beach,2013-01-03 12:00:00,Akaroa,0.0,0.0,0.0,11.2,23.2,23.2,ebbing,medium,sandy,7,grass,1,0,1,4.6,11.0,1.77,1.3,1.29,8.2,1.93,97.1,70.6,46.7,320,-43.7958,172.9166,1,1,3,0,12,1,Onshore,Alongshore,Alongshore,10.0,0.0
2976,Tikao Bay mid beach,2013-01-08 10:00:00,Akaroa,0.0,0.0,0.0,0.0,2.6,2.6,incoming,medium,sandy,7,grass,1,0,1,1.8,3.0,0.29,1.46,1.45,2.28,2.11,45.6,51.2,248.6,320,-43.7958,172.9166,1,2,1,0,10,0,Alongshore,Alongshore,Alongshore,12.0,0.0
2977,Tikao Bay mid beach,2013-01-14 10:00:00,Akaroa,0.0,0.0,0.0,0.0,0.0,0.0,ebbing,medium,sandy,7,grass,1,0,1,0.0,0.0,1.71,1.01,0.61,7.78,2.27,92.8,62.4,80.3,320,-43.7958,172.9166,1,3,0,0,10,0,Alongshore,Alongshore,Alongshore,16.0,0.0
2978,Tikao Bay mid beach,2013-01-21 11:00:00,Akaroa,0.0,0.0,0.0,0.0,0.0,0.0,incoming,medium,sandy,7,grass,1,0,1,0.0,0.0,1.53,1.17,0.93,0.95,1.87,84.6,53.2,71.1,320,-43.7958,172.9166,1,4,0,0,11,0,Alongshore,Alongshore,Alongshore,16.0,0.0
2979,Tikao Bay mid beach,2013-01-28 12:00:00,Akaroa,0.0,0.0,0.0,0.0,0.0,0.0,incoming,medium,sandy,7,grass,1,0,1,0.0,0.0,1.16,0.46,0.51,4.8,1.96,108.3,87.1,8.3,320,-43.7958,172.9166,1,5,0,0,12,0,Onshore,Alongshore,Alongshore,16.0,0.0
2980,Tikao Bay mid beach,2013-02-04 13:00:00,Akaroa,2.0,11.0,24.8,26.6,26.6,26.6,ebbing,medium,sandy,7,grass,1,0,1,5.4,14.0,3.61,4.66,5.04,10.02,2.18,208.6,205.0,208.5,320,-43.7958,172.9166,2,6,0,0,13,1,Alongshore,Alongshore,Alongshore,16.0,0.0
2981,Tikao Bay mid beach,2013-02-11 12:00:00,Akaroa,0.0,0.0,0.0,0.0,0.0,0.0,incoming,medium,sandy,7,grass,1,0,1,0.0,0.0,2.82,1.45,1.25,4.53,2.28,206.8,221.3,235.6,320,-43.7958,172.9166,2,7,0,0,12,0,Alongshore,Alongshore,Alongshore,14.0,0.0
2982,Tikao Bay mid beach,2013-02-18 09:00:00,Akaroa,0.0,0.0,0.0,0.0,0.0,0.0,incoming,medium,sandy,7,grass,1,0,1,0.0,0.0,1.52,1.26,1.12,1.08,1.86,27.3,352.4,319.3,320,-43.7958,172.9166,2,8,0,0,9,0,Alongshore,Offshore,Offshore,10.0,0.0
2983,Tikao Bay mid beach,2013-02-25 11:00:00,Akaroa,0.0,0.0,0.0,0.0,0.0,0.0,incoming,medium,sandy,7,grass,1,0,1,0.0,0.0,1.79,0.62,0.34,4.67,2.01,97.6,17.1,340.7,320,-43.7958,172.9166,2,9,0,0,11,0,Onshore,Alongshore,Offshore,10.0,0.0
2984,Tikao Bay mid beach,2013-11-13 13:00:00,Akaroa,0.0,0.0,0.0,0.0,0.0,0.0,ebbing,medium,sandy,7,grass,1,0,1,0.0,0.0,1.22,0.86,0.93,11.5,2.18,76.7,72.3,46.1,320,-43.7958,172.9166,11,46,2,0,13,0,Alongshore,Alongshore,Alongshore,,0.0
2985,Tikao Bay mid beach,2013-11-26 11:00:00,Akaroa,1.4,1.4,1.4,1.8,8.8,8.8,ebbing,medium,sandy,7,grass,1,0,1,1.8,13.0,0.84,0.86,0.83,11.07,1.83,109.1,119.6,169.2,320,-43.7958,172.9166,11,48,1,0,11,0,Onshore,Onshore,Onshore,10.0,0.0
2986,Tikao Bay mid beach,2013-12-05 05:00:00,Akaroa,0.0,0.0,0.0,0.0,0.0,0.0,ebbing,medium,sandy,7,grass,1,0,1,0.0,0.0,1.48,1.75,1.64,12.33,2.26,341.7,325.6,317.2,320,-43.7958,172.9166,12,49,3,0,5,0,Offshore,Offshore,Offshore,10.0,0.0
2987,Tikao Bay mid beach,2013-12-10 11:00:00,Akaroa,0.0,0.0,0.0,0.8,0.8,1.0,ebbing,medium,sandy,7,grass,1,0,1,0.4,3.0,1.1,0.96,0.68,11.73,2.15,43.9,39.1,18.8,320,-43.7958,172.9166,12,50,1,0,11,0,Alongshore,Alongshore,Alongshore,10.0,0.0
2988,Tikao Bay mid beach,2013-12-17 16:00:00,Akaroa,0.0,0.0,0.0,3.4,14.0,14.0,ebbing,medium,sandy,7,grass,1,0,1,9.2,7.0,0.7,1.11,1.25,12.28,2.19,94.1,94.3,93.7,320,-43.7958,172.9166,12,51,1,0,16,0,Alongshore,Alongshore,Alongshore,10.0,0.0
2989,Tikao Bay mid beach,2013-12-22 10:00:00,Akaroa,0.0,0.0,0.0,17.6,23.4,23.4,ebbing,medium,sandy,7,grass,1,0,1,4.4,15.0,1.67,0.72,0.52,9.68,1.84,129.8,204.4,215.6,320,-43.7958,172.9166,12,51,6,1,10,1,Onshore,Alongshore,Alongshore,27.2,0.0
2990,Tikao Bay mid beach,2014-01-07 09:00:00,Akaroa,0.0,0.0,0.0,0.0,0.0,1.6,ebbing,medium,sandy,7,grass,1,0,1,0.0,0.0,1.91,1.17,0.4,12.47,2.2,294.9,356.0,9.9,320,-43.7958,172.9166,1,2,1,0,9,0,Offshore,Offshore,Alongshore,65.8,0.0
2991,Tikao Bay mid beach,2014-01-14 15:00:00,Akaroa,0.0,0.0,0.0,0.0,0.0,0.2,ebbing,medium,sandy,7,grass,1,0,1,0.0,0.0,0.92,0.7,0.71,12.03,2.15,138.2,134.6,194.5,320,-43.7958,172.9166,1,3,1,0,15,0,Onshore,Onshore,Alongshore,65.8,0.0
2992,Tikao Bay mid beach,2014-01-21 08:00:00,Akaroa,0.0,0.0,0.4,1.0,1.0,1.0,ebbing,medium,sandy,7,grass,1,0,1,0.4,4.0,1.62,1.44,1.33,12.03,1.88,45.8,47.4,48.6,320,-43.7958,172.9166,1,4,1,0,8,0,Alongshore,Alongshore,Alongshore,65.8,0.0
2993,Tikao Bay mid beach,2014-01-29 15:00:00,Akaroa,0.0,0.0,0.0,0.0,0.0,0.4,ebbing,medium,sandy,7,grass,1,0,1,0.0,0.0,0.91,0.42,0.45,11.48,2.51,125.1,68.1,21.8,320,-43.7958,172.9166,1,5,2,0,15,0,Onshore,Alongshore,Alongshore,67.8,0.0
2994,Tikao Bay mid beach,2014-02-04 08:00:00,Akaroa,0.0,0.0,0.0,0.0,0.0,0.0,ebbing,medium,sandy,7,grass,1,0,1,0.0,0.0,0.96,0.72,0.78,12.17,2.27,339.1,321.9,328.9,320,-43.7958,172.9166,2,6,1,0,8,1,Offshore,Offshore,Offshore,50.6,0.0
2995,Tikao Bay mid beach,2014-02-11 14:00:00,Akaroa,0.0,0.0,0.0,0.0,0.0,0.6,ebbing,medium,sandy,7,grass,1,0,1,0.0,0.0,0.42,0.49,0.51,11.68,2.1,110.9,130.7,357.5,320,-43.7958,172.9166,2,7,1,0,14,0,Onshore,Onshore,Offshore,12.0,0.0
2996,Tikao Bay mid beach,2014-02-18 07:00:00,Akaroa,0.0,0.0,0.0,0.0,0.0,0.0,ebbing,medium,sandy,7,grass,1,0,1,0.0,0.0,1.07,0.56,1.12,11.73,1.97,106.4,28.1,357.7,320,-43.7958,172.9166,2,8,1,0,7,0,Onshore,Alongshore,Offshore,12.0,0.0
2997,Tikao Bay mid beach,2014-02-25 14:00:00,Akaroa,0.0,0.0,0.0,0.0,0.0,20.8,ebbing,medium,sandy,7,grass,1,0,1,0.0,0.0,1.26,1.04,1.01,10.62,2.32,40.6,50.6,62.4,320,-43.7958,172.9166,2,9,1,0,14,0,Alongshore,Alongshore,Alongshore,12.0,0.0
2998,Tikao Bay mid beach,2014-03-10 11:00:00,Akaroa,0.0,0.0,0.0,0.0,0.0,0.0,incoming,medium,sandy,7,grass,1,0,1,0.0,0.0,0.96,0.61,0.35,0.05,1.87,354.4,357.2,0.8,320,-43.7958,172.9166,3,11,0,0,11,0,Offshore,Offshore,Offshore,10.0,0.0
2999,Tikao Bay mid beach,2014-11-19 14:00:00,Akaroa,0.0,0.0,9.4,10.8,10.8,10.8,ebbing,medium,sandy,7,grass,1,0,1,5.8,6.0,1.36,0.56,0.49,11.43,2.03,120.7,125.6,151.5,320,-43.7958,172.9166,11,47,2,0,14,0,Onshore,Onshore,Onshore,,0.0
3000,Tikao Bay mid beach,2014-11-25 18:00:00,Akaroa,0.0,0.0,0.0,0.2,0.2,0.2,ebbing,medium,sandy,7,grass,1,0,1,0.2,1.0,2.2,2.85,4.85,12.32,2.34,284.4,286.5,320.6,320,-43.7958,172.9166,11,48,1,0,18,0,Offshore,Offshore,Offshore,10.0,0.0
3001,Tikao Bay mid beach,2014-12-09 06:00:00,Akaroa,0.0,0.0,0.0,0.0,0.0,0.0,ebbing,medium,sandy,7,grass,1,0,1,0.0,0.0,2.03,2.52,2.21,11.93,2.02,11.2,355.3,0.9,320,-43.7958,172.9166,12,50,1,0,6,0,Alongshore,Offshore,Offshore,10.0,0.0
3002,Tikao Bay mid beach,2014-12-16 10:00:00,Akaroa,0.0,0.0,0.0,0.0,0.0,0.0,incoming,medium,sandy,7,grass,1,0,1,0.0,0.0,2.48,2.2,1.62,0.75,1.91,35.5,20.4,8.0,320,-43.7958,172.9166,12,51,1,0,10,0,Alongshore,Alongshore,Alongshore,10.0,0.0
3003,Tikao Bay mid beach,2014-12-21 16:00:00,Akaroa,0.0,1.0,7.8,7.8,8.0,8.0,ebbing,medium,sandy,7,grass,1,0,1,3.2,6.0,0.36,0.33,0.42,11.47,2.34,134.9,116.8,160.3,320,-43.7958,172.9166,12,51,6,1,16,1,Onshore,Onshore,Onshore,10.0,0.0
3004,Tikao Bay mid beach,2014-12-30 13:00:00,Akaroa,0.0,0.0,0.0,0.0,0.0,0.2,ebbing,medium,sandy,7,grass,1,0,1,0.0,0.0,2.22,2.2,2.74,10.25,2.21,22.4,31.1,10.1,320,-43.7958,172.9166,12,1,1,0,13,1,Alongshore,Alongshore,Alongshore,10.0,0.0
3005,Tikao Bay mid beach,2015-01-05 17:00:00,Akaroa,0.0,0.0,0.0,0.0,0.0,0.0,ebbing,medium,sandy,7,grass,1,0,1,0.0,0.0,0.54,0.59,0.52,11.78,2.26,150.9,136.4,106.3,320,-43.7958,172.9166,1,2,0,0,17,1,Onshore,Onshore,Onshore,10.0,0.0
3006,Tikao Bay mid beach,2015-01-13 12:00:00,Akaroa,0.0,0.0,0.0,0.0,0.0,0.0,ebbing,medium,sandy,7,grass,1,0,1,0.0,0.0,1.09,0.44,0.37,10.43,1.87,128.0,61.0,35.5,320,-43.7958,172.9166,1,3,1,0,12,0,Onshore,Alongshore,Alongshore,14.2,0.0
3007,Tikao Bay mid beach,2015-01-20 15:00:00,Akaroa,2.4,2.4,2.4,2.8,2.8,2.8,incoming,medium,sandy,7,grass,1,0,1,1.6,4.0,0.72,0.79,0.79,0.22,2.22,138.5,130.1,199.4,320,-43.7958,172.9166,1,4,1,0,15,0,Onshore,Onshore,Alongshore,14.2,0.0
3008,Tikao Bay mid beach,2015-01-27 12:00:00,Akaroa,0.0,0.0,0.0,0.0,0.0,0.0,ebbing,medium,sandy,7,grass,1,0,1,0.0,0.0,1.61,1.82,1.62,10.03,2.22,46.1,40.9,20.5,320,-43.7958,172.9166,1,5,1,0,12,0,Alongshore,Alongshore,Alongshore,14.2,0.0
3009,Tikao Bay mid beach,2015-02-03 16:00:00,Akaroa,0.0,0.0,0.0,2.6,2.6,2.6,incoming,medium,sandy,7,grass,1,0,1,1.2,3.0,1.49,2.4,2.46,0.07,2.0,31.4,38.6,52.5,320,-43.7958,172.9166,2,6,1,0,16,1,Alongshore,Alongshore,Alongshore,14.2,0.0
3010,Tikao Bay mid beach,2015-02-10 10:00:00,Akaroa,0.0,0.0,0.0,0.2,1.6,1.6,ebbing,medium,sandy,7,grass,1,0,1,0.6,5.0,1.11,0.38,0.36,10.18,1.89,176.7,318.2,255.4,320,-43.7958,172.9166,2,7,1,0,10,0,Onshore,Offshore,Alongshore,27.2,0.0
3011,Tikao Bay mid beach,2015-02-17 12:00:00,Akaroa,0.0,0.0,0.0,0.0,0.0,0.0,incoming,medium,sandy,7,grass,1,0,1,0.0,0.0,1.48,0.26,0.57,1.9,2.2,115.3,54.7,348.8,320,-43.7958,172.9166,2,8,1,0,12,0,Onshore,Alongshore,Offshore,23.0,0.0
3012,Tikao Bay mid beach,2015-02-24 11:00:00,Akaroa,0.0,0.0,0.0,0.0,1.8,1.8,ebbing,medium,sandy,7,grass,1,0,1,1.6,2.0,1.51,0.56,0.7,9.68,2.28,112.0,45.3,14.9,320,-43.7958,172.9166,2,9,1,0,11,0,Onshore,Alongshore,Alongshore,23.0,0.0
3013,Tikao Bay mid beach,2015-03-03 14:00:00,Akaroa,0.0,0.0,0.0,0.6,0.6,0.6,incoming,medium,sandy,7,grass,1,0,1,0.6,1.0,0.74,0.65,0.48,0.58,1.98,140.5,122.3,41.8,320,-43.7958,172.9166,3,10,1,0,14,0,Onshore,Onshore,Alongshore,23.0,0.0
3014,Tikao Bay mid beach,2015-11-18 09:00:00,Akaroa,0.0,0.0,0.2,3.0,3.0,3.0,ebbing,medium,sandy,7,grass,1,0,1,1.4,4.0,3.25,2.04,1.28,12.33,1.95,201.4,212.6,214.5,320,-43.7958,172.9166,11,47,2,0,9,0,Alongshore,Alongshore,Alongshore,,0.0
3015,Tikao Bay mid beach,2015-11-24 12:00:00,Akaroa,0.0,0.0,0.0,0.0,0.0,0.2,incoming,medium,sandy,7,grass,1,0,1,0.0,0.0,1.91,1.14,1.56,2.45,2.33,111.3,102.5,30.1,320,-43.7958,172.9166,11,48,1,0,12,0,Onshore,Onshore,Alongshore,31.0,0.0
3016,Tikao Bay mid beach,2015-12-01 07:00:00,Akaroa,0.0,0.0,0.0,0.0,0.0,0.2,incoming,medium,sandy,7,grass,1,0,1,0.0,0.0,1.94,0.81,0.28,0.72,2.25,123.4,8.9,359.0,320,-43.7958,172.9166,12,49,1,0,7,0,Onshore,Alongshore,Offshore,20.5,0.0
3017,Tikao Bay mid beach,2015-12-08 12:00:00,Akaroa,0.0,0.0,0.0,0.0,1.0,3.4,incoming,medium,sandy,7,grass,1,0,1,0.6,2.0,2.97,2.81,3.19,1.38,1.94,218.0,218.9,226.8,320,-43.7958,172.9166,12,50,1,0,12,0,Alongshore,Alongshore,Alongshore,17.0,0.0
3018,Tikao Bay mid beach,2015-12-15 06:00:00,Akaroa,2.4,2.4,2.4,2.4,2.6,15.0,incoming,medium,sandy,7,grass,1,0,1,1.2,3.0,0.71,1.08,0.91,0.37,2.24,54.9,35.2,354.3,320,-43.7958,172.9166,12,51,1,0,6,0,Alongshore,Alongshore,Offshore,15.25,0.0
3019,Tikao Bay mid beach,2015-12-22 11:00:00,Akaroa,0.0,0.2,0.4,0.6,0.6,0.6,incoming,medium,sandy,7,grass,1,0,1,0.2,3.0,1.1,0.3,0.7,2.07,2.21,117.7,173.4,189.3,320,-43.7958,172.9166,12,52,1,0,11,1,Onshore,Onshore,Alongshore,14.2,0.0
3020,Tikao Bay mid beach,2015-12-29 06:00:00,Akaroa,0.0,0.0,0.0,0.0,0.0,0.0,incoming,medium,sandy,7,grass,1,0,1,0.0,0.0,1.75,1.72,1.14,0.05,2.3,264.4,267.0,264.1,320,-43.7958,172.9166,12,53,1,0,6,1,Alongshore,Alongshore,Alongshore,12.0,0.0
3021,Tikao Bay mid beach,2016-01-06 10:00:00,Akaroa,0.0,0.0,0.0,0.0,0.0,2.4,incoming,medium,sandy,7,grass,1,0,1,0.0,0.0,2.05,1.37,0.37,2.73,1.88,27.8,8.4,12.6,320,-43.7958,172.9166,1,1,2,0,10,0,Alongshore,Alongshore,Alongshore,12.0,0.0
3022,Tikao Bay mid beach,2016-01-12 05:00:00,Akaroa,0.0,0.0,0.0,0.0,0.0,0.0,ebbing,medium,sandy,7,grass,1,0,1,0.0,0.0,1.19,1.96,1.52,12.1,2.12,279.7,252.7,270.8,320,-43.7958,172.9166,1,2,1,0,5,0,Offshore,Alongshore,Alongshore,12.0,0.0
3023,Tikao Bay mid beach,2016-01-19 10:00:00,Akaroa,0.0,0.0,0.0,5.4,7.8,7.8,incoming,medium,sandy,7,grass,1,0,1,2.0,11.0,2.14,3.11,3.46,1.97,2.14,235.6,239.5,260.3,320,-43.7958,172.9166,1,3,1,0,10,0,Alongshore,Alongshore,Alongshore,12.0,0.0
3024,Tikao Bay mid beach,2016-01-26 05:00:00,Akaroa,0.0,0.0,0.0,0.2,0.2,0.2,ebbing,medium,sandy,7,grass,1,0,1,0.2,1.0,1.04,2.17,2.25,12.25,2.09,184.6,182.3,176.2,320,-43.7958,172.9166,1,4,1,0,5,0,Onshore,Onshore,Onshore,12.0,0.0
3025,Tikao Bay mid beach,2016-02-01 09:00:00,Akaroa,0.0,0.0,0.0,0.0,0.0,0.0,incoming,medium,sandy,7,grass,1,0,1,0.0,0.0,1.24,0.46,0.57,1.1,1.87,92.6,341.1,329.9,320,-43.7958,172.9166,2,5,0,0,9,1,Alongshore,Offshore,Offshore,14.0,0.0
3026,Tikao Bay mid beach,2016-02-10 07:00:00,Akaroa,0.0,0.0,0.0,0.0,0.0,0.0,ebbing,medium,sandy,7,grass,1,0,1,0.0,0.0,2.77,2.27,2.14,10.35,2.27,352.5,11.0,9.1,320,-43.7958,172.9166,2,6,2,0,7,0,Offshore,Alongshore,Alongshore,14.0,0.0
3027,Tikao Bay mid beach,2016-02-16 09:00:00,Akaroa,0.0,0.0,0.0,0.0,0.0,0.0,incoming,medium,sandy,7,grass,1,0,1,0.0,0.0,1.67,1.21,0.74,1.45,2.12,109.7,22.9,359.8,320,-43.7958,172.9166,2,7,1,0,9,0,Onshore,Alongshore,Offshore,29.0,0.0
3028,Tikao Bay mid beach,2016-02-23 14:00:00,Akaroa,0.0,0.0,0.0,0.0,0.0,0.0,incoming,medium,sandy,7,grass,1,0,1,0.0,0.0,0.6,0.33,0.29,2.62,2.09,114.0,86.9,334.3,320,-43.7958,172.9166,2,8,1,0,14,0,Onshore,Alongshore,Offshore,29.0,0.0
3029,Tikao Bay mid beach,2016-11-22 12:00:00,Akaroa,0.0,0.0,0.0,0.0,0.0,0.0,ebbing,medium,sandy,7,grass,1,0,1,0.0,0.0,0.63,0.38,0.13,10.87,2.04,156.8,75.2,348.7,320,-43.7958,172.9166,11,47,1,0,12,0,Onshore,Alongshore,Offshore,,0.0
3030,Tikao Bay mid beach,2016-11-29 15:00:00,Akaroa,0.0,0.0,0.0,0.0,0.0,1.2,incoming,medium,sandy,7,grass,1,0,1,0.0,0.0,1.66,1.01,1.55,0.92,1.96,229.4,203.0,211.1,320,-43.7958,172.9166,11,48,1,0,15,0,Alongshore,Alongshore,Alongshore,10.0,0.0
3031,Tikao Bay mid beach,2016-12-06 10:00:00,Akaroa,0.0,0.0,0.0,0.0,0.0,0.0,ebbing,medium,sandy,7,grass,1,0,1,0.0,0.0,0.45,0.25,0.26,10.73,1.89,142.7,163.1,225.0,320,-43.7958,172.9166,12,49,1,0,10,0,Onshore,Onshore,Alongshore,10.0,0.0
3032,Tikao Bay mid beach,2016-12-13 14:00:00,Akaroa,0.0,0.0,0.0,0.0,17.0,26.6,incoming,medium,sandy,7,grass,1,0,1,4.0,12.0,1.29,1.05,1.43,0.55,2.32,93.4,99.1,30.2,320,-43.7958,172.9166,12,50,1,0,14,0,Alongshore,Onshore,Alongshore,10.0,0.0
3033,Tikao Bay mid beach,2016-12-20 08:00:00,Akaroa,0.0,0.0,0.0,0.0,0.0,0.0,incoming,medium,sandy,7,grass,1,0,1,0.0,0.0,2.66,2.93,2.89,0.45,2.23,30.9,38.0,43.5,320,-43.7958,172.9166,12,51,1,0,8,1,Alongshore,Alongshore,Alongshore,12.5,0.0
3034,Tikao Bay mid beach,2016-12-28 13:00:00,Akaroa,1.0,1.0,1.0,1.0,1.0,1.0,incoming,medium,sandy,7,grass,1,0,1,0.8,2.0,0.77,0.19,0.38,1.95,1.92,241.4,167.3,108.5,320,-43.7958,172.9166,12,52,2,0,13,1,Alongshore,Onshore,Onshore,12.0,0.0
3035,Tikao Bay mid beach,2017-01-05 08:00:00,Akaroa,0.0,0.0,0.0,1.2,13.6,17.0,incoming,medium,sandy,7,grass,1,0,1,4.0,11.0,2.57,1.38,0.57,0.65,2.13,210.8,223.1,222.5,320,-43.7958,172.9166,1,1,3,0,8,1,Alongshore,Alongshore,Alongshore,12.0,0.0
3036,Tikao Bay mid beach,2017-01-10 14:00:00,Akaroa,0.0,0.0,0.0,0.0,0.0,0.0,ebbing,medium,sandy,7,grass,1,0,1,0.0,0.0,1.69,0.99,0.6,11.9,2.45,100.1,38.7,32.2,320,-43.7958,172.9166,1,2,1,0,14,0,Onshore,Alongshore,Alongshore,16.0,0.0
3037,Tikao Bay mid beach,2017-01-17 08:00:00,Akaroa,0.0,0.0,0.0,0.0,0.0,0.0,ebbing,medium,sandy,7,grass,1,0,1,0.0,0.0,2.73,3.43,2.92,12.28,2.09,323.7,331.4,351.7,320,-43.7958,172.9166,1,3,1,0,8,0,Offshore,Offshore,Offshore,16.0,0.0
3038,Tikao Bay mid beach,2017-01-23 14:00:00,Akaroa,0.0,0.0,0.0,1.8,59.8,64.0,ebbing,medium,sandy,7,grass,1,0,1,8.0,24.0,0.71,0.43,1.03,11.52,2.01,62.3,99.2,250.4,320,-43.7958,172.9166,1,4,0,0,14,0,Alongshore,Onshore,Alongshore,14.0,0.0
3039,Tikao Bay mid beach,2017-01-31 07:00:00,Akaroa,0.0,0.0,0.0,0.0,0.0,0.0,ebbing,medium,sandy,7,grass,1,0,1,0.0,0.0,2.79,3.4,2.33,11.4,2.07,354.6,341.8,356.2,320,-43.7958,172.9166,1,5,1,0,7,1,Offshore,Offshore,Offshore,38.8,0.0
3040,Tikao Bay mid beach,2017-02-08 15:00:00,Akaroa,0.0,0.0,0.0,0.6,0.6,1.6,ebbing,medium,sandy,7,grass,1,0,1,0.4,2.0,0.74,0.36,0.52,11.13,2.39,206.3,194.4,216.8,320,-43.7958,172.9166,2,6,2,0,15,1,Alongshore,Alongshore,Alongshore,38.8,0.0
3041,Tikao Bay mid beach,2017-02-14 17:00:00,Akaroa,0.0,0.0,0.0,0.0,0.0,0.0,incoming,medium,sandy,7,grass,1,0,1,0.0,0.0,0.52,0.32,0.44,1.17,2.14,118.3,106.1,77.9,320,-43.7958,172.9166,2,7,1,0,17,0,Onshore,Onshore,Alongshore,38.8,0.0
3042,Tikao Bay mid beach,2017-02-21 15:00:00,Akaroa,0.0,0.0,0.0,0.0,0.0,1.0,ebbing,medium,sandy,7,grass,1,0,1,0.0,0.0,0.52,0.62,1.1,9.48,1.98,101.8,118.6,31.1,320,-43.7958,172.9166,2,8,1,0,15,0,Onshore,Onshore,Alongshore,38.8,0.0
3043,Tikao Bay mid beach,2017-03-06 09:00:00,Akaroa,0.0,0.0,0.0,0.0,0.0,0.0,incoming,medium,sandy,7,grass,1,0,1,0.0,0.0,0.51,0.79,0.53,0.92,2.09,73.3,46.3,17.1,320,-43.7958,172.9166,3,10,0,0,9,0,Alongshore,Alongshore,Alongshore,38.8,0.0
3044,Tikao Bay mid beach,2017-11-14 12:00:00,Akaroa,0.0,0.0,0.0,0.0,0.0,1.2,incoming,medium,sandy,7,grass,1,0,1,0.0,0.0,1.04,0.14,0.14,0.75,2.19,170.6,210.2,281.1,320,-43.7958,172.9166,11,46,1,0,12,0,Onshore,Alongshore,Offshore,,0.0
3045,Tikao Bay mid beach,2017-11-29 13:00:00,Akaroa,0.0,0.0,0.0,0.0,0.0,0.0,ebbing,medium,sandy,7,grass,1,0,1,0.0,0.0,0.56,0.42,0.37,11.28,2.05,151.2,178.3,318.5,320,-43.7958,172.9166,11,48,2,0,13,0,Onshore,Onshore,Offshore,74.0,0.0
3046,Tikao Bay mid beach,2017-12-06 06:00:00,Akaroa,0.0,0.0,0.0,0.0,0.0,0.0,ebbing,medium,sandy,7,grass,1,0,1,0.0,0.0,2.07,2.97,2.91,12.07,2.28,24.7,27.6,22.9,320,-43.7958,172.9166,12,49,2,0,6,0,Alongshore,Alongshore,Alongshore,47.0,0.0
3047,Tikao Bay mid beach,2017-12-13 13:00:00,Akaroa,0.0,0.2,5.6,5.6,6.6,6.6,ebbing,medium,sandy,7,grass,1,0,1,3.4,7.0,0.79,0.45,0.62,11.72,2.1,151.8,140.1,109.7,320,-43.7958,172.9166,12,50,2,0,13,0,Onshore,Onshore,Onshore,45.0,0.0
3048,Tikao Bay mid beach,2017-12-21 06:00:00,Akaroa,0.0,0.0,0.0,0.0,0.0,0.0,ebbing,medium,sandy,7,grass,1,0,1,0.0,0.0,0.88,1.24,1.49,11.97,1.86,226.0,239.4,309.5,320,-43.7958,172.9166,12,51,3,0,6,1,Alongshore,Alongshore,Offshore,36.25,0.0
3049,Tikao Bay mid beach,2017-12-27 08:00:00,Akaroa,0.0,0.0,0.0,0.4,7.8,7.8,incoming,medium,sandy,7,grass,1,0,1,2.6,10.0,3.44,2.77,2.15,2.43,2.01,194.7,215.4,221.2,320,-43.7958,172.9166,12,52,2,0,8,1,Alongshore,Alongshore,Alongshore,41.6,0.0
3050,Tikao Bay mid beach,2018-01-10 11:00:00,Akaroa,1.4,1.4,2.6,7.0,7.0,7.0,ebbing,medium,sandy,7,grass,1,0,1,1.2,13.0,1.36,0.59,0.73,12.18,2.06,79.6,155.2,217.8,320,-43.7958,172.9166,1,2,2,0,11,0,Alongshore,Onshore,Alongshore,48.4,0.0
3051,Tikao Bay mid beach,2018-01-15 14:00:00,Akaroa,0.0,0.0,0.0,0.0,0.0,0.0,incoming,medium,sandy,7,grass,1,0,1,0.0,0.0,1.88,0.96,0.4,1.07,1.92,83.0,45.8,18.9,320,-43.7958,172.9166,1,3,0,0,14,0,Alongshore,Alongshore,Alongshore,96.2,0.0
3052,Tikao Bay mid beach,2018-01-24 08:00:00,Akaroa,0.0,0.0,0.0,0.0,0.0,0.0,incoming,medium,sandy,7,grass,1,0,1,0.0,0.0,1.1,0.94,0.7,0.5,2.02,32.0,346.4,319.0,320,-43.7958,172.9166,1,4,2,0,8,0,Alongshore,Offshore,Offshore,90.0,0.0
3053,Tikao Bay mid beach,2018-01-29 14:00:00,Akaroa,0.0,0.0,0.0,0.0,0.0,0.0,incoming,medium,sandy,7,grass,1,0,1,0.0,0.0,0.96,0.35,0.28,0.07,2.19,107.0,118.8,2.2,320,-43.7958,172.9166,1,5,0,0,14,0,Onshore,Onshore,Offshore,107.6,0.0
3054,Tikao Bay mid beach,2018-02-09 11:00:00,Akaroa,0.0,0.0,0.0,0.0,0.0,0.0,incoming,medium,sandy,7,grass,1,0,1,0.0,0.0,1.61,0.41,0.61,0.13,1.92,157.3,68.4,16.4,320,-43.7958,172.9166,2,6,4,0,11,1,Onshore,Alongshore,Alongshore,97.0,0.0
3055,Tikao Bay mid beach,2018-02-14 14:00:00,Akaroa,0.0,0.0,0.0,0.0,0.0,0.0,incoming,medium,sandy,7,grass,1,0,1,0.0,0.0,1.04,0.22,0.21,1.2,1.92,75.7,123.5,219.7,320,-43.7958,172.9166,2,7,2,0,14,0,Alongshore,Onshore,Alongshore,77.4,0.0
3056,Tikao Bay mid beach,2018-02-23 09:00:00,Akaroa,0.0,0.0,0.0,0.0,2.0,85.4,incoming,medium,sandy,7,grass,1,0,1,0.6,6.0,1.05,0.75,0.45,0.4,2.02,153.2,264.8,250.4,320,-43.7958,172.9166,2,8,4,0,9,0,Onshore,Alongshore,Alongshore,31.6,0.0
3057,Tikao Bay mid beach,2018-03-09 10:00:00,Akaroa,0.0,0.0,0.6,2.8,2.8,2.8,ebbing,medium,sandy,7,grass,1,0,1,1.0,4.0,2.36,1.96,1.31,11.78,2.01,164.2,169.6,177.2,320,-43.7958,172.9166,3,10,4,0,10,0,Onshore,Onshore,Onshore,33.6,0.0
3058,Tikao Bay mid beach,2018-03-21 07:00:00,Akaroa,0.0,0.0,0.0,0.0,0.0,0.0,ebbing,medium,sandy,7,grass,1,0,1,0.0,0.0,1.0,1.6,2.0,12.08,2.16,223.2,247.3,270.0,320,-43.7958,172.9166,3,12,2,0,7,0,Alongshore,Alongshore,Alongshore,31.2,0.0
3059,Tikao Bay mid beach,2018-11-14 09:00:00,Akaroa,0.0,0.0,0.0,0.0,0.0,0.0,ebbing,medium,sandy,7,grass,1,0,1,0.0,0.0,1.73,1.11,0.52,12.57,1.83,41.2,355.7,337.4,320,-43.7958,172.9166,11,46,2,0,9,0,Alongshore,Offshore,Offshore,,0.0
3060,Tikao Bay mid beach,2018-11-19 13:00:00,Akaroa,0.0,2.8,3.0,3.6,31.6,31.6,ebbing,medium,sandy,7,grass,1,0,1,12.4,15.0,0.92,0.9,1.24,12.08,1.97,97.2,117.8,196.8,320,-43.7958,172.9166,11,47,0,0,13,0,Onshore,Onshore,Alongshore,10.0,0.0
3061,Tikao Bay mid beach,2018-11-21 11:00:00,Akaroa,0.0,0.0,0.0,0.0,23.0,27.4,incoming,medium,sandy,7,grass,1,0,1,5.4,8.0,1.07,0.88,1.31,3.47,2.06,24.8,18.1,248.8,320,-43.7958,172.9166,11,47,2,0,11,0,Alongshore,Alongshore,Alongshore,152.5,0.3333333333333333
3062,Tikao Bay mid beach,2018-11-29 09:00:00,Akaroa,0.0,0.0,0.0,0.0,4.6,21.8,ebbing,medium,sandy,7,grass,1,0,1,1.2,10.0,1.87,1.67,1.44,12.47,2.1,61.0,54.1,60.7,320,-43.7958,172.9166,11,48,3,0,9,0,Alongshore,Alongshore,Alongshore,122.66666666666667,0.25
3063,Tikao Bay mid beach,2018-12-03 13:00:00,Akaroa,0.0,0.0,0.6,2.8,5.6,6.2,ebbing,medium,sandy,7,grass,1,0,1,0.6,20.0,0.89,0.38,0.66,11.88,2.2,101.8,119.8,53.1,320,-43.7958,172.9166,12,49,0,0,13,0,Onshore,Onshore,Alongshore,94.5,0.2
3064,Tikao Bay mid beach,2018-12-11 07:00:00,Akaroa,0.8,1.2,1.2,1.2,1.2,1.2,ebbing,medium,sandy,7,grass,1,0,1,0.4,4.0,2.14,1.91,1.88,11.63,1.89,47.2,40.3,43.8,320,-43.7958,172.9166,12,50,1,0,7,0,Alongshore,Alongshore,Alongshore,77.6,0.16666666666666666
3065,Tikao Bay mid beach,2018-12-17 12:00:00,Akaroa,0.0,0.0,0.0,0.0,0.0,0.0,ebbing,medium,sandy,7,grass,1,0,1,0.0,0.0,0.36,0.37,0.33,11.65,1.91,132.7,148.9,312.1,320,-43.7958,172.9166,12,51,0,0,12,0,Onshore,Onshore,Offshore,77.6,0.14285714285714285
3066,Tikao Bay mid beach,2018-12-28 08:00:00,Akaroa,0.0,0.0,0.0,0.0,0.0,0.0,incoming,medium,sandy,7,grass,1,0,1,0.0,0.0,2.93,2.88,2.41,0.03,2.39,25.5,38.0,36.8,320,-43.7958,172.9166,12,52,4,0,8,1,Alongshore,Alongshore,Alongshore,20.6,0.125
3067,Tikao Bay mid beach,2019-01-09 06:00:00,Akaroa,0.0,0.0,0.0,0.0,0.0,5.4,ebbing,medium,sandy,7,grass,1,0,1,0.0,0.0,3.21,2.8,2.18,12.1,1.9,352.7,3.6,20.0,320,-43.7958,172.9166,1,2,2,0,6,0,Offshore,Offshore,Alongshore,10.0,0.1111111111111111
3068,Tikao Bay mid beach,2019-01-14 10:00:00,Akaroa,0.0,0.0,0.0,33.4,33.6,33.6,ebbing,medium,sandy,7,grass,1,0,1,15.0,8.0,3.01,2.31,2.18,12.08,1.87,204.3,211.9,213.2,320,-43.7958,172.9166,1,3,0,0,10,0,Alongshore,Alongshore,Alongshore,10.0,0.1
3069,Tikao Bay mid beach,2019-01-16 11:00:00,Akaroa,0.0,0.0,0.0,0.0,0.0,33.4,incoming,medium,sandy,7,grass,1,0,1,0.0,0.0,1.59,0.69,0.93,0.65,1.92,116.0,41.5,351.1,320,-43.7958,172.9166,1,3,2,0,11,0,Onshore,Alongshore,Offshore,2008.0,0.18181818181818182
3070,Tikao Bay mid beach,2019-01-25 07:00:00,Akaroa,0.0,0.0,0.0,0.0,4.0,9.4,incoming,medium,sandy,7,grass,1,0,1,4.0,1.0,1.02,1.76,1.39,0.38,2.48,62.2,48.8,13.8,320,-43.7958,172.9166,1,4,4,0,7,0,Alongshore,Alongshore,Alongshore,2008.0,0.16666666666666666
3071,Tikao Bay mid beach,2019-01-30 10:00:00,Akaroa,0.0,0.0,0.0,0.0,0.0,0.0,incoming,medium,sandy,7,grass,1,0,1,0.0,0.0,0.77,0.12,0.59,2.12,2.0,183.8,231.7,285.6,320,-43.7958,172.9166,1,5,2,0,10,0,Onshore,Alongshore,Offshore,2008.0,0.15384615384615385
3072,Tikao Bay mid beach,2019-02-08 06:00:00,Akaroa,0.0,0.0,0.0,0.0,0.0,0.0,incoming,medium,sandy,7,grass,1,0,1,0.0,0.0,2.48,2.75,2.7,0.08,2.09,27.1,19.7,19.4,320,-43.7958,172.9166,2,6,4,0,6,1,Alongshore,Alongshore,Alongshore,2016.4,0.14285714285714285
3073,Tikao Bay mid beach,2019-02-11 09:00:00,Akaroa,0.0,0.0,0.0,0.0,0.0,0.0,ebbing,medium,sandy,7,grass,1,0,1,0.0,0.0,2.37,2.53,2.51,11.57,1.89,37.7,25.6,16.4,320,-43.7958,172.9166,2,7,0,0,9,0,Alongshore,Alongshore,Alongshore,2049.4,0.13333333333333333
3074,Tikao Bay mid beach,2019-02-13 09:00:00,Akaroa,0.0,0.0,0.4,0.4,0.4,0.4,incoming,medium,sandy,7,grass,1,0,1,0.4,1.0,1.62,1.48,0.68,0.58,1.89,30.4,7.2,343.8,320,-43.7958,172.9166,2,7,2,0,9,0,Alongshore,Alongshore,Offshore,51.4,0.125
3075,Tikao Bay mid beach,2019-02-15 09:00:00,Akaroa,0.0,0.0,0.0,1.6,1.6,2.0,incoming,medium,sandy,7,grass,1,0,1,1.4,2.0,1.31,1.1,0.95,2.75,1.96,43.1,0.3,316.4,320,-43.7958,172.9166,2,7,4,0,9,0,Alongshore,Offshore,Offshore,84.4,0.11764705882352941
3076,Tikao Bay mid beach,2019-02-18 13:00:00,Akaroa,0.0,0.0,0.0,0.0,0.0,0.8,incoming,medium,sandy,7,grass,1,0,1,0.0,0.0,0.4,0.41,0.3,1.45,2.23,127.5,135.8,2.8,320,-43.7958,172.9166,2,8,0,0,13,0,Onshore,Onshore,Offshore,88.6,0.1111111111111111
3077,Tikao Bay mid beach,2019-02-20 14:00:00,Akaroa,0.0,0.0,0.0,0.0,0.0,0.0,incoming,medium,sandy,7,grass,1,0,1,0.0,0.0,1.58,0.2,0.1,2.23,2.36,130.6,93.6,95.1,320,-43.7958,172.9166,2,8,2,0,14,0,Onshore,Alongshore,Onshore,162.6,0.15789473684210525
3078,Tikao Bay mid beach,2019-02-25 09:00:00,Akaroa,0.0,0.0,0.0,1.8,22.2,22.2,ebbing,medium,sandy,7,grass,1,0,1,8.2,13.0,1.37,0.74,0.06,12.43,2.19,172.7,248.1,230.0,320,-43.7958,172.9166,2,9,0,0,9,0,Onshore,Alongshore,Alongshore,135.8,0.15
3079,Tikao Bay mid beach,2019-02-27 09:00:00,Akaroa,18.2,18.6,18.6,18.6,18.6,20.4,incoming,medium,sandy,7,grass,1,0,1,6.8,4.0,0.89,2.51,2.25,1.27,1.99,195.9,195.7,209.1,320,-43.7958,172.9166,2,9,2,0,9,0,Alongshore,Alongshore,Alongshore,163.0,0.14285714285714285
3080,Tikao Bay mid beach,2019-11-18 07:00:00,Akaroa,0.0,0.0,2.0,2.0,2.0,2.0,incoming,medium,sandy,7,grass,1,0,1,2.0,1.0,1.13,0.52,0.43,0.78,2.18,83.5,245.6,225.0,320,-43.7958,172.9166,11,47,0,0,7,0,Alongshore,Alongshore,Alongshore,,0.0
3081,Tikao Bay mid beach,2019-12-05 09:00:00,Akaroa,0.0,0.0,0.0,0.0,0.0,0.0,incoming,medium,sandy,7,grass,1,0,1,0.0,0.0,3.08,2.66,1.93,1.45,2.0,34.8,24.4,20.6,320,-43.7958,172.9166,12,49,3,0,9,0,Alongshore,Alongshore,Alongshore,10.0,0.0
3082,Tikao Bay mid beach,2019-12-11 12:00:00,Akaroa,0.0,0.0,0.0,0.0,0.0,1.6,incoming,medium,sandy,7,grass,1,0,1,0.0,0.0,0.64,0.22,0.33,2.73,1.96,188.0,92.6,245.0,320,-43.7958,172.9166,12,50,2,0,12,0,Alongshore,Alongshore,Alongshore,10.0,0.0
3083,Tikao Bay mid beach,2019-12-18 11:00:00,Akaroa,0.0,0.0,0.0,24.2,46.4,46.4,ebbing,medium,sandy,7,grass,1,0,1,5.0,24.0,3.15,0.93,0.62,10.05,2.07,120.0,200.4,224.2,320,-43.7958,172.9166,12,51,2,0,11,0,Onshore,Alongshore,Alongshore,10.0,0.0
3084,Tikao Bay mid beach,2019-12-20 11:00:00,Akaroa,0.0,0.0,0.0,0.0,0.0,24.2,ebbing,medium,sandy,7,grass,1,0,1,0.0,0.0,4.89,3.76,3.52,12.17,2.15,216.3,217.8,226.1,320,-43.7958,172.9166,12,51,4,0,11,1,Alongshore,Alongshore,Alongshore,627.5,0.2
3085,Tikao Bay mid beach,2020-01-03 09:00:00,Akaroa,6.4,16.0,18.2,18.2,18.2,18.2,incoming,medium,sandy,7,grass,1,0,1,4.0,7.0,1.41,0.26,0.12,1.17,1.95,98.7,355.0,138.5,320,-43.7958,172.9166,1,1,4,0,9,1,Onshore,Offshore,Onshore,528.8,0.16666666666666666
3086,Tikao Bay mid beach,2020-01-08 14:00:00,Akaroa,0.0,0.0,0.0,0.0,1.8,2.0,ebbing,medium,sandy,7,grass,1,0,1,0.8,3.0,0.39,0.38,0.5,11.92,2.14,141.7,131.4,322.1,320,-43.7958,172.9166,1,2,2,0,14,0,Onshore,Onshore,Offshore,533.0,0.14285714285714285
3087,Tikao Bay mid beach,2020-01-16 11:00:00,Akaroa,0.0,0.0,0.0,0.0,0.0,0.0,ebbing,medium,sandy,7,grass,1,0,1,0.0,0.0,1.98,1.52,1.27,10.22,2.17,52.2,40.5,35.3,320,-43.7958,172.9166,1,3,3,0,11,0,Alongshore,Alongshore,Alongshore,541.4,0.125
3088,Tikao Bay mid beach,2020-01-22 11:00:00,Akaroa,0.0,0.0,0.0,0.0,0.0,0.0,incoming,medium,sandy,7,grass,1,0,1,0.0,0.0,0.62,0.21,0.48,2.7,2.03,144.2,109.4,317.9,320,-43.7958,172.9166,1,4,2,0,11,0,Onshore,Onshore,Offshore,541.4,0.1111111111111111
3089,Tikao Bay mid beach,2020-01-30 08:00:00,Akaroa,0.0,0.0,0.0,0.0,0.0,0.0,ebbing,medium,sandy,7,grass,1,0,1,0.0,0.0,2.45,2.22,0.97,12.13,1.89,21.7,4.7,12.0,320,-43.7958,172.9166,1,5,3,0,8,0,Alongshore,Offshore,Alongshore,47.4,0.1
3090,Tikao Bay mid beach,2020-02-04 11:00:00,Akaroa,5.0,6.0,6.0,6.0,6.0,6.0,incoming,medium,sandy,7,grass,1,0,1,3.6,4.0,1.88,3.46,5.92,0.47,1.82,231.7,242.2,278.2,320,-43.7958,172.9166,2,6,1,0,11,1,Alongshore,Alongshore,Offshore,22.6,0.09090909090909091
3091,Tikao Bay mid beach,2020-02-12 06:00:00,Akaroa,0.0,0.0,0.0,0.0,0.0,0.0,ebbing,medium,sandy,7,grass,1,0,1,0.0,0.0,1.95,2.34,1.8,12.07,2.3,347.2,345.5,341.3,320,-43.7958,172.9166,2,7,2,0,6,0,Offshore,Offshore,Offshore,18.4,0.08333333333333333
3092,Tikao Bay mid beach,2020-02-20 11:00:00,Akaroa,0.0,0.0,0.0,0.0,0.0,0.0,incoming,medium,sandy,7,grass,1,0,1,0.0,0.0,2.17,1.6,1.62,2.9,1.96,14.9,22.5,29.0,320,-43.7958,172.9166,2,8,3,0,11,0,Alongshore,Alongshore,Alongshore,25.2,0.07692307692307693
3093,Tikao Bay mid beach,2020-02-28 10:00:00,Akaroa,0.0,0.0,0.0,0.0,0.0,0.0,ebbing,medium,sandy,7,grass,1,0,1,0.0,0.0,4.65,4.61,4.84,9.52,1.91,8.6,8.3,9.7,320,-43.7958,172.9166,2,9,4,0,10,0,Alongshore,Alongshore,Alongshore,25.2,0.07142857142857142
3094,Tikao Bay mid beach,2020-03-04 10:00:00,Akaroa,0.0,0.0,0.0,1.2,1.8,1.8,incoming,medium,sandy,7,grass,1,0,1,0.6,6.0,2.04,0.95,0.18,0.75,1.8,219.0,186.0,211.7,320,-43.7958,172.9166,3,10,2,0,10,0,Alongshore,Alongshore,Alongshore,25.2,0.06666666666666667
3095,Tikao Bay mid beach,2020-03-17 10:00:00,Akaroa,0.0,0.0,0.0,0.0,0.0,0.0,incoming,medium,sandy,7,grass,1,0,1,0.0,0.0,1.82,0.92,0.27,0.73,1.99,154.1,202.4,214.3,320,-43.7958,172.9166,3,12,1,0,10,0,Onshore,Alongshore,Alongshore,29.4,0.0625
3096,Tikao Bay mid beach,2020-11-10 11:00:00,Akaroa,0.0,0.0,0.0,0.0,0.4,68.2,incoming,medium,sandy,7,grass,1,0,1,0.4,1.0,0.93,0.19,0.1,0.17,2.15,141.6,118.9,124.3,320,-43.7958,172.9166,11,46,1,0,11,0,Onshore,Onshore,Onshore,,0.0
3097,Tikao Bay mid beach,2020-11-12 12:00:00,Akaroa,0.0,0.0,0.0,0.0,0.0,0.0,incoming,medium,sandy,7,grass,1,0,1,0.0,0.0,0.69,0.39,0.49,0.63,2.29,157.7,125.9,326.7,320,-43.7958,172.9166,11,46,3,0,12,0,Onshore,Onshore,Offshore,161.0,0.0
3098,Tikao Bay mid beach,2020-11-23 10:00:00,Akaroa,0.0,0.0,0.0,0.0,13.6,13.6,incoming,medium,sandy,7,grass,1,0,1,4.2,7.0,0.58,0.66,0.74,0.47,2.11,65.1,37.8,247.8,320,-43.7958,172.9166,11,48,0,0,10,0,Alongshore,Alongshore,Alongshore,90.5,0.0
3099,Tikao Bay mid beach,2020-12-03 06:00:00,Akaroa,0.0,0.0,0.0,0.0,0.0,0.0,ebbing,medium,sandy,7,grass,1,0,1,0.0,0.0,0.82,1.98,2.39,12.17,1.82,46.9,47.5,264.5,320,-43.7958,172.9166,12,49,3,0,6,0,Alongshore,Alongshore,Alongshore,77.66666666666667,0.0
3100,Tikao Bay mid beach,2020-12-10 12:00:00,Akaroa,0.0,0.0,0.0,0.0,0.0,0.0,ebbing,medium,sandy,7,grass,1,0,1,0.0,0.0,0.9,0.46,0.64,11.72,2.19,114.6,68.7,301.1,320,-43.7958,172.9166,12,50,3,0,12,0,Onshore,Alongshore,Offshore,60.75,0.0
3101,Tikao Bay mid beach,2020-12-17 06:00:00,Akaroa,0.0,0.0,0.0,0.0,0.0,0.0,ebbing,medium,sandy,7,grass,1,0,1,0.0,0.0,1.07,0.75,0.39,12.05,2.13,4.6,77.0,111.2,320,-43.7958,172.9166,12,51,3,0,6,0,Offshore,Alongshore,Onshore,75.6,0.0
3102,Tikao Bay mid beach,2020-12-22 09:00:00,Akaroa,0.0,0.0,0.0,3.8,9.2,11.4,incoming,medium,sandy,7,grass,1,0,1,2.0,13.0,1.19,0.77,0.12,0.63,2.06,110.7,300.2,292.2,320,-43.7958,172.9166,12,52,1,0,9,1,Onshore,Offshore,Offshore,47.4,0.0
3103,Tikao Bay mid beach,2020-12-29 15:00:00,Akaroa,0.0,0.0,0.0,0.0,0.0,11.4,incoming,medium,sandy,7,grass,1,0,1,0.0,0.0,1.53,1.15,1.14,0.75,1.87,62.8,59.7,49.9,320,-43.7958,172.9166,12,53,1,0,15,1,Alongshore,Alongshore,Alongshore,107.8,0.125
3104,Tikao Bay mid beach,2021-01-11 11:00:00,Akaroa,0.0,0.0,0.0,0.0,1.0,1.6,incoming,medium,sandy,7,grass,1,0,1,0.6,3.0,1.0,0.9,0.69,2.83,2.14,59.1,52.9,78.1,320,-43.7958,172.9166,1,2,0,0,11,0,Alongshore,Alongshore,Alongshore,99.4,0.1111111111111111
3105,Tikao Bay mid beach,2021-01-19 09:00:00,Akaroa,0.0,0.0,0.0,0.0,2.6,2.6,ebbing,medium,sandy,7,grass,1,0,1,2.4,2.0,5.29,5.54,5.28,12.37,1.95,341.6,332.8,347.1,320,-43.7958,172.9166,1,3,1,0,9,0,Offshore,Offshore,Offshore,99.4,0.1
3106,Tikao Bay mid beach,2021-01-26 11:00:00,Akaroa,0.0,0.0,0.0,0.0,0.0,0.0,incoming,medium,sandy,7,grass,1,0,1,0.0,0.0,1.47,0.74,0.88,3.13,1.84,94.9,21.1,355.7,320,-43.7958,172.9166,1,4,1,0,11,0,Alongshore,Alongshore,Offshore,74.4,0.09090909090909091
3107,Tikao Bay mid beach,2021-02-03 10:00:00,Akaroa,0.0,0.0,0.0,0.0,0.0,0.0,ebbing,medium,sandy,7,grass,1,0,1,0.0,0.0,2.32,2.8,2.87,10.1,2.14,224.5,229.3,243.5,320,-43.7958,172.9166,2,5,2,0,10,1,Alongshore,Alongshore,Alongshore,72.4,0.08333333333333333
3108,Tikao Bay mid beach,2021-02-09 14:00:00,Akaroa,3.4,3.4,3.4,3.4,3.4,3.4,ebbing,medium,sandy,7,grass,1,0,1,2.0,3.0,0.36,0.51,0.24,12.35,2.33,59.0,61.7,63.5,320,-43.7958,172.9166,2,6,1,0,14,1,Alongshore,Alongshore,Alongshore,10.0,0.07692307692307693
3109,Tikao Bay mid beach,2021-02-17 09:00:00,Akaroa,0.0,0.0,0.0,0.0,5.0,5.2,ebbing,medium,sandy,7,grass,1,0,1,1.4,8.0,1.4,0.98,0.4,11.47,1.95,140.4,246.8,259.8,320,-43.7958,172.9166,2,7,2,0,9,0,Onshore,Alongshore,Alongshore,10.0,0.07142857142857142
3110,Tikao Bay mid beach,2021-02-23 16:00:00,Akaroa,0.0,0.0,0.0,0.0,0.0,0.0,ebbing,medium,sandy,7,grass,1,0,1,0.0,0.0,2.71,3.43,3.46,9.63,2.05,25.3,17.7,15.5,320,-43.7958,172.9166,2,8,1,0,16,0,Alongshore,Alongshore,Alongshore,10.0,0.06666666666666667
3111,Tikao Bay mid beach,2021-03-04 10:00:00,Akaroa,0.0,1.0,4.0,4.0,4.0,4.0,ebbing,medium,sandy,7,grass,1,0,1,2.0,3.0,1.79,1.47,0.65,10.05,2.25,120.5,109.7,116.9,320,-43.7958,172.9166,3,9,3,0,10,0,Onshore,Onshore,Onshore,10.0,0.0625
3112,Tikao Bay mid beach,2021-11-26 08:00:00,Akaroa,0.0,0.0,0.0,0.0,0.0,0.0,incoming,medium,sandy,7,grass,1,0,1,0.0,0.0,1.01,0.46,0.25,0.53,1.97,71.9,4.8,308.1,320,-43.7958,172.9166,11,47,4,0,8,0,Alongshore,Offshore,Offshore,,0.0
3113,Tikao Bay mid beach,2021-12-02 14:00:00,Akaroa,0.0,0.0,0.0,0.0,0.0,0.0,ebbing,medium,sandy,7,grass,1,0,1,0.0,0.0,2.27,1.91,1.61,11.78,2.35,23.8,30.2,33.0,320,-43.7958,172.9166,12,48,3,0,14,0,Alongshore,Alongshore,Alongshore,10.0,0.0
3114,Tikao Bay mid beach,2021-12-09 08:00:00,Akaroa,0.0,0.0,0.0,0.0,0.0,4.6,incoming,medium,sandy,7,grass,1,0,1,0.0,0.0,1.25,0.8,0.6,0.15,2.39,13.8,331.9,305.5,320,-43.7958,172.9166,12,49,3,0,8,0,Alongshore,Offshore,Offshore,10.0,0.0
3115,Tikao Bay mid beach,2021-12-15 14:00:00,Akaroa,0.8,2.8,61.8,80.8,80.8,80.8,ebbing,medium,sandy,7,grass,1,0,1,12.8,23.0,2.04,2.88,2.97,11.95,2.05,212.4,216.3,221.0,320,-43.7958,172.9166,12,50,2,0,14,0,Alongshore,Alongshore,Alongshore,31.333333333333332,0.0
3116,Tikao Bay mid beach,2021-12-20 11:00:00,Akaroa,0.0,0.0,0.0,0.0,0.0,0.6,incoming,medium,sandy,7,grass,1,0,1,0.0,0.0,3.39,1.98,1.1,5.95,1.84,51.1,12.3,3.5,320,-43.7958,172.9166,12,51,0,0,11,1,Alongshore,Alongshore,Offshore,215.0,0.2
3117,Tikao Bay mid beach,2021-12-23 06:00:00,Akaroa,0.0,0.0,0.0,0.0,0.0,0.0,incoming,medium,sandy,7,grass,1,0,1,0.0,0.0,2.17,2.49,2.6,0.07,2.07,11.6,30.5,45.1,320,-43.7958,172.9166,12,51,3,0,6,1,Alongshore,Alongshore,Alongshore,174.0,0.16666666666666666
3118,Tikao Bay mid beach,2021-12-30 11:00:00,Akaroa,0.0,0.0,0.0,0.0,0.0,5.0,incoming,medium,sandy,7,grass,1,0,1,0.0,0.0,1.58,2.26,1.55,1.0,2.11,173.3,151.6,173.8,320,-43.7958,172.9166,12,52,3,0,11,1,Onshore,Onshore,Onshore,176.0,0.14285714285714285
3119,Tikao Bay mid beach,2022-01-07 07:00:00,Akaroa,0.0,0.0,0.0,0.0,0.4,0.4,incoming,medium,sandy,7,grass,1,0,1,0.2,2.0,3.48,3.14,2.78,0.73,2.38,236.4,234.4,227.8,320,-43.7958,172.9166,1,1,4,0,7,0,Alongshore,Alongshore,Alongshore,186.6,0.125
3120,Tikao Bay mid beach,2022-01-10 11:00:00,Akaroa,0.0,0.0,0.0,0.0,0.0,0.0,ebbing,medium,sandy,7,grass,1,0,1,0.0,0.0,1.18,0.65,0.33,11.27,2.0,115.4,352.2,309.5,320,-43.7958,172.9166,1,2,0,0,11,0,Onshore,Offshore,Offshore,203.4,0.1111111111111111
3121,Tikao Bay mid beach,2022-01-12 11:00:00,Akaroa,0.0,3.6,4.8,4.8,4.8,4.8,incoming,medium,sandy,7,grass,1,0,1,2.0,4.0,0.87,1.57,1.56,1.07,1.92,164.7,170.9,153.3,320,-43.7958,172.9166,1,2,2,0,11,0,Onshore,Onshore,Onshore,56.2,0.1
3122,Tikao Bay mid beach,2022-01-20 05:00:00,Akaroa,0.0,0.0,1.8,12.4,12.4,12.4,incoming,medium,sandy,7,grass,1,0,1,2.0,13.0,2.93,2.95,2.21,0.43,2.14,226.0,229.9,225.0,320,-43.7958,172.9166,1,3,3,0,5,0,Alongshore,Alongshore,Alongshore,62.4,0.09090909090909091
3123,Tikao Bay mid beach,2022-01-24 10:00:00,Akaroa,0.0,0.0,0.0,0.0,0.4,0.4,ebbing,medium,sandy,7,grass,1,0,1,0.2,2.0,1.75,1.48,1.42,10.38,1.98,50.0,43.2,26.6,320,-43.7958,172.9166,1,4,0,0,10,0,Alongshore,Alongshore,Alongshore,114.0,0.08333333333333333
3124,Tikao Bay mid beach,2022-01-26 09:00:00,Akaroa,5.4,5.4,5.4,5.4,5.4,5.4,incoming,medium,sandy,7,grass,1,0,1,2.6,3.0,0.77,0.67,2.95,0.9,2.03,186.6,216.9,283.9,320,-43.7958,172.9166,1,4,2,0,9,0,Alongshore,Alongshore,Offshore,103.4,0.07692307692307693
3125,Tikao Bay mid beach,2022-02-01 14:00:00,Akaroa,0.0,0.0,0.0,0.0,0.0,0.0,incoming,medium,sandy,7,grass,1,0,1,0.0,0.0,0.95,0.85,1.39,1.42,2.21,33.3,48.6,15.3,320,-43.7958,172.9166,2,5,1,0,14,1,Alongshore,Alongshore,Alongshore,93.8,0.07142857142857142
3126,Tikao Bay mid beach,2022-02-10 10:00:00,Akaroa,0.0,0.0,0.2,10.4,17.6,17.6,incoming,medium,sandy,7,grass,1,0,1,2.4,15.0,0.47,0.42,0.34,0.82,1.83,96.1,44.8,319.7,320,-43.7958,172.9166,2,6,3,0,10,0,Onshore,Alongshore,Offshore,89.8,0.06666666666666667
3127,Tikao Bay mid beach,2022-02-15 16:00:00,Akaroa,0.0,0.0,0.0,0.0,0.0,22.2,ebbing,medium,sandy,7,grass,1,0,1,0.0,0.0,0.4,0.68,0.7,11.35,2.14,113.1,123.1,43.2,320,-43.7958,172.9166,2,7,1,0,16,0,Onshore,Onshore,Alongshore,177.4,0.125
3128,Tikao Bay mid beach,2022-02-24 09:00:00,Akaroa,0.0,0.0,0.0,0.0,0.0,0.0,incoming,medium,sandy,7,grass,1,0,1,0.0,0.0,2.39,2.1,1.56,0.3,2.0,39.8,35.2,32.5,320,-43.7958,172.9166,2,8,3,0,9,0,Alongshore,Alongshore,Alongshore,123.8,0.11764705882352941
3129,Tikao Bay mid beach,2022-03-10 10:00:00,Akaroa,0.0,0.0,0.0,0.0,0.0,0.0,ebbing,medium,sandy,7,grass,1,0,1,0.0,0.0,1.44,0.71,0.4,12.08,1.94,71.7,41.0,14.6,320,-43.7958,172.9166,3,10,3,0,10,0,Alongshore,Alongshore,Alongshore,123.8,0.1111111111111111
3130,Tikao Bay mid beach,2022-11-17 10:00:00,Akaroa,0.0,0.0,0.0,0.0,0.0,0.0,incoming,medium,sandy,7,grass,1,0,1,0.0,0.0,1.04,0.41,0.2,0.72,1.94,136.4,340.7,306.6,320,-43.7958,172.9166,11,46,3,0,10,0,Onshore,Offshore,Offshore,,0.0
3131,Tikao Bay mid beach,2022-12-01 10:00:00,Akaroa,0.6,0.6,0.6,0.6,1.4,1.4,incoming,medium,sandy,7,grass,1,0,1,0.6,5.0,0.74,1.08,0.7,0.32,2.27,72.7,78.3,234.9,320,-43.7958,172.9166,12,48,3,0,10,0,Alongshore,Alongshore,Alongshore,20.0,0.0
3132,Tikao Bay mid beach,2022-12-07 15:00:00,Akaroa,0.0,0.0,0.0,0.0,0.0,0.0,ebbing,medium,sandy,7,grass,1,0,1,0.0,0.0,2.75,2.5,2.37,12.33,2.18,27.7,30.3,34.3,320,-43.7958,172.9166,12,49,2,0,15,0,Alongshore,Alongshore,Alongshore,30.5,0.0
3133,Tikao Bay mid beach,2022-12-15 08:00:00,Akaroa,0.0,0.0,0.0,0.0,0.0,0.0,incoming,medium,sandy,7,grass,1,0,1,0.0,0.0,1.55,1.06,1.41,1.1,1.96,353.3,341.2,9.7,320,-43.7958,172.9166,12,50,3,0,8,0,Offshore,Offshore,Alongshore,23.666666666666668,0.0
3134,Tikao Bay mid beach,2022-12-20 12:00:00,Akaroa,0.0,0.0,0.0,0.4,0.4,3.0,incoming,medium,sandy,7,grass,1,0,1,0.2,2.0,1.57,0.67,0.03,0.93,2.01,330.5,79.7,84.8,320,-43.7958,172.9166,12,51,1,0,12,1,Offshore,Alongshore,Alongshore,22.75,0.0
3135,Tikao Bay mid beach,2022-12-28 06:00:00,Akaroa,0.0,0.0,0.0,0.0,0.6,0.6,incoming,medium,sandy,7,grass,1,0,1,0.6,1.0,1.89,2.23,2.13,1.47,2.42,19.5,11.7,8.4,320,-43.7958,172.9166,12,52,2,0,6,1,Alongshore,Alongshore,Alongshore,20.2,0.0
3136,Tikao Bay mid beach,2023-01-10 05:00:00,Akaroa,0.0,0.0,0.0,0.0,0.0,0.0,incoming,medium,sandy,7,grass,1,0,1,0.0,0.0,3.17,3.67,3.85,0.78,2.11,15.1,16.4,22.3,320,-43.7958,172.9166,1,2,1,0,5,0,Alongshore,Alongshore,Alongshore,31.0,0.0
3137,Tikao Bay mid beach,2023-01-18 11:00:00,Akaroa,0.0,0.0,0.0,0.0,0.0,0.0,incoming,medium,sandy,7,grass,1,0,1,0.0,0.0,1.98,1.61,1.51,1.15,1.97,34.0,21.1,29.6,320,-43.7958,172.9166,1,3,2,0,11,0,Alongshore,Alongshore,Alongshore,24.8,0.0
3138,Tikao Bay mid beach,2023-01-27 09:00:00,Akaroa,2.6,2.6,2.6,2.6,2.6,2.6,ebbing,medium,sandy,7,grass,1,0,1,1.4,3.0,1.65,3.35,2.29,11.38,2.16,148.9,144.4,156.4,320,-43.7958,172.9166,1,4,4,0,9,0,Onshore,Onshore,Onshore,24.8,0.0
3139,Tikao Bay mid beach,2023-02-01 13:00:00,Akaroa,0.0,0.0,0.0,0.0,0.0,0.0,incoming,medium,sandy,7,grass,1,0,1,0.0,0.0,2.24,2.18,2.61,0.13,1.85,25.8,22.5,21.8,320,-43.7958,172.9166,2,5,2,0,13,1,Alongshore,Alongshore,Alongshore,29.0,0.0
3140,Tikao Bay mid beach,2023-02-15 10:00:00,Akaroa,20.8,43.8,60.6,119.4,125.8,126.0,incoming,medium,sandy,7,grass,1,0,1,10.2,34.0,3.93,3.77,3.7,0.83,1.9,197.1,199.5,201.2,320,-43.7958,172.9166,2,7,2,0,10,0,Alongshore,Alongshore,Alongshore,29.0,0.0
3141,Tikao Bay mid beach,2023-02-17 13:00:00,Akaroa,0.0,0.0,0.0,0.4,1.2,118.8,incoming,medium,sandy,7,grass,1,0,1,0.4,4.0,1.26,0.2,0.15,0.28,2.03,187.2,158.4,234.7,320,-43.7958,172.9166,2,7,4,0,13,0,Alongshore,Onshore,Alongshore,1240.2,0.08333333333333333
3142,Tikao Bay mid beach,2023-02-20 14:00:00,Akaroa,0.0,0.0,0.0,0.0,0.0,0.0,incoming,medium,sandy,7,grass,1,0,1,0.0,0.0,0.58,0.06,0.1,1.35,2.28,142.4,184.7,347.8,320,-43.7958,172.9166,2,8,0,0,14,0,Onshore,Onshore,Offshore,1240.2,0.07692307692307693
3143,Tikao Bay mid beach,2023-03-01 11:00:00,Akaroa,0.0,0.0,0.0,0.0,0.0,0.0,incoming,medium,sandy,7,grass,1,0,1,0.0,0.0,2.06,0.76,0.48,0.97,1.82,95.2,31.0,2.4,320,-43.7958,172.9166,3,9,2,0,11,0,Onshore,Alongshore,Offshore,1240.2,0.07142857142857142
3144,Tikao Bay mid beach,2023-03-06 16:00:00,Akaroa,0.0,0.0,0.0,0.0,25.8,30.0,ebbing,medium,sandy,7,grass,1,0,1,6.4,11.0,0.63,0.41,0.39,12.03,2.12,173.8,139.6,99.5,320,-43.7958,172.9166,3,10,0,0,16,0,Onshore,Onshore,Onshore,1234.0,0.06666666666666667
3145,Tikao Bay mid beach,2023-03-15 09:00:00,Akaroa,0.0,0.0,0.0,0.0,0.0,14.2,incoming,medium,sandy,7,grass,1,0,1,0.0,0.0,2.21,2.22,1.95,0.37,1.88,38.1,34.4,31.7,320,-43.7958,172.9166,3,11,2,0,9,0,Alongshore,Alongshore,Alongshore,1234.0,0.0625
3146,Tikao Bay mid beach,2023-03-20 14:00:00,Akaroa,0.0,0.0,0.0,0.0,0.0,0.0,incoming,medium,sandy,7,grass,1,0,1,0.0,0.0,3.58,4.06,4.53,0.83,2.24,328.9,347.4,354.4,320,-43.7958,172.9166,3,12,0,0,14,0,Offshore,Offshore,Offshore,10.0,0.058823529411764705
3147,Tikao Bay mid beach,2023-10-31 09:00:00,Akaroa,0.0,0.0,0.0,0.4,0.4,0.4,ebbing,medium,sandy,7,grass,1,0,1,0.2,2.0,2.1,1.52,0.95,8.15,2.11,15.8,17.9,20.4,320,-43.7958,172.9166,10,44,1,0,9,0,Alongshore,Alongshore,Alongshore,,0.0
3148,Tikao Bay mid beach,2023-11-04 10:00:00,Akaroa,0.0,1.0,1.0,1.2,5.8,5.8,ebbing,medium,sandy,7,grass,1,0,1,2.0,8.0,1.19,0.38,0.68,11.63,1.83,105.3,112.6,17.5,320,-43.7958,172.9166,11,44,5,1,10,0,Onshore,Onshore,Alongshore,109.0,0.0
3149,Tikao Bay mid beach,2023-11-06 12:00:00,Akaroa,0.0,0.0,0.0,0.0,4.2,5.4,ebbing,medium,sandy,7,grass,1,0,1,1.6,6.0,0.95,0.35,0.2,11.07,1.82,198.0,138.2,169.5,320,-43.7958,172.9166,11,45,0,0,12,0,Alongshore,Onshore,Onshore,59.5,0.0
3150,Tikao Bay mid beach,2023-11-21 09:00:00,Akaroa,0.0,0.0,0.0,0.0,0.6,0.6,incoming,medium,sandy,7,grass,1,0,1,0.4,2.0,2.73,2.35,1.92,0.85,2.23,24.8,34.8,12.6,320,-43.7958,172.9166,11,47,1,0,9,0,Alongshore,Alongshore,Alongshore,60.333333333333336,0.0
3151,Tikao Bay mid beach,2023-11-24 11:00:00,Akaroa,0.0,0.2,0.2,10.4,17.6,17.6,incoming,medium,sandy,7,grass,1,0,1,3.0,13.0,3.1,2.54,2.35,1.68,2.22,173.8,181.5,198.0,320,-43.7958,172.9166,11,47,4,0,11,0,Onshore,Onshore,Alongshore,47.75,0.0
3152,Tikao Bay mid beach,2023-12-05 09:00:00,Akaroa,0.0,0.0,0.0,0.0,0.0,0.0,incoming,medium,sandy,7,grass,1,0,1,0.0,0.0,3.05,2.93,2.43,0.37,1.98,28.5,33.1,38.9,320,-43.7958,172.9166,12,49,1,0,9,0,Alongshore,Alongshore,Alongshore,152.8,0.16666666666666666
3153,Tikao Bay mid beach,2023-12-11 16:00:00,Akaroa,0.0,0.0,0.0,0.0,6.0,6.0,ebbing,medium,sandy,7,grass,1,0,1,2.8,5.0,0.47,1.59,0.97,11.0,2.14,168.8,208.0,227.6,320,-43.7958,172.9166,12,50,0,0,16,0,Onshore,Alongshore,Alongshore,135.0,0.14285714285714285
3154,Tikao Bay mid beach,2023-12-19 08:00:00,Akaroa,0.0,0.0,0.0,0.0,0.4,1.4,incoming,medium,sandy,7,grass,1,0,1,0.2,2.0,2.64,2.04,1.4,1.0,2.29,0.5,7.7,2.6,320,-43.7958,172.9166,12,51,1,0,8,0,Offshore,Alongshore,Offshore,135.0,0.125
3155,Tikao Bay mid beach,2023-12-27 16:00:00,Akaroa,0.0,0.0,0.0,0.0,16.4,16.4,incoming,medium,sandy,7,grass,1,0,1,12.6,6.0,0.96,0.91,1.2,0.05,1.97,57.8,71.2,62.2,320,-43.7958,172.9166,12,52,2,0,16,1,Alongshore,Alongshore,Alongshore,124.6,0.1111111111111111
3156,Tikao Bay mid beach,2023-12-30 09:00:00,Akaroa,0.0,0.0,0.0,0.0,4.8,4.8,ebbing,medium,sandy,7,grass,1,0,1,3.2,4.0,0.94,0.93,0.91,9.72,1.9,27.6,334.6,0.8,320,-43.7958,172.9166,12,52,5,1,9,1,Alongshore,Offshore,Offshore,179.6,0.2
3157,Tikao Bay mid beach,2024-01-03 10:00:00,Akaroa,0.0,0.0,0.0,0.0,0.0,3.8,ebbing,medium,sandy,7,grass,1,0,1,0.0,0.0,1.96,1.27,0.76,11.63,1.81,72.5,39.4,35.4,320,-43.7958,172.9166,1,1,2,0,10,1,Alongshore,Alongshore,Alongshore,75.4,0.18181818181818182
3158,Tikao Bay mid beach,2024-01-08 15:00:00,Akaroa,0.0,0.0,0.0,0.0,0.0,0.2,ebbing,medium,sandy,7,grass,1,0,1,0.0,0.0,0.56,0.94,1.42,10.85,2.1,69.6,79.2,45.7,320,-43.7958,172.9166,1,2,0,0,15,0,Alongshore,Alongshore,Alongshore,73.4,0.16666666666666666
3159,Tikao Bay mid beach,2024-01-16 09:00:00,Akaroa,0.0,0.0,0.0,0.0,2.0,2.0,ebbing,medium,sandy,7,grass,1,0,1,1.2,3.0,2.53,2.48,2.03,10.67,2.18,24.9,22.0,6.5,320,-43.7958,172.9166,1,3,1,0,9,0,Alongshore,Alongshore,Alongshore,73.4,0.15384615384615385
3160,Tikao Bay mid beach,2024-01-22 12:00:00,Akaroa,0.0,0.0,0.0,0.2,0.2,0.2,incoming,medium,sandy,7,grass,1,0,1,0.2,1.0,2.22,1.25,0.79,1.12,1.93,83.6,19.7,12.6,320,-43.7958,172.9166,1,4,0,0,12,0,Alongshore,Alongshore,Alongshore,77.6,0.14285714285714285
3161,Tikao Bay mid beach,2024-01-23 14:00:00,Akaroa,0.6,5.6,6.8,11.8,12.0,12.0,incoming,medium,sandy,7,grass,1,0,1,3.2,17.0,2.09,1.69,1.51,0.48,1.92,183.0,192.1,198.4,320,-43.7958,172.9166,1,4,1,0,14,0,Onshore,Alongshore,Alongshore,22.6,0.13333333333333333
3162,Tikao Bay mid beach,2024-01-24 14:00:00,Akaroa,0.0,0.0,0.0,0.0,11.8,12.0,incoming,medium,sandy,7,grass,1,0,1,3.2,16.0,1.5,1.08,0.9,0.57,1.92,78.3,85.2,53.0,320,-43.7958,172.9166,1,4,2,0,14,0,Alongshore,Alongshore,Alongshore,16.2,0.125
3163,Tikao Bay mid beach,2024-01-31 07:00:00,Akaroa,0.0,0.0,0.0,0.0,0.0,0.4,incoming,medium,sandy,7,grass,1,0,1,0.0,0.0,2.52,2.9,2.69,0.92,1.98,353.8,354.5,5.5,320,-43.7958,172.9166,1,5,2,0,7,1,Offshore,Offshore,Alongshore,36.2,0.11764705882352941
3164,Tikao Bay mid beach,2024-02-05 10:00:00,Akaroa,0.0,0.0,0.0,0.0,0.0,0.0,incoming,medium,sandy,7,grass,1,0,1,0.0,0.0,2.45,0.66,0.37,1.8,1.79,67.9,15.8,349.1,320,-43.7958,172.9166,2,6,0,0,10,1,Alongshore,Alongshore,Offshore,36.2,0.1111111111111111
3165,Tikao Bay mid beach,2024-02-11 16:00:00,Akaroa,0.0,0.0,0.0,0.8,13.0,13.0,incoming,medium,sandy,7,grass,1,0,1,3.6,12.0,0.72,0.27,0.28,1.3,2.28,171.3,201.7,217.5,320,-43.7958,172.9166,2,6,6,1,16,0,Onshore,Alongshore,Alongshore,32.0,0.10526315789473684
3166,Tikao Bay mid beach,2024-02-13 06:00:00,Akaroa,0.0,0.0,0.0,0.0,0.0,9.0,incoming,medium,sandy,7,grass,1,0,1,0.0,0.0,2.15,1.88,2.08,0.35,2.47,336.9,353.4,15.6,320,-43.7958,172.9166,2,7,1,0,6,0,Offshore,Offshore,Alongshore,92.6,0.15
3167,Tikao Bay mid beach,2024-02-20 12:00:00,Akaroa,0.0,0.0,0.0,9.4,10.8,10.8,incoming,medium,sandy,7,grass,1,0,1,4.2,6.0,1.08,0.19,0.12,1.42,1.87,20.2,129.7,236.9,320,-43.7958,172.9166,2,8,1,0,12,0,Alongshore,Onshore,Alongshore,94.6,0.14285714285714285
3168,Tikao Bay mid beach,2024-02-21 14:00:00,Akaroa,0.0,0.0,0.0,0.0,6.2,10.8,ebbing,medium,sandy,7,grass,1,0,1,4.2,2.0,0.23,0.17,0.13,12.32,2.14,306.3,93.3,310.8,320,-43.7958,172.9166,2,8,2,0,14,0,Offshore,Alongshore,Offshore,289.8,0.18181818181818182
3169,Tikao Bay mid beach,2024-03-05 12:00:00,Akaroa,0.8,0.8,0.8,5.6,5.6,5.8,ebbing,medium,sandy,7,grass,1,0,1,2.8,7.0,4.65,4.97,4.7,11.52,2.08,206.7,208.2,213.0,320,-43.7958,172.9166,3,10,1,0,12,0,Alongshore,Alongshore,Alongshore,291.8,0.17391304347826086
3170,Tikao Bay mid beach,2024-03-15 08:00:00,Akaroa,0.0,3.2,10.2,10.2,10.2,10.2,ebbing,medium,sandy,7,grass,1,0,1,2.8,6.0,2.81,3.0,3.18,12.32,2.24,206.7,204.5,197.1,320,-43.7958,172.9166,3,11,4,0,8,0,Alongshore,Alongshore,Alongshore,296.0,0.16666666666666666
3171,Tikao Bay mid beach,2024-03-20 11:00:00,Akaroa,0.0,0.0,0.0,0.0,0.0,3.4,incoming,medium,sandy,7,grass,1,0,1,0.0,0.0,3.3,3.47,3.19,1.7,1.86,27.9,25.3,24.0,320,-43.7958,172.9166,3,12,2,0,11,0,Alongshore,Alongshore,Alongshore,235.4,0.16
3172,Tikao Bay mid beach,2024-03-25 16:00:00,Akaroa,0.0,0.0,0.0,0.0,0.0,0.0,ebbing,medium,sandy,7,grass,1,0,1,0.0,0.0,1.19,0.79,0.87,12.2,2.05,107.8,99.5,350.4,320,-43.7958,172.9166,3,13,0,0,16,0,Onshore,Onshore,Offshore,231.4,0.15384615384615385
3173,Tikao Bay mid beach,2024-04-12 17:00:00,Akaroa,0.0,0.4,0.6,1.0,16.6,16.6,incoming,medium,sandy,7,grass,1,0,1,4.2,13.0,1.64,0.89,0.19,1.92,2.32,175.8,202.5,211.7,320,-43.7958,172.9166,4,15,4,0,17,0,Onshore,Alongshore,Alongshore,24.6,0.14814814814814814
3174,Tikao Bay mid beach,2024-04-14 09:00:00,Akaroa,0.0,0.0,0.0,0.2,1.6,14.6,ebbing,medium,sandy,7,grass,1,0,1,0.2,8.0,0.99,0.33,0.21,11.78,2.17,134.3,234.6,240.0,320,-43.7958,172.9166,4,15,6,1,9,1,Onshore,Alongshore,Alongshore,70.2,0.14285714285714285
3175,Tikao Bay mid beach,2024-05-02 11:00:00,Akaroa,0.0,0.0,0.0,1.8,16.0,16.0,ebbing,medium,sandy,7,grass,1,0,1,2.8,16.0,0.69,0.06,0.12,12.25,2.2,215.6,88.6,265.0,320,-43.7958,172.9166,5,18,3,0,11,0,Alongshore,Alongshore,Alongshore,66.0,0.13793103448275862
3176,Tikao Bay mid beach,2024-05-21 13:00:00,Akaroa,0.8,1.6,2.0,10.4,12.0,12.0,incoming,medium,sandy,7,grass,1,0,1,1.6,22.0,0.88,0.59,0.79,1.17,2.0,196.5,164.9,147.7,320,-43.7958,172.9166,5,21,1,0,13,0,Alongshore,Onshore,Onshore,66.0,0.13333333333333333
3177,Tikao Bay mid beach,2024-06-15 11:00:00,Akaroa,0.0,0.0,0.0,17.2,45.0,45.0,ebbing,medium,sandy,7,grass,1,0,1,6.4,18.0,0.33,0.71,0.84,12.02,1.92,96.7,104.1,88.0,320,-43.7958,172.9166,6,24,5,1,11,0,Onshore,Onshore,Alongshore,70.2,0.12903225806451613
3178,Tikao Bay mid beach,2024-07-03 12:00:00,Akaroa,0.0,0.8,3.0,6.8,34.0,35.8,incoming,medium,sandy,7,grass,1,0,1,3.4,39.0,2.79,2.44,2.55,1.65,2.25,207.2,206.0,211.2,320,-43.7958,172.9166,7,27,2,0,12,0,Alongshore,Alongshore,Alongshore,159.0,0.15625
3179,Tikao Bay mid beach,2024-07-16 11:00:00,Akaroa,0.0,0.0,0.2,8.8,17.4,17.6,incoming,medium,sandy,7,grass,1,0,1,2.4,22.0,0.24,0.16,0.16,0.72,1.89,100.4,63.1,344.7,320,-43.7958,172.9166,7,29,1,0,11,0,Onshore,Alongshore,Offshore,799.4,0.18181818181818182
3180,Tikao Bay mid beach,2024-07-31 12:00:00,Akaroa,1.2,2.2,4.6,18.8,106.4,108.2,incoming,medium,sandy,7,grass,1,0,1,12.0,39.0,0.68,0.49,0.8,0.83,2.18,62.5,57.8,118.0,320,-43.7958,172.9166,7,31,2,0,12,0,Alongshore,Alongshore,Onshore,1039.6,0.20588235294117646
3181,Tikao Bay mid beach,2024-09-17 14:00:00,Akaroa,0.0,1.0,1.6,19.2,19.4,19.4,incoming,medium,sandy,7,grass,1,0,1,5.6,12.0,2.96,1.92,1.38,0.67,2.43,192.1,202.6,216.6,320,-43.7958,172.9166,9,38,1,0,14,0,Alongshore,Alongshore,Alongshore,2071.6,0.22857142857142856
3182,Wainui Beach Wainui Beach,2008-12-22 06:00:00,Akaroa,0.0,0.0,0.0,0.0,10.0,31.0,incoming,deep,stony,3,grass,1,0,0,2.2,9.0,0.48,0.55,0.44,6.05,1.96,281.3,244.9,274.1,321,-43.8129,172.9079,12,52,0,0,6,1,Offshore,Alongshore,Alongshore,,0.0
3183,Wainui Beach Wainui Beach,2008-12-29 05:00:00,Akaroa,0.0,0.0,0.0,0.0,0.0,0.0,incoming,deep,stony,3,grass,1,0,0,0.0,0.0,1.02,1.47,1.42,0.12,2.13,4.3,359.5,343.3,321,-43.8129,172.9079,12,1,0,0,5,1,Offshore,Offshore,Offshore,6.0,0.0
3184,Wainui Beach Wainui Beach,2009-01-05 06:00:00,Akaroa,0.0,0.0,0.0,0.0,0.0,5.6,incoming,deep,stony,3,grass,1,0,0,0.0,0.0,1.26,1.46,1.2,4.18,1.96,348.7,350.2,348.5,321,-43.8129,172.9079,1,2,0,0,6,1,Offshore,Offshore,Offshore,4.0,0.0
3185,Wainui Beach Wainui Beach,2009-01-12 06:00:00,Akaroa,0.0,0.0,0.0,0.0,0.0,3.4,ebbing,deep,stony,3,grass,1,0,0,0.0,0.0,1.56,1.98,1.94,10.6,2.25,29.4,27.7,23.8,321,-43.8129,172.9079,1,3,0,0,6,0,Alongshore,Alongshore,Alongshore,3.3333333333333335,0.0
3186,Wainui Beach Wainui Beach,2009-01-19 06:00:00,Akaroa,0.0,0.0,0.8,1.2,14.6,14.6,incoming,deep,stony,3,grass,1,0,0,5.0,12.0,0.97,1.47,1.63,4.48,1.94,8.8,348.5,329.4,321,-43.8129,172.9079,1,4,0,0,6,0,Alongshore,Offshore,Offshore,8.5,0.0
3187,Wainui Beach Wainui Beach,2009-01-26 06:00:00,Akaroa,0.0,0.0,0.0,0.0,0.0,0.0,ebbing,deep,stony,3,grass,1,0,0,0.0,0.0,1.61,1.83,1.46,9.77,1.87,304.1,296.3,294.0,321,-43.8129,172.9079,1,5,0,0,6,0,Offshore,Offshore,Offshore,17.2,0.0
3188,Wainui Beach Wainui Beach,2009-02-02 06:00:00,Akaroa,0.0,0.0,0.0,0.0,0.0,0.0,incoming,deep,stony,3,grass,1,0,0,0.0,0.0,1.45,0.72,0.41,2.45,1.96,21.6,217.0,212.2,321,-43.8129,172.9079,2,6,0,0,6,1,Alongshore,Alongshore,Alongshore,18.4,0.0
3189,Wainui Beach Wainui Beach,2009-02-09 06:00:00,Akaroa,0.0,0.0,0.0,0.0,0.0,0.0,ebbing,deep,stony,3,grass,1,0,0,0.0,0.0,0.74,1.05,3.44,9.05,2.23,110.9,89.4,49.7,321,-43.8129,172.9079,2,7,0,0,6,1,Onshore,Alongshore,Alongshore,20.4,0.0
3190,Wainui Beach Wainui Beach,2009-02-16 07:00:00,Akaroa,0.0,0.0,0.2,0.2,0.2,0.2,incoming,deep,stony,3,grass,1,0,0,0.2,1.0,2.25,2.6,1.86,2.18,1.95,226.1,225.3,222.3,321,-43.8129,172.9079,2,8,0,0,7,0,Alongshore,Alongshore,Alongshore,22.0,0.0
3191,Wainui Beach Wainui Beach,2009-02-23 06:00:00,Akaroa,0.0,0.0,0.6,0.6,0.6,13.8,ebbing,deep,stony,3,grass,1,0,0,0.4,2.0,3.05,3.28,3.19,8.47,1.88,225.5,227.1,223.4,321,-43.8129,172.9079,2,9,0,0,6,0,Alongshore,Alongshore,Alongshore,19.2,0.0
3192,Wainui Beach Wainui Beach,2009-03-02 07:00:00,Akaroa,0.6,0.6,0.6,0.6,34.4,37.0,incoming,deep,stony,3,grass,1,0,0,7.2,10.0,1.11,1.88,1.59,0.82,2.01,99.7,83.1,62.9,321,-43.8129,172.9079,3,10,0,0,7,0,Onshore,Alongshore,Alongshore,9.2,0.0
3193,Wainui Beach Wainui Beach,2009-03-09 07:00:00,Akaroa,0.0,0.0,0.0,4.4,4.4,4.4,ebbing,deep,stony,3,grass,1,0,0,1.4,5.0,2.14,2.42,1.63,7.37,2.18,213.5,212.7,209.5,321,-43.8129,172.9079,3,11,0,0,7,0,Alongshore,Alongshore,Alongshore,7.2,0.0
3194,Wainui Beach Wainui Beach,2009-03-16 06:00:00,Akaroa,0.0,0.0,0.0,0.0,0.0,0.0,incoming,deep,stony,3,grass,1,0,0,0.0,0.0,1.68,2.03,1.93,1.12,1.97,21.0,18.4,16.9,321,-43.8129,172.9079,3,12,0,0,6,0,Alongshore,Alongshore,Alongshore,11.6,0.0
3195,Wainui Beach Wainui Beach,2009-12-07 06:00:00,Akaroa,0.0,0.0,0.0,0.0,0.0,0.0,incoming,deep,stony,3,grass,1,0,0,0.0,0.0,1.32,2.2,2.28,1.7,2.39,29.4,29.3,2.5,321,-43.8129,172.9079,12,50,0,0,6,0,Alongshore,Alongshore,Offshore,,0.0
3196,Wainui Beach Wainui Beach,2009-12-14 05:00:00,Akaroa,6.2,6.2,6.2,6.2,6.2,6.2,ebbing,deep,stony,3,grass,1,0,0,3.2,2.0,0.99,0.98,1.72,8.6,1.99,164.3,98.0,88.2,321,-43.8129,172.9079,12,51,0,0,5,0,Onshore,Onshore,Alongshore,26.0,0.0
3197,Wainui Beach Wainui Beach,2009-12-21 06:00:00,Akaroa,0.0,0.0,0.4,0.6,2.2,2.2,incoming,deep,stony,3,grass,1,0,0,1.2,4.0,3.77,2.86,2.24,1.03,2.08,223.8,224.6,220.5,321,-43.8129,172.9079,12,52,0,0,6,1,Alongshore,Alongshore,Alongshore,19.0,0.0
3198,Wainui Beach Wainui Beach,2009-12-29 06:00:00,Akaroa,0.0,0.0,0.0,0.0,0.0,0.6,ebbing,deep,stony,3,grass,1,0,0,0.0,0.0,1.44,1.46,0.99,7.18,1.97,311.0,290.4,290.0,321,-43.8129,172.9079,12,53,1,0,6,1,Offshore,Offshore,Offshore,42.666666666666664,0.0
3199,Wainui Beach Wainui Beach,2010-01-05 06:00:00,Akaroa,0.0,0.0,0.0,0.0,0.0,0.0,incoming,deep,stony,3,grass,1,0,0,0.0,0.0,1.9,2.18,1.57,1.45,2.44,344.0,343.8,347.2,321,-43.8129,172.9079,1,1,1,0,6,1,Offshore,Offshore,Offshore,33.0,0.0
3200,Wainui Beach Wainui Beach,2010-01-11 05:00:00,Akaroa,0.2,0.2,0.2,12.4,12.8,12.8,ebbing,deep,stony,3,grass,1,0,0,3.4,12.0,1.98,2.59,2.14,7.45,1.92,230.8,228.0,234.7,321,-43.8129,172.9079,1,2,0,0,5,0,Alongshore,Alongshore,Alongshore,26.8,0.0
3201,Wainui Beach Wainui Beach,2010-01-18 06:00:00,Akaroa,0.0,0.0,0.0,0.0,0.0,0.0,incoming,deep,stony,3,grass,1,0,0,0.0,0.0,0.69,1.15,1.19,0.03,2.12,16.5,1.6,344.6,321,-43.8129,172.9079,1,3,0,0,6,0,Alongshore,Offshore,Offshore,53.6,0.0
3202,Wainui Beach Wainui Beach,2010-01-25 06:00:00,Akaroa,0.0,0.0,0.0,0.0,0.0,0.0,incoming,deep,stony,3,grass,1,0,0,0.0,0.0,2.01,2.4,2.24,4.8,1.85,24.1,33.0,31.2,321,-43.8129,172.9079,1,4,0,0,6,0,Alongshore,Alongshore,Alongshore,52.0,0.0
3203,Wainui Beach Wainui Beach,2010-02-01 06:00:00,Akaroa,0.0,0.0,0.0,0.0,0.0,0.0,ebbing,deep,stony,3,grass,1,0,0,0.0,0.0,2.2,2.65,2.69,11.83,2.34,28.4,26.1,25.9,321,-43.8129,172.9079,2,5,0,0,6,1,Alongshore,Alongshore,Alongshore,34.4,0.0
3204,Wainui Beach Wainui Beach,2010-02-09 16:00:00,Akaroa,0.0,0.0,0.0,0.0,0.0,0.0,ebbing,deep,stony,3,grass,1,0,0,0.0,0.0,0.04,0.58,0.83,9.47,2.08,201.4,179.6,195.4,321,-43.8129,172.9079,2,6,1,0,16,1,Alongshore,Onshore,Alongshore,34.4,0.0
3205,Wainui Beach Wainui Beach,2010-02-15 06:00:00,Akaroa,0.0,0.0,0.0,0.0,0.0,0.0,ebbing,deep,stony,3,grass,1,0,0,0.0,0.0,2.21,2.66,2.62,10.75,1.95,229.8,229.4,222.7,321,-43.8129,172.9079,2,7,0,0,6,0,Alongshore,Alongshore,Alongshore,34.4,0.0
3206,Wainui Beach Wainui Beach,2010-02-22 06:00:00,Akaroa,0.0,0.0,0.0,0.0,0.0,0.0,incoming,deep,stony,3,grass,1,0,0,0.0,0.0,0.91,1.17,0.91,3.38,1.83,340.8,5.8,349.3,321,-43.8129,172.9079,2,8,0,0,6,0,Offshore,Offshore,Offshore,5.2,0.0
3207,Wainui Beach Wainui Beach,2010-03-01 06:00:00,Akaroa,0.0,0.0,0.0,0.0,0.0,0.0,ebbing,deep,stony,3,grass,1,0,0,0.0,0.0,2.28,3.9,4.59,9.95,2.38,11.9,11.4,15.3,321,-43.8129,172.9079,3,9,0,0,6,0,Alongshore,Alongshore,Alongshore,4.8,0.0
3208,Wainui Beach Wainui Beach,2010-03-08 07:00:00,Akaroa,0.0,0.0,0.0,0.0,0.0,0.0,incoming,deep,stony,3,grass,1,0,0,0.0,0.0,0.99,0.88,0.72,3.55,1.89,18.2,300.2,294.4,321,-43.8129,172.9079,3,10,0,0,7,0,Alongshore,Offshore,Offshore,9.2,0.0
3209,Wainui Beach Wainui Beach,2010-03-15 07:00:00,Akaroa,0.0,0.0,0.0,0.0,0.0,0.2,ebbing,deep,stony,3,grass,1,0,0,0.0,0.0,0.19,1.49,2.68,8.87,1.98,110.2,110.5,153.0,321,-43.8129,172.9079,3,11,0,0,7,0,Onshore,Onshore,Onshore,8.8,0.0
3210,Wainui Beach Wainui Beach,2010-12-06 06:00:00,Akaroa,0.2,0.2,0.2,0.2,0.2,0.2,ebbing,deep,stony,3,grass,1,0,0,0.2,1.0,2.16,2.8,2.72,10.37,2.1,217.7,224.0,233.2,321,-43.8129,172.9079,12,49,0,0,6,0,Alongshore,Alongshore,Alongshore,,0.0
3211,Wainui Beach Wainui Beach,2010-12-13 06:00:00,Akaroa,0.0,0.0,0.0,0.0,0.0,0.0,incoming,deep,stony,3,grass,1,0,0,0.0,0.0,2.7,1.94,1.25,3.33,1.99,38.6,12.4,0.9,321,-43.8129,172.9079,12,50,0,0,6,0,Alongshore,Alongshore,Offshore,2.0,0.0
3212,Wainui Beach Wainui Beach,2010-12-20 06:00:00,Akaroa,0.0,0.0,0.0,0.0,0.0,0.0,ebbing,deep,stony,3,grass,1,0,0,0.0,0.0,2.95,3.07,2.76,9.05,1.93,5.2,1.2,7.0,321,-43.8129,172.9079,12,51,0,0,6,1,Offshore,Offshore,Alongshore,2.0,0.0
3213,Wainui Beach Wainui Beach,2010-12-29 06:00:00,Akaroa,0.0,0.0,0.0,0.0,26.0,26.4,incoming,deep,stony,3,grass,1,0,0,9.4,8.0,2.54,2.46,2.53,4.42,2.16,38.1,32.1,27.0,321,-43.8129,172.9079,12,52,2,0,6,1,Alongshore,Alongshore,Alongshore,19.333333333333332,0.0
3214,Wainui Beach Wainui Beach,2011-01-05 06:00:00,Akaroa,0.0,0.0,0.8,0.8,1.0,1.0,ebbing,deep,stony,3,grass,1,0,0,0.6,3.0,1.17,1.1,0.86,10.62,2.02,28.3,39.3,44.0,321,-43.8129,172.9079,1,1,2,0,6,1,Alongshore,Alongshore,Alongshore,17.0,0.0
3215,Wainui Beach Wainui Beach,2011-01-10 06:00:00,Akaroa,0.0,0.0,0.0,0.0,0.0,4.4,incoming,deep,stony,3,grass,1,0,0,0.0,0.0,2.63,3.21,3.69,1.7,2.02,230.7,223.6,225.1,321,-43.8129,172.9079,1,2,0,0,6,0,Alongshore,Alongshore,Alongshore,14.0,0.0
3216,Wainui Beach Wainui Beach,2011-01-17 06:00:00,Akaroa,0.0,0.0,0.0,0.0,0.0,0.0,ebbing,deep,stony,3,grass,1,0,0,0.0,0.0,2.53,2.8,2.92,7.17,1.89,357.5,6.8,17.9,321,-43.8129,172.9079,1,3,0,0,6,0,Offshore,Alongshore,Alongshore,14.0,0.0
3217,Wainui Beach Wainui Beach,2011-01-24 06:00:00,Akaroa,0.0,0.0,0.0,0.0,2.0,5.8,incoming,deep,stony,3,grass,1,0,0,0.4,8.0,2.24,2.29,1.98,0.95,2.38,261.2,248.2,234.6,321,-43.8129,172.9079,1,4,0,0,6,0,Alongshore,Alongshore,Alongshore,14.4,0.0
3218,Wainui Beach Wainui Beach,2011-01-31 06:00:00,Akaroa,0.0,0.0,1.6,2.0,2.0,5.4,ebbing,deep,stony,3,grass,1,0,0,0.6,6.0,0.54,1.17,3.87,7.8,1.96,132.4,142.4,165.4,321,-43.8129,172.9079,1,5,0,0,6,1,Onshore,Onshore,Onshore,4.0,0.0
3219,Wainui Beach Wainui Beach,2011-02-07 06:00:00,Akaroa,0.0,0.2,14.4,15.0,15.0,15.0,incoming,deep,stony,3,grass,1,0,0,3.8,8.0,1.6,0.92,0.19,0.2,2.06,298.4,220.3,207.0,321,-43.8129,172.9079,2,6,0,0,6,1,Offshore,Alongshore,Alongshore,2.8,0.0
3220,Wainui Beach Wainui Beach,2011-02-14 06:00:00,Akaroa,0.0,0.0,0.0,0.2,1.2,1.2,incoming,deep,stony,3,grass,1,0,0,0.6,4.0,3.22,3.23,3.24,5.65,1.84,245.4,239.3,230.2,321,-43.8129,172.9079,2,7,0,0,6,0,Alongshore,Alongshore,Alongshore,5.2,0.0
3221,Wainui Beach Wainui Beach,2011-03-22 13:00:00,Akaroa,0.0,2.4,7.0,8.6,8.6,9.4,incoming,deep,stony,3,grass,1,0,0,3.4,9.0,1.74,2.6,2.51,4.7,2.44,194.2,183.6,189.7,321,-43.8129,172.9079,3,12,1,0,13,0,Alongshore,Onshore,Alongshore,5.2,0.0
3222,Wainui Beach Wainui Beach,2011-04-07 13:00:00,Akaroa,1.2,1.6,2.2,12.4,21.2,30.6,incoming,deep,stony,3,grass,1,0,0,4.8,18.0,6.25,6.54,6.86,5.92,1.99,228.2,223.9,220.2,321,-43.8129,172.9079,4,14,3,0,13,0,Alongshore,Alongshore,Alongshore,6.4,0.0
3223,Wainui Beach Wainui Beach,2011-04-11 13:00:00,Akaroa,0.0,0.0,0.0,0.0,0.0,0.0,ebbing,deep,stony,3,grass,1,0,0,0.0,0.0,0.28,0.19,0.17,8.65,2.06,68.8,53.2,16.2,321,-43.8129,172.9079,4,15,0,0,13,0,Alongshore,Alongshore,Alongshore,8.0,0.0
3224,Wainui Beach Wainui Beach,2011-11-14 13:00:00,Akaroa,0.0,0.0,0.0,0.0,0.2,11.0,incoming,deep,stony,3,grass,1,0,0,0.2,1.0,0.96,0.77,0.67,5.53,1.82,109.2,98.9,32.9,321,-43.8129,172.9079,11,46,0,0,13,0,Onshore,Onshore,Alongshore,,0.0
3225,Wainui Beach Wainui Beach,2011-11-24 09:00:00,Akaroa,0.0,0.0,0.0,1.8,7.0,7.0,incoming,deep,stony,3,grass,1,0,0,1.8,12.0,1.43,1.43,0.38,5.6,2.28,90.9,7.0,332.3,321,-43.8129,172.9079,11,47,3,0,9,0,Alongshore,Alongshore,Offshore,10.0,0.0
3226,Wainui Beach Wainui Beach,2011-11-28 12:00:00,Akaroa,0.0,0.0,0.0,0.0,0.0,0.0,ebbing,deep,stony,3,grass,1,0,0,0.0,0.0,1.59,1.66,1.67,6.58,2.16,239.0,230.6,250.3,321,-43.8129,172.9079,11,48,0,0,12,0,Alongshore,Alongshore,Alongshore,10.0,0.0
3227,Wainui Beach Wainui Beach,2011-12-05 09:00:00,Akaroa,0.0,0.0,0.0,0.0,0.0,0.0,incoming,deep,stony,3,grass,1,0,0,0.0,0.0,1.92,1.26,1.78,2.92,1.95,184.1,204.1,202.3,321,-43.8129,172.9079,12,49,0,0,9,0,Onshore,Alongshore,Alongshore,10.0,0.0
3228,Wainui Beach Wainui Beach,2011-12-12 13:00:00,Akaroa,0.0,0.0,0.0,0.0,0.0,0.0,incoming,deep,stony,3,grass,1,0,0,0.0,0.0,0.59,0.21,0.22,3.97,1.88,54.1,94.4,4.6,321,-43.8129,172.9079,12,50,0,0,13,0,Alongshore,Alongshore,Offshore,10.0,0.0
3229,Wainui Beach Wainui Beach,2011-12-19 12:00:00,Akaroa,0.0,0.0,0.0,0.0,0.0,0.0,ebbing,deep,stony,3,grass,1,0,0,0.0,0.0,1.32,0.2,0.24,10.8,2.16,41.6,152.1,203.2,321,-43.8129,172.9079,12,51,0,0,12,0,Alongshore,Onshore,Alongshore,10.0,0.0
3230,Wainui Beach Wainui Beach,2012-01-05 09:00:00,Akaroa,0.0,0.0,0.0,0.0,0.0,0.0,incoming,deep,stony,3,grass,1,0,0,0.0,0.0,0.29,0.46,0.11,4.2,1.83,17.4,123.8,189.6,321,-43.8129,172.9079,1,1,3,0,9,1,Alongshore,Onshore,Alongshore,10.0,0.0
3231,Wainui Beach Wainui Beach,2012-01-09 09:00:00,Akaroa,0.0,0.0,0.0,3.2,3.2,3.4,ebbing,deep,stony,3,grass,1,0,0,0.8,7.0,0.81,1.55,1.69,7.0,1.93,6.9,337.3,276.8,321,-43.8129,172.9079,1,2,0,0,9,0,Alongshore,Offshore,Offshore,10.0,0.0
3232,Wainui Beach Wainui Beach,2012-01-16 11:00:00,Akaroa,0.0,0.0,0.0,0.2,2.2,2.4,ebbing,deep,stony,3,grass,1,0,0,1.6,3.0,1.63,0.37,0.16,10.22,2.16,36.5,231.9,233.2,321,-43.8129,172.9079,1,3,0,0,11,0,Alongshore,Alongshore,Alongshore,12.0,0.0
3233,Wainui Beach Wainui Beach,2012-01-23 09:00:00,Akaroa,0.0,0.0,0.8,5.4,10.4,10.4,ebbing,deep,stony,3,grass,1,0,0,2.2,13.0,3.73,2.96,3.16,6.53,2.14,228.3,228.1,226.8,321,-43.8129,172.9079,1,4,0,0,9,0,Alongshore,Alongshore,Alongshore,12.0,0.0
3234,Wainui Beach Wainui Beach,2012-01-30 09:00:00,Akaroa,0.0,0.0,0.0,0.0,0.0,0.0,incoming,deep,stony,3,grass,1,0,0,0.0,0.0,2.52,1.93,0.56,0.03,1.93,57.1,8.5,19.5,321,-43.8129,172.9079,1,5,0,0,9,0,Alongshore,Alongshore,Alongshore,25.0,0.0
3235,Wainui Beach Wainui Beach,2012-02-09 12:00:00,Akaroa,0.0,0.0,0.0,0.0,0.0,0.2,incoming,deep,stony,3,grass,1,0,0,0.0,0.0,0.39,0.77,1.45,4.85,2.17,196.1,187.9,264.3,321,-43.8129,172.9079,2,6,3,0,12,1,Alongshore,Alongshore,Alongshore,25.0,0.0
3236,Wainui Beach Wainui Beach,2012-02-13 13:00:00,Akaroa,0.2,0.2,0.2,0.2,0.2,0.6,ebbing,deep,stony,3,grass,1,0,0,0.2,1.0,1.49,1.3,1.3,7.0,2.23,41.6,42.0,59.8,321,-43.8129,172.9079,2,7,0,0,13,0,Alongshore,Alongshore,Alongshore,25.0,0.0
3237,Wainui Beach Wainui Beach,2012-02-27 09:00:00,Akaroa,0.0,0.0,0.0,0.0,0.0,1.0,ebbing,deep,stony,3,grass,1,0,0,0.0,0.0,0.68,0.51,0.43,10.9,1.97,137.0,219.1,252.4,321,-43.8129,172.9079,2,9,0,0,9,0,Onshore,Alongshore,Alongshore,23.0,0.0
3238,Wainui Beach Wainui Beach,2012-03-06 09:00:00,Akaroa,0.0,0.0,0.0,0.0,0.0,1.6,incoming,deep,stony,3,grass,1,0,0,0.0,0.0,1.43,1.04,1.34,5.2,2.03,82.5,33.5,10.1,321,-43.8129,172.9079,3,10,1,0,9,0,Alongshore,Alongshore,Alongshore,23.0,0.0
3239,Wainui Beach Wainui Beach,2012-11-22 09:00:00,Akaroa,0.0,0.0,0.0,0.0,0.0,0.0,incoming,deep,stony,3,grass,1,0,0,0.0,0.0,2.65,2.74,2.63,1.77,2.15,26.1,35.2,35.9,321,-43.8129,172.9079,11,47,3,0,9,0,Alongshore,Alongshore,Alongshore,,0.0
3240,Wainui Beach Wainui Beach,2012-11-27 09:00:00,Akaroa,0.0,0.0,0.0,0.0,0.0,0.0,incoming,deep,stony,3,grass,1,0,0,0.0,0.0,1.17,0.6,1.13,5.68,1.96,50.5,358.5,340.4,321,-43.8129,172.9079,11,48,1,0,9,0,Alongshore,Offshore,Offshore,10.0,0.0
3241,Wainui Beach Wainui Beach,2012-12-03 11:00:00,Akaroa,0.0,0.0,0.0,0.0,0.0,0.0,ebbing,deep,stony,3,grass,1,0,0,0.0,0.0,2.37,2.1,2.36,8.57,1.8,37.5,31.5,14.3,321,-43.8129,172.9079,12,49,0,0,11,0,Alongshore,Alongshore,Alongshore,10.0,0.0
3242,Wainui Beach Wainui Beach,2012-12-10 09:00:00,Akaroa,0.0,0.0,0.0,0.0,0.0,0.2,incoming,deep,stony,3,grass,1,0,0,0.0,0.0,0.97,1.59,3.61,3.5,2.15,239.5,225.7,254.7,321,-43.8129,172.9079,12,50,0,0,9,0,Alongshore,Alongshore,Alongshore,10.0,0.0
3243,Wainui Beach Wainui Beach,2012-12-17 11:00:00,Akaroa,0.0,0.0,0.0,0.0,0.0,0.0,ebbing,deep,stony,3,grass,1,0,0,0.0,0.0,0.5,0.36,0.49,8.45,2.21,89.1,72.9,272.5,321,-43.8129,172.9079,12,51,0,0,11,0,Alongshore,Alongshore,Alongshore,10.0,0.0
3244,Wainui Beach Wainui Beach,2012-12-27 08:00:00,Akaroa,0.0,0.0,0.0,0.0,0.2,0.2,ebbing,deep,stony,3,grass,1,0,0,0.2,1.0,1.6,2.15,2.06,6.67,1.89,43.4,44.3,61.1,321,-43.8129,172.9079,12,52,3,0,8,1,Alongshore,Alongshore,Alongshore,10.0,0.0
3245,Wainui Beach Wainui Beach,2013-01-03 12:00:00,Akaroa,0.0,0.0,0.0,11.2,23.2,23.2,ebbing,deep,stony,3,grass,1,0,0,4.6,11.0,1.77,1.3,1.29,8.47,1.93,97.1,70.6,46.7,321,-43.8129,172.9079,1,1,3,0,12,1,Onshore,Alongshore,Alongshore,10.0,0.0
3246,Wainui Beach Wainui Beach,2013-01-08 10:00:00,Akaroa,0.0,0.0,0.0,0.0,2.6,2.6,incoming,deep,stony,3,grass,1,0,0,1.8,3.0,0.29,1.46,1.45,2.65,2.11,45.6,51.2,248.6,321,-43.8129,172.9079,1,2,1,0,10,0,Alongshore,Alongshore,Alongshore,16.2,0.0
3247,Wainui Beach Wainui Beach,2013-01-14 10:00:00,Akaroa,0.0,0.0,0.0,0.0,0.0,0.0,ebbing,deep,stony,3,grass,1,0,0,0.0,0.0,1.71,1.01,0.61,8.08,2.27,92.8,62.4,80.3,321,-43.8129,172.9079,1,3,0,0,10,0,Alongshore,Alongshore,Alongshore,16.2,0.0
3248,Wainui Beach Wainui Beach,2013-01-21 10:00:00,Akaroa,0.0,0.0,0.0,0.0,0.0,0.0,incoming,deep,stony,3,grass,1,0,0,0.0,0.0,1.58,1.38,0.94,1.23,1.87,56.5,44.6,71.9,321,-43.8129,172.9079,1,4,0,0,10,0,Alongshore,Alongshore,Alongshore,38.2,0.0
3249,Wainui Beach Wainui Beach,2013-01-28 12:00:00,Akaroa,0.0,0.0,0.0,0.0,0.0,0.0,incoming,deep,stony,3,grass,1,0,0,0.0,0.0,1.16,0.46,0.51,5.1,1.96,108.3,87.1,8.3,321,-43.8129,172.9079,1,5,0,0,12,0,Onshore,Alongshore,Alongshore,38.2,0.0
3250,Wainui Beach Wainui Beach,2013-02-04 12:00:00,Akaroa,1.8,11.2,25.8,26.0,26.0,26.0,ebbing,deep,stony,3,grass,1,0,0,5.4,13.0,3.21,4.35,4.71,10.27,2.18,205.3,202.5,209.4,321,-43.8129,172.9079,2,6,0,0,12,1,Alongshore,Alongshore,Alongshore,38.2,0.0
3251,Wainui Beach Wainui Beach,2013-02-11 12:00:00,Akaroa,0.0,0.0,0.0,0.0,0.0,0.0,incoming,deep,stony,3,grass,1,0,0,0.0,0.0,2.82,1.45,1.25,4.95,2.28,206.8,221.3,235.6,321,-43.8129,172.9079,2,7,0,0,12,0,Alongshore,Alongshore,Alongshore,38.2,0.0
3252,Wainui Beach Wainui Beach,2013-02-18 09:00:00,Akaroa,0.0,0.0,0.0,0.0,0.0,0.0,incoming,deep,stony,3,grass,1,0,0,0.0,0.0,1.52,1.26,1.12,1.25,1.86,27.3,352.4,319.3,321,-43.8129,172.9079,2,8,0,0,9,0,Alongshore,Offshore,Offshore,38.2,0.0
3253,Wainui Beach Wainui Beach,2013-02-25 11:00:00,Akaroa,0.0,0.0,0.0,0.0,0.0,0.0,incoming,deep,stony,3,grass,1,0,0,0.0,0.0,1.79,0.62,0.34,4.35,2.01,97.6,17.1,340.7,321,-43.8129,172.9079,2,9,0,0,11,0,Onshore,Alongshore,Offshore,16.2,0.0
3254,Wainui Beach Wainui Beach,2013-05-08 12:00:00,Akaroa,0.0,0.0,0.0,0.0,1.4,103.0,incoming,deep,stony,3,grass,1,0,0,0.8,3.0,0.14,0.19,0.24,2.33,2.17,123.5,162.0,319.3,321,-43.8129,172.9079,5,19,2,0,12,0,Onshore,Onshore,Offshore,16.2,0.0
3255,Wainui Beach Wainui Beach,2013-06-06 12:00:00,Akaroa,0.0,0.0,0.0,3.6,4.4,18.0,incoming,deep,stony,3,grass,1,0,0,1.2,6.0,1.33,1.61,1.73,1.93,2.13,48.9,61.3,59.4,321,-43.8129,172.9079,6,23,3,0,12,0,Alongshore,Alongshore,Alongshore,16.2,0.0
3256,Wainui Beach Wainui Beach,2013-11-13 13:00:00,Akaroa,0.0,0.0,0.0,0.0,0.0,0.0,ebbing,deep,stony,3,grass,1,0,0,0.0,0.0,1.22,0.86,0.93,11.33,2.18,76.7,72.3,46.1,321,-43.8129,172.9079,11,46,2,0,13,0,Alongshore,Alongshore,Alongshore,,0.0
3257,Wainui Beach Wainui Beach,2013-11-26 12:00:00,Akaroa,1.6,1.8,1.8,2.2,9.2,9.2,ebbing,deep,stony,3,grass,1,0,0,1.8,14.0,0.76,0.52,0.22,10.77,1.83,84.8,117.3,159.4,321,-43.8129,172.9079,11,48,1,0,12,0,Alongshore,Onshore,Onshore,10.0,0.0
3258,Wainui Beach Wainui Beach,2013-12-05 05:00:00,Akaroa,0.0,0.0,0.0,0.0,0.0,0.0,ebbing,deep,stony,3,grass,1,0,0,0.0,0.0,1.48,1.75,1.64,12.13,2.26,341.7,325.6,317.2,321,-43.8129,172.9079,12,49,3,0,5,0,Offshore,Offshore,Offshore,15.0,0.0
3259,Wainui Beach Wainui Beach,2013-12-10 11:00:00,Akaroa,0.0,0.0,0.0,0.8,0.8,1.0,ebbing,deep,stony,3,grass,1,0,0,0.4,3.0,1.1,0.96,0.68,11.4,2.15,43.9,39.1,18.8,321,-43.8129,172.9079,12,50,1,0,11,0,Alongshore,Alongshore,Alongshore,27.333333333333332,0.0
3260,Wainui Beach Wainui Beach,2013-12-17 16:00:00,Akaroa,0.0,0.0,0.0,3.4,14.0,14.0,ebbing,deep,stony,3,grass,1,0,0,9.2,7.0,0.7,1.11,1.25,12.05,2.19,94.1,94.3,93.7,321,-43.8129,172.9079,12,51,1,0,16,0,Alongshore,Alongshore,Alongshore,25.5,0.0
3261,Wainui Beach Wainui Beach,2013-12-22 10:00:00,Akaroa,0.0,0.0,0.0,17.6,23.4,23.4,ebbing,deep,stony,3,grass,1,0,0,4.4,15.0,1.67,0.72,0.52,9.38,1.84,129.8,204.4,215.6,321,-43.8129,172.9079,12,51,6,1,10,1,Onshore,Alongshore,Alongshore,47.4,0.0
3262,Wainui Beach Wainui Beach,2014-01-07 09:00:00,Akaroa,0.0,0.0,0.0,0.0,0.0,1.6,ebbing,deep,stony,3,grass,1,0,0,0.0,0.0,1.91,1.17,0.4,12.23,2.2,294.9,356.0,9.9,321,-43.8129,172.9079,1,2,1,0,9,0,Offshore,Offshore,Alongshore,57.8,0.0
3263,Wainui Beach Wainui Beach,2014-01-14 15:00:00,Akaroa,0.0,0.0,0.0,0.0,0.0,0.2,ebbing,deep,stony,3,grass,1,0,0,0.0,0.0,0.92,0.7,0.71,11.77,2.15,138.2,134.6,194.5,321,-43.8129,172.9079,1,3,1,0,15,0,Onshore,Onshore,Alongshore,55.8,0.0
3264,Wainui Beach Wainui Beach,2014-01-21 08:00:00,Akaroa,0.0,0.0,0.4,1.0,1.0,1.0,ebbing,deep,stony,3,grass,1,0,0,0.4,4.0,1.62,1.44,1.33,11.78,1.88,45.8,47.4,48.6,321,-43.8129,172.9079,1,4,1,0,8,0,Alongshore,Alongshore,Alongshore,51.6,0.0
3265,Wainui Beach Wainui Beach,2014-01-29 15:00:00,Akaroa,0.0,0.0,0.0,0.0,0.0,0.4,ebbing,deep,stony,3,grass,1,0,0,0.0,0.0,0.91,0.42,0.45,11.33,2.51,125.1,68.1,21.8,321,-43.8129,172.9079,1,5,2,0,15,0,Onshore,Alongshore,Alongshore,49.6,0.0
3266,Wainui Beach Wainui Beach,2014-02-04 07:00:00,Akaroa,0.0,0.0,0.0,0.0,0.0,0.0,ebbing,deep,stony,3,grass,1,0,0,0.0,0.0,1.04,0.9,1.4,12.42,2.27,290.1,325.5,324.6,321,-43.8129,172.9079,2,6,1,0,7,1,Offshore,Offshore,Offshore,24.6,0.0
3267,Wainui Beach Wainui Beach,2014-02-11 14:00:00,Akaroa,0.0,0.0,0.0,0.0,0.0,0.6,ebbing,deep,stony,3,grass,1,0,0,0.0,0.0,0.42,0.49,0.51,11.4,2.1,110.9,130.7,357.5,321,-43.8129,172.9079,2,7,1,0,14,0,Onshore,Onshore,Offshore,14.2,0.0
3268,Wainui Beach Wainui Beach,2014-02-18 07:00:00,Akaroa,0.0,0.0,0.0,0.0,0.0,0.0,ebbing,deep,stony,3,grass,1,0,0,0.0,0.0,1.07,0.56,1.12,11.48,1.97,106.4,28.1,357.7,321,-43.8129,172.9079,2,8,1,0,7,0,Onshore,Alongshore,Offshore,14.2,0.0
3269,Wainui Beach Wainui Beach,2014-02-25 14:00:00,Akaroa,0.0,0.0,0.0,0.0,0.0,20.8,ebbing,deep,stony,3,grass,1,0,0,0.0,0.0,1.26,1.04,1.01,10.4,2.32,40.6,50.6,62.4,321,-43.8129,172.9079,2,9,1,0,14,0,Alongshore,Alongshore,Alongshore,10.0,0.0
3270,Wainui Beach Wainui Beach,2014-03-10 11:00:00,Akaroa,0.0,0.0,0.0,0.0,0.0,0.0,ebbing,deep,stony,3,grass,1,0,0,0.0,0.0,0.96,0.61,0.35,12.3,2.03,354.4,357.2,0.8,321,-43.8129,172.9079,3,11,0,0,11,0,Offshore,Offshore,Offshore,10.0,0.0
3271,Wainui Beach Wainui Beach,2014-11-19 14:00:00,Akaroa,0.0,0.0,9.4,10.8,10.8,10.8,ebbing,deep,stony,3,grass,1,0,0,5.8,6.0,1.36,0.56,0.49,11.18,2.03,120.7,125.6,151.5,321,-43.8129,172.9079,11,47,2,0,14,0,Onshore,Onshore,Onshore,,0.0
3272,Wainui Beach Wainui Beach,2014-11-25 18:00:00,Akaroa,0.0,0.0,0.0,0.2,0.2,0.2,ebbing,deep,stony,3,grass,1,0,0,0.2,1.0,2.2,2.85,4.85,12.03,2.34,284.4,286.5,320.6,321,-43.8129,172.9079,11,48,1,0,18,0,Offshore,Offshore,Offshore,10.0,0.0
3273,Wainui Beach Wainui Beach,2014-12-09 06:00:00,Akaroa,0.0,0.0,0.0,0.0,0.0,0.0,ebbing,deep,stony,3,grass,1,0,0,0.0,0.0,2.03,2.52,2.21,11.6,2.02,11.2,355.3,0.9,321,-43.8129,172.9079,12,50,1,0,6,0,Alongshore,Offshore,Offshore,10.0,0.0
3274,Wainui Beach Wainui Beach,2014-12-16 11:00:00,Akaroa,0.0,0.0,0.0,0.0,0.0,0.0,incoming,deep,stony,3,grass,1,0,0,0.0,0.0,2.45,1.96,1.54,0.37,1.91,38.0,26.7,12.0,321,-43.8129,172.9079,12,51,1,0,11,0,Alongshore,Alongshore,Alongshore,10.0,0.0
3275,Wainui Beach Wainui Beach,2014-12-21 16:00:00,Akaroa,0.0,1.0,7.8,7.8,8.0,8.0,ebbing,deep,stony,3,grass,1,0,0,3.2,6.0,0.36,0.33,0.42,11.13,2.34,134.9,116.8,160.3,321,-43.8129,172.9079,12,51,6,1,16,1,Onshore,Onshore,Onshore,10.0,0.0
3276,Wainui Beach Wainui Beach,2014-12-30 13:00:00,Akaroa,0.0,0.0,0.0,0.0,0.0,0.2,ebbing,deep,stony,3,grass,1,0,0,0.0,0.0,2.22,2.2,2.74,9.93,2.21,22.4,31.1,10.1,321,-43.8129,172.9079,12,1,1,0,13,1,Alongshore,Alongshore,Alongshore,15.0,0.0
3277,Wainui Beach Wainui Beach,2015-01-05 17:00:00,Akaroa,0.0,0.0,0.0,0.0,0.0,0.0,ebbing,deep,stony,3,grass,1,0,0,0.0,0.0,0.54,0.59,0.52,11.53,2.26,150.9,136.4,106.3,321,-43.8129,172.9079,1,2,0,0,17,1,Onshore,Onshore,Onshore,15.0,0.0
3278,Wainui Beach Wainui Beach,2015-01-13 12:00:00,Akaroa,0.0,0.0,0.0,0.0,0.0,0.0,ebbing,deep,stony,3,grass,1,0,0,0.0,0.0,1.09,0.44,0.37,10.15,1.87,128.0,61.0,35.5,321,-43.8129,172.9079,1,3,1,0,12,0,Onshore,Alongshore,Alongshore,15.0,0.0
3279,Wainui Beach Wainui Beach,2015-01-20 15:00:00,Akaroa,2.4,2.4,2.4,2.8,2.8,2.8,ebbing,deep,stony,3,grass,1,0,0,1.6,4.0,0.72,0.79,0.79,12.45,2.5,138.5,130.1,199.4,321,-43.8129,172.9079,1,4,1,0,15,0,Onshore,Onshore,Alongshore,15.0,0.0
3280,Wainui Beach Wainui Beach,2015-01-27 12:00:00,Akaroa,0.0,0.0,0.0,0.0,0.0,0.0,ebbing,deep,stony,3,grass,1,0,0,0.0,0.0,1.61,1.82,1.62,9.78,2.22,46.1,40.9,20.5,321,-43.8129,172.9079,1,5,1,0,12,0,Alongshore,Alongshore,Alongshore,23.4,0.0
3281,Wainui Beach Wainui Beach,2015-02-03 15:00:00,Akaroa,0.0,0.0,0.0,2.6,2.6,3.6,incoming,deep,stony,3,grass,1,0,0,1.2,3.0,1.13,2.22,2.53,0.28,2.0,37.5,40.4,57.1,321,-43.8129,172.9079,2,6,1,0,15,1,Alongshore,Alongshore,Alongshore,18.4,0.0
3282,Wainui Beach Wainui Beach,2015-02-10 11:00:00,Akaroa,0.0,0.0,0.0,0.2,1.6,1.6,ebbing,deep,stony,3,grass,1,0,0,0.6,5.0,0.89,0.16,0.3,9.75,1.89,162.2,27.2,259.9,321,-43.8129,172.9079,2,7,1,0,11,0,Onshore,Alongshore,Alongshore,22.6,0.0
3283,Wainui Beach Wainui Beach,2015-02-17 12:00:00,Akaroa,0.0,0.0,0.0,0.0,0.0,0.0,incoming,deep,stony,3,grass,1,0,0,0.0,0.0,1.48,0.26,0.57,2.22,2.2,115.3,54.7,348.8,321,-43.8129,172.9079,2,8,1,0,12,0,Onshore,Alongshore,Offshore,22.6,0.0
3284,Wainui Beach Wainui Beach,2015-02-24 11:00:00,Akaroa,0.0,0.0,0.0,0.0,1.8,1.8,ebbing,deep,stony,3,grass,1,0,0,1.6,2.0,1.51,0.56,0.7,9.42,2.28,112.0,45.3,14.9,321,-43.8129,172.9079,2,9,1,0,11,0,Onshore,Alongshore,Alongshore,22.6,0.0
3285,Wainui Beach Wainui Beach,2015-03-03 14:00:00,Akaroa,0.0,0.0,0.0,0.6,0.6,0.6,incoming,deep,stony,3,grass,1,0,0,0.6,1.0,0.74,0.65,0.48,0.32,1.98,140.5,122.3,41.8,321,-43.8129,172.9079,3,10,1,0,14,0,Onshore,Onshore,Alongshore,14.2,0.0
3286,Wainui Beach Wainui Beach,2015-11-18 08:00:00,Akaroa,0.0,0.0,0.2,3.0,3.0,3.0,incoming,deep,stony,3,grass,1,0,0,1.4,4.0,3.72,2.46,1.87,0.08,2.14,214.6,215.4,216.9,321,-43.8129,172.9079,11,47,2,0,8,0,Alongshore,Alongshore,Alongshore,,0.0
3287,Wainui Beach Wainui Beach,2015-11-24 11:00:00,Akaroa,0.0,0.0,0.0,0.0,0.0,0.2,incoming,deep,stony,3,grass,1,0,0,0.0,0.0,2.22,0.95,1.41,2.73,2.33,112.2,74.7,19.0,321,-43.8129,172.9079,11,48,1,0,11,0,Onshore,Alongshore,Alongshore,10.0,0.0
3288,Wainui Beach Wainui Beach,2015-12-01 07:00:00,Akaroa,0.0,0.0,0.0,0.0,0.0,0.2,incoming,deep,stony,3,grass,1,0,0,0.0,0.0,1.94,0.81,0.28,1.02,2.25,123.4,8.9,359.0,321,-43.8129,172.9079,12,49,1,0,7,0,Onshore,Alongshore,Offshore,10.0,0.0
3289,Wainui Beach Wainui Beach,2015-12-08 12:00:00,Akaroa,0.0,0.0,0.0,0.0,1.0,3.4,incoming,deep,stony,3,grass,1,0,0,0.6,2.0,2.97,2.81,3.19,1.62,1.94,218.0,218.9,226.8,321,-43.8129,172.9079,12,50,1,0,12,0,Alongshore,Alongshore,Alongshore,10.0,0.0
3290,Wainui Beach Wainui Beach,2015-12-15 06:00:00,Akaroa,2.4,2.4,2.4,2.4,2.6,15.0,incoming,deep,stony,3,grass,1,0,0,1.2,3.0,0.71,1.08,0.91,0.65,2.24,54.9,35.2,354.3,321,-43.8129,172.9079,12,51,1,0,6,0,Alongshore,Alongshore,Offshore,10.0,0.0
3291,Wainui Beach Wainui Beach,2015-12-22 10:00:00,Akaroa,0.0,0.2,0.4,0.6,0.6,0.6,incoming,deep,stony,3,grass,1,0,0,0.2,3.0,1.11,0.55,0.7,2.38,2.21,132.5,196.5,193.5,321,-43.8129,172.9079,12,52,1,0,10,1,Onshore,Alongshore,Alongshore,10.0,0.0
3292,Wainui Beach Wainui Beach,2015-12-29 06:00:00,Akaroa,0.0,0.0,0.0,0.0,0.0,0.0,incoming,deep,stony,3,grass,1,0,0,0.0,0.0,1.75,1.72,1.14,0.33,2.3,264.4,267.0,264.1,321,-43.8129,172.9079,12,53,1,0,6,1,Alongshore,Alongshore,Alongshore,12.0,0.0
3293,Wainui Beach Wainui Beach,2016-01-06 10:00:00,Akaroa,0.0,0.0,0.0,0.0,0.0,2.4,incoming,deep,stony,3,grass,1,0,0,0.0,0.0,2.05,1.37,0.37,2.97,1.88,27.8,8.4,12.6,321,-43.8129,172.9079,1,1,2,0,10,0,Alongshore,Alongshore,Alongshore,14.0,0.0
3294,Wainui Beach Wainui Beach,2016-01-12 05:00:00,Akaroa,0.0,0.0,0.0,0.0,0.0,0.0,ebbing,deep,stony,3,grass,1,0,0,0.0,0.0,1.19,1.96,1.52,12.37,2.12,279.7,252.7,270.8,321,-43.8129,172.9079,1,2,1,0,5,0,Offshore,Alongshore,Alongshore,14.0,0.0
3295,Wainui Beach Wainui Beach,2016-01-19 09:00:00,Akaroa,0.0,0.0,0.0,5.4,7.8,7.8,incoming,deep,stony,3,grass,1,0,0,2.0,11.0,1.84,2.72,3.13,2.23,2.14,240.5,245.8,268.1,321,-43.8129,172.9079,1,3,1,0,9,0,Alongshore,Alongshore,Alongshore,14.0,0.0
3296,Wainui Beach Wainui Beach,2016-01-26 05:00:00,Akaroa,0.0,0.0,0.0,0.2,0.2,0.2,incoming,deep,stony,3,grass,1,0,0,0.2,1.0,1.04,2.17,2.25,0.02,2.3,184.6,182.3,176.2,321,-43.8129,172.9079,1,4,1,0,5,0,Onshore,Onshore,Onshore,14.0,0.0
3297,Wainui Beach Wainui Beach,2016-02-01 09:00:00,Akaroa,0.0,0.0,0.0,0.0,0.0,0.0,incoming,deep,stony,3,grass,1,0,0,0.0,0.0,1.24,0.46,0.57,0.88,1.87,92.6,341.1,329.9,321,-43.8129,172.9079,2,5,0,0,9,1,Alongshore,Offshore,Offshore,12.0,0.0
3298,Wainui Beach Wainui Beach,2016-02-10 07:00:00,Akaroa,0.0,0.0,0.0,0.0,0.0,0.0,ebbing,deep,stony,3,grass,1,0,0,0.0,0.0,2.77,2.27,2.14,10.17,2.27,352.5,11.0,9.1,321,-43.8129,172.9079,2,6,2,0,7,0,Offshore,Alongshore,Alongshore,10.0,0.0
3299,Wainui Beach Wainui Beach,2016-02-16 09:00:00,Akaroa,0.0,0.0,0.0,0.0,0.0,0.0,incoming,deep,stony,3,grass,1,0,0,0.0,0.0,1.67,1.21,0.74,1.62,2.12,109.7,22.9,359.8,321,-43.8129,172.9079,2,7,1,0,9,0,Onshore,Alongshore,Offshore,10.0,0.0
3300,Wainui Beach Wainui Beach,2016-02-23 14:00:00,Akaroa,0.0,0.0,0.0,0.0,0.0,0.0,incoming,deep,stony,3,grass,1,0,0,0.0,0.0,0.6,0.33,0.29,2.78,2.09,114.0,86.9,334.3,321,-43.8129,172.9079,2,8,1,0,14,0,Onshore,Alongshore,Offshore,10.0,0.0
3301,Wainui Beach Wainui Beach,2016-11-22 12:00:00,Akaroa,0.0,0.0,0.0,0.0,0.0,0.0,ebbing,deep,stony,3,grass,1,0,0,0.0,0.0,0.63,0.38,0.13,10.6,2.04,156.8,75.2,348.7,321,-43.8129,172.9079,11,47,1,0,12,0,Onshore,Alongshore,Offshore,,0.0
3302,Wainui Beach Wainui Beach,2016-11-29 15:00:00,Akaroa,0.0,0.0,0.0,0.0,0.0,1.2,incoming,deep,stony,3,grass,1,0,0,0.0,0.0,1.66,1.01,1.55,0.65,1.96,229.4,203.0,211.1,321,-43.8129,172.9079,11,48,1,0,15,0,Alongshore,Alongshore,Alongshore,10.0,0.0
3303,Wainui Beach Wainui Beach,2016-12-06 10:00:00,Akaroa,0.0,0.0,0.0,0.0,0.0,0.0,ebbing,deep,stony,3,grass,1,0,0,0.0,0.0,0.45,0.25,0.26,10.5,1.89,142.7,163.1,225.0,321,-43.8129,172.9079,12,49,1,0,10,0,Onshore,Onshore,Alongshore,10.0,0.0
3304,Wainui Beach Wainui Beach,2016-12-13 15:00:00,Akaroa,0.0,0.0,0.0,0.0,16.6,23.8,incoming,deep,stony,3,grass,1,0,0,4.0,11.0,1.02,0.98,1.07,0.28,2.32,105.1,104.9,39.1,321,-43.8129,172.9079,12,50,1,0,15,0,Onshore,Onshore,Alongshore,10.0,0.0
3305,Wainui Beach Wainui Beach,2016-12-20 08:00:00,Akaroa,0.0,0.0,0.0,0.0,0.0,0.0,incoming,deep,stony,3,grass,1,0,0,0.0,0.0,2.66,2.93,2.89,0.68,2.23,30.9,38.0,43.5,321,-43.8129,172.9079,12,51,1,0,8,1,Alongshore,Alongshore,Alongshore,10.0,0.0
3306,Wainui Beach Wainui Beach,2016-12-28 14:00:00,Akaroa,1.2,1.2,1.2,1.2,1.2,1.2,incoming,deep,stony,3,grass,1,0,0,0.8,3.0,0.82,0.26,0.34,1.67,1.92,266.2,225.6,104.9,321,-43.8129,172.9079,12,52,2,0,14,1,Alongshore,Alongshore,Onshore,10.0,0.0
3307,Wainui Beach Wainui Beach,2017-01-05 08:00:00,Akaroa,0.0,0.0,0.0,1.2,13.6,17.0,incoming,deep,stony,3,grass,1,0,0,4.0,11.0,2.57,1.38,0.57,0.8,2.13,210.8,223.1,222.5,321,-43.8129,172.9079,1,1,3,0,8,1,Alongshore,Alongshore,Alongshore,10.0,0.0
3308,Wainui Beach Wainui Beach,2017-01-10 15:00:00,Akaroa,0.0,0.0,0.0,0.0,0.0,0.0,ebbing,deep,stony,3,grass,1,0,0,0.0,0.0,1.54,0.57,0.69,11.68,2.45,120.6,64.6,31.3,321,-43.8129,172.9079,1,2,1,0,15,0,Onshore,Alongshore,Alongshore,10.0,0.0
3309,Wainui Beach Wainui Beach,2017-01-17 07:00:00,Akaroa,0.0,0.0,0.0,0.0,0.0,0.0,ebbing,deep,stony,3,grass,1,0,0,0.0,0.0,2.69,3.76,3.72,12.53,2.09,322.5,335.2,355.0,321,-43.8129,172.9079,1,3,1,0,7,0,Offshore,Offshore,Offshore,10.0,0.0
3310,Wainui Beach Wainui Beach,2017-01-23 14:00:00,Akaroa,0.0,0.0,0.0,1.8,59.8,64.0,ebbing,deep,stony,3,grass,1,0,0,8.0,24.0,0.71,0.43,1.03,11.3,2.01,62.3,99.2,250.4,321,-43.8129,172.9079,1,4,0,0,14,0,Alongshore,Onshore,Alongshore,10.0,0.0
3311,Wainui Beach Wainui Beach,2017-01-31 07:00:00,Akaroa,0.0,0.0,0.0,0.0,0.0,0.0,ebbing,deep,stony,3,grass,1,0,0,0.0,0.0,2.79,3.4,2.33,11.6,2.07,354.6,341.8,356.2,321,-43.8129,172.9079,1,5,1,0,7,1,Offshore,Offshore,Offshore,12.0,0.0
3312,Wainui Beach Wainui Beach,2017-02-08 15:00:00,Akaroa,0.0,0.0,0.0,0.6,0.6,1.6,ebbing,deep,stony,3,grass,1,0,0,0.4,2.0,0.74,0.36,0.52,10.95,2.39,206.3,194.4,216.8,321,-43.8129,172.9079,2,6,2,0,15,1,Alongshore,Alongshore,Alongshore,12.0,0.0
3313,Wainui Beach Wainui Beach,2017-02-14 18:00:00,Akaroa,0.0,0.0,0.0,0.0,0.0,0.0,incoming,deep,stony,3,grass,1,0,0,0.0,0.0,0.49,0.35,0.4,0.98,2.14,154.0,126.7,98.0,321,-43.8129,172.9079,2,7,1,0,18,0,Onshore,Onshore,Onshore,12.0,0.0
3314,Wainui Beach Wainui Beach,2017-02-21 15:00:00,Akaroa,0.0,0.0,0.0,0.0,0.0,1.0,ebbing,deep,stony,3,grass,1,0,0,0.0,0.0,0.52,0.62,1.1,9.23,1.98,101.8,118.6,31.1,321,-43.8129,172.9079,2,8,1,0,15,0,Onshore,Onshore,Alongshore,12.0,0.0
3315,Wainui Beach Wainui Beach,2017-03-06 10:00:00,Akaroa,0.0,0.0,0.0,0.0,0.0,0.0,incoming,deep,stony,3,grass,1,0,0,0.0,0.0,0.49,0.47,0.45,0.63,2.09,134.4,36.2,29.7,321,-43.8129,172.9079,3,10,0,0,10,0,Onshore,Alongshore,Alongshore,12.0,0.0
3316,Wainui Beach Wainui Beach,2017-11-14 12:00:00,Akaroa,0.0,0.0,0.0,0.0,0.0,1.2,incoming,deep,stony,3,grass,1,0,0,0.0,0.0,1.04,0.14,0.14,0.53,2.19,170.6,210.2,281.1,321,-43.8129,172.9079,11,46,1,0,12,0,Onshore,Alongshore,Offshore,,0.0
3317,Wainui Beach Wainui Beach,2017-11-29 13:00:00,Akaroa,0.0,0.0,0.0,0.0,0.0,0.0,ebbing,deep,stony,3,grass,1,0,0,0.0,0.0,0.56,0.42,0.37,11.05,2.05,151.2,178.3,318.5,321,-43.8129,172.9079,11,48,2,0,13,0,Onshore,Onshore,Offshore,10.0,0.0
3318,Wainui Beach Wainui Beach,2017-12-06 06:00:00,Akaroa,0.0,0.0,0.0,0.0,0.0,0.0,ebbing,deep,stony,3,grass,1,0,0,0.0,0.0,2.07,2.97,2.91,11.82,2.28,24.7,27.6,22.9,321,-43.8129,172.9079,12,49,2,0,6,0,Alongshore,Alongshore,Alongshore,10.0,0.0
3319,Wainui Beach Wainui Beach,2017-12-13 13:00:00,Akaroa,0.0,0.2,5.6,5.6,6.6,6.6,ebbing,deep,stony,3,grass,1,0,0,3.4,7.0,0.79,0.45,0.62,11.45,2.1,151.8,140.1,109.7,321,-43.8129,172.9079,12,50,2,0,13,0,Onshore,Onshore,Onshore,10.0,0.0
3320,Wainui Beach Wainui Beach,2017-12-21 06:00:00,Akaroa,0.0,0.0,0.0,0.0,0.0,0.0,ebbing,deep,stony,3,grass,1,0,0,0.0,0.0,0.88,1.24,1.49,12.22,1.86,226.0,239.4,309.5,321,-43.8129,172.9079,12,51,3,0,6,1,Alongshore,Alongshore,Offshore,10.0,0.0
3321,Wainui Beach Wainui Beach,2017-12-27 08:00:00,Akaroa,0.0,0.0,0.0,0.4,7.8,7.8,incoming,deep,stony,3,grass,1,0,0,2.6,10.0,3.44,2.77,2.15,2.7,2.01,194.7,215.4,221.2,321,-43.8129,172.9079,12,52,2,0,8,1,Alongshore,Alongshore,Alongshore,10.0,0.0
3322,Wainui Beach Wainui Beach,2018-01-10 11:00:00,Akaroa,1.4,1.4,2.6,7.0,7.0,7.0,ebbing,deep,stony,3,grass,1,0,0,1.2,13.0,1.36,0.59,0.73,11.95,2.06,79.6,155.2,217.8,321,-43.8129,172.9079,1,2,2,0,11,0,Alongshore,Onshore,Alongshore,10.0,0.0
3323,Wainui Beach Wainui Beach,2018-01-15 14:00:00,Akaroa,0.0,0.0,0.0,0.0,0.0,0.0,incoming,deep,stony,3,grass,1,0,0,0.0,0.0,1.88,0.96,0.4,0.8,1.92,83.0,45.8,18.9,321,-43.8129,172.9079,1,3,0,0,14,0,Alongshore,Alongshore,Alongshore,10.0,0.0
3324,Wainui Beach Wainui Beach,2018-01-24 08:00:00,Akaroa,0.0,0.0,0.0,0.0,0.0,0.0,incoming,deep,stony,3,grass,1,0,0,0.0,0.0,1.1,0.94,0.7,0.68,2.02,32.0,346.4,319.0,321,-43.8129,172.9079,1,4,2,0,8,0,Alongshore,Offshore,Offshore,10.0,0.0
3325,Wainui Beach Wainui Beach,2018-01-29 14:00:00,Akaroa,0.0,0.0,0.0,0.0,0.0,0.0,ebbing,deep,stony,3,grass,1,0,0,0.0,0.0,0.96,0.35,0.28,12.37,2.46,107.0,118.8,2.2,321,-43.8129,172.9079,1,5,0,0,14,0,Onshore,Onshore,Offshore,10.0,0.0
3326,Wainui Beach Wainui Beach,2018-02-09 11:00:00,Akaroa,0.0,0.0,0.0,0.0,0.0,0.0,ebbing,deep,stony,3,grass,1,0,0,0.0,0.0,1.61,0.41,0.61,12.43,2.02,157.3,68.4,16.4,321,-43.8129,172.9079,2,6,4,0,11,1,Onshore,Alongshore,Alongshore,10.0,0.0
3327,Wainui Beach Wainui Beach,2018-02-14 14:00:00,Akaroa,0.0,0.0,0.0,0.0,0.0,0.0,incoming,deep,stony,3,grass,1,0,0,0.0,0.0,1.04,0.22,0.21,0.98,1.92,75.7,123.5,219.7,321,-43.8129,172.9079,2,7,2,0,14,0,Alongshore,Onshore,Alongshore,10.0,0.0
3328,Wainui Beach Wainui Beach,2018-02-23 09:00:00,Akaroa,0.0,0.0,0.0,0.0,2.0,85.4,incoming,deep,stony,3,grass,1,0,0,0.6,6.0,1.05,0.75,0.45,0.73,2.02,153.2,264.8,250.4,321,-43.8129,172.9079,2,8,4,0,9,0,Onshore,Alongshore,Alongshore,10.0,0.0
3329,Wainui Beach Wainui Beach,2018-03-09 10:00:00,Akaroa,0.0,0.0,0.6,2.8,2.8,2.8,ebbing,deep,stony,3,grass,1,0,0,1.0,4.0,2.36,1.96,1.31,12.32,2.01,164.2,169.6,177.2,321,-43.8129,172.9079,3,10,4,0,10,0,Onshore,Onshore,Onshore,10.0,0.0
3330,Wainui Beach Wainui Beach,2018-03-21 07:00:00,Akaroa,0.0,0.0,0.0,0.0,0.0,0.0,ebbing,deep,stony,3,grass,1,0,0,0.0,0.0,1.0,1.6,2.0,12.33,2.16,223.2,247.3,270.0,321,-43.8129,172.9079,3,12,2,0,7,0,Alongshore,Alongshore,Alongshore,18.4,0.0
3331,Wainui Beach Wainui Beach,2018-11-14 08:00:00,Akaroa,0.0,0.0,0.0,0.0,0.0,0.0,incoming,deep,stony,3,grass,1,0,0,0.0,0.0,1.86,1.45,0.76,0.33,2.04,21.2,348.2,332.7,321,-43.8129,172.9079,11,46,2,0,8,0,Alongshore,Offshore,Offshore,,0.0
3332,Wainui Beach Wainui Beach,2018-11-19 13:00:00,Akaroa,0.0,2.8,3.0,3.6,31.6,31.6,ebbing,deep,stony,3,grass,1,0,0,12.4,15.0,0.92,0.9,1.24,11.87,1.97,97.2,117.8,196.8,321,-43.8129,172.9079,11,47,0,0,13,0,Onshore,Onshore,Alongshore,10.0,0.0
3333,Wainui Beach Wainui Beach,2018-11-29 08:00:00,Akaroa,0.0,0.0,0.0,0.0,7.0,21.8,incoming,deep,stony,3,grass,1,0,0,2.4,11.0,1.84,1.77,1.6,0.27,2.34,54.1,53.2,61.9,321,-43.8129,172.9079,11,48,3,0,8,0,Alongshore,Alongshore,Alongshore,36.5,0.0
3334,Wainui Beach Wainui Beach,2018-12-03 14:00:00,Akaroa,0.0,0.0,0.2,2.6,5.6,6.2,ebbing,deep,stony,3,grass,1,0,0,0.6,20.0,0.69,0.5,0.52,11.48,2.2,106.3,126.8,55.3,321,-43.8129,172.9079,12,49,0,0,14,0,Onshore,Onshore,Alongshore,27.666666666666668,0.0
3335,Wainui Beach Wainui Beach,2018-12-11 07:00:00,Akaroa,0.8,1.2,1.2,1.2,1.2,1.2,ebbing,deep,stony,3,grass,1,0,0,0.4,4.0,2.14,1.91,1.88,12.13,1.89,47.2,40.3,43.8,321,-43.8129,172.9079,12,50,1,0,7,0,Alongshore,Alongshore,Alongshore,23.25,0.0
3336,Wainui Beach Wainui Beach,2018-12-17 12:00:00,Akaroa,0.0,0.0,0.0,0.0,0.0,0.0,ebbing,deep,stony,3,grass,1,0,0,0.0,0.0,0.36,0.37,0.33,11.28,1.91,132.7,148.9,312.1,321,-43.8129,172.9079,12,51,0,0,12,0,Onshore,Onshore,Offshore,26.6,0.0
3337,Wainui Beach Wainui Beach,2018-12-28 08:00:00,Akaroa,0.0,0.0,0.0,0.0,0.0,0.0,incoming,deep,stony,3,grass,1,0,0,0.0,0.0,2.93,2.88,2.41,0.33,2.39,25.5,38.0,36.8,321,-43.8129,172.9079,12,52,4,0,8,1,Alongshore,Alongshore,Alongshore,26.6,0.0
3338,Wainui Beach Wainui Beach,2019-01-09 07:00:00,Akaroa,0.0,0.0,0.0,0.0,0.0,5.2,ebbing,deep,stony,3,grass,1,0,0,0.0,0.0,3.1,2.56,1.63,11.83,1.9,358.9,3.1,18.5,321,-43.8129,172.9079,1,2,2,0,7,0,Offshore,Offshore,Alongshore,16.0,0.0
3339,Wainui Beach Wainui Beach,2019-01-11 10:00:00,Akaroa,0.0,0.0,0.0,0.0,0.0,0.0,ebbing,deep,stony,3,grass,1,0,0,0.0,0.0,2.96,2.19,1.35,9.57,1.84,138.6,131.7,130.4,321,-43.8129,172.9079,1,2,4,0,10,0,Onshore,Onshore,Onshore,69.0,0.0
3340,Wainui Beach Wainui Beach,2019-01-16 10:00:00,Akaroa,0.0,0.0,0.0,0.0,0.0,33.4,incoming,deep,stony,3,grass,1,0,0,0.0,0.0,1.85,1.06,0.73,0.98,1.92,102.7,9.3,349.4,321,-43.8129,172.9079,1,3,2,0,10,0,Onshore,Alongshore,Offshore,69.0,0.0
3341,Wainui Beach Wainui Beach,2019-01-25 07:00:00,Akaroa,0.0,0.0,0.0,0.0,4.0,9.4,ebbing,deep,stony,3,grass,1,0,0,4.0,1.0,1.02,1.76,1.39,12.55,2.28,62.2,48.8,13.8,321,-43.8129,172.9079,1,4,4,0,7,0,Alongshore,Alongshore,Alongshore,63.0,0.0
3342,Wainui Beach Wainui Beach,2019-01-30 10:00:00,Akaroa,0.0,0.0,0.0,0.0,0.0,0.0,incoming,deep,stony,3,grass,1,0,0,0.0,0.0,0.77,0.12,0.59,1.87,2.0,183.8,231.7,285.6,321,-43.8129,172.9079,1,5,2,0,10,0,Onshore,Alongshore,Offshore,63.0,0.0
3343,Wainui Beach Wainui Beach,2019-02-08 06:00:00,Akaroa,0.0,0.0,0.0,0.0,0.0,0.0,ebbing,deep,stony,3,grass,1,0,0,0.0,0.0,2.48,2.75,2.7,12.3,1.9,27.1,19.7,19.4,321,-43.8129,172.9079,2,6,4,0,6,1,Alongshore,Alongshore,Alongshore,71.4,0.0
3344,Wainui Beach Wainui Beach,2019-02-13 09:00:00,Akaroa,0.0,0.0,0.4,0.4,0.4,0.4,incoming,deep,stony,3,grass,1,0,0,0.4,1.0,1.62,1.48,0.68,0.33,1.89,30.4,7.2,343.8,321,-43.8129,172.9079,2,7,2,0,9,0,Alongshore,Alongshore,Offshore,18.4,0.0
3345,Wainui Beach Wainui Beach,2019-02-18 13:00:00,Akaroa,0.0,0.0,0.0,0.0,0.0,0.8,incoming,deep,stony,3,grass,1,0,0,0.0,0.0,0.4,0.41,0.3,1.22,2.23,127.5,135.8,2.8,321,-43.8129,172.9079,2,8,0,0,13,0,Onshore,Onshore,Offshore,18.4,0.0
3346,Wainui Beach Wainui Beach,2019-02-25 09:00:00,Akaroa,0.0,0.0,0.0,1.8,22.2,22.2,ebbing,deep,stony,3,grass,1,0,0,8.2,13.0,1.37,0.74,0.06,12.17,2.19,172.7,248.1,230.0,321,-43.8129,172.9079,2,9,0,0,9,0,Onshore,Alongshore,Alongshore,18.4,0.0
3347,Wainui Beach Wainui Beach,2019-02-27 09:00:00,Akaroa,18.2,18.6,18.6,18.6,18.6,20.4,incoming,deep,stony,3,grass,1,0,0,6.8,4.0,0.89,2.51,2.25,1.03,1.99,195.9,195.7,209.1,321,-43.8129,172.9079,2,9,2,0,9,0,Alongshore,Alongshore,Alongshore,107.8,0.058823529411764705
3348,Wainui Beach Wainui Beach,2019-11-18 07:00:00,Akaroa,0.0,0.0,2.0,2.0,2.0,2.0,incoming,deep,stony,3,grass,1,0,0,2.0,1.0,1.13,0.52,0.43,1.05,2.18,83.5,245.6,225.0,321,-43.8129,172.9079,11,47,0,0,7,0,Alongshore,Alongshore,Alongshore,,0.0
3349,Wainui Beach Wainui Beach,2019-12-05 09:00:00,Akaroa,0.0,0.0,0.0,0.0,0.0,0.0,incoming,deep,stony,3,grass,1,0,0,0.0,0.0,3.08,2.66,1.93,1.92,2.0,34.8,24.4,20.6,321,-43.8129,172.9079,12,49,3,0,9,0,Alongshore,Alongshore,Alongshore,10.0,0.0
3350,Wainui Beach Wainui Beach,2019-12-11 12:00:00,Akaroa,0.0,0.0,0.0,0.0,0.0,1.6,incoming,deep,stony,3,grass,1,0,0,0.0,0.0,0.64,0.22,0.33,3.0,1.96,188.0,92.6,245.0,321,-43.8129,172.9079,12,50,2,0,12,0,Alongshore,Alongshore,Alongshore,10.0,0.0
3351,Wainui Beach Wainui Beach,2019-12-18 11:00:00,Akaroa,0.0,0.0,0.0,24.2,46.4,46.4,ebbing,deep,stony,3,grass,1,0,0,5.0,24.0,3.15,0.93,0.62,9.68,2.07,120.0,200.4,224.2,321,-43.8129,172.9079,12,51,2,0,11,0,Onshore,Alongshore,Alongshore,10.0,0.0
3352,Wainui Beach Wainui Beach,2019-12-20 11:00:00,Akaroa,0.0,0.0,0.0,0.0,0.0,24.2,ebbing,deep,stony,3,grass,1,0,0,0.0,0.0,4.89,3.76,3.52,11.82,2.15,216.3,217.8,226.1,321,-43.8129,172.9079,12,51,4,0,11,1,Alongshore,Alongshore,Alongshore,175.0,0.2
3353,Wainui Beach Wainui Beach,2020-01-03 08:00:00,Akaroa,8.2,17.6,17.6,17.6,17.6,17.6,incoming,deep,stony,3,grass,1,0,0,4.0,6.0,1.42,0.24,0.15,1.43,1.95,336.7,106.5,150.1,321,-43.8129,172.9079,1,1,4,0,8,1,Offshore,Onshore,Onshore,142.0,0.16666666666666666
3354,Wainui Beach Wainui Beach,2020-01-08 15:00:00,Akaroa,0.0,0.0,0.0,0.0,1.8,2.0,ebbing,deep,stony,3,grass,1,0,0,0.8,3.0,0.25,0.41,0.39,11.65,2.14,139.3,139.4,350.6,321,-43.8129,172.9079,1,2,2,0,15,0,Onshore,Onshore,Offshore,142.0,0.14285714285714285
3355,Wainui Beach Wainui Beach,2020-01-16 11:00:00,Akaroa,0.0,0.0,0.0,0.0,0.0,0.0,ebbing,deep,stony,3,grass,1,0,0,0.0,0.0,1.98,1.52,1.27,10.0,2.17,52.2,40.5,35.3,321,-43.8129,172.9079,1,3,3,0,11,0,Alongshore,Alongshore,Alongshore,142.0,0.125
3356,Wainui Beach Wainui Beach,2020-01-22 11:00:00,Akaroa,0.0,0.0,0.0,0.0,0.0,0.0,incoming,deep,stony,3,grass,1,0,0,0.0,0.0,0.62,0.21,0.48,2.92,2.03,144.2,109.4,317.9,321,-43.8129,172.9079,1,4,2,0,11,0,Onshore,Onshore,Offshore,142.0,0.1111111111111111
3357,Wainui Beach Wainui Beach,2020-01-30 08:00:00,Akaroa,0.0,0.0,0.0,0.0,0.0,0.0,ebbing,deep,stony,3,grass,1,0,0,0.0,0.0,2.45,2.22,0.97,12.32,1.89,21.7,4.7,12.0,321,-43.8129,172.9079,1,5,3,0,8,0,Alongshore,Offshore,Alongshore,10.0,0.1
3358,Wainui Beach Wainui Beach,2020-02-04 11:00:00,Akaroa,5.0,6.0,6.0,6.0,6.0,6.0,incoming,deep,stony,3,grass,1,0,0,3.6,4.0,1.88,3.46,5.92,0.75,1.82,231.7,242.2,278.2,321,-43.8129,172.9079,2,6,1,0,11,1,Alongshore,Alongshore,Offshore,12.0,0.09090909090909091
3359,Wainui Beach Wainui Beach,2020-02-12 06:00:00,Akaroa,0.0,0.0,0.0,0.0,0.0,0.0,ebbing,deep,stony,3,grass,1,0,0,0.0,0.0,1.95,2.34,1.8,12.37,2.3,347.2,345.5,341.3,321,-43.8129,172.9079,2,7,2,0,6,0,Offshore,Offshore,Offshore,18.2,0.08333333333333333
3360,Wainui Beach Wainui Beach,2020-02-20 10:00:00,Akaroa,0.0,0.0,0.0,0.0,0.0,0.0,incoming,deep,stony,3,grass,1,0,0,0.0,0.0,2.26,1.77,1.76,3.17,1.96,16.4,24.6,31.7,321,-43.8129,172.9079,2,8,3,0,10,0,Alongshore,Alongshore,Alongshore,18.2,0.07692307692307693
3361,Wainui Beach Wainui Beach,2020-02-28 10:00:00,Akaroa,0.0,0.0,0.0,0.0,0.0,0.0,ebbing,deep,stony,3,grass,1,0,0,0.0,0.0,4.65,4.61,4.84,9.25,1.91,8.6,8.3,9.7,321,-43.8129,172.9079,2,9,4,0,10,0,Alongshore,Alongshore,Alongshore,18.2,0.07142857142857142
3362,Wainui Beach Wainui Beach,2020-03-04 10:00:00,Akaroa,0.0,0.0,0.0,1.2,1.8,1.8,incoming,deep,stony,3,grass,1,0,0,0.6,6.0,2.04,0.95,0.18,1.05,1.8,219.0,186.0,211.7,321,-43.8129,172.9079,3,10,2,0,10,0,Alongshore,Alongshore,Alongshore,18.2,0.06666666666666667
3363,Wainui Beach Wainui Beach,2020-03-17 10:00:00,Akaroa,0.0,0.0,0.0,0.0,0.0,0.0,incoming,deep,stony,3,grass,1,0,0,0.0,0.0,1.82,0.92,0.27,1.0,1.99,154.1,202.4,214.3,321,-43.8129,172.9079,3,12,1,0,10,0,Onshore,Alongshore,Alongshore,18.2,0.0625
3364,Wainui Beach Wainui Beach,2020-11-10 10:00:00,Akaroa,0.0,0.0,0.0,0.0,0.4,69.2,incoming,deep,stony,3,grass,1,0,0,0.4,1.0,1.02,0.4,0.22,0.73,2.15,139.9,99.1,125.4,321,-43.8129,172.9079,11,46,1,0,10,0,Onshore,Onshore,Onshore,,0.0
3365,Wainui Beach Wainui Beach,2020-11-23 10:00:00,Akaroa,0.0,0.0,0.0,0.0,13.6,13.6,incoming,deep,stony,3,grass,1,0,0,4.2,7.0,0.58,0.66,0.74,0.9,2.11,65.1,37.8,247.8,321,-43.8129,172.9079,11,48,0,0,10,0,Alongshore,Alongshore,Alongshore,41.0,0.0
3366,Wainui Beach Wainui Beach,2020-12-03 06:00:00,Akaroa,0.0,0.0,0.0,0.0,0.0,0.0,incoming,deep,stony,3,grass,1,0,0,0.0,0.0,0.82,1.98,2.39,0.1,2.09,46.9,47.5,264.5,321,-43.8129,172.9079,12,49,3,0,6,0,Alongshore,Alongshore,Alongshore,30.5,0.0
3367,Wainui Beach Wainui Beach,2020-12-10 13:00:00,Akaroa,0.0,0.0,0.0,0.0,0.0,0.0,ebbing,deep,stony,3,grass,1,0,0,0.0,0.0,0.64,0.76,0.84,11.47,2.19,79.1,77.7,315.5,321,-43.8129,172.9079,12,50,3,0,13,0,Alongshore,Alongshore,Offshore,23.666666666666668,0.0
3368,Wainui Beach Wainui Beach,2020-12-17 06:00:00,Akaroa,0.0,0.0,0.0,0.0,0.0,0.0,ebbing,deep,stony,3,grass,1,0,0,0.0,0.0,1.07,0.75,0.39,12.4,2.13,4.6,77.0,111.2,321,-43.8129,172.9079,12,51,3,0,6,0,Offshore,Alongshore,Onshore,20.25,0.0
3369,Wainui Beach Wainui Beach,2020-12-22 10:00:00,Akaroa,0.0,0.0,0.0,3.8,8.2,11.4,ebbing,deep,stony,3,grass,1,0,0,2.0,12.0,1.16,0.47,0.23,12.6,1.93,140.8,311.3,294.7,321,-43.8129,172.9079,12,52,1,0,10,1,Onshore,Offshore,Offshore,18.2,0.0
3370,Wainui Beach Wainui Beach,2020-12-29 14:00:00,Akaroa,0.0,0.0,0.0,0.0,0.0,11.4,incoming,deep,stony,3,grass,1,0,0,0.0,0.0,1.61,1.18,1.15,1.15,1.87,63.6,58.5,48.5,321,-43.8129,172.9079,12,53,1,0,14,1,Alongshore,Alongshore,Alongshore,12.0,0.0
3371,Wainui Beach Wainui Beach,2021-01-11 11:00:00,Akaroa,0.0,0.0,0.0,0.0,1.0,1.6,incoming,deep,stony,3,grass,1,0,0,0.6,3.0,1.0,0.9,0.69,3.17,2.14,59.1,52.9,78.1,321,-43.8129,172.9079,1,2,0,0,11,0,Alongshore,Alongshore,Alongshore,10.0,0.0
3372,Wainui Beach Wainui Beach,2021-01-19 08:00:00,Akaroa,0.0,0.0,0.0,0.0,2.6,2.6,incoming,deep,stony,3,grass,1,0,0,2.4,2.0,5.21,5.64,5.07,0.05,2.09,337.6,327.4,349.4,321,-43.8129,172.9079,1,3,1,0,8,0,Offshore,Offshore,Offshore,10.0,0.0
3373,Wainui Beach Wainui Beach,2021-01-26 11:00:00,Akaroa,0.0,0.0,0.0,0.0,0.0,0.0,incoming,deep,stony,3,grass,1,0,0,0.0,0.0,1.47,0.74,0.88,3.48,1.84,94.9,21.1,355.7,321,-43.8129,172.9079,1,4,1,0,11,0,Alongshore,Alongshore,Offshore,10.0,0.0
3374,Wainui Beach Wainui Beach,2021-02-03 11:00:00,Akaroa,0.0,0.0,0.0,0.0,0.0,0.0,ebbing,deep,stony,3,grass,1,0,0,0.0,0.0,2.36,2.68,2.83,9.85,2.14,221.2,227.2,239.3,321,-43.8129,172.9079,2,5,2,0,11,1,Alongshore,Alongshore,Alongshore,10.0,0.0
3375,Wainui Beach Wainui Beach,2021-02-09 14:00:00,Akaroa,3.4,3.4,3.4,3.4,3.4,3.4,ebbing,deep,stony,3,grass,1,0,0,2.0,3.0,0.36,0.51,0.24,12.17,2.33,59.0,61.7,63.5,321,-43.8129,172.9079,2,6,1,0,14,1,Alongshore,Alongshore,Alongshore,10.0,0.0
3376,Wainui Beach Wainui Beach,2021-02-17 09:00:00,Akaroa,0.0,0.0,0.0,0.0,5.0,5.2,ebbing,deep,stony,3,grass,1,0,0,1.4,8.0,1.4,0.98,0.4,11.77,1.95,140.4,246.8,259.8,321,-43.8129,172.9079,2,7,2,0,9,0,Onshore,Alongshore,Alongshore,10.0,0.0
3377,Wainui Beach Wainui Beach,2021-02-23 15:00:00,Akaroa,0.0,0.0,0.0,0.0,0.0,0.0,ebbing,deep,stony,3,grass,1,0,0,0.0,0.0,2.63,3.38,3.06,9.83,2.05,20.0,11.8,14.2,321,-43.8129,172.9079,2,8,1,0,15,0,Alongshore,Alongshore,Alongshore,10.0,0.0
3378,Wainui Beach Wainui Beach,2021-03-04 10:00:00,Akaroa,0.0,1.0,4.0,4.0,4.0,4.0,ebbing,deep,stony,3,grass,1,0,0,2.0,3.0,1.79,1.47,0.65,9.8,2.25,120.5,109.7,116.9,321,-43.8129,172.9079,3,9,3,0,10,0,Onshore,Onshore,Onshore,10.0,0.0
3379,Wainui Beach Wainui Beach,2021-11-26 08:00:00,Akaroa,0.0,0.0,0.0,0.0,0.0,0.0,incoming,deep,stony,3,grass,1,0,0,0.0,0.0,1.01,0.46,0.25,0.97,1.97,71.9,4.8,308.1,321,-43.8129,172.9079,11,47,4,0,8,0,Alongshore,Offshore,Offshore,,0.0
3380,Wainui Beach Wainui Beach,2021-12-02 15:00:00,Akaroa,0.0,0.0,0.0,0.0,0.0,0.0,ebbing,deep,stony,3,grass,1,0,0,0.0,0.0,2.17,1.72,1.57,11.52,2.35,26.0,29.4,32.6,321,-43.8129,172.9079,12,48,3,0,15,0,Alongshore,Alongshore,Alongshore,10.0,0.0
3381,Wainui Beach Wainui Beach,2021-12-09 07:00:00,Akaroa,0.0,0.0,0.0,0.0,0.0,4.8,incoming,deep,stony,3,grass,1,0,0,0.0,0.0,1.36,1.09,0.74,0.6,2.39,352.0,319.4,302.6,321,-43.8129,172.9079,12,49,3,0,7,0,Offshore,Offshore,Offshore,10.0,0.0
3382,Wainui Beach Wainui Beach,2021-12-15 14:00:00,Akaroa,0.8,2.8,61.8,80.8,80.8,80.8,ebbing,deep,stony,3,grass,1,0,0,12.8,23.0,2.04,2.88,2.97,11.7,2.05,212.4,216.3,221.0,321,-43.8129,172.9079,12,50,2,0,14,0,Alongshore,Alongshore,Alongshore,10.0,0.0
3383,Wainui Beach Wainui Beach,2021-12-23 06:00:00,Akaroa,0.0,0.0,0.0,0.0,0.0,0.0,incoming,deep,stony,3,grass,1,0,0,0.0,0.0,2.17,2.49,2.6,0.43,2.07,11.6,30.5,45.1,321,-43.8129,172.9079,12,51,3,0,6,1,Alongshore,Alongshore,Alongshore,12.5,0.0
3384,Wainui Beach Wainui Beach,2021-12-30 11:00:00,Akaroa,0.0,0.0,0.0,0.0,0.0,5.0,incoming,deep,stony,3,grass,1,0,0,0.0,0.0,1.58,2.26,1.55,1.25,2.11,173.3,151.6,173.8,321,-43.8129,172.9079,12,52,3,0,11,1,Onshore,Onshore,Onshore,18.2,0.0
3385,Wainui Beach Wainui Beach,2022-01-07 06:00:00,Akaroa,0.0,0.0,0.0,0.0,0.4,0.4,incoming,deep,stony,3,grass,1,0,0,0.2,2.0,3.56,3.5,3.05,0.98,2.38,234.3,232.2,226.2,321,-43.8129,172.9079,1,1,4,0,6,0,Alongshore,Alongshore,Alongshore,18.2,0.0
3386,Wainui Beach Wainui Beach,2022-01-10 12:00:00,Akaroa,0.0,0.0,0.0,0.0,0.0,0.0,ebbing,deep,stony,3,grass,1,0,0,0.0,0.0,0.96,0.23,0.43,10.7,2.0,131.4,31.6,313.8,321,-43.8129,172.9079,1,2,0,0,12,0,Onshore,Alongshore,Offshore,66.2,0.0
3387,Wainui Beach Wainui Beach,2022-01-12 10:00:00,Akaroa,0.6,4.8,4.8,4.8,4.8,4.8,incoming,deep,stony,3,grass,1,0,0,2.0,4.0,0.81,1.74,1.1,1.37,1.92,164.6,160.3,144.4,321,-43.8129,172.9079,1,2,2,0,10,0,Onshore,Onshore,Onshore,70.2,0.0
3388,Wainui Beach Wainui Beach,2022-01-20 05:00:00,Akaroa,0.0,0.0,1.8,12.4,12.4,12.4,incoming,deep,stony,3,grass,1,0,0,2.0,13.0,2.93,2.95,2.21,0.72,2.14,226.0,229.9,225.0,321,-43.8129,172.9079,1,3,3,0,5,0,Alongshore,Alongshore,Alongshore,70.2,0.0
3389,Wainui Beach Wainui Beach,2022-01-24 10:00:00,Akaroa,0.0,0.0,0.0,0.0,0.4,0.4,ebbing,deep,stony,3,grass,1,0,0,0.2,2.0,1.75,1.48,1.42,10.7,1.98,50.0,43.2,26.6,321,-43.8129,172.9079,1,4,0,0,10,0,Alongshore,Alongshore,Alongshore,98.6,0.0
3390,Wainui Beach Wainui Beach,2022-01-26 09:00:00,Akaroa,5.4,5.4,5.4,5.4,5.4,5.4,incoming,deep,stony,3,grass,1,0,0,2.6,3.0,0.77,0.67,2.95,1.13,2.03,186.6,216.9,283.9,321,-43.8129,172.9079,1,4,2,0,9,0,Alongshore,Alongshore,Offshore,98.6,0.0
3391,Wainui Beach Wainui Beach,2022-02-01 14:00:00,Akaroa,0.0,0.0,0.0,0.0,0.0,0.0,incoming,deep,stony,3,grass,1,0,0,0.0,0.0,0.95,0.85,1.39,1.63,2.21,33.3,48.6,15.3,321,-43.8129,172.9079,2,5,1,0,14,1,Alongshore,Alongshore,Alongshore,50.6,0.0
3392,Wainui Beach Wainui Beach,2022-02-10 10:00:00,Akaroa,0.0,0.0,0.2,10.4,17.6,17.6,incoming,deep,stony,3,grass,1,0,0,2.4,15.0,0.47,0.42,0.34,1.08,1.83,96.1,44.8,319.7,321,-43.8129,172.9079,2,6,3,0,10,0,Onshore,Alongshore,Offshore,46.6,0.0
3393,Wainui Beach Wainui Beach,2022-02-15 16:00:00,Akaroa,0.0,0.0,0.0,0.0,0.0,22.2,ebbing,deep,stony,3,grass,1,0,0,0.0,0.0,0.4,0.68,0.7,11.0,2.14,113.1,123.1,43.2,321,-43.8129,172.9079,2,7,1,0,16,0,Onshore,Onshore,Alongshore,121.6,0.06666666666666667
3394,Wainui Beach Wainui Beach,2022-02-24 10:00:00,Akaroa,0.0,0.0,0.0,0.0,0.0,0.0,incoming,deep,stony,3,grass,1,0,0,0.0,0.0,2.29,1.81,1.33,0.07,2.0,39.9,36.6,33.1,321,-43.8129,172.9079,2,8,3,0,10,0,Alongshore,Alongshore,Alongshore,87.0,0.0625
3395,Wainui Beach Wainui Beach,2022-03-10 10:00:00,Akaroa,0.0,0.0,0.0,0.0,0.0,0.0,ebbing,deep,stony,3,grass,1,0,0,0.0,0.0,1.44,0.71,0.4,11.83,1.94,71.7,41.0,14.6,321,-43.8129,172.9079,3,10,3,0,10,0,Alongshore,Alongshore,Alongshore,87.0,0.058823529411764705
3396,Wainui Beach Wainui Beach,2022-11-17 09:00:00,Akaroa,0.0,0.0,0.0,0.0,0.0,0.0,incoming,deep,stony,3,grass,1,0,0,0.0,0.0,1.14,0.63,0.27,1.22,1.94,27.9,325.8,306.2,321,-43.8129,172.9079,11,46,3,0,9,0,Alongshore,Offshore,Offshore,,0.0
3397,Wainui Beach Wainui Beach,2022-12-01 09:00:00,Akaroa,0.0,0.0,0.0,0.0,0.8,0.8,incoming,deep,stony,3,grass,1,0,0,0.2,4.0,1.06,0.7,0.75,0.6,2.27,59.9,64.4,234.1,321,-43.8129,172.9079,12,48,3,0,9,0,Alongshore,Alongshore,Alongshore,10.0,0.0
3398,Wainui Beach Wainui Beach,2022-12-07 15:00:00,Akaroa,0.0,0.0,0.0,0.0,0.0,0.0,incoming,deep,stony,3,grass,1,0,0,0.0,0.0,2.75,2.5,2.37,0.28,1.98,27.7,30.3,34.3,321,-43.8129,172.9079,12,49,2,0,15,0,Alongshore,Alongshore,Alongshore,10.0,0.0
3399,Wainui Beach Wainui Beach,2022-12-15 07:00:00,Akaroa,0.0,0.0,0.0,0.0,0.0,0.0,incoming,deep,stony,3,grass,1,0,0,0.0,0.0,1.51,1.3,1.56,1.33,1.96,341.0,345.4,7.4,321,-43.8129,172.9079,12,50,3,0,7,0,Offshore,Offshore,Alongshore,10.0,0.0
3400,Wainui Beach Wainui Beach,2022-12-20 12:00:00,Akaroa,0.0,0.0,0.0,0.4,0.4,3.0,incoming,deep,stony,3,grass,1,0,0,0.2,2.0,1.57,0.67,0.03,1.13,2.01,330.5,79.7,84.8,321,-43.8129,172.9079,12,51,1,0,12,1,Offshore,Alongshore,Alongshore,10.0,0.0
3401,Wainui Beach Wainui Beach,2022-12-28 06:00:00,Akaroa,0.0,0.0,0.0,0.0,0.6,0.6,incoming,deep,stony,3,grass,1,0,0,0.6,1.0,1.89,2.23,2.13,1.68,2.42,19.5,11.7,8.4,321,-43.8129,172.9079,12,52,2,0,6,1,Alongshore,Alongshore,Alongshore,14.2,0.0
3402,Wainui Beach Wainui Beach,2023-01-10 05:00:00,Akaroa,0.0,0.0,0.0,0.0,0.0,0.0,incoming,deep,stony,3,grass,1,0,0,0.0,0.0,3.17,3.67,3.85,1.0,2.11,15.1,16.4,22.3,321,-43.8129,172.9079,1,2,1,0,5,0,Alongshore,Alongshore,Alongshore,16.2,0.0
3403,Wainui Beach Wainui Beach,2023-01-18 11:00:00,Akaroa,0.0,0.0,0.0,0.0,0.0,0.0,incoming,deep,stony,3,grass,1,0,0,0.0,0.0,1.98,1.61,1.51,1.43,1.97,34.0,21.1,29.6,321,-43.8129,172.9079,1,3,2,0,11,0,Alongshore,Alongshore,Alongshore,16.2,0.0
3404,Wainui Beach Wainui Beach,2023-01-27 10:00:00,Akaroa,2.2,2.6,2.6,2.6,2.6,2.6,ebbing,deep,stony,3,grass,1,0,0,1.4,3.0,1.97,2.95,2.59,11.1,2.16,150.2,149.5,155.2,321,-43.8129,172.9079,1,4,4,0,10,0,Onshore,Onshore,Onshore,16.2,0.0
3405,Wainui Beach Wainui Beach,2023-02-01 12:00:00,Akaroa,0.0,0.0,0.0,0.0,0.0,0.0,incoming,deep,stony,3,grass,1,0,0,0.0,0.0,2.24,2.08,2.05,0.37,1.85,20.0,21.0,19.9,321,-43.8129,172.9079,2,5,2,0,12,1,Alongshore,Alongshore,Alongshore,16.2,0.0
3406,Wainui Beach Wainui Beach,2023-02-15 10:00:00,Akaroa,20.8,43.8,60.6,119.4,125.8,126.0,incoming,deep,stony,3,grass,1,0,0,10.2,34.0,3.93,3.77,3.7,1.1,1.9,197.1,199.5,201.2,321,-43.8129,172.9079,2,7,2,0,10,0,Alongshore,Alongshore,Alongshore,12.0,0.0
3407,Wainui Beach Wainui Beach,2023-02-17 12:00:00,Akaroa,0.0,0.0,0.0,0.4,1.2,121.6,incoming,deep,stony,3,grass,1,0,0,0.4,4.0,1.49,0.31,0.34,0.53,2.03,146.0,155.9,235.2,321,-43.8129,172.9079,2,7,4,0,12,0,Onshore,Onshore,Alongshore,2008.0,0.08333333333333333
3408,Wainui Beach Wainui Beach,2023-02-20 14:00:00,Akaroa,0.0,0.0,0.0,0.0,0.0,0.0,incoming,deep,stony,3,grass,1,0,0,0.0,0.0,0.58,0.06,0.1,1.63,2.28,142.4,184.7,347.8,321,-43.8129,172.9079,2,8,0,0,14,0,Onshore,Onshore,Offshore,2008.0,0.07692307692307693
3409,Wainui Beach Wainui Beach,2023-03-01 10:00:00,Akaroa,0.0,0.0,0.0,0.0,0.0,0.0,incoming,deep,stony,3,grass,1,0,0,0.0,0.0,2.35,1.15,0.43,1.32,1.82,90.2,13.5,0.9,321,-43.8129,172.9079,3,9,2,0,10,0,Alongshore,Alongshore,Offshore,2016.4,0.07142857142857142
3410,Wainui Beach Wainui Beach,2023-03-06 16:00:00,Akaroa,0.0,0.0,0.0,0.0,25.8,30.0,ebbing,deep,stony,3,grass,1,0,0,6.4,11.0,0.63,0.41,0.39,11.78,2.12,173.8,139.6,99.5,321,-43.8129,172.9079,3,10,0,0,16,0,Onshore,Onshore,Onshore,2016.4,0.06666666666666667
3411,Wainui Beach Wainui Beach,2023-03-15 10:00:00,Akaroa,0.0,0.0,0.0,0.0,0.0,14.2,ebbing,deep,stony,3,grass,1,0,0,0.0,0.0,2.39,2.2,2.0,12.5,2.11,35.5,34.7,33.5,321,-43.8129,172.9079,3,11,2,0,10,0,Alongshore,Alongshore,Alongshore,2020.6,0.0625
3412,Wainui Beach Wainui Beach,2023-03-20 14:00:00,Akaroa,0.0,0.0,0.0,0.0,0.0,0.0,incoming,deep,stony,3,grass,1,0,0,0.0,0.0,3.58,4.06,4.53,0.62,2.24,328.9,347.4,354.4,321,-43.8129,172.9079,3,12,0,0,14,0,Offshore,Offshore,Offshore,22.6,0.058823529411764705
3413,Wainui Beach Wainui Beach,2023-06-01 11:00:00,Akaroa,0.0,0.0,0.0,0.0,0.0,0.0,incoming,deep,stony,3,grass,1,0,0,0.0,0.0,1.41,1.88,2.41,2.7,2.03,11.1,12.5,20.3,321,-43.8129,172.9079,6,22,3,0,11,1,Alongshore,Alongshore,Alongshore,24.6,0.05555555555555555
3414,Wainui Beach Wainui Beach,2023-06-20 15:00:00,Akaroa,0.0,0.0,0.0,1.0,15.4,22.8,incoming,deep,stony,3,grass,1,0,0,2.0,20.0,1.95,1.56,1.41,2.93,2.17,42.3,39.0,42.1,321,-43.8129,172.9079,6,25,1,0,15,0,Alongshore,Alongshore,Alongshore,16.2,0.05263157894736842
3415,Wainui Beach Wainui Beach,2023-07-06 12:00:00,Akaroa,0.0,0.0,0.0,0.0,0.0,0.0,incoming,deep,stony,3,grass,1,0,0,0.0,0.0,0.63,0.51,0.38,6.3,2.48,162.8,129.1,194.1,321,-43.8129,172.9079,7,27,3,0,12,0,Onshore,Onshore,Alongshore,16.2,0.05
3416,Wainui Beach Wainui Beach,2023-07-10 10:00:00,Akaroa,3.6,3.6,7.2,18.8,92.2,120.4,ebbing,deep,stony,3,grass,1,0,0,6.2,43.0,0.21,0.45,0.46,11.97,2.19,154.3,156.0,162.4,321,-43.8129,172.9079,7,28,0,0,10,0,Onshore,Onshore,Onshore,12.0,0.047619047619047616
3417,Wainui Beach Wainui Beach,2023-07-11 11:00:00,Akaroa,0.0,0.0,0.0,0.6,19.0,89.6,ebbing,deep,stony,3,grass,1,0,0,2.0,21.0,0.14,0.43,0.53,11.62,2.09,80.4,100.0,187.5,321,-43.8129,172.9079,7,28,1,0,11,0,Alongshore,Onshore,Alongshore,252.2,0.09090909090909091
3418,Wainui Beach Wainui Beach,2023-07-12 11:00:00,Akaroa,0.0,0.6,3.0,3.0,3.6,22.0,incoming,deep,stony,3,grass,1,0,0,1.4,5.0,0.78,0.77,1.13,0.27,2.12,104.6,136.5,156.2,321,-43.8129,172.9079,7,28,2,0,11,0,Onshore,Onshore,Onshore,285.6,0.08695652173913043
3419,Wainui Beach Wainui Beach,2023-10-06 10:00:00,Akaroa,0.0,0.0,0.0,0.0,0.0,0.0,ebbing,deep,stony,3,grass,1,0,0,0.0,0.0,2.1,1.52,1.17,11.43,1.85,33.7,17.4,14.4,321,-43.8129,172.9079,10,40,4,0,10,0,Alongshore,Alongshore,Alongshore,,0.0
3420,Wainui Beach Wainui Beach,2023-11-04 10:00:00,Akaroa,0.0,1.0,1.0,1.2,5.8,5.8,ebbing,deep,stony,3,grass,1,0,0,2.0,8.0,1.19,0.38,0.68,11.03,1.83,105.3,112.6,17.5,321,-43.8129,172.9079,11,44,5,1,10,0,Onshore,Onshore,Alongshore,10.0,0.0
3421,Wainui Beach Wainui Beach,2023-11-06 13:00:00,Akaroa,0.0,0.0,0.0,0.0,4.2,5.4,ebbing,deep,stony,3,grass,1,0,0,1.6,6.0,0.9,0.17,0.26,10.33,1.82,169.1,164.4,155.7,321,-43.8129,172.9079,11,45,0,0,13,0,Onshore,Onshore,Onshore,10.0,0.0
3422,Wainui Beach Wainui Beach,2023-11-21 10:00:00,Akaroa,0.0,0.0,0.0,0.0,0.6,0.6,incoming,deep,stony,3,grass,1,0,0,0.4,2.0,2.71,2.21,1.93,0.5,2.23,22.9,30.1,15.4,321,-43.8129,172.9079,11,47,1,0,10,0,Alongshore,Alongshore,Alongshore,10.0,0.0
3423,Wainui Beach Wainui Beach,2023-11-24 12:00:00,Akaroa,0.0,0.2,0.2,7.4,17.6,17.6,incoming,deep,stony,3,grass,1,0,0,3.0,13.0,2.94,2.39,2.26,0.68,2.22,172.0,177.2,195.4,321,-43.8129,172.9079,11,47,4,0,12,0,Onshore,Onshore,Alongshore,10.0,0.0
3424,Wainui Beach Wainui Beach,2023-12-05 09:00:00,Akaroa,0.0,0.0,0.0,0.0,0.0,0.0,incoming,deep,stony,3,grass,1,0,0,0.0,0.0,3.05,2.93,2.43,0.72,1.98,28.5,33.1,38.9,321,-43.8129,172.9079,12,49,1,0,9,0,Alongshore,Alongshore,Alongshore,20.6,0.0
3425,Wainui Beach Wainui Beach,2023-12-11 16:00:00,Akaroa,0.0,0.0,0.0,0.0,6.0,6.0,ebbing,deep,stony,3,grass,1,0,0,2.8,5.0,0.47,1.59,0.97,10.75,2.14,168.8,208.0,227.6,321,-43.8129,172.9079,12,50,0,0,16,0,Onshore,Alongshore,Alongshore,20.6,0.0
3426,Wainui Beach Wainui Beach,2023-12-19 08:00:00,Akaroa,0.0,0.0,0.0,0.0,0.4,1.4,incoming,deep,stony,3,grass,1,0,0,0.2,2.0,2.64,2.04,1.4,1.25,2.29,0.5,7.7,2.6,321,-43.8129,172.9079,12,51,1,0,8,0,Offshore,Alongshore,Offshore,20.6,0.0
3427,Wainui Beach Wainui Beach,2023-12-27 16:00:00,Akaroa,0.0,0.0,0.0,0.0,16.4,16.4,ebbing,deep,stony,3,grass,1,0,0,12.6,6.0,0.96,0.91,1.2,12.1,2.25,57.8,71.2,62.2,321,-43.8129,172.9079,12,52,2,0,16,1,Alongshore,Alongshore,Alongshore,20.6,0.0
3428,Wainui Beach Wainui Beach,2024-01-03 10:00:00,Akaroa,0.0,0.0,0.0,0.0,0.0,3.8,ebbing,deep,stony,3,grass,1,0,0,0.0,0.0,1.96,1.27,0.76,11.38,1.81,72.5,39.4,35.4,321,-43.8129,172.9079,1,1,2,0,10,1,Alongshore,Alongshore,Alongshore,35.4,0.0
3429,Wainui Beach Wainui Beach,2024-01-08 15:00:00,Akaroa,0.0,0.0,0.0,0.0,0.0,0.2,ebbing,deep,stony,3,grass,1,0,0,0.0,0.0,0.56,0.94,1.42,10.6,2.1,69.6,79.2,45.7,321,-43.8129,172.9079,1,2,0,0,15,0,Alongshore,Alongshore,Alongshore,24.8,0.0
3430,Wainui Beach Wainui Beach,2024-01-16 10:00:00,Akaroa,0.0,0.0,0.0,0.0,2.0,2.0,ebbing,deep,stony,3,grass,1,0,0,1.2,3.0,2.53,2.14,1.76,10.42,2.18,29.9,25.7,9.8,321,-43.8129,172.9079,1,3,1,0,10,0,Alongshore,Alongshore,Alongshore,24.8,0.0
3431,Wainui Beach Wainui Beach,2024-01-22 12:00:00,Akaroa,0.0,0.0,0.0,0.2,0.2,0.2,incoming,deep,stony,3,grass,1,0,0,0.2,1.0,2.22,1.25,0.79,1.42,1.93,83.6,19.7,12.6,321,-43.8129,172.9079,1,4,0,0,12,0,Alongshore,Alongshore,Alongshore,26.8,0.0
3432,Wainui Beach Wainui Beach,2024-01-23 14:00:00,Akaroa,0.6,5.6,6.8,11.8,12.0,12.0,ebbing,deep,stony,3,grass,1,0,0,3.2,17.0,2.09,1.69,1.51,12.07,2.19,183.0,192.1,198.4,321,-43.8129,172.9079,1,4,1,0,14,0,Onshore,Alongshore,Alongshore,26.8,0.0
3433,Wainui Beach Wainui Beach,2024-01-24 15:00:00,Akaroa,0.0,0.0,0.0,0.0,11.8,12.0,ebbing,deep,stony,3,grass,1,0,0,3.2,16.0,1.42,1.12,1.14,12.32,2.2,68.6,81.6,54.6,321,-43.8129,172.9079,1,4,2,0,15,0,Alongshore,Alongshore,Alongshore,128.8,0.06666666666666667
3434,Wainui Beach Wainui Beach,2024-01-31 06:00:00,Akaroa,0.0,0.0,0.0,0.0,0.0,0.4,incoming,deep,stony,3,grass,1,0,0,0.0,0.0,2.38,2.9,3.08,1.17,1.98,351.1,358.5,5.9,321,-43.8129,172.9079,1,5,2,0,6,1,Offshore,Offshore,Offshore,139.4,0.0625
3435,Wainui Beach Wainui Beach,2024-02-05 10:00:00,Akaroa,0.0,0.0,0.0,0.0,0.0,0.0,incoming,deep,stony,3,grass,1,0,0,0.0,0.0,2.45,0.66,0.37,2.0,1.79,67.9,15.8,349.1,321,-43.8129,172.9079,2,6,0,0,10,1,Alongshore,Alongshore,Offshore,139.4,0.058823529411764705
3436,Wainui Beach Wainui Beach,2024-02-11 15:00:00,Akaroa,0.0,0.0,0.0,0.8,13.0,13.0,incoming,deep,stony,3,grass,1,0,0,3.6,12.0,1.02,0.28,0.51,1.52,2.28,184.4,192.5,221.3,321,-43.8129,172.9079,2,6,6,1,15,0,Onshore,Alongshore,Alongshore,137.4,0.05555555555555555
3437,Wainui Beach Wainui Beach,2024-02-13 06:00:00,Akaroa,0.0,0.0,0.0,0.0,0.0,9.0,incoming,deep,stony,3,grass,1,0,0,0.0,0.0,2.15,1.88,2.08,0.57,2.47,336.9,353.4,15.6,321,-43.8129,172.9079,2,7,1,0,6,0,Offshore,Offshore,Alongshore,190.4,0.05263157894736842
3438,Wainui Beach Wainui Beach,2024-02-20 12:00:00,Akaroa,0.0,0.0,0.0,9.4,10.8,10.8,incoming,deep,stony,3,grass,1,0,0,4.2,6.0,1.08,0.19,0.12,0.9,1.87,20.2,129.7,236.9,321,-43.8129,172.9079,2,8,1,0,12,0,Alongshore,Onshore,Alongshore,73.6,0.05
3439,Wainui Beach Wainui Beach,2024-02-21 14:00:00,Akaroa,0.0,0.0,0.0,0.0,6.2,10.8,ebbing,deep,stony,3,grass,1,0,0,4.2,2.0,0.23,0.17,0.13,11.75,2.14,306.3,93.3,310.8,321,-43.8129,172.9079,2,8,2,0,14,0,Offshore,Alongshore,Offshore,135.6,0.09523809523809523
3440,Wainui Beach Wainui Beach,2024-03-05 13:00:00,Akaroa,0.8,1.0,1.0,5.8,5.8,6.0,ebbing,deep,stony,3,grass,1,0,0,2.8,8.0,4.7,4.93,4.52,11.08,2.08,206.1,207.7,212.3,321,-43.8129,172.9079,3,10,1,0,13,0,Alongshore,Alongshore,Alongshore,135.6,0.09090909090909091
3441,Wainui Beach Wainui Beach,2024-03-07 14:00:00,Akaroa,0.0,0.0,0.0,0.0,0.0,5.8,ebbing,deep,stony,3,grass,1,0,0,0.0,0.0,0.73,1.17,2.48,11.83,2.32,208.6,215.7,317.2,321,-43.8129,172.9079,3,10,3,0,14,0,Alongshore,Alongshore,Offshore,175.8,0.08695652173913043
3442,Wainui Beach Wainui Beach,2024-03-15 08:00:00,Akaroa,0.0,3.2,10.2,10.2,10.2,10.2,incoming,deep,stony,3,grass,1,0,0,2.8,6.0,2.81,3.0,3.18,0.08,2.17,206.7,204.5,197.1,321,-43.8129,172.9079,3,11,4,0,8,0,Alongshore,Alongshore,Alongshore,122.8,0.08333333333333333
3443,Wainui Beach Wainui Beach,2024-03-20 11:00:00,Akaroa,0.0,0.0,0.0,0.0,0.0,3.4,incoming,deep,stony,3,grass,1,0,0,0.0,0.0,3.3,3.47,3.19,2.02,1.86,27.9,25.3,24.0,321,-43.8129,172.9079,3,12,2,0,11,0,Alongshore,Alongshore,Alongshore,122.8,0.08
3444,Wainui Beach Wainui Beach,2024-03-25 16:00:00,Akaroa,0.0,0.0,0.0,0.0,0.0,0.0,ebbing,deep,stony,3,grass,1,0,0,0.0,0.0,1.19,0.79,0.87,11.98,2.05,107.8,99.5,350.4,321,-43.8129,172.9079,3,13,0,0,16,0,Onshore,Onshore,Offshore,50.2,0.07692307692307693
3445,Wainui Beach Wainui Beach,2024-04-12 17:00:00,Akaroa,0.0,0.4,0.6,1.0,16.6,16.6,incoming,deep,stony,3,grass,1,0,0,4.2,13.0,1.64,0.89,0.19,2.17,2.32,175.8,202.5,211.7,321,-43.8129,172.9079,4,15,4,0,17,0,Onshore,Alongshore,Alongshore,50.2,0.07407407407407407
3446,Wainui Beach Wainui Beach,2024-04-14 09:00:00,Akaroa,0.0,0.0,0.0,0.2,1.6,14.6,ebbing,deep,stony,3,grass,1,0,0,0.2,8.0,0.99,0.33,0.21,12.1,2.17,134.3,234.6,240.0,321,-43.8129,172.9079,4,15,6,1,9,1,Onshore,Alongshore,Alongshore,24.8,0.07142857142857142
3447,Wainui Beach Wainui Beach,2024-05-02 10:00:00,Akaroa,0.0,0.0,0.0,4.6,16.0,16.0,incoming,deep,stony,3,grass,1,0,0,2.8,16.0,0.87,0.17,0.09,0.13,1.93,186.1,80.4,263.3,321,-43.8129,172.9079,5,18,3,0,10,0,Alongshore,Alongshore,Alongshore,31.0,0.06896551724137931
3448,Wainui Beach Wainui Beach,2024-05-21 14:00:00,Akaroa,0.8,1.6,2.0,9.6,12.2,12.2,incoming,deep,stony,3,grass,1,0,0,1.6,23.0,0.81,0.7,1.28,0.68,2.0,204.3,180.6,159.8,321,-43.8129,172.9079,5,21,1,0,14,0,Alongshore,Onshore,Onshore,41.4,0.06666666666666667
3449,Wainui Beach Wainui Beach,2024-06-15 11:00:00,Akaroa,0.0,0.0,0.0,17.2,45.0,45.0,ebbing,deep,stony,3,grass,1,0,0,6.4,18.0,0.33,0.71,0.84,11.63,1.92,96.7,104.1,88.0,321,-43.8129,172.9079,6,24,5,1,11,0,Onshore,Onshore,Alongshore,41.4,0.06451612903225806
3450,Wainui Beach Wainui Beach,2024-07-03 11:00:00,Akaroa,0.2,1.4,3.2,7.0,34.0,35.8,incoming,deep,stony,3,grass,1,0,0,3.4,39.0,2.91,2.47,2.59,2.18,2.25,204.5,205.3,212.2,321,-43.8129,172.9079,7,27,2,0,11,0,Alongshore,Alongshore,Alongshore,87.0,0.0625
3451,Wainui Beach Wainui Beach,2024-07-16 11:00:00,Akaroa,0.0,0.0,0.2,8.8,17.4,17.6,incoming,deep,stony,3,grass,1,0,0,2.4,22.0,0.24,0.16,0.16,1.13,1.89,100.4,63.1,344.7,321,-43.8129,172.9079,7,29,1,0,11,0,Onshore,Alongshore,Offshore,82.8,0.06060606060606061
3452,Wainui Beach Wainui Beach,2024-07-31 11:00:00,Akaroa,1.0,2.0,4.4,18.4,106.0,107.8,incoming,deep,stony,3,grass,1,0,0,12.0,38.0,0.7,0.37,0.54,1.08,2.18,43.2,58.0,127.4,321,-43.8129,172.9079,7,31,2,0,11,0,Alongshore,Alongshore,Onshore,78.6,0.058823529411764705
3453,Wainui Beach Wainui Beach,2024-09-17 14:00:00,Akaroa,0.0,1.0,1.6,19.2,19.4,19.4,incoming,deep,stony,3,grass,1,0,0,5.6,12.0,2.96,1.92,1.38,0.23,2.43,192.1,202.6,216.6,321,-43.8129,172.9079,9,38,1,0,14,0,Alongshore,Alongshore,Alongshore,92.6,0.05714285714285714
