,SITE_NAME,DateTime,Harbour,3H,6H,12H,24H,48H,72H,tidal_state,Shallowness,Soil_type,Catchment_slope,Landcover_catchment,watercraft_use,sewage_discharge_beach,high_intensity_agri_beach,rain_intensity_48h,rain_duration_48h,wind_speed_12h,wind_speed_6h,wind_speed_3h,hours_to_high_tide,high_tide_height,wind_direction_3h,wind_direction_6h,wind_direction_12h,beach_orientation_angle,Latitude,Longitude,MONTH,WEEK,DAY_OF_WEEK,WEEKEND,TIME_OF_DAY,HOLIDAY_FLAG,wind_shore_3h,wind_shore_6h,wind_shore_12h,Site_Season_Average,Site_Historical_Exceedance_Rate
0,Akaroa at main beach,2013-11-13 11:00:00,Akaroa,0.0,0.0,0.0,0.0,0.0,0.0,incoming,medium,sandy,3,urban,1,0,0,0.0,0.0,1.417821534,2.756781406,4.62895342,-1.1,2.6,17.70475301,21.24755717,38.78295061,170,-43.805736,172.966301,11,46,2,0,11,0,Onshore,Onshore,Alongshore,,0.0
1,Akaroa at main beach,2013-11-26 09:00:00,Akaroa,0.0,0.2,0.6,7.4,7.4,7.4,incoming,medium,sandy,3,urban,1,0,0,2.0,10.0,1.206010474,1.540311109,1.810470418,-1.1,2.1,175.8988372,171.7281582,163.3840695,170,-43.805736,172.966301,11,48,1,0,9,0,Offshore,Offshore,Offshore,5.0,0.0
2,Akaroa at main beach,2013-12-05 06:00:00,Akaroa,0.0,0.0,0.0,0.0,0.0,0.0,ebbing,medium,sandy,3,urban,1,0,0,0.0,0.0,0.61084878,0.884422857,0.6922909,1.1,2.8,166.6217044,162.3059896,138.454703,170,-43.805736,172.966301,12,49,3,0,6,0,Offshore,Offshore,Offshore,7.5,0.0
3,Akaroa at main beach,2013-12-10 09:00:00,Akaroa,0.2,0.8,0.8,0.8,1.0,1.0,incoming,medium,sandy,3,urban,1,0,0,0.4,4.0,0.624194088,0.395399404,1.049552136,-1.2,2.6,317.4094903,52.67292855,122.5168105,170,-43.805736,172.966301,12,50,1,0,9,0,Onshore,Alongshore,Alongshore,22.333333333333332,0.0
4,Akaroa at main beach,2013-12-17 14:00:00,Akaroa,0.6,0.6,13.6,14.0,14.0,14.0,incoming,medium,sandy,3,urban,1,0,0,10.0,7.0,4.432433428,3.847285215,3.680771601,-2.0,2.4,227.86025,207.1652214,163.5176482,170,-43.805736,172.966301,12,51,1,0,14,0,Alongshore,Offshore,Offshore,18.0,0.0
5,Akaroa at main beach,2013-12-22 08:00:00,Akaroa,1.6,13.2,21.2,23.4,23.4,23.4,ebbing,medium,sandy,3,urban,1,0,0,4.8,14.0,4.008016583,4.25514432,3.789033437,1.4,2.3,191.6347794,201.1157393,206.3247052,170,-43.805736,172.966301,12,51,6,1,8,1,Offshore,Offshore,Offshore,16.4,0.0
6,Akaroa at main beach,2014-01-07 10:00:00,Akaroa,0.0,0.0,0.0,0.0,1.4,1.6,ebbing,medium,sandy,3,urban,1,0,0,1.0,2.0,1.072706201,0.762569643,0.964942346,1.3,2.7,281.5706526,152.7511631,137.1458556,170,-43.805736,172.966301,1,2,1,0,10,0,Alongshore,Offshore,Offshore,32.4,0.0
7,Akaroa at main beach,2014-01-09 11:00:00,Akaroa,0.0,0.2,0.6,0.6,0.6,0.6,ebbing,medium,sandy,3,urban,1,0,0,0.4,2.0,8.753881364,8.66671103,8.795319086,0.6,2.5,225.7123739,222.6909332,219.4318518,170,-43.805736,172.966301,1,2,3,0,11,0,Alongshore,Alongshore,Alongshore,59.6,0.0
8,Akaroa at main beach,2014-01-14 14:00:00,Akaroa,0.0,0.0,0.0,0.0,0.2,0.2,incoming,medium,sandy,3,urban,1,0,0,0.2,1.0,1.583281671,3.601369139,7.441166574,-1.1,2.3,158.0082926,171.8781587,177.9031992,170,-43.805736,172.966301,1,3,1,0,14,0,Offshore,Offshore,Offshore,50.2,0.0
9,Akaroa at main beach,2014-01-21 09:00:00,Akaroa,0.6,0.6,0.6,0.6,0.6,0.6,ebbing,medium,sandy,3,urban,1,0,0,0.2,3.0,2.753778974,3.073295401,2.743584353,1.8,2.3,56.67326184,58.82416892,66.03076151,170,-43.805736,172.966301,1,4,1,0,9,0,Alongshore,Alongshore,Alongshore,50.2,0.0
10,Akaroa at main beach,2014-01-29 14:00:00,Akaroa,0.0,0.0,0.0,0.0,0.0,17.0,incoming,medium,sandy,3,urban,1,0,0,0.0,0.0,2.555030488,5.583460197,6.797899191,0.0,2.6,356.9706852,356.0900047,352.1245001,170,-43.805736,172.966301,1,5,2,0,14,0,Onshore,Onshore,Onshore,49.2,0.0
11,Akaroa at main beach,2014-02-04 08:00:00,Akaroa,0.0,0.0,0.0,0.0,0.0,0.8,ebbing,medium,sandy,3,urban,1,0,0,0.0,0.0,0.975286931,1.129639593,1.161899243,1.2,2.7,80.33609971,103.899489,114.5794253,170,-43.805736,172.966301,2,6,1,0,8,1,Alongshore,Alongshore,Alongshore,33.2,0.0
12,Akaroa at main beach,2014-02-11 13:00:00,Akaroa,0.0,0.0,0.0,0.0,0.0,1.8,incoming,medium,sandy,3,urban,1,0,0,0.0,0.0,1.202676779,2.553521386,3.498339767,-0.5,2.2,286.2382026,302.1560273,317.5821801,170,-43.805736,172.966301,2,7,1,0,13,0,Alongshore,Alongshore,Onshore,5.0,0.0
13,Akaroa at main beach,2014-02-18 08:00:00,Akaroa,0.0,0.0,0.0,0.0,0.0,0.0,ebbing,medium,sandy,3,urban,1,0,0,0.0,0.0,5.204210449,5.324562436,6.510393285,2.1,2.3,351.766249,9.363170154,12.80444763,170,-43.805736,172.966301,2,8,1,0,8,0,Onshore,Onshore,Onshore,5.0,0.0
14,Akaroa at main beach,2014-02-25 13:00:00,Akaroa,0.0,0.0,0.0,0.0,4.8,20.8,ebbing,medium,sandy,3,urban,1,0,0,1.6,5.0,0.797412078,1.021678321,1.072856538,0.6,2.4,339.0779484,11.72962542,39.67866544,170,-43.805736,172.966301,2,9,1,0,13,0,Onshore,Onshore,Alongshore,5.0,0.0
15,Akaroa at main beach,2014-03-10 09:00:00,Akaroa,0.0,0.0,0.0,0.0,0.0,0.0,incoming,medium,sandy,3,urban,1,0,0,0.0,0.0,1.238160471,0.959219089,1.638587727,-1.9,2.2,62.70742993,111.1379532,128.9364845,170,-43.805736,172.966301,3,11,0,0,9,0,Alongshore,Alongshore,Offshore,5.0,0.0
16,Akaroa at main beach,2014-11-19 12:00:00,Akaroa,0.0,0.0,0.0,0.0,0.0,0.0,incoming,medium,sandy,3,urban,1,0,0,0.0,0.0,4.959354118,6.061341621,7.031429945,-1.6,2.2,273.3709432,296.7584159,306.0119174,170,-43.805736,172.966301,11,47,2,0,12,0,Alongshore,Alongshore,Onshore,,0.0
17,Akaroa at main beach,2014-11-25 17:00:00,Akaroa,0.0,0.2,0.2,0.2,0.2,9.0,incoming,medium,sandy,3,urban,1,0,0,0.2,1.0,1.834984011,2.136863169,2.761497963,-1.1,2.5,317.8375349,333.7036844,322.3251006,170,-43.805736,172.966301,11,48,1,0,17,0,Onshore,Onshore,Onshore,5.0,0.0
18,Akaroa at main beach,2014-12-09 08:00:00,Akaroa,0.0,0.0,0.0,0.0,0.0,0.0,ebbing,medium,sandy,3,urban,1,0,0,0.0,0.0,1.80204223,1.330813467,1.171406198,2.1,2.6,78.57187251,78.17351256,51.726388,170,-43.805736,172.966301,12,50,1,0,8,0,Alongshore,Alongshore,Alongshore,5.0,0.0
19,Akaroa at main beach,2014-12-16 12:00:00,Akaroa,0.0,0.0,0.0,0.0,0.0,0.0,ebbing,medium,sandy,3,urban,1,0,0,0.0,0.0,1.212063286,3.127064833,5.011554268,1.2,2.1,331.3910654,335.9670509,348.0457167,170,-43.805736,172.966301,12,51,1,0,12,0,Onshore,Onshore,Onshore,5.0,0.0
20,Akaroa at main beach,2014-12-21 13:00:00,Akaroa,0.0,0.0,0.0,0.2,0.2,0.6,incoming,medium,sandy,3,urban,1,0,0,0.2,1.0,3.113730736,5.063515896,6.050539513,-1.8,2.4,224.32233,219.9476595,213.7154229,170,-43.805736,172.966301,12,51,6,1,13,1,Alongshore,Alongshore,Offshore,5.0,0.0
21,Akaroa at main beach,2014-12-30 11:00:00,Akaroa,0.0,0.0,0.0,0.0,0.0,0.2,ebbing,medium,sandy,3,urban,1,0,0,0.0,0.0,2.396808579,2.574596386,4.613217878,0.3,2.6,341.4237283,359.7139822,4.297470265,170,-43.805736,172.966301,12,1,1,0,11,1,Onshore,Onshore,Onshore,5.0,0.0
22,Akaroa at main beach,2015-01-05 16:00:00,Akaroa,0.0,0.0,0.0,0.0,0.0,0.0,incoming,medium,sandy,3,urban,1,0,0,0.0,0.0,1.68639714,1.839246241,2.921063999,-0.5,2.5,66.74410635,29.66910245,135.2828394,170,-43.805736,172.966301,1,2,0,0,16,1,Alongshore,Onshore,Offshore,5.0,0.0
23,Akaroa at main beach,2015-01-13 09:00:00,Akaroa,0.0,0.0,0.0,0.0,0.0,0.0,incoming,medium,sandy,3,urban,1,0,0,0.0,0.0,0.715227902,0.202022292,1.573621613,-0.8,2.1,311.4687976,292.8707037,110.3843899,170,-43.805736,172.966301,1,3,1,0,9,0,Onshore,Alongshore,Alongshore,5.0,0.0
24,Akaroa at main beach,2015-01-20 14:00:00,Akaroa,0.0,0.0,0.4,0.4,0.4,0.4,incoming,medium,sandy,3,urban,1,0,0,0.4,1.0,4.288167369,5.479167502,6.246643667,-1.8,2.6,226.5210764,221.7024939,218.6695014,170,-43.805736,172.966301,1,4,1,0,14,0,Alongshore,Alongshore,Alongshore,10.2,0.0
25,Akaroa at main beach,2015-01-27 09:00:00,Akaroa,0.0,0.0,0.0,0.0,0.0,0.0,incoming,medium,sandy,3,urban,1,0,0,0.0,0.0,1.1057732,1.32590314,1.433613411,-0.2,2.6,32.75620262,67.65957617,67.6423404,170,-43.805736,172.966301,1,5,1,0,9,0,Onshore,Alongshore,Alongshore,10.2,0.0
26,Akaroa at main beach,2015-02-03 14:00:00,Akaroa,1.2,2.6,2.6,2.6,2.6,3.6,incoming,medium,sandy,3,urban,1,0,0,1.4,3.0,4.413564619,4.837481807,4.640447924,-1.5,2.4,213.5078319,210.1907695,219.3064822,170,-43.805736,172.966301,2,6,1,0,14,1,Offshore,Offshore,Alongshore,10.2,0.0
27,Akaroa at main beach,2015-02-10 08:00:00,Akaroa,0.0,0.2,0.2,1.6,1.6,1.6,incoming,medium,sandy,3,urban,1,0,0,0.8,4.0,2.084288622,1.576129445,1.515760889,-0.2,2.2,174.5894936,176.0780466,186.942341,170,-43.805736,172.966301,2,7,1,0,8,0,Offshore,Offshore,Offshore,17.4,0.0
28,Akaroa at main beach,2015-02-17 14:00:00,Akaroa,0.0,0.0,0.0,0.0,0.0,0.0,ebbing,medium,sandy,3,urban,1,0,0,0.0,0.0,1.795953929,4.040406003,5.334366751,0.3,2.5,320.7925639,309.844236,316.1992189,170,-43.805736,172.966301,2,8,1,0,14,0,Onshore,Onshore,Onshore,17.4,0.0
29,Akaroa at main beach,2015-02-24 08:00:00,Akaroa,0.0,0.0,0.0,1.6,1.8,1.8,incoming,medium,sandy,3,urban,1,0,0,1.6,2.0,4.433590482,3.772939921,3.804321767,-0.1,2.6,26.60071364,35.70852992,33.99658525,170,-43.805736,172.966301,2,9,1,0,8,0,Onshore,Alongshore,Onshore,12.2,0.0
30,Akaroa at main beach,2015-02-26 10:00:00,Akaroa,0.0,0.0,0.0,0.0,0.0,1.6,incoming,medium,sandy,3,urban,1,0,0,0.0,0.0,3.398600857,2.641227734,2.408345841,-0.3,2.5,193.7268622,190.2969629,205.9151223,170,-43.805736,172.966301,2,9,3,0,10,0,Offshore,Offshore,Offshore,42.8,0.0
31,Akaroa at main beach,2015-03-03 13:00:00,Akaroa,0.0,0.0,0.6,0.6,0.6,0.6,incoming,medium,sandy,3,urban,1,0,0,0.6,1.0,0.645621529,2.563627319,3.427480619,-1.8,2.3,305.5101673,309.6260384,295.682293,170,-43.805736,172.966301,3,10,1,0,13,0,Onshore,Onshore,Alongshore,42.8,0.0
32,Akaroa at main beach,2015-11-18 12:00:00,Akaroa,0.2,0.2,3.0,3.0,3.0,3.0,ebbing,medium,sandy,3,urban,1,0,0,1.4,4.0,7.431829425,11.12362278,10.92236278,3.5,2.5,221.6678927,221.1024144,216.72037,170,-43.805736,172.966301,11,47,2,0,12,0,Alongshore,Alongshore,Alongshore,,0.0
33,Akaroa at main beach,2015-11-24 13:00:00,Akaroa,0.0,0.0,0.0,0.0,0.0,0.2,incoming,medium,sandy,3,urban,1,0,0,0.0,0.0,6.856507605,7.705628448,7.980954364,-1.0,2.7,356.7532011,0.159066447,358.2578302,170,-43.805736,172.966301,11,48,1,0,13,0,Onshore,Onshore,Onshore,5.0,0.0
34,Akaroa at main beach,2015-12-01 08:00:00,Akaroa,0.0,0.0,0.0,0.0,0.2,0.2,ebbing,medium,sandy,3,urban,1,0,0,0.2,1.0,1.763533346,0.593024181,0.692173223,0.5,2.6,8.812067689,53.42530863,21.61499627,170,-43.805736,172.966301,12,49,1,0,8,0,Onshore,Alongshore,Onshore,5.0,0.0
35,Akaroa at main beach,2015-12-08 13:00:00,Akaroa,0.0,0.0,0.0,1.0,1.0,3.6,incoming,medium,sandy,3,urban,1,0,0,1.0,1.0,1.771761471,4.230651337,6.295920029,-0.4,2.1,239.3546866,244.6482014,226.7710971,170,-43.805736,172.966301,12,50,1,0,13,0,Alongshore,Alongshore,Alongshore,6.666666666666667,0.0
36,Akaroa at main beach,2015-12-15 07:00:00,Akaroa,0.0,0.0,0.0,0.0,12.6,12.6,ebbing,medium,sandy,3,urban,1,0,0,5.4,5.0,0.709420957,0.424271116,0.493280674,0.6,2.5,356.6230268,117.175021,73.00694269,170,-43.805736,172.966301,12,51,1,0,7,0,Onshore,Alongshore,Alongshore,6.25,0.0
37,Akaroa at main beach,2015-12-22 12:00:00,Akaroa,0.0,0.0,0.2,0.2,0.2,0.2,incoming,medium,sandy,3,urban,1,0,0,0.2,1.0,2.944979171,5.886985278,3.110073556,-1.2,2.6,177.3916311,145.8746486,133.112016,170,-43.805736,172.966301,12,52,1,0,12,1,Offshore,Offshore,Offshore,6.0,0.0
38,Akaroa at main beach,2015-12-29 07:00:00,Akaroa,0.0,0.0,0.0,0.0,0.0,0.0,ebbing,medium,sandy,3,urban,1,0,0,0.0,0.0,1.372604197,1.383771828,1.324569001,0.7,2.6,170.0,151.606103,78.62594101,170,-43.805736,172.966301,12,53,1,0,7,1,Offshore,Offshore,Alongshore,6.0,0.0
39,Akaroa at main beach,2016-01-06 12:00:00,Akaroa,0.0,0.0,0.0,0.0,0.0,23.0,incoming,medium,sandy,3,urban,1,0,0,0.0,0.0,1.607290977,3.148440434,4.682344636,-1.2,2.1,7.441705173,13.09580278,35.59964943,170,-43.805736,172.966301,1,1,2,0,12,0,Onshore,Onshore,Alongshore,6.0,0.0
40,Akaroa at main beach,2016-01-12 06:00:00,Akaroa,0.0,0.0,0.0,0.0,0.0,0.0,ebbing,medium,sandy,3,urban,1,0,0,0.0,0.0,1.509741261,1.216985226,1.238942978,1.2,2.6,175.4277373,157.4703652,57.22728439,170,-43.805736,172.966301,1,2,1,0,6,0,Offshore,Offshore,Alongshore,5.0,0.0
41,Akaroa at main beach,2016-01-19 11:00:00,Akaroa,0.0,1.8,5.4,5.6,7.8,7.8,incoming,medium,sandy,3,urban,1,0,0,1.8,10.0,0.690645762,1.263694749,1.711635803,-1.1,2.6,3.421719296,2.858081822,36.13506862,170,-43.805736,172.966301,1,3,1,0,11,0,Onshore,Onshore,Alongshore,5.0,0.0
42,Akaroa at main beach,2016-01-26 06:00:00,Akaroa,0.2,0.2,0.2,0.2,0.2,0.2,ebbing,medium,sandy,3,urban,1,0,0,0.2,1.0,1.977404032,2.22606711,2.277021959,0.8,2.6,81.81815738,32.53695071,44.18414222,170,-43.805736,172.966301,1,4,1,0,6,0,Alongshore,Onshore,Alongshore,10.2,0.0
43,Akaroa at main beach,2016-02-01 10:00:00,Akaroa,0.0,0.0,0.0,0.0,0.0,0.0,incoming,medium,sandy,3,urban,1,0,0,0.0,0.0,0.506278708,0.158688365,1.290904458,-0.3,2.1,278.2258947,227.4356592,101.2691721,170,-43.805736,172.966301,2,5,0,0,10,1,Alongshore,Alongshore,Alongshore,10.2,0.0
44,Akaroa at main beach,2016-02-10 05:00:00,Akaroa,0.0,0.0,0.0,0.0,0.0,0.0,ebbing,medium,sandy,3,urban,1,0,0,0.0,0.0,2.055660622,1.38047515,1.143950217,0.6,2.7,109.9895759,106.7938178,185.1458795,170,-43.805736,172.966301,2,6,2,0,5,0,Alongshore,Alongshore,Offshore,11.2,0.0
45,Akaroa at main beach,2016-02-16 10:00:00,Akaroa,0.0,0.0,0.0,0.0,0.0,0.0,incoming,medium,sandy,3,urban,1,0,0,0.0,0.0,0.918456601,1.232160429,1.41388324,-0.6,2.6,243.2283713,210.8632729,215.2086697,170,-43.805736,172.966301,2,7,1,0,10,0,Alongshore,Offshore,Alongshore,11.2,0.0
46,Akaroa at main beach,2016-02-23 15:00:00,Akaroa,0.0,0.0,0.0,0.0,0.0,0.0,incoming,medium,sandy,3,urban,1,0,0,0.0,0.0,1.601591409,3.293034456,4.230380029,-2.0,2.5,283.7473614,284.506287,272.5725812,170,-43.805736,172.966301,2,8,1,0,15,0,Alongshore,Alongshore,Alongshore,11.2,0.0
47,Akaroa at main beach,2016-11-22 10:00:00,Akaroa,0.0,0.0,0.0,0.0,0.0,0.0,incoming,medium,sandy,3,urban,1,0,0,0.0,0.0,0.625605072,0.645245382,2.255515242,-0.4,2.5,332.6559408,347.3623299,81.07001189,170,-43.805736,172.966301,11,47,1,0,10,0,Onshore,Onshore,Alongshore,,0.0
48,Akaroa at main beach,2016-11-29 14:00:00,Akaroa,0.0,0.0,0.0,0.0,1.2,1.2,incoming,medium,sandy,3,urban,1,0,0,0.8,3.0,3.611339281,7.250906351,8.154789619,-2.1,2.3,324.4462738,337.2456814,353.1243183,170,-43.805736,172.966301,11,48,1,0,14,0,Onshore,Onshore,Onshore,5.0,0.0
49,Akaroa at main beach,2016-12-06 08:00:00,Akaroa,0.0,0.0,0.0,0.0,0.0,0.0,incoming,medium,sandy,3,urban,1,0,0,0.0,0.0,1.48280341,1.680757975,1.606699085,-0.3,2.4,116.0712008,119.7429394,80.32567912,170,-43.805736,172.966301,12,49,1,0,8,0,Alongshore,Alongshore,Alongshore,5.0,0.0
50,Akaroa at main beach,2016-12-13 13:00:00,Akaroa,0.0,0.0,0.0,1.2,17.2,43.0,incoming,medium,sandy,3,urban,1,0,0,3.8,13.0,1.419354104,2.445216741,2.401167848,-1.9,2.7,337.9298048,321.9957978,254.7779263,170,-43.805736,172.966301,12,50,1,0,13,0,Onshore,Onshore,Alongshore,5.0,0.0
51,Akaroa at main beach,2016-12-20 09:00:00,Akaroa,0.0,0.0,0.0,0.0,0.0,0.0,ebbing,medium,sandy,3,urban,1,0,0,0.0,0.0,0.834836349,0.437695999,1.39739972,0.6,2.5,317.1170474,180.4495657,164.4266055,170,-43.805736,172.966301,12,51,1,0,9,1,Onshore,Offshore,Offshore,5.0,0.0
52,Akaroa at main beach,2016-12-28 12:00:00,Akaroa,0.0,0.0,0.0,0.0,0.0,0.0,incoming,medium,sandy,3,urban,1,0,0,0.0,0.0,2.313511059,3.839884583,4.338276795,-2.9,2.2,124.7334311,125.7412666,137.7939945,170,-43.805736,172.966301,12,52,2,0,12,1,Alongshore,Offshore,Offshore,5.0,0.0
53,Akaroa at main beach,2017-01-05 09:00:00,Akaroa,0.8,1.0,1.2,13.2,16.4,17.0,ebbing,medium,sandy,3,urban,1,0,0,3.8,14.0,13.90954655,12.45154191,10.49508677,0.2,2.4,225.7173413,226.8916426,228.8753019,170,-43.805736,172.966301,1,1,3,0,9,1,Alongshore,Alongshore,Alongshore,5.0,0.0
54,Akaroa at main beach,2017-01-10 13:00:00,Akaroa,0.0,0.0,0.0,0.0,0.0,4.6,incoming,medium,sandy,3,urban,1,0,0,0.0,0.0,2.310605362,2.731188866,2.937893535,-0.8,2.6,287.1524021,244.3423726,224.0448451,170,-43.805736,172.966301,1,2,1,0,13,0,Alongshore,Alongshore,Alongshore,6.0,0.0
55,Akaroa at main beach,2017-01-17 09:00:00,Akaroa,0.0,0.0,0.0,0.0,0.0,0.0,ebbing,medium,sandy,3,urban,1,0,0,0.0,0.0,3.057610772,2.285146593,2.436759935,1.2,2.6,34.26264871,58.2403063,47.0082392,170,-43.805736,172.966301,1,3,1,0,9,0,Onshore,Alongshore,Alongshore,6.0,0.0
56,Akaroa at main beach,2017-01-23 13:00:00,Akaroa,0.0,0.0,2.0,43.6,64.0,64.0,incoming,medium,sandy,3,urban,1,0,0,7.6,30.0,14.8489257,12.18141246,9.563491945,0.0,2.1,231.2333905,231.4965902,233.2960453,170,-43.805736,172.966301,1,4,0,0,13,0,Alongshore,Alongshore,Alongshore,6.0,0.0
57,Akaroa at main beach,2017-01-31 08:00:00,Akaroa,0.0,0.0,0.0,0.0,0.0,0.0,ebbing,medium,sandy,3,urban,1,0,0,0.0,0.0,2.205602784,3.211621189,2.943186691,2.0,2.5,97.10961953,98.898011,102.2992278,170,-43.805736,172.966301,1,5,1,0,8,1,Alongshore,Alongshore,Alongshore,7.0,0.0
58,Akaroa at main beach,2017-02-08 14:00:00,Akaroa,0.0,0.0,0.6,0.6,1.6,1.6,ebbing,medium,sandy,3,urban,1,0,0,0.8,3.0,3.917674557,5.42309275,6.2,0.3,2.6,230.0,224.3906495,211.1301354,170,-43.805736,172.966301,2,6,2,0,14,1,Alongshore,Alongshore,Offshore,8.0,0.0
59,Akaroa at main beach,2017-02-14 16:00:00,Akaroa,0.0,0.0,0.0,0.0,0.0,0.0,incoming,medium,sandy,3,urban,1,0,0,0.0,0.0,4.979887843,4.787554911,3.706922187,-2.4,2.5,290.5040797,261.4928297,271.518113,170,-43.805736,172.966301,2,7,1,0,16,0,Alongshore,Alongshore,Alongshore,7.0,0.0
60,Akaroa at main beach,2017-02-21 13:00:00,Akaroa,0.0,0.0,0.0,0.0,0.0,2.0,ebbing,medium,sandy,3,urban,1,0,0,0.0,0.0,1.075683379,2.40825927,3.48703582,1.5,2.1,326.0755118,328.1823185,1.13945384,170,-43.805736,172.966301,2,8,1,0,13,0,Onshore,Onshore,Onshore,7.0,0.0
61,Akaroa at main beach,2017-03-06 11:00:00,Akaroa,0.0,0.0,0.0,0.0,0.0,0.0,ebbing,medium,sandy,3,urban,1,0,0,0.0,0.0,0.386911445,0.785775214,1.952808306,0.2,2.5,299.1771801,263.3636842,142.4711153,170,-43.805736,172.966301,3,10,0,0,11,0,Alongshore,Alongshore,Offshore,7.0,0.0
62,Akaroa at main beach,2017-11-14 11:00:00,Akaroa,0.0,0.0,0.0,0.0,0.0,1.2,incoming,medium,sandy,3,urban,1,0,0,0.0,0.0,0.747763122,1.835180935,3.352877678,-1.7,2.5,290.1994966,292.9647421,300.5025404,170,-43.805736,172.966301,11,46,1,0,11,0,Alongshore,Alongshore,Alongshore,,0.0
63,Akaroa at main beach,2017-11-29 11:00:00,Akaroa,0.0,0.0,0.0,0.0,0.0,0.0,incoming,medium,sandy,3,urban,1,0,0,0.0,0.0,0.22680294,0.833283715,2.020968554,-0.6,2.3,284.7157475,298.453255,62.71122686,170,-43.805736,172.966301,11,48,2,0,11,0,Alongshore,Alongshore,Alongshore,5.0,0.0
64,Akaroa at main beach,2017-12-06 07:00:00,Akaroa,0.0,0.0,0.0,0.0,0.0,0.0,ebbing,medium,sandy,3,urban,1,0,0,0.0,0.0,0.631716376,0.576985528,0.328778157,1.6,2.8,141.975024,137.3393648,195.3214921,170,-43.805736,172.966301,12,49,2,0,7,0,Offshore,Offshore,Offshore,5.0,0.0
65,Akaroa at main beach,2017-12-13 12:00:00,Akaroa,0.0,0.0,0.0,0.6,1.0,1.0,incoming,medium,sandy,3,urban,1,0,0,0.6,2.0,2.523105104,3.363593455,4.289469082,-0.3,2.5,81.95506775,72.71408618,65.77631385,170,-43.805736,172.966301,12,50,2,0,12,0,Alongshore,Alongshore,Alongshore,35.333333333333336,0.0
66,Akaroa at main beach,2017-12-21 07:00:00,Akaroa,0.0,0.0,0.0,0.0,0.0,0.0,ebbing,medium,sandy,3,urban,1,0,0,0.0,0.0,1.223997372,1.387393875,1.523314579,1.6,2.3,65.12001954,86.45899395,91.64302549,170,-43.805736,172.966301,12,51,3,0,7,1,Alongshore,Alongshore,Alongshore,29.0,0.0
67,Akaroa at main beach,2017-12-27 09:00:00,Akaroa,0.0,0.0,0.4,1.2,7.8,7.8,incoming,medium,sandy,3,urban,1,0,0,2.2,10.0,4.13767881,5.15115162,6.002965107,-1.6,2.3,210.7019601,205.2141816,199.6033104,170,-43.805736,172.966301,12,52,2,0,9,1,Offshore,Offshore,Offshore,24.2,0.0
68,Akaroa at main beach,2018-01-10 10:00:00,Akaroa,2.0,2.6,2.6,2.6,2.6,2.8,incoming,medium,sandy,3,urban,1,0,0,1.0,4.0,1.21121064,2.343517988,3.851501865,-1.0,2.4,201.26953,194.9159597,184.4976467,170,-43.805736,172.966301,1,2,2,0,10,0,Offshore,Offshore,Offshore,25.2,0.0
69,Akaroa at main beach,2018-01-15 12:00:00,Akaroa,0.0,0.0,0.0,0.0,0.0,0.2,incoming,medium,sandy,3,urban,1,0,0,0.0,0.0,1.263459144,2.926265438,4.770840294,-2.4,2.2,338.2228553,334.2886499,347.1024736,170,-43.805736,172.966301,1,3,0,0,12,0,Onshore,Onshore,Onshore,96.0,0.125
70,Akaroa at main beach,2018-01-24 09:00:00,Akaroa,0.0,0.0,0.0,0.0,0.0,0.0,ebbing,medium,sandy,3,urban,1,0,0,0.0,0.0,0.616666626,0.539846273,0.864559226,0.2,2.3,244.6291852,12.91266235,105.6483481,170,-43.805736,172.966301,1,4,2,0,9,0,Alongshore,Onshore,Alongshore,77.8,0.1111111111111111
71,Akaroa at main beach,2018-01-29 12:00:00,Akaroa,0.0,0.0,0.0,0.0,0.0,0.0,incoming,medium,sandy,3,urban,1,0,0,0.0,0.0,1.630805335,3.436694824,5.177437957,-1.4,2.5,351.4611038,352.6764457,6.746252672,170,-43.805736,172.966301,1,5,0,0,12,0,Onshore,Onshore,Onshore,82.0,0.1
72,Akaroa at main beach,2018-02-09 10:00:00,Akaroa,0.0,0.0,0.0,0.0,0.0,0.0,incoming,medium,sandy,3,urban,1,0,0,0.0,0.0,2.214485756,2.100435717,2.471973318,-1.6,2.3,27.89222507,54.70106874,63.105689,170,-43.805736,172.966301,2,6,4,0,10,1,Onshore,Alongshore,Alongshore,82.0,0.09090909090909091
73,Akaroa at main beach,2018-02-14 13:00:00,Akaroa,0.0,0.0,0.0,0.0,0.0,0.4,incoming,medium,sandy,3,urban,1,0,0,0.0,0.0,0.7545936,2.510773937,4.553735783,-2.1,2.2,262.8980953,268.8156531,251.9535328,170,-43.805736,172.966301,2,7,2,0,13,0,Alongshore,Alongshore,Alongshore,81.0,0.08333333333333333
74,Akaroa at main beach,2018-02-23 11:00:00,Akaroa,0.0,0.0,0.0,0.0,11.6,175.4,ebbing,medium,sandy,3,urban,1,0,0,3.4,14.0,0.69207097,1.167865583,2.185947807,1.6,2.4,290.4294749,262.6623707,240.6027107,170,-43.805736,172.966301,2,8,4,0,11,0,Alongshore,Alongshore,Alongshore,10.2,0.07692307692307693
75,Akaroa at main beach,2018-03-09 12:00:00,Akaroa,1.6,2.8,2.8,2.8,2.8,6.4,ebbing,medium,sandy,3,urban,1,0,0,1.4,3.0,2.72175709,4.412222393,5.870855365,2.1,2.3,171.5562369,176.1299012,175.595234,170,-43.805736,172.966301,3,10,4,0,12,0,Offshore,Offshore,Offshore,19.6,0.07142857142857142
76,Akaroa at main beach,2018-03-21 08:00:00,Akaroa,0.0,0.0,0.0,0.0,0.0,0.0,ebbing,medium,sandy,3,urban,1,0,0,0.0,0.0,0.533428464,0.7148111,1.139687675,1.6,2.5,200.015268,179.8862138,116.5797228,170,-43.805736,172.966301,3,12,2,0,8,0,Offshore,Offshore,Alongshore,19.4,0.06666666666666667
77,Akaroa at main beach,2018-11-14 10:00:00,Akaroa,0.0,0.0,0.0,0.0,0.0,0.0,ebbing,medium,sandy,3,urban,1,0,0,0.0,0.0,0.221283063,0.899408435,2.904978708,1.3,2.3,278.6927863,288.5805981,305.6847602,170,-43.805736,172.966301,11,46,2,0,10,0,Alongshore,Alongshore,Onshore,,0.0
78,Akaroa at main beach,2018-11-19 12:00:00,Akaroa,0.0,0.0,0.8,27.6,28.0,28.6,incoming,medium,sandy,3,urban,1,0,0,11.4,11.0,1.623667897,2.46024795,5.85027298,-0.7,2.2,239.6907202,244.6010222,224.8912848,170,-43.805736,172.966301,11,47,0,0,12,0,Alongshore,Alongshore,Alongshore,5.0,0.0
79,Akaroa at main beach,2018-11-29 10:00:00,Akaroa,0.0,0.0,0.0,0.2,21.6,23.0,ebbing,medium,sandy,3,urban,1,0,0,4.0,20.0,1.200284311,1.417488887,2.761075538,1.7,2.7,47.58993478,48.28649816,69.60033523,170,-43.805736,172.966301,11,48,3,0,10,0,Alongshore,Alongshore,Alongshore,39.5,0.0
80,Akaroa at main beach,2018-12-03 12:00:00,Akaroa,0.6,1.4,2.4,2.8,4.8,5.4,incoming,medium,sandy,3,urban,1,0,0,0.6,19.0,4.709608089,5.183743878,5.071153071,-0.9,2.6,42.00980755,41.01507406,38.73429867,170,-43.805736,172.966301,12,49,0,0,12,0,Alongshore,Alongshore,Alongshore,28.0,0.0
81,Akaroa at main beach,2018-12-11 09:00:00,Akaroa,0.0,0.0,0.0,0.0,0.0,0.0,ebbing,medium,sandy,3,urban,1,0,0,0.0,0.0,1.953409471,2.343131677,3.334013907,2.0,2.4,39.8860753,51.22203774,50.40133983,170,-43.805736,172.966301,12,50,1,0,9,0,Alongshore,Alongshore,Alongshore,22.25,0.0
82,Akaroa at main beach,2018-12-17 11:00:00,Akaroa,0.0,0.0,0.0,0.0,0.0,0.0,incoming,medium,sandy,3,urban,1,0,0,0.0,0.0,0.989382831,1.322039939,3.040493656,-0.6,2.1,297.6688337,295.7727583,348.7539315,170,-43.805736,172.966301,12,51,0,0,11,0,Alongshore,Alongshore,Onshore,18.8,0.0
83,Akaroa at main beach,2018-12-28 10:00:00,Akaroa,0.0,0.0,0.0,0.0,0.0,0.0,ebbing,medium,sandy,3,urban,1,0,0,0.0,0.0,1.615961843,3.087885003,4.420753819,1.4,2.7,29.97303782,39.66475336,54.39576926,170,-43.805736,172.966301,12,52,4,0,10,1,Onshore,Alongshore,Alongshore,18.8,0.0
84,Akaroa at main beach,2019-01-09 08:00:00,Akaroa,0.0,0.0,0.0,0.0,0.0,5.4,ebbing,medium,sandy,3,urban,1,0,0,0.0,0.0,3.696293801,5.057086534,5.962151034,1.5,2.3,39.36814386,41.66392357,43.20041718,170,-43.805736,172.966301,1,2,2,0,8,0,Alongshore,Alongshore,Alongshore,5.0,0.0
85,Akaroa at main beach,2019-01-14 11:00:00,Akaroa,12.0,33.0,33.4,33.6,33.6,33.6,ebbing,medium,sandy,3,urban,1,0,0,14.6,9.0,8.75281409,8.648012138,8.414770023,1.6,2.2,208.1849654,220.055382,223.9710462,170,-43.805736,172.966301,1,3,0,0,11,0,Offshore,Alongshore,Alongshore,5.0,0.0
86,Akaroa at main beach,2019-01-16 13:00:00,Akaroa,0.0,0.0,0.0,0.0,0.0,33.6,ebbing,medium,sandy,3,urban,1,0,0,0.0,0.0,1.964602418,3.676377908,4.984803991,1.4,2.2,354.7937112,349.5238317,346.4808177,170,-43.805736,172.966301,1,3,2,0,13,0,Onshore,Onshore,Onshore,137.6,0.1
87,Akaroa at main beach,2019-01-25 08:00:00,Akaroa,0.0,0.0,0.0,0.0,9.4,9.6,ebbing,medium,sandy,3,urban,1,0,0,3.8,4.0,1.191041497,0.690564884,0.402138858,1.2,2.8,144.6567151,117.3716409,94.71490637,170,-43.805736,172.966301,1,4,4,0,8,0,Offshore,Alongshore,Alongshore,137.6,0.09090909090909091
88,Akaroa at main beach,2019-01-30 11:00:00,Akaroa,0.0,0.0,0.0,0.0,0.0,0.0,incoming,medium,sandy,3,urban,1,0,0,0.0,0.0,0.123611706,0.988855807,2.208951487,-0.3,2.4,307.3808383,315.8722861,171.3336953,170,-43.805736,172.966301,1,5,2,0,11,0,Onshore,Onshore,Offshore,149.2,0.08333333333333333
89,Akaroa at main beach,2019-02-08 07:00:00,Akaroa,0.0,0.0,0.0,0.0,0.0,0.0,ebbing,medium,sandy,3,urban,1,0,0,0.0,0.0,3.33275142,3.120576988,3.159507289,1.1,2.3,35.58772891,39.34670031,44.1211562,170,-43.805736,172.966301,2,6,4,0,7,1,Alongshore,Alongshore,Alongshore,149.2,0.07692307692307693
90,Akaroa at main beach,2019-02-13 10:00:00,Akaroa,0.0,0.0,0.0,0.0,0.0,0.0,ebbing,medium,sandy,3,urban,1,0,0,0.0,0.0,0.573530231,0.846685219,2.329621148,0.3,2.2,298.5133607,292.2989962,343.046239,170,-43.805736,172.966301,2,7,2,0,10,0,Alongshore,Alongshore,Onshore,149.2,0.07142857142857142
91,Akaroa at main beach,2019-02-18 12:00:00,Akaroa,0.0,0.0,0.0,0.0,0.0,0.8,incoming,medium,sandy,3,urban,1,0,0,0.0,0.0,0.397700002,1.399757837,2.757529575,-2.4,2.6,296.98537,284.2860076,220.3343394,170,-43.805736,172.966301,2,8,0,0,12,0,Alongshore,Alongshore,Alongshore,16.6,0.06666666666666667
92,Akaroa at main beach,2019-02-25 10:00:00,Akaroa,0.0,0.2,1.6,22.2,22.2,22.2,ebbing,medium,sandy,3,urban,1,0,0,6.8,12.0,4.463163303,4.16178084,4.118753139,1.4,2.6,184.1602858,179.6989723,178.6681695,170,-43.805736,172.966301,2,9,0,0,10,0,Offshore,Offshore,Offshore,16.6,0.0625
93,Akaroa at main beach,2019-11-18 09:00:00,Akaroa,0.0,0.0,0.0,0.0,0.0,0.0,ebbing,medium,sandy,3,urban,1,0,0,0.0,0.0,1.699639737,2.493619862,4.762602435,0.6,2.5,293.0319882,323.1308149,17.80974895,170,-43.805736,172.966301,11,47,0,0,9,0,Alongshore,Onshore,Onshore,,0.0
94,Akaroa at main beach,2019-11-20 11:00:00,Akaroa,2.6,9.0,9.6,9.6,11.6,11.6,ebbing,medium,sandy,3,urban,1,0,0,3.0,9.0,2.423147813,2.386055983,2.507399771,0.7,2.5,294.0933021,254.1678675,246.0155858,170,-43.805736,172.966301,11,47,2,0,11,0,Alongshore,Alongshore,Alongshore,158.0,0.0
95,Akaroa at main beach,2019-11-22 13:00:00,Akaroa,0.0,0.0,0.0,0.0,2.0,11.6,ebbing,medium,sandy,3,urban,1,0,0,1.8,2.0,0.311366622,1.073217569,1.774819936,0.8,2.6,293.4648196,300.7894589,217.6550075,170,-43.805736,172.966301,11,47,4,0,13,0,Alongshore,Alongshore,Alongshore,265.5,0.3333333333333333
96,Akaroa at main beach,2019-11-25 14:00:00,Akaroa,0.0,0.0,0.0,0.0,0.0,0.0,incoming,medium,sandy,3,urban,1,0,0,0.0,0.0,3.81480861,6.109778353,5.86155768,-0.6,2.7,18.16735196,20.06786185,27.05103878,170,-43.805736,172.966301,11,48,0,0,14,0,Onshore,Onshore,Onshore,201.66666666666666,0.25
97,Akaroa at main beach,2019-12-05 10:00:00,Akaroa,0.0,0.0,0.0,0.0,0.0,0.0,incoming,medium,sandy,3,urban,1,0,0,0.0,0.0,2.17222331,1.139212709,3.994742329,-0.3,2.2,6.35866708,18.64839426,4.613879878,170,-43.805736,172.966301,12,49,3,0,10,0,Onshore,Onshore,Onshore,152.5,0.2
98,Akaroa at main beach,2019-12-11 14:00:00,Akaroa,0.0,0.0,0.0,0.0,0.0,1.6,incoming,medium,sandy,3,urban,1,0,0,0.0,0.0,1.529906164,4.108377966,6.33929344,-1.0,2.3,254.0602118,270.6443755,269.2757995,170,-43.805736,172.966301,12,50,2,0,14,0,Alongshore,Alongshore,Alongshore,123.0,0.16666666666666666
99,Akaroa at main beach,2019-12-18 10:00:00,Akaroa,1.4,9.2,28.0,39.8,46.4,46.4,ebbing,medium,sandy,3,urban,1,0,0,5.2,24.0,10.33837242,11.05700926,12.34046484,1.4,2.6,222.9448721,219.9116701,222.5184873,170,-43.805736,172.966301,12,51,2,0,10,0,Alongshore,Alongshore,Alongshore,93.4,0.14285714285714285
100,Akaroa at main beach,2019-12-20 10:00:00,Akaroa,0.0,0.0,0.0,0.0,0.0,39.8,incoming,medium,sandy,3,urban,1,0,0,0.0,0.0,9.012768283,10.88798636,11.40720842,-0.9,2.6,275.5496164,296.0050606,316.8535212,170,-43.805736,172.966301,12,51,4,0,10,1,Alongshore,Alongshore,Onshore,67.4,0.125
101,Akaroa at main beach,2020-01-03 11:00:00,Akaroa,0.0,0.0,0.0,0.0,0.0,0.0,ebbing,medium,sandy,3,urban,1,0,0,0.0,0.0,1.228249723,2.546199363,3.954578516,1.3,2.1,192.6335186,193.7582086,178.0994146,170,-43.805736,172.966301,1,1,4,0,11,1,Offshore,Offshore,Offshore,58.8,0.1111111111111111
102,Akaroa at main beach,2020-01-08 13:00:00,Akaroa,0.0,0.0,0.0,0.0,2.0,2.0,incoming,medium,sandy,3,urban,1,0,0,0.8,4.0,2.378370913,2.921379385,3.230522844,-0.7,2.2,261.4534625,257.7348755,235.9463212,170,-43.805736,172.966301,1,2,2,0,13,0,Alongshore,Alongshore,Alongshore,58.8,0.1
103,Akaroa at main beach,2020-01-16 10:00:00,Akaroa,0.0,0.0,0.0,0.0,0.0,0.2,ebbing,medium,sandy,3,urban,1,0,0,0.0,0.0,0.249847142,1.064142995,2.521154736,1.3,2.6,18.07493883,20.85135754,6.070993153,170,-43.805736,172.966301,1,3,3,0,10,0,Onshore,Onshore,Onshore,58.8,0.09090909090909091
104,Akaroa at main beach,2020-01-22 13:00:00,Akaroa,0.0,0.0,0.0,0.0,0.0,0.0,incoming,medium,sandy,3,urban,1,0,0,0.0,0.0,1.781697151,3.038451618,3.764284184,-1.1,2.5,297.4242241,304.2348943,337.8522662,170,-43.805736,172.966301,1,4,2,0,13,0,Alongshore,Alongshore,Onshore,57.8,0.08333333333333333
105,Akaroa at main beach,2020-01-30 09:00:00,Akaroa,0.0,0.0,0.0,0.0,0.0,0.0,ebbing,medium,sandy,3,urban,1,0,0,0.0,0.0,3.128116222,0.857724808,1.037435279,1.5,2.2,52.07018941,187.2692834,218.4480787,170,-43.805736,172.966301,1,5,3,0,9,0,Alongshore,Offshore,Alongshore,10.2,0.07692307692307693
106,Akaroa at main beach,2020-02-04 13:00:00,Akaroa,0.0,0.0,0.0,0.0,0.0,0.2,ebbing,medium,sandy,3,urban,1,0,0,0.0,0.0,6.098885755,8.097370653,8.563073373,0.9,2.1,9.296787309,14.23821068,12.38702741,170,-43.805736,172.966301,2,6,1,0,13,1,Onshore,Onshore,Onshore,5.0,0.07142857142857142
107,Akaroa at main beach,2020-02-12 08:00:00,Akaroa,0.0,0.0,0.0,0.0,0.0,0.0,ebbing,medium,sandy,3,urban,1,0,0,0.0,0.0,0.729404563,0.78578536,0.47092847,1.7,2.7,114.5082427,92.69154173,201.9896455,170,-43.805736,172.966301,2,7,2,0,8,0,Alongshore,Alongshore,Offshore,5.0,0.06666666666666667
108,Akaroa at main beach,2020-02-20 12:00:00,Akaroa,0.0,0.0,0.0,0.0,0.0,0.0,incoming,medium,sandy,3,urban,1,0,0,0.0,0.0,1.001967242,1.978856404,4.413856141,-1.1,2.4,46.75770402,49.05585676,83.97532596,170,-43.805736,172.966301,2,8,3,0,12,0,Alongshore,Alongshore,Alongshore,5.0,0.0625
109,Akaroa at main beach,2020-02-28 09:00:00,Akaroa,0.0,0.0,0.0,0.0,0.0,0.0,ebbing,medium,sandy,3,urban,1,0,0,0.0,0.0,1.533002642,0.82841108,1.038992723,1.8,2.2,62.58954001,106.3808061,90.26431136,170,-43.805736,172.966301,2,9,4,0,9,0,Alongshore,Alongshore,Alongshore,5.0,0.058823529411764705
110,Akaroa at main beach,2020-03-04 11:00:00,Akaroa,0.0,0.4,1.2,1.8,1.8,1.8,ebbing,medium,sandy,3,urban,1,0,0,0.4,6.0,5.28396432,5.029492183,5.03772435,0.3,2.1,208.4227226,200.960208,206.0145027,170,-43.805736,172.966301,3,10,2,0,11,0,Offshore,Offshore,Offshore,5.0,0.05555555555555555
111,Akaroa at main beach,2020-03-17 11:00:00,Akaroa,0.0,0.0,0.0,0.0,0.0,0.0,ebbing,medium,sandy,3,urban,1,0,0,0.0,0.0,4.583742542,4.383484697,4.947122379,0.8,2.5,213.189589,204.7726605,205.049255,170,-43.805736,172.966301,3,12,1,0,11,0,Offshore,Offshore,Offshore,8.0,0.05263157894736842
112,Akaroa at main beach,2020-11-10 13:00:00,Akaroa,0.0,0.0,0.0,0.0,0.4,73.8,ebbing,medium,sandy,3,urban,1,0,0,0.4,1.0,0.860002231,0.917138717,2.742129295,1.8,2.4,138.5566265,107.3576799,100.2150495,170,-43.805736,172.966301,11,46,1,0,13,0,Offshore,Alongshore,Alongshore,,0.0
113,Akaroa at main beach,2020-11-23 12:00:00,Akaroa,0.0,0.0,0.0,0.2,13.6,13.6,ebbing,medium,sandy,3,urban,1,0,0,4.4,9.0,1.669819769,2.44991281,4.57963988,1.5,2.4,245.7683981,256.861247,233.8934817,170,-43.805736,172.966301,11,48,0,0,12,0,Alongshore,Alongshore,Alongshore,41.0,0.0
114,Akaroa at main beach,2020-12-03 08:00:00,Akaroa,0.0,0.0,0.0,0.0,0.0,4.4,ebbing,medium,sandy,3,urban,1,0,0,0.0,0.0,1.558118158,3.444621315,7.763418397,2.4,2.4,257.3992864,238.4743491,275.5257753,170,-43.805736,172.966301,12,49,3,0,8,0,Alongshore,Alongshore,Alongshore,23.0,0.0
115,Akaroa at main beach,2020-12-10 11:00:00,Akaroa,0.0,0.0,0.0,0.0,0.0,0.0,incoming,medium,sandy,3,urban,1,0,0,0.0,0.0,1.066691009,2.002025868,4.354007752,-0.9,2.5,238.5027172,250.3066128,215.0798939,170,-43.805736,172.966301,12,50,3,0,11,0,Alongshore,Alongshore,Alongshore,17.0,0.0
116,Akaroa at main beach,2020-12-17 07:00:00,Akaroa,0.0,0.0,0.0,0.0,0.0,0.0,ebbing,medium,sandy,3,urban,1,0,0,0.0,0.0,1.177173362,0.6959127,0.184733275,1.7,2.8,123.6577892,62.75758039,57.17264913,170,-43.805736,172.966301,12,51,3,0,7,0,Alongshore,Alongshore,Alongshore,15.25,0.0
117,Akaroa at main beach,2020-12-22 12:00:00,Akaroa,0.2,1.8,3.8,4.6,11.4,11.4,ebbing,medium,sandy,3,urban,1,0,0,2.4,15.0,0.687091715,0.205005475,1.461971184,1.9,2.3,304.8373214,204.4412796,80.06269675,170,-43.805736,172.966301,12,52,1,0,12,1,Alongshore,Offshore,Alongshore,13.2,0.0
118,Akaroa at main beach,2020-12-29 13:00:00,Akaroa,0.0,0.0,0.0,0.0,0.0,23.6,incoming,medium,sandy,3,urban,1,0,0,0.0,0.0,0.818547032,2.982317419,3.509348721,-1.8,2.2,324.5938288,305.6465401,299.9148438,170,-43.805736,172.966301,12,53,1,0,13,1,Onshore,Onshore,Alongshore,13.2,0.0
119,Akaroa at main beach,2021-01-11 13:00:00,Akaroa,0.0,0.0,0.0,0.0,1.6,1.6,incoming,medium,sandy,3,urban,1,0,0,0.8,4.0,3.527744229,4.185704293,4.620585989,-0.9,2.6,252.031608,248.0629186,230.4722106,170,-43.805736,172.966301,1,2,0,0,13,0,Alongshore,Alongshore,Alongshore,13.2,0.0
120,Akaroa at main beach,2021-01-19 10:00:00,Akaroa,0.0,0.0,0.0,0.0,2.6,2.6,ebbing,medium,sandy,3,urban,1,0,0,1.8,2.0,3.845320088,5.988592646,8.096557388,1.1,2.3,14.76126318,19.21581608,30.94869342,170,-43.805736,172.966301,1,3,1,0,10,0,Onshore,Onshore,Onshore,13.2,0.0
121,Akaroa at main beach,2021-01-26 13:00:00,Akaroa,0.0,0.0,0.0,0.0,0.0,0.0,incoming,medium,sandy,3,urban,1,0,0,0.0,0.0,1.344351556,2.485376682,3.358941577,-1.1,2.1,331.0482429,340.4419441,11.66752658,170,-43.805736,172.966301,1,4,1,0,13,0,Onshore,Onshore,Onshore,12.2,0.0
122,Akaroa at main beach,2021-02-03 09:00:00,Akaroa,0.0,0.0,0.0,0.0,0.0,0.0,ebbing,medium,sandy,3,urban,1,0,0,0.0,0.0,1.54575488,0.553623669,0.794744278,1.2,2.5,259.2212093,71.94187734,47.00240107,170,-43.805736,172.966301,2,5,2,0,9,1,Alongshore,Alongshore,Alongshore,13.2,0.0
123,Akaroa at main beach,2021-02-09 13:00:00,Akaroa,0.0,0.0,0.0,0.0,0.0,0.0,incoming,medium,sandy,3,urban,1,0,0,0.0,0.0,3.309426346,5.507470585,4.751898969,-0.7,2.5,11.33442926,12.48914028,26.65175762,170,-43.805736,172.966301,2,6,1,0,13,1,Onshore,Onshore,Onshore,6.0,0.0
124,Akaroa at main beach,2021-02-17 11:00:00,Akaroa,0.0,0.0,0.0,0.0,5.2,5.2,ebbing,medium,sandy,3,urban,1,0,0,1.4,8.0,0.459236495,1.313582148,2.528108023,2.8,2.3,282.8210644,261.0268489,222.9124466,170,-43.805736,172.966301,2,7,2,0,11,0,Alongshore,Alongshore,Alongshore,6.0,0.0
125,Akaroa at main beach,2021-02-23 14:00:00,Akaroa,0.0,0.0,0.0,0.0,0.0,0.0,ebbing,medium,sandy,3,urban,1,0,0,0.0,0.0,5.600564307,8.569120448,8.926782413,1.1,2.1,10.04075552,9.629492906,5.800792646,170,-43.805736,172.966301,2,8,1,0,14,0,Onshore,Onshore,Onshore,6.0,0.0
126,Akaroa at main beach,2021-03-04 09:00:00,Akaroa,0.0,0.0,0.0,0.0,0.0,0.0,ebbing,medium,sandy,3,urban,1,0,0,0.0,0.0,1.87605012,1.589550342,1.151339586,1.1,2.6,62.53720744,84.65509991,61.70944308,170,-43.805736,172.966301,3,9,3,0,9,0,Alongshore,Alongshore,Alongshore,6.0,0.0
127,Akaroa at main beach,2021-11-26 10:00:00,Akaroa,0.0,0.0,0.0,0.0,0.0,0.2,ebbing,medium,sandy,3,urban,1,0,0,0.0,0.0,1.368632964,0.687794301,1.674908428,1.7,2.2,263.1709523,205.3354252,95.39206903,170,-43.805736,172.966301,11,47,4,0,10,0,Alongshore,Offshore,Alongshore,,0.0
128,Akaroa at main beach,2021-12-02 12:00:00,Akaroa,0.0,0.0,0.0,0.0,0.0,0.0,incoming,medium,sandy,3,urban,1,0,0,0.0,0.0,4.396170964,4.938592706,5.496778133,-1.8,2.5,34.55753028,37.26118277,39.21332552,170,-43.805736,172.966301,12,48,3,0,12,0,Onshore,Alongshore,Alongshore,5.0,0.0
129,Akaroa at main beach,2021-12-09 10:00:00,Akaroa,0.0,0.0,0.0,0.0,0.0,5.2,ebbing,medium,sandy,3,urban,1,0,0,0.0,0.0,0.358293073,1.072566646,2.399193447,2.1,2.7,279.70838,270.0073214,182.2382017,170,-43.805736,172.966301,12,49,3,0,10,0,Alongshore,Alongshore,Offshore,5.0,0.0
130,Akaroa at main beach,2021-12-15 11:00:00,Akaroa,6.2,9.2,9.6,9.6,9.6,9.6,incoming,medium,sandy,3,urban,1,0,0,2.4,7.0,2.879659072,5.072735982,5.820506126,-2.1,2.3,111.0507288,112.4956921,106.0543855,170,-43.805736,172.966301,12,50,2,0,11,0,Alongshore,Alongshore,Alongshore,20.666666666666668,0.0
131,Akaroa at main beach,2021-12-20 12:00:00,Akaroa,0.0,0.0,0.0,0.0,0.0,9.4,incoming,medium,sandy,3,urban,1,0,0,0.0,0.0,3.166849757,4.962703696,5.709187529,-4.2,2.2,14.43588557,15.11078088,28.10078482,170,-43.805736,172.966301,12,51,0,0,12,1,Onshore,Onshore,Onshore,504.5,0.2
132,Akaroa at main beach,2021-12-23 09:00:00,Akaroa,0.0,0.0,0.0,0.0,0.0,0.0,ebbing,medium,sandy,3,urban,1,0,0,0.0,0.0,2.135955055,3.558924461,2.37421883,2.3,2.3,35.08339964,90.94580876,75.63120062,170,-43.805736,172.966301,12,51,3,0,9,1,Alongshore,Alongshore,Alongshore,414.0,0.16666666666666666
133,Akaroa at main beach,2021-12-30 13:00:00,Akaroa,0.0,0.0,0.0,0.0,1.6,8.4,ebbing,medium,sandy,3,urban,1,0,0,0.8,5.0,0.382204459,2.379909739,3.513592679,0.8,2.4,243.0503833,260.6897817,282.2177901,170,-43.805736,172.966301,12,52,3,0,13,1,Alongshore,Alongshore,Alongshore,414.0,0.14285714285714285
134,Akaroa at main beach,2022-01-07 09:00:00,Akaroa,0.0,0.0,0.0,0.4,0.4,0.4,ebbing,medium,sandy,3,urban,1,0,0,0.2,2.0,5.747678325,6.285173668,6.38304902,1.4,2.7,210.1904877,208.3334264,205.2533447,170,-43.805736,172.966301,1,1,4,0,9,0,Offshore,Offshore,Offshore,417.0,0.125
135,Akaroa at main beach,2022-01-12 13:00:00,Akaroa,0.0,0.0,0.0,0.0,0.0,0.0,ebbing,medium,sandy,3,urban,1,0,0,0.0,0.0,1.703194297,2.598107008,2.795561393,0.7,2.2,96.81717047,125.7806489,124.0839684,170,-43.805736,172.966301,1,2,2,0,13,0,Alongshore,Offshore,Alongshore,408.6,0.1111111111111111
136,Akaroa at main beach,2022-01-20 06:00:00,Akaroa,1.0,5.0,10.6,10.6,10.6,10.6,ebbing,medium,sandy,3,urban,1,0,0,2.0,10.0,5.020795193,4.363679647,3.799156544,0.9,2.4,189.9561183,200.8288796,209.7733818,170,-43.805736,172.966301,1,3,3,0,6,0,Offshore,Offshore,Offshore,18.4,0.1
137,Akaroa at main beach,2022-01-26 11:00:00,Akaroa,0.0,0.0,0.0,0.0,0.0,0.0,ebbing,medium,sandy,3,urban,1,0,0,0.0,0.0,0.622171643,1.551314169,2.319663405,0.8,2.4,277.9021498,270.2745937,275.3283061,170,-43.805736,172.966301,1,4,2,0,11,0,Alongshore,Alongshore,Alongshore,18.4,0.09090909090909091
138,Akaroa at main beach,2022-02-01 16:00:00,Akaroa,0.0,0.0,0.0,0.0,0.0,0.0,ebbing,medium,sandy,3,urban,1,0,0,0.0,0.0,3.731517548,5.09096323,4.862106106,0.6,2.6,11.38312813,3.204128639,11.14428258,170,-43.805736,172.966301,2,5,1,0,16,1,Onshore,Onshore,Onshore,21.4,0.08333333333333333
139,Akaroa at main beach,2022-02-10 13:00:00,Akaroa,0.2,1.6,6.4,17.6,17.6,17.6,ebbing,medium,sandy,3,urban,1,0,0,3.0,15.0,1.631997103,0.947965596,1.454568797,1.1,2.2,287.2368337,273.3590926,2.748127218,170,-43.805736,172.966301,2,6,3,0,13,0,Alongshore,Alongshore,Onshore,18.4,0.07692307692307693
140,Akaroa at main beach,2022-02-15 15:00:00,Akaroa,0.0,0.0,0.0,0.0,3.8,66.8,incoming,medium,sandy,3,urban,1,0,0,0.8,8.0,1.967401736,4.315910439,4.863898698,-0.4,2.2,323.72842,317.2060102,316.2802594,170,-43.805736,172.966301,2,7,1,0,15,0,Onshore,Onshore,Onshore,135.2,0.14285714285714285
141,Akaroa at main beach,2022-02-18 11:00:00,Akaroa,0.0,0.0,0.0,0.0,0.0,0.0,incoming,medium,sandy,3,urban,1,0,0,0.0,0.0,0.088278086,0.800958416,1.674454816,-5.8,2.3,289.133169,268.2012879,328.5342083,170,-43.805736,172.966301,2,7,4,0,11,0,Alongshore,Alongshore,Onshore,389.0,0.2
142,Akaroa at main beach,2022-02-24 11:00:00,Akaroa,0.0,0.0,0.0,0.0,0.0,0.0,ebbing,medium,sandy,3,urban,1,0,0,0.0,0.0,2.321541717,2.975229483,4.097285808,1.3,2.4,34.1868365,37.18325798,43.32737244,170,-43.805736,172.966301,2,8,3,0,11,0,Onshore,Alongshore,Alongshore,379.6,0.1875
143,Akaroa at main beach,2022-03-10 12:00:00,Akaroa,0.0,0.0,0.0,0.0,0.0,0.0,ebbing,medium,sandy,3,urban,1,0,0,0.0,0.0,1.939135354,2.980326354,4.098485503,1.6,2.1,1.385714777,12.77165823,26.1764966,170,-43.805736,172.966301,3,10,3,0,12,0,Onshore,Onshore,Onshore,376.6,0.17647058823529413
144,Caroline Bay - mid beach,2013-11-21 08:00:00,Timaru,0.0,0.0,0.0,0.0,0.0,0.0,ebbing,deep,sandy,1,urban,0,0,0,0.0,0.0,,,,2.6,2.2,,,,210,-44.38596322,171.2503824,11,47,3,0,8,0,Unknown,Unknown,Unknown,,0.0
145,Caroline Bay - mid beach,2013-11-27 08:00:00,Timaru,0.0,0.0,2.3,4.3,11.7,11.8,incoming,deep,sandy,1,urban,0,0,0,2.2,17.0,,,,-2.0,2.1,,,,210,-44.38596322,171.2503824,11,48,2,0,8,0,Unknown,Unknown,Unknown,5.0,0.0
146,Caroline Bay - mid beach,2013-12-04 10:00:00,Timaru,0.0,0.0,0.0,0.0,0.0,0.0,ebbing,deep,sandy,1,urban,0,0,0,0.0,0.0,,,,6.1,2.6,,,,210,-44.38596322,171.2503824,12,49,2,0,10,0,Unknown,Unknown,Unknown,7.5,0.0
147,Caroline Bay - mid beach,2013-12-11 08:00:00,Timaru,0.6,0.7,1.0,1.1,1.8,1.8,incoming,deep,sandy,1,urban,0,0,0,0.3,11.0,,,,-2.4,2.4,,,,210,-44.38596322,171.2503824,12,50,2,0,8,0,Unknown,Unknown,Unknown,6.666666666666667,0.0
148,Caroline Bay - mid beach,2013-12-18 08:00:00,Timaru,0.0,0.0,0.0,0.1,1.7,1.7,ebbing,deep,sandy,1,urban,0,0,0,0.5,9.0,,,,4.4,2.3,,,,210,-44.38596322,171.2503824,12,51,2,0,8,0,Unknown,Unknown,Unknown,6.25,0.0
149,Caroline Bay - mid beach,2013-12-22 18:00:00,Timaru,0.0,0.0,0.0,9.2,18.7,18.7,incoming,deep,sandy,1,urban,0,0,0,2.7,13.0,,,,-0.5,2.1,,,,210,-44.38596322,171.2503824,12,51,6,1,18,1,Unknown,Unknown,Unknown,7.0,0.0
150,Caroline Bay - mid beach,2014-01-08 08:00:00,Timaru,0.1,0.1,0.1,1.3,1.3,1.8,incoming,deep,sandy,1,urban,0,0,0,0.5,6.0,,,,-0.8,2.4,,,,210,-44.38596322,171.2503824,1,2,2,0,8,0,Unknown,Unknown,Unknown,7.0,0.0
151,Caroline Bay - mid beach,2014-01-15 08:00:00,Timaru,0.0,0.0,0.0,0.0,0.9,6.8,ebbing,deep,sandy,1,urban,0,0,0,0.9,1.0,,,,5.7,2.3,,,,210,-44.38596322,171.2503824,1,3,2,0,8,0,Unknown,Unknown,Unknown,7.0,0.0
152,Caroline Bay - mid beach,2014-01-22 08:00:00,Timaru,0.0,0.0,0.0,0.4,5.6,5.6,ebbing,deep,sandy,1,urban,0,0,0,0.9,11.0,,,,0.9,2.1,,,,210,-44.38596322,171.2503824,1,4,2,0,8,0,Unknown,Unknown,Unknown,7.0,0.0
153,Caroline Bay - mid beach,2014-01-29 08:00:00,Timaru,0.0,0.0,0.0,0.0,0.0,4.4,incoming,deep,sandy,1,urban,0,0,0,0.0,0.0,,,,-5.3,2.5,,,,210,-44.38596322,171.2503824,1,5,2,0,8,0,Unknown,Unknown,Unknown,7.0,0.0
154,Caroline Bay - mid beach,2014-02-07 08:00:00,Timaru,0.0,0.0,0.0,0.0,0.0,0.0,incoming,deep,sandy,1,urban,0,0,0,0.0,0.0,,,,-1.5,2.2,,,,210,-44.38596322,171.2503824,2,6,4,0,8,1,Unknown,Unknown,Unknown,6.0,0.0
155,Caroline Bay - mid beach,2014-02-12 08:00:00,Timaru,0.0,0.0,0.0,0.0,0.0,0.3,incoming,deep,sandy,1,urban,0,0,0,0.0,0.0,,,,-5.8,2.2,,,,210,-44.38596322,171.2503824,2,7,2,0,8,0,Unknown,Unknown,Unknown,6.0,0.0
156,Caroline Bay - mid beach,2014-02-19 08:00:00,Timaru,0.0,0.0,0.0,0.0,0.0,0.0,ebbing,deep,sandy,1,urban,0,0,0,0.0,0.0,,,,2.1,2.2,,,,210,-44.38596322,171.2503824,2,8,2,0,8,0,Unknown,Unknown,Unknown,5.0,0.0
157,Caroline Bay - mid beach,2014-02-24 08:00:00,Timaru,0.0,0.0,0.0,0.7,1.1,1.1,incoming,deep,sandy,1,urban,0,0,0,0.4,6.0,,,,-2.9,2.2,,,,210,-44.38596322,171.2503824,2,9,0,0,8,0,Unknown,Unknown,Unknown,5.0,0.0
158,Caroline Bay - mid beach,2014-03-05 08:00:00,Timaru,0.0,0.0,0.0,0.0,0.0,5.0,ebbing,deep,sandy,1,urban,0,0,0,0.0,0.0,,,,1.6,2.4,,,,210,-44.38596322,171.2503824,3,10,2,0,8,0,Unknown,Unknown,Unknown,8.0,0.0
159,Caroline Bay - mid beach,2014-07-16 13:00:00,Timaru,0.0,0.0,0.0,0.0,0.1,2.2,incoming,deep,sandy,1,urban,0,0,0,0.1,1.0,,,,-5.0,2.6,,,,210,-44.38596322,171.2503824,7,29,2,0,13,0,Unknown,Unknown,Unknown,23.8,0.0
160,Caroline Bay - mid beach,2014-08-26 11:00:00,Timaru,0.0,0.0,0.0,0.0,0.0,0.3,incoming,deep,sandy,1,urban,0,0,0,0.0,0.0,,,,-5.0,2.3,,,,210,-44.38596322,171.2503824,8,35,1,0,11,0,Unknown,Unknown,Unknown,23.8,0.0
161,Caroline Bay - mid beach,2014-09-29 13:00:00,Timaru,0.0,0.0,0.0,0.0,0.0,0.0,incoming,deep,sandy,1,urban,0,0,0,0.0,0.0,,,,-5.7,2.1,,,,210,-44.38596322,171.2503824,9,40,0,0,13,0,Unknown,Unknown,Unknown,23.8,0.0
162,Caroline Bay - mid beach,2014-10-28 11:00:00,Timaru,0.0,0.0,0.0,0.0,5.7,5.8,ebbing,deep,sandy,1,urban,0,0,0,2.3,5.0,,,,4.7,2.3,,,,210,-44.38596322,171.2503824,10,44,1,0,11,1,Unknown,Unknown,Unknown,,0.0
163,Caroline Bay - mid beach,2014-11-10 09:00:00,Timaru,0.0,0.0,0.0,0.0,0.0,0.0,ebbing,deep,sandy,1,urban,0,0,0,0.0,0.0,,,,3.8,2.4,,,,210,-44.38596322,171.2503824,11,46,0,0,9,0,Unknown,Unknown,Unknown,5.0,0.0
164,Caroline Bay - mid beach,2014-11-26 08:00:00,Timaru,0.0,0.0,0.0,0.6,0.8,0.9,ebbing,deep,sandy,1,urban,0,0,0,0.6,2.0,,,,2.5,2.4,,,,210,-44.38596322,171.2503824,11,48,2,0,8,0,Unknown,Unknown,Unknown,5.0,0.0
165,Caroline Bay - mid beach,2014-11-26 11:00:00,Timaru,0.0,0.0,0.0,0.6,0.8,0.9,ebbing,deep,sandy,1,urban,0,0,0,0.6,2.0,,,,4.9,2.4,,,,210,-44.38596322,171.2503824,11,48,2,0,11,0,Unknown,Unknown,Unknown,5.0,0.0
166,Caroline Bay - mid beach,2014-12-03 08:00:00,Timaru,0.0,0.0,0.0,0.0,0.0,0.3,incoming,deep,sandy,1,urban,0,0,0,0.0,0.0,,,,-4.6,2.4,,,,210,-44.38596322,171.2503824,12,49,2,0,8,0,Unknown,Unknown,Unknown,5.0,0.0
167,Caroline Bay - mid beach,2014-12-10 08:00:00,Timaru,0.2,0.2,0.2,0.8,0.8,0.8,ebbing,deep,sandy,1,urban,0,0,0,0.3,4.0,,,,2.4,2.3,,,,210,-44.38596322,171.2503824,12,50,2,0,8,0,Unknown,Unknown,Unknown,5.0,0.0
168,Caroline Bay - mid beach,2014-12-17 08:00:00,Timaru,0.0,0.0,0.0,0.0,0.0,0.0,incoming,deep,sandy,1,urban,0,0,0,0.0,0.0,,,,-3.5,2.1,,,,210,-44.38596322,171.2503824,12,51,2,0,8,0,Unknown,Unknown,Unknown,8.0,0.0
169,Caroline Bay - mid beach,2014-12-19 09:00:00,Timaru,0.0,0.0,0.0,0.0,0.4,0.4,incoming,deep,sandy,1,urban,0,0,0,0.4,1.0,,,,-4.4,2.2,,,,210,-44.38596322,171.2503824,12,51,4,0,9,0,Unknown,Unknown,Unknown,8.0,0.0
170,Caroline Bay - mid beach,2014-12-22 08:00:00,Timaru,0.0,0.0,0.5,6.7,6.9,6.9,ebbing,deep,sandy,1,urban,0,0,0,2.1,10.0,,,,4.8,2.4,,,,210,-44.38596322,171.2503824,12,52,0,0,8,1,Unknown,Unknown,Unknown,8.0,0.0
171,Caroline Bay - mid beach,2015-01-07 08:00:00,Timaru,0.0,0.0,0.0,0.0,0.0,0.0,ebbing,deep,sandy,1,urban,0,0,0,0.0,0.0,,,,3.5,2.3,,,,210,-44.38596322,171.2503824,1,2,2,0,8,0,Unknown,Unknown,Unknown,41.6,0.0
172,Caroline Bay - mid beach,2015-01-14 08:00:00,Timaru,0.0,0.2,0.7,0.7,1.1,3.4,incoming,deep,sandy,1,urban,0,0,0,0.3,6.0,,,,-1.8,2.1,,,,210,-44.38596322,171.2503824,1,3,2,0,8,0,Unknown,Unknown,Unknown,41.6,0.0
173,Caroline Bay - mid beach,2015-01-21 08:00:00,Timaru,0.0,0.0,0.0,0.1,0.6,0.6,ebbing,deep,sandy,1,urban,0,0,0,0.5,2.0,,,,4.8,2.6,,,,210,-44.38596322,171.2503824,1,4,2,0,8,0,Unknown,Unknown,Unknown,38.6,0.0
174,Caroline Bay - mid beach,2015-01-28 08:00:00,Timaru,0.0,0.0,0.0,0.0,0.0,0.0,incoming,deep,sandy,1,urban,0,0,0,0.0,0.0,,,,-1.9,2.3,,,,210,-44.38596322,171.2503824,1,5,2,0,8,0,Unknown,Unknown,Unknown,39.6,0.0
175,Caroline Bay - mid beach,2015-01-28 11:00:00,Timaru,0.0,0.0,0.0,0.0,0.0,0.0,ebbing,deep,sandy,1,urban,0,0,0,0.0,0.0,,,,0.5,2.3,,,,210,-44.38596322,171.2503824,1,5,2,0,11,0,Unknown,Unknown,Unknown,39.6,0.0
176,Caroline Bay - mid beach,2015-02-03 08:00:00,Timaru,0.0,0.0,0.0,0.2,0.2,0.4,ebbing,deep,sandy,1,urban,0,0,0,0.2,1.0,,,,5.2,2.3,,,,210,-44.38596322,171.2503824,2,6,1,0,8,1,Unknown,Unknown,Unknown,6.0,0.0
177,Caroline Bay - mid beach,2015-02-11 08:00:00,Timaru,0.0,0.0,0.0,0.0,10.1,10.1,incoming,deep,sandy,1,urban,0,0,0,4.9,6.0,,,,-0.2,2.0,,,,210,-44.38596322,171.2503824,2,7,2,0,8,0,Unknown,Unknown,Unknown,6.0,0.0
178,Caroline Bay - mid beach,2015-02-18 08:00:00,Timaru,0.0,0.0,0.0,0.0,0.0,0.0,incoming,deep,sandy,1,urban,0,0,0,0.0,0.0,,,,-6.1,2.5,,,,210,-44.38596322,171.2503824,2,8,2,0,8,0,Unknown,Unknown,Unknown,6.0,0.0
179,Caroline Bay - mid beach,2015-02-26 08:00:00,Timaru,0.0,0.0,0.0,0.1,0.1,0.1,incoming,deep,sandy,1,urban,0,0,0,0.1,1.0,,,,-2.3,2.3,,,,210,-44.38596322,171.2503824,2,9,3,0,8,0,Unknown,Unknown,Unknown,6.0,0.0
180,Caroline Bay - mid beach,2015-02-26 13:00:00,Timaru,0.0,0.0,0.0,0.0,0.1,0.1,ebbing,deep,sandy,1,urban,0,0,0,0.1,1.0,,,,2.7,2.3,,,,210,-44.38596322,171.2503824,2,9,3,0,13,0,Unknown,Unknown,Unknown,7.0,0.0
181,Caroline Bay - mid beach,2015-03-04 08:00:00,Timaru,0.2,0.4,0.4,0.5,4.1,4.2,ebbing,deep,sandy,1,urban,0,0,0,1.0,10.0,,,,5.2,2.3,,,,210,-44.38596322,171.2503824,3,10,2,0,8,0,Unknown,Unknown,Unknown,7.0,0.0
182,Caroline Bay - mid beach,2015-03-25 11:00:00,Timaru,0.0,0.0,0.0,0.0,0.0,0.1,ebbing,deep,sandy,1,urban,0,0,0,0.0,0.0,,,,3.4,2.4,,,,210,-44.38596322,171.2503824,3,13,2,0,11,0,Unknown,Unknown,Unknown,7.0,0.0
183,Caroline Bay - mid beach,2015-04-28 12:00:00,Timaru,0.0,0.0,7.1,22.8,23.7,23.7,ebbing,deep,sandy,1,urban,0,0,0,3.1,20.0,,,,0.6,2.2,,,,210,-44.38596322,171.2503824,4,18,1,0,12,1,Unknown,Unknown,Unknown,7.0,0.0
184,Caroline Bay - mid beach,2015-05-22 14:00:00,Timaru,0.0,0.0,0.1,0.1,0.1,0.1,incoming,deep,sandy,1,urban,0,0,0,0.1,1.0,,,,-5.0,2.3,,,,210,-44.38596322,171.2503824,5,21,4,0,14,0,Unknown,Unknown,Unknown,7.0,0.0
185,Caroline Bay - mid beach,2015-06-30 13:00:00,Timaru,0.0,0.0,0.0,0.0,0.0,0.0,incoming,deep,sandy,1,urban,0,0,0,0.0,0.0,,,,-1.0,2.3,,,,210,-44.38596322,171.2503824,6,27,1,0,13,0,Unknown,Unknown,Unknown,6.0,0.0
186,Caroline Bay - mid beach,2015-11-18 08:00:00,Timaru,0.0,0.0,0.0,0.0,0.0,0.7,ebbing,deep,sandy,1,urban,0,0,0,0.0,0.0,,,,0.1,2.3,,,,210,-44.38596322,171.2503824,11,47,2,0,8,0,Unknown,Unknown,Unknown,,0.0
187,Caroline Bay - mid beach,2015-11-25 08:00:00,Timaru,0.0,0.0,0.0,0.0,0.0,0.0,incoming,deep,sandy,1,urban,0,0,0,0.0,0.0,,,,-6.0,2.6,,,,210,-44.38596322,171.2503824,11,48,2,0,8,0,Unknown,Unknown,Unknown,5.0,0.0
188,Caroline Bay - mid beach,2015-12-02 08:00:00,Timaru,0.0,0.0,0.0,0.0,0.0,0.0,ebbing,deep,sandy,1,urban,0,0,0,0.0,0.0,,,,0.1,2.3,,,,210,-44.38596322,171.2503824,12,49,2,0,8,0,Unknown,Unknown,Unknown,5.0,0.0
189,Caroline Bay - mid beach,2015-12-09 08:00:00,Timaru,0.0,0.0,0.0,0.0,1.7,1.7,incoming,deep,sandy,1,urban,0,0,0,1.6,2.0,,,,-5.5,2.2,,,,210,-44.38596322,171.2503824,12,50,2,0,8,0,Unknown,Unknown,Unknown,5.0,0.0
190,Caroline Bay - mid beach,2015-12-16 08:00:00,Timaru,0.2,3.1,7.7,7.7,7.7,11.3,ebbing,deep,sandy,1,urban,0,0,0,1.3,10.0,,,,1.5,2.3,,,,210,-44.38596322,171.2503824,12,51,2,0,8,0,Unknown,Unknown,Unknown,5.0,0.0
191,Caroline Bay - mid beach,2015-12-22 08:00:00,Timaru,0.7,0.7,1.1,1.1,1.2,1.2,incoming,deep,sandy,1,urban,0,0,0,0.4,6.0,,,,-4.5,2.4,,,,210,-44.38596322,171.2503824,12,52,1,0,8,1,Unknown,Unknown,Unknown,16.6,0.0
192,Caroline Bay - mid beach,2015-12-29 15:00:00,Timaru,0.0,0.0,0.0,0.0,0.0,0.0,incoming,deep,sandy,1,urban,0,0,0,0.0,0.0,,,,-3.4,2.3,,,,210,-44.38596322,171.2503824,12,53,1,0,15,1,Unknown,Unknown,Unknown,16.6,0.0
193,Caroline Bay - mid beach,2016-01-07 08:00:00,Timaru,0.0,0.0,0.0,0.0,0.0,0.0,incoming,deep,sandy,1,urban,0,0,0,0.0,0.0,,,,-5.3,2.2,,,,210,-44.38596322,171.2503824,1,1,3,0,8,0,Unknown,Unknown,Unknown,16.6,0.0
194,Caroline Bay - mid beach,2016-01-14 08:00:00,Timaru,0.0,0.0,0.0,1.0,7.0,7.0,ebbing,deep,sandy,1,urban,0,0,0,2.3,9.0,,,,1.9,2.4,,,,210,-44.38596322,171.2503824,1,2,3,0,8,0,Unknown,Unknown,Unknown,16.6,0.0
195,Caroline Bay - mid beach,2016-01-20 09:00:00,Timaru,0.0,0.0,2.5,81.0,82.8,90.5,incoming,deep,sandy,1,urban,0,0,0,19.5,20.0,,,,-3.7,2.4,,,,210,-44.38596322,171.2503824,1,3,2,0,9,0,Unknown,Unknown,Unknown,17.6,0.0
196,Caroline Bay - mid beach,2016-01-22 12:00:00,Timaru,0.0,0.0,0.0,0.0,0.0,69.8,incoming,deep,sandy,1,urban,0,0,0,0.0,0.0,,,,-2.1,2.4,,,,210,-44.38596322,171.2503824,1,3,4,0,12,0,Unknown,Unknown,Unknown,85.0,0.09090909090909091
197,Caroline Bay - mid beach,2016-01-27 08:00:00,Timaru,0.5,1.0,2.7,2.7,2.7,2.7,ebbing,deep,sandy,1,urban,0,0,0,0.6,8.0,,,,3.0,2.3,,,,210,-44.38596322,171.2503824,1,4,2,0,8,0,Unknown,Unknown,Unknown,85.0,0.08333333333333333
198,Caroline Bay - mid beach,2016-02-03 08:00:00,Timaru,0.0,0.0,0.0,0.0,0.0,0.0,incoming,deep,sandy,1,urban,0,0,0,0.0,0.0,,,,-3.4,2.1,,,,210,-44.38596322,171.2503824,2,5,2,0,8,1,Unknown,Unknown,Unknown,100.8,0.07692307692307693
199,Caroline Bay - mid beach,2016-02-05 13:00:00,Timaru,0.0,0.0,0.0,0.3,0.3,0.3,ebbing,deep,sandy,1,urban,0,0,0,0.2,2.0,,,,0.4,2.2,,,,210,-44.38596322,171.2503824,2,5,4,0,13,1,Unknown,Unknown,Unknown,255.0,0.14285714285714285
200,Caroline Bay - mid beach,2016-02-11 08:00:00,Timaru,0.0,0.0,0.0,0.0,0.0,0.0,ebbing,deep,sandy,1,urban,0,0,0,0.0,0.0,,,,3.2,2.5,,,,210,-44.38596322,171.2503824,2,6,3,0,8,0,Unknown,Unknown,Unknown,254.0,0.13333333333333333
201,Caroline Bay - mid beach,2016-02-19 12:00:00,Timaru,0.0,0.0,0.0,0.0,0.9,6.1,incoming,deep,sandy,1,urban,0,0,0,0.6,3.0,,,,-0.9,2.3,,,,210,-44.38596322,171.2503824,2,7,4,0,12,0,Unknown,Unknown,Unknown,176.0,0.125
202,Caroline Bay - mid beach,2016-02-24 09:00:00,Timaru,0.0,0.0,0.0,0.0,0.6,0.8,ebbing,deep,sandy,1,urban,0,0,0,0.2,4.0,,,,4.2,2.3,,,,210,-44.38596322,171.2503824,2,8,2,0,9,0,Unknown,Unknown,Unknown,176.0,0.11764705882352941
203,Caroline Bay - mid beach,2016-11-14 11:00:00,Timaru,0.0,0.0,0.4,0.4,0.5,16.5,incoming,deep,sandy,1,urban,0,0,0,0.4,2.0,,,,-3.8,2.6,,,,210,-44.38596322,171.2503824,11,46,0,0,11,0,Unknown,Unknown,Unknown,,0.0
204,Caroline Bay - mid beach,2016-11-24 08:00:00,Timaru,1.5,2.7,5.5,5.7,5.7,5.7,incoming,deep,sandy,1,urban,0,0,0,0.8,13.0,,,,-3.6,2.3,,,,210,-44.38596322,171.2503824,11,47,3,0,8,0,Unknown,Unknown,Unknown,5.0,0.0
205,Caroline Bay - mid beach,2016-12-01 08:00:00,Timaru,0.5,0.5,1.8,1.8,3.7,3.7,ebbing,deep,sandy,1,urban,0,0,0,0.9,8.0,,,,3.9,2.2,,,,210,-44.38596322,171.2503824,12,48,3,0,8,0,Unknown,Unknown,Unknown,5.0,0.0
206,Caroline Bay - mid beach,2016-12-08 07:00:00,Timaru,0.5,1.6,4.0,4.3,6.1,6.1,incoming,deep,sandy,1,urban,0,0,0,1.2,16.0,,,,-2.8,2.3,,,,210,-44.38596322,171.2503824,12,49,3,0,7,0,Unknown,Unknown,Unknown,10.0,0.0
207,Caroline Bay - mid beach,2016-12-15 14:00:00,Timaru,0.0,0.0,0.0,0.0,1.0,1.0,incoming,deep,sandy,1,urban,0,0,0,0.2,6.0,,,,-2.0,2.6,,,,210,-44.38596322,171.2503824,12,50,3,0,14,0,Unknown,Unknown,Unknown,8.75,0.0
208,Caroline Bay - mid beach,2016-12-22 13:00:00,Timaru,0.0,0.0,0.0,0.0,0.0,0.0,ebbing,deep,sandy,1,urban,0,0,0,0.0,0.0,,,,3.0,2.2,,,,210,-44.38596322,171.2503824,12,51,3,0,13,1,Unknown,Unknown,Unknown,8.0,0.0
209,Caroline Bay - mid beach,2017-01-06 13:00:00,Timaru,0.0,0.0,0.0,0.0,0.0,12.0,ebbing,deep,sandy,1,urban,0,0,0,0.0,0.0,,,,3.7,2.3,,,,210,-44.38596322,171.2503824,1,1,4,0,13,0,Unknown,Unknown,Unknown,8.0,0.0
210,Caroline Bay - mid beach,2017-01-11 08:00:00,Timaru,0.0,0.0,0.0,0.0,0.0,2.0,ebbing,deep,sandy,1,urban,0,0,0,0.0,0.0,,,,5.8,2.6,,,,210,-44.38596322,171.2503824,1,2,2,0,8,0,Unknown,Unknown,Unknown,8.0,0.0
211,Caroline Bay - mid beach,2017-01-18 15:00:00,Timaru,3.2,5.7,5.7,5.7,5.7,5.7,incoming,deep,sandy,1,urban,0,0,0,1.9,5.0,,,,-5.8,2.2,,,,210,-44.38596322,171.2503824,1,3,2,0,15,0,Unknown,Unknown,Unknown,5.0,0.0
212,Caroline Bay - mid beach,2017-01-26 15:00:00,Timaru,0.0,0.0,0.0,0.0,0.0,0.0,ebbing,deep,sandy,1,urban,0,0,0,0.0,0.0,,,,0.2,2.2,,,,210,-44.38596322,171.2503824,1,4,3,0,15,0,Unknown,Unknown,Unknown,5.0,0.0
213,Caroline Bay - mid beach,2017-02-02 07:00:00,Timaru,0.0,0.0,0.0,0.0,0.0,0.0,ebbing,deep,sandy,1,urban,0,0,0,0.0,0.0,,,,0.2,2.3,,,,210,-44.38596322,171.2503824,2,5,3,0,7,1,Unknown,Unknown,Unknown,6.0,0.0
214,Caroline Bay - mid beach,2017-02-07 09:00:00,Timaru,6.0,6.8,8.9,11.6,11.6,11.6,incoming,deep,sandy,1,urban,0,0,0,3.2,10.0,,,,-3.3,2.4,,,,210,-44.38596322,171.2503824,2,6,1,0,9,1,Unknown,Unknown,Unknown,6.0,0.0
215,Caroline Bay - mid beach,2017-02-14 10:00:00,Timaru,0.0,0.0,0.0,0.2,1.8,1.8,ebbing,deep,sandy,1,urban,0,0,0,0.7,6.0,,,,4.6,2.4,,,,210,-44.38596322,171.2503824,2,7,1,0,10,0,Unknown,Unknown,Unknown,7.0,0.0
216,Caroline Bay - mid beach,2017-02-21 10:00:00,Timaru,0.1,0.1,0.1,0.1,0.4,0.4,incoming,deep,sandy,1,urban,0,0,0,0.1,4.0,,,,-2.0,2.1,,,,210,-44.38596322,171.2503824,2,8,1,0,10,0,Unknown,Unknown,Unknown,7.0,0.0
217,Caroline Bay - mid beach,2017-03-01 09:00:00,Timaru,0.0,0.0,0.0,0.0,0.0,0.0,ebbing,deep,sandy,1,urban,0,0,0,0.0,0.0,,,,3.6,2.4,,,,210,-44.38596322,171.2503824,3,9,2,0,9,0,Unknown,Unknown,Unknown,7.0,0.0
218,Caroline Bay - mid beach,2017-11-28 08:00:00,Timaru,0.0,0.0,0.0,0.0,0.0,0.0,incoming,deep,sandy,1,urban,0,0,0,0.0,0.0,,,,-2.5,2.2,,,,210,-44.38596322,171.2503824,11,48,1,0,8,0,Unknown,Unknown,Unknown,,0.0
219,Caroline Bay - mid beach,2017-12-04 08:00:00,Timaru,0.0,0.0,0.0,0.0,0.0,0.0,ebbing,deep,sandy,1,urban,0,0,0,0.0,0.0,,,,4.9,2.6,,,,210,-44.38596322,171.2503824,12,49,0,0,8,0,Unknown,Unknown,Unknown,5.0,0.0
220,Caroline Bay - mid beach,2017-12-11 08:00:00,Timaru,0.0,0.0,0.0,0.0,0.1,0.1,incoming,deep,sandy,1,urban,0,0,0,0.1,1.0,,,,-1.9,2.4,,,,210,-44.38596322,171.2503824,12,50,0,0,8,0,Unknown,Unknown,Unknown,5.0,0.0
221,Caroline Bay - mid beach,2017-12-18 09:00:00,Timaru,0.0,0.0,0.3,0.4,0.4,1.0,ebbing,deep,sandy,1,urban,0,0,0,0.2,3.0,,,,5.3,2.3,,,,210,-44.38596322,171.2503824,12,51,0,0,9,0,Unknown,Unknown,Unknown,5.0,0.0
222,Caroline Bay - mid beach,2017-12-28 08:00:00,Timaru,0.0,0.0,0.0,0.0,4.9,9.1,incoming,deep,sandy,1,urban,0,0,0,1.4,8.0,,,,-3.0,2.2,,,,210,-44.38596322,171.2503824,12,52,3,0,8,1,Unknown,Unknown,Unknown,22.25,0.0
223,Caroline Bay - mid beach,2018-01-03 08:00:00,Timaru,0.2,0.2,0.2,0.2,0.2,0.6,ebbing,deep,sandy,1,urban,0,0,0,0.2,1.0,,,,4.3,2.7,,,,210,-44.38596322,171.2503824,1,1,2,0,8,1,Unknown,Unknown,Unknown,18.8,0.0
224,Caroline Bay - mid beach,2018-01-08 09:00:00,Timaru,0.0,0.0,0.0,0.2,0.2,18.5,incoming,deep,sandy,1,urban,0,0,0,0.2,1.0,,,,0.0,2.4,,,,210,-44.38596322,171.2503824,1,2,0,0,9,0,Unknown,Unknown,Unknown,19.8,0.0
225,Caroline Bay - mid beach,2018-01-15 09:00:00,Timaru,0.0,0.0,0.0,0.0,0.9,2.1,incoming,deep,sandy,1,urban,0,0,0,0.5,2.0,,,,-5.8,2.2,,,,210,-44.38596322,171.2503824,1,3,0,0,9,0,Unknown,Unknown,Unknown,22.8,0.0
226,Caroline Bay - mid beach,2018-01-22 08:00:00,Timaru,0.0,0.0,0.0,0.0,0.0,0.0,ebbing,deep,sandy,1,urban,0,0,0,0.0,0.0,,,,1.4,2.2,,,,210,-44.38596322,171.2503824,1,4,0,0,8,0,Unknown,Unknown,Unknown,23.8,0.0
227,Caroline Bay - mid beach,2018-01-29 08:00:00,Timaru,0.0,0.0,0.0,0.0,0.0,0.5,incoming,deep,sandy,1,urban,0,0,0,0.0,0.0,,,,-5.2,2.4,,,,210,-44.38596322,171.2503824,1,5,0,0,8,0,Unknown,Unknown,Unknown,10.0,0.0
228,Caroline Bay - mid beach,2018-02-07 08:00:00,Timaru,0.0,0.0,0.0,0.0,5.3,5.3,incoming,deep,sandy,1,urban,0,0,0,2.4,5.0,,,,-0.8,2.2,,,,210,-44.38596322,171.2503824,2,6,2,0,8,1,Unknown,Unknown,Unknown,10.0,0.0
229,Caroline Bay - mid beach,2018-02-12 09:00:00,Timaru,0.0,0.0,0.0,6.3,14.2,14.2,incoming,deep,sandy,1,urban,0,0,0,3.6,12.0,,,,-4.8,2.1,,,,210,-44.38596322,171.2503824,2,7,0,0,9,0,Unknown,Unknown,Unknown,10.0,0.0
230,Caroline Bay - mid beach,2018-02-19 14:00:00,Timaru,0.2,0.2,0.2,0.2,0.2,1.0,incoming,deep,sandy,1,urban,0,0,0,0.2,1.0,,,,-4.0,2.2,,,,210,-44.38596322,171.2503824,2,8,0,0,14,0,Unknown,Unknown,Unknown,8.0,0.0
231,Caroline Bay - mid beach,2018-03-05 08:00:00,Timaru,0.0,6.9,8.5,8.6,8.6,8.6,ebbing,deep,sandy,1,urban,0,0,0,4.0,5.0,,,,2.1,2.5,,,,210,-44.38596322,171.2503824,3,10,0,0,8,0,Unknown,Unknown,Unknown,7.0,0.0
232,Caroline Bay - mid beach,2018-03-09 09:00:00,Timaru,0.9,1.7,1.7,1.7,1.7,12.1,incoming,deep,sandy,1,urban,0,0,0,0.8,3.0,,,,-0.8,2.1,,,,210,-44.38596322,171.2503824,3,10,4,0,9,0,Unknown,Unknown,Unknown,49.2,0.0
233,Caroline Bay - mid beach,2018-03-13 08:00:00,Timaru,0.0,0.0,0.0,0.0,0.0,0.0,incoming,deep,sandy,1,urban,0,0,0,0.0,0.0,,,,-4.9,2.1,,,,210,-44.38596322,171.2503824,3,11,1,0,8,0,Unknown,Unknown,Unknown,74.2,0.0
234,Caroline Bay - mid beach,2018-11-12 08:00:00,Timaru,0.0,0.0,0.0,0.0,0.0,12.2,ebbing,deep,sandy,1,urban,0,0,0,0.0,0.0,,,,1.4,2.3,,,,210,-44.38596322,171.2503824,11,46,0,0,8,0,Unknown,Unknown,Unknown,,0.0
235,Caroline Bay - mid beach,2018-11-26 08:00:00,Timaru,0.0,0.0,0.0,4.1,13.3,13.3,ebbing,deep,sandy,1,urban,0,0,0,1.4,25.0,,,,3.0,2.5,,,,210,-44.38596322,171.2503824,11,48,0,0,8,0,Unknown,Unknown,Unknown,5.0,0.0
236,Caroline Bay - mid beach,2018-12-03 08:00:00,Timaru,0.0,0.0,0.0,0.0,0.0,0.0,incoming,deep,sandy,1,urban,0,0,0,0.0,0.0,,,,-4.1,2.4,,,,210,-44.38596322,171.2503824,12,49,0,0,8,0,Unknown,Unknown,Unknown,970.0,0.3333333333333333
237,Caroline Bay - mid beach,2018-12-10 08:00:00,Timaru,0.6,1.6,1.6,1.6,1.6,1.6,ebbing,deep,sandy,1,urban,0,0,0,0.5,4.0,,,,3.0,2.3,,,,210,-44.38596322,171.2503824,12,50,0,0,8,0,Unknown,Unknown,Unknown,653.3333333333334,0.25
238,Caroline Bay - mid beach,2018-12-17 08:00:00,Timaru,0.0,0.0,0.0,0.0,0.0,0.0,incoming,deep,sandy,1,urban,0,0,0,0.0,0.0,,,,-2.5,2.1,,,,210,-44.38596322,171.2503824,12,51,0,0,8,0,Unknown,Unknown,Unknown,491.25,0.2
239,Caroline Bay - mid beach,2018-12-27 11:00:00,Timaru,0.2,3.0,3.1,3.1,3.1,3.1,ebbing,deep,sandy,1,urban,0,0,0,1.7,5.0,,,,4.6,2.5,,,,210,-44.38596322,171.2503824,12,52,3,0,11,1,Unknown,Unknown,Unknown,394.0,0.16666666666666666
240,Caroline Bay - mid beach,2019-01-07 08:00:00,Timaru,0.0,0.0,3.4,10.0,10.0,10.0,ebbing,deep,sandy,1,urban,0,0,0,3.9,8.0,,,,3.8,2.3,,,,210,-44.38596322,171.2503824,1,2,0,0,8,0,Unknown,Unknown,Unknown,394.0,0.14285714285714285
241,Caroline Bay - mid beach,2019-01-14 08:00:00,Timaru,0.5,1.2,6.9,9.3,9.4,16.4,incoming,deep,sandy,1,urban,0,0,0,2.5,12.0,,,,-1.4,2.1,,,,210,-44.38596322,171.2503824,1,3,0,0,8,0,Unknown,Unknown,Unknown,9.0,0.125
242,Caroline Bay - mid beach,2019-01-21 08:00:00,Timaru,0.0,0.0,0.0,0.0,0.3,0.3,ebbing,deep,sandy,1,urban,0,0,0,0.2,2.0,,,,5.5,2.6,,,,210,-44.38596322,171.2503824,1,4,0,0,8,0,Unknown,Unknown,Unknown,24.4,0.1111111111111111
243,Caroline Bay - mid beach,2019-01-28 08:00:00,Timaru,3.4,3.4,3.4,3.4,3.5,3.5,incoming,deep,sandy,1,urban,0,0,0,2.2,3.0,,,,-1.3,2.3,,,,210,-44.38596322,171.2503824,1,5,0,0,8,0,Unknown,Unknown,Unknown,24.4,0.1
244,Caroline Bay - mid beach,2019-01-30 13:00:00,Timaru,0.0,0.0,0.0,0.0,0.0,3.4,ebbing,deep,sandy,1,urban,0,0,0,0.0,0.0,,,,1.3,2.2,,,,210,-44.38596322,171.2503824,1,5,2,0,13,0,Unknown,Unknown,Unknown,221.0,0.18181818181818182
245,Caroline Bay - mid beach,2019-02-04 08:00:00,Timaru,0.0,0.0,0.0,0.0,0.0,5.0,ebbing,deep,sandy,1,urban,0,0,0,0.0,0.0,,,,5.0,2.3,,,,210,-44.38596322,171.2503824,2,6,0,0,8,1,Unknown,Unknown,Unknown,308.2,0.25
246,Caroline Bay - mid beach,2019-02-11 07:00:00,Timaru,0.0,0.0,0.0,0.0,0.0,0.0,incoming,deep,sandy,1,urban,0,0,0,0.0,0.0,,,,-0.6,2.1,,,,210,-44.38596322,171.2503824,2,7,0,0,7,0,Unknown,Unknown,Unknown,308.2,0.23076923076923078
247,Caroline Bay - mid beach,2019-02-20 08:00:00,Timaru,0.0,0.0,0.0,0.0,1.3,1.3,ebbing,deep,sandy,1,urban,0,0,0,0.8,2.0,,,,4.7,2.7,,,,210,-44.38596322,171.2503824,2,8,2,0,8,0,Unknown,Unknown,Unknown,289.8,0.21428571428571427
248,Caroline Bay - mid beach,2019-02-25 07:00:00,Timaru,0.0,0.1,0.6,3.3,8.0,8.2,incoming,deep,sandy,1,urban,0,0,0,1.3,17.0,,,,-0.7,2.3,,,,210,-44.38596322,171.2503824,2,9,0,0,7,0,Unknown,Unknown,Unknown,289.8,0.2
249,Caroline Bay - mid beach,2019-02-27 13:00:00,Timaru,0.0,0.0,0.0,0.0,0.0,1.0,ebbing,deep,sandy,1,urban,0,0,0,0.0,0.0,,,,3.3,2.2,,,,210,-44.38596322,171.2503824,2,9,2,0,13,0,Unknown,Unknown,Unknown,98.4,0.1875
250,Caroline Bay - mid beach,2019-02-28 07:00:00,Timaru,0.0,0.0,0.3,5.5,5.5,5.5,incoming,deep,sandy,1,urban,0,0,0,2.6,4.0,,,,-3.6,2.2,,,,210,-44.38596322,171.2503824,2,9,3,0,7,0,Unknown,Unknown,Unknown,11.2,0.17647058823529413
251,Caroline Bay - mid beach,2019-03-01 08:00:00,Timaru,0.0,0.0,0.0,0.0,5.5,5.5,incoming,deep,sandy,1,urban,0,0,0,2.6,4.0,,,,-4.0,2.2,,,,210,-44.38596322,171.2503824,3,9,4,0,8,0,Unknown,Unknown,Unknown,33.4,0.16666666666666666
252,Caroline Bay - mid beach,2019-03-04 09:00:00,Timaru,0.0,0.0,0.0,0.0,0.1,0.1,incoming,deep,sandy,1,urban,0,0,0,0.1,1.0,,,,-5.6,2.2,,,,210,-44.38596322,171.2503824,3,10,0,0,9,0,Unknown,Unknown,Unknown,40.6,0.15789473684210525
253,Caroline Bay - mid beach,2019-03-11 08:00:00,Timaru,0.0,0.0,0.5,1.6,1.6,1.6,ebbing,deep,sandy,1,urban,0,0,0,0.7,3.0,,,,1.7,2.1,,,,210,-44.38596322,171.2503824,3,11,0,0,8,0,Unknown,Unknown,Unknown,40.6,0.15
254,Caroline Bay - mid beach,2019-07-19 14:00:00,Timaru,0.1,0.4,0.5,0.5,0.5,6.1,incoming,deep,sandy,1,urban,0,0,0,0.3,3.0,,,,-2.9,2.3,,,,210,-44.38596322,171.2503824,7,29,4,0,14,0,Unknown,Unknown,Unknown,42.6,0.14285714285714285
255,Caroline Bay - mid beach,2019-08-14 15:00:00,Timaru,0.0,0.0,0.0,0.0,0.1,0.9,incoming,deep,sandy,1,urban,0,0,0,0.1,1.0,,,,-0.2,2.3,,,,210,-44.38596322,171.2503824,8,33,2,0,15,0,Unknown,Unknown,Unknown,42.6,0.13636363636363635
256,Caroline Bay - mid beach,2019-09-12 15:00:00,Timaru,0.0,0.0,0.0,0.0,0.6,0.6,ebbing,deep,sandy,1,urban,0,0,0,0.3,2.0,,,,0.3,2.3,,,,210,-44.38596322,171.2503824,9,37,3,0,15,0,Unknown,Unknown,Unknown,19.4,0.13043478260869565
257,Caroline Bay - mid beach,2019-10-11 10:00:00,Timaru,0.0,0.0,0.1,0.1,0.1,0.1,incoming,deep,sandy,1,urban,0,0,0,0.1,1.0,,,,-4.1,2.3,,,,210,-44.38596322,171.2503824,10,41,4,0,10,0,Unknown,Unknown,Unknown,,0.0
258,Caroline Bay - mid beach,2019-11-01 14:00:00,Timaru,0.0,0.0,0.0,0.0,1.5,4.8,incoming,deep,sandy,1,urban,0,0,0,0.6,3.0,,,,-4.8,2.3,,,,210,-44.38596322,171.2503824,11,44,4,0,14,0,Unknown,Unknown,Unknown,5.0,0.0
259,Caroline Bay - mid beach,2019-11-11 08:00:00,Timaru,0.4,5.0,9.4,10.2,10.2,10.2,incoming,deep,sandy,1,urban,0,0,0,1.6,12.0,,,,-6.0,2.2,,,,210,-44.38596322,171.2503824,11,46,0,0,8,0,Unknown,Unknown,Unknown,5.0,0.0
260,Caroline Bay - mid beach,2019-11-25 09:00:00,Timaru,0.0,0.0,0.0,0.0,0.0,0.0,incoming,deep,sandy,1,urban,0,0,0,0.0,0.0,,,,-5.2,2.5,,,,210,-44.38596322,171.2503824,11,48,0,0,9,0,Unknown,Unknown,Unknown,5.0,0.0
261,Caroline Bay - mid beach,2019-12-02 14:00:00,Timaru,0.0,0.0,0.0,0.0,0.0,0.0,ebbing,deep,sandy,1,urban,0,0,0,0.0,0.0,,,,6.2,2.3,,,,210,-44.38596322,171.2503824,12,49,0,0,14,0,Unknown,Unknown,Unknown,5.0,0.0
262,Caroline Bay - mid beach,2019-12-09 14:00:00,Timaru,0.0,0.0,0.0,0.0,0.0,27.6,ebbing,deep,sandy,1,urban,0,0,0,0.0,0.0,,,,1.0,2.2,,,,210,-44.38596322,171.2503824,12,50,0,0,14,0,Unknown,Unknown,Unknown,5.0,0.0
263,Caroline Bay - mid beach,2019-12-11 10:00:00,Timaru,0.0,0.0,0.3,0.3,0.3,0.3,incoming,deep,sandy,1,urban,0,0,0,0.2,2.0,,,,-4.3,2.2,,,,210,-44.38596322,171.2503824,12,50,2,0,10,0,Unknown,Unknown,Unknown,5.0,0.0
264,Caroline Bay - mid beach,2019-12-16 14:00:00,Timaru,0.0,0.0,0.0,0.2,0.2,0.3,incoming,deep,sandy,1,urban,0,0,0,0.2,1.0,,,,-4.8,2.2,,,,210,-44.38596322,171.2503824,12,51,0,0,14,0,Unknown,Unknown,Unknown,5.0,0.0
265,Caroline Bay - mid beach,2019-12-23 08:00:00,Timaru,0.0,0.0,0.0,0.0,0.0,1.7,incoming,deep,sandy,1,urban,0,0,0,0.0,0.0,,,,-5.2,2.4,,,,210,-44.38596322,171.2503824,12,52,0,0,8,1,Unknown,Unknown,Unknown,5.0,0.0
266,Caroline Bay - mid beach,2020-01-06 08:00:00,Timaru,0.0,0.0,0.0,0.0,0.4,0.6,incoming,deep,sandy,1,urban,0,0,0,0.2,2.0,,,,-3.5,2.1,,,,210,-44.38596322,171.2503824,1,2,0,0,8,0,Unknown,Unknown,Unknown,5.0,0.0
267,Caroline Bay - mid beach,2020-01-09 10:00:00,Timaru,0.0,0.0,0.0,0.0,0.7,0.7,incoming,deep,sandy,1,urban,0,0,0,0.5,2.0,,,,-3.9,2.2,,,,210,-44.38596322,171.2503824,1,2,3,0,10,0,Unknown,Unknown,Unknown,5.0,0.0
268,Caroline Bay - mid beach,2020-01-13 14:00:00,Timaru,0.0,0.0,0.0,0.0,0.0,0.0,incoming,deep,sandy,1,urban,0,0,0,0.0,0.0,,,,-3.4,2.4,,,,210,-44.38596322,171.2503824,1,3,0,0,14,0,Unknown,Unknown,Unknown,5.0,0.0
269,Caroline Bay - mid beach,2020-01-20 13:00:00,Timaru,0.0,0.0,0.0,0.0,0.0,0.0,ebbing,deep,sandy,1,urban,0,0,0,0.0,0.0,,,,1.6,2.3,,,,210,-44.38596322,171.2503824,1,4,0,0,13,0,Unknown,Unknown,Unknown,5.0,0.0
270,Caroline Bay - mid beach,2020-01-27 13:00:00,Timaru,0.0,0.0,0.0,0.0,0.0,0.0,incoming,deep,sandy,1,urban,0,0,0,0.0,0.0,,,,-3.9,2.2,,,,210,-44.38596322,171.2503824,1,5,0,0,13,0,Unknown,Unknown,Unknown,5.0,0.0
271,Caroline Bay - mid beach,2020-02-03 13:00:00,Timaru,0.0,0.0,0.0,0.2,0.3,0.3,ebbing,deep,sandy,1,urban,0,0,0,0.2,2.0,,,,2.9,2.0,,,,210,-44.38596322,171.2503824,2,6,0,0,13,1,Unknown,Unknown,Unknown,5.0,0.0
272,Caroline Bay - mid beach,2020-02-07 10:00:00,Timaru,1.3,2.3,3.4,3.6,3.6,18.1,incoming,deep,sandy,1,urban,0,0,0,0.6,10.0,,,,-3.6,2.3,,,,210,-44.38596322,171.2503824,2,6,4,0,10,1,Unknown,Unknown,Unknown,5.0,0.0
273,Caroline Bay - mid beach,2020-02-10 13:00:00,Timaru,0.0,0.0,0.0,0.0,0.4,1.3,incoming,deep,sandy,1,urban,0,0,0,0.4,1.0,,,,-2.7,2.5,,,,210,-44.38596322,171.2503824,2,7,0,0,13,0,Unknown,Unknown,Unknown,5.0,0.0
274,Caroline Bay - mid beach,2020-02-19 11:00:00,Timaru,0.1,0.1,0.1,0.1,0.1,0.1,incoming,deep,sandy,1,urban,0,0,0,0.1,1.0,,,,-1.5,2.2,,,,210,-44.38596322,171.2503824,2,8,2,0,11,0,Unknown,Unknown,Unknown,5.0,0.0
275,Caroline Bay - mid beach,2020-02-26 13:00:00,Timaru,0.0,0.0,0.0,0.0,0.0,0.0,incoming,deep,sandy,1,urban,0,0,0,0.0,0.0,,,,-3.9,2.2,,,,210,-44.38596322,171.2503824,2,9,2,0,13,0,Unknown,Unknown,Unknown,5.0,0.0
276,Caroline Bay - mid beach,2020-03-02 08:00:00,Timaru,0.0,0.0,0.0,0.0,0.0,0.5,incoming,deep,sandy,1,urban,0,0,0,0.0,0.0,,,,-0.5,2.0,,,,210,-44.38596322,171.2503824,3,10,0,0,8,0,Unknown,Unknown,Unknown,5.0,0.0
277,Caroline Bay - mid beach,2020-03-11 11:00:00,Timaru,0.0,0.0,0.0,0.0,0.0,3.0,incoming,deep,sandy,1,urban,0,0,0,0.0,0.0,,,,-5.9,2.6,,,,210,-44.38596322,171.2503824,3,11,2,0,11,0,Unknown,Unknown,Unknown,5.0,0.0
278,Caroline Bay - mid beach,2020-05-07 12:00:00,Timaru,0.0,0.2,0.2,0.2,0.3,1.3,incoming,deep,sandy,1,urban,0,0,0,0.1,3.0,,,,-2.9,2.6,,,,210,-44.38596322,171.2503824,5,19,3,0,12,0,Unknown,Unknown,Unknown,10.2,0.0
279,Caroline Bay - mid beach,2020-06-19 11:00:00,Timaru,0.0,0.0,0.1,1.1,8.8,8.8,incoming,deep,sandy,1,urban,0,0,0,1.4,16.0,,,,-3.3,2.2,,,,210,-44.38596322,171.2503824,6,25,4,0,11,0,Unknown,Unknown,Unknown,10.2,0.0
280,Caroline Bay - mid beach,2020-11-09 14:00:00,Timaru,0.0,0.0,0.0,0.0,19.5,19.5,ebbing,deep,sandy,1,urban,0,0,0,1.4,17.0,,,,4.7,2.2,,,,210,-44.38596322,171.2503824,11,46,0,0,14,0,Unknown,Unknown,Unknown,,0.0
281,Caroline Bay - mid beach,2020-11-23 14:00:00,Timaru,0.0,0.0,0.0,0.0,0.0,0.0,ebbing,deep,sandy,1,urban,0,0,0,0.0,0.0,,,,3.9,2.3,,,,210,-44.38596322,171.2503824,11,48,0,0,14,0,Unknown,Unknown,Unknown,5.0,0.0
282,Caroline Bay - mid beach,2020-12-03 13:00:00,Timaru,0.0,0.0,0.0,0.0,0.0,2.2,incoming,deep,sandy,1,urban,0,0,0,0.0,0.0,,,,-4.0,2.1,,,,210,-44.38596322,171.2503824,12,49,3,0,13,0,Unknown,Unknown,Unknown,5.0,0.0
283,Caroline Bay - mid beach,2020-12-07 09:00:00,Timaru,0.0,0.0,0.0,0.0,5.4,5.4,ebbing,deep,sandy,1,urban,0,0,0,2.2,17.0,,,,0.8,2.2,,,,210,-44.38596322,171.2503824,12,50,0,0,9,0,Unknown,Unknown,Unknown,6.666666666666667,0.0
284,Caroline Bay - mid beach,2020-12-14 13:00:00,Timaru,0.0,0.0,0.0,0.0,0.0,0.0,incoming,deep,sandy,1,urban,0,0,0,0.0,0.0,,,,-1.9,2.5,,,,210,-44.38596322,171.2503824,12,51,0,0,13,0,Unknown,Unknown,Unknown,6.25,0.0
285,Caroline Bay - mid beach,2020-12-21 14:00:00,Timaru,1.2,2.4,5.0,5.0,5.0,5.0,ebbing,deep,sandy,1,urban,0,0,0,0.6,12.0,,,,4.9,2.3,,,,210,-44.38596322,171.2503824,12,52,0,0,14,1,Unknown,Unknown,Unknown,6.0,0.0
286,Caroline Bay - mid beach,2020-12-29 08:00:00,Timaru,0.0,0.0,0.0,0.0,0.0,0.0,ebbing,deep,sandy,1,urban,0,0,0,0.0,0.0,,,,5.1,2.2,,,,210,-44.38596322,171.2503824,12,53,1,0,8,1,Unknown,Unknown,Unknown,6.0,0.0
287,Caroline Bay - mid beach,2021-01-05 08:00:00,Timaru,0.6,1.0,1.0,1.0,3.4,11.3,ebbing,deep,sandy,1,urban,0,0,0,2.4,4.0,,,,0.3,2.3,,,,210,-44.38596322,171.2503824,1,1,1,0,8,1,Unknown,Unknown,Unknown,7.0,0.0
288,Caroline Bay - mid beach,2021-01-11 08:00:00,Timaru,0.0,0.0,0.0,0.0,1.0,1.0,incoming,deep,sandy,1,urban,0,0,0,0.4,3.0,,,,-5.3,2.4,,,,210,-44.38596322,171.2503824,1,2,0,0,8,0,Unknown,Unknown,Unknown,6.0,0.0
289,Caroline Bay - mid beach,2021-01-13 14:00:00,Timaru,0.0,0.0,0.0,0.0,0.0,0.0,incoming,deep,sandy,1,urban,0,0,0,0.0,0.0,,,,-1.6,2.4,,,,210,-44.38596322,171.2503824,1,2,2,0,14,0,Unknown,Unknown,Unknown,6.0,0.0
290,Caroline Bay - mid beach,2021-01-14 08:00:00,Timaru,0.0,0.0,0.0,0.0,0.0,0.0,ebbing,deep,sandy,1,urban,0,0,0,0.0,0.0,,,,3.9,2.5,,,,210,-44.38596322,171.2503824,1,2,3,0,8,0,Unknown,Unknown,Unknown,6.0,0.0
291,Caroline Bay - mid beach,2021-01-15 08:00:00,Timaru,0.0,0.0,0.0,0.0,0.0,0.0,ebbing,deep,sandy,1,urban,0,0,0,0.0,0.0,,,,3.3,2.5,,,,210,-44.38596322,171.2503824,1,2,4,0,8,0,Unknown,Unknown,Unknown,7.0,0.0
292,Caroline Bay - mid beach,2021-01-18 08:00:00,Timaru,0.0,0.0,4.3,8.6,8.6,8.6,ebbing,deep,sandy,1,urban,0,0,0,2.1,18.0,,,,0.8,2.3,,,,210,-44.38596322,171.2503824,1,3,0,0,8,0,Unknown,Unknown,Unknown,6.0,0.0
293,Caroline Bay - mid beach,2021-01-25 08:00:00,Timaru,0.0,0.0,0.0,0.0,0.0,0.0,incoming,deep,sandy,1,urban,0,0,0,0.0,0.0,,,,-4.9,2.1,,,,210,-44.38596322,171.2503824,1,4,0,0,8,0,Unknown,Unknown,Unknown,24.4,0.0
294,Caroline Bay - mid beach,2021-02-01 08:00:00,Timaru,0.0,0.0,0.0,0.0,0.0,0.0,ebbing,deep,sandy,1,urban,0,0,0,0.0,0.0,,,,2.5,2.4,,,,210,-44.38596322,171.2503824,2,5,0,0,8,1,Unknown,Unknown,Unknown,27.4,0.0
295,Caroline Bay - mid beach,2021-02-09 13:00:00,Timaru,0.0,0.0,0.0,0.0,0.0,0.0,incoming,deep,sandy,1,urban,0,0,0,0.0,0.0,,,,0.0,2.3,,,,210,-44.38596322,171.2503824,2,6,1,0,13,1,Unknown,Unknown,Unknown,27.4,0.0
296,Caroline Bay - mid beach,2021-02-15 08:00:00,Timaru,0.0,0.0,0.0,0.0,0.0,3.4,ebbing,deep,sandy,1,urban,0,0,0,0.0,0.0,,,,2.4,2.3,,,,210,-44.38596322,171.2503824,2,7,0,0,8,0,Unknown,Unknown,Unknown,27.4,0.0
297,Caroline Bay - mid beach,2021-02-17 14:00:00,Timaru,0.0,0.0,0.0,0.0,9.8,9.8,incoming,deep,sandy,1,urban,0,0,0,2.5,9.0,,,,-6.1,2.1,,,,210,-44.38596322,171.2503824,2,7,2,0,14,0,Unknown,Unknown,Unknown,135.6,0.05555555555555555
298,Caroline Bay - mid beach,2021-02-18 08:00:00,Timaru,0.0,0.0,0.0,0.0,0.0,9.8,incoming,deep,sandy,1,urban,0,0,0,0.0,0.0,,,,-0.1,2.1,,,,210,-44.38596322,171.2503824,2,7,3,0,8,0,Unknown,Unknown,Unknown,117.2,0.05263157894736842
299,Caroline Bay - mid beach,2021-02-19 08:00:00,Timaru,0.0,0.0,0.0,0.0,0.0,0.0,incoming,deep,sandy,1,urban,0,0,0,0.0,0.0,,,,-1.1,2.0,,,,210,-44.38596322,171.2503824,2,7,4,0,8,0,Unknown,Unknown,Unknown,119.4,0.05
300,Caroline Bay - mid beach,2021-02-23 13:00:00,Timaru,0.0,0.0,0.0,0.0,0.0,0.0,ebbing,deep,sandy,1,urban,0,0,0,0.0,0.0,,,,0.6,2.1,,,,210,-44.38596322,171.2503824,2,8,1,0,13,0,Unknown,Unknown,Unknown,122.4,0.047619047619047616
301,Caroline Bay - mid beach,2021-07-14 12:00:00,Timaru,0.0,0.0,0.0,0.0,0.0,0.0,ebbing,deep,sandy,1,urban,0,0,0,0.0,0.0,,,,5.6,2.2,,,,210,-44.38596322,171.2503824,7,28,2,0,12,0,Unknown,Unknown,Unknown,121.4,0.045454545454545456
302,Caroline Bay - mid beach,2021-08-13 14:00:00,Timaru,0.0,0.1,1.9,4.2,4.2,4.2,incoming,deep,sandy,1,urban,0,0,0,2.0,9.0,,,,-4.5,2.3,,,,210,-44.38596322,171.2503824,8,32,4,0,14,0,Unknown,Unknown,Unknown,13.2,0.043478260869565216
303,Caroline Bay - mid beach,2021-09-13 13:00:00,Timaru,0.0,0.3,11.2,11.2,11.2,11.2,ebbing,deep,sandy,1,urban,0,0,0,6.1,8.0,,,,4.4,2.3,,,,210,-44.38596322,171.2503824,9,37,0,0,13,0,Unknown,Unknown,Unknown,13.2,0.041666666666666664
304,Caroline Bay - mid beach,2021-10-18 12:00:00,Timaru,0.0,0.0,0.0,0.2,0.2,0.2,incoming,deep,sandy,1,urban,0,0,0,0.1,2.0,,,,-1.7,2.4,,,,210,-44.38596322,171.2503824,10,42,0,0,12,0,Unknown,Unknown,Unknown,,0.0
305,Caroline Bay - mid beach,2021-11-16 10:00:00,Timaru,0.0,0.0,0.0,0.0,0.4,9.9,incoming,deep,sandy,1,urban,0,0,0,0.2,3.0,,,,-3.7,2.3,,,,210,-44.38596322,171.2503824,11,46,1,0,10,0,Unknown,Unknown,Unknown,5.0,0.0
306,Caroline Bay - mid beach,2021-11-23 08:00:00,Timaru,0.0,0.5,5.3,5.3,7.8,7.8,ebbing,deep,sandy,1,urban,0,0,0,3.4,14.0,,,,2.4,2.2,,,,210,-44.38596322,171.2503824,11,47,1,0,8,0,Unknown,Unknown,Unknown,5.0,0.0
307,Caroline Bay - mid beach,2021-11-29 13:00:00,Timaru,0.0,0.1,0.1,0.1,7.4,19.9,ebbing,deep,sandy,1,urban,0,0,0,4.0,8.0,,,,1.8,2.2,,,,210,-44.38596322,171.2503824,11,48,0,0,13,0,Unknown,Unknown,Unknown,13.333333333333334,0.0
308,Caroline Bay - mid beach,2021-12-06 14:00:00,Timaru,0.0,0.0,0.6,11.5,12.3,12.4,incoming,deep,sandy,1,urban,0,0,0,4.3,13.0,,,,-3.0,2.5,,,,210,-44.38596322,171.2503824,12,49,0,0,14,0,Unknown,Unknown,Unknown,11.25,0.0
309,Caroline Bay - mid beach,2021-12-13 09:00:00,Timaru,0.0,0.0,0.0,0.0,8.4,10.8,incoming,deep,sandy,1,urban,0,0,0,2.7,11.0,,,,-2.6,2.3,,,,210,-44.38596322,171.2503824,12,50,0,0,9,0,Unknown,Unknown,Unknown,10.0,0.0
310,Caroline Bay - mid beach,2021-12-16 09:00:00,Timaru,0.3,1.5,10.6,28.3,29.1,29.1,incoming,deep,sandy,1,urban,0,0,0,4.0,25.0,,,,-4.5,2.2,,,,210,-44.38596322,171.2503824,12,50,3,0,9,0,Unknown,Unknown,Unknown,10.0,0.0
311,Caroline Bay - mid beach,2021-12-20 11:00:00,Timaru,0.0,0.0,0.0,0.0,0.0,12.9,incoming,deep,sandy,1,urban,0,0,0,0.0,0.0,,,,-5.7,2.1,,,,210,-44.38596322,171.2503824,12,51,0,0,11,1,Unknown,Unknown,Unknown,13.0,0.0
312,Caroline Bay - mid beach,2021-12-29 07:00:00,Timaru,0.5,0.5,0.7,3.0,12.0,12.0,incoming,deep,sandy,1,urban,0,0,0,1.4,25.0,,,,-4.2,2.2,,,,210,-44.38596322,171.2503824,12,52,2,0,7,1,Unknown,Unknown,Unknown,15.2,0.0
313,Caroline Bay - mid beach,2022-01-05 08:00:00,Timaru,0.0,0.0,0.0,0.0,0.0,0.0,ebbing,deep,sandy,1,urban,0,0,0,0.0,0.0,,,,2.5,2.6,,,,210,-44.38596322,171.2503824,1,1,2,0,8,1,Unknown,Unknown,Unknown,15.2,0.0
314,Caroline Bay - mid beach,2022-01-11 13:00:00,Timaru,0.0,0.0,0.0,0.0,0.0,0.0,ebbing,deep,sandy,1,urban,0,0,0,0.0,0.0,,,,2.4,2.2,,,,210,-44.38596322,171.2503824,1,2,1,0,13,0,Unknown,Unknown,Unknown,29.0,0.0
315,Caroline Bay - mid beach,2022-01-18 09:00:00,Timaru,0.0,0.0,0.0,0.0,0.0,0.0,ebbing,deep,sandy,1,urban,0,0,0,0.0,0.0,,,,5.2,2.2,,,,210,-44.38596322,171.2503824,1,3,1,0,9,0,Unknown,Unknown,Unknown,29.0,0.0
316,Caroline Bay - mid beach,2022-01-21 12:00:00,Timaru,0.0,0.0,0.0,0.0,14.3,14.4,incoming,deep,sandy,1,urban,0,0,0,3.4,14.0,,,,-5.8,2.1,,,,210,-44.38596322,171.2503824,1,3,4,0,12,0,Unknown,Unknown,Unknown,26.0,0.0
317,Caroline Bay - mid beach,2022-01-24 08:00:00,Timaru,1.7,1.7,2.5,3.3,9.8,9.8,incoming,deep,sandy,1,urban,0,0,0,2.0,14.0,,,,-0.2,2.2,,,,210,-44.38596322,171.2503824,1,4,0,0,8,0,Unknown,Unknown,Unknown,19.8,0.0
318,Caroline Bay - mid beach,2022-01-31 08:00:00,Timaru,0.0,0.0,0.0,0.0,0.0,0.0,ebbing,deep,sandy,1,urban,0,0,0,0.0,0.0,,,,5.8,2.5,,,,210,-44.38596322,171.2503824,1,5,0,0,8,1,Unknown,Unknown,Unknown,22.8,0.0
319,Caroline Bay - mid beach,2022-02-09 13:00:00,Timaru,0.0,0.0,0.0,0.0,0.0,0.2,ebbing,deep,sandy,1,urban,0,0,0,0.0,0.0,,,,3.0,2.1,,,,210,-44.38596322,171.2503824,2,6,2,0,13,1,Unknown,Unknown,Unknown,9.0,0.0
320,Caroline Bay - mid beach,2022-02-14 08:00:00,Timaru,0.0,0.0,0.0,0.4,13.2,14.9,incoming,deep,sandy,1,urban,0,0,0,2.9,16.0,,,,-6.1,2.1,,,,210,-44.38596322,171.2503824,2,7,0,0,8,0,Unknown,Unknown,Unknown,9.0,0.0
321,Caroline Bay - mid beach,2022-02-18 13:00:00,Timaru,0.0,0.0,0.0,0.0,0.0,1.4,incoming,deep,sandy,1,urban,0,0,0,0.0,0.0,,,,-3.9,2.2,,,,210,-44.38596322,171.2503824,2,7,4,0,13,0,Unknown,Unknown,Unknown,20.6,0.0
322,Caroline Bay - mid beach,2022-02-22 12:00:00,Timaru,0.0,0.1,0.1,0.1,0.1,7.8,ebbing,deep,sandy,1,urban,0,0,0,0.1,1.0,,,,5.0,2.2,,,,210,-44.38596322,171.2503824,2,8,1,0,12,0,Unknown,Unknown,Unknown,19.6,0.0
323,Caroline Bay - mid beach,2022-03-11 15:00:00,Timaru,0.0,0.0,0.0,0.0,0.5,0.7,ebbing,deep,sandy,1,urban,0,0,0,0.1,5.0,,,,4.3,2.0,,,,210,-44.38596322,171.2503824,3,10,4,0,15,0,Unknown,Unknown,Unknown,16.6,0.0
324,Caroline Bay - mid beach,2022-03-14 08:00:00,Timaru,0.0,0.0,0.0,0.0,0.0,0.0,incoming,deep,sandy,1,urban,0,0,0,0.0,0.0,,,,-5.1,2.1,,,,210,-44.38596322,171.2503824,3,11,0,0,8,0,Unknown,Unknown,Unknown,55.8,0.0
325,Caroline Bay - mid beach,2022-03-15 08:00:00,Timaru,0.0,0.0,0.0,0.0,0.0,0.0,incoming,deep,sandy,1,urban,0,0,0,0.0,0.0,,,,-5.6,2.1,,,,210,-44.38596322,171.2503824,3,11,1,0,8,0,Unknown,Unknown,Unknown,56.8,0.0
326,Caroline Bay - mid beach,2022-03-17 08:00:00,Timaru,0.0,0.0,0.0,0.2,19.5,19.5,ebbing,deep,sandy,1,urban,0,0,0,10.8,4.0,,,,5.2,2.3,,,,210,-44.38596322,171.2503824,3,11,3,0,8,0,Unknown,Unknown,Unknown,45.2,0.0
327,Caroline Bay - mid beach,2022-04-13 09:00:00,Timaru,0.0,0.0,0.0,10.3,10.3,10.3,incoming,deep,sandy,1,urban,0,0,0,2.5,10.0,,,,-3.8,2.2,,,,210,-44.38596322,171.2503824,4,15,2,0,9,0,Unknown,Unknown,Unknown,52.4,0.0
328,Caroline Bay - mid beach,2022-06-16 15:00:00,Timaru,0.0,0.0,0.0,0.0,0.0,0.0,incoming,deep,sandy,1,urban,0,0,0,0.0,0.0,,,,-2.2,2.6,,,,210,-44.38596322,171.2503824,6,24,3,0,15,0,Unknown,Unknown,Unknown,55.4,0.0
329,Caroline Bay - mid beach,2022-07-14 13:00:00,Timaru,0.0,0.0,0.0,0.0,22.2,42.3,incoming,deep,sandy,1,urban,0,0,0,4.0,13.0,,,,-2.9,2.6,,,,210,-44.38596322,171.2503824,7,28,3,0,13,0,Unknown,Unknown,Unknown,16.2,0.0
330,Caroline Bay - mid beach,2022-08-17 10:00:00,Timaru,0.0,0.0,0.0,0.0,0.0,0.1,ebbing,deep,sandy,1,urban,0,0,0,0.0,0.0,,,,2.6,2.3,,,,210,-44.38596322,171.2503824,8,33,2,0,10,0,Unknown,Unknown,Unknown,24.6,0.0
331,Caroline Bay - mid beach,2022-09-13 10:00:00,Timaru,0.0,0.1,0.1,0.1,0.1,0.1,ebbing,deep,sandy,1,urban,0,0,0,0.1,1.0,,,,5.5,2.5,,,,210,-44.38596322,171.2503824,9,37,1,0,10,0,Unknown,Unknown,Unknown,24.6,0.0
332,Cass Bay at boat ramp,2013-11-12 10:00:00,Lyttelton,0.0,0.0,0.0,0.0,0.0,0.0,incoming,medium,stony,6,urban,1,0,0,0.0,0.0,4.681272719,5.755473171,6.529351704,-2.0,2.5,221.2809175,218.5666253,227.3436742,15,-43.605543,172.693917,11,46,1,0,10,0,Onshore,Onshore,Onshore,,0.0
333,Cass Bay at boat ramp,2013-11-25 09:00:00,Lyttelton,0.0,0.0,0.0,0.0,0.0,0.8,incoming,medium,stony,6,urban,1,0,0,0.0,0.0,3.534283768,7.643802502,11.44878146,-0.5,2.2,221.3149163,224.9342294,221.9644692,15,-43.605543,172.693917,11,48,0,0,9,0,Onshore,Onshore,Onshore,5.0,0.0
334,Cass Bay at boat ramp,2013-12-02 15:00:00,Lyttelton,0.0,0.0,0.0,0.0,0.0,0.0,incoming,medium,stony,6,urban,1,0,0,0.0,0.0,8.159791549,10.10828866,11.75926086,-0.3,2.4,68.70833345,69.41361194,61.515559,15,-43.605543,172.693917,12,49,0,0,15,0,Alongshore,Alongshore,Alongshore,7.5,0.0
335,Cass Bay at boat ramp,2013-12-09 09:00:00,Lyttelton,0.0,0.0,0.0,1.6,1.6,1.6,incoming,medium,stony,6,urban,1,0,0,0.8,3.0,12.30328116,10.57046493,9.762420307,-1.1,2.6,211.3482577,217.7280613,217.5234382,15,-43.605543,172.693917,12,50,0,0,9,0,Onshore,Onshore,Onshore,6.666666666666667,0.0
336,Cass Bay at boat ramp,2013-12-16 16:00:00,Lyttelton,0.0,0.0,0.0,0.0,0.0,0.0,incoming,medium,stony,6,urban,1,0,0,0.0,0.0,2.63881296,4.076237678,4.010525726,0.0,2.2,89.35809445,187.0322581,181.4695398,15,-43.605543,172.693917,12,51,0,0,16,0,Alongshore,Onshore,Onshore,6.25,0.0
337,Cass Bay at boat ramp,2013-12-22 08:00:00,Lyttelton,0.0,1.6,1.8,1.8,1.8,2.0,incoming,medium,stony,6,urban,1,0,0,0.8,3.0,9.978417433,5.220515222,2.88606038,-0.2,2.3,212.9900472,221.2527525,215.9175292,15,-43.605543,172.693917,12,51,6,1,8,1,Onshore,Onshore,Onshore,6.0,0.0
338,Cass Bay at boat ramp,2014-01-06 08:00:00,Lyttelton,0.0,0.0,0.0,0.4,0.4,0.4,ebbing,medium,stony,6,urban,1,0,0,0.4,1.0,8.863516832,5.816369573,5.394375283,0.1,2.7,171.2930051,191.2365352,279.7442854,15,-43.605543,172.693917,1,2,0,0,8,0,Onshore,Onshore,Alongshore,11.2,0.0
339,Cass Bay at boat ramp,2014-01-13 14:00:00,Lyttelton,0.0,0.0,0.0,0.0,0.0,0.0,incoming,medium,stony,6,urban,1,0,0,0.0,0.0,6.17051526,7.020145774,0.581694235,-0.2,2.2,200.7401968,209.2964726,208.6043348,15,-43.605543,172.693917,1,3,0,0,14,0,Onshore,Onshore,Onshore,10.2,0.0
340,Cass Bay at boat ramp,2014-01-20 08:00:00,Lyttelton,0.0,0.0,0.0,0.0,0.0,0.0,ebbing,medium,stony,6,urban,1,0,0,0.0,0.0,3.904221148,6.241252939,8.106350477,0.4,2.3,30.86904823,15.06600332,337.435365,15,-43.605543,172.693917,1,4,0,0,8,0,Offshore,Offshore,Offshore,10.2,0.0
341,Cass Bay at boat ramp,2014-01-28 13:00:00,Lyttelton,0.0,0.0,0.0,0.0,3.4,3.4,incoming,medium,stony,6,urban,1,0,0,1.0,9.0,0.314660034,2.491444237,3.846378476,-0.9,2.4,93.51111902,111.200132,114.6004096,15,-43.605543,172.693917,1,5,1,0,13,0,Alongshore,Alongshore,Alongshore,28.6,0.0
342,Cass Bay at boat ramp,2014-02-03 07:00:00,Lyttelton,0.0,0.0,0.0,0.0,0.2,0.6,ebbing,medium,stony,6,urban,1,0,0,0.2,1.0,2.934637597,1.818367075,1.826336112,0.4,2.7,347.9623091,338.2540292,19.11754028,15,-43.605543,172.693917,2,6,0,0,7,1,Offshore,Offshore,Offshore,28.6,0.0
343,Cass Bay at boat ramp,2014-02-10 14:00:00,Lyttelton,0.0,0.0,0.0,0.0,0.0,0.0,ebbing,medium,stony,6,urban,1,0,0,0.0,0.0,7.377575083,3.438686547,2.651736543,0.9,2.2,136.2707678,186.946162,191.5759374,15,-43.605543,172.693917,2,7,0,0,14,0,Alongshore,Onshore,Onshore,23.4,0.0
344,Cass Bay at boat ramp,2014-02-17 07:00:00,Lyttelton,0.0,0.0,0.0,0.0,0.0,0.2,ebbing,medium,stony,6,urban,1,0,0,0.0,0.0,12.27171344,12.09008929,12.54457976,0.9,2.3,65.5399757,58.47132707,50.71872918,15,-43.605543,172.693917,2,8,0,0,7,0,Alongshore,Offshore,Offshore,23.4,0.0
345,Cass Bay at boat ramp,2014-02-24 10:00:00,Lyttelton,0.0,0.0,0.0,2.0,9.2,9.2,incoming,medium,stony,6,urban,1,0,0,5.6,6.0,4.153416637,6.91253022,11.48884983,-1.7,2.3,44.92243317,37.33497243,21.00617494,15,-43.605543,172.693917,2,9,0,0,10,0,Offshore,Offshore,Offshore,23.4,0.0
346,Cass Bay at boat ramp,2014-03-06 07:00:00,Lyttelton,0.0,0.0,0.0,19.0,167.4,172.0,incoming,medium,stony,6,urban,1,0,0,10.6,29.0,3.981016988,2.103946909,2.183109767,-1.0,2.4,18.60365951,353.6072612,243.9545071,15,-43.605543,172.693917,3,10,3,0,7,0,Offshore,Offshore,Alongshore,6.0,0.0
347,Cass Bay at boat ramp,2014-11-18 14:00:00,Lyttelton,0.0,0.0,0.0,0.0,0.0,0.0,ebbing,medium,stony,6,urban,1,0,0,0.0,0.0,5.489751584,3.866063644,8.284264685,0.7,2.2,65.99287023,136.3329232,255.8259021,15,-43.605543,172.693917,11,47,1,0,14,0,Alongshore,Alongshore,Alongshore,,0.0
348,Cass Bay at boat ramp,2014-11-24 17:00:00,Lyttelton,0.0,0.0,0.0,0.0,0.6,0.6,incoming,medium,stony,6,urban,1,0,0,0.6,1.0,8.325777793,16.49292688,16.89602488,-0.9,2.3,53.58582696,53.48714014,55.24821066,15,-43.605543,172.693917,11,48,0,0,17,0,Offshore,Offshore,Offshore,5.0,0.0
349,Cass Bay at boat ramp,2014-12-08 18:00:00,Lyttelton,0.0,0.0,0.0,0.0,0.0,0.0,ebbing,medium,stony,6,urban,1,0,0,0.0,0.0,9.223550817,10.96848026,11.31479607,0.1,2.3,55.52287518,54.18696671,52.82133508,15,-43.605543,172.693917,12,50,0,0,18,0,Offshore,Offshore,Offshore,5.0,0.0
350,Cass Bay at boat ramp,2014-12-15 12:00:00,Lyttelton,0.0,0.0,0.0,0.0,0.0,1.0,ebbing,medium,stony,6,urban,1,0,0,0.0,0.0,7.383635218,8.702250298,9.529663741,1.3,2.2,65.93705147,61.39439698,51.91118754,15,-43.605543,172.693917,12,51,0,0,12,0,Alongshore,Alongshore,Offshore,5.0,0.0
351,Cass Bay at boat ramp,2014-12-22 16:00:00,Lyttelton,0.0,0.0,0.0,7.4,7.4,7.8,incoming,medium,stony,6,urban,1,0,0,3.4,7.0,8.342827899,10.98723282,14.42985802,-0.1,2.4,57.29787953,60.89164817,55.16078546,15,-43.605543,172.693917,12,52,0,0,16,1,Offshore,Alongshore,Offshore,5.0,0.0
352,Cass Bay at boat ramp,2014-12-29 10:00:00,Lyttelton,0.0,0.0,0.0,0.0,1.4,1.4,incoming,medium,stony,6,urban,1,0,0,1.4,1.0,6.598354739,9.564490834,11.80833282,-0.7,2.5,59.98691772,52.27351122,35.02965852,15,-43.605543,172.693917,12,1,0,0,10,1,Offshore,Offshore,Offshore,5.0,0.0
353,Cass Bay at boat ramp,2015-01-06 06:00:00,Lyttelton,0.0,0.0,0.0,0.0,0.0,0.0,ebbing,medium,stony,6,urban,1,0,0,0.0,0.0,2.794355301,2.66797691,2.778677069,0.7,2.4,290.6367802,299.042899,351.8194995,15,-43.605543,172.693917,1,2,1,0,6,0,Alongshore,Alongshore,Offshore,5.0,0.0
354,Cass Bay at boat ramp,2015-01-12 10:00:00,Lyttelton,0.0,0.0,0.0,0.0,0.0,0.0,ebbing,medium,stony,6,urban,1,0,0,0.0,0.0,7.530740784,5.563194066,3.207853362,0.4,2.2,258.5003479,248.8788784,238.9477874,15,-43.605543,172.693917,1,3,0,0,10,0,Alongshore,Alongshore,Onshore,5.0,0.0
355,Cass Bay at boat ramp,2015-01-19 16:00:00,Lyttelton,0.0,0.0,0.0,0.0,0.0,0.0,ebbing,medium,stony,6,urban,1,0,0,0.0,0.0,8.926514592,11.19140914,14.59802344,0.4,2.4,313.3333634,308.2108385,321.8046426,15,-43.605543,172.693917,1,4,0,0,16,0,Alongshore,Alongshore,Alongshore,5.0,0.0
356,Cass Bay at boat ramp,2015-01-21 09:00:00,Lyttelton,0.0,0.2,0.4,0.4,0.4,0.4,ebbing,medium,stony,6,urban,1,0,0,0.2,2.0,1.822043175,0.842881101,2.511161126,4.6,2.6,94.74834515,46.65451948,333.3887487,15,-43.605543,172.693917,1,4,2,0,9,0,Alongshore,Offshore,Offshore,69.4,0.1
357,Cass Bay at boat ramp,2015-01-26 09:00:00,Lyttelton,0.0,0.0,0.0,0.0,0.0,0.0,incoming,medium,stony,6,urban,1,0,0,0.0,0.0,19.19187769,19.39223506,19.60579558,-0.3,2.6,47.37621935,45.75759785,46.09405489,15,-43.605543,172.693917,1,5,0,0,9,0,Offshore,Offshore,Offshore,81.0,0.09090909090909091
358,Cass Bay at boat ramp,2015-02-02 16:00:00,Lyttelton,0.0,0.0,0.0,0.0,0.0,1.8,ebbing,medium,stony,6,urban,1,0,0,0.0,0.0,6.340114682,12.84738204,14.8952402,0.1,2.3,298.1645174,309.0879351,332.3110905,15,-43.605543,172.693917,2,6,0,0,16,1,Alongshore,Alongshore,Offshore,81.0,0.08333333333333333
359,Cass Bay at boat ramp,2015-02-09 09:00:00,Lyttelton,0.0,0.0,0.0,0.0,0.0,0.0,ebbing,medium,stony,6,urban,1,0,0,0.0,0.0,4.510385351,8.132227398,18.00905913,0.5,2.2,309.5748338,314.0766672,308.813714,15,-43.605543,172.693917,2,7,0,0,9,1,Alongshore,Alongshore,Alongshore,81.0,0.07692307692307693
360,Cass Bay at boat ramp,2015-02-16 13:00:00,Lyttelton,0.0,0.0,0.0,0.0,0.0,0.0,incoming,medium,stony,6,urban,1,0,0,0.0,0.0,3.282455415,4.698328976,6.417961728,-0.5,2.3,63.72303151,64.1910932,43.70392666,15,-43.605543,172.693917,2,8,0,0,13,0,Alongshore,Alongshore,Offshore,81.0,0.07142857142857142
361,Cass Bay at boat ramp,2015-02-23 08:00:00,Lyttelton,0.0,0.4,0.8,0.8,3.0,3.0,ebbing,medium,stony,6,urban,1,0,0,1.6,6.0,5.304933362,3.758967301,3.392757199,0.2,2.6,239.4785484,217.8172237,219.4069169,15,-43.605543,172.693917,2,9,0,0,8,0,Onshore,Onshore,Onshore,16.6,0.06666666666666667
362,Cass Bay at boat ramp,2015-03-02 14:00:00,Lyttelton,0.0,0.0,0.0,0.0,0.0,0.0,ebbing,medium,stony,6,urban,1,0,0,0.0,0.0,4.437317644,7.444277317,14.36514986,0.1,2.2,315.0719297,327.2035551,327.3385307,15,-43.605543,172.693917,3,10,0,0,14,0,Alongshore,Alongshore,Alongshore,8.0,0.0625
363,Cass Bay at boat ramp,2015-11-17 09:00:00,Lyttelton,0.0,0.0,0.0,0.0,0.0,0.0,ebbing,medium,stony,6,urban,1,0,0,0.0,0.0,2.42511697,8.195243616,10.66076407,0.7,2.3,254.3300519,257.138558,284.0637889,15,-43.605543,172.693917,11,47,1,0,9,0,Alongshore,Alongshore,Alongshore,,0.0
364,Cass Bay at boat ramp,2015-11-23 14:00:00,Lyttelton,0.0,0.0,0.0,0.0,0.0,0.0,ebbing,medium,stony,6,urban,1,0,0,0.0,0.0,5.508553515,5.487602444,6.903782715,0.3,2.5,330.6302517,48.3858715,55.05798711,15,-43.605543,172.693917,11,48,0,0,14,0,Offshore,Offshore,Offshore,5.0,0.0
365,Cass Bay at boat ramp,2015-11-30 08:00:00,Lyttelton,0.0,0.0,0.0,0.0,0.8,0.8,ebbing,medium,stony,6,urban,1,0,0,0.4,2.0,15.8287471,15.07544192,14.74320218,0.6,2.5,68.74629117,67.31572485,64.31751354,15,-43.605543,172.693917,11,49,0,0,8,0,Alongshore,Alongshore,Alongshore,5.0,0.0
366,Cass Bay at boat ramp,2015-12-10 15:00:00,Lyttelton,0.0,0.0,0.0,0.0,0.0,1.4,incoming,medium,stony,6,urban,1,0,0,0.0,0.0,6.164976786,9.692675245,11.58840055,-0.5,2.2,70.39688612,70.54652231,67.78406933,15,-43.605543,172.693917,12,50,3,0,15,0,Alongshore,Alongshore,Alongshore,10.0,0.0
367,Cass Bay at boat ramp,2015-12-14 06:00:00,Lyttelton,0.2,0.2,0.2,8.2,8.2,8.2,incoming,medium,stony,6,urban,1,0,0,4.6,5.0,1.232918226,1.324701946,2.003069224,-0.2,2.4,296.0822338,307.883628,274.6650048,15,-43.605543,172.693917,12,51,0,0,6,0,Alongshore,Alongshore,Alongshore,8.75,0.0
368,Cass Bay at boat ramp,2015-12-23 14:00:00,Lyttelton,0.0,0.0,0.0,0.4,1.8,1.8,incoming,medium,stony,6,urban,1,0,0,0.8,5.0,2.292946004,1.130465848,5.269575827,-0.5,2.5,61.53340303,236.8611058,259.3295698,15,-43.605543,172.693917,12,52,2,0,14,1,Alongshore,Onshore,Alongshore,8.0,0.0
369,Cass Bay at boat ramp,2016-01-05 13:00:00,Lyttelton,0.0,0.0,0.0,0.0,0.2,15.2,incoming,medium,stony,6,urban,1,0,0,0.2,1.0,6.537085134,8.024087907,11.99417022,-0.1,2.1,77.89997166,78.77514117,78.13217186,15,-43.605543,172.693917,1,1,1,0,13,1,Alongshore,Alongshore,Alongshore,8.0,0.0
370,Cass Bay at boat ramp,2016-01-11 16:00:00,Lyttelton,0.0,0.0,0.0,0.0,0.0,0.0,incoming,medium,stony,6,urban,1,0,0,0.0,0.0,15.7063721,22.39647871,24.56418078,-1.0,2.3,78.97828927,78.87279478,75.51051352,15,-43.605543,172.693917,1,2,0,0,16,0,Alongshore,Alongshore,Alongshore,8.0,0.0
371,Cass Bay at boat ramp,2016-01-18 11:00:00,Lyttelton,1.6,2.4,2.4,2.6,2.8,15.4,incoming,medium,stony,6,urban,1,0,0,0.8,6.0,10.08630177,10.74263357,9.832268335,-0.5,2.4,52.9355895,54.02348854,49.77954596,15,-43.605543,172.693917,1,3,0,0,11,0,Offshore,Offshore,Offshore,5.0,0.0
372,Cass Bay at boat ramp,2016-01-25 17:00:00,Lyttelton,0.0,0.0,0.0,0.0,0.0,0.0,incoming,medium,stony,6,urban,1,0,0,0.0,0.0,2.258294849,4.682800102,3.053188123,-0.8,2.3,31.1474824,307.505512,351.495189,15,-43.605543,172.693917,1,4,0,0,17,0,Offshore,Alongshore,Offshore,5.0,0.0
373,Cass Bay at boat ramp,2016-02-02 11:00:00,Lyttelton,0.0,0.0,0.0,0.0,0.0,0.0,incoming,medium,stony,6,urban,1,0,0,0.0,0.0,1.094626973,2.008251284,4.622258488,-0.6,2.1,83.08284502,92.61910461,264.081399,15,-43.605543,172.693917,2,5,1,0,11,1,Alongshore,Alongshore,Alongshore,5.0,0.0
374,Cass Bay at boat ramp,2016-02-09 16:00:00,Lyttelton,0.0,0.0,0.0,0.0,0.0,0.0,incoming,medium,stony,6,urban,1,0,0,0.0,0.0,1.50880364,6.238883547,13.99253319,-0.9,2.4,260.8572478,247.0972085,83.1294413,15,-43.605543,172.693917,2,6,1,0,16,1,Alongshore,Alongshore,Alongshore,5.0,0.0
375,Cass Bay at boat ramp,2016-02-15 11:00:00,Lyttelton,0.0,0.0,0.0,0.0,0.0,0.0,ebbing,medium,stony,6,urban,1,0,0,0.0,0.0,0.581970089,1.378895055,3.847141323,0.7,2.5,75.11663701,75.05102802,18.80423504,15,-43.605543,172.693917,2,7,0,0,11,0,Alongshore,Alongshore,Offshore,5.0,0.0
376,Cass Bay at boat ramp,2016-02-22 16:00:00,Lyttelton,0.0,0.0,0.0,0.0,0.0,0.0,incoming,medium,stony,6,urban,1,0,0,0.0,0.0,8.947259224,14.35799362,16.32345819,-0.9,2.3,73.8532197,71.8009507,74.22159222,15,-43.605543,172.693917,2,8,0,0,16,0,Alongshore,Alongshore,Alongshore,5.0,0.0
377,Cass Bay at boat ramp,2016-02-29 11:00:00,Lyttelton,0.0,0.0,0.0,0.0,0.0,0.0,ebbing,medium,stony,6,urban,1,0,0,0.0,0.0,12.34763848,15.78532495,13.12760947,1.5,2.1,223.3331537,232.8764448,246.1464276,15,-43.605543,172.693917,2,9,0,0,11,0,Onshore,Onshore,Alongshore,5.0,0.0
378,Cass Bay at boat ramp,2016-11-21 11:00:00,Lyttelton,0.0,0.0,0.0,0.0,0.0,0.0,ebbing,medium,stony,6,urban,1,0,0,0.0,0.0,2.604226268,5.824615112,8.013016843,0.8,2.5,81.85342825,75.55195989,72.23947135,15,-43.605543,172.693917,11,47,0,0,11,0,Alongshore,Alongshore,Alongshore,,0.0
379,Cass Bay at boat ramp,2016-11-28 15:00:00,Lyttelton,0.0,0.0,0.0,0.0,0.0,0.0,incoming,medium,stony,6,urban,1,0,0,0.0,0.0,3.476801117,6.377164758,18.139552,-1.0,2.2,70.04982179,83.85433711,175.0416284,15,-43.605543,172.693917,11,48,0,0,15,0,Alongshore,Alongshore,Onshore,5.0,0.0
380,Cass Bay at boat ramp,2016-12-05 08:00:00,Lyttelton,0.0,0.0,0.0,0.0,0.0,0.8,incoming,medium,stony,6,urban,1,0,0,0.0,0.0,7.456307004,6.33069773,7.673580366,-0.7,2.3,65.61623766,62.07673182,55.892965,15,-43.605543,172.693917,12,49,0,0,8,0,Alongshore,Alongshore,Offshore,5.0,0.0
381,Cass Bay at boat ramp,2016-12-12 14:00:00,Lyttelton,0.2,1.0,5.6,6.2,9.2,9.2,incoming,medium,stony,6,urban,1,0,0,2.2,15.0,13.86665346,21.25193701,25.29911981,-0.1,2.5,219.6469072,228.0221641,231.0930274,15,-43.605543,172.693917,12,50,0,0,14,0,Onshore,Onshore,Onshore,5.0,0.0
382,Cass Bay at boat ramp,2016-12-19 08:00:00,Lyttelton,0.0,0.0,0.0,0.0,0.0,0.0,incoming,medium,stony,6,urban,1,0,0,0.0,0.0,2.455043991,3.52321929,11.59937489,-0.7,2.6,60.80445375,29.89549385,326.696978,15,-43.605543,172.693917,12,51,0,0,8,0,Alongshore,Offshore,Alongshore,14.0,0.0
383,Cass Bay at boat ramp,2016-12-28 15:00:00,Lyttelton,0.0,0.0,0.0,0.0,0.0,0.0,incoming,medium,stony,6,urban,1,0,0,0.0,0.0,14.34376926,18.53487472,19.02890352,-1.3,2.2,70.69706385,71.51663058,65.79576475,15,-43.605543,172.693917,12,52,2,0,15,1,Alongshore,Alongshore,Alongshore,12.2,0.0
384,Cass Bay at boat ramp,2017-01-04 08:00:00,Lyttelton,0.0,0.0,0.4,1.2,1.2,1.2,incoming,medium,stony,6,urban,1,0,0,0.4,5.0,8.836787782,8.460073775,3.233733812,-0.8,2.4,276.8704937,263.1782491,256.8229482,15,-43.605543,172.693917,1,1,2,0,8,1,Alongshore,Alongshore,Alongshore,12.2,0.0
385,Cass Bay at boat ramp,2017-01-09 15:00:00,Lyttelton,0.0,0.0,0.0,0.0,3.4,15.0,ebbing,medium,stony,6,urban,1,0,0,1.4,8.0,2.525480381,12.95443826,16.36592807,1.3,2.4,74.81919388,67.40123633,30.4271962,15,-43.605543,172.693917,1,2,0,0,15,0,Alongshore,Alongshore,Offshore,13.2,0.0
386,Cass Bay at boat ramp,2017-01-16 08:00:00,Lyttelton,0.0,0.0,0.0,0.0,0.6,0.6,ebbing,medium,stony,6,urban,1,0,0,0.6,1.0,2.541747543,8.251962232,12.61944084,0.3,2.6,65.98009669,50.24156573,316.3347932,15,-43.605543,172.693917,1,3,0,0,8,0,Alongshore,Offshore,Alongshore,13.2,0.0
387,Cass Bay at boat ramp,2017-01-24 15:00:00,Lyttelton,0.0,0.0,0.0,0.0,4.2,13.4,ebbing,medium,stony,6,urban,1,0,0,1.2,9.0,17.6617243,19.34532207,22.09331478,0.6,2.1,72.98632174,74.84453804,76.50985221,15,-43.605543,172.693917,1,4,1,0,15,0,Alongshore,Alongshore,Alongshore,6.0,0.0
388,Cass Bay at boat ramp,2017-01-30 07:00:00,Lyttelton,0.0,0.0,0.0,0.0,0.0,0.0,ebbing,medium,stony,6,urban,1,0,0,0.0,0.0,1.361628657,5.877152109,10.82240348,0.8,2.4,62.24054932,73.10289362,330.1335805,15,-43.605543,172.693917,1,5,0,0,7,0,Alongshore,Alongshore,Offshore,6.0,0.0
389,Cass Bay at boat ramp,2017-02-07 14:00:00,Lyttelton,0.0,0.0,0.0,0.3,0.3,0.3,ebbing,medium,stony,6,urban,1,0,0,0.2,2.0,1.919284131,3.915521752,5.562568129,0.6,2.4,69.2905831,120.7840626,209.2866245,15,-43.605543,172.693917,2,6,1,0,14,1,Alongshore,Alongshore,Onshore,6.0,0.0
390,Cass Bay at boat ramp,2017-02-13 07:00:00,Lyttelton,0.0,0.0,0.0,0.0,0.0,0.0,ebbing,medium,stony,6,urban,1,0,0,0.0,0.0,3.990093856,6.453812023,8.100860593,0.8,2.5,57.10915668,44.84465482,353.4982985,15,-43.605543,172.693917,2,7,0,0,7,0,Offshore,Offshore,Offshore,5.0,0.0
391,Cass Bay at boat ramp,2017-02-20 11:00:00,Lyttelton,0.0,0.0,0.0,0.0,0.8,2.8,incoming,medium,stony,6,urban,1,0,0,0.2,4.0,17.21397403,15.91975118,15.73277428,-1.1,2.1,67.62924035,69.03849899,69.23472638,15,-43.605543,172.693917,2,8,0,0,11,0,Alongshore,Alongshore,Alongshore,6.0,0.0
392,Cass Bay at boat ramp,2017-03-02 07:00:00,Lyttelton,0.0,0.0,0.0,0.0,0.0,0.0,incoming,medium,stony,6,urban,1,0,0,0.0,0.0,3.312174187,2.062715962,1.114696684,-0.4,2.5,300.7428363,344.4149814,299.9625649,15,-43.605543,172.693917,3,9,3,0,7,0,Alongshore,Offshore,Alongshore,6.0,0.0
393,Cass Bay at boat ramp,2017-11-23 07:00:00,Lyttelton,0.0,0.0,0.0,0.0,0.0,0.0,incoming,medium,stony,6,urban,1,0,0,0.0,0.0,1.718093456,0.432738345,3.318228576,-0.4,2.2,125.9735323,197.9773343,68.27434203,15,-43.605543,172.693917,11,47,3,0,7,0,Alongshore,Onshore,Alongshore,,0.0
394,Cass Bay at boat ramp,2017-11-29 12:00:00,Lyttelton,0.0,0.0,0.0,0.0,0.0,0.0,incoming,medium,stony,6,urban,1,0,0,0.0,0.0,4.563543539,6.588987012,9.257992895,-0.2,2.3,74.06492402,77.02042186,72.65352768,15,-43.605543,172.693917,11,48,2,0,12,0,Alongshore,Alongshore,Alongshore,5.0,0.0
395,Cass Bay at boat ramp,2017-12-06 07:00:00,Lyttelton,0.0,0.0,0.0,0.0,0.0,0.0,ebbing,medium,stony,6,urban,1,0,0,0.0,0.0,3.516121705,2.46003646,0.868025725,0.5,2.7,135.8028798,86.24076309,39.97372475,15,-43.605543,172.693917,12,49,2,0,7,0,Alongshore,Alongshore,Offshore,5.0,0.0
396,Cass Bay at boat ramp,2017-12-13 13:00:00,Lyttelton,0.0,0.0,1.2,1.2,1.2,1.2,incoming,medium,stony,6,urban,1,0,0,0.6,2.0,14.22588447,17.0887696,20.49877227,-0.1,2.3,68.18422502,64.86175119,60.17238518,15,-43.605543,172.693917,12,50,2,0,13,0,Alongshore,Alongshore,Alongshore,5.0,0.0
397,Cass Bay at boat ramp,2017-12-20 07:00:00,Lyttelton,0.0,0.0,0.0,0.0,0.0,0.2,ebbing,medium,stony,6,urban,1,0,0,0.0,0.0,25.75978883,27.61384624,23.73092968,0.6,2.3,224.8621236,227.0707952,227.7263991,15,-43.605543,172.693917,12,51,2,0,7,1,Onshore,Onshore,Onshore,5.0,0.0
398,Cass Bay at boat ramp,2017-12-28 11:00:00,Lyttelton,0.0,0.0,0.0,0.2,3.8,5.4,incoming,medium,stony,6,urban,1,0,0,1.0,8.0,7.393218074,7.218351276,8.538719976,-0.7,2.3,226.8577299,238.7220856,229.636414,15,-43.605543,172.693917,12,52,3,0,11,1,Onshore,Onshore,Onshore,6.0,0.0
399,Cass Bay at boat ramp,2018-01-10 13:00:00,Lyttelton,1.6,2.0,3.0,3.0,3.0,3.0,ebbing,medium,stony,6,urban,1,0,0,1.0,7.0,16.72589337,17.95236205,17.29687261,1.6,2.3,249.4789986,258.6684024,261.9345949,15,-43.605543,172.693917,1,2,2,0,13,0,Alongshore,Alongshore,Alongshore,6.0,0.0
400,Cass Bay at boat ramp,2018-01-15 14:00:00,Lyttelton,0.0,0.0,0.0,0.0,0.0,0.2,incoming,medium,stony,6,urban,1,0,0,0.0,0.0,18.43648641,24.19451238,24.72572996,-1.9,2.2,73.98123071,72.0206564,67.34649601,15,-43.605543,172.693917,1,3,0,0,14,0,Alongshore,Alongshore,Alongshore,64.2,0.125
401,Cass Bay at boat ramp,2018-01-24 12:00:00,Lyttelton,0.0,0.0,0.0,0.0,0.0,0.0,ebbing,medium,stony,6,urban,1,0,0,0.0,0.0,0.617275725,2.332076301,4.003119497,1.9,2.3,91.00985005,111.153514,216.7115323,15,-43.605543,172.693917,1,4,2,0,12,0,Alongshore,Alongshore,Onshore,65.2,0.1111111111111111
402,Cass Bay at boat ramp,2018-02-02 10:00:00,Lyttelton,0.4,1.0,2.2,2.2,2.2,2.2,ebbing,medium,stony,6,urban,1,0,0,0.6,8.0,21.34330912,21.83770834,23.1209269,4.8,2.7,236.3081099,239.9232536,243.9704898,15,-43.605543,172.693917,2,5,4,0,10,1,Onshore,Onshore,Alongshore,65.2,0.1
403,Cass Bay at boat ramp,2018-02-05 07:00:00,Lyttelton,0.0,0.0,0.0,0.0,1.2,1.8,incoming,medium,stony,6,urban,1,0,0,0.6,3.0,7.841805183,3.669245855,1.147186312,-0.9,2.5,345.9589678,318.858367,300.6674351,15,-43.605543,172.693917,2,6,0,0,7,1,Offshore,Alongshore,Alongshore,300.6,0.18181818181818182
404,Cass Bay at boat ramp,2018-02-07 07:00:00,Lyttelton,0.0,0.4,0.4,0.4,0.4,0.4,incoming,medium,stony,6,urban,1,0,0,0.4,1.0,4.573222761,3.426806943,3.300307538,-2.9,2.3,91.35669098,61.61538112,39.02219402,15,-43.605543,172.693917,2,6,2,0,7,1,Alongshore,Alongshore,Offshore,300.6,0.16666666666666666
405,Cass Bay at boat ramp,2018-02-14 14:00:00,Lyttelton,0.0,0.0,0.0,0.0,0.0,0.6,incoming,medium,stony,6,urban,1,0,0,0.0,0.0,13.17873437,15.71515744,14.98562626,-1.4,2.2,239.7241714,243.7007236,245.6725498,15,-43.605543,172.693917,2,7,2,0,14,0,Onshore,Alongshore,Alongshore,242.4,0.15384615384615385
406,Cass Bay at boat ramp,2018-02-27 15:00:00,Lyttelton,0.0,0.0,0.0,0.0,3.4,3.4,ebbing,medium,stony,6,urban,1,0,0,1.2,6.0,5.41757839,10.67814931,13.261579,1.2,2.4,79.12062487,78.62658188,86.53929363,15,-43.605543,172.693917,2,9,1,0,15,0,Alongshore,Alongshore,Alongshore,242.4,0.14285714285714285
407,Cass Bay at boat ramp,2018-03-14 15:00:00,Lyttelton,0.0,0.0,0.0,0.0,0.0,0.0,ebbing,medium,stony,6,urban,1,0,0,0.0,0.0,6.693154302,13.2316823,16.87869157,0.3,2.2,76.60861961,79.14443904,77.48433939,15,-43.605543,172.693917,3,11,2,0,15,0,Alongshore,Alongshore,Alongshore,243.4,0.13333333333333333
408,Cass Bay at boat ramp,2018-03-20 10:00:00,Lyttelton,0.0,0.0,0.0,0.0,0.0,0.0,ebbing,medium,stony,6,urban,1,0,0,0.0,0.0,12.29398204,10.86527271,11.88770923,3.8,2.3,61.17484345,57.43135541,58.27388063,15,-43.605543,172.693917,3,12,1,0,10,0,Alongshore,Offshore,Offshore,8.0,0.125
409,Cass Bay at boat ramp,2018-11-13 10:00:00,Lyttelton,0.0,0.0,0.0,0.0,0.0,0.0,ebbing,medium,stony,6,urban,1,0,0,0.0,0.0,6.402985582,8.744154428,11.97024653,1.8,2.3,255.2493377,259.1546037,257.561028,15,-43.605543,172.693917,11,46,1,0,10,0,Alongshore,Alongshore,Alongshore,,0.0
410,Cass Bay at boat ramp,2018-11-19 14:00:00,Lyttelton,0.0,0.2,0.2,1.2,1.2,1.2,ebbing,medium,stony,6,urban,1,0,0,0.6,4.0,8.256755148,10.47593463,14.1880971,0.8,2.2,229.8943155,230.1773203,231.2413742,15,-43.605543,172.693917,11,47,0,0,14,0,Onshore,Onshore,Onshore,5.0,0.0
411,Cass Bay at boat ramp,2018-11-29 11:00:00,Lyttelton,0.0,0.0,0.0,1.4,5.0,5.0,ebbing,medium,stony,6,urban,1,0,0,1.6,12.0,12.56606411,12.63991833,13.52990529,1.3,2.6,77.52464885,72.76060199,75.78458469,15,-43.605543,172.693917,11,48,3,0,11,0,Alongshore,Alongshore,Alongshore,5.0,0.0
412,Cass Bay at boat ramp,2018-12-03 14:00:00,Lyttelton,0.0,0.2,0.2,0.6,1.2,1.6,ebbing,medium,stony,6,urban,1,0,0,0.2,6.0,19.41790854,20.41911538,21.25713888,1.4,2.4,70.32928432,66.80581274,66.44455385,15,-43.605543,172.693917,12,49,0,0,14,0,Alongshore,Alongshore,Alongshore,5.0,0.0
413,Cass Bay at boat ramp,2018-12-05 09:00:00,Lyttelton,0.2,1.0,1.2,1.2,1.4,2.4,incoming,medium,stony,6,urban,1,0,0,0.6,5.0,11.26021136,6.206353762,6.310434737,-6.0,2.4,305.7704968,322.0126677,310.1854376,15,-43.605543,172.693917,12,49,2,0,9,0,Alongshore,Alongshore,Alongshore,40.25,0.0
414,Cass Bay at boat ramp,2018-12-11 08:00:00,Lyttelton,0.0,0.0,0.0,0.0,0.0,0.0,ebbing,medium,stony,6,urban,1,0,0,0.0,0.0,12.23216915,13.03038811,14.33291559,0.3,2.3,61.86633722,59.68538539,59.1181122,15,-43.605543,172.693917,12,50,1,0,8,0,Alongshore,Offshore,Offshore,34.2,0.0
415,Cass Bay at boat ramp,2018-12-17 13:00:00,Lyttelton,0.0,0.0,0.0,0.0,0.0,0.0,ebbing,medium,stony,6,urban,1,0,0,0.0,0.0,12.83041162,12.96038681,15.69857109,1.4,2.2,79.96602835,80.79158078,71.62883663,15,-43.605543,172.693917,12,51,0,0,13,0,Alongshore,Alongshore,Alongshore,34.2,0.0
416,Cass Bay at boat ramp,2018-12-28 08:00:00,Lyttelton,0.0,0.0,0.0,0.0,0.0,0.2,incoming,medium,stony,6,urban,1,0,0,0.0,0.0,9.243183559,11.08958381,13.52452578,-1.3,2.6,64.11405759,66.82418278,58.5852368,15,-43.605543,172.693917,12,52,4,0,8,1,Alongshore,Alongshore,Offshore,34.2,0.0
417,Cass Bay at boat ramp,2019-01-09 07:00:00,Lyttelton,0.0,0.0,0.0,0.0,0.0,6.2,ebbing,medium,stony,6,urban,1,0,0,0.0,0.0,16.38181381,18.3519058,19.80836558,0.2,2.3,65.40488044,62.065771,58.22696231,15,-43.605543,172.693917,1,2,2,0,7,0,Alongshore,Alongshore,Offshore,34.2,0.0
418,Cass Bay at boat ramp,2019-01-15 12:00:00,Lyttelton,0.0,0.0,0.0,0.0,14.2,14.2,ebbing,medium,stony,6,urban,1,0,0,5.2,11.0,12.52175496,12.3780299,12.08127029,1.1,2.2,224.2426036,223.9932542,235.2018872,15,-43.605543,172.693917,1,3,1,0,12,0,Onshore,Onshore,Onshore,9.0,0.0
419,Cass Bay at boat ramp,2019-01-24 06:00:00,Lyttelton,0.0,0.0,1.2,3.0,3.2,3.2,incoming,medium,stony,6,urban,1,0,0,1.8,5.0,19.01013211,12.79148836,10.66102291,-0.5,2.7,252.7252559,247.3495703,238.7201856,15,-43.605543,172.693917,1,4,3,0,6,0,Alongshore,Alongshore,Onshore,9.0,0.0
420,Cass Bay at boat ramp,2019-01-29 11:00:00,Lyttelton,0.0,0.0,0.0,0.0,0.0,0.0,incoming,medium,stony,6,urban,1,0,0,0.0,0.0,14.27961381,17.30248985,20.18659104,-0.8,2.4,72.59909206,70.34354959,58.63263312,15,-43.605543,172.693917,1,5,1,0,11,0,Alongshore,Alongshore,Offshore,10.0,0.0
421,Cass Bay at boat ramp,2019-02-08 06:00:00,Lyttelton,0.0,0.0,0.0,0.0,0.0,0.0,incoming,medium,stony,6,urban,1,0,0,0.0,0.0,15.98156004,16.16592795,16.29944011,-0.6,2.2,63.6564453,61.18874956,59.11492538,15,-43.605543,172.693917,2,6,4,0,6,1,Alongshore,Alongshore,Offshore,10.0,0.0
422,Cass Bay at boat ramp,2019-02-14 12:00:00,Lyttelton,0.0,0.0,0.0,0.0,0.0,0.0,ebbing,medium,stony,6,urban,1,0,0,0.0,0.0,15.47690122,15.57744061,15.17706446,0.4,2.2,78.84982351,77.35771489,70.17188461,15,-43.605543,172.693917,2,7,3,0,12,0,Alongshore,Alongshore,Alongshore,10.0,0.0
423,Cass Bay at boat ramp,2019-02-18 15:00:00,Lyttelton,0.0,0.0,0.0,0.0,0.0,0.0,ebbing,medium,stony,6,urban,1,0,0,0.0,0.0,4.958707312,12.5569893,16.07409925,0.2,2.5,82.97513545,84.40344176,86.43381701,15,-43.605543,172.693917,2,8,0,0,15,0,Alongshore,Alongshore,Alongshore,7.0,0.0
424,Cass Bay at boat ramp,2019-02-28 10:00:00,Lyttelton,0.0,0.2,2.0,3.0,3.0,3.0,incoming,medium,stony,6,urban,1,0,0,0.8,6.0,20.8794627,24.20870313,21.44862053,-1.9,2.2,230.6454837,232.5050121,236.6879448,15,-43.605543,172.693917,2,9,3,0,10,0,Onshore,Onshore,Onshore,6.0,0.0
425,Cass Bay at boat ramp,2019-11-18 09:00:00,Lyttelton,0.0,0.0,0.0,0.0,0.0,0.0,incoming,medium,stony,6,urban,1,0,0,0.0,0.0,5.073733209,6.50259143,10.08044845,0.0,2.4,251.1669867,250.9981275,252.2987334,15,-43.605543,172.693917,11,47,0,0,9,0,Alongshore,Alongshore,Alongshore,,0.0
426,Cass Bay at boat ramp,2019-12-03 09:00:00,Lyttelton,0.0,0.0,0.0,0.0,0.0,0.0,incoming,medium,stony,6,urban,1,0,0,0.0,0.0,11.70307905,14.9576129,16.95701462,-1.1,2.3,75.15965857,75.1463254,72.72171805,15,-43.605543,172.693917,12,49,1,0,9,0,Alongshore,Alongshore,Alongshore,5.0,0.0
427,Cass Bay at boat ramp,2019-12-10 15:00:00,Lyttelton,0.0,0.0,0.0,0.0,0.0,0.0,ebbing,medium,stony,6,urban,1,0,0,0.0,0.0,11.60026072,15.22995225,16.79785233,0.2,2.2,88.40082781,88.64226703,86.60050375,15,-43.605543,172.693917,12,50,1,0,15,0,Alongshore,Alongshore,Alongshore,5.0,0.0
428,Cass Bay at boat ramp,2019-12-18 08:00:00,Lyttelton,2.4,8.8,14.2,17.0,21.6,21.6,incoming,medium,stony,6,urban,1,0,0,2.8,28.0,26.09082991,25.72148188,24.34144053,-0.9,2.5,244.7886034,242.1051417,246.261508,15,-43.605543,172.693917,12,51,2,0,8,0,Alongshore,Alongshore,Alongshore,6.666666666666667,0.0
429,Cass Bay at boat ramp,2019-12-30 06:00:00,Lyttelton,0.0,0.0,0.0,0.0,0.0,0.0,incoming,medium,stony,6,urban,1,0,0,0.0,0.0,2.23761515,6.747542906,6.903843605,-1.3,2.4,277.7347376,275.750934,293.637311,15,-43.605543,172.693917,12,1,0,0,6,1,Alongshore,Alongshore,Alongshore,12.75,0.0
430,Cass Bay at boat ramp,2020-01-07 14:00:00,Lyttelton,0.0,0.4,0.4,0.4,0.4,0.6,ebbing,medium,stony,6,urban,1,0,0,0.4,1.0,24.48771111,20.82818372,19.54170492,0.7,2.1,225.7184001,230.3115648,234.2921047,15,-43.605543,172.693917,1,2,1,0,14,0,Onshore,Onshore,Onshore,11.2,0.0
431,Cass Bay at boat ramp,2020-01-15 08:00:00,Lyttelton,0.0,0.0,0.0,0.0,1.0,1.0,incoming,medium,stony,6,urban,1,0,0,0.4,4.0,2.88172461,1.601262793,2.080109635,-0.3,2.6,244.6733962,276.6106234,59.63262971,15,-43.605543,172.693917,1,3,2,0,8,0,Alongshore,Alongshore,Offshore,11.2,0.0
432,Cass Bay at boat ramp,2020-01-21 14:00:00,Lyttelton,0.0,0.0,0.0,0.0,0.2,0.2,incoming,medium,stony,6,urban,1,0,0,0.2,1.0,8.551492203,10.94365431,12.95512498,0.0,2.3,95.13662467,90.35401707,78.58111733,15,-43.605543,172.693917,1,4,1,0,14,0,Alongshore,Alongshore,Alongshore,11.2,0.0
433,Cass Bay at boat ramp,2020-01-28 07:00:00,Lyttelton,0.0,0.0,0.0,0.0,0.0,0.0,ebbing,medium,stony,6,urban,1,0,0,0.0,0.0,8.611912173,11.66327999,11.96053129,0.2,2.3,283.8773424,278.7557909,278.9994431,15,-43.605543,172.693917,1,5,1,0,7,0,Alongshore,Alongshore,Alongshore,10.2,0.0
434,Cass Bay at boat ramp,2020-02-05 14:00:00,Lyttelton,0.0,0.0,0.4,6.0,6.0,6.0,ebbing,medium,stony,6,urban,1,0,0,1.8,9.0,10.49640491,4.030060055,2.099419649,0.9,2.1,107.3181807,235.6976484,246.4313608,15,-43.605543,172.693917,2,6,2,0,14,1,Alongshore,Onshore,Alongshore,6.0,0.0
435,Cass Bay at boat ramp,2020-02-11 06:00:00,Lyttelton,0.0,0.0,0.0,0.0,0.0,0.8,ebbing,medium,stony,6,urban,1,0,0,0.0,0.0,1.600834328,4.17147645,4.356704861,0.4,2.6,274.5853939,271.7975176,300.2841606,15,-43.605543,172.693917,2,7,1,0,6,0,Alongshore,Alongshore,Alongshore,7.0,0.0
436,Cass Bay at boat ramp,2020-02-13 10:00:00,Lyttelton,0.0,0.0,0.0,0.0,0.0,0.0,ebbing,medium,stony,6,urban,1,0,0,0.0,0.0,8.28079482,9.898481933,8.916867159,2.6,2.6,258.7966626,266.0567297,268.7313278,15,-43.605543,172.693917,2,7,3,0,10,0,Alongshore,Alongshore,Alongshore,38.0,0.0
437,Cass Bay at boat ramp,2020-02-19 14:00:00,Lyttelton,0.0,0.0,0.0,0.0,0.0,0.0,ebbing,medium,stony,6,urban,1,0,0,0.0,0.0,1.729023918,4.058046395,11.38713748,1.0,2.3,84.43410496,73.9399195,66.03610355,15,-43.605543,172.693917,2,8,2,0,14,0,Alongshore,Alongshore,Alongshore,39.0,0.0
438,Cass Bay at boat ramp,2020-02-26 07:00:00,Lyttelton,0.0,0.0,0.0,0.0,0.0,0.0,ebbing,medium,stony,6,urban,1,0,0,0.0,0.0,11.88026522,11.6789807,10.93888211,0.6,2.3,76.5329754,74.8407504,71.44823213,15,-43.605543,172.693917,2,9,2,0,7,0,Alongshore,Alongshore,Alongshore,39.0,0.0
439,Cass Bay at boat ramp,2020-03-04 10:00:00,Lyttelton,0.0,0.0,0.0,1.2,1.2,1.2,incoming,medium,stony,6,urban,1,0,0,0.8,3.0,11.02098353,11.19178147,13.62310311,-1.6,2.1,244.5421131,249.3462799,256.6913833,15,-43.605543,172.693917,3,10,2,0,10,0,Alongshore,Alongshore,Alongshore,38.0,0.0
440,Cass Bay at boat ramp,2020-03-18 13:00:00,Lyttelton,0.0,0.0,0.0,0.0,0.0,0.0,ebbing,medium,stony,6,urban,1,0,0,0.0,0.0,3.236057259,7.663456311,12.48477377,1.0,2.3,89.99918694,91.26850672,86.85106142,15,-43.605543,172.693917,3,12,2,0,13,0,Alongshore,Alongshore,Alongshore,37.0,0.0
441,Cass Bay at boat ramp,2020-11-10 13:00:00,Lyttelton,0.0,0.0,0.0,0.0,0.0,21.6,ebbing,medium,stony,6,urban,1,0,0,0.0,0.0,2.928096272,1.547218589,2.737982115,1.2,2.3,106.8985267,221.0419899,260.0894733,15,-43.605543,172.693917,11,46,1,0,13,0,Alongshore,Onshore,Alongshore,,0.0
442,Cass Bay at boat ramp,2020-11-23 13:00:00,Lyttelton,0.0,0.0,0.0,0.2,7.0,7.0,ebbing,medium,stony,6,urban,1,0,0,3.2,10.0,1.487672429,1.741114837,4.837514943,1.4,2.3,85.30826969,112.3774309,230.7370546,15,-43.605543,172.693917,11,48,0,0,13,0,Alongshore,Alongshore,Onshore,5.0,0.0
443,Cass Bay at boat ramp,2020-12-03 06:00:00,Lyttelton,0.0,0.0,0.0,0.0,0.0,2.6,incoming,medium,stony,6,urban,1,0,0,0.0,0.0,10.84908111,9.36483934,4.322071912,-0.5,2.3,252.774709,268.5970928,266.4564516,15,-43.605543,172.693917,12,49,3,0,6,0,Alongshore,Alongshore,Alongshore,5.0,0.0
444,Cass Bay at boat ramp,2020-12-10 09:00:00,Lyttelton,0.0,0.0,0.0,0.0,0.0,0.0,incoming,medium,stony,6,urban,1,0,0,0.0,0.0,5.688610538,11.62538685,12.54862048,-3.2,2.4,268.258971,267.4892592,264.749921,15,-43.605543,172.693917,12,50,3,0,9,0,Alongshore,Alongshore,Alongshore,10.0,0.0
445,Cass Bay at boat ramp,2020-12-17 06:00:00,Lyttelton,0.0,0.0,0.0,0.0,0.0,0.0,incoming,medium,stony,6,urban,1,0,0,0.0,0.0,9.520610891,7.240747356,5.278229245,-0.2,2.6,85.95698094,68.483058,76.56319903,15,-43.605543,172.693917,12,51,3,0,6,0,Alongshore,Alongshore,Alongshore,8.75,0.0
446,Cass Bay at boat ramp,2020-12-22 11:00:00,Lyttelton,0.2,1.4,2.6,6.8,13.2,13.2,ebbing,medium,stony,6,urban,1,0,0,1.8,20.0,11.94305427,11.65835947,10.47415508,0.8,2.3,83.08108998,80.46499704,73.25998887,15,-43.605543,172.693917,12,52,1,0,11,1,Alongshore,Alongshore,Alongshore,9.0,0.0
447,Cass Bay at boat ramp,2020-12-29 13:00:00,Lyttelton,0.0,0.0,0.0,0.0,0.0,6.8,incoming,medium,stony,6,urban,1,0,0,0.0,0.0,5.315371549,10.1073203,11.62542215,-2.7,2.1,87.22387366,89.23221333,93.32508271,15,-43.605543,172.693917,12,53,1,0,13,1,Alongshore,Alongshore,Alongshore,9.0,0.0
448,Cass Bay at boat ramp,2021-01-11 14:00:00,Lyttelton,0.0,0.0,0.0,0.0,0.2,0.2,incoming,medium,stony,6,urban,1,0,0,0.2,1.0,1.657365923,3.904169231,6.194898806,-0.3,2.4,105.8010689,85.40560155,283.2766108,15,-43.605543,172.693917,1,2,0,0,14,0,Alongshore,Alongshore,Alongshore,9.0,0.0
449,Cass Bay at boat ramp,2021-01-19 08:00:00,Lyttelton,0.0,0.0,0.0,0.0,1.2,1.2,incoming,medium,stony,6,urban,1,0,0,0.8,3.0,3.420649525,4.743652283,7.727616821,-1.3,2.3,48.50322917,43.20538042,26.36656438,15,-43.605543,172.693917,1,3,1,0,8,0,Offshore,Offshore,Offshore,9.0,0.0
450,Cass Bay at boat ramp,2021-01-26 14:00:00,Lyttelton,0.0,0.0,0.0,0.0,0.0,0.0,incoming,medium,stony,6,urban,1,0,0,0.0,0.0,11.90493037,11.2498285,11.65463304,-0.6,2.1,79.32513082,80.53025517,73.33617713,15,-43.605543,172.693917,1,4,1,0,14,0,Alongshore,Alongshore,Alongshore,9.0,0.0
451,Cass Bay at boat ramp,2021-02-03 08:00:00,Lyttelton,0.0,0.0,0.0,0.0,0.0,0.0,incoming,medium,stony,6,urban,1,0,0,0.0,0.0,13.39476602,12.76060308,12.71998889,-0.5,2.5,79.18833509,73.39096155,69.86388561,15,-43.605543,172.693917,2,5,2,0,8,1,Alongshore,Alongshore,Alongshore,8.0,0.0
452,Cass Bay at boat ramp,2021-02-10 15:00:00,Lyttelton,0.0,0.0,2.2,8.6,9.0,9.0,incoming,medium,stony,6,urban,1,0,0,2.6,12.0,7.488052777,2.349909527,7.243948739,-0.5,2.4,94.7301916,187.1372925,256.4016196,15,-43.605543,172.693917,2,6,2,0,15,0,Alongshore,Onshore,Alongshore,9.0,0.0
453,Cass Bay at boat ramp,2021-02-17 08:00:00,Lyttelton,0.0,0.0,0.0,0.0,0.0,0.0,incoming,medium,stony,6,urban,1,0,0,0.0,0.0,3.087327516,3.261011329,3.931571207,-0.8,2.2,265.2034917,271.5906581,282.3777178,15,-43.605543,172.693917,2,7,2,0,8,0,Alongshore,Alongshore,Alongshore,9.0,0.0
454,Cass Bay at boat ramp,2021-02-26 15:00:00,Lyttelton,0.0,0.0,0.0,0.0,0.0,0.0,incoming,medium,stony,6,urban,1,0,0,0.0,0.0,9.897840379,11.40830486,12.73145663,-0.6,2.3,76.33007016,80.17499949,74.89006968,15,-43.605543,172.693917,2,8,4,0,15,0,Alongshore,Alongshore,Alongshore,6.0,0.0
455,Cass Bay at boat ramp,2021-03-03 10:00:00,Lyttelton,0.0,0.0,0.0,0.0,0.4,0.4,ebbing,medium,stony,6,urban,1,0,0,0.2,2.0,7.186136762,8.170613462,9.586341508,2.0,2.5,44.51140261,56.60537678,54.92474105,15,-43.605543,172.693917,3,9,2,0,10,0,Offshore,Offshore,Offshore,7.0,0.0
456,Cass Bay at boat ramp,2021-11-26 11:00:00,Lyttelton,0.0,0.0,0.0,0.0,0.0,0.0,ebbing,medium,stony,6,urban,1,0,0,0.0,0.0,1.11543085,3.128559507,6.879928438,1.3,2.2,241.8521276,234.5850135,253.4715734,15,-43.605543,172.693917,11,47,4,0,11,0,Alongshore,Onshore,Alongshore,,0.0
457,Cass Bay at boat ramp,2021-11-29 13:00:00,Lyttelton,0.2,0.2,0.2,1.8,19.8,19.8,ebbing,medium,stony,6,urban,1,0,0,2.6,25.0,7.407461074,8.439978376,11.39834947,1.3,2.3,93.22224367,92.62848998,79.90989557,15,-43.605543,172.693917,11,48,0,0,13,0,Alongshore,Alongshore,Alongshore,218.0,0.0
458,Cass Bay at boat ramp,2021-12-02 14:00:00,Lyttelton,0.0,0.2,0.6,0.6,0.6,0.6,ebbing,medium,stony,6,urban,1,0,0,0.2,3.0,13.78151703,14.89265087,14.83282849,0.2,2.4,76.66292505,75.50800963,73.3813688,15,-43.605543,172.693917,12,48,3,0,14,0,Alongshore,Alongshore,Alongshore,163.0,0.0
459,Cass Bay at boat ramp,2021-12-06 16:00:00,Lyttelton,2.8,3.2,3.2,6.0,6.4,6.4,incoming,medium,stony,6,urban,1,0,0,2.2,10.0,8.857930485,4.738266763,2.020379638,-1.6,2.5,280.6303265,260.3792364,253.0939645,15,-43.605543,172.693917,12,49,0,0,16,0,Alongshore,Alongshore,Alongshore,157.33333333333334,0.0
460,Cass Bay at boat ramp,2021-12-09 10:00:00,Lyttelton,0.0,0.0,0.0,0.0,1.2,8.6,ebbing,medium,stony,6,urban,1,0,0,0.8,3.0,3.743736475,5.315523963,4.786581815,1.1,2.6,258.7595608,269.4608719,283.2278704,15,-43.605543,172.693917,12,49,3,0,10,0,Alongshore,Alongshore,Alongshore,186.75,0.0
461,Cass Bay at boat ramp,2021-12-16 15:00:00,Lyttelton,1.6,4.8,16.2,57.4,87.0,87.0,ebbing,medium,stony,6,urban,1,0,0,11.8,30.0,22.96653375,23.19678015,22.66589725,0.1,2.2,253.6647096,253.6551932,256.4618859,15,-43.605543,172.693917,12,50,3,0,15,0,Alongshore,Alongshore,Alongshore,153.4,0.0
462,Cass Bay at boat ramp,2021-12-20 09:00:00,Lyttelton,0.0,0.0,0.0,0.0,0.2,17.0,ebbing,medium,stony,6,urban,1,0,0,0.2,1.0,1.152926801,2.262717081,6.346080311,3.2,2.3,278.684916,297.5283333,322.245015,15,-43.605543,172.693917,12,51,0,0,9,1,Alongshore,Alongshore,Alongshore,631.8,0.14285714285714285
463,Cass Bay at boat ramp,2021-12-23 08:00:00,Lyttelton,0.0,0.0,0.0,0.0,0.0,0.0,ebbing,medium,stony,6,urban,1,0,0,0.0,0.0,4.172607991,8.086212945,11.24299374,0.6,2.3,69.37774729,51.36853898,35.984426,15,-43.605543,172.693917,12,51,3,0,8,1,Alongshore,Offshore,Offshore,612.2,0.125
464,Cass Bay at boat ramp,2021-12-30 13:00:00,Lyttelton,0.0,0.0,0.0,1.4,3.2,14.2,ebbing,medium,stony,6,urban,1,0,0,0.8,8.0,2.26133914,2.913354689,5.826704684,0.5,2.3,234.4671877,218.0336065,73.52476294,15,-43.605543,172.693917,12,52,3,0,13,1,Onshore,Onshore,Alongshore,612.0,0.1111111111111111
465,Cass Bay at boat ramp,2022-01-07 08:00:00,Lyttelton,0.0,0.0,0.0,0.0,0.4,0.4,incoming,medium,stony,6,urban,1,0,0,0.2,2.0,14.54805425,14.34883962,14.76916694,0.0,2.6,232.8454529,234.239324,232.4502752,15,-43.605543,172.693917,1,1,4,0,8,0,Onshore,Onshore,Onshore,559.0,0.1
466,Cass Bay at boat ramp,2022-01-12 14:00:00,Lyttelton,0.0,0.0,0.0,0.0,0.0,0.0,ebbing,medium,stony,6,urban,1,0,0,0.0,0.0,2.271845157,6.768357275,14.21373793,1.1,2.2,84.67754376,86.20376537,109.3669086,15,-43.605543,172.693917,1,2,2,0,14,0,Alongshore,Alongshore,Alongshore,556.0,0.09090909090909091
467,Cass Bay at boat ramp,2022-01-20 06:00:00,Lyttelton,0.0,1.0,3.4,3.4,3.4,3.4,incoming,medium,stony,6,urban,1,0,0,1.0,6.0,17.42298348,17.57301233,17.04042831,-0.6,2.3,243.5443738,243.4084646,253.2255814,15,-43.605543,172.693917,1,3,3,0,6,0,Alongshore,Alongshore,Alongshore,36.0,0.08333333333333333
468,Cass Bay at boat ramp,2022-01-26 10:00:00,Lyttelton,0.0,0.2,0.4,0.4,1.0,4.4,incoming,medium,stony,6,urban,1,0,0,0.4,4.0,4.934805531,7.367940415,7.540094928,-0.9,2.3,76.39092522,67.98375159,58.70313549,15,-43.605543,172.693917,1,4,2,0,10,0,Alongshore,Alongshore,Offshore,40.2,0.07692307692307693
469,Cass Bay at boat ramp,2022-02-01 18:00:00,Lyttelton,0.0,0.0,0.0,0.0,0.0,0.0,ebbing,medium,stony,6,urban,1,0,0,0.0,0.0,16.01383592,18.29850832,16.86758705,1.2,2.5,75.05572859,75.92629448,78.13390636,15,-43.605543,172.693917,2,5,1,0,18,1,Alongshore,Alongshore,Alongshore,13.2,0.07142857142857142
470,Cass Bay at boat ramp,2022-02-03 15:00:00,Lyttelton,0.0,0.0,0.0,0.0,0.4,0.4,incoming,medium,stony,6,urban,1,0,0,0.2,2.0,3.705942213,4.022457042,11.621236,-3.3,2.5,271.3963801,258.6833061,48.02773177,15,-43.605543,172.693917,2,5,3,0,15,1,Alongshore,Alongshore,Offshore,127.8,0.13333333333333333
471,Cass Bay at boat ramp,2022-02-10 14:00:00,Lyttelton,0.2,1.0,14.8,65.4,66.2,66.2,ebbing,medium,stony,6,urban,1,0,0,11.2,20.0,5.947501523,3.259592115,3.938481218,1.7,2.1,261.9119435,267.4324302,73.33388134,15,-43.605543,172.693917,2,6,3,0,14,0,Alongshore,Alongshore,Alongshore,128.8,0.125
472,Cass Bay at boat ramp,2022-02-15 15:00:00,Lyttelton,0.0,0.0,0.0,0.0,0.6,49.2,incoming,medium,stony,6,urban,1,0,0,0.2,3.0,11.13700381,14.0779716,15.68962218,-1.0,2.1,81.74960273,85.26742918,79.5044412,15,-43.605543,172.693917,2,7,1,0,15,0,Alongshore,Alongshore,Alongshore,141.6,0.11764705882352941
473,Cass Bay at boat ramp,2022-02-23 11:00:00,Lyttelton,0.0,0.0,0.6,0.6,0.6,0.6,ebbing,medium,stony,6,urban,1,0,0,0.2,3.0,6.782471961,5.790541629,6.635050085,1.8,2.3,262.1810023,272.8170209,262.1586158,15,-43.605543,172.693917,2,8,2,0,11,0,Alongshore,Alongshore,Alongshore,149.8,0.1111111111111111
474,Cass Bay at boat ramp,2022-03-09 12:00:00,Lyttelton,0.0,0.0,0.0,0.0,0.0,0.0,ebbing,medium,stony,6,urban,1,0,0,0.0,0.0,7.989393122,9.309140464,9.466136427,1.9,2.1,256.2407612,272.4238582,273.7821301,15,-43.605543,172.693917,3,10,2,0,12,0,Alongshore,Alongshore,Alongshore,148.8,0.10526315789473684
475,Charteris Bay Paradise Beach,2013-11-25 11:00:00,Lyttelton,0.0,0.0,0.0,0.0,0.0,0.8,ebbing,medium,muddy,6,forest,1,0,0,0.0,0.0,4.828218673,8.62900911,8.297605468,0.8,2.2,217.9034997,223.822812,223.3064766,90,-43.641945,172.712081,11,48,0,0,11,0,Alongshore,Alongshore,Alongshore,,0.0
476,Charteris Bay Paradise Beach,2013-12-02 14:00:00,Lyttelton,0.0,0.0,0.0,0.0,0.0,0.0,incoming,medium,muddy,6,forest,1,0,0,0.0,0.0,7.452592242,9.599875429,11.2596785,-1.1,2.4,68.60659623,67.95901179,58.02618737,90,-43.641945,172.712081,12,49,0,0,14,0,Offshore,Offshore,Offshore,20.0,0.0
477,Charteris Bay Paradise Beach,2013-12-09 10:00:00,Lyttelton,0.0,0.0,0.0,1.6,1.6,1.6,ebbing,medium,muddy,6,forest,1,0,0,0.8,3.0,11.99175976,10.13272812,9.701405971,0.2,2.6,207.3998725,216.2431485,215.0918988,90,-43.641945,172.712081,12,50,0,0,10,0,Alongshore,Alongshore,Alongshore,25.0,0.0
478,Charteris Bay Paradise Beach,2013-12-16 15:00:00,Lyttelton,0.0,0.0,0.0,0.0,0.0,0.0,incoming,medium,muddy,6,forest,1,0,0,0.0,0.0,3.102114498,7.069423875,4.159507949,-0.9,2.2,204.5163761,206.0836497,198.674982,90,-43.641945,172.712081,12,51,0,0,15,0,Alongshore,Alongshore,Alongshore,18.333333333333332,0.0
479,Charteris Bay Paradise Beach,2013-12-22 09:00:00,Lyttelton,0.0,0.8,1.8,1.8,1.8,1.8,ebbing,medium,muddy,6,forest,1,0,0,0.8,3.0,8.836648761,3.803756601,2.118929995,0.9,2.3,203.639318,222.704662,216.0919903,90,-43.641945,172.712081,12,51,6,1,9,1,Alongshore,Alongshore,Alongshore,15.0,0.0
480,Charteris Bay Paradise Beach,2014-01-06 10:00:00,Lyttelton,0.0,0.0,0.0,0.0,0.4,0.4,ebbing,medium,muddy,6,forest,1,0,0,0.4,1.0,5.736956501,5.169311115,5.585468632,1.2,2.7,163.5967024,169.0139646,258.8243907,90,-43.641945,172.712081,1,2,0,0,10,0,Alongshore,Alongshore,Onshore,13.0,0.0
481,Charteris Bay Paradise Beach,2014-01-13 13:00:00,Lyttelton,0.0,0.0,0.0,0.0,0.0,0.0,incoming,medium,muddy,6,forest,1,0,0,0.0,0.0,6.027527346,10.62508668,6.398551283,-1.3,2.2,237.0400853,211.5256652,210.0491213,90,-43.641945,172.712081,1,3,0,0,13,0,Onshore,Alongshore,Alongshore,10.0,0.0
482,Charteris Bay Paradise Beach,2014-01-20 09:00:00,Lyttelton,0.0,0.0,0.0,0.0,0.0,0.0,ebbing,medium,muddy,6,forest,1,0,0,0.0,0.0,4.60235128,7.207497412,10.00738755,1.5,2.3,35.9839472,29.75437369,356.9796834,90,-43.641945,172.712081,1,4,0,0,9,0,Alongshore,Alongshore,Alongshore,5.0,0.0
483,Charteris Bay Paradise Beach,2014-01-28 14:00:00,Lyttelton,0.0,0.0,0.0,0.0,3.4,3.4,ebbing,medium,muddy,6,forest,1,0,0,1.0,9.0,1.100518342,4.06919296,4.839124919,0.3,2.4,84.16748377,96.19917787,93.160511,90,-43.641945,172.712081,1,5,1,0,14,0,Offshore,Offshore,Offshore,5.0,0.0
484,Charteris Bay Paradise Beach,2014-02-03 09:00:00,Lyttelton,0.0,0.0,0.0,0.0,0.0,0.6,ebbing,medium,muddy,6,forest,1,0,0,0.0,0.0,2.94701308,3.253866985,6.23381474,1.8,2.7,55.30477269,42.40264862,30.55803942,90,-43.641945,172.712081,2,6,0,0,9,1,Offshore,Alongshore,Alongshore,5.0,0.0
485,Charteris Bay Paradise Beach,2014-02-10 13:00:00,Lyttelton,0.0,0.0,0.0,0.0,0.0,0.0,incoming,medium,muddy,6,forest,1,0,0,0.0,0.0,8.667515468,5.426935844,3.968510304,-0.4,2.2,202.119518,202.7028678,196.4179451,90,-43.641945,172.712081,2,7,0,0,13,0,Alongshore,Alongshore,Alongshore,5.0,0.0
486,Charteris Bay Paradise Beach,2014-02-17 08:00:00,Lyttelton,0.0,0.0,0.0,0.0,0.0,0.2,ebbing,medium,muddy,6,forest,1,0,0,0.0,0.0,12.43705651,12.72983092,13.56095321,2.4,2.3,72.07864126,62.5205324,53.59956661,90,-43.641945,172.712081,2,8,0,0,8,0,Offshore,Offshore,Offshore,5.0,0.0
487,Charteris Bay Paradise Beach,2014-02-24 12:00:00,Lyttelton,0.0,0.0,0.0,2.0,9.2,9.2,incoming,medium,muddy,6,forest,1,0,0,5.6,6.0,5.922752598,11.16918619,13.05595598,0.0,2.3,50.43163169,46.23822447,35.6907831,90,-43.641945,172.712081,2,9,0,0,12,0,Offshore,Offshore,Alongshore,6.0,0.0
488,Charteris Bay Paradise Beach,2014-03-06 09:00:00,Lyttelton,0.0,0.0,0.0,7.0,165.0,171.4,ebbing,medium,muddy,6,forest,1,0,0,10.6,27.0,1.410828272,2.948004309,4.621438693,0.7,2.4,57.42294081,43.04066186,269.2330662,90,-43.641945,172.712081,3,10,3,0,9,0,Offshore,Alongshore,Onshore,6.0,0.0
489,Charteris Bay Paradise Beach,2014-11-18 12:00:00,Lyttelton,0.0,0.0,0.0,0.0,0.0,0.0,incoming,medium,muddy,6,forest,1,0,0,0.0,0.0,7.378537219,8.84789124,5.977323128,-0.7,2.2,186.1021824,219.3717854,251.9377989,90,-43.641945,172.712081,11,47,1,0,12,0,Alongshore,Alongshore,Onshore,,0.0
490,Charteris Bay Paradise Beach,2014-11-24 15:00:00,Lyttelton,0.0,0.0,0.0,0.0,0.6,0.6,incoming,medium,muddy,6,forest,1,0,0,0.6,1.0,5.41173576,14.68494979,17.2787283,-2.3,2.3,51.61289118,56.38378883,50.119289,90,-43.641945,172.712081,11,48,0,0,15,0,Offshore,Offshore,Offshore,5.0,0.0
491,Charteris Bay Paradise Beach,2014-12-08 17:00:00,Lyttelton,0.0,0.0,0.0,0.0,0.0,0.0,incoming,medium,muddy,6,forest,1,0,0,0.0,0.0,8.450563738,10.61565509,11.19074605,-1.1,2.3,56.59176148,53.9518231,52.55327329,90,-43.641945,172.712081,12,50,0,0,17,0,Offshore,Offshore,Offshore,5.0,0.0
492,Charteris Bay Paradise Beach,2014-12-15 14:00:00,Lyttelton,0.0,0.0,0.0,0.0,0.0,1.0,ebbing,medium,muddy,6,forest,1,0,0,0.0,0.0,8.791766468,10.73914207,12.78866242,2.9,2.2,62.66391637,63.61382326,56.36067519,90,-43.641945,172.712081,12,51,0,0,14,0,Offshore,Offshore,Offshore,5.0,0.0
493,Charteris Bay Paradise Beach,2014-12-22 15:00:00,Lyttelton,0.0,0.0,0.0,7.4,7.4,7.8,incoming,medium,muddy,6,forest,1,0,0,3.4,7.0,6.901614117,9.756519859,11.81327836,-1.3,2.4,60.85481142,61.37150688,53.91785834,90,-43.641945,172.712081,12,52,0,0,15,1,Offshore,Offshore,Offshore,5.0,0.0
494,Charteris Bay Paradise Beach,2014-12-29 11:00:00,Lyttelton,0.0,0.0,0.0,0.0,1.4,1.4,ebbing,medium,muddy,6,forest,1,0,0,1.4,1.0,7.460795664,10.7843466,12.06129825,0.5,2.5,63.34267518,57.15046783,42.476809,90,-43.641945,172.712081,12,1,0,0,11,1,Offshore,Offshore,Alongshore,5.0,0.0
495,Charteris Bay Paradise Beach,2015-01-06 07:00:00,Lyttelton,0.0,0.0,0.0,0.0,0.0,0.0,ebbing,medium,muddy,6,forest,1,0,0,0.0,0.0,2.151667131,2.940565359,3.004165206,1.8,2.4,279.2148445,280.3723047,336.8085113,90,-43.641945,172.712081,1,2,1,0,7,0,Onshore,Onshore,Alongshore,5.0,0.0
496,Charteris Bay Paradise Beach,2015-01-12 11:00:00,Lyttelton,0.0,0.0,0.0,0.0,0.0,0.0,ebbing,medium,muddy,6,forest,1,0,0,0.0,0.0,7.864818515,3.568193368,3.152892947,1.6,2.2,305.8099047,263.31408,242.2868865,90,-43.641945,172.712081,1,3,0,0,11,0,Onshore,Onshore,Onshore,5.0,0.0
497,Charteris Bay Paradise Beach,2015-01-19 14:00:00,Lyttelton,0.0,0.0,0.0,0.0,0.0,0.0,incoming,medium,muddy,6,forest,1,0,0,0.0,0.0,7.633789894,8.095026387,9.648966095,-0.8,2.4,304.7343376,320.2910761,324.8122507,90,-43.641945,172.712081,1,4,0,0,14,0,Onshore,Alongshore,Alongshore,5.0,0.0
498,Charteris Bay Paradise Beach,2015-01-26 11:00:00,Lyttelton,0.0,0.0,0.0,0.0,0.0,0.0,ebbing,medium,muddy,6,forest,1,0,0,0.0,0.0,19.65672711,19.88728839,19.47189304,1.5,2.6,56.64632094,51.10410698,48.48914714,90,-43.641945,172.712081,1,5,0,0,11,0,Offshore,Offshore,Offshore,5.0,0.0
499,Charteris Bay Paradise Beach,2015-02-02 14:00:00,Lyttelton,0.0,0.0,0.0,0.0,0.0,1.8,incoming,medium,muddy,6,forest,1,0,0,0.0,0.0,5.104296245,8.743449577,14.16179651,-1.4,2.3,309.2251896,330.922729,348.1238848,90,-43.641945,172.712081,2,6,0,0,14,1,Onshore,Alongshore,Alongshore,5.0,0.0
500,Charteris Bay Paradise Beach,2015-02-09 09:00:00,Lyttelton,0.0,0.0,0.0,0.0,0.0,0.0,ebbing,medium,muddy,6,forest,1,0,0,0.0,0.0,4.510385351,8.132227398,18.00905913,1.2,2.2,309.5748338,314.0766672,308.813714,90,-43.641945,172.712081,2,7,0,0,9,1,Onshore,Onshore,Onshore,6.0,0.0
501,Charteris Bay Paradise Beach,2015-02-16 12:00:00,Lyttelton,0.0,0.0,0.0,0.0,0.0,0.0,incoming,medium,muddy,6,forest,1,0,0,0.0,0.0,3.030169568,3.508445932,5.441452453,-1.4,2.3,65.12025567,52.92854558,34.3278584,90,-43.641945,172.712081,2,8,0,0,12,0,Offshore,Offshore,Alongshore,9.0,0.0
502,Charteris Bay Paradise Beach,2015-02-23 09:00:00,Lyttelton,0.0,0.0,0.8,0.8,3.0,3.0,ebbing,medium,muddy,6,forest,1,0,0,1.6,6.0,4.753452393,3.313918871,2.974896297,1.3,2.6,233.2840754,219.2738835,220.5070459,90,-43.641945,172.712081,2,9,0,0,9,0,Onshore,Alongshore,Alongshore,9.0,0.0
503,Charteris Bay Paradise Beach,2015-03-02 13:00:00,Lyttelton,0.0,0.0,0.0,0.0,0.0,0.0,incoming,medium,muddy,6,forest,1,0,0,0.0,0.0,3.329563404,4.668777825,10.81419329,-1.1,2.2,318.5734997,336.0709089,338.3277739,90,-43.641945,172.712081,3,10,0,0,13,0,Alongshore,Alongshore,Alongshore,9.0,0.0
504,Charteris Bay Paradise Beach,2015-11-17 10:00:00,Lyttelton,0.0,0.0,0.0,0.0,0.0,0.0,ebbing,medium,muddy,6,forest,1,0,0,0.0,0.0,4.205530084,9.587418584,11.96197086,1.9,2.3,255.8325337,258.2021451,270.1765986,90,-43.641945,172.712081,11,47,1,0,10,0,Onshore,Onshore,Onshore,,0.0
505,Charteris Bay Paradise Beach,2015-11-23 13:00:00,Lyttelton,0.0,0.0,0.0,0.0,0.0,0.0,incoming,medium,muddy,6,forest,1,0,0,0.0,0.0,6.891514695,7.132332236,6.27635606,-0.9,2.5,58.89195236,74.56587017,66.94993537,90,-43.641945,172.712081,11,48,0,0,13,0,Offshore,Offshore,Offshore,5.0,0.0
506,Charteris Bay Paradise Beach,2015-11-30 06:00:00,Lyttelton,0.0,0.0,0.0,0.8,0.8,0.8,incoming,medium,muddy,6,forest,1,0,0,0.4,2.0,16.74126442,15.66681999,14.65335945,-1.9,2.5,67.84976123,65.50772192,64.30271133,90,-43.641945,172.712081,11,49,0,0,6,0,Offshore,Offshore,Offshore,5.0,0.0
507,Charteris Bay Paradise Beach,2015-12-10 13:00:00,Lyttelton,0.0,0.0,0.0,0.0,0.0,1.4,incoming,medium,muddy,6,forest,1,0,0,0.0,0.0,6.353915916,6.877558674,10.66313157,-2.8,2.2,71.22806491,73.89524672,66.06434227,90,-43.641945,172.712081,12,50,3,0,13,0,Offshore,Offshore,Offshore,5.0,0.0
508,Charteris Bay Paradise Beach,2015-12-14 04:00:00,Lyttelton,0.0,0.0,0.8,8.0,8.0,8.0,incoming,medium,muddy,6,forest,1,0,0,4.6,4.0,2.86327703,0.642502813,1.994223183,-2.0,2.4,292.9065361,107.4526284,234.0188132,90,-43.641945,172.712081,12,51,0,0,4,0,Onshore,Offshore,Onshore,5.0,0.0
509,Charteris Bay Paradise Beach,2015-12-23 12:00:00,Lyttelton,0.0,0.0,0.0,1.4,1.8,1.8,incoming,medium,muddy,6,forest,1,0,0,0.8,5.0,4.346050803,6.457414504,8.22192387,-2.5,2.5,241.8212403,243.7610172,255.0514239,90,-43.641945,172.712081,12,52,2,0,12,1,Onshore,Onshore,Onshore,6.0,0.0
510,Charteris Bay Paradise Beach,2016-01-05 10:00:00,Lyttelton,0.0,0.0,0.0,0.0,0.2,16.6,incoming,medium,muddy,6,forest,1,0,0,0.2,1.0,5.626044154,4.534622279,4.059540572,-2.6,2.1,81.3616629,98.24124067,68.66855952,90,-43.641945,172.712081,1,1,1,0,10,1,Offshore,Offshore,Offshore,6.0,0.0
511,Charteris Bay Paradise Beach,2016-01-11 15:00:00,Lyttelton,0.0,0.0,0.0,0.0,0.0,0.0,incoming,medium,muddy,6,forest,1,0,0,0.0,0.0,14.05571539,20.80472812,23.63253231,-2.8,2.3,79.33426988,78.43365531,73.35065504,90,-43.641945,172.712081,1,2,0,0,15,0,Offshore,Offshore,Offshore,6.0,0.0
512,Charteris Bay Paradise Beach,2016-01-18 09:00:00,Lyttelton,1.6,1.6,1.8,1.8,2.2,14.6,incoming,medium,muddy,6,forest,1,0,0,0.8,5.0,10.3878971,11.2311645,12.11136352,-2.6,2.4,55.95451498,50.27550134,48.08811889,90,-43.641945,172.712081,1,3,0,0,9,0,Offshore,Offshore,Offshore,6.0,0.0
513,Charteris Bay Paradise Beach,2016-01-25 15:00:00,Lyttelton,0.0,0.0,0.0,0.0,0.0,0.0,incoming,medium,muddy,6,forest,1,0,0,0.0,0.0,2.006569327,6.204286055,6.35045476,-2.8,2.3,286.7186559,288.2914411,329.2964722,90,-43.641945,172.712081,1,4,0,0,15,0,Onshore,Onshore,Alongshore,6.0,0.0
514,Charteris Bay Paradise Beach,2016-02-02 09:00:00,Lyttelton,0.0,0.0,0.0,0.0,0.0,0.0,incoming,medium,muddy,6,forest,1,0,0,0.0,0.0,3.282331432,0.409723262,2.031927527,-2.5,2.1,205.9335072,188.0573323,262.5411092,90,-43.641945,172.712081,2,5,1,0,9,1,Alongshore,Alongshore,Onshore,5.0,0.0
515,Charteris Bay Paradise Beach,2016-02-09 14:00:00,Lyttelton,0.0,0.0,0.0,0.0,0.0,0.0,incoming,medium,muddy,6,forest,1,0,0,0.0,0.0,5.563352823,1.611245452,6.031781397,-2.8,2.4,226.9347371,175.2924966,74.95328969,90,-43.641945,172.712081,2,6,1,0,14,1,Onshore,Alongshore,Offshore,5.0,0.0
516,Charteris Bay Paradise Beach,2016-02-15 09:00:00,Lyttelton,0.0,0.0,0.0,0.0,0.0,0.0,incoming,medium,muddy,6,forest,1,0,0,0.0,0.0,1.363560292,1.081663582,1.006431129,-1.3,2.5,103.7704395,277.1563141,18.46355992,90,-43.641945,172.712081,2,7,0,0,9,0,Offshore,Onshore,Alongshore,5.0,0.0
517,Charteris Bay Paradise Beach,2016-02-22 14:00:00,Lyttelton,0.0,0.0,0.0,0.0,0.0,0.0,incoming,medium,muddy,6,forest,1,0,0,0.0,0.0,6.9508153,11.78401353,13.18168458,-2.9,2.3,69.50866998,70.09534676,70.67069812,90,-43.641945,172.712081,2,8,0,0,14,0,Offshore,Offshore,Offshore,5.0,0.0
518,Charteris Bay Paradise Beach,2016-02-29 09:00:00,Lyttelton,0.0,0.0,0.0,0.0,0.0,0.0,incoming,medium,muddy,6,forest,1,0,0,0.0,0.0,9.64465547,15.53521219,16.4050711,-0.6,2.1,232.152052,241.4412755,251.157818,90,-43.641945,172.712081,2,9,0,0,9,0,Onshore,Onshore,Onshore,5.0,0.0
519,Charteris Bay Paradise Beach,2016-11-21 10:00:00,Lyttelton,0.0,0.0,0.0,0.0,0.0,0.0,incoming,medium,muddy,6,forest,1,0,0,0.0,0.0,2.013192286,3.408484868,6.339214649,-0.2,2.5,73.56960872,72.64142853,57.3659025,90,-43.641945,172.712081,11,47,0,0,10,0,Offshore,Offshore,Offshore,,0.0
520,Charteris Bay Paradise Beach,2016-11-28 14:00:00,Lyttelton,0.0,0.0,0.0,0.0,0.0,0.0,incoming,medium,muddy,6,forest,1,0,0,0.0,0.0,5.075133807,1.818520464,11.0604753,-1.9,2.2,73.02004255,115.2006842,201.709784,90,-43.641945,172.712081,11,48,0,0,14,0,Offshore,Offshore,Alongshore,5.0,0.0
521,Charteris Bay Paradise Beach,2016-12-05 09:00:00,Lyttelton,0.0,0.0,0.0,0.0,0.0,0.8,ebbing,medium,muddy,6,forest,1,0,0,0.0,0.0,7.707061989,7.273131829,9.985746455,0.4,2.3,67.75039934,63.0749088,57.63547902,90,-43.641945,172.712081,12,49,0,0,9,0,Offshore,Offshore,Offshore,5.0,0.0
522,Charteris Bay Paradise Beach,2016-12-12 13:00:00,Lyttelton,0.6,2.2,5.6,6.0,9.0,9.0,incoming,medium,muddy,6,forest,1,0,0,2.2,14.0,12.11680708,20.63594616,23.09916557,-1.2,2.5,219.6132783,233.3766961,233.5859661,90,-43.641945,172.712081,12,50,0,0,13,0,Alongshore,Onshore,Onshore,5.0,0.0
523,Charteris Bay Paradise Beach,2016-12-19 09:00:00,Lyttelton,0.0,0.0,0.0,0.0,0.0,0.0,ebbing,medium,muddy,6,forest,1,0,0,0.0,0.0,1.510780558,6.853027076,13.37639806,0.3,2.6,69.37965996,55.70543478,322.9198329,90,-43.641945,172.712081,12,51,0,0,9,0,Offshore,Offshore,Alongshore,25.0,0.0
524,Charteris Bay Paradise Beach,2016-12-28 14:00:00,Lyttelton,0.0,0.0,0.0,0.0,0.0,0.0,incoming,medium,muddy,6,forest,1,0,0,0.0,0.0,12.19254347,17.41459949,19.31492261,-2.2,2.2,71.76181363,70.02584375,64.16793927,90,-43.641945,172.712081,12,52,2,0,14,1,Offshore,Offshore,Offshore,21.0,0.0
525,Charteris Bay Paradise Beach,2017-01-04 09:00:00,Lyttelton,0.0,0.0,0.4,1.2,1.2,1.2,incoming,medium,muddy,6,forest,1,0,0,0.4,5.0,8.84430264,4.839813628,1.607682251,0.0,2.4,72.5351618,268.3802979,257.0152253,90,-43.641945,172.712081,1,1,2,0,9,1,Offshore,Onshore,Onshore,21.0,0.0
526,Charteris Bay Paradise Beach,2017-01-09 13:00:00,Lyttelton,0.0,0.0,0.0,0.0,3.4,15.0,incoming,medium,muddy,6,forest,1,0,0,1.4,8.0,4.059783731,5.866669757,11.31649675,0.0,2.4,59.29503551,59.21937213,282.5861253,90,-43.641945,172.712081,1,2,0,0,13,0,Offshore,Offshore,Onshore,21.0,0.0
527,Charteris Bay Paradise Beach,2017-01-16 09:00:00,Lyttelton,0.0,0.0,0.0,0.0,0.6,0.6,ebbing,medium,muddy,6,forest,1,0,0,0.6,1.0,1.773931304,10.82391264,13.66069533,1.3,2.6,74.64132628,58.984669,355.1173041,90,-43.641945,172.712081,1,3,0,0,9,0,Offshore,Offshore,Alongshore,21.0,0.0
528,Charteris Bay Paradise Beach,2017-01-24 13:00:00,Lyttelton,0.0,0.0,0.0,0.0,6.4,13.4,incoming,medium,muddy,6,forest,1,0,0,1.6,11.0,16.59782538,17.51983988,19.15393444,-0.6,2.1,76.76136002,74.01479852,79.51267162,90,-43.641945,172.712081,1,4,1,0,13,0,Offshore,Offshore,Offshore,5.0,0.0
529,Charteris Bay Paradise Beach,2017-01-30 08:00:00,Lyttelton,0.0,0.0,0.0,0.0,0.0,0.0,ebbing,medium,muddy,6,forest,1,0,0,0.0,0.0,2.125871183,9.09440815,12.71913427,1.6,2.4,59.88299269,66.48762658,39.4391302,90,-43.641945,172.712081,1,5,0,0,8,0,Offshore,Offshore,Alongshore,5.0,0.0
530,Charteris Bay Paradise Beach,2017-02-07 13:00:00,Lyttelton,0.0,0.0,0.0,0.3,0.3,0.3,incoming,medium,muddy,6,forest,1,0,0,0.2,2.0,3.615502098,3.630550508,2.942727091,-0.4,2.4,113.0595323,145.0198603,231.9435963,90,-43.641945,172.712081,2,6,1,0,13,1,Offshore,Alongshore,Onshore,5.0,0.0
531,Charteris Bay Paradise Beach,2017-02-13 08:00:00,Lyttelton,0.0,0.0,0.0,0.0,0.0,0.0,ebbing,medium,muddy,6,forest,1,0,0,0.0,0.0,4.38595021,6.018857383,7.15218518,1.6,2.5,73.80186793,56.61337163,25.50453478,90,-43.641945,172.712081,2,7,0,0,8,0,Offshore,Offshore,Alongshore,5.0,0.0
532,Charteris Bay Paradise Beach,2017-02-20 12:00:00,Lyttelton,0.0,0.0,0.0,0.0,0.8,2.8,incoming,medium,muddy,6,forest,1,0,0,0.2,4.0,17.07858917,15.52322543,16.99829927,-0.2,2.1,67.00196088,67.88682832,68.99223999,90,-43.641945,172.712081,2,8,0,0,12,0,Offshore,Offshore,Offshore,5.0,0.0
533,Charteris Bay Paradise Beach,2017-03-02 08:00:00,Lyttelton,0.0,0.0,0.0,0.0,0.0,0.0,ebbing,medium,muddy,6,forest,1,0,0,0.0,0.0,2.49809062,1.137987472,0.842655,0.8,2.5,247.5869587,8.965659331,312.3770044,90,-43.641945,172.712081,3,9,3,0,8,0,Onshore,Alongshore,Onshore,5.0,0.0
534,Charteris Bay Paradise Beach,2017-11-23 09:00:00,Lyttelton,0.0,0.0,0.0,0.0,0.0,0.0,ebbing,medium,muddy,6,forest,1,0,0,0.0,0.0,1.462076991,2.644943199,3.79827618,1.0,2.2,102.5440213,106.9423635,90.64963762,90,-43.641945,172.712081,11,47,3,0,9,0,Offshore,Offshore,Offshore,,0.0
535,Charteris Bay Paradise Beach,2017-11-29 11:00:00,Lyttelton,0.0,0.0,0.0,0.0,0.0,0.0,incoming,medium,muddy,6,forest,1,0,0,0.0,0.0,4.016579687,5.531690608,7.211188938,-1.2,2.3,78.01658072,76.6957652,71.2521543,90,-43.641945,172.712081,11,48,2,0,11,0,Offshore,Offshore,Offshore,5.0,0.0
536,Charteris Bay Paradise Beach,2017-12-06 08:00:00,Lyttelton,0.0,0.0,0.0,0.0,0.0,0.0,ebbing,medium,muddy,6,forest,1,0,0,0.0,0.0,3.801412585,3.576351442,5.212103753,1.5,2.7,85.10600008,80.88742951,51.49110785,90,-43.641945,172.712081,12,49,2,0,8,0,Offshore,Offshore,Offshore,5.0,0.0
537,Charteris Bay Paradise Beach,2017-12-13 12:00:00,Lyttelton,0.0,0.0,1.2,1.2,1.2,1.2,incoming,medium,muddy,6,forest,1,0,0,0.6,2.0,13.98029007,14.77927655,20.2414929,-1.1,2.3,63.08147592,62.16567661,58.66745444,90,-43.641945,172.712081,12,50,2,0,12,0,Offshore,Offshore,Offshore,5.0,0.0
538,Charteris Bay Paradise Beach,2017-12-20 08:00:00,Lyttelton,0.0,0.0,0.0,0.0,0.0,0.2,ebbing,medium,muddy,6,forest,1,0,0,0.0,0.0,26.23521122,26.14193587,22.66761592,1.6,2.3,226.8992377,226.6439786,227.561971,90,-43.641945,172.712081,12,51,2,0,8,1,Onshore,Onshore,Onshore,5.0,0.0
539,Charteris Bay Paradise Beach,2017-12-28 10:00:00,Lyttelton,0.0,0.0,0.0,0.2,3.8,5.4,incoming,medium,muddy,6,forest,1,0,0,1.0,8.0,7.354362921,6.650911382,7.570414588,-1.9,2.3,234.5842206,241.4269781,229.2703021,90,-43.641945,172.712081,12,52,3,0,10,1,Onshore,Onshore,Onshore,5.0,0.0
540,Charteris Bay Paradise Beach,2018-01-10 12:00:00,Lyttelton,1.6,2.2,2.8,2.8,2.8,2.8,ebbing,medium,muddy,6,forest,1,0,0,1.0,6.0,16.10734821,18.59782676,17.89452895,0.6,2.3,257.1171314,262.0936129,262.9649282,90,-43.641945,172.712081,1,2,2,0,12,0,Onshore,Onshore,Onshore,5.0,0.0
541,Charteris Bay Paradise Beach,2018-01-15 16:00:00,Lyttelton,0.0,0.0,0.0,0.0,0.0,0.2,ebbing,medium,muddy,6,forest,1,0,0,0.0,0.0,20.08263735,23.06806974,21.49461999,0.5,2.2,76.57366872,74.14425547,70.21277501,90,-43.641945,172.712081,1,3,0,0,16,0,Offshore,Offshore,Offshore,41.8,0.0
542,Charteris Bay Paradise Beach,2018-01-24 11:00:00,Lyttelton,0.0,0.0,0.0,0.0,0.0,0.0,ebbing,medium,muddy,6,forest,1,0,0,0.0,0.0,0.74059392,1.41105297,1.691054333,0.8,2.3,244.2196638,140.2909867,244.3428123,90,-43.641945,172.712081,1,4,2,0,11,0,Onshore,Alongshore,Onshore,41.8,0.0
543,Charteris Bay Paradise Beach,2018-02-02 10:00:00,Lyttelton,0.4,1.0,2.2,2.2,2.2,2.2,ebbing,medium,muddy,6,forest,1,0,0,0.6,8.0,21.34330912,21.83770834,23.1209269,4.8,2.7,236.3081099,239.9232536,243.9704898,90,-43.641945,172.712081,2,5,4,0,10,1,Onshore,Onshore,Onshore,42.8,0.0
544,Charteris Bay Paradise Beach,2018-02-05 08:00:00,Lyttelton,0.0,0.0,0.0,0.0,1.2,1.6,incoming,medium,muddy,6,forest,1,0,0,0.6,3.0,7.342491136,2.128716232,1.30387702,-0.2,2.5,230.6976308,338.0342656,300.0051755,90,-43.641945,172.712081,2,6,0,0,8,1,Onshore,Alongshore,Onshore,145.8,0.09090909090909091
545,Charteris Bay Paradise Beach,2018-02-07 08:00:00,Lyttelton,0.0,0.4,0.4,0.4,0.4,0.4,incoming,medium,muddy,6,forest,1,0,0,0.4,1.0,4.478973331,3.622762769,3.220326849,-1.9,2.3,77.18859687,68.60005653,43.41862587,90,-43.641945,172.712081,2,6,2,0,8,1,Offshore,Offshore,Alongshore,146.8,0.08333333333333333
546,Charteris Bay Paradise Beach,2018-02-14 13:00:00,Lyttelton,0.0,0.0,0.0,0.0,0.0,1.0,incoming,medium,muddy,6,forest,1,0,0,0.0,0.0,11.49536855,15.66037407,15.73731014,-2.4,2.2,243.6966983,242.0724689,246.6376823,90,-43.641945,172.712081,2,7,2,0,13,0,Onshore,Onshore,Onshore,110.0,0.07692307692307693
547,Charteris Bay Paradise Beach,2018-02-27 14:00:00,Lyttelton,0.0,0.0,0.0,0.0,3.4,3.4,ebbing,medium,muddy,6,forest,1,0,0,1.2,6.0,3.998452756,9.001176543,11.75173806,0.2,2.4,77.70541743,81.76160469,86.73214763,90,-43.641945,172.712081,2,9,1,0,14,0,Offshore,Offshore,Offshore,110.0,0.07142857142857142
548,Charteris Bay Paradise Beach,2018-03-14 14:00:00,Lyttelton,0.0,0.0,0.0,0.0,0.0,0.0,incoming,medium,muddy,6,forest,1,0,0,0.0,0.0,5.27842546,9.988025022,14.08461286,-0.8,2.2,79.37866537,81.82383963,75.39950573,90,-43.641945,172.712081,3,11,2,0,14,0,Offshore,Offshore,Offshore,109.0,0.06666666666666667
549,Charteris Bay Paradise Beach,2018-03-20 09:00:00,Lyttelton,0.0,0.0,0.0,0.0,0.0,0.0,ebbing,medium,muddy,6,forest,1,0,0,0.0,0.0,12.46478481,11.1136782,11.45306093,2.4,2.3,58.69497939,57.04087541,57.90097866,90,-43.641945,172.712081,3,12,1,0,9,0,Offshore,Offshore,Offshore,6.0,0.0625
550,Charteris Bay Paradise Beach,2018-11-13 09:00:00,Lyttelton,0.0,0.0,0.0,0.0,0.0,0.0,ebbing,medium,muddy,6,forest,1,0,0,0.0,0.0,4.983256644,7.289826984,9.255832147,0.3,2.3,253.4021237,261.1163708,259.4172411,90,-43.641945,172.712081,11,46,1,0,9,0,Onshore,Onshore,Onshore,,0.0
551,Charteris Bay Paradise Beach,2018-11-19 13:00:00,Lyttelton,0.2,0.2,0.4,1.2,1.2,1.2,incoming,medium,muddy,6,forest,1,0,0,0.6,4.0,8.047433392,8.638200594,14.50926672,-0.6,2.2,223.6829617,227.0771893,229.4172152,90,-43.641945,172.712081,11,47,0,0,13,0,Alongshore,Onshore,Onshore,5.0,0.0
552,Charteris Bay Paradise Beach,2018-11-29 09:00:00,Lyttelton,0.0,0.0,0.0,1.4,5.0,5.0,incoming,medium,muddy,6,forest,1,0,0,1.6,12.0,12.81484304,11.72701392,12.23572929,-0.3,2.6,72.9183758,69.44106162,74.19379469,90,-43.641945,172.712081,11,48,3,0,9,0,Offshore,Offshore,Offshore,7.5,0.0
553,Charteris Bay Paradise Beach,2018-12-03 13:00:00,Lyttelton,0.0,0.2,0.2,0.6,1.2,1.6,incoming,medium,muddy,6,forest,1,0,0,0.2,6.0,18.91021268,20.25079192,20.88179973,-0.6,2.4,68.72842954,66.96544977,66.33445353,90,-43.641945,172.712081,12,49,0,0,13,0,Offshore,Offshore,Offshore,6.666666666666667,0.0
554,Charteris Bay Paradise Beach,2018-12-11 09:00:00,Lyttelton,0.0,0.0,0.0,0.0,0.0,0.0,ebbing,medium,muddy,6,forest,1,0,0,0.0,0.0,12.45704999,13.54692397,14.83491754,1.8,2.3,62.14263472,59.73551913,59.15209686,90,-43.641945,172.712081,12,50,1,0,9,0,Offshore,Offshore,Offshore,6.25,0.0
555,Charteris Bay Paradise Beach,2018-12-17 12:00:00,Lyttelton,0.0,0.0,0.0,0.0,0.0,0.0,incoming,medium,muddy,6,forest,1,0,0,0.0,0.0,12.49948785,11.39353532,13.09479512,-0.3,2.2,80.80657783,77.21552855,70.41807444,90,-43.641945,172.712081,12,51,0,0,12,0,Offshore,Offshore,Offshore,6.0,0.0
556,Charteris Bay Paradise Beach,2018-12-28 09:00:00,Lyttelton,0.0,0.0,0.0,0.0,0.0,0.2,ebbing,medium,muddy,6,forest,1,0,0,0.0,0.0,9.698143971,12.8093525,15.82057778,0.1,2.6,69.13611343,65.3682362,60.13542428,90,-43.641945,172.712081,12,52,4,0,9,1,Offshore,Offshore,Offshore,6.0,0.0
557,Charteris Bay Paradise Beach,2019-01-09 08:00:00,Lyttelton,0.0,0.0,0.0,0.0,0.0,6.2,ebbing,medium,muddy,6,forest,1,0,0,0.0,0.0,16.67443461,19.04636259,19.59132783,1.5,2.3,62.66823606,63.2745141,58.76400185,90,-43.641945,172.712081,1,2,2,0,8,0,Offshore,Offshore,Offshore,5.0,0.0
558,Charteris Bay Paradise Beach,2019-01-15 11:00:00,Lyttelton,0.0,0.0,0.0,0.2,14.2,14.2,ebbing,medium,muddy,6,forest,1,0,0,5.2,11.0,12.45613949,12.28296093,11.26621628,0.1,2.2,222.3639172,226.9494331,238.0004501,90,-43.641945,172.712081,1,3,1,0,11,0,Alongshore,Onshore,Onshore,5.0,0.0
559,Charteris Bay Paradise Beach,2019-01-18 11:00:00,Lyttelton,0.0,0.0,0.0,0.0,0.0,0.0,incoming,medium,muddy,6,forest,1,0,0,0.0,0.0,10.19273062,10.46265096,11.17296492,-3.0,2.3,237.9773876,247.0210004,246.182496,90,-43.641945,172.712081,1,3,4,0,11,0,Onshore,Onshore,Onshore,37.8,0.0
560,Charteris Bay Paradise Beach,2019-01-24 08:00:00,Lyttelton,0.0,0.0,0.2,3.0,3.2,3.2,ebbing,medium,muddy,6,forest,1,0,0,1.8,5.0,15.71145296,10.19509187,8.677831842,0.8,2.7,238.5411729,246.5780283,236.6496441,90,-43.641945,172.712081,1,4,3,0,8,0,Onshore,Onshore,Onshore,38.8,0.0
561,Charteris Bay Paradise Beach,2019-01-28 09:00:00,Lyttelton,0.0,0.0,0.0,0.0,0.0,0.0,incoming,medium,muddy,6,forest,1,0,0,0.0,0.0,3.416761515,4.073855367,9.127173912,-1.5,2.5,277.2557808,265.4850335,45.74375493,90,-43.641945,172.712081,1,5,0,0,9,0,Onshore,Onshore,Offshore,71.4,0.0
562,Charteris Bay Paradise Beach,2019-02-08 08:00:00,Lyttelton,0.0,0.0,0.0,0.0,0.0,0.0,ebbing,medium,muddy,6,forest,1,0,0,0.0,0.0,16.18263618,16.67478247,17.02778983,0.6,2.2,67.77190249,65.10149621,60.55986403,90,-43.641945,172.712081,2,6,4,0,8,1,Offshore,Offshore,Offshore,80.8,0.0
563,Charteris Bay Paradise Beach,2019-02-14 11:00:00,Lyttelton,0.0,0.0,0.0,0.0,0.0,0.0,incoming,medium,muddy,6,forest,1,0,0,0.0,0.0,15.79885576,15.56884265,16.22447246,-0.9,2.2,83.64499862,75.93208549,70.55418063,90,-43.641945,172.712081,2,7,3,0,11,0,Offshore,Offshore,Offshore,80.8,0.0
564,Charteris Bay Paradise Beach,2019-02-18 14:00:00,Lyttelton,0.0,0.0,0.0,0.0,0.0,0.0,incoming,medium,muddy,6,forest,1,0,0,0.0,0.0,3.401908097,10.15654998,15.21892833,-1.1,2.5,86.15557778,87.00286128,86.72961215,90,-43.641945,172.712081,2,8,0,0,14,0,Offshore,Offshore,Offshore,48.0,0.0
565,Charteris Bay Paradise Beach,2019-02-28 12:00:00,Lyttelton,0.0,0.0,1.0,3.0,3.0,3.0,incoming,medium,muddy,6,forest,1,0,0,0.8,6.0,22.10889483,21.90938823,20.41844406,-0.4,2.2,226.0535489,229.0556976,232.8434194,90,-43.641945,172.712081,2,9,3,0,12,0,Onshore,Onshore,Onshore,56.4,0.0
566,Charteris Bay Paradise Beach,2019-11-18 10:00:00,Lyttelton,0.0,0.0,0.0,0.0,0.0,0.0,ebbing,medium,muddy,6,forest,1,0,0,0.0,0.0,5.563013318,8.97040188,10.35933443,1.2,2.4,242.3131204,256.2187672,252.8752185,90,-43.641945,172.712081,11,47,0,0,10,0,Onshore,Onshore,Onshore,,0.0
567,Charteris Bay Paradise Beach,2019-12-03 10:00:00,Lyttelton,0.0,0.0,0.0,0.0,0.0,0.0,ebbing,medium,muddy,6,forest,1,0,0,0.0,0.0,12.33212783,15.58354761,16.72790267,0.4,2.3,75.00934969,76.76443675,74.64106775,90,-43.641945,172.712081,12,49,1,0,10,0,Offshore,Offshore,Offshore,10.0,0.0
568,Charteris Bay Paradise Beach,2019-12-10 14:00:00,Lyttelton,0.0,0.0,0.0,0.0,0.0,0.0,incoming,medium,muddy,6,forest,1,0,0,0.0,0.0,10.22757944,14.40521153,15.76441733,-1.0,2.2,87.74839044,89.35554618,85.58889521,90,-43.641945,172.712081,12,50,1,0,14,0,Offshore,Offshore,Offshore,15.0,0.0
569,Charteris Bay Paradise Beach,2019-12-18 10:00:00,Lyttelton,2.4,5.0,13.8,17.8,22.6,22.6,ebbing,medium,muddy,6,forest,1,0,0,2.8,30.0,26.40954838,25.71766395,27.32688131,0.4,2.5,247.2902012,244.3983546,245.7756115,90,-43.641945,172.712081,12,51,2,0,10,0,Onshore,Onshore,Onshore,11.666666666666666,0.0
570,Charteris Bay Paradise Beach,2019-12-20 12:00:00,Lyttelton,0.0,0.0,0.2,0.2,0.2,18.2,ebbing,medium,muddy,6,forest,1,0,0,0.2,1.0,13.49103936,17.87184279,23.82286407,0.9,2.5,240.6940846,254.1008267,266.1761967,90,-43.641945,172.712081,12,51,4,0,12,1,Onshore,Onshore,Onshore,128.75,0.2
571,Charteris Bay Paradise Beach,2019-12-30 08:00:00,Lyttelton,0.0,0.0,0.0,0.0,0.0,0.0,ebbing,medium,muddy,6,forest,1,0,0,0.0,0.0,3.018575405,3.637983943,0.663185145,0.1,2.4,142.3209442,284.3882128,277.0580258,90,-43.641945,172.712081,12,1,0,0,8,1,Alongshore,Onshore,Onshore,104.0,0.16666666666666666
572,Charteris Bay Paradise Beach,2020-01-07 13:00:00,Lyttelton,0.0,0.4,0.4,0.4,0.4,0.6,incoming,medium,muddy,6,forest,1,0,0,0.4,1.0,25.06582676,22.0115005,19.23260353,-0.5,2.1,226.9475483,230.2948152,234.8076861,90,-43.641945,172.712081,1,2,1,0,13,0,Onshore,Onshore,Onshore,104.0,0.14285714285714285
573,Charteris Bay Paradise Beach,2020-01-15 09:00:00,Lyttelton,0.0,0.0,0.0,0.0,1.0,1.0,ebbing,medium,muddy,6,forest,1,0,0,0.4,4.0,2.009777881,1.296724528,1.696019373,1.2,2.6,201.1831942,248.3965821,67.58041459,90,-43.641945,172.712081,1,3,2,0,9,0,Alongshore,Onshore,Offshore,122.0,0.125
574,Charteris Bay Paradise Beach,2020-01-21 12:00:00,Lyttelton,0.0,0.0,0.0,0.0,0.2,0.2,incoming,medium,muddy,6,forest,1,0,0,0.2,1.0,7.260993503,8.762502739,9.921521329,-1.3,2.3,91.68660409,80.42326735,71.67874879,90,-43.641945,172.712081,1,4,1,0,12,0,Offshore,Offshore,Offshore,122.0,0.1111111111111111
575,Charteris Bay Paradise Beach,2020-01-28 08:00:00,Lyttelton,0.0,0.0,0.0,0.0,0.0,0.0,ebbing,medium,muddy,6,forest,1,0,0,0.0,0.0,10.61212288,11.84400287,12.75365734,1.5,2.3,277.9736323,278.6055094,276.8318648,90,-43.641945,172.712081,1,5,1,0,8,0,Onshore,Onshore,Onshore,27.0,0.1
576,Charteris Bay Paradise Beach,2020-02-05 12:00:00,Lyttelton,0.0,0.0,2.4,6.0,6.0,6.0,incoming,medium,muddy,6,forest,1,0,0,1.8,9.0,16.22122257,9.27270675,8.285316203,-0.6,2.1,240.4163875,250.7927499,247.7402485,90,-43.641945,172.712081,2,6,2,0,12,1,Onshore,Onshore,Onshore,28.0,0.09090909090909091
577,Charteris Bay Paradise Beach,2020-02-11 07:00:00,Lyttelton,0.0,0.0,0.0,0.0,0.0,0.8,ebbing,medium,muddy,6,forest,1,0,0,0.0,0.0,2.285643303,4.33680078,4.349959067,1.5,2.6,273.4634371,271.3522907,282.1828696,90,-43.641945,172.712081,2,7,1,0,7,0,Onshore,Onshore,Onshore,30.0,0.08333333333333333
578,Charteris Bay Paradise Beach,2020-02-19 13:00:00,Lyttelton,0.0,0.0,0.0,0.0,0.0,0.0,incoming,medium,muddy,6,forest,1,0,0,0.0,0.0,0.914025704,2.492710845,9.765220761,-0.1,2.3,90.832748,76.6019873,62.36548458,90,-43.641945,172.712081,2,8,2,0,13,0,Offshore,Offshore,Offshore,10.0,0.07692307692307693
579,Charteris Bay Paradise Beach,2020-02-26 09:00:00,Lyttelton,0.0,0.0,0.0,0.0,0.0,0.0,ebbing,medium,muddy,6,forest,1,0,0,0.0,0.0,11.85505172,11.86920904,11.97472551,2.2,2.3,79.2846469,77.83172919,74.34696205,90,-43.641945,172.712081,2,9,2,0,9,0,Offshore,Offshore,Offshore,10.0,0.07142857142857142
580,Charteris Bay Paradise Beach,2020-03-04 12:00:00,Lyttelton,0.0,0.0,0.0,1.2,1.2,1.2,incoming,medium,muddy,6,forest,1,0,0,0.8,3.0,11.17158161,13.23582609,16.75094999,-0.1,2.1,235.064647,241.7911313,249.5466928,90,-43.641945,172.712081,3,10,2,0,12,0,Onshore,Onshore,Onshore,10.0,0.06666666666666667
581,Charteris Bay Paradise Beach,2020-03-18 12:00:00,Lyttelton,0.0,0.0,0.0,0.0,0.0,0.0,incoming,medium,muddy,6,forest,1,0,0,0.0,0.0,2.042140329,5.052176077,10.88351626,-0.2,2.3,90.02376944,92.75289947,87.80362111,90,-43.641945,172.712081,3,12,2,0,12,0,Offshore,Offshore,Offshore,9.0,0.0625
582,Charteris Bay Paradise Beach,2020-11-10 11:00:00,Lyttelton,0.0,0.0,0.0,0.0,0.3,22.4,incoming,medium,muddy,6,forest,1,0,0,0.3,1.0,4.296304072,4.420414195,4.057275136,-0.1,2.3,235.9877955,257.8997321,265.7415652,90,-43.641945,172.712081,11,46,1,0,11,0,Onshore,Onshore,Onshore,,0.0
583,Charteris Bay Paradise Beach,2020-11-23 11:00:00,Lyttelton,0.0,0.0,0.0,0.4,7.0,7.0,incoming,medium,muddy,6,forest,1,0,0,3.2,10.0,4.244020346,1.448381726,2.541200752,-0.1,2.3,218.5380074,211.2829401,246.1571058,90,-43.641945,172.712081,11,48,0,0,11,0,Alongshore,Alongshore,Onshore,5.0,0.0
584,Charteris Bay Paradise Beach,2020-12-03 07:00:00,Lyttelton,0.0,0.0,0.0,0.0,0.0,2.6,ebbing,medium,muddy,6,forest,1,0,0,0.0,0.0,10.56419713,9.333919381,6.996867945,0.9,2.3,262.8049641,266.586393,264.8587057,90,-43.641945,172.712081,12,49,3,0,7,0,Onshore,Onshore,Onshore,5.0,0.0
585,Charteris Bay Paradise Beach,2020-12-10 10:00:00,Lyttelton,0.0,0.0,0.0,0.0,0.0,0.0,incoming,medium,muddy,6,forest,1,0,0,0.0,0.0,7.421036332,12.61510019,13.523941,-1.8,2.4,261.6372166,265.0641161,263.4222007,90,-43.641945,172.712081,12,50,3,0,10,0,Onshore,Onshore,Onshore,5.0,0.0
586,Charteris Bay Paradise Beach,2020-12-17 07:00:00,Lyttelton,0.0,0.0,0.0,0.0,0.0,0.0,ebbing,medium,muddy,6,forest,1,0,0,0.0,0.0,7.764179377,4.175944619,2.057369255,1.1,2.6,205.1460294,67.36912917,75.38815614,90,-43.641945,172.712081,12,51,3,0,7,0,Alongshore,Offshore,Offshore,6.25,0.0
587,Charteris Bay Paradise Beach,2020-12-22 10:00:00,Lyttelton,0.4,2.4,2.6,8.0,13.2,13.2,incoming,medium,muddy,6,forest,1,0,0,1.8,20.0,12.33207221,11.49591992,10.65936616,-0.7,2.3,87.32489162,79.33655697,72.16259958,90,-43.641945,172.712081,12,52,1,0,10,1,Offshore,Offshore,Offshore,6.0,0.0
588,Charteris Bay Paradise Beach,2020-12-29 15:00:00,Lyttelton,0.0,0.0,0.0,0.0,0.0,6.8,incoming,medium,muddy,6,forest,1,0,0,0.0,0.0,7.586167969,13.09393509,15.96219758,-1.3,2.1,86.85791775,86.30147374,89.24402948,90,-43.641945,172.712081,12,53,1,0,15,1,Offshore,Offshore,Offshore,6.0,0.0
589,Charteris Bay Paradise Beach,2021-01-11 13:00:00,Lyttelton,0.0,0.0,0.0,0.0,0.2,0.2,incoming,medium,muddy,6,forest,1,0,0,0.2,1.0,2.527099981,2.624180023,7.010158594,-1.7,2.4,88.50208622,67.51956215,283.1483115,90,-43.641945,172.712081,1,2,0,0,13,0,Offshore,Offshore,Onshore,6.0,0.0
590,Charteris Bay Paradise Beach,2021-01-19 09:00:00,Lyttelton,0.0,0.0,0.0,0.0,1.2,1.2,ebbing,medium,muddy,6,forest,1,0,0,0.8,3.0,3.108297261,8.731841767,9.711542617,0.1,2.3,64.42388466,56.90299909,42.52672723,90,-43.641945,172.712081,1,3,1,0,9,0,Offshore,Offshore,Alongshore,6.0,0.0
591,Charteris Bay Paradise Beach,2021-01-26 13:00:00,Lyttelton,0.0,0.0,0.0,0.0,0.0,0.0,incoming,medium,muddy,6,forest,1,0,0,0.0,0.0,11.82849938,11.82932907,10.85722129,-1.7,2.1,79.76337671,80.15108484,71.61949534,90,-43.641945,172.712081,1,4,1,0,13,0,Offshore,Offshore,Offshore,5.0,0.0
592,Charteris Bay Paradise Beach,2021-02-03 10:00:00,Lyttelton,0.0,0.0,0.0,0.0,0.0,0.0,ebbing,medium,muddy,6,forest,1,0,0,0.0,0.0,12.76412941,12.09572596,11.8847057,0.8,2.5,88.74854079,80.83151131,73.40708966,90,-43.641945,172.712081,2,5,2,0,10,1,Offshore,Offshore,Offshore,5.0,0.0
593,Charteris Bay Paradise Beach,2021-02-10 14:00:00,Lyttelton,0.0,0.2,4.2,8.6,9.0,9.0,incoming,medium,muddy,6,forest,1,0,0,2.6,12.0,10.44032356,6.147447494,2.514797771,-1.8,2.4,192.8992832,237.6848958,258.5556351,90,-43.641945,172.712081,2,6,2,0,14,0,Alongshore,Onshore,Onshore,5.0,0.0
594,Charteris Bay Paradise Beach,2021-02-17 09:00:00,Lyttelton,0.0,0.0,0.0,0.0,0.0,0.0,ebbing,medium,muddy,6,forest,1,0,0,0.0,0.0,2.834740543,3.399350533,3.679188242,0.7,2.2,253.7667754,263.3345451,278.2905871,90,-43.641945,172.712081,2,7,2,0,9,0,Onshore,Onshore,Onshore,5.0,0.0
595,Charteris Bay Paradise Beach,2021-02-26 14:00:00,Lyttelton,0.0,0.0,0.0,0.0,0.0,0.0,incoming,medium,muddy,6,forest,1,0,0,0.0,0.0,9.428641636,10.42239963,11.27928356,-1.7,2.3,75.28784979,81.15029938,73.32964818,90,-43.641945,172.712081,2,8,4,0,14,0,Offshore,Offshore,Offshore,5.0,0.0
596,Charteris Bay Paradise Beach,2021-03-03 08:00:00,Lyttelton,0.0,0.0,0.0,0.0,0.4,0.4,ebbing,medium,muddy,6,forest,1,0,0,0.2,2.0,6.897730869,5.707823106,7.600389954,0.8,2.5,69.79370059,75.27545174,63.18824988,90,-43.641945,172.712081,3,9,2,0,8,0,Offshore,Offshore,Offshore,5.0,0.0
597,Charteris Bay Paradise Beach,2021-11-26 10:00:00,Lyttelton,0.0,0.0,0.0,0.0,0.0,0.0,ebbing,medium,muddy,6,forest,1,0,0,0.0,0.0,0.201041799,1.154926566,3.811644506,0.2,2.2,235.1544839,226.0209897,317.0204776,90,-43.641945,172.712081,11,47,4,0,10,0,Onshore,Onshore,Alongshore,,0.0
598,Charteris Bay Paradise Beach,2021-12-02 13:00:00,Lyttelton,0.0,0.2,0.6,0.6,0.6,0.6,incoming,medium,muddy,6,forest,1,0,0,0.2,3.0,13.45597827,14.65889978,15.25986215,-1.0,2.4,75.30143448,74.89317284,72.70944022,90,-43.641945,172.712081,12,48,3,0,13,0,Offshore,Offshore,Offshore,5.0,0.0
599,Charteris Bay Paradise Beach,2021-12-09 08:00:00,Lyttelton,0.0,0.0,0.0,0.0,3.0,8.6,incoming,medium,muddy,6,forest,1,0,0,1.2,5.0,2.384716081,6.497088069,5.164419414,-0.2,2.6,271.754726,280.6142289,331.0899387,90,-43.641945,172.712081,12,49,3,0,8,0,Onshore,Onshore,Alongshore,5.0,0.0
600,Charteris Bay Paradise Beach,2021-12-16 14:00:00,Lyttelton,3.4,5.2,16.2,63.2,87.0,87.0,incoming,medium,muddy,6,forest,1,0,0,11.8,30.0,22.94155685,23.04749255,23.33093849,-1.0,2.2,252.979999,254.898536,256.4645678,90,-43.641945,172.712081,12,50,3,0,14,0,Onshore,Onshore,Onshore,10.0,0.0
601,Charteris Bay Paradise Beach,2021-12-20 10:00:00,Lyttelton,0.0,0.0,0.0,0.0,0.2,16.4,ebbing,medium,muddy,6,forest,1,0,0,0.2,1.0,0.731028022,1.609687208,3.58972259,4.5,2.3,304.9364492,305.4102399,349.8550291,90,-43.641945,172.712081,12,51,0,0,10,1,Onshore,Onshore,Alongshore,247.25,0.2
602,Charteris Bay Paradise Beach,2021-12-23 07:00:00,Lyttelton,0.0,0.0,0.0,0.0,0.0,0.0,incoming,medium,muddy,6,forest,1,0,0,0.0,0.0,4.356556405,5.711419364,11.21760422,-0.5,2.3,51.78243218,29.56864076,27.80647262,90,-43.641945,172.712081,12,51,3,0,7,1,Offshore,Alongshore,Alongshore,198.8,0.16666666666666666
603,Charteris Bay Paradise Beach,2021-12-30 12:00:00,Lyttelton,0.0,0.0,0.0,1.4,3.2,14.2,incoming,medium,muddy,6,forest,1,0,0,0.8,8.0,3.83310792,1.092913556,4.375425153,-0.6,2.3,243.655701,173.307966,64.6479343,90,-43.641945,172.712081,12,52,3,0,12,1,Onshore,Alongshore,Offshore,199.8,0.14285714285714285
604,Charteris Bay Paradise Beach,2022-01-07 10:00:00,Lyttelton,0.0,0.0,0.0,0.0,0.4,0.4,ebbing,medium,muddy,6,forest,1,0,0,0.2,2.0,14.37375277,14.58409019,14.67531571,1.6,2.6,232.0,234.4352951,233.0705126,90,-43.641945,172.712081,1,1,4,0,10,0,Onshore,Onshore,Onshore,220.6,0.125
605,Charteris Bay Paradise Beach,2022-01-12 12:00:00,Lyttelton,0.0,0.0,0.0,0.0,0.0,0.0,incoming,medium,muddy,6,forest,1,0,0,0.0,0.0,1.357135287,1.269838983,4.80344999,-0.1,2.2,76.24841323,170.7575555,232.8493426,90,-43.641945,172.712081,1,2,2,0,12,0,Offshore,Alongshore,Onshore,217.6,0.1111111111111111
606,Charteris Bay Paradise Beach,2022-01-20 07:00:00,Lyttelton,0.6,0.6,4.0,4.0,4.0,4.0,ebbing,medium,muddy,6,forest,1,0,0,1.0,7.0,17.6563316,16.55344957,15.81552318,1.1,2.3,243.0420063,245.0754172,251.3966284,90,-43.641945,172.712081,1,3,3,0,7,0,Onshore,Onshore,Onshore,26.8,0.1
607,Charteris Bay Paradise Beach,2022-01-26 11:00:00,Lyttelton,0.0,0.2,0.4,0.4,1.0,2.8,ebbing,medium,muddy,6,forest,1,0,0,0.4,4.0,5.343082527,7.931010239,8.335599047,0.7,2.3,84.22117739,72.49323302,65.0119141,90,-43.641945,172.712081,1,4,2,0,11,0,Offshore,Offshore,Offshore,27.8,0.09090909090909091
608,Charteris Bay Paradise Beach,2022-02-01 16:00:00,Lyttelton,0.0,0.0,0.0,0.0,0.0,0.0,incoming,medium,muddy,6,forest,1,0,0,0.0,0.0,14.98316982,18.3283355,19.31342746,-0.3,2.5,74.39773932,78.44611091,75.77625551,90,-43.641945,172.712081,2,5,1,0,16,1,Offshore,Offshore,Offshore,26.8,0.08333333333333333
609,Charteris Bay Paradise Beach,2022-02-10 12:00:00,Lyttelton,0.0,2.8,26.2,65.2,66.0,66.0,incoming,medium,muddy,6,forest,1,0,0,11.2,19.0,9.96898704,1.308202105,4.692687376,-0.1,2.1,268.4539419,58.44861036,69.7865658,90,-43.641945,172.712081,2,6,3,0,12,0,Onshore,Offshore,Offshore,7.0,0.07692307692307693
610,Charteris Bay Paradise Beach,2022-02-15 16:00:00,Lyttelton,0.0,0.0,0.0,0.0,0.4,43.0,ebbing,medium,muddy,6,forest,1,0,0,0.2,2.0,12.1286532,14.89967909,16.58323084,0.6,2.1,82.79984092,84.70277791,81.10011992,90,-43.641945,172.712081,2,7,1,0,16,0,Offshore,Offshore,Offshore,23.0,0.07142857142857142
611,Charteris Bay Paradise Beach,2022-02-23 10:00:00,Lyttelton,0.0,0.0,0.6,0.6,0.6,0.6,ebbing,medium,muddy,6,forest,1,0,0,0.2,3.0,6.946035677,5.815944254,6.107475185,0.3,2.3,267.1852355,280.5367791,263.2932104,90,-43.641945,172.712081,2,8,2,0,10,0,Onshore,Onshore,Onshore,23.0,0.06666666666666667
612,Charteris Bay Paradise Beach,2022-03-09 10:00:00,Lyttelton,0.0,0.0,0.0,0.0,0.0,0.0,incoming,medium,muddy,6,forest,1,0,0,0.0,0.0,6.106460127,9.081123383,8.824509524,-0.2,2.1,275.8061652,284.5969727,286.4201494,90,-43.641945,172.712081,3,10,2,0,10,0,Onshore,Onshore,Onshore,22.0,0.0625
613,Church Bay Beach,2013-11-12 12:00:00,Lyttelton,0.0,0.0,0.0,0.0,0.0,0.0,incoming,medium,sandy,7,forest,1,0,0,0.0,0.0,4.343951404,3.911701863,2.20022438,-0.3,2.5,178.6848477,210.3341579,214.7918202,130,-43.632972,172.720707,11,46,1,0,12,0,Alongshore,Alongshore,Alongshore,,0.0
614,Church Bay Beach,2013-11-25 11:00:00,Lyttelton,0.0,0.0,0.0,0.0,0.0,0.8,ebbing,medium,sandy,7,forest,1,0,0,0.0,0.0,4.828218673,8.62900911,8.297605468,1.4,2.2,217.9034997,223.822812,223.3064766,130,-43.632972,172.720707,11,48,0,0,11,0,Alongshore,Alongshore,Alongshore,10.0,0.0
615,Church Bay Beach,2013-12-02 14:00:00,Lyttelton,0.0,0.0,0.0,0.0,0.0,0.0,incoming,medium,sandy,7,forest,1,0,0,0.0,0.0,7.452592242,9.599875429,11.2596785,-1.5,2.4,68.60659623,67.95901179,58.02618737,130,-43.632972,172.720707,12,49,0,0,14,0,Alongshore,Alongshore,Alongshore,7.5,0.0
616,Church Bay Beach,2013-12-09 10:00:00,Lyttelton,0.0,0.0,0.0,1.6,1.6,1.6,ebbing,medium,sandy,7,forest,1,0,0,0.8,3.0,11.99175976,10.13272812,9.701405971,0.6,2.6,207.3998725,216.2431485,215.0918988,130,-43.632972,172.720707,12,50,0,0,10,0,Alongshore,Alongshore,Alongshore,8.333333333333334,0.0
617,Church Bay Beach,2013-12-16 14:00:00,Lyttelton,0.0,0.0,0.0,0.0,0.0,0.0,incoming,medium,sandy,7,forest,1,0,0,0.0,0.0,2.557157137,7.382970375,7.08805781,-1.4,2.2,223.2320756,212.737369,204.0548221,130,-43.632972,172.720707,12,51,0,0,14,0,Alongshore,Alongshore,Alongshore,7.5,0.0
618,Church Bay Beach,2013-12-22 09:00:00,Lyttelton,0.0,0.8,1.8,1.8,1.8,1.8,ebbing,medium,sandy,7,forest,1,0,0,0.8,3.0,8.836648761,3.803756601,2.118929995,1.4,2.3,203.639318,222.704662,216.0919903,130,-43.632972,172.720707,12,51,6,1,9,1,Alongshore,Alongshore,Alongshore,7.0,0.0
619,Church Bay Beach,2014-01-06 10:00:00,Lyttelton,0.0,0.0,0.0,0.0,0.4,0.4,ebbing,medium,sandy,7,forest,1,0,0,0.4,1.0,5.736956501,5.169311115,5.585468632,1.6,2.7,163.5967024,169.0139646,258.8243907,130,-43.632972,172.720707,1,2,0,0,10,0,Offshore,Offshore,Alongshore,7.0,0.0
620,Church Bay Beach,2014-01-13 13:00:00,Lyttelton,0.0,0.0,0.0,0.0,0.0,0.0,incoming,medium,sandy,7,forest,1,0,0,0.0,0.0,6.027527346,10.62508668,6.398551283,-1.8,2.2,237.0400853,211.5256652,210.0491213,130,-43.632972,172.720707,1,3,0,0,13,0,Alongshore,Alongshore,Alongshore,7.0,0.0
621,Church Bay Beach,2014-01-20 10:00:00,Lyttelton,0.0,0.0,0.0,0.0,0.0,0.0,ebbing,medium,sandy,7,forest,1,0,0,0.0,0.0,5.649574991,8.853784683,12.10329951,3.0,2.3,46.98206876,37.62496636,12.75110632,130,-43.632972,172.720707,1,4,0,0,10,0,Alongshore,Alongshore,Alongshore,6.0,0.0
622,Church Bay Beach,2014-01-28 15:00:00,Lyttelton,0.0,0.0,0.0,0.0,3.4,3.4,ebbing,medium,sandy,7,forest,1,0,0,1.0,9.0,1.946634274,5.465965048,7.194479858,1.7,2.4,74.91332688,83.07417013,85.9239274,130,-43.632972,172.720707,1,5,1,0,15,0,Alongshore,Alongshore,Offshore,6.0,0.0
623,Church Bay Beach,2014-02-03 09:00:00,Lyttelton,0.0,0.0,0.0,0.0,0.0,0.6,ebbing,medium,sandy,7,forest,1,0,0,0.0,0.0,2.94701308,3.253866985,6.23381474,2.1,2.7,55.30477269,42.40264862,30.55803942,130,-43.632972,172.720707,2,6,0,0,9,1,Alongshore,Alongshore,Alongshore,6.0,0.0
624,Church Bay Beach,2014-02-10 13:00:00,Lyttelton,0.0,0.0,0.0,0.0,0.0,0.0,incoming,medium,sandy,7,forest,1,0,0,0.0,0.0,8.667515468,5.426935844,3.968510304,-0.8,2.2,202.119518,202.7028678,196.4179451,130,-43.632972,172.720707,2,7,0,0,13,0,Alongshore,Alongshore,Alongshore,5.0,0.0
625,Church Bay Beach,2014-02-17 09:00:00,Lyttelton,0.0,0.0,0.0,0.0,0.0,0.2,ebbing,medium,sandy,7,forest,1,0,0,0.0,0.0,12.29662119,13.1518708,14.10971401,2.8,2.3,70.06609458,64.72443916,55.37871517,130,-43.632972,172.720707,2,8,0,0,9,0,Alongshore,Alongshore,Alongshore,5.0,0.0
626,Church Bay Beach,2014-02-24 12:00:00,Lyttelton,0.0,0.0,0.0,2.0,9.2,9.2,ebbing,medium,sandy,7,forest,1,0,0,5.6,6.0,5.922752598,11.16918619,13.05595598,0.4,2.3,50.43163169,46.23822447,35.6907831,130,-43.632972,172.720707,2,9,0,0,12,0,Alongshore,Alongshore,Alongshore,5.0,0.0
627,Church Bay Beach,2014-03-06 09:00:00,Lyttelton,0.0,0.0,0.0,7.0,165.0,171.4,ebbing,medium,sandy,7,forest,1,0,0,10.6,27.0,1.410828272,2.948004309,4.621438693,1.0,2.4,57.42294081,43.04066186,269.2330662,130,-43.632972,172.720707,3,10,3,0,9,0,Alongshore,Alongshore,Onshore,6.0,0.0
628,Church Bay Beach,2014-11-18 12:00:00,Lyttelton,0.0,0.0,0.0,0.0,0.0,0.0,incoming,medium,sandy,7,forest,1,0,0,0.0,0.0,7.378537219,8.84789124,5.977323128,-1.2,2.2,186.1021824,219.3717854,251.9377989,130,-43.632972,172.720707,11,47,1,0,12,0,Alongshore,Alongshore,Alongshore,,0.0
629,Church Bay Beach,2014-11-24 15:00:00,Lyttelton,0.0,0.0,0.0,0.0,0.6,0.6,incoming,medium,sandy,7,forest,1,0,0,0.6,1.0,5.41173576,14.68494979,17.2787283,-2.8,2.3,51.61289118,56.38378883,50.119289,130,-43.632972,172.720707,11,48,0,0,15,0,Alongshore,Alongshore,Alongshore,5.0,0.0
630,Church Bay Beach,2014-12-08 16:00:00,Lyttelton,0.0,0.0,0.0,0.0,0.0,0.0,incoming,medium,sandy,7,forest,1,0,0,0.0,0.0,7.569474691,10.2299818,10.81585123,-1.7,2.3,55.69486876,53.17171233,50.61250916,130,-43.632972,172.720707,12,50,0,0,16,0,Alongshore,Alongshore,Alongshore,5.0,0.0
631,Church Bay Beach,2014-12-15 14:00:00,Lyttelton,0.0,0.0,0.0,0.0,0.0,1.0,ebbing,medium,sandy,7,forest,1,0,0,0.0,0.0,8.791766468,10.73914207,12.78866242,3.2,2.2,62.66391637,63.61382326,56.36067519,130,-43.632972,172.720707,12,51,0,0,14,0,Alongshore,Alongshore,Alongshore,5.0,0.0
632,Church Bay Beach,2014-12-22 15:00:00,Lyttelton,0.0,0.0,0.0,7.4,7.4,7.8,incoming,medium,sandy,7,forest,1,0,0,3.4,7.0,6.901614117,9.756519859,11.81327836,-1.8,2.4,60.85481142,61.37150688,53.91785834,130,-43.632972,172.720707,12,52,0,0,15,1,Alongshore,Alongshore,Alongshore,5.0,0.0
633,Church Bay Beach,2014-12-29 11:00:00,Lyttelton,0.0,0.0,0.0,0.0,1.4,1.4,ebbing,medium,sandy,7,forest,1,0,0,1.4,1.0,7.460795664,10.7843466,12.06129825,0.8,2.5,63.34267518,57.15046783,42.476809,130,-43.632972,172.720707,12,1,0,0,11,1,Alongshore,Alongshore,Alongshore,5.0,0.0
634,Church Bay Beach,2015-01-06 07:00:00,Lyttelton,0.0,0.0,0.0,0.0,0.0,0.0,ebbing,medium,sandy,7,forest,1,0,0,0.0,0.0,2.151667131,2.940565359,3.004165206,2.3,2.4,279.2148445,280.3723047,336.8085113,130,-43.632972,172.720707,1,2,1,0,7,0,Onshore,Onshore,Onshore,5.0,0.0
635,Church Bay Beach,2015-01-12 12:00:00,Lyttelton,0.0,0.0,0.0,0.0,0.0,0.0,ebbing,medium,sandy,7,forest,1,0,0,0.0,0.0,7.240833257,2.271007781,3.741835274,2.2,2.2,345.0312191,288.2099758,243.9384251,130,-43.632972,172.720707,1,3,0,0,12,0,Onshore,Onshore,Alongshore,5.0,0.0
636,Church Bay Beach,2015-01-19 14:00:00,Lyttelton,0.0,0.0,0.0,0.0,0.0,0.0,incoming,medium,sandy,7,forest,1,0,0,0.0,0.0,7.633789894,8.095026387,9.648966095,-1.3,2.4,304.7343376,320.2910761,324.8122507,130,-43.632972,172.720707,1,4,0,0,14,0,Onshore,Onshore,Onshore,5.0,0.0
637,Church Bay Beach,2015-01-26 11:00:00,Lyttelton,0.0,0.0,0.0,0.0,0.0,0.0,ebbing,medium,sandy,7,forest,1,0,0,0.0,0.0,19.65672711,19.88728839,19.47189304,1.9,2.6,56.64632094,51.10410698,48.48914714,130,-43.632972,172.720707,1,5,0,0,11,0,Alongshore,Alongshore,Alongshore,12.2,0.0
638,Church Bay Beach,2015-02-02 14:00:00,Lyttelton,0.0,0.0,0.0,0.0,0.0,1.8,incoming,medium,sandy,7,forest,1,0,0,0.0,0.0,5.104296245,8.743449577,14.16179651,-1.8,2.3,309.2251896,330.922729,348.1238848,130,-43.632972,172.720707,2,6,0,0,14,1,Onshore,Onshore,Onshore,12.2,0.0
639,Church Bay Beach,2015-02-09 11:00:00,Lyttelton,0.0,0.0,0.0,0.0,0.0,0.0,ebbing,medium,sandy,7,forest,1,0,0,0.0,0.0,6.477816422,12.90050063,16.05986263,2.5,2.2,277.2226446,291.4125924,291.8679615,130,-43.632972,172.720707,2,7,0,0,11,1,Onshore,Onshore,Onshore,12.2,0.0
640,Church Bay Beach,2015-02-16 12:00:00,Lyttelton,0.0,0.0,0.0,0.0,0.0,0.0,incoming,medium,sandy,7,forest,1,0,0,0.0,0.0,3.030169568,3.508445932,5.441452453,-1.9,2.3,65.12025567,52.92854558,34.3278584,130,-43.632972,172.720707,2,8,0,0,12,0,Alongshore,Alongshore,Alongshore,12.2,0.0
641,Church Bay Beach,2015-02-23 11:00:00,Lyttelton,0.0,0.0,0.8,0.8,3.0,3.0,ebbing,medium,sandy,7,forest,1,0,0,1.6,6.0,3.797425876,2.260587506,1.296472207,2.7,2.6,204.9711161,230.1293698,221.5422345,130,-43.632972,172.720707,2,9,0,0,11,0,Alongshore,Alongshore,Alongshore,12.2,0.0
642,Church Bay Beach,2015-03-02 13:00:00,Lyttelton,0.0,0.0,0.0,0.0,0.0,0.0,incoming,medium,sandy,7,forest,1,0,0,0.0,0.0,3.329563404,4.668777825,10.81419329,-1.4,2.2,318.5734997,336.0709089,338.3277739,130,-43.632972,172.720707,3,10,0,0,13,0,Onshore,Onshore,Onshore,5.0,0.0
643,Church Bay Beach,2015-11-17 11:00:00,Lyttelton,0.0,0.0,0.0,0.0,0.0,0.0,ebbing,medium,sandy,7,forest,1,0,0,0.0,0.0,5.576653528,9.738190675,11.70959525,2.3,2.3,257.7646413,259.3113165,264.9442636,130,-43.632972,172.720707,11,47,1,0,11,0,Alongshore,Alongshore,Alongshore,,0.0
644,Church Bay Beach,2015-11-23 12:00:00,Lyttelton,0.0,0.0,0.0,0.0,0.0,0.0,incoming,medium,sandy,7,forest,1,0,0,0.0,0.0,8.554370597,8.8813824,12.76732024,-1.5,2.5,88.19858848,89.15983999,76.84156684,130,-43.632972,172.720707,11,48,0,0,12,0,Offshore,Offshore,Alongshore,20.0,0.0
645,Church Bay Beach,2015-11-30 06:00:00,Lyttelton,0.0,0.0,0.0,0.8,0.8,0.8,incoming,medium,sandy,7,forest,1,0,0,0.4,2.0,16.74126442,15.66681999,14.65335945,-1.6,2.5,67.84976123,65.50772192,64.30271133,130,-43.632972,172.720707,11,49,0,0,6,0,Alongshore,Alongshore,Alongshore,12.5,0.0
646,Church Bay Beach,2015-12-10 13:00:00,Lyttelton,0.0,0.0,0.0,0.0,0.0,1.4,incoming,medium,sandy,7,forest,1,0,0,0.0,0.0,6.353915916,6.877558674,10.66313157,-2.5,2.2,71.22806491,73.89524672,66.06434227,130,-43.632972,172.720707,12,50,3,0,13,0,Alongshore,Alongshore,Alongshore,10.0,0.0
647,Church Bay Beach,2015-12-14 05:00:00,Lyttelton,0.2,0.2,0.2,8.2,8.2,8.2,incoming,medium,sandy,7,forest,1,0,0,4.6,5.0,2.035007649,0.473652029,2.193253187,-1.8,2.4,286.8427366,329.1245693,264.5811372,130,-43.632972,172.720707,12,51,0,0,5,0,Onshore,Onshore,Alongshore,8.75,0.0
648,Church Bay Beach,2015-12-23 12:00:00,Lyttelton,0.0,0.0,0.0,1.4,1.8,1.8,incoming,medium,sandy,7,forest,1,0,0,0.8,5.0,4.346050803,6.457414504,8.22192387,-2.4,2.5,241.8212403,243.7610172,255.0514239,130,-43.632972,172.720707,12,52,2,0,12,1,Alongshore,Alongshore,Alongshore,8.0,0.0
649,Church Bay Beach,2016-01-05 11:00:00,Lyttelton,0.0,0.0,0.0,0.0,0.2,16.6,incoming,medium,sandy,7,forest,1,0,0,0.2,1.0,5.29681506,4.950933209,4.926577313,-2.3,2.1,81.0811552,101.2339816,72.17271358,130,-43.632972,172.720707,1,1,1,0,11,1,Alongshore,Offshore,Alongshore,5.0,0.0
650,Church Bay Beach,2016-01-11 15:00:00,Lyttelton,0.0,0.0,0.0,0.0,0.0,0.0,incoming,medium,sandy,7,forest,1,0,0,0.0,0.0,14.05571539,20.80472812,23.63253231,-2.6,2.3,79.33426988,78.43365531,73.35065504,130,-43.632972,172.720707,1,2,0,0,15,0,Alongshore,Alongshore,Alongshore,5.0,0.0
651,Church Bay Beach,2016-01-18 09:00:00,Lyttelton,1.6,1.6,1.8,1.8,2.2,14.6,incoming,medium,sandy,7,forest,1,0,0,0.8,5.0,10.3878971,11.2311645,12.11136352,-2.3,2.4,55.95451498,50.27550134,48.08811889,130,-43.632972,172.720707,1,3,0,0,9,0,Alongshore,Alongshore,Alongshore,5.0,0.0
652,Church Bay Beach,2016-01-25 15:00:00,Lyttelton,0.0,0.0,0.0,0.0,0.0,0.0,incoming,medium,sandy,7,forest,1,0,0,0.0,0.0,2.006569327,6.204286055,6.35045476,-2.5,2.3,286.7186559,288.2914411,329.2964722,130,-43.632972,172.720707,1,4,0,0,15,0,Onshore,Onshore,Onshore,5.0,0.0
653,Church Bay Beach,2016-02-02 09:00:00,Lyttelton,0.0,0.0,0.0,0.0,0.0,0.0,incoming,medium,sandy,7,forest,1,0,0,0.0,0.0,3.282331432,0.409723262,2.031927527,-2.2,2.1,205.9335072,188.0573323,262.5411092,130,-43.632972,172.720707,2,5,1,0,9,1,Alongshore,Alongshore,Alongshore,6.0,0.0
654,Church Bay Beach,2016-02-09 15:00:00,Lyttelton,0.0,0.0,0.0,0.0,0.0,0.0,incoming,medium,sandy,7,forest,1,0,0,0.0,0.0,3.305492356,4.335982594,13.43139198,-2.5,2.4,247.7352879,239.118086,76.22896315,130,-43.632972,172.720707,2,6,1,0,15,1,Alongshore,Alongshore,Alongshore,6.0,0.0
655,Church Bay Beach,2016-02-15 09:00:00,Lyttelton,0.0,0.0,0.0,0.0,0.0,0.0,incoming,medium,sandy,7,forest,1,0,0,0.0,0.0,1.363560292,1.081663582,1.006431129,-1.1,2.5,103.7704395,277.1563141,18.46355992,130,-43.632972,172.720707,2,7,0,0,9,0,Offshore,Onshore,Alongshore,6.0,0.0
656,Church Bay Beach,2016-02-22 14:00:00,Lyttelton,0.0,0.0,0.0,0.0,0.0,0.0,incoming,medium,sandy,7,forest,1,0,0,0.0,0.0,6.9508153,11.78401353,13.18168458,-2.6,2.3,69.50866998,70.09534676,70.67069812,130,-43.632972,172.720707,2,8,0,0,14,0,Alongshore,Alongshore,Alongshore,6.0,0.0
657,Church Bay Beach,2016-02-29 09:00:00,Lyttelton,0.0,0.0,0.0,0.0,0.0,0.0,incoming,medium,sandy,7,forest,1,0,0,0.0,0.0,9.64465547,15.53521219,16.4050711,-0.3,2.1,232.152052,241.4412755,251.157818,130,-43.632972,172.720707,2,9,0,0,9,0,Alongshore,Alongshore,Alongshore,6.0,0.0
658,Church Bay Beach,2016-11-21 09:00:00,Lyttelton,0.0,0.0,0.0,0.0,0.0,0.0,incoming,medium,sandy,7,forest,1,0,0,0.0,0.0,2.31138826,2.685019813,4.972143489,-0.6,2.5,68.47579537,75.68998825,52.47178022,130,-43.632972,172.720707,11,47,0,0,9,0,Alongshore,Alongshore,Alongshore,,0.0
659,Church Bay Beach,2016-11-28 13:00:00,Lyttelton,0.0,0.0,0.0,0.0,0.0,0.0,incoming,medium,sandy,7,forest,1,0,0,0.0,0.0,7.078434876,3.852002226,2.869160037,-2.4,2.2,97.2988316,218.330048,212.9695628,130,-43.632972,172.720707,11,48,0,0,13,0,Offshore,Alongshore,Alongshore,5.0,0.0
660,Church Bay Beach,2016-12-05 09:00:00,Lyttelton,0.0,0.0,0.0,0.0,0.0,0.8,ebbing,medium,sandy,7,forest,1,0,0,0.0,0.0,7.707061989,7.273131829,9.985746455,0.7,2.3,67.75039934,63.0749088,57.63547902,130,-43.632972,172.720707,12,49,0,0,9,0,Alongshore,Alongshore,Alongshore,5.0,0.0
661,Church Bay Beach,2016-12-12 13:00:00,Lyttelton,0.6,2.2,5.6,6.0,9.0,9.0,incoming,medium,sandy,7,forest,1,0,0,2.2,14.0,12.11680708,20.63594616,23.09916557,-1.6,2.5,219.6132783,233.3766961,233.5859661,130,-43.632972,172.720707,12,50,0,0,13,0,Alongshore,Alongshore,Alongshore,5.0,0.0
662,Church Bay Beach,2016-12-19 09:00:00,Lyttelton,0.0,0.0,0.0,0.0,0.0,0.0,ebbing,medium,sandy,7,forest,1,0,0,0.0,0.0,1.510780558,6.853027076,13.37639806,0.6,2.6,69.37965996,55.70543478,322.9198329,130,-43.632972,172.720707,12,51,0,0,9,0,Alongshore,Alongshore,Onshore,5.0,0.0
663,Church Bay Beach,2016-12-28 14:00:00,Lyttelton,0.0,0.0,0.0,0.0,0.0,0.0,incoming,medium,sandy,7,forest,1,0,0,0.0,0.0,12.19254347,17.41459949,19.31492261,-2.5,2.2,71.76181363,70.02584375,64.16793927,130,-43.632972,172.720707,12,52,2,0,14,1,Alongshore,Alongshore,Alongshore,5.0,0.0
664,Church Bay Beach,2017-01-04 09:00:00,Lyttelton,0.0,0.0,0.4,1.2,1.2,1.2,ebbing,medium,sandy,7,forest,1,0,0,0.4,5.0,8.84430264,4.839813628,1.607682251,0.3,2.4,72.5351618,268.3802979,257.0152253,130,-43.632972,172.720707,1,1,2,0,9,1,Alongshore,Onshore,Alongshore,5.0,0.0
665,Church Bay Beach,2017-01-09 13:00:00,Lyttelton,0.0,0.0,0.0,0.0,3.4,15.0,incoming,medium,sandy,7,forest,1,0,0,1.4,8.0,4.059783731,5.866669757,11.31649675,-0.3,2.4,59.29503551,59.21937213,282.5861253,130,-43.632972,172.720707,1,2,0,0,13,0,Alongshore,Alongshore,Onshore,5.0,0.0
666,Church Bay Beach,2017-01-16 09:00:00,Lyttelton,0.0,0.0,0.0,0.0,0.6,0.6,ebbing,medium,sandy,7,forest,1,0,0,0.6,1.0,1.773931304,10.82391264,13.66069533,1.5,2.6,74.64132628,58.984669,355.1173041,130,-43.632972,172.720707,1,3,0,0,9,0,Alongshore,Alongshore,Alongshore,10.0,0.0
667,Church Bay Beach,2017-01-24 13:00:00,Lyttelton,0.0,0.0,0.0,0.0,6.4,13.4,incoming,medium,sandy,7,forest,1,0,0,1.6,11.0,16.59782538,17.51983988,19.15393444,-0.9,2.1,76.76136002,74.01479852,79.51267162,130,-43.632972,172.720707,1,4,1,0,13,0,Alongshore,Alongshore,Alongshore,10.0,0.0
668,Church Bay Beach,2017-01-30 08:00:00,Lyttelton,0.0,0.0,0.0,0.0,0.0,0.0,ebbing,medium,sandy,7,forest,1,0,0,0.0,0.0,2.125871183,9.09440815,12.71913427,1.8,2.4,59.88299269,66.48762658,39.4391302,130,-43.632972,172.720707,1,5,0,0,8,0,Alongshore,Alongshore,Alongshore,10.0,0.0
669,Church Bay Beach,2017-02-07 12:00:00,Lyttelton,0.0,0.0,0.0,0.3,0.3,0.3,incoming,medium,sandy,7,forest,1,0,0,0.2,2.0,5.478306901,3.483881765,4.760365496,-0.7,2.4,151.2584504,165.1808862,239.9573271,130,-43.632972,172.720707,2,6,1,0,12,1,Offshore,Offshore,Alongshore,10.0,0.0
670,Church Bay Beach,2017-02-13 08:00:00,Lyttelton,0.0,0.0,0.0,0.0,0.0,0.0,ebbing,medium,sandy,7,forest,1,0,0,0.0,0.0,4.38595021,6.018857383,7.15218518,1.8,2.5,73.80186793,56.61337163,25.50453478,130,-43.632972,172.720707,2,7,0,0,8,0,Alongshore,Alongshore,Alongshore,13.0,0.0
671,Church Bay Beach,2017-02-15 07:00:00,Lyttelton,0.0,0.0,0.0,0.0,0.0,0.0,incoming,medium,sandy,7,forest,1,0,0,0.0,0.0,1.922414074,3.796497996,4.195203963,-1.0,2.4,269.8732745,273.0708863,301.8508105,130,-43.632972,172.720707,2,7,2,0,7,0,Onshore,Onshore,Onshore,222.2,0.07142857142857142
672,Church Bay Beach,2017-02-20 12:00:00,Lyttelton,0.0,0.0,0.0,0.0,0.8,2.8,incoming,medium,sandy,7,forest,1,0,0,0.2,4.0,17.07858917,15.52322543,16.99829927,0.0,2.1,67.00196088,67.88682832,68.99223999,130,-43.632972,172.720707,2,8,0,0,12,0,Alongshore,Alongshore,Alongshore,222.2,0.06666666666666667
673,Church Bay Beach,2017-03-02 08:00:00,Lyttelton,0.0,0.0,0.0,0.0,0.0,0.0,ebbing,medium,sandy,7,forest,1,0,0,0.0,0.0,2.49809062,1.137987472,0.842655,1.0,2.5,247.5869587,8.965659331,312.3770044,130,-43.632972,172.720707,3,9,3,0,8,0,Alongshore,Alongshore,Onshore,222.2,0.0625
674,Church Bay Beach,2017-11-23 09:00:00,Lyttelton,0.0,0.0,0.0,0.0,0.0,0.0,ebbing,medium,sandy,7,forest,1,0,0,0.0,0.0,1.462076991,2.644943199,3.79827618,1.2,2.2,102.5440213,106.9423635,90.64963762,130,-43.632972,172.720707,11,47,3,0,9,0,Offshore,Offshore,Offshore,,0.0
675,Church Bay Beach,2017-11-29 11:00:00,Lyttelton,0.0,0.0,0.0,0.0,0.0,0.0,incoming,medium,sandy,7,forest,1,0,0,0.0,0.0,4.016579687,5.531690608,7.211188938,-1.4,2.3,78.01658072,76.6957652,71.2521543,130,-43.632972,172.720707,11,48,2,0,11,0,Alongshore,Alongshore,Alongshore,5.0,0.0
676,Church Bay Beach,2017-12-06 13:00:00,Lyttelton,0.0,0.0,0.0,0.0,0.0,0.0,incoming,medium,sandy,7,forest,1,0,0,0.0,0.0,8.739006651,15.0772605,17.75655894,-5.8,2.5,71.51426638,72.65434063,74.54910873,130,-43.632972,172.720707,12,49,2,0,13,0,Alongshore,Alongshore,Alongshore,5.0,0.0
677,Church Bay Beach,2017-12-08 09:00:00,Lyttelton,0.0,0.0,0.0,0.0,0.0,0.0,ebbing,medium,sandy,7,forest,1,0,0,0.0,0.0,6.271424808,0.864279429,1.126106336,0.4,2.7,185.1444106,283.3912084,51.99721854,130,-43.632972,172.720707,12,49,4,0,9,0,Alongshore,Onshore,Alongshore,399.0,0.25
678,Church Bay Beach,2017-12-13 11:00:00,Lyttelton,0.0,0.0,1.2,1.2,1.2,1.2,incoming,medium,sandy,7,forest,1,0,0,0.6,2.0,13.43447723,12.95346958,17.9978651,-1.4,2.3,60.47040757,58.86651225,57.34407208,130,-43.632972,172.720707,12,50,2,0,11,0,Alongshore,Alongshore,Alongshore,300.5,0.2
679,Church Bay Beach,2017-12-20 08:00:00,Lyttelton,0.0,0.0,0.0,0.0,0.0,0.2,ebbing,medium,sandy,7,forest,1,0,0,0.0,0.0,26.23521122,26.14193587,22.66761592,1.9,2.3,226.8992377,226.6439786,227.561971,130,-43.632972,172.720707,12,51,2,0,8,1,Alongshore,Alongshore,Alongshore,241.4,0.16666666666666666
680,Church Bay Beach,2017-12-28 10:00:00,Lyttelton,0.0,0.0,0.0,0.2,3.8,5.4,incoming,medium,sandy,7,forest,1,0,0,1.0,8.0,7.354362921,6.650911382,7.570414588,-2.2,2.3,234.5842206,241.4269781,229.2703021,130,-43.632972,172.720707,12,52,3,0,10,1,Alongshore,Alongshore,Alongshore,242.4,0.14285714285714285
681,Church Bay Beach,2018-01-10 12:00:00,Lyttelton,1.6,2.2,2.8,2.8,2.8,2.8,ebbing,medium,sandy,7,forest,1,0,0,1.0,6.0,16.10734821,18.59782676,17.89452895,0.3,2.3,257.1171314,262.0936129,262.9649282,130,-43.632972,172.720707,1,2,2,0,12,0,Alongshore,Alongshore,Alongshore,243.4,0.125
682,Church Bay Beach,2018-01-15 16:00:00,Lyttelton,0.0,0.0,0.0,0.0,0.0,0.2,ebbing,medium,sandy,7,forest,1,0,0,0.0,0.0,20.08263735,23.06806974,21.49461999,0.1,2.2,76.57366872,74.14425547,70.21277501,130,-43.632972,172.720707,1,3,0,0,16,0,Alongshore,Alongshore,Alongshore,7.0,0.1111111111111111
683,Church Bay Beach,2018-01-24 10:00:00,Lyttelton,0.0,0.0,0.0,0.0,0.0,0.0,ebbing,medium,sandy,7,forest,1,0,0,0.0,0.0,0.512389027,1.67079275,3.117278545,0.5,2.3,232.033326,223.2095615,306.7145625,130,-43.632972,172.720707,1,4,2,0,10,0,Alongshore,Alongshore,Onshore,7.0,0.1
684,Church Bay Beach,2018-02-02 10:00:00,Lyttelton,0.4,1.0,2.2,2.2,2.2,2.2,ebbing,medium,sandy,7,forest,1,0,0,0.6,8.0,21.34330912,21.83770834,23.1209269,4.8,2.7,236.3081099,239.9232536,243.9704898,130,-43.632972,172.720707,2,5,4,0,10,1,Alongshore,Alongshore,Alongshore,18.6,0.09090909090909091
685,Church Bay Beach,2018-02-05 08:00:00,Lyttelton,0.0,0.0,0.0,0.0,1.2,1.6,incoming,medium,sandy,7,forest,1,0,0,0.6,3.0,7.342491136,2.128716232,1.30387702,0.0,2.5,230.6976308,338.0342656,300.0051755,130,-43.632972,172.720707,2,6,0,0,8,1,Alongshore,Onshore,Onshore,122.2,0.16666666666666666
686,Church Bay Beach,2018-02-07 08:00:00,Lyttelton,0.0,0.4,0.4,0.4,0.4,0.4,incoming,medium,sandy,7,forest,1,0,0,0.4,1.0,4.478973331,3.622762769,3.220326849,-1.8,2.3,77.18859687,68.60005653,43.41862587,130,-43.632972,172.720707,2,6,2,0,8,1,Alongshore,Alongshore,Alongshore,121.2,0.15384615384615385
687,Church Bay Beach,2018-02-14 13:00:00,Lyttelton,0.0,0.0,0.0,0.0,0.0,1.0,incoming,medium,sandy,7,forest,1,0,0,0.0,0.0,11.49536855,15.66037407,15.73731014,-2.6,2.2,243.6966983,242.0724689,246.6376823,130,-43.632972,172.720707,2,7,2,0,13,0,Alongshore,Alongshore,Alongshore,121.2,0.14285714285714285
688,Church Bay Beach,2018-02-27 13:00:00,Lyttelton,0.0,0.0,0.0,0.0,3.4,3.4,incoming,medium,sandy,7,forest,1,0,0,1.2,6.0,2.559250161,6.767429172,10.13083295,-1.0,2.4,75.71056956,84.80314135,91.34962861,130,-43.632972,172.720707,2,9,1,0,13,0,Alongshore,Alongshore,Offshore,121.2,0.13333333333333333
689,Church Bay Beach,2018-03-14 13:00:00,Lyttelton,0.0,0.0,0.0,0.0,0.0,0.0,incoming,medium,sandy,7,forest,1,0,0,0.0,0.0,4.474885635,7.080149905,12.36551052,-1.1,2.2,81.02695533,85.56581749,70.63265043,130,-43.632972,172.720707,3,11,2,0,13,0,Alongshore,Offshore,Alongshore,112.6,0.125
690,Church Bay Beach,2018-03-20 09:00:00,Lyttelton,0.0,0.0,0.0,0.0,0.0,0.0,ebbing,medium,sandy,7,forest,1,0,0,0.0,0.0,12.46478481,11.1136782,11.45306093,2.1,2.3,58.69497939,57.04087541,57.90097866,130,-43.632972,172.720707,3,12,1,0,9,0,Alongshore,Alongshore,Alongshore,11.0,0.11764705882352941
691,Church Bay Beach,2018-11-13 08:00:00,Lyttelton,0.0,0.0,0.0,0.0,0.0,0.0,incoming,medium,sandy,7,forest,1,0,0,0.0,0.0,3.596538507,6.080794105,6.599065159,-0.2,2.3,259.3905483,261.4772106,263.2311875,130,-43.632972,172.720707,11,46,1,0,8,0,Alongshore,Alongshore,Alongshore,,0.0
692,Church Bay Beach,2018-11-19 12:00:00,Lyttelton,0.2,0.2,0.4,1.2,1.2,1.2,incoming,medium,sandy,7,forest,1,0,0,0.6,4.0,7.793178016,7.04457671,10.42568934,-1.1,2.2,225.4931617,225.5486085,235.6280671,130,-43.632972,172.720707,11,47,0,0,12,0,Alongshore,Alongshore,Alongshore,5.0,0.0
693,Church Bay Beach,2018-11-29 08:00:00,Lyttelton,0.0,0.0,0.0,1.4,5.0,5.0,incoming,medium,sandy,7,forest,1,0,0,1.6,12.0,13.36705461,11.86548537,11.85007273,-1.7,2.6,67.31930741,70.6458073,73.77395186,130,-43.632972,172.720707,11,48,3,0,8,0,Alongshore,Alongshore,Alongshore,7.5,0.0
694,Church Bay Beach,2018-12-03 12:00:00,Lyttelton,0.2,0.2,0.2,0.6,1.2,1.6,incoming,medium,sandy,7,forest,1,0,0,0.2,6.0,18.52629218,19.90108366,19.98385444,-1.0,2.4,65.36552126,65.7131075,65.98206167,130,-43.632972,172.720707,12,49,0,0,12,0,Alongshore,Alongshore,Alongshore,8.333333333333334,0.0
695,Church Bay Beach,2018-12-11 09:00:00,Lyttelton,0.0,0.0,0.0,0.0,0.0,0.0,ebbing,medium,sandy,7,forest,1,0,0,0.0,0.0,12.45704999,13.54692397,14.83491754,2.1,2.3,62.14263472,59.73551913,59.15209686,130,-43.632972,172.720707,12,50,1,0,9,0,Alongshore,Alongshore,Alongshore,24.5,0.0
696,Church Bay Beach,2018-12-17 10:00:00,Lyttelton,0.0,0.0,0.0,0.0,0.0,0.0,incoming,medium,sandy,7,forest,1,0,0,0.0,0.0,12.94421947,10.69292928,10.22633378,-1.6,2.2,82.05895599,68.64504451,67.55276674,130,-43.632972,172.720707,12,51,0,0,10,0,Alongshore,Alongshore,Alongshore,23.6,0.0
697,Church Bay Beach,2018-12-28 09:00:00,Lyttelton,0.0,0.0,0.0,0.0,0.0,0.2,ebbing,medium,sandy,7,forest,1,0,0,0.0,0.0,9.698143971,12.8093525,15.82057778,0.4,2.6,69.13611343,65.3682362,60.13542428,130,-43.632972,172.720707,12,52,4,0,9,1,Alongshore,Alongshore,Alongshore,23.6,0.0
698,Church Bay Beach,2019-01-09 09:00:00,Lyttelton,0.0,0.0,0.0,0.0,0.0,6.2,ebbing,medium,sandy,7,forest,1,0,0,0.0,0.0,16.93260489,19.49558611,19.26213622,1.8,2.3,62.30445729,64.53257413,59.61057381,130,-43.632972,172.720707,1,2,2,0,9,0,Alongshore,Alongshore,Alongshore,23.6,0.0
699,Church Bay Beach,2019-01-15 11:00:00,Lyttelton,0.0,0.0,0.0,0.2,14.2,14.2,incoming,medium,sandy,7,forest,1,0,0,5.2,11.0,12.45613949,12.28296093,11.26621628,-0.3,2.2,222.3639172,226.9494331,238.0004501,130,-43.632972,172.720707,1,3,1,0,11,0,Alongshore,Alongshore,Alongshore,23.6,0.0
700,Church Bay Beach,2019-01-18 11:00:00,Lyttelton,0.0,0.0,0.0,0.0,0.0,0.0,incoming,medium,sandy,7,forest,1,0,0,0.0,0.0,10.19273062,10.46265096,11.17296492,-2.4,2.3,237.9773876,247.0210004,246.182496,130,-43.632972,172.720707,1,3,4,0,11,0,Alongshore,Alongshore,Alongshore,160.8,0.1
701,Church Bay Beach,2019-01-24 08:00:00,Lyttelton,0.0,0.0,0.2,3.0,3.2,3.2,ebbing,medium,sandy,7,forest,1,0,0,1.8,5.0,15.71145296,10.19509187,8.677831842,1.2,2.7,238.5411729,246.5780283,236.6496441,130,-43.632972,172.720707,1,4,3,0,8,0,Alongshore,Alongshore,Alongshore,158.8,0.09090909090909091
702,Church Bay Beach,2019-01-28 09:00:00,Lyttelton,0.0,0.0,0.0,0.0,0.0,0.0,incoming,medium,sandy,7,forest,1,0,0,0.0,0.0,3.416761515,4.073855367,9.127173912,-1.2,2.5,277.2557808,265.4850335,45.74375493,130,-43.632972,172.720707,1,5,0,0,9,0,Onshore,Onshore,Alongshore,201.0,0.08333333333333333
703,Church Bay Beach,2019-02-08 08:00:00,Lyttelton,0.0,0.0,0.0,0.0,0.0,0.0,ebbing,medium,sandy,7,forest,1,0,0,0.0,0.0,16.18263618,16.67478247,17.02778983,0.8,2.2,67.77190249,65.10149621,60.55986403,130,-43.632972,172.720707,2,6,4,0,8,1,Alongshore,Alongshore,Alongshore,201.0,0.07692307692307693
704,Church Bay Beach,2019-02-14 10:00:00,Lyttelton,0.0,0.0,0.0,0.0,0.0,0.0,incoming,medium,sandy,7,forest,1,0,0,0.0,0.0,15.84474426,15.13169877,16.50524333,-1.3,2.2,82.54553974,72.55042947,69.16258893,130,-43.632972,172.720707,2,7,3,0,10,0,Alongshore,Alongshore,Alongshore,200.0,0.07142857142857142
705,Church Bay Beach,2019-02-18 14:00:00,Lyttelton,0.0,0.0,0.0,0.0,0.0,0.0,incoming,medium,sandy,7,forest,1,0,0,0.0,0.0,3.401908097,10.15654998,15.21892833,-1.6,2.5,86.15557778,87.00286128,86.72961215,130,-43.632972,172.720707,2,8,0,0,14,0,Offshore,Offshore,Offshore,49.2,0.06666666666666667
706,Church Bay Beach,2019-02-28 12:00:00,Lyttelton,0.0,0.0,1.0,3.0,3.0,3.0,incoming,medium,sandy,7,forest,1,0,0,0.8,6.0,22.10889483,21.90938823,20.41844406,-0.1,2.2,226.0535489,229.0556976,232.8434194,130,-43.632972,172.720707,2,9,3,0,12,0,Alongshore,Alongshore,Alongshore,55.4,0.0625
707,Church Bay Beach,2019-11-18 10:00:00,Lyttelton,0.0,0.0,0.0,0.0,0.0,0.0,ebbing,medium,sandy,7,forest,1,0,0,0.0,0.0,5.563013318,8.97040188,10.35933443,1.7,2.4,242.3131204,256.2187672,252.8752185,130,-43.632972,172.720707,11,47,0,0,10,0,Alongshore,Alongshore,Alongshore,,0.0
708,Church Bay Beach,2019-12-03 10:00:00,Lyttelton,0.0,0.0,0.0,0.0,0.0,0.0,ebbing,medium,sandy,7,forest,1,0,0,0.0,0.0,12.33212783,15.58354761,16.72790267,0.8,2.3,75.00934969,76.76443675,74.64106775,130,-43.632972,172.720707,12,49,1,0,10,0,Alongshore,Alongshore,Alongshore,31.0,0.0
709,Church Bay Beach,2019-12-05 13:00:00,Lyttelton,0.0,0.0,0.0,0.0,0.0,0.0,ebbing,medium,sandy,7,forest,1,0,0,0.0,0.0,5.265951252,10.77165128,13.25701649,1.7,2.2,76.32628791,71.62644397,63.76175092,130,-43.632972,172.720707,12,49,3,0,13,0,Alongshore,Alongshore,Alongshore,88.5,0.0
710,Church Bay Beach,2019-12-10 14:00:00,Lyttelton,0.0,0.0,0.0,0.0,0.0,0.0,incoming,medium,sandy,7,forest,1,0,0,0.0,0.0,10.22757944,14.40521153,15.76441733,-1.4,2.2,87.74839044,89.35554618,85.58889521,130,-43.632972,172.720707,12,50,1,0,14,0,Offshore,Offshore,Offshore,60.666666666666664,0.0
711,Church Bay Beach,2019-12-18 10:00:00,Lyttelton,2.4,5.0,13.8,17.8,22.6,22.6,ebbing,medium,sandy,7,forest,1,0,0,2.8,30.0,26.40954838,25.71766395,27.32688131,0.8,2.5,247.2902012,244.3983546,245.7756115,130,-43.632972,172.720707,12,51,2,0,10,0,Alongshore,Alongshore,Alongshore,46.75,0.0
712,Church Bay Beach,2019-12-30 08:00:00,Lyttelton,0.0,0.0,0.0,0.0,0.0,0.0,ebbing,medium,sandy,7,forest,1,0,0,0.0,0.0,3.018575405,3.637983943,0.663185145,0.4,2.4,142.3209442,284.3882128,277.0580258,130,-43.632972,172.720707,12,1,0,0,8,1,Offshore,Onshore,Onshore,50.0,0.0
713,Church Bay Beach,2020-01-07 13:00:00,Lyttelton,0.0,0.4,0.4,0.4,0.4,0.6,incoming,medium,sandy,7,forest,1,0,0,0.4,1.0,25.06582676,22.0115005,19.23260353,-0.8,2.1,226.9475483,230.2948152,234.8076861,130,-43.632972,172.720707,1,2,1,0,13,0,Alongshore,Alongshore,Alongshore,44.8,0.0
714,Church Bay Beach,2020-01-15 10:00:00,Lyttelton,0.0,0.0,0.0,0.0,1.0,1.0,ebbing,medium,sandy,7,forest,1,0,0,0.4,4.0,1.668239842,0.783625655,2.588098759,1.7,2.6,122.8374577,163.9414434,87.20243602,130,-43.632972,172.720707,1,3,2,0,10,0,Offshore,Offshore,Offshore,16.6,0.0
715,Church Bay Beach,2020-01-21 12:00:00,Lyttelton,0.0,0.0,0.0,0.0,0.2,0.2,incoming,medium,sandy,7,forest,1,0,0,0.2,1.0,7.260993503,8.762502739,9.921521329,-1.6,2.3,91.68660409,80.42326735,71.67874879,130,-43.632972,172.720707,1,4,1,0,12,0,Offshore,Alongshore,Alongshore,16.6,0.0
716,Church Bay Beach,2020-01-28 09:00:00,Lyttelton,0.2,0.2,0.2,0.2,0.2,0.2,ebbing,medium,sandy,7,forest,1,0,0,0.2,1.0,12.04211538,11.99077342,13.24659778,1.8,2.3,271.1320505,277.4361781,275.0336312,130,-43.632972,172.720707,1,5,1,0,9,0,Onshore,Onshore,Onshore,16.6,0.0
717,Church Bay Beach,2020-02-05 12:00:00,Lyttelton,0.0,0.0,2.4,6.0,6.0,6.0,incoming,medium,sandy,7,forest,1,0,0,1.8,9.0,16.22122257,9.27270675,8.285316203,-0.9,2.1,240.4163875,250.7927499,247.7402485,130,-43.632972,172.720707,2,6,2,0,12,1,Alongshore,Alongshore,Alongshore,5.0,0.0
718,Church Bay Beach,2020-02-11 08:00:00,Lyttelton,0.0,0.0,0.0,0.0,0.0,0.8,ebbing,medium,sandy,7,forest,1,0,0,0.0,0.0,3.170163052,4.820125893,5.428811078,1.7,2.6,271.0184118,271.3169653,275.1452513,130,-43.632972,172.720707,2,7,1,0,8,0,Onshore,Onshore,Onshore,5.0,0.0
719,Church Bay Beach,2020-02-13 09:00:00,Lyttelton,0.0,0.0,0.0,0.0,0.0,0.0,ebbing,medium,sandy,7,forest,1,0,0,0.0,0.0,7.532088734,10.76974074,10.54052138,1.7,2.6,261.0201203,265.9420207,270.6415735,130,-43.632972,172.720707,2,7,3,0,9,0,Alongshore,Onshore,Onshore,66.6,0.07692307692307693
720,Church Bay Beach,2020-02-19 13:00:00,Lyttelton,0.0,0.0,0.0,0.0,0.0,0.0,incoming,medium,sandy,7,forest,1,0,0,0.0,0.0,0.914025704,2.492710845,9.765220761,-0.4,2.3,90.832748,76.6019873,62.36548458,130,-43.632972,172.720707,2,8,2,0,13,0,Offshore,Alongshore,Alongshore,66.6,0.07142857142857142
721,Church Bay Beach,2020-02-26 09:00:00,Lyttelton,0.0,0.0,0.0,0.0,0.0,0.0,ebbing,medium,sandy,7,forest,1,0,0,0.0,0.0,11.85505172,11.86920904,11.97472551,2.5,2.3,79.2846469,77.83172919,74.34696205,130,-43.632972,172.720707,2,9,2,0,9,0,Alongshore,Alongshore,Alongshore,67.6,0.06666666666666667
722,Church Bay Beach,2020-03-04 12:00:00,Lyttelton,0.0,0.0,0.0,1.2,1.2,1.2,ebbing,medium,sandy,7,forest,1,0,0,0.8,3.0,11.17158161,13.23582609,16.75094999,0.3,2.1,235.064647,241.7911313,249.5466928,130,-43.632972,172.720707,3,10,2,0,12,0,Alongshore,Alongshore,Alongshore,67.6,0.0625
723,Church Bay Beach,2020-03-18 11:00:00,Lyttelton,0.0,0.0,0.0,0.0,0.0,0.0,incoming,medium,sandy,7,forest,1,0,0,0.0,0.0,0.797192989,2.63848949,7.227363372,-0.7,2.3,89.84063083,91.10608262,74.46757603,130,-43.632972,172.720707,3,12,2,0,11,0,Offshore,Offshore,Alongshore,67.6,0.058823529411764705
724,Church Bay Beach,2020-11-10 11:00:00,Lyttelton,0.0,0.0,0.0,0.0,0.3,22.4,incoming,medium,sandy,7,forest,1,0,0,0.3,1.0,4.296304072,4.420414195,4.057275136,-0.6,2.3,235.9877955,257.8997321,265.7415652,130,-43.632972,172.720707,11,46,1,0,11,0,Alongshore,Alongshore,Onshore,,0.0
725,Church Bay Beach,2020-11-23 11:00:00,Lyttelton,0.0,0.0,0.0,0.4,7.0,7.0,incoming,medium,sandy,7,forest,1,0,0,3.2,10.0,4.244020346,1.448381726,2.541200752,-0.5,2.3,218.5380074,211.2829401,246.1571058,130,-43.632972,172.720707,11,48,0,0,11,0,Alongshore,Alongshore,Alongshore,5.0,0.0
726,Church Bay Beach,2020-12-03 08:00:00,Lyttelton,0.0,0.0,0.0,0.0,0.0,2.6,ebbing,medium,sandy,7,forest,1,0,0,0.0,0.0,10.80439938,9.163137773,11.88450407,1.2,2.3,258.1025756,255.9230108,263.6824452,130,-43.632972,172.720707,12,49,3,0,8,0,Alongshore,Alongshore,Alongshore,7.5,0.0
727,Church Bay Beach,2020-12-10 11:00:00,Lyttelton,0.0,0.0,0.0,0.0,0.0,0.0,incoming,medium,sandy,7,forest,1,0,0,0.0,0.0,8.961137554,12.87539616,14.35127765,-1.2,2.4,261.284891,266.9799057,264.9247587,130,-43.632972,172.720707,12,50,3,0,11,0,Alongshore,Onshore,Alongshore,15.0,0.0
728,Church Bay Beach,2020-12-17 08:00:00,Lyttelton,0.0,0.0,0.0,0.0,0.0,0.0,ebbing,medium,sandy,7,forest,1,0,0,0.0,0.0,5.596178375,0.940483394,7.701916232,1.5,2.6,243.6021862,73.83021833,74.50601465,130,-43.632972,172.720707,12,51,3,0,8,0,Alongshore,Alongshore,Alongshore,12.5,0.0
729,Church Bay Beach,2020-12-22 10:00:00,Lyttelton,0.4,2.4,2.6,8.0,13.2,13.2,incoming,medium,sandy,7,forest,1,0,0,1.8,20.0,12.33207221,11.49591992,10.65936616,-1.1,2.3,87.32489162,79.33655697,72.16259958,130,-43.632972,172.720707,12,52,1,0,10,1,Offshore,Alongshore,Alongshore,11.0,0.0
730,Church Bay Beach,2020-12-29 15:00:00,Lyttelton,0.0,0.0,0.0,0.0,0.0,6.8,incoming,medium,sandy,7,forest,1,0,0,0.0,0.0,7.586167969,13.09393509,15.96219758,-1.0,2.1,86.85791775,86.30147374,89.24402948,130,-43.632972,172.720707,12,53,1,0,15,1,Offshore,Offshore,Offshore,12.0,0.0
731,Church Bay Beach,2021-01-11 13:00:00,Lyttelton,0.0,0.0,0.0,0.0,0.2,0.2,incoming,medium,sandy,7,forest,1,0,0,0.2,1.0,2.527099981,2.624180023,7.010158594,-2.0,2.4,88.50208622,67.51956215,283.1483115,130,-43.632972,172.720707,1,2,0,0,13,0,Offshore,Alongshore,Onshore,11.0,0.0
732,Church Bay Beach,2021-01-19 10:00:00,Lyttelton,0.0,0.0,0.0,0.0,1.2,1.2,ebbing,medium,sandy,7,forest,1,0,0,0.8,3.0,3.787121999,11.26745222,14.39731261,0.4,2.3,69.88522951,61.00029504,58.85342439,130,-43.632972,172.720707,1,3,1,0,10,0,Alongshore,Alongshore,Alongshore,6.0,0.0
733,Church Bay Beach,2021-01-26 13:00:00,Lyttelton,0.0,0.0,0.0,0.0,0.0,0.0,incoming,medium,sandy,7,forest,1,0,0,0.0,0.0,11.82849938,11.82932907,10.85722129,-2.0,2.1,79.76337671,80.15108484,71.61949534,130,-43.632972,172.720707,1,4,1,0,13,0,Alongshore,Alongshore,Alongshore,6.0,0.0
734,Church Bay Beach,2021-02-03 10:00:00,Lyttelton,0.0,0.0,0.0,0.0,0.0,0.0,ebbing,medium,sandy,7,forest,1,0,0,0.0,0.0,12.76412941,12.09572596,11.8847057,1.0,2.5,88.74854079,80.83151131,73.40708966,130,-43.632972,172.720707,2,5,2,0,10,1,Offshore,Alongshore,Alongshore,6.0,0.0
735,Church Bay Beach,2021-02-10 13:00:00,Lyttelton,0.0,2.0,4.4,8.6,9.0,9.0,incoming,medium,sandy,7,forest,1,0,0,2.6,12.0,12.24910555,9.511657743,6.132045208,-2.1,2.4,242.4619308,247.9334851,261.1895131,130,-43.632972,172.720707,2,6,2,0,13,0,Alongshore,Alongshore,Alongshore,5.0,0.0
736,Church Bay Beach,2021-02-17 10:00:00,Lyttelton,0.0,0.0,0.0,0.0,0.0,0.0,ebbing,medium,sandy,7,forest,1,0,0,0.0,0.0,2.494166081,3.419593935,2.994786759,1.0,2.2,232.2340954,253.6186064,269.9490285,130,-43.632972,172.720707,2,7,2,0,10,0,Alongshore,Alongshore,Onshore,8.0,0.0
737,Church Bay Beach,2021-02-26 14:00:00,Lyttelton,0.0,0.0,0.0,0.0,0.0,0.0,incoming,medium,sandy,7,forest,1,0,0,0.0,0.0,9.428641636,10.42239963,11.27928356,-1.9,2.3,75.28784979,81.15029938,73.32964818,130,-43.632972,172.720707,2,8,4,0,14,0,Alongshore,Alongshore,Alongshore,8.0,0.0
738,Church Bay Beach,2021-03-03 08:00:00,Lyttelton,0.0,0.0,0.0,0.0,0.4,0.4,ebbing,medium,sandy,7,forest,1,0,0,0.2,2.0,6.897730869,5.707823106,7.600389954,0.4,2.5,69.79370059,75.27545174,63.18824988,130,-43.632972,172.720707,3,9,2,0,8,0,Alongshore,Alongshore,Alongshore,8.0,0.0
739,Church Bay Beach,2021-11-26 08:00:00,Lyttelton,0.0,0.0,0.0,0.0,0.0,1.2,incoming,medium,sandy,7,forest,1,0,0,0.0,0.0,1.258801921,1.479461527,1.038985657,-1.3,2.2,111.4749872,63.08040936,50.34516615,130,-43.632972,172.720707,11,47,4,0,8,0,Offshore,Alongshore,Alongshore,,0.0
740,Church Bay Beach,2021-12-02 12:00:00,Lyttelton,0.2,0.4,0.6,0.6,0.6,0.6,incoming,medium,sandy,7,forest,1,0,0,0.2,3.0,13.15409617,14.21749711,15.35825779,-2.2,2.4,75.63797682,73.84337542,71.47047288,130,-43.632972,172.720707,12,48,3,0,12,0,Alongshore,Alongshore,Alongshore,5.0,0.0
741,Church Bay Beach,2021-12-09 07:00:00,Lyttelton,0.0,0.0,0.0,0.0,3.8,8.6,incoming,medium,sandy,7,forest,1,0,0,1.2,6.0,2.662473494,6.22746682,5.993976997,-1.4,2.6,277.9884169,281.7757069,6.36643859,130,-43.632972,172.720707,12,49,3,0,7,0,Onshore,Onshore,Alongshore,5.0,0.0
742,Church Bay Beach,2021-12-16 13:00:00,Lyttelton,2.6,5.8,15.0,66.4,85.8,85.8,incoming,medium,sandy,7,forest,1,0,0,11.8,29.0,22.8017913,22.85193825,23.53090707,-2.1,2.2,252.988668,256.6613075,256.7122545,130,-43.632972,172.720707,12,50,3,0,13,0,Alongshore,Alongshore,Alongshore,31.333333333333332,0.0
743,Church Bay Beach,2021-12-20 12:00:00,Lyttelton,0.0,0.0,0.0,0.0,0.0,16.2,incoming,medium,sandy,7,forest,1,0,0,0.0,0.0,1.168202338,3.072589461,1.656097793,-5.9,2.1,23.15484535,293.8111634,320.7387798,130,-43.632972,172.720707,12,51,0,0,12,1,Alongshore,Onshore,Onshore,326.25,0.2
744,Church Bay Beach,2021-12-23 06:00:00,Lyttelton,0.0,0.0,0.0,0.0,0.0,0.0,incoming,medium,sandy,7,forest,1,0,0,0.0,0.0,4.021108708,4.069410371,9.440391232,-1.4,2.3,42.41185072,356.2290516,7.21038231,130,-43.632972,172.720707,12,51,3,0,6,1,Alongshore,Alongshore,Alongshore,262.0,0.16666666666666666
745,Church Bay Beach,2021-12-30 11:00:00,Lyttelton,0.0,0.0,0.0,1.4,4.4,14.2,incoming,medium,sandy,7,forest,1,0,0,1.2,9.0,5.289996817,1.6411618,2.969649293,-1.5,2.3,217.3817924,104.2300853,65.26160279,130,-43.632972,172.720707,12,52,3,0,11,1,Alongshore,Offshore,Alongshore,275.8,0.14285714285714285
746,Church Bay Beach,2022-01-07 10:00:00,Lyttelton,0.0,0.0,0.0,0.0,0.4,0.4,ebbing,medium,sandy,7,forest,1,0,0,0.2,2.0,14.37375277,14.58409019,14.67531571,2.1,2.6,232.0,234.4352951,233.0705126,130,-43.632972,172.720707,1,1,4,0,10,0,Alongshore,Alongshore,Alongshore,275.8,0.125
747,Church Bay Beach,2022-01-12 11:00:00,Lyttelton,0.0,0.0,0.0,0.0,0.0,0.0,incoming,medium,sandy,7,forest,1,0,0,0.0,0.0,2.580011905,2.532236744,0.771282943,-1.4,2.2,236.8080893,230.9931734,243.5320332,130,-43.632972,172.720707,1,2,2,0,11,0,Alongshore,Alongshore,Alongshore,260.0,0.1111111111111111
748,Church Bay Beach,2022-01-20 08:00:00,Lyttelton,1.0,1.0,4.2,4.4,4.4,4.4,ebbing,medium,sandy,7,forest,1,0,0,1.0,8.0,17.75018152,15.82200434,14.41701,1.4,2.3,253.1884185,247.8880611,250.7778999,130,-43.632972,172.720707,1,3,3,0,8,0,Alongshore,Alongshore,Alongshore,24.0,0.1
749,Church Bay Beach,2022-01-26 12:00:00,Lyttelton,0.0,0.0,0.4,0.4,0.8,2.2,ebbing,medium,sandy,7,forest,1,0,0,0.4,3.0,6.236071424,8.957021644,10.83529086,1.0,2.3,87.45872579,80.17290486,71.07880896,130,-43.632972,172.720707,1,4,2,0,12,0,Offshore,Alongshore,Alongshore,25.0,0.09090909090909091
750,Church Bay Beach,2022-02-01 16:00:00,Lyttelton,0.0,0.0,0.0,0.0,0.0,0.0,incoming,medium,sandy,7,forest,1,0,0,0.0,0.0,14.98316982,18.3283355,19.31342746,-0.6,2.5,74.39773932,78.44611091,75.77625551,130,-43.632972,172.720707,2,5,1,0,16,1,Alongshore,Alongshore,Alongshore,12.2,0.08333333333333333
751,Church Bay Beach,2022-02-10 11:00:00,Lyttelton,0.8,4.8,37.4,65.2,66.0,66.0,incoming,medium,sandy,7,forest,1,0,0,11.2,19.0,11.95045857,4.367968311,2.626442968,-0.6,2.1,275.7268108,76.5282988,70.0322843,130,-43.632972,172.720707,2,6,3,0,11,0,Onshore,Alongshore,Alongshore,17.4,0.07692307692307693
752,Church Bay Beach,2022-02-15 17:00:00,Lyttelton,0.0,0.0,0.0,0.0,0.4,34.2,ebbing,medium,sandy,7,forest,1,0,0,0.2,2.0,12.80793706,15.47026642,16.82539351,0.8,2.1,80.80869836,81.93714692,80.93677641,130,-43.632972,172.720707,2,7,1,0,17,0,Alongshore,Alongshore,Alongshore,80.0,0.14285714285714285
753,Church Bay Beach,2022-02-23 09:00:00,Lyttelton,0.0,0.0,0.6,0.6,0.6,0.6,incoming,medium,sandy,7,forest,1,0,0,0.2,3.0,7.304994072,6.663235567,5.578015666,-0.2,2.3,278.0335983,275.3122052,263.3688354,130,-43.632972,172.720707,2,8,2,0,9,0,Onshore,Onshore,Alongshore,93.4,0.13333333333333333
754,Church Bay Beach,2022-03-09 09:00:00,Lyttelton,0.0,0.0,0.0,0.0,0.0,0.0,incoming,medium,sandy,7,forest,1,0,0,0.0,0.0,5.038735728,9.148516205,9.885782051,-0.6,2.1,287.9023614,286.5069007,295.6369232,130,-43.632972,172.720707,3,10,2,0,9,0,Onshore,Onshore,Onshore,104.0,0.125
755,Corsair Bay Beach,2013-11-12 10:00:00,Lyttelton,0.0,0.0,0.0,0.0,0.0,0.0,incoming,medium,sandy,7,urban,1,0,0,0.0,0.0,4.681272719,5.755473171,6.529351704,-2.3,2.5,221.2809175,218.5666253,227.3436742,32,-43.607871,172.699863,11,46,1,0,10,0,Onshore,Onshore,Onshore,,0.0
756,Corsair Bay Beach,2013-11-25 10:00:00,Lyttelton,0.0,0.0,0.0,0.0,0.0,0.8,incoming,medium,sandy,7,urban,1,0,0,0.0,0.0,4.383382116,8.568659235,11.3833416,-0.2,2.2,220.646255,224.8272164,222.5269243,32,-43.607871,172.699863,11,48,0,0,10,0,Onshore,Onshore,Onshore,5.0,0.0
757,Corsair Bay Beach,2013-12-02 15:00:00,Lyttelton,0.0,0.0,0.0,0.0,0.0,0.0,incoming,medium,sandy,7,urban,1,0,0,0.0,0.0,8.159791549,10.10828866,11.75926086,-0.5,2.4,68.70833345,69.41361194,61.515559,32,-43.607871,172.699863,12,49,0,0,15,0,Offshore,Offshore,Offshore,5.0,0.0
758,Corsair Bay Beach,2013-12-09 08:00:00,Lyttelton,0.0,0.0,0.0,1.6,1.6,1.6,incoming,medium,sandy,7,urban,1,0,0,0.8,3.0,12.36526642,11.34606537,9.79915447,-1.4,2.6,221.4586414,218.4119539,219.5071355,32,-43.607871,172.699863,12,50,0,0,8,0,Onshore,Onshore,Onshore,5.0,0.0
759,Corsair Bay Beach,2013-12-16 16:00:00,Lyttelton,0.0,0.0,0.0,0.0,0.0,0.0,incoming,medium,sandy,7,urban,1,0,0,0.0,0.0,2.63881296,4.076237678,4.010525726,-0.1,2.2,89.35809445,187.0322581,181.4695398,32,-43.607871,172.699863,12,51,0,0,16,0,Alongshore,Onshore,Onshore,8.75,0.0
760,Corsair Bay Beach,2013-12-22 07:00:00,Lyttelton,0.0,1.8,1.8,1.8,1.8,2.0,incoming,medium,sandy,7,urban,1,0,0,0.8,3.0,10.94754439,7.067776378,3.75531942,-0.4,2.3,237.3188893,218.5857082,215.3703692,32,-43.607871,172.699863,12,51,6,1,7,1,Onshore,Onshore,Onshore,9.0,0.0
761,Corsair Bay Beach,2014-01-06 08:00:00,Lyttelton,0.0,0.0,0.0,0.4,0.4,0.4,incoming,medium,sandy,7,urban,1,0,0,0.4,1.0,8.863516832,5.816369573,5.394375283,-0.1,2.7,171.2930051,191.2365352,279.7442854,32,-43.607871,172.699863,1,2,0,0,8,0,Onshore,Onshore,Alongshore,18.2,0.0
762,Corsair Bay Beach,2014-01-13 14:00:00,Lyttelton,0.0,0.0,0.0,0.0,0.0,0.0,incoming,medium,sandy,7,urban,1,0,0,0.0,0.0,6.17051526,7.020145774,0.581694235,-0.7,2.2,200.7401968,209.2964726,208.6043348,32,-43.607871,172.699863,1,3,0,0,14,0,Onshore,Onshore,Onshore,18.2,0.0
763,Corsair Bay Beach,2014-01-20 07:00:00,Lyttelton,0.0,0.0,0.0,0.0,0.0,0.0,ebbing,medium,sandy,7,urban,1,0,0,0.0,0.0,3.689685755,6.00728927,6.091900599,0.1,2.3,18.77894185,359.7601791,315.3221422,32,-43.607871,172.699863,1,4,0,0,7,0,Offshore,Offshore,Alongshore,18.2,0.0
764,Corsair Bay Beach,2014-01-28 12:00:00,Lyttelton,0.0,0.0,0.0,0.0,3.4,3.4,incoming,medium,sandy,7,urban,1,0,0,1.0,9.0,0.307436178,1.736337603,3.944797545,-1.3,2.4,98.07846282,132.7898645,249.3656941,32,-43.607871,172.699863,1,5,1,0,12,0,Alongshore,Alongshore,Onshore,15.2,0.0
765,Corsair Bay Beach,2014-02-03 07:00:00,Lyttelton,0.0,0.0,0.0,0.0,0.2,0.6,ebbing,medium,sandy,7,urban,1,0,0,0.2,1.0,2.934637597,1.818367075,1.826336112,0.1,2.7,347.9623091,338.2540292,19.11754028,32,-43.607871,172.699863,2,6,0,0,7,1,Offshore,Alongshore,Offshore,14.2,0.0
766,Corsair Bay Beach,2014-02-10 14:00:00,Lyttelton,0.0,0.0,0.0,0.0,0.0,0.0,ebbing,medium,sandy,7,urban,1,0,0,0.0,0.0,7.377575083,3.438686547,2.651736543,0.7,2.2,136.2707678,186.946162,191.5759374,32,-43.607871,172.699863,2,7,0,0,14,0,Alongshore,Onshore,Onshore,5.0,0.0
767,Corsair Bay Beach,2014-02-17 07:00:00,Lyttelton,0.0,0.0,0.0,0.0,0.0,0.2,ebbing,medium,sandy,7,urban,1,0,0,0.0,0.0,12.27171344,12.09008929,12.54457976,1.3,2.3,65.5399757,58.47132707,50.71872918,32,-43.607871,172.699863,2,8,0,0,7,0,Offshore,Offshore,Offshore,5.0,0.0
768,Corsair Bay Beach,2014-02-24 10:00:00,Lyttelton,0.0,0.0,0.0,2.0,9.2,9.2,incoming,medium,sandy,7,urban,1,0,0,5.6,6.0,4.153416637,6.91253022,11.48884983,-1.9,2.3,44.92243317,37.33497243,21.00617494,32,-43.607871,172.699863,2,9,0,0,10,0,Offshore,Offshore,Offshore,5.0,0.0
769,Corsair Bay Beach,2014-03-06 07:00:00,Lyttelton,0.0,0.0,0.0,19.0,167.4,172.0,incoming,medium,sandy,7,urban,1,0,0,10.6,29.0,3.981016988,2.103946909,2.183109767,-1.3,2.4,18.60365951,353.6072612,243.9545071,32,-43.607871,172.699863,3,10,3,0,7,0,Offshore,Offshore,Onshore,6.0,0.0
770,Corsair Bay Beach,2014-11-18 14:00:00,Lyttelton,0.0,0.0,0.0,0.0,0.0,0.0,ebbing,medium,sandy,7,urban,1,0,0,0.0,0.0,5.489751584,3.866063644,8.284264685,1.0,2.2,65.99287023,136.3329232,255.8259021,32,-43.607871,172.699863,11,47,1,0,14,0,Offshore,Alongshore,Onshore,,0.0
771,Corsair Bay Beach,2014-11-24 17:00:00,Lyttelton,0.0,0.0,0.0,0.0,0.6,0.6,incoming,medium,sandy,7,urban,1,0,0,0.6,1.0,8.325777793,16.49292688,16.89602488,-0.6,2.3,53.58582696,53.48714014,55.24821066,32,-43.607871,172.699863,11,48,0,0,17,0,Offshore,Offshore,Offshore,5.0,0.0
772,Corsair Bay Beach,2014-12-08 18:00:00,Lyttelton,0.0,0.0,0.0,0.0,0.0,0.0,ebbing,medium,sandy,7,urban,1,0,0,0.0,0.0,9.223550817,10.96848026,11.31479607,0.3,2.3,55.52287518,54.18696671,52.82133508,32,-43.607871,172.699863,12,50,0,0,18,0,Offshore,Offshore,Offshore,7.5,0.0
773,Corsair Bay Beach,2014-12-15 12:00:00,Lyttelton,0.0,0.0,0.0,0.0,0.0,1.0,ebbing,medium,sandy,7,urban,1,0,0,0.0,0.0,7.383635218,8.702250298,9.529663741,1.6,2.2,65.93705147,61.39439698,51.91118754,32,-43.607871,172.699863,12,51,0,0,12,0,Offshore,Offshore,Offshore,6.666666666666667,0.0
774,Corsair Bay Beach,2014-12-22 17:00:00,Lyttelton,0.0,0.0,0.0,7.4,7.4,7.8,ebbing,medium,sandy,7,urban,1,0,0,3.4,7.0,9.252075819,12.20567568,14.78187639,0.2,2.4,55.63532327,58.6048807,55.57469773,32,-43.607871,172.699863,12,52,0,0,17,1,Offshore,Offshore,Offshore,6.25,0.0
775,Corsair Bay Beach,2014-12-29 09:00:00,Lyttelton,0.0,0.0,0.0,0.0,1.4,1.4,incoming,medium,sandy,7,urban,1,0,0,1.4,1.0,5.980389552,8.33865713,11.37981553,-1.1,2.5,56.51958076,45.48062314,25.58879564,32,-43.607871,172.699863,12,1,0,0,9,1,Offshore,Offshore,Offshore,6.0,0.0
776,Corsair Bay Beach,2015-01-06 06:00:00,Lyttelton,0.0,0.0,0.0,0.0,0.0,0.0,ebbing,medium,sandy,7,urban,1,0,0,0.0,0.0,2.794355301,2.66797691,2.778677069,1.1,2.4,290.6367802,299.042899,351.8194995,32,-43.607871,172.699863,1,2,1,0,6,0,Alongshore,Alongshore,Offshore,6.0,0.0
777,Corsair Bay Beach,2015-01-12 10:00:00,Lyttelton,0.0,0.0,0.0,0.0,0.0,0.0,ebbing,medium,sandy,7,urban,1,0,0,0.0,0.0,7.530740784,5.563194066,3.207853362,0.7,2.2,258.5003479,248.8788784,238.9477874,32,-43.607871,172.699863,1,3,0,0,10,0,Alongshore,Onshore,Onshore,5.0,0.0
778,Corsair Bay Beach,2015-01-19 16:00:00,Lyttelton,0.0,0.0,0.0,0.0,0.0,0.0,ebbing,medium,sandy,7,urban,1,0,0,0.0,0.0,8.926514592,11.19140914,14.59802344,0.7,2.4,313.3333634,308.2108385,321.8046426,32,-43.607871,172.699863,1,4,0,0,16,0,Alongshore,Alongshore,Alongshore,5.0,0.0
779,Corsair Bay Beach,2015-01-21 09:00:00,Lyttelton,0.0,0.2,0.4,0.4,0.4,0.4,ebbing,medium,sandy,7,urban,1,0,0,0.2,2.0,1.822043175,0.842881101,2.511161126,4.2,2.6,94.74834515,46.65451948,333.3887487,32,-43.607871,172.699863,1,4,2,0,9,0,Alongshore,Offshore,Alongshore,122.8,0.1
780,Corsair Bay Beach,2015-01-26 09:00:00,Lyttelton,0.0,0.0,0.0,0.0,0.0,0.0,incoming,medium,sandy,7,urban,1,0,0,0.0,0.0,19.19187769,19.39223506,19.60579558,-0.6,2.6,47.37621935,45.75759785,46.09405489,32,-43.607871,172.699863,1,5,0,0,9,0,Offshore,Offshore,Offshore,122.8,0.09090909090909091
781,Corsair Bay Beach,2015-02-02 16:00:00,Lyttelton,0.0,0.0,0.0,0.0,0.0,1.8,ebbing,medium,sandy,7,urban,1,0,0,0.0,0.0,6.340114682,12.84738204,14.8952402,0.3,2.3,298.1645174,309.0879351,332.3110905,32,-43.607871,172.699863,2,6,0,0,16,1,Alongshore,Alongshore,Alongshore,122.8,0.08333333333333333
782,Corsair Bay Beach,2015-02-09 09:00:00,Lyttelton,0.0,0.0,0.0,0.0,0.0,0.0,ebbing,medium,sandy,7,urban,1,0,0,0.0,0.0,4.510385351,8.132227398,18.00905913,0.6,2.2,309.5748338,314.0766672,308.813714,32,-43.607871,172.699863,2,7,0,0,9,1,Alongshore,Alongshore,Alongshore,123.8,0.07692307692307693
783,Corsair Bay Beach,2015-02-16 13:00:00,Lyttelton,0.0,0.0,0.0,0.0,0.0,0.0,incoming,medium,sandy,7,urban,1,0,0,0.0,0.0,3.282455415,4.698328976,6.417961728,-0.7,2.3,63.72303151,64.1910932,43.70392666,32,-43.607871,172.699863,2,8,0,0,13,0,Offshore,Offshore,Offshore,124.8,0.07142857142857142
784,Corsair Bay Beach,2015-02-23 08:00:00,Lyttelton,0.0,0.4,0.8,0.8,3.0,3.0,incoming,medium,sandy,7,urban,1,0,0,1.6,6.0,5.304933362,3.758967301,3.392757199,-0.2,2.6,239.4785484,217.8172237,219.4069169,32,-43.607871,172.699863,2,9,0,0,8,0,Onshore,Onshore,Onshore,7.0,0.06666666666666667
785,Corsair Bay Beach,2015-03-02 14:00:00,Lyttelton,0.0,0.0,0.0,0.0,0.0,0.0,ebbing,medium,sandy,7,urban,1,0,0,0.0,0.0,4.437317644,7.444277317,14.36514986,0.1,2.2,315.0719297,327.2035551,327.3385307,32,-43.607871,172.699863,3,10,0,0,14,0,Alongshore,Alongshore,Alongshore,10.0,0.0625
786,Corsair Bay Beach,2015-11-17 09:00:00,Lyttelton,0.0,0.0,0.0,0.0,0.0,0.0,ebbing,medium,sandy,7,urban,1,0,0,0.0,0.0,2.42511697,8.195243616,10.66076407,1.0,2.3,254.3300519,257.138558,284.0637889,32,-43.607871,172.699863,11,47,1,0,9,0,Onshore,Alongshore,Alongshore,,0.0
787,Corsair Bay Beach,2015-11-23 14:00:00,Lyttelton,0.0,0.0,0.0,0.0,0.0,0.0,ebbing,medium,sandy,7,urban,1,0,0,0.0,0.0,5.508553515,5.487602444,6.903782715,0.6,2.5,330.6302517,48.3858715,55.05798711,32,-43.607871,172.699863,11,48,0,0,14,0,Alongshore,Offshore,Offshore,5.0,0.0
788,Corsair Bay Beach,2015-11-30 09:00:00,Lyttelton,0.0,0.0,0.0,0.0,0.8,0.8,ebbing,medium,sandy,7,urban,1,0,0,0.4,2.0,15.68864536,14.93035193,15.22096374,0.8,2.5,71.31068021,69.61310899,65.8632049,32,-43.607871,172.699863,11,49,0,0,9,0,Offshore,Offshore,Offshore,5.0,0.0
789,Corsair Bay Beach,2015-12-10 15:00:00,Lyttelton,0.0,0.0,0.0,0.0,0.0,1.4,incoming,medium,sandy,7,urban,1,0,0,0.0,0.0,6.164976786,9.692675245,11.58840055,-0.3,2.2,70.39688612,70.54652231,67.78406933,32,-43.607871,172.699863,12,50,3,0,15,0,Offshore,Offshore,Offshore,5.0,0.0
790,Corsair Bay Beach,2015-12-14 06:00:00,Lyttelton,0.2,0.2,0.2,8.2,8.2,8.2,incoming,medium,sandy,7,urban,1,0,0,4.6,5.0,1.232918226,1.324701946,2.003069224,-0.1,2.4,296.0822338,307.883628,274.6650048,32,-43.607871,172.699863,12,51,0,0,6,0,Alongshore,Alongshore,Alongshore,5.0,0.0
791,Corsair Bay Beach,2015-12-23 14:00:00,Lyttelton,0.0,0.0,0.0,0.4,1.8,1.8,incoming,medium,sandy,7,urban,1,0,0,0.8,5.0,2.292946004,1.130465848,5.269575827,-0.3,2.5,61.53340303,236.8611058,259.3295698,32,-43.607871,172.699863,12,52,2,0,14,1,Offshore,Onshore,Alongshore,8.0,0.0
792,Corsair Bay Beach,2016-01-05 13:00:00,Lyttelton,0.0,0.0,0.0,0.0,0.2,15.2,ebbing,medium,sandy,7,urban,1,0,0,0.2,1.0,6.537085134,8.024087907,11.99417022,0.1,2.1,77.89997166,78.77514117,78.13217186,32,-43.607871,172.699863,1,1,1,0,13,1,Alongshore,Alongshore,Alongshore,8.0,0.0
793,Corsair Bay Beach,2016-01-11 17:00:00,Lyttelton,0.0,0.0,0.0,0.0,0.0,0.0,incoming,medium,sandy,7,urban,1,0,0,0.0,0.0,17.21458813,23.6458463,25.13079017,-0.8,2.3,77.99071571,78.77381005,75.6056904,32,-43.607871,172.699863,1,2,0,0,17,0,Alongshore,Alongshore,Offshore,8.0,0.0
794,Corsair Bay Beach,2016-01-18 11:00:00,Lyttelton,1.6,2.4,2.4,2.6,2.8,15.4,incoming,medium,sandy,7,urban,1,0,0,0.8,6.0,10.08630177,10.74263357,9.832268335,-0.2,2.4,52.9355895,54.02348854,49.77954596,32,-43.607871,172.699863,1,3,0,0,11,0,Offshore,Offshore,Offshore,8.0,0.0
795,Corsair Bay Beach,2016-01-20 12:00:00,Lyttelton,0.0,0.0,0.0,0.0,7.0,9.6,incoming,medium,sandy,7,urban,1,0,0,2.8,8.0,4.414101703,12.83686579,16.42563658,-1.7,2.4,73.76662752,75.39014942,57.65847827,32,-43.607871,172.699863,1,3,2,0,12,0,Offshore,Offshore,Offshore,40.6,0.0
796,Corsair Bay Beach,2016-01-25 17:00:00,Lyttelton,0.0,0.0,0.0,0.0,0.0,0.0,incoming,medium,sandy,7,urban,1,0,0,0.0,0.0,2.258294849,4.682800102,3.053188123,-0.7,2.3,31.1474824,307.505512,351.495189,32,-43.607871,172.699863,1,4,0,0,17,0,Offshore,Alongshore,Offshore,37.6,0.0
797,Corsair Bay Beach,2016-02-02 11:00:00,Lyttelton,0.0,0.0,0.0,0.0,0.0,0.0,incoming,medium,sandy,7,urban,1,0,0,0.0,0.0,1.094626973,2.008251284,4.622258488,-0.4,2.1,83.08284502,92.61910461,264.081399,32,-43.607871,172.699863,2,5,1,0,11,1,Alongshore,Alongshore,Alongshore,37.6,0.0
798,Corsair Bay Beach,2016-02-09 16:00:00,Lyttelton,0.0,0.0,0.0,0.0,0.0,0.0,incoming,medium,sandy,7,urban,1,0,0,0.0,0.0,1.50880364,6.238883547,13.99253319,-0.7,2.4,260.8572478,247.0972085,83.1294413,32,-43.607871,172.699863,2,6,1,0,16,1,Alongshore,Onshore,Alongshore,37.6,0.0
799,Corsair Bay Beach,2016-02-12 09:00:00,Lyttelton,0.0,0.0,0.0,0.0,0.0,0.0,ebbing,medium,sandy,7,urban,1,0,0,0.0,0.0,2.807978378,4.333709869,4.311492526,1.6,2.6,54.29900628,64.99569339,50.5126221,32,-43.607871,172.699863,2,6,4,0,9,0,Offshore,Offshore,Offshore,73.2,0.0
800,Corsair Bay Beach,2016-02-15 11:00:00,Lyttelton,0.0,0.0,0.0,0.0,0.0,0.0,ebbing,medium,sandy,7,urban,1,0,0,0.0,0.0,0.581970089,1.378895055,3.847141323,0.8,2.5,75.11663701,75.05102802,18.80423504,32,-43.607871,172.699863,2,7,0,0,11,0,Offshore,Offshore,Offshore,40.6,0.0
801,Corsair Bay Beach,2016-02-22 16:00:00,Lyttelton,0.0,0.0,0.0,0.0,0.0,0.0,incoming,medium,sandy,7,urban,1,0,0,0.0,0.0,8.947259224,14.35799362,16.32345819,-0.7,2.3,73.8532197,71.8009507,74.22159222,32,-43.607871,172.699863,2,8,0,0,16,0,Offshore,Offshore,Offshore,40.6,0.0
802,Corsair Bay Beach,2016-02-29 11:00:00,Lyttelton,0.0,0.0,0.0,0.0,0.0,0.0,ebbing,medium,sandy,7,urban,1,0,0,0.0,0.0,12.34763848,15.78532495,13.12760947,1.7,2.1,223.3331537,232.8764448,246.1464276,32,-43.607871,172.699863,2,9,0,0,11,0,Onshore,Onshore,Onshore,40.6,0.0
803,Corsair Bay Beach,2016-11-21 11:00:00,Lyttelton,0.0,0.0,0.0,0.0,0.0,0.0,ebbing,medium,sandy,7,urban,1,0,0,0.0,0.0,2.604226268,5.824615112,8.013016843,1.0,2.5,81.85342825,75.55195989,72.23947135,32,-43.607871,172.699863,11,47,0,0,11,0,Alongshore,Offshore,Offshore,,0.0
804,Corsair Bay Beach,2016-11-28 15:00:00,Lyttelton,0.0,0.0,0.0,0.0,0.0,0.0,incoming,medium,sandy,7,urban,1,0,0,0.0,0.0,3.476801117,6.377164758,18.139552,-0.8,2.2,70.04982179,83.85433711,175.0416284,32,-43.607871,172.699863,11,48,0,0,15,0,Offshore,Alongshore,Onshore,5.0,0.0
805,Corsair Bay Beach,2016-12-05 08:00:00,Lyttelton,0.0,0.0,0.0,0.0,0.0,0.8,incoming,medium,sandy,7,urban,1,0,0,0.0,0.0,7.456307004,6.33069773,7.673580366,-0.9,2.3,65.61623766,62.07673182,55.892965,32,-43.607871,172.699863,12,49,0,0,8,0,Offshore,Offshore,Offshore,5.0,0.0
806,Corsair Bay Beach,2016-12-12 15:00:00,Lyttelton,0.2,0.8,5.2,6.2,9.2,9.2,ebbing,medium,sandy,7,urban,1,0,0,2.2,15.0,15.72510953,22.1745535,24.99430451,0.1,2.5,218.6987078,223.3991939,229.8269957,32,-43.607871,172.699863,12,50,0,0,15,0,Onshore,Onshore,Onshore,5.0,0.0
807,Corsair Bay Beach,2016-12-14 09:00:00,Lyttelton,0.0,0.0,0.0,0.0,3.0,8.4,ebbing,medium,sandy,7,urban,1,0,0,1.4,6.0,1.340595184,2.893705558,2.424323197,5.4,2.7,229.915037,238.1498316,250.5119423,32,-43.607871,172.699863,12,50,2,0,9,0,Onshore,Onshore,Onshore,47.0,0.0
808,Corsair Bay Beach,2016-12-19 08:00:00,Lyttelton,0.0,0.0,0.0,0.0,0.0,0.0,incoming,medium,sandy,7,urban,1,0,0,0.0,0.0,2.455043991,3.52321929,11.59937489,-0.9,2.6,60.80445375,29.89549385,326.696978,32,-43.607871,172.699863,12,51,0,0,8,0,Offshore,Offshore,Alongshore,38.6,0.0
809,Corsair Bay Beach,2016-12-28 15:00:00,Lyttelton,0.0,0.0,0.0,0.0,0.0,0.0,incoming,medium,sandy,7,urban,1,0,0,0.0,0.0,14.34376926,18.53487472,19.02890352,-1.1,2.2,70.69706385,71.51663058,65.79576475,32,-43.607871,172.699863,12,52,2,0,15,1,Offshore,Offshore,Offshore,38.6,0.0
810,Corsair Bay Beach,2017-01-04 08:00:00,Lyttelton,0.0,0.0,0.4,1.2,1.2,1.2,incoming,medium,sandy,7,urban,1,0,0,0.4,5.0,8.836787782,8.460073775,3.233733812,-1.1,2.4,276.8704937,263.1782491,256.8229482,32,-43.607871,172.699863,1,1,2,0,8,1,Alongshore,Alongshore,Onshore,38.6,0.0
811,Corsair Bay Beach,2017-01-09 15:00:00,Lyttelton,0.0,0.0,0.0,0.0,3.4,15.0,ebbing,medium,sandy,7,urban,1,0,0,1.4,8.0,2.525480381,12.95443826,16.36592807,1.4,2.4,74.81919388,67.40123633,30.4271962,32,-43.607871,172.699863,1,2,0,0,15,0,Offshore,Offshore,Offshore,38.6,0.0
812,Corsair Bay Beach,2017-01-16 08:00:00,Lyttelton,0.0,0.0,0.0,0.0,0.6,0.6,ebbing,medium,sandy,7,urban,1,0,0,0.6,1.0,2.541747543,8.251962232,12.61944084,0.1,2.6,65.98009669,50.24156573,316.3347932,32,-43.607871,172.699863,1,3,0,0,8,0,Offshore,Offshore,Alongshore,5.0,0.0
813,Corsair Bay Beach,2017-01-24 15:00:00,Lyttelton,0.0,0.0,0.0,0.0,4.2,13.4,ebbing,medium,sandy,7,urban,1,0,0,1.2,9.0,17.6617243,19.34532207,22.09331478,0.8,2.1,72.98632174,74.84453804,76.50985221,32,-43.607871,172.699863,1,4,1,0,15,0,Offshore,Offshore,Offshore,5.0,0.0
814,Corsair Bay Beach,2017-01-30 07:00:00,Lyttelton,0.0,0.0,0.0,0.0,0.0,0.0,ebbing,medium,sandy,7,urban,1,0,0,0.0,0.0,1.361628657,5.877152109,10.82240348,0.6,2.4,62.24054932,73.10289362,330.1335805,32,-43.607871,172.699863,1,5,0,0,7,0,Offshore,Offshore,Alongshore,6.0,0.0
815,Corsair Bay Beach,2017-02-07 14:00:00,Lyttelton,0.0,0.0,0.0,0.3,0.3,0.3,ebbing,medium,sandy,7,urban,1,0,0,0.2,2.0,1.919284131,3.915521752,5.562568129,0.7,2.4,69.2905831,120.7840626,209.2866245,32,-43.607871,172.699863,2,6,1,0,14,1,Offshore,Alongshore,Onshore,6.0,0.0
816,Corsair Bay Beach,2017-02-13 07:00:00,Lyttelton,0.0,0.0,0.0,0.0,0.0,0.0,ebbing,medium,sandy,7,urban,1,0,0,0.0,0.0,3.990093856,6.453812023,8.100860593,0.5,2.5,57.10915668,44.84465482,353.4982985,32,-43.607871,172.699863,2,7,0,0,7,0,Offshore,Offshore,Offshore,6.0,0.0
817,Corsair Bay Beach,2017-02-15 07:00:00,Lyttelton,0.0,0.0,0.0,0.0,0.0,0.0,incoming,medium,sandy,7,urban,1,0,0,0.0,0.0,1.922414074,3.796497996,4.195203963,-0.3,2.4,269.8732745,273.0708863,301.8508105,32,-43.607871,172.699863,2,7,2,0,7,0,Alongshore,Alongshore,Alongshore,34.6,0.0
818,Corsair Bay Beach,2017-02-20 10:00:00,Lyttelton,0.0,0.0,0.0,0.0,0.8,2.8,incoming,medium,sandy,7,urban,1,0,0,0.2,4.0,17.41869198,16.25982701,14.16485021,-1.4,2.1,67.39768105,71.20682205,70.16624958,32,-43.607871,172.699863,2,8,0,0,10,0,Offshore,Offshore,Offshore,34.6,0.0
819,Corsair Bay Beach,2017-03-02 07:00:00,Lyttelton,0.0,0.0,0.0,0.0,0.0,0.0,incoming,medium,sandy,7,urban,1,0,0,0.0,0.0,3.312174187,2.062715962,1.114696684,-0.7,2.5,300.7428363,344.4149814,299.9625649,32,-43.607871,172.699863,3,9,3,0,7,0,Alongshore,Alongshore,Alongshore,36.6,0.0
820,Corsair Bay Beach,2017-11-23 07:00:00,Lyttelton,0.0,0.0,0.0,0.0,0.0,0.0,incoming,medium,sandy,7,urban,1,0,0,0.0,0.0,1.718093456,0.432738345,3.318228576,-0.6,2.2,125.9735323,197.9773343,68.27434203,32,-43.607871,172.699863,11,47,3,0,7,0,Alongshore,Onshore,Offshore,,0.0
821,Corsair Bay Beach,2017-11-29 12:00:00,Lyttelton,0.0,0.0,0.0,0.0,0.0,0.0,incoming,medium,sandy,7,urban,1,0,0,0.0,0.0,4.563543539,6.588987012,9.257992895,-0.1,2.3,74.06492402,77.02042186,72.65352768,32,-43.607871,172.699863,11,48,2,0,12,0,Offshore,Alongshore,Offshore,5.0,0.0
822,Corsair Bay Beach,2017-12-06 13:00:00,Lyttelton,0.0,0.0,0.0,0.0,0.0,0.0,incoming,medium,sandy,7,urban,1,0,0,0.0,0.0,8.739006651,15.0772605,17.75655894,-5.5,2.5,71.51426638,72.65434063,74.54910873,32,-43.607871,172.699863,12,49,2,0,13,0,Offshore,Offshore,Offshore,5.0,0.0
823,Corsair Bay Beach,2017-12-13 13:00:00,Lyttelton,0.0,0.0,1.2,1.2,1.2,1.2,ebbing,medium,sandy,7,urban,1,0,0,0.6,2.0,14.22588447,17.0887696,20.49877227,0.1,2.3,68.18422502,64.86175119,60.17238518,32,-43.607871,172.699863,12,50,2,0,13,0,Offshore,Offshore,Offshore,17.0,0.0
824,Corsair Bay Beach,2017-12-20 06:00:00,Lyttelton,0.0,0.0,0.0,0.0,0.0,0.2,ebbing,medium,sandy,7,urban,1,0,0,0.0,0.0,25.45861626,28.94551769,26.00494815,0.5,2.3,223.3569407,227.2056661,227.7653295,32,-43.607871,172.699863,12,51,2,0,6,1,Onshore,Onshore,Onshore,14.0,0.0
825,Corsair Bay Beach,2017-12-28 11:00:00,Lyttelton,0.0,0.0,0.0,0.2,3.8,5.4,incoming,medium,sandy,7,urban,1,0,0,1.0,8.0,7.393218074,7.218351276,8.538719976,-0.4,2.3,226.8577299,238.7220856,229.636414,32,-43.607871,172.699863,12,52,3,0,11,1,Onshore,Onshore,Onshore,12.2,0.0
826,Corsair Bay Beach,2018-01-10 13:00:00,Lyttelton,1.6,2.0,3.0,3.0,3.0,3.0,ebbing,medium,sandy,7,urban,1,0,0,1.0,7.0,16.72589337,17.95236205,17.29687261,1.7,2.3,249.4789986,258.6684024,261.9345949,32,-43.607871,172.699863,1,2,2,0,13,0,Onshore,Alongshore,Alongshore,30.8,0.0
827,Corsair Bay Beach,2018-01-15 13:00:00,Lyttelton,0.0,0.0,0.0,0.0,0.0,0.4,incoming,medium,sandy,7,urban,1,0,0,0.0,0.0,17.77955619,23.74198184,24.67766444,-2.2,2.2,72.02835277,70.75785663,65.84928789,32,-43.607871,172.699863,1,3,0,0,13,0,Offshore,Offshore,Offshore,148.0,0.125
828,Corsair Bay Beach,2018-01-24 12:00:00,Lyttelton,0.0,0.0,0.0,0.0,0.0,0.0,ebbing,medium,sandy,7,urban,1,0,0,0.0,0.0,0.617275725,2.332076301,4.003119497,2.7,2.3,91.00985005,111.153514,216.7115323,32,-43.607871,172.699863,1,4,2,0,12,0,Alongshore,Alongshore,Onshore,148.0,0.1111111111111111
829,Corsair Bay Beach,2018-02-02 10:00:00,Lyttelton,0.4,1.0,2.2,2.2,2.2,2.2,ebbing,medium,sandy,7,urban,1,0,0,0.6,8.0,21.34330912,21.83770834,23.1209269,4.9,2.7,236.3081099,239.9232536,243.9704898,32,-43.607871,172.699863,2,5,4,0,10,1,Onshore,Onshore,Onshore,151.0,0.1
830,Corsair Bay Beach,2018-02-05 07:00:00,Lyttelton,0.0,0.0,0.0,0.0,1.2,1.8,incoming,medium,sandy,7,urban,1,0,0,0.6,3.0,7.841805183,3.669245855,1.147186312,-1.1,2.5,345.9589678,318.858367,300.6674351,32,-43.607871,172.699863,2,6,0,0,7,1,Alongshore,Alongshore,Alongshore,1020.0,0.18181818181818182
831,Corsair Bay Beach,2018-02-08 08:00:00,Lyttelton,0.0,0.0,0.0,0.0,0.4,0.4,incoming,medium,sandy,7,urban,1,0,0,0.4,1.0,5.471895525,5.237069857,8.099625505,-3.0,2.3,62.56169374,54.00055648,54.13878275,32,-43.607871,172.699863,2,6,3,0,8,1,Offshore,Offshore,Offshore,1001.4,0.16666666666666666
832,Corsair Bay Beach,2018-02-14 15:00:00,Lyttelton,0.0,0.0,0.0,0.0,0.0,0.4,incoming,medium,sandy,7,urban,1,0,0,0.0,0.0,14.49223038,16.10318027,16.06918039,-1.1,2.2,237.2908787,241.6114622,243.0447511,32,-43.607871,172.699863,2,7,2,0,15,0,Onshore,Onshore,Onshore,884.2,0.15384615384615385
833,Corsair Bay Beach,2018-02-27 15:00:00,Lyttelton,0.0,0.0,0.0,0.0,3.4,3.4,ebbing,medium,sandy,7,urban,1,0,0,1.2,6.0,5.41757839,10.67814931,13.261579,1.4,2.4,79.12062487,78.62658188,86.53929363,32,-43.607871,172.699863,2,9,1,0,15,0,Alongshore,Alongshore,Alongshore,877.0,0.14285714285714285
834,Corsair Bay Beach,2018-03-14 15:00:00,Lyttelton,0.0,0.0,0.0,0.0,0.0,0.0,ebbing,medium,sandy,7,urban,1,0,0,0.0,0.0,6.693154302,13.2316823,16.87869157,0.7,2.2,76.60861961,79.14443904,77.48433939,32,-43.607871,172.699863,3,11,2,0,15,0,Offshore,Alongshore,Alongshore,877.0,0.13333333333333333
835,Corsair Bay Beach,2018-03-20 10:00:00,Lyttelton,0.0,0.0,0.0,0.0,0.0,0.0,ebbing,medium,sandy,7,urban,1,0,0,0.0,0.0,12.29398204,10.86527271,11.88770923,4.0,2.3,61.17484345,57.43135541,58.27388063,32,-43.607871,172.699863,3,12,1,0,10,0,Offshore,Offshore,Offshore,8.0,0.125
836,Corsair Bay Beach,2018-11-13 11:00:00,Lyttelton,0.0,0.0,0.0,0.0,0.0,0.0,ebbing,medium,sandy,7,urban,1,0,0,0.0,0.0,7.75708226,10.63079681,14.67001961,2.1,2.3,256.1031574,257.1229751,258.6792126,32,-43.607871,172.699863,11,46,1,0,11,0,Onshore,Alongshore,Alongshore,,0.0
837,Corsair Bay Beach,2018-11-19 14:00:00,Lyttelton,0.0,0.2,0.2,1.2,1.2,1.2,ebbing,medium,sandy,7,urban,1,0,0,0.6,4.0,8.256755148,10.47593463,14.1880971,1.0,2.2,229.8943155,230.1773203,231.2413742,32,-43.607871,172.699863,11,47,0,0,14,0,Onshore,Onshore,Onshore,5.0,0.0
838,Corsair Bay Beach,2018-11-21 12:00:00,Lyttelton,0.0,0.0,0.0,9.4,13.0,14.2,incoming,medium,sandy,7,urban,1,0,0,3.8,7.0,1.613422537,10.8683479,14.59621332,-2.9,2.3,231.5008837,240.4069573,246.0513672,32,-43.607871,172.699863,11,47,2,0,12,0,Onshore,Onshore,Onshore,148.5,0.3333333333333333
839,Corsair Bay Beach,2018-11-29 11:00:00,Lyttelton,0.0,0.0,0.0,1.4,5.0,5.0,ebbing,medium,sandy,7,urban,1,0,0,1.6,12.0,12.56606411,12.63991833,13.52990529,1.7,2.6,77.52464885,72.76060199,75.78458469,32,-43.607871,172.699863,11,48,3,0,11,0,Alongshore,Offshore,Offshore,105.66666666666667,0.25
840,Corsair Bay Beach,2018-12-03 15:00:00,Lyttelton,0.0,0.2,0.2,0.6,1.2,1.6,ebbing,medium,sandy,7,urban,1,0,0,0.2,6.0,19.62230112,20.51010736,21.08502468,1.6,2.4,70.94657324,68.23092815,66.58664018,32,-43.607871,172.699863,12,49,0,0,15,0,Offshore,Offshore,Offshore,80.5,0.2
841,Corsair Bay Beach,2018-12-11 07:00:00,Lyttelton,0.0,0.0,0.0,0.0,0.0,0.0,incoming,medium,sandy,7,urban,1,0,0,0.0,0.0,12.27687133,12.79174329,13.6081243,-0.1,2.3,60.90539663,60.86409537,59.80626132,32,-43.607871,172.699863,12,50,1,0,7,0,Offshore,Offshore,Offshore,68.4,0.16666666666666666
842,Corsair Bay Beach,2018-12-17 14:00:00,Lyttelton,0.0,0.0,0.0,0.0,0.0,0.0,ebbing,medium,sandy,7,urban,1,0,0,0.0,0.0,13.04093768,14.49428187,17.56257745,1.7,2.2,80.43450912,81.25398576,72.83647372,32,-43.607871,172.699863,12,51,0,0,14,0,Alongshore,Alongshore,Offshore,69.4,0.14285714285714285
843,Corsair Bay Beach,2018-12-28 07:00:00,Lyttelton,0.0,0.0,0.0,0.0,0.0,0.2,incoming,medium,sandy,7,urban,1,0,0,0.0,0.0,9.164102524,9.024795491,11.18818977,-1.6,2.6,59.13888908,62.25056136,58.60925866,32,-43.607871,172.699863,12,52,4,0,7,1,Offshore,Offshore,Offshore,12.0,0.125
844,Corsair Bay Beach,2019-01-09 07:00:00,Lyttelton,0.0,0.0,0.0,0.0,0.0,6.2,incoming,medium,sandy,7,urban,1,0,0,0.0,0.0,16.38181381,18.3519058,19.80836558,-0.1,2.3,65.40488044,62.065771,58.22696231,32,-43.607871,172.699863,1,2,2,0,7,0,Offshore,Offshore,Offshore,9.0,0.1111111111111111
845,Corsair Bay Beach,2019-01-15 13:00:00,Lyttelton,0.0,0.0,0.0,0.0,14.2,14.2,ebbing,medium,sandy,7,urban,1,0,0,5.2,11.0,12.45022861,12.1217914,12.7011145,1.4,2.2,223.3831039,222.5897326,233.470105,32,-43.607871,172.699863,1,3,1,0,13,0,Onshore,Onshore,Onshore,9.0,0.1
846,Corsair Bay Beach,2019-01-24 06:00:00,Lyttelton,0.0,0.0,1.2,3.0,3.2,3.2,incoming,medium,sandy,7,urban,1,0,0,1.8,5.0,19.01013211,12.79148836,10.66102291,-0.9,2.7,252.7252559,247.3495703,238.7201856,32,-43.607871,172.699863,1,4,3,0,6,0,Onshore,Onshore,Onshore,31.8,0.09090909090909091
847,Corsair Bay Beach,2019-01-29 11:00:00,Lyttelton,0.0,0.0,0.0,0.0,0.0,0.0,incoming,medium,sandy,7,urban,1,0,0,0.0,0.0,14.27961381,17.30248985,20.18659104,-0.6,2.4,72.59909206,70.34354959,58.63263312,32,-43.607871,172.699863,1,5,1,0,11,0,Offshore,Offshore,Offshore,42.4,0.08333333333333333
848,Corsair Bay Beach,2019-02-08 06:00:00,Lyttelton,0.0,0.0,0.0,0.0,0.0,0.0,incoming,medium,sandy,7,urban,1,0,0,0.0,0.0,15.98156004,16.16592795,16.29944011,-0.8,2.2,63.6564453,61.18874956,59.11492538,32,-43.607871,172.699863,2,6,4,0,6,1,Offshore,Offshore,Offshore,47.4,0.07692307692307693
849,Corsair Bay Beach,2019-02-14 12:00:00,Lyttelton,0.0,0.0,0.0,0.0,0.0,0.0,ebbing,medium,sandy,7,urban,1,0,0,0.0,0.0,15.47690122,15.57744061,15.17706446,0.7,2.2,78.84982351,77.35771489,70.17188461,32,-43.607871,172.699863,2,7,3,0,12,0,Alongshore,Alongshore,Offshore,48.4,0.07142857142857142
850,Corsair Bay Beach,2019-02-18 16:00:00,Lyttelton,0.0,0.0,0.0,0.0,0.0,0.0,ebbing,medium,sandy,7,urban,1,0,0,0.0,0.0,6.577165308,14.53416692,16.17964056,0.4,2.5,79.35577434,83.06423924,85.03783221,32,-43.607871,172.699863,2,8,0,0,16,0,Alongshore,Alongshore,Alongshore,62.2,0.06666666666666667
851,Corsair Bay Beach,2019-02-28 10:00:00,Lyttelton,0.0,0.2,2.0,3.0,3.0,3.0,incoming,medium,sandy,7,urban,1,0,0,0.8,6.0,20.8794627,24.20870313,21.44862053,-2.1,2.2,230.6454837,232.5050121,236.6879448,32,-43.607871,172.699863,2,9,3,0,10,0,Onshore,Onshore,Onshore,36.4,0.0625
852,Corsair Bay Beach,2019-11-18 08:00:00,Lyttelton,0.0,0.0,0.0,0.0,0.0,0.0,incoming,medium,sandy,7,urban,1,0,0,0.0,0.0,5.113972198,6.086782421,10.91542057,-0.3,2.4,261.2036509,265.7004761,260.4795509,32,-43.607871,172.699863,11,47,0,0,8,0,Alongshore,Alongshore,Alongshore,,0.0
853,Corsair Bay Beach,2019-12-03 08:00:00,Lyttelton,0.0,0.0,0.0,0.0,0.0,0.0,incoming,medium,sandy,7,urban,1,0,0,0.0,0.0,11.24240657,14.05701923,16.42537177,-1.4,2.3,75.81828129,74.25933441,72.16305173,32,-43.607871,172.699863,12,49,1,0,8,0,Offshore,Offshore,Offshore,41.0,0.0
854,Corsair Bay Beach,2019-12-10 15:00:00,Lyttelton,0.0,0.0,0.0,0.0,0.0,0.0,ebbing,medium,sandy,7,urban,1,0,0,0.0,0.0,11.60026072,15.22995225,16.79785233,0.4,2.2,88.40082781,88.64226703,86.60050375,32,-43.607871,172.699863,12,50,1,0,15,0,Alongshore,Alongshore,Alongshore,23.0,0.0
855,Corsair Bay Beach,2019-12-18 08:00:00,Lyttelton,2.4,8.8,14.2,17.0,21.6,21.6,incoming,medium,sandy,7,urban,1,0,0,2.8,28.0,26.09082991,25.72148188,24.34144053,-1.4,2.5,244.7886034,242.1051417,246.261508,32,-43.607871,172.699863,12,51,2,0,8,0,Onshore,Onshore,Onshore,17.0,0.0
856,Corsair Bay Beach,2019-12-20 11:00:00,Lyttelton,0.0,0.0,0.2,0.2,0.2,18.2,incoming,medium,sandy,7,urban,1,0,0,0.2,1.0,10.8181728,16.83584493,18.50170526,-0.2,2.5,252.3679204,263.7832319,275.7615824,32,-43.607871,172.699863,12,51,4,0,11,1,Onshore,Alongshore,Alongshore,428.75,0.2
857,Corsair Bay Beach,2019-12-30 06:00:00,Lyttelton,0.0,0.0,0.0,0.0,0.0,0.0,incoming,medium,sandy,7,urban,1,0,0,0.0,0.0,2.23761515,6.747542906,6.903843605,-1.7,2.4,277.7347376,275.750934,293.637311,32,-43.607871,172.699863,12,1,0,0,6,1,Alongshore,Alongshore,Alongshore,347.0,0.16666666666666666
858,Corsair Bay Beach,2020-01-07 15:00:00,Lyttelton,0.0,0.4,0.4,0.4,0.4,0.6,ebbing,medium,sandy,7,urban,1,0,0,0.4,1.0,23.77037651,19.88806404,19.06218479,0.9,2.1,229.6573792,229.1755583,233.8998917,32,-43.607871,172.699863,1,2,1,0,15,0,Onshore,Onshore,Onshore,339.8,0.14285714285714285
859,Corsair Bay Beach,2020-01-15 07:00:00,Lyttelton,0.0,0.0,0.0,0.0,1.0,1.0,incoming,medium,sandy,7,urban,1,0,0,0.4,4.0,4.088213106,0.811787009,1.744045129,-0.7,2.6,266.6247781,274.8351644,63.27982924,32,-43.607871,172.699863,1,3,2,0,7,0,Alongshore,Alongshore,Offshore,340.8,0.125
860,Corsair Bay Beach,2020-01-21 14:00:00,Lyttelton,0.0,0.0,0.0,0.0,0.2,0.2,ebbing,medium,sandy,7,urban,1,0,0,0.2,1.0,8.551492203,10.94365431,12.95512498,0.2,2.3,95.13662467,90.35401707,78.58111733,32,-43.607871,172.699863,1,4,1,0,14,0,Alongshore,Alongshore,Alongshore,340.8,0.1111111111111111
861,Corsair Bay Beach,2020-01-28 07:00:00,Lyttelton,0.0,0.0,0.0,0.0,0.0,0.0,incoming,medium,sandy,7,urban,1,0,0,0.0,0.0,8.611912173,11.66327999,11.96053129,-0.1,2.3,283.8773424,278.7557909,278.9994431,32,-43.607871,172.699863,1,5,1,0,7,0,Alongshore,Alongshore,Alongshore,12.0,0.1
862,Corsair Bay Beach,2020-01-30 08:00:00,Lyttelton,0.0,0.0,0.0,0.2,0.6,0.6,incoming,medium,sandy,7,urban,1,0,0,0.2,3.0,7.790815496,3.072001894,3.850389957,-0.2,2.2,56.8196184,330.1090573,273.0314677,32,-43.607871,172.699863,1,5,3,0,8,0,Offshore,Alongshore,Alongshore,83.8,0.18181818181818182
863,Corsair Bay Beach,2020-02-05 14:00:00,Lyttelton,0.0,0.0,0.4,6.0,6.0,6.0,ebbing,medium,sandy,7,urban,1,0,0,1.8,9.0,10.49640491,4.030060055,2.099419649,1.1,2.1,107.3181807,235.6976484,246.4313608,32,-43.607871,172.699863,2,6,2,0,14,1,Alongshore,Onshore,Onshore,83.8,0.16666666666666666
864,Corsair Bay Beach,2020-02-11 06:00:00,Lyttelton,0.0,0.0,0.0,0.0,0.0,0.8,ebbing,medium,sandy,7,urban,1,0,0,0.0,0.0,1.600834328,4.17147645,4.356704861,0.2,2.6,274.5853939,271.7975176,300.2841606,32,-43.607871,172.699863,2,7,1,0,6,0,Alongshore,Alongshore,Alongshore,82.8,0.15384615384615385
865,Corsair Bay Beach,2020-02-13 11:00:00,Lyttelton,0.0,0.0,0.0,0.0,0.0,0.0,ebbing,medium,sandy,7,urban,1,0,0,0.0,0.0,8.256115602,8.769197196,6.177464766,2.9,2.6,260.7036545,261.5292888,266.8908882,32,-43.607871,172.699863,2,7,3,0,11,0,Alongshore,Alongshore,Alongshore,113.4,0.14285714285714285
866,Corsair Bay Beach,2020-02-19 15:00:00,Lyttelton,0.0,0.0,0.0,0.0,0.0,0.0,ebbing,medium,sandy,7,urban,1,0,0,0.0,0.0,2.728921243,7.185058052,11.03027129,1.2,2.3,72.89571365,76.13085869,62.03876074,32,-43.607871,172.699863,2,8,2,0,15,0,Offshore,Offshore,Offshore,117.6,0.13333333333333333
867,Corsair Bay Beach,2020-02-26 07:00:00,Lyttelton,0.0,0.0,0.0,0.0,0.0,0.0,ebbing,medium,sandy,7,urban,1,0,0,0.0,0.0,11.88026522,11.6789807,10.93888211,0.2,2.3,76.5329754,74.8407504,71.44823213,32,-43.607871,172.699863,2,9,2,0,7,0,Offshore,Offshore,Offshore,42.8,0.125
868,Corsair Bay Beach,2020-03-04 10:00:00,Lyttelton,0.0,0.0,0.0,1.2,1.2,1.2,incoming,medium,sandy,7,urban,1,0,0,0.8,3.0,11.02098353,11.19178147,13.62310311,-1.9,2.1,244.5421131,249.3462799,256.6913833,32,-43.607871,172.699863,3,10,2,0,10,0,Onshore,Onshore,Onshore,42.8,0.11764705882352941
869,Corsair Bay Beach,2020-03-18 14:00:00,Lyttelton,0.0,0.0,0.0,0.0,0.0,0.0,ebbing,medium,sandy,7,urban,1,0,0,0.0,0.0,4.479576919,10.34019263,13.45311946,1.4,2.3,90.20975711,90.08075596,88.39649228,32,-43.607871,172.699863,3,12,2,0,14,0,Alongshore,Alongshore,Alongshore,42.8,0.1111111111111111
870,Corsair Bay Beach,2020-11-10 13:00:00,Lyttelton,0.0,0.0,0.0,0.0,0.0,21.6,ebbing,medium,sandy,7,urban,1,0,0,0.0,0.0,2.928096272,1.547218589,2.737982115,1.4,2.3,106.8985267,221.0419899,260.0894733,32,-43.607871,172.699863,11,46,1,0,13,0,Alongshore,Onshore,Alongshore,,0.0
871,Corsair Bay Beach,2020-11-23 13:00:00,Lyttelton,0.0,0.0,0.0,0.2,7.0,7.0,ebbing,medium,sandy,7,urban,1,0,0,3.2,10.0,1.487672429,1.741114837,4.837514943,1.6,2.3,85.30826969,112.3774309,230.7370546,32,-43.607871,172.699863,11,48,0,0,13,0,Alongshore,Alongshore,Onshore,5.0,0.0
872,Corsair Bay Beach,2020-12-03 06:00:00,Lyttelton,0.0,0.0,0.0,0.0,0.0,2.6,incoming,medium,sandy,7,urban,1,0,0,0.0,0.0,10.84908111,9.36483934,4.322071912,-0.8,2.3,252.774709,268.5970928,266.4564516,32,-43.607871,172.699863,12,49,3,0,6,0,Onshore,Alongshore,Alongshore,5.0,0.0
873,Corsair Bay Beach,2020-12-10 08:00:00,Lyttelton,0.0,0.0,0.0,0.0,0.0,0.0,incoming,medium,sandy,7,urban,1,0,0,0.0,0.0,3.789256926,9.658959549,11.55841881,-3.6,2.4,274.0573527,268.5902089,265.796331,32,-43.607871,172.699863,12,50,3,0,8,0,Alongshore,Alongshore,Alongshore,5.0,0.0
874,Corsair Bay Beach,2020-12-17 06:00:00,Lyttelton,0.0,0.0,0.0,0.0,0.0,0.0,incoming,medium,sandy,7,urban,1,0,0,0.0,0.0,9.520610891,7.240747356,5.278229245,-0.4,2.6,85.95698094,68.483058,76.56319903,32,-43.607871,172.699863,12,51,3,0,6,0,Alongshore,Offshore,Offshore,6.25,0.0
875,Corsair Bay Beach,2020-12-22 12:00:00,Lyttelton,0.2,0.8,2.6,5.4,13.2,13.2,ebbing,medium,sandy,7,urban,1,0,0,1.8,20.0,11.73256301,11.41698072,10.89860646,1.0,2.3,81.82319012,82.57308856,73.77452168,32,-43.607871,172.699863,12,52,1,0,12,1,Alongshore,Alongshore,Offshore,6.0,0.0
876,Corsair Bay Beach,2020-12-29 13:00:00,Lyttelton,0.0,0.0,0.0,0.0,0.0,6.8,incoming,medium,sandy,7,urban,1,0,0,0.0,0.0,5.315371549,10.1073203,11.62542215,-3.0,2.1,87.22387366,89.23221333,93.32508271,32,-43.607871,172.699863,12,53,1,0,13,1,Alongshore,Alongshore,Alongshore,6.0,0.0
877,Corsair Bay Beach,2021-01-11 15:00:00,Lyttelton,0.0,0.0,0.0,0.0,0.2,0.2,incoming,medium,sandy,7,urban,1,0,0,0.2,1.0,0.840693845,6.830466292,7.583141067,-0.1,2.4,99.7283464,82.85220408,22.12257228,32,-43.607871,172.699863,1,2,0,0,15,0,Alongshore,Alongshore,Offshore,9.0,0.0
878,Corsair Bay Beach,2021-01-19 08:00:00,Lyttelton,0.0,0.0,0.0,0.0,1.2,1.2,incoming,medium,sandy,7,urban,1,0,0,0.8,3.0,3.420649525,4.743652283,7.727616821,-1.6,2.3,48.50322917,43.20538042,26.36656438,32,-43.607871,172.699863,1,3,1,0,8,0,Offshore,Offshore,Offshore,9.0,0.0
879,Corsair Bay Beach,2021-01-26 14:00:00,Lyttelton,0.0,0.0,0.0,0.0,0.0,0.0,incoming,medium,sandy,7,urban,1,0,0,0.0,0.0,11.90493037,11.2498285,11.65463304,-0.3,2.1,79.32513082,80.53025517,73.33617713,32,-43.607871,172.699863,1,4,1,0,14,0,Alongshore,Alongshore,Offshore,8.0,0.0
880,Corsair Bay Beach,2021-02-03 08:00:00,Lyttelton,0.0,0.0,0.0,0.0,0.0,0.0,incoming,medium,sandy,7,urban,1,0,0,0.0,0.0,13.39476602,12.76060308,12.71998889,-0.8,2.5,79.18833509,73.39096155,69.86388561,32,-43.607871,172.699863,2,5,2,0,8,1,Alongshore,Offshore,Offshore,13.2,0.0
881,Corsair Bay Beach,2021-02-10 15:00:00,Lyttelton,0.0,0.0,2.2,8.6,9.0,9.0,incoming,medium,sandy,7,urban,1,0,0,2.6,12.0,7.488052777,2.349909527,7.243948739,-0.3,2.4,94.7301916,187.1372925,256.4016196,32,-43.607871,172.699863,2,6,2,0,15,0,Alongshore,Onshore,Onshore,14.2,0.0
882,Corsair Bay Beach,2021-02-12 08:00:00,Lyttelton,0.0,0.0,0.0,0.0,0.2,9.0,ebbing,medium,sandy,7,urban,1,0,0,0.2,1.0,4.2754807,2.9193131,3.699188701,3.7,2.5,309.4594654,226.7975211,255.6437862,32,-43.607871,172.699863,2,6,4,0,8,0,Alongshore,Onshore,Onshore,88.8,0.07692307692307693
883,Corsair Bay Beach,2021-02-17 07:00:00,Lyttelton,0.0,0.0,0.0,0.0,0.0,0.0,incoming,medium,sandy,7,urban,1,0,0,0.0,0.0,3.09381302,2.494208971,4.195187448,-1.2,2.2,268.7060042,277.5185935,273.9829341,32,-43.607871,172.699863,2,7,2,0,7,0,Alongshore,Alongshore,Alongshore,88.8,0.07142857142857142
884,Corsair Bay Beach,2021-02-26 15:00:00,Lyttelton,0.0,0.0,0.0,0.0,0.0,0.0,incoming,medium,sandy,7,urban,1,0,0,0.0,0.0,9.897840379,11.40830486,12.73145663,-0.4,2.3,76.33007016,80.17499949,74.89006968,32,-43.607871,172.699863,2,8,4,0,15,0,Offshore,Alongshore,Offshore,88.8,0.06666666666666667
885,Corsair Bay Beach,2021-03-03 10:00:00,Lyttelton,0.0,0.0,0.0,0.0,0.4,0.4,ebbing,medium,sandy,7,urban,1,0,0,0.2,2.0,7.186136762,8.170613462,9.586341508,2.2,2.5,44.51140261,56.60537678,54.92474105,32,-43.607871,172.699863,3,9,2,0,10,0,Offshore,Offshore,Offshore,83.6,0.0625
886,Corsair Bay Beach,2021-11-26 11:00:00,Lyttelton,0.0,0.0,0.0,0.0,0.0,0.0,ebbing,medium,sandy,7,urban,1,0,0,0.0,0.0,1.11543085,3.128559507,6.879928438,1.6,2.2,241.8521276,234.5850135,253.4715734,32,-43.607871,172.699863,11,47,4,0,11,0,Onshore,Onshore,Onshore,,0.0
887,Corsair Bay Beach,2021-12-02 15:00:00,Lyttelton,0.0,0.2,0.6,0.6,0.6,0.6,ebbing,medium,sandy,7,urban,1,0,0,0.2,3.0,14.09142818,15.22829829,15.09846424,0.5,2.4,75.96688573,75.80102849,73.77736665,32,-43.607871,172.699863,12,48,3,0,15,0,Offshore,Offshore,Offshore,10.0,0.0
888,Corsair Bay Beach,2021-12-09 10:00:00,Lyttelton,0.0,0.0,0.0,0.0,1.2,8.6,ebbing,medium,sandy,7,urban,1,0,0,0.8,3.0,3.743736475,5.315523963,4.786581815,1.4,2.6,258.7595608,269.4608719,283.2278704,32,-43.607871,172.699863,12,49,3,0,10,0,Alongshore,Alongshore,Alongshore,31.0,0.0
889,Corsair Bay Beach,2021-12-16 15:00:00,Lyttelton,1.6,4.8,16.2,57.4,87.0,87.0,ebbing,medium,sandy,7,urban,1,0,0,11.8,30.0,22.96653375,23.19678015,22.66589725,0.3,2.2,253.6647096,253.6551932,256.4618859,32,-43.607871,172.699863,12,50,3,0,15,0,Onshore,Onshore,Onshore,27.333333333333332,0.0
890,Corsair Bay Beach,2021-12-20 08:00:00,Lyttelton,0.0,0.0,0.0,0.0,0.2,17.0,ebbing,medium,sandy,7,urban,1,0,0,0.2,1.0,0.352215385,0.466631622,3.33675079,3.0,2.3,247.7613828,248.9632785,357.8169101,32,-43.607871,172.699863,12,51,0,0,8,1,Onshore,Onshore,Offshore,438.0,0.2
891,Corsair Bay Beach,2021-12-23 08:00:00,Lyttelton,0.0,0.0,0.0,0.0,0.0,0.0,ebbing,medium,sandy,7,urban,1,0,0,0.0,0.0,4.172607991,8.086212945,11.24299374,0.8,2.3,69.37774729,51.36853898,35.984426,32,-43.607871,172.699863,12,51,3,0,8,1,Offshore,Offshore,Offshore,352.4,0.16666666666666666
892,Corsair Bay Beach,2021-12-30 14:00:00,Lyttelton,0.0,0.0,0.0,1.4,3.0,14.2,ebbing,medium,sandy,7,urban,1,0,0,0.8,7.0,2.384192926,2.475651581,2.471291711,0.8,2.3,168.1743982,195.1797963,84.06148549,32,-43.607871,172.699863,12,52,3,0,14,1,Onshore,Onshore,Alongshore,352.4,0.14285714285714285
893,Corsair Bay Beach,2022-01-07 08:00:00,Lyttelton,0.0,0.0,0.0,0.0,0.4,0.4,incoming,medium,sandy,7,urban,1,0,0,0.2,2.0,14.54805425,14.34883962,14.76916694,-0.5,2.6,232.8454529,234.239324,232.4502752,32,-43.607871,172.699863,1,1,4,0,8,0,Onshore,Onshore,Onshore,348.2,0.125
894,Corsair Bay Beach,2022-01-12 14:00:00,Lyttelton,0.0,0.0,0.0,0.0,0.0,0.0,ebbing,medium,sandy,7,urban,1,0,0,0.0,0.0,2.271845157,6.768357275,14.21373793,1.3,2.2,84.67754376,86.20376537,109.3669086,32,-43.607871,172.699863,1,2,2,0,14,0,Alongshore,Alongshore,Alongshore,361.2,0.1111111111111111
895,Corsair Bay Beach,2022-01-20 05:00:00,Lyttelton,0.0,2.0,3.4,3.4,3.4,3.4,incoming,medium,sandy,7,urban,1,0,0,1.0,6.0,17.25832181,18.94443622,17.33986439,-1.1,2.3,243.4830911,245.2152697,256.7341668,32,-43.607871,172.699863,1,3,3,0,5,0,Onshore,Onshore,Onshore,35.4,0.1
896,Corsair Bay Beach,2022-01-26 10:00:00,Lyttelton,0.0,0.2,0.4,0.4,1.0,4.4,incoming,medium,sandy,7,urban,1,0,0,0.4,4.0,4.934805531,7.367940415,7.540094928,-1.3,2.3,76.39092522,67.98375159,58.70313549,32,-43.607871,172.699863,1,4,2,0,10,0,Offshore,Offshore,Offshore,34.4,0.09090909090909091
897,Corsair Bay Beach,2022-02-01 18:00:00,Lyttelton,0.0,0.0,0.0,0.0,0.0,0.0,ebbing,medium,sandy,7,urban,1,0,0,0.0,0.0,16.01383592,18.29850832,16.86758705,1.6,2.5,75.05572859,75.92629448,78.13390636,32,-43.607871,172.699863,2,5,1,0,18,1,Offshore,Offshore,Alongshore,47.2,0.08333333333333333
898,Corsair Bay Beach,2022-02-10 14:00:00,Lyttelton,0.2,1.0,14.8,65.4,66.2,66.2,ebbing,medium,sandy,7,urban,1,0,0,11.2,20.0,5.947501523,3.259592115,3.938481218,1.9,2.1,261.9119435,267.4324302,73.33388134,32,-43.607871,172.699863,2,6,3,0,14,0,Alongshore,Alongshore,Offshore,42.0,0.07692307692307693
899,Corsair Bay Beach,2022-02-15 15:00:00,Lyttelton,0.0,0.0,0.0,0.0,0.6,49.2,incoming,medium,sandy,7,urban,1,0,0,0.2,3.0,11.13700381,14.0779716,15.68962218,-1.2,2.1,81.74960273,85.26742918,79.5044412,32,-43.607871,172.699863,2,7,1,0,15,0,Alongshore,Alongshore,Alongshore,33.2,0.07142857142857142
900,Corsair Bay Beach,2022-02-23 12:00:00,Lyttelton,0.0,0.0,0.6,0.6,0.6,0.6,ebbing,medium,sandy,7,urban,1,0,0,0.2,3.0,6.855340276,6.034698597,6.751753733,2.1,2.3,254.3329602,265.0389691,261.992748,32,-43.607871,172.699863,2,8,2,0,12,0,Onshore,Alongshore,Alongshore,26.0,0.06666666666666667
901,Corsair Bay Beach,2022-03-09 12:00:00,Lyttelton,0.0,0.0,0.0,0.0,0.0,0.0,ebbing,medium,sandy,7,urban,1,0,0,0.0,0.0,7.989393122,9.309140464,9.466136427,2.0,2.1,256.2407612,272.4238582,273.7821301,32,-43.607871,172.699863,3,10,2,0,12,0,Onshore,Alongshore,Alongshore,31.2,0.0625
902,Diamond Harbour Beach,2013-11-12 12:00:00,Lyttelton,0.0,0.0,0.0,0.0,0.0,0.0,ebbing,medium,stony,7,urban,2,0,0,0.0,0.0,4.343951404,3.911701863,2.20022438,0.2,2.5,178.6848477,210.3341579,214.7918202,140,-43.62545,172.737182,11,46,1,0,12,0,Offshore,Alongshore,Alongshore,,0.0
903,Diamond Harbour Beach,2013-11-25 12:00:00,Lyttelton,0.0,0.0,0.0,0.0,0.0,0.8,ebbing,medium,stony,7,urban,2,0,0,0.0,0.0,5.341884536,8.515143634,5.586269463,2.2,2.2,224.2013023,222.2613504,224.9131281,140,-43.62545,172.737182,11,48,0,0,12,0,Alongshore,Alongshore,Alongshore,30.0,0.0
904,Diamond Harbour Beach,2013-12-02 13:00:00,Lyttelton,0.0,0.0,0.0,0.0,0.0,0.0,incoming,medium,stony,7,urban,2,0,0,0.0,0.0,6.736799648,8.716897698,9.68714301,-2.2,2.4,69.57420509,67.58968385,53.43093605,140,-43.62545,172.737182,12,49,0,0,13,0,Alongshore,Alongshore,Alongshore,20.0,0.0
905,Diamond Harbour Beach,2013-12-09 11:00:00,Lyttelton,0.0,0.0,0.0,1.6,1.6,1.6,ebbing,medium,stony,7,urban,2,0,0,0.8,3.0,11.52104723,9.512520261,9.468086562,1.3,2.6,203.2672445,212.5205597,213.2615951,140,-43.62545,172.737182,12,50,0,0,11,0,Alongshore,Alongshore,Alongshore,15.0,0.0
906,Diamond Harbour Beach,2013-12-10 13:00:00,Lyttelton,0.6,2.2,2.2,2.2,3.8,3.8,ebbing,medium,stony,7,urban,2,0,0,1.2,6.0,1.863406898,6.965410325,9.899013215,2.6,2.5,60.07407772,59.64554417,59.45782913,140,-43.62545,172.737182,12,50,1,0,13,0,Alongshore,Alongshore,Alongshore,57.0,0.0
907,Diamond Harbour Beach,2013-12-16 14:00:00,Lyttelton,0.0,0.0,0.0,0.0,0.0,0.0,incoming,medium,stony,7,urban,2,0,0,0.0,0.0,2.557157137,7.382970375,7.08805781,-1.9,2.2,223.2320756,212.737369,204.0548221,140,-43.62545,172.737182,12,51,0,0,14,0,Alongshore,Alongshore,Alongshore,46.6,0.0
908,Diamond Harbour Beach,2013-12-22 10:00:00,Lyttelton,0.0,0.0,1.8,1.8,1.8,1.8,ebbing,medium,stony,7,urban,2,0,0,0.8,3.0,7.454002218,2.715657682,2.031637586,2.1,2.3,194.9255609,222.7113107,215.5904783,140,-43.62545,172.737182,12,51,6,1,10,1,Alongshore,Alongshore,Alongshore,41.6,0.0
909,Diamond Harbour Beach,2014-01-06 11:00:00,Lyttelton,0.0,0.0,0.0,0.0,0.4,0.4,ebbing,medium,stony,7,urban,2,0,0,0.4,1.0,4.13811327,5.430211385,5.80378655,2.3,2.7,143.0585771,156.6489678,239.4849825,140,-43.62545,172.737182,1,2,0,0,11,0,Offshore,Offshore,Alongshore,40.6,0.0
910,Diamond Harbour Beach,2014-01-13 12:00:00,Lyttelton,0.0,0.0,0.0,0.0,0.0,0.0,incoming,medium,stony,7,urban,2,0,0,0.0,0.0,5.554131018,12.83886422,10.58842666,-2.3,2.2,216.8989705,207.6869084,206.5589875,140,-43.62545,172.737182,1,3,0,0,12,0,Alongshore,Alongshore,Alongshore,41.6,0.0
911,Diamond Harbour Beach,2014-01-20 09:00:00,Lyttelton,0.0,0.0,0.0,0.0,0.0,0.0,ebbing,medium,stony,7,urban,2,0,0,0.0,0.0,4.60235128,7.207497412,10.00738755,2.1,2.3,35.9839472,29.75437369,356.9796834,140,-43.62545,172.737182,1,4,0,0,9,0,Alongshore,Alongshore,Onshore,6.0,0.0
912,Diamond Harbour Beach,2014-01-22 09:00:00,Lyttelton,0.0,0.0,0.0,0.0,13.8,13.8,ebbing,medium,stony,7,urban,2,0,0,3.6,13.0,6.451963657,6.808816555,8.332009902,0.1,2.2,50.39661626,43.68021426,37.1031022,140,-43.62545,172.737182,1,4,2,0,9,0,Alongshore,Alongshore,Alongshore,89.4,0.09090909090909091
913,Diamond Harbour Beach,2014-01-28 15:00:00,Lyttelton,0.0,0.0,0.0,0.0,3.4,3.4,ebbing,medium,stony,7,urban,2,0,0,1.0,9.0,1.946634274,5.465965048,7.194479858,1.2,2.4,74.91332688,83.07417013,85.9239274,140,-43.62545,172.737182,1,5,1,0,15,0,Alongshore,Alongshore,Alongshore,89.4,0.08333333333333333
914,Diamond Harbour Beach,2014-02-03 10:00:00,Lyttelton,0.0,0.0,0.0,0.0,0.0,0.6,ebbing,medium,stony,7,urban,2,0,0,0.0,0.0,3.246512771,4.779085649,8.93018882,2.7,2.7,63.26681465,52.61586388,38.07057213,140,-43.62545,172.737182,2,6,0,0,10,1,Alongshore,Alongshore,Alongshore,89.4,0.07692307692307693
915,Diamond Harbour Beach,2014-02-10 12:00:00,Lyttelton,0.0,0.0,0.0,0.0,0.0,0.0,incoming,medium,stony,7,urban,2,0,0,0.0,0.0,9.448263275,6.794286405,4.741044803,-1.4,2.2,209.6162461,203.4560923,198.1276864,140,-43.62545,172.737182,2,7,0,0,12,0,Alongshore,Alongshore,Alongshore,88.4,0.07142857142857142
916,Diamond Harbour Beach,2014-02-17 09:00:00,Lyttelton,0.0,0.0,0.0,0.0,0.0,0.2,ebbing,medium,stony,7,urban,2,0,0,0.0,0.0,12.29662119,13.1518708,14.10971401,3.5,2.3,70.06609458,64.72443916,55.37871517,140,-43.62545,172.737182,2,8,0,0,9,0,Alongshore,Alongshore,Alongshore,88.4,0.06666666666666667
917,Diamond Harbour Beach,2014-02-24 12:00:00,Lyttelton,0.0,0.0,0.0,2.0,9.2,9.2,ebbing,medium,stony,7,urban,2,0,0,5.6,6.0,5.922752598,11.16918619,13.05595598,0.9,2.3,50.43163169,46.23822447,35.6907831,140,-43.62545,172.737182,2,9,0,0,12,0,Alongshore,Alongshore,Alongshore,5.0,0.0625
918,Diamond Harbour Beach,2014-03-06 10:00:00,Lyttelton,0.0,0.0,0.0,3.4,165.0,171.4,ebbing,medium,stony,7,urban,2,0,0,10.6,27.0,0.963496916,3.891119735,6.079204583,1.4,2.4,63.38430196,51.98765447,355.265655,140,-43.62545,172.737182,3,10,3,0,10,0,Alongshore,Alongshore,Onshore,5.0,0.058823529411764705
919,Diamond Harbour Beach,2014-03-10 12:00:00,Lyttelton,0.0,0.0,0.0,0.0,0.0,0.0,ebbing,medium,stony,7,urban,2,0,0,0.0,0.0,4.995022928,7.498104272,8.079919359,0.5,2.2,57.80804979,46.17471816,37.81640849,140,-43.62545,172.737182,3,11,0,0,12,0,Alongshore,Alongshore,Alongshore,57.0,0.05555555555555555
920,Diamond Harbour Beach,2014-11-18 11:00:00,Lyttelton,0.0,0.0,0.0,0.0,0.0,0.0,incoming,medium,stony,7,urban,2,0,0,0.0,0.0,7.284495471,10.32368916,9.23655199,-1.9,2.2,193.9637616,231.1900531,256.5863992,140,-43.62545,172.737182,11,47,1,0,11,0,Alongshore,Alongshore,Alongshore,,0.0
921,Diamond Harbour Beach,2014-11-24 15:00:00,Lyttelton,0.0,0.0,0.0,0.0,0.6,0.6,incoming,medium,stony,7,urban,2,0,0,0.6,1.0,5.41173576,14.68494979,17.2787283,-3.2,2.3,51.61289118,56.38378883,50.119289,140,-43.62545,172.737182,11,48,0,0,15,0,Alongshore,Alongshore,Alongshore,5.0,0.0
922,Diamond Harbour Beach,2014-12-08 16:00:00,Lyttelton,0.0,0.0,0.0,0.0,0.0,0.0,incoming,medium,stony,7,urban,2,0,0,0.0,0.0,7.569474691,10.2299818,10.81585123,-2.2,2.3,55.69486876,53.17171233,50.61250916,140,-43.62545,172.737182,12,50,0,0,16,0,Alongshore,Alongshore,Alongshore,5.0,0.0
923,Diamond Harbour Beach,2014-12-15 15:00:00,Lyttelton,0.0,0.0,0.0,0.0,0.0,1.0,ebbing,medium,stony,7,urban,2,0,0,0.0,0.0,9.345430769,11.65576027,13.79565532,3.8,2.2,61.92762599,63.56555008,57.98476882,140,-43.62545,172.737182,12,51,0,0,15,0,Alongshore,Alongshore,Alongshore,5.0,0.0
924,Diamond Harbour Beach,2014-12-22 14:00:00,Lyttelton,0.0,0.0,0.0,7.4,7.4,7.8,incoming,medium,stony,7,urban,2,0,0,3.4,7.0,5.485241775,8.418456557,9.679662933,-2.3,2.4,63.14242289,60.50689586,53.25768676,140,-43.62545,172.737182,12,52,0,0,14,1,Alongshore,Alongshore,Alongshore,5.0,0.0
925,Diamond Harbour Beach,2014-12-29 12:00:00,Lyttelton,0.0,0.0,0.0,0.0,1.4,1.4,ebbing,medium,stony,7,urban,2,0,0,1.4,1.0,8.437675251,11.94528595,12.56624247,1.4,2.5,64.3315612,60.61939606,47.96692133,140,-43.62545,172.737182,12,1,0,0,12,1,Alongshore,Alongshore,Alongshore,5.0,0.0
926,Diamond Harbour Beach,2015-01-06 08:00:00,Lyttelton,0.0,0.0,0.0,0.0,0.0,0.0,ebbing,medium,stony,7,urban,2,0,0,0.0,0.0,2.055652323,3.259805285,3.447908701,2.9,2.4,278.937253,275.2632381,314.0387168,140,-43.62545,172.737182,1,2,1,0,8,0,Onshore,Onshore,Onshore,5.0,0.0
927,Diamond Harbour Beach,2015-01-12 13:00:00,Lyttelton,0.0,0.0,0.0,0.0,0.0,0.0,ebbing,medium,stony,7,urban,2,0,0,0.0,0.0,5.77000796,1.839669921,4.075785154,3.0,2.2,19.23755405,330.7010368,248.3796098,140,-43.62545,172.737182,1,3,0,0,13,0,Alongshore,Onshore,Alongshore,5.0,0.0
928,Diamond Harbour Beach,2015-01-19 13:00:00,Lyttelton,0.0,0.0,0.0,0.0,0.0,0.0,incoming,medium,stony,7,urban,2,0,0,0.0,0.0,7.053931607,7.04054126,7.950663011,-1.9,2.4,298.7754282,330.5182016,328.9778866,140,-43.62545,172.737182,1,4,0,0,13,0,Onshore,Onshore,Onshore,5.0,0.0
929,Diamond Harbour Beach,2015-01-26 12:00:00,Lyttelton,0.0,0.0,0.0,0.0,0.0,0.0,ebbing,medium,stony,7,urban,2,0,0,0.0,0.0,19.57936397,19.9531436,20.55768517,2.4,2.6,60.35507963,54.02011211,49.62817042,140,-43.62545,172.737182,1,5,0,0,12,0,Alongshore,Alongshore,Alongshore,5.0,0.0
930,Diamond Harbour Beach,2015-02-02 13:00:00,Lyttelton,0.0,0.0,0.0,0.0,0.0,1.8,incoming,medium,stony,7,urban,2,0,0,0.0,0.0,3.895415001,6.712687301,11.42360761,-2.3,2.3,323.393008,352.220577,1.368779056,140,-43.62545,172.737182,2,6,0,0,13,1,Onshore,Onshore,Onshore,5.0,0.0
931,Diamond Harbour Beach,2015-02-09 10:00:00,Lyttelton,0.0,0.0,0.0,0.0,0.0,0.0,ebbing,medium,stony,7,urban,2,0,0,0.0,0.0,6.356193626,12.12835733,19.53714521,1.6,2.2,306.7081785,309.3777471,308.2863039,140,-43.62545,172.737182,2,7,0,0,10,1,Onshore,Onshore,Onshore,5.0,0.0
932,Diamond Harbour Beach,2015-02-16 11:00:00,Lyttelton,0.0,0.0,0.0,0.0,0.0,0.0,incoming,medium,stony,7,urban,2,0,0,0.0,0.0,2.958254086,2.510827683,4.550225974,-2.6,2.3,75.03841909,43.18276203,30.7634867,140,-43.62545,172.737182,2,8,0,0,11,0,Alongshore,Alongshore,Alongshore,5.0,0.0
933,Diamond Harbour Beach,2015-02-23 10:00:00,Lyttelton,0.0,0.0,0.8,0.8,3.0,3.0,ebbing,medium,stony,7,urban,2,0,0,1.6,6.0,4.320644327,2.819547129,2.067280871,1.8,2.6,222.0924673,225.0801786,221.8502163,140,-43.62545,172.737182,2,9,0,0,10,0,Alongshore,Alongshore,Alongshore,5.0,0.0
934,Diamond Harbour Beach,2015-03-02 13:00:00,Lyttelton,0.0,0.0,0.0,0.0,0.0,0.0,incoming,medium,stony,7,urban,2,0,0,0.0,0.0,3.329563404,4.668777825,10.81419329,-1.8,2.2,318.5734997,336.0709089,338.3277739,140,-43.62545,172.737182,3,10,0,0,13,0,Onshore,Onshore,Onshore,6.0,0.0
935,Diamond Harbour Beach,2015-11-17 12:00:00,Lyttelton,0.0,0.0,0.0,0.0,0.0,0.0,ebbing,medium,stony,7,urban,2,0,0,0.0,0.0,6.175997327,9.148961012,8.103249981,3.4,2.3,280.1696306,265.4590056,265.6767661,140,-43.62545,172.737182,11,47,1,0,12,0,Onshore,Alongshore,Alongshore,,0.0
936,Diamond Harbour Beach,2015-11-23 12:00:00,Lyttelton,0.0,0.0,0.0,0.0,0.0,0.0,incoming,medium,stony,7,urban,2,0,0,0.0,0.0,8.554370597,8.8813824,12.76732024,-2.0,2.5,88.19858848,89.15983999,76.84156684,140,-43.62545,172.737182,11,48,0,0,12,0,Alongshore,Alongshore,Alongshore,5.0,0.0
937,Diamond Harbour Beach,2015-11-30 07:00:00,Lyttelton,0.0,0.0,0.0,0.4,0.8,0.8,incoming,medium,stony,7,urban,2,0,0,0.4,2.0,16.13145566,15.1190898,14.54747513,-1.1,2.5,67.5494885,64.62911566,63.22624609,140,-43.62545,172.737182,11,49,0,0,7,0,Alongshore,Alongshore,Alongshore,5.0,0.0
938,Diamond Harbour Beach,2015-12-10 14:00:00,Lyttelton,0.0,0.0,0.0,0.0,0.0,1.4,incoming,medium,stony,7,urban,2,0,0,0.0,0.0,6.196143786,8.370552819,12.18864624,-2.1,2.2,70.10660797,72.77296912,65.85623931,140,-43.62545,172.737182,12,50,3,0,14,0,Alongshore,Alongshore,Alongshore,5.0,0.0
939,Diamond Harbour Beach,2015-12-14 05:00:00,Lyttelton,0.2,0.2,0.2,8.2,8.2,8.2,incoming,medium,stony,7,urban,2,0,0,4.6,5.0,2.035007649,0.473652029,2.193253187,-1.5,2.4,286.8427366,329.1245693,264.5811372,140,-43.62545,172.737182,12,51,0,0,5,0,Onshore,Onshore,Alongshore,5.0,0.0
940,Diamond Harbour Beach,2015-12-23 12:00:00,Lyttelton,0.0,0.0,0.0,1.4,1.8,1.8,incoming,medium,stony,7,urban,2,0,0,0.8,5.0,4.346050803,6.457414504,8.22192387,-1.9,2.5,241.8212403,243.7610172,255.0514239,140,-43.62545,172.737182,12,52,2,0,12,1,Alongshore,Alongshore,Alongshore,5.0,0.0
941,Diamond Harbour Beach,2016-01-05 11:00:00,Lyttelton,0.0,0.0,0.0,0.0,0.2,16.6,incoming,medium,stony,7,urban,2,0,0,0.2,1.0,5.29681506,4.950933209,4.926577313,-1.8,2.1,81.0811552,101.2339816,72.17271358,140,-43.62545,172.737182,1,1,1,0,11,1,Alongshore,Offshore,Alongshore,5.0,0.0
942,Diamond Harbour Beach,2016-01-11 15:00:00,Lyttelton,0.0,0.0,0.0,0.0,0.0,0.0,incoming,medium,stony,7,urban,2,0,0,0.0,0.0,14.05571539,20.80472812,23.63253231,-2.4,2.3,79.33426988,78.43365531,73.35065504,140,-43.62545,172.737182,1,2,0,0,15,0,Alongshore,Alongshore,Alongshore,5.0,0.0
943,Diamond Harbour Beach,2016-01-18 09:00:00,Lyttelton,1.6,1.6,1.8,1.8,2.2,14.6,incoming,medium,stony,7,urban,2,0,0,0.8,5.0,10.3878971,11.2311645,12.11136352,-1.9,2.4,55.95451498,50.27550134,48.08811889,140,-43.62545,172.737182,1,3,0,0,9,0,Alongshore,Alongshore,Alongshore,5.0,0.0
944,Diamond Harbour Beach,2016-01-25 15:00:00,Lyttelton,0.0,0.0,0.0,0.0,0.0,0.0,incoming,medium,stony,7,urban,2,0,0,0.0,0.0,2.006569327,6.204286055,6.35045476,-2.3,2.3,286.7186559,288.2914411,329.2964722,140,-43.62545,172.737182,1,4,0,0,15,0,Onshore,Onshore,Onshore,5.0,0.0
945,Diamond Harbour Beach,2016-02-02 09:00:00,Lyttelton,0.0,0.0,0.0,0.0,0.0,0.0,incoming,medium,stony,7,urban,2,0,0,0.0,0.0,3.282331432,0.409723262,2.031927527,-1.9,2.1,205.9335072,188.0573323,262.5411092,140,-43.62545,172.737182,2,5,1,0,9,1,Alongshore,Alongshore,Alongshore,5.0,0.0
946,Diamond Harbour Beach,2016-02-09 15:00:00,Lyttelton,0.0,0.0,0.0,0.0,0.0,0.0,incoming,medium,stony,7,urban,2,0,0,0.0,0.0,3.305492356,4.335982594,13.43139198,-2.2,2.4,247.7352879,239.118086,76.22896315,140,-43.62545,172.737182,2,6,1,0,15,1,Alongshore,Alongshore,Alongshore,5.0,0.0
947,Diamond Harbour Beach,2016-02-15 09:00:00,Lyttelton,0.0,0.0,0.0,0.0,0.0,0.0,incoming,medium,stony,7,urban,2,0,0,0.0,0.0,1.363560292,1.081663582,1.006431129,-0.8,2.5,103.7704395,277.1563141,18.46355992,140,-43.62545,172.737182,2,7,0,0,9,0,Offshore,Onshore,Alongshore,5.0,0.0
948,Diamond Harbour Beach,2016-02-22 14:00:00,Lyttelton,0.0,0.0,0.0,0.0,0.0,0.0,incoming,medium,stony,7,urban,2,0,0,0.0,0.0,6.9508153,11.78401353,13.18168458,-2.3,2.3,69.50866998,70.09534676,70.67069812,140,-43.62545,172.737182,2,8,0,0,14,0,Alongshore,Alongshore,Alongshore,8.0,0.0
949,Diamond Harbour Beach,2016-02-29 09:00:00,Lyttelton,0.0,0.0,0.0,0.0,0.0,0.0,ebbing,medium,stony,7,urban,2,0,0,0.0,0.0,9.64465547,15.53521219,16.4050711,0.1,2.1,232.152052,241.4412755,251.157818,140,-43.62545,172.737182,2,9,0,0,9,0,Alongshore,Alongshore,Alongshore,8.0,0.0
950,Diamond Harbour Beach,2016-11-21 09:00:00,Lyttelton,0.0,0.0,0.0,0.0,0.0,0.0,incoming,medium,stony,7,urban,2,0,0,0.0,0.0,2.31138826,2.685019813,4.972143489,-1.3,2.5,68.47579537,75.68998825,52.47178022,140,-43.62545,172.737182,11,47,0,0,9,0,Alongshore,Alongshore,Alongshore,,0.0
951,Diamond Harbour Beach,2016-11-28 13:00:00,Lyttelton,0.0,0.0,0.0,0.0,0.0,0.0,incoming,medium,stony,7,urban,2,0,0,0.0,0.0,7.078434876,3.852002226,2.869160037,-2.6,2.2,97.2988316,218.330048,212.9695628,140,-43.62545,172.737182,11,48,0,0,13,0,Offshore,Alongshore,Alongshore,5.0,0.0
952,Diamond Harbour Beach,2016-12-05 10:00:00,Lyttelton,0.0,0.0,0.0,0.0,0.0,0.8,ebbing,medium,stony,7,urban,2,0,0,0.0,0.0,8.113138249,8.642039204,12.07293709,1.1,2.3,67.20787158,64.56550509,60.18679382,140,-43.62545,172.737182,12,49,0,0,10,0,Alongshore,Alongshore,Alongshore,5.0,0.0
953,Diamond Harbour Beach,2016-12-12 13:00:00,Lyttelton,0.6,2.2,5.6,6.0,9.0,9.0,incoming,medium,stony,7,urban,2,0,0,2.2,14.0,12.11680708,20.63594616,23.09916557,-1.9,2.5,219.6132783,233.3766961,233.5859661,140,-43.62545,172.737182,12,50,0,0,13,0,Alongshore,Alongshore,Alongshore,6.666666666666667,0.0
954,Diamond Harbour Beach,2016-12-14 11:00:00,Lyttelton,0.0,0.0,0.0,0.0,2.4,8.4,incoming,medium,stony,7,urban,2,0,0,1.4,5.0,1.210363034,0.897029273,2.154750393,-5.8,2.6,106.9436437,184.2873986,238.3107595,140,-43.62545,172.737182,12,50,2,0,11,0,Offshore,Offshore,Alongshore,177.25,0.2
955,Diamond Harbour Beach,2016-12-19 10:00:00,Lyttelton,0.0,0.0,0.0,0.0,0.0,0.0,ebbing,medium,stony,7,urban,2,0,0,0.0,0.0,1.633550845,10.06514155,13.65181511,1.1,2.6,78.37793045,66.58220013,345.5554954,140,-43.62545,172.737182,12,51,0,0,10,0,Alongshore,Alongshore,Onshore,142.8,0.16666666666666666
956,Diamond Harbour Beach,2016-12-28 13:00:00,Lyttelton,0.0,0.0,0.0,0.0,0.0,0.0,incoming,medium,stony,7,urban,2,0,0,0.0,0.0,9.890432668,17.05895986,19.62527363,-2.7,2.2,73.02377403,69.57257693,63.51625119,140,-43.62545,172.737182,12,52,2,0,13,1,Alongshore,Alongshore,Alongshore,142.8,0.14285714285714285
957,Diamond Harbour Beach,2017-01-04 10:00:00,Lyttelton,3.6,3.6,4.0,4.6,4.8,4.8,ebbing,medium,stony,7,urban,2,0,0,3.6,6.0,8.456159253,0.952068709,6.010711954,0.7,2.4,102.1005961,250.2348701,252.0038039,140,-43.62545,172.737182,1,1,2,0,10,1,Offshore,Alongshore,Alongshore,142.8,0.125
958,Diamond Harbour Beach,2017-01-09 13:00:00,Lyttelton,0.0,0.0,0.0,0.0,3.4,15.0,incoming,medium,stony,7,urban,2,0,0,1.4,8.0,4.059783731,5.866669757,11.31649675,-0.6,2.4,59.29503551,59.21937213,282.5861253,140,-43.62545,172.737182,1,2,0,0,13,0,Alongshore,Alongshore,Onshore,142.8,0.1111111111111111
959,Diamond Harbour Beach,2017-01-16 09:00:00,Lyttelton,0.0,0.0,0.0,0.0,0.6,0.6,ebbing,medium,stony,7,urban,2,0,0,0.6,1.0,1.773931304,10.82391264,13.66069533,1.9,2.6,74.64132628,58.984669,355.1173041,140,-43.62545,172.737182,1,3,0,0,9,0,Alongshore,Alongshore,Onshore,6.0,0.1
960,Diamond Harbour Beach,2017-01-24 13:00:00,Lyttelton,0.0,0.0,0.0,0.0,6.4,13.4,incoming,medium,stony,7,urban,2,0,0,1.6,11.0,16.59782538,17.51983988,19.15393444,-1.4,2.1,76.76136002,74.01479852,79.51267162,140,-43.62545,172.737182,1,4,1,0,13,0,Alongshore,Alongshore,Alongshore,6.0,0.09090909090909091
961,Diamond Harbour Beach,2017-01-30 08:00:00,Lyttelton,0.0,0.0,0.0,0.0,0.0,0.0,ebbing,medium,stony,7,urban,2,0,0,0.0,0.0,2.125871183,9.09440815,12.71913427,2.2,2.4,59.88299269,66.48762658,39.4391302,140,-43.62545,172.737182,1,5,0,0,8,0,Alongshore,Alongshore,Alongshore,6.0,0.08333333333333333
962,Diamond Harbour Beach,2017-02-07 12:00:00,Lyttelton,0.0,0.0,0.0,0.3,0.3,0.3,incoming,medium,stony,7,urban,2,0,0,0.2,2.0,5.478306901,3.483881765,4.760365496,-1.1,2.4,151.2584504,165.1808862,239.9573271,140,-43.62545,172.737182,2,6,1,0,12,1,Offshore,Offshore,Alongshore,6.0,0.07692307692307693
963,Diamond Harbour Beach,2017-02-13 08:00:00,Lyttelton,0.0,0.0,0.0,0.0,0.0,0.0,ebbing,medium,stony,7,urban,2,0,0,0.0,0.0,4.38595021,6.018857383,7.15218518,2.3,2.5,73.80186793,56.61337163,25.50453478,140,-43.62545,172.737182,2,7,0,0,8,0,Alongshore,Alongshore,Alongshore,5.0,0.07142857142857142
964,Diamond Harbour Beach,2017-02-20 12:00:00,Lyttelton,0.0,0.0,0.0,0.0,0.8,2.8,ebbing,medium,stony,7,urban,2,0,0,0.2,4.0,17.07858917,15.52322543,16.99829927,0.4,2.1,67.00196088,67.88682832,68.99223999,140,-43.62545,172.737182,2,8,0,0,12,0,Alongshore,Alongshore,Alongshore,10.2,0.06666666666666667
965,Diamond Harbour Beach,2017-03-02 09:00:00,Lyttelton,0.0,0.0,0.0,0.0,0.0,0.0,ebbing,medium,stony,7,urban,2,0,0,0.0,0.0,1.9584279,0.520609987,1.204158302,1.5,2.5,155.5182162,32.43031258,327.9463393,140,-43.62545,172.737182,3,9,3,0,9,0,Offshore,Alongshore,Onshore,10.2,0.0625
966,Diamond Harbour Beach,2017-11-23 10:00:00,Lyttelton,0.0,0.0,0.0,0.0,0.0,0.0,ebbing,medium,stony,7,urban,2,0,0,0.0,0.0,2.065325987,5.043429939,7.231755533,1.7,2.2,89.18573857,100.5474347,90.97448856,140,-43.62545,172.737182,11,47,3,0,10,0,Alongshore,Offshore,Alongshore,,0.0
967,Diamond Harbour Beach,2017-11-29 11:00:00,Lyttelton,0.0,0.0,0.0,0.0,0.0,0.0,incoming,medium,stony,7,urban,2,0,0,0.0,0.0,4.016579687,5.531690608,7.211188938,-1.4,2.3,78.01658072,76.6957652,71.2521543,140,-43.62545,172.737182,11,48,2,0,11,0,Alongshore,Alongshore,Alongshore,5.0,0.0
968,Diamond Harbour Beach,2017-12-06 09:00:00,Lyttelton,0.0,0.0,0.0,0.0,0.0,0.0,ebbing,medium,stony,7,urban,2,0,0,0.0,0.0,4.487962571,4.571624625,9.112510588,2.9,2.7,75.80679573,81.3698643,62.5110616,140,-43.62545,172.737182,12,49,2,0,9,0,Alongshore,Alongshore,Alongshore,5.0,0.0
969,Diamond Harbour Beach,2017-12-13 11:00:00,Lyttelton,0.0,0.0,1.2,1.2,1.2,1.2,incoming,medium,stony,7,urban,2,0,0,0.6,2.0,13.43447723,12.95346958,17.9978651,-1.8,2.3,60.47040757,58.86651225,57.34407208,140,-43.62545,172.737182,12,50,2,0,11,0,Alongshore,Alongshore,Alongshore,5.0,0.0
970,Diamond Harbour Beach,2017-12-20 08:00:00,Lyttelton,0.0,0.0,0.0,0.0,0.0,0.2,ebbing,medium,stony,7,urban,2,0,0,0.0,0.0,26.23521122,26.14193587,22.66761592,2.2,2.3,226.8992377,226.6439786,227.561971,140,-43.62545,172.737182,12,51,2,0,8,1,Alongshore,Alongshore,Alongshore,16.75,0.0
971,Diamond Harbour Beach,2017-12-28 09:00:00,Lyttelton,0.0,0.0,0.0,0.2,3.8,5.4,incoming,medium,stony,7,urban,2,0,0,1.0,8.0,7.070180084,5.94971573,6.008816977,-2.6,2.3,240.2539484,239.2117718,228.011134,140,-43.62545,172.737182,12,52,3,0,9,1,Alongshore,Alongshore,Alongshore,14.4,0.0
972,Diamond Harbour Beach,2018-01-10 12:00:00,Lyttelton,1.6,2.2,2.8,2.8,2.8,2.8,ebbing,medium,stony,7,urban,2,0,0,1.0,6.0,16.10734821,18.59782676,17.89452895,0.5,2.3,257.1171314,262.0936129,262.9649282,140,-43.62545,172.737182,1,2,2,0,12,0,Alongshore,Alongshore,Alongshore,14.4,0.0
973,Diamond Harbour Beach,2018-01-15 15:00:00,Lyttelton,0.0,0.0,0.0,0.0,0.0,0.2,incoming,medium,stony,7,urban,2,0,0,0.0,0.0,19.08225714,23.56733113,22.7971778,-0.4,2.2,75.56721575,72.7063315,69.11373879,140,-43.62545,172.737182,1,3,0,0,15,0,Alongshore,Alongshore,Alongshore,14.4,0.0
974,Diamond Harbour Beach,2018-01-24 10:00:00,Lyttelton,0.0,0.0,0.0,0.0,0.0,0.0,ebbing,medium,stony,7,urban,2,0,0,0.0,0.0,0.512389027,1.67079275,3.117278545,0.2,2.3,232.033326,223.2095615,306.7145625,140,-43.62545,172.737182,1,4,2,0,10,0,Alongshore,Alongshore,Onshore,14.4,0.0
975,Diamond Harbour Beach,2018-02-02 10:00:00,Lyttelton,0.4,1.0,2.2,2.2,2.2,2.2,ebbing,medium,stony,7,urban,2,0,0,0.6,8.0,21.34330912,21.83770834,23.1209269,4.8,2.7,236.3081099,239.9232536,243.9704898,140,-43.62545,172.737182,2,5,4,0,10,1,Alongshore,Alongshore,Alongshore,5.0,0.0
976,Diamond Harbour Beach,2018-02-05 09:00:00,Lyttelton,0.0,0.0,0.0,0.0,1.2,1.6,ebbing,medium,stony,7,urban,2,0,0,0.6,3.0,6.350873099,2.100518432,1.228689503,0.3,2.5,301.5200129,39.0124578,304.3906308,140,-43.62545,172.737182,2,6,0,0,9,1,Onshore,Alongshore,Onshore,35.2,0.0
977,Diamond Harbour Beach,2018-02-07 09:00:00,Lyttelton,0.0,0.4,0.4,0.4,0.4,0.4,incoming,medium,stony,7,urban,2,0,0,0.4,1.0,4.895061667,4.815920055,5.685571797,-1.3,2.3,80.40866947,78.27787797,48.76731884,140,-43.62545,172.737182,2,6,2,0,9,1,Alongshore,Alongshore,Alongshore,44.6,0.0
978,Diamond Harbour Beach,2018-02-14 13:00:00,Lyttelton,0.0,0.0,0.0,0.0,0.0,1.0,incoming,medium,stony,7,urban,2,0,0,0.0,0.0,11.49536855,15.66037407,15.73731014,-2.9,2.2,243.6966983,242.0724689,246.6376823,140,-43.62545,172.737182,2,7,2,0,13,0,Alongshore,Alongshore,Alongshore,45.6,0.0
979,Diamond Harbour Beach,2018-02-16 07:00:00,Lyttelton,0.0,0.0,0.0,0.0,0.0,0.0,ebbing,medium,stony,7,urban,2,0,0,0.0,0.0,8.910870999,4.448341047,1.081236113,2.2,2.3,66.93316818,272.4624508,262.8073075,140,-43.62545,172.737182,2,7,4,0,7,0,Alongshore,Alongshore,Alongshore,289.2,0.07142857142857142
980,Diamond Harbour Beach,2018-02-27 13:00:00,Lyttelton,0.0,0.0,0.0,0.0,3.4,3.4,incoming,medium,stony,7,urban,2,0,0,1.2,6.0,2.559250161,6.767429172,10.13083295,-0.6,2.4,75.71056956,84.80314135,91.34962861,140,-43.62545,172.737182,2,9,1,0,13,0,Alongshore,Alongshore,Alongshore,292.2,0.06666666666666667
981,Diamond Harbour Beach,2018-03-14 12:00:00,Lyttelton,0.0,0.0,0.0,0.0,0.0,0.0,incoming,medium,stony,7,urban,2,0,0,0.0,0.0,3.742446714,4.283701595,9.630199799,-2.4,2.2,83.59194187,84.92649315,64.91233201,140,-43.62545,172.737182,3,11,2,0,12,0,Alongshore,Alongshore,Alongshore,262.0,0.0625
982,Diamond Harbour Beach,2018-03-20 08:00:00,Lyttelton,0.0,0.0,0.0,0.0,0.0,0.0,ebbing,medium,stony,7,urban,2,0,0,0.0,0.0,12.6641852,11.22171855,10.27016462,1.3,2.3,52.75952427,55.39373051,57.27757838,140,-43.62545,172.737182,3,12,1,0,8,0,Alongshore,Alongshore,Alongshore,252.6,0.058823529411764705
983,Diamond Harbour Beach,2018-11-13 08:00:00,Lyttelton,0.0,0.0,0.0,0.0,0.0,0.0,incoming,medium,stony,7,urban,2,0,0,0.0,0.0,3.596538507,6.080794105,6.599065159,-0.7,2.3,259.3905483,261.4772106,263.2311875,140,-43.62545,172.737182,11,46,1,0,8,0,Alongshore,Alongshore,Alongshore,,0.0
984,Diamond Harbour Beach,2018-11-19 12:00:00,Lyttelton,0.2,0.2,0.4,1.2,1.2,1.2,incoming,medium,stony,7,urban,2,0,0,0.6,4.0,7.793178016,7.04457671,10.42568934,-1.8,2.2,225.4931617,225.5486085,235.6280671,140,-43.62545,172.737182,11,47,0,0,12,0,Alongshore,Alongshore,Alongshore,5.0,0.0
985,Diamond Harbour Beach,2018-11-29 08:00:00,Lyttelton,0.0,0.0,0.0,1.4,5.0,5.0,incoming,medium,stony,7,urban,2,0,0,1.6,12.0,13.36705461,11.86548537,11.85007273,-1.2,2.6,67.31930741,70.6458073,73.77395186,140,-43.62545,172.737182,11,48,3,0,8,0,Alongshore,Alongshore,Alongshore,5.0,0.0
986,Diamond Harbour Beach,2018-12-03 11:00:00,Lyttelton,0.2,0.2,0.4,0.8,1.2,1.6,incoming,medium,stony,7,urban,2,0,0,0.2,6.0,18.30793848,19.49899085,19.6647172,-1.8,2.4,62.99661001,64.24005061,65.36341097,140,-43.62545,172.737182,12,49,0,0,11,0,Alongshore,Alongshore,Alongshore,5.0,0.0
987,Diamond Harbour Beach,2018-12-11 10:00:00,Lyttelton,0.0,0.0,0.0,0.0,0.0,0.0,ebbing,medium,stony,7,urban,2,0,0,0.0,0.0,12.97083873,14.45099695,15.29651323,2.9,2.3,59.35290571,60.08380605,59.55779102,140,-43.62545,172.737182,12,50,1,0,10,0,Alongshore,Alongshore,Alongshore,11.25,0.0
988,Diamond Harbour Beach,2018-12-17 11:00:00,Lyttelton,0.0,0.0,0.0,0.0,0.0,0.0,incoming,medium,stony,7,urban,2,0,0,0.0,0.0,12.71256075,10.70532481,11.43054273,-1.1,2.2,82.51313767,72.75346596,69.08233174,140,-43.62545,172.737182,12,51,0,0,11,0,Alongshore,Alongshore,Alongshore,11.0,0.0
989,Diamond Harbour Beach,2018-12-28 10:00:00,Lyttelton,0.0,0.0,0.0,0.0,0.0,0.2,ebbing,medium,stony,7,urban,2,0,0,0.0,0.0,10.49334504,14.33607051,17.71723235,0.9,2.6,74.09590799,68.31577581,63.46867562,140,-43.62545,172.737182,12,52,4,0,10,1,Alongshore,Alongshore,Alongshore,11.0,0.0
990,Diamond Harbour Beach,2019-01-09 09:00:00,Lyttelton,0.0,0.0,0.0,0.0,0.0,6.2,ebbing,medium,stony,7,urban,2,0,0,0.0,0.0,16.93260489,19.49558611,19.26213622,2.3,2.3,62.30445729,64.53257413,59.61057381,140,-43.62545,172.737182,1,2,2,0,9,0,Alongshore,Alongshore,Alongshore,12.0,0.0
991,Diamond Harbour Beach,2019-01-15 10:00:00,Lyttelton,0.0,0.0,0.0,1.0,14.2,14.2,incoming,medium,stony,7,urban,2,0,0,5.2,11.0,12.57764483,12.07273526,11.54502549,-1.0,2.2,221.7169092,229.8646448,240.6429742,140,-43.62545,172.737182,1,3,1,0,10,0,Alongshore,Alongshore,Alongshore,13.0,0.0
992,Diamond Harbour Beach,2019-01-18 12:00:00,Lyttelton,0.0,0.0,0.0,0.0,0.0,0.0,incoming,medium,stony,7,urban,2,0,0,0.0,0.0,10.12525655,10.44116783,11.30053202,-1.8,2.3,238.613916,246.0244047,246.5832207,140,-43.62545,172.737182,1,3,4,0,12,0,Alongshore,Alongshore,Alongshore,99.8,0.1
993,Diamond Harbour Beach,2019-01-24 08:00:00,Lyttelton,0.0,0.0,0.2,3.0,3.2,3.2,ebbing,medium,stony,7,urban,2,0,0,1.8,5.0,15.71145296,10.19509187,8.677831842,1.6,2.7,238.5411729,246.5780283,236.6496441,140,-43.62545,172.737182,1,4,3,0,8,0,Alongshore,Alongshore,Alongshore,108.2,0.09090909090909091
994,Diamond Harbour Beach,2019-01-28 10:00:00,Lyttelton,0.0,0.0,0.0,0.0,0.0,0.0,incoming,medium,stony,7,urban,2,0,0,0.0,0.0,2.476064044,3.888527313,8.571027311,-0.6,2.5,279.2711674,273.7259135,45.96277189,140,-43.62545,172.737182,1,5,0,0,10,0,Onshore,Alongshore,Alongshore,162.2,0.08333333333333333
995,Diamond Harbour Beach,2019-02-08 08:00:00,Lyttelton,0.0,0.0,0.0,0.0,0.0,0.0,ebbing,medium,stony,7,urban,2,0,0,0.0,0.0,16.18263618,16.67478247,17.02778983,1.3,2.2,67.77190249,65.10149621,60.55986403,140,-43.62545,172.737182,2,6,4,0,8,1,Alongshore,Alongshore,Alongshore,161.2,0.07692307692307693
996,Diamond Harbour Beach,2019-02-14 10:00:00,Lyttelton,0.0,0.0,0.0,0.0,0.0,0.0,incoming,medium,stony,7,urban,2,0,0,0.0,0.0,15.84474426,15.13169877,16.50524333,-1.9,2.2,82.54553974,72.55042947,69.16258893,140,-43.62545,172.737182,2,7,3,0,10,0,Alongshore,Alongshore,Alongshore,160.2,0.07142857142857142
997,Diamond Harbour Beach,2019-02-18 13:00:00,Lyttelton,0.0,0.0,0.0,0.0,0.0,0.0,incoming,medium,stony,7,urban,2,0,0,0.0,0.0,1.643006834,6.82718033,12.96487661,-2.2,2.5,87.69405925,90.38233594,90.74037435,140,-43.62545,172.737182,2,8,0,0,13,0,Alongshore,Alongshore,Alongshore,68.4,0.06666666666666667
998,Diamond Harbour Beach,2019-02-28 12:00:00,Lyttelton,0.0,0.0,1.0,3.0,3.0,3.0,ebbing,medium,stony,7,urban,2,0,0,0.8,6.0,22.10889483,21.90938823,20.41844406,0.4,2.2,226.0535489,229.0556976,232.8434194,140,-43.62545,172.737182,2,9,3,0,12,0,Alongshore,Alongshore,Alongshore,60.0,0.0625
999,Diamond Harbour Beach,2019-11-18 11:00:00,Lyttelton,0.0,0.0,0.0,0.0,0.0,0.0,ebbing,medium,stony,7,urban,2,0,0,0.0,0.0,5.957294292,10.11595454,9.566569528,2.2,2.4,243.2390985,252.8177793,254.8168422,140,-43.62545,172.737182,11,47,0,0,11,0,Alongshore,Alongshore,Alongshore,,0.0
1000,Diamond Harbour Beach,2019-12-03 11:00:00,Lyttelton,0.0,0.0,0.0,0.0,0.0,0.0,ebbing,medium,stony,7,urban,2,0,0,0.0,0.0,13.15617512,16.28309916,16.18599637,1.5,2.3,81.85038995,78.81217658,76.04563699,140,-43.62545,172.737182,12,49,1,0,11,0,Alongshore,Alongshore,Alongshore,5.0,0.0
1001,Diamond Harbour Beach,2019-12-10 13:00:00,Lyttelton,0.0,0.0,0.0,0.0,0.0,0.0,incoming,medium,stony,7,urban,2,0,0,0.0,0.0,8.96347376,13.50194055,14.46236643,-1.9,2.2,87.9538088,89.98620514,85.10713649,140,-43.62545,172.737182,12,50,1,0,13,0,Alongshore,Alongshore,Alongshore,23.0,0.0
1002,Diamond Harbour Beach,2019-12-18 11:00:00,Lyttelton,1.2,3.6,13.4,18.0,22.8,22.8,ebbing,medium,stony,7,urban,2,0,0,2.8,31.0,26.79825747,26.34463157,28.36020187,1.3,2.5,247.2796275,246.1291068,245.556463,140,-43.62545,172.737182,12,51,2,0,11,0,Alongshore,Alongshore,Alongshore,22.0,0.0
1003,Diamond Harbour Beach,2019-12-20 12:00:00,Lyttelton,0.0,0.0,0.2,0.2,0.2,18.2,ebbing,medium,stony,7,urban,2,0,0,0.2,1.0,13.49103936,17.87184279,23.82286407,1.3,2.5,240.6940846,254.1008267,266.1761967,140,-43.62545,172.737182,12,51,4,0,12,1,Alongshore,Alongshore,Alongshore,1549.0,0.2
1004,Diamond Harbour Beach,2019-12-30 08:00:00,Lyttelton,0.0,0.0,0.0,0.0,0.0,0.0,ebbing,medium,stony,7,urban,2,0,0,0.0,0.0,3.018575405,3.637983943,0.663185145,0.8,2.4,142.3209442,284.3882128,277.0580258,140,-43.62545,172.737182,12,1,0,0,8,1,Offshore,Onshore,Onshore,1240.2,0.16666666666666666
1005,Diamond Harbour Beach,2020-01-07 12:00:00,Lyttelton,0.4,0.4,0.4,0.4,0.4,0.6,incoming,medium,stony,7,urban,2,0,0,0.4,1.0,24.62184687,23.43711178,20.71523752,-1.2,2.1,228.732187,232.886071,235.8382644,140,-43.62545,172.737182,1,2,1,0,12,0,Alongshore,Alongshore,Alongshore,1240.2,0.14285714285714285
1006,Diamond Harbour Beach,2020-01-15 10:00:00,Lyttelton,0.0,0.0,0.0,0.0,1.0,1.0,ebbing,medium,stony,7,urban,2,0,0,0.4,4.0,1.668239842,0.783625655,2.588098759,2.1,2.6,122.8374577,163.9414434,87.20243602,140,-43.62545,172.737182,1,3,2,0,10,0,Offshore,Offshore,Alongshore,1233.0,0.125
1007,Diamond Harbour Beach,2020-01-21 12:00:00,Lyttelton,0.0,0.0,0.0,0.0,0.2,0.2,incoming,medium,stony,7,urban,2,0,0,0.2,1.0,7.260993503,8.762502739,9.921521329,-2.1,2.3,91.68660409,80.42326735,71.67874879,140,-43.62545,172.737182,1,4,1,0,12,0,Alongshore,Alongshore,Alongshore,1231.0,0.1111111111111111
1008,Diamond Harbour Beach,2020-01-28 09:00:00,Lyttelton,0.2,0.2,0.2,0.2,0.2,0.2,ebbing,medium,stony,7,urban,2,0,0,0.2,1.0,12.04211538,11.99077342,13.24659778,2.2,2.3,271.1320505,277.4361781,275.0336312,140,-43.62545,172.737182,1,5,1,0,9,0,Alongshore,Onshore,Onshore,6.0,0.1
1009,Diamond Harbour Beach,2020-02-05 12:00:00,Lyttelton,0.0,0.0,2.4,6.0,6.0,6.0,incoming,medium,stony,7,urban,2,0,0,1.8,9.0,16.22122257,9.27270675,8.285316203,-1.4,2.1,240.4163875,250.7927499,247.7402485,140,-43.62545,172.737182,2,6,2,0,12,1,Alongshore,Alongshore,Alongshore,6.0,0.09090909090909091
1010,Diamond Harbour Beach,2020-02-11 08:00:00,Lyttelton,0.0,0.0,0.0,0.0,0.0,0.8,ebbing,medium,stony,7,urban,2,0,0,0.0,0.0,3.170163052,4.820125893,5.428811078,2.1,2.6,271.0184118,271.3169653,275.1452513,140,-43.62545,172.737182,2,7,1,0,8,0,Alongshore,Alongshore,Onshore,17.6,0.08333333333333333
1011,Diamond Harbour Beach,2020-02-19 12:00:00,Lyttelton,0.0,0.0,0.0,0.0,0.0,0.0,incoming,medium,stony,7,urban,2,0,0,0.0,0.0,0.616147249,1.15502661,3.414641272,-1.3,2.3,86.63448786,54.68100336,317.7104935,140,-43.62545,172.737182,2,8,2,0,12,0,Alongshore,Alongshore,Onshore,17.6,0.07692307692307693
1012,Diamond Harbour Beach,2020-02-26 10:00:00,Lyttelton,0.0,0.0,0.0,0.0,0.0,0.0,ebbing,medium,stony,7,urban,2,0,0,0.0,0.0,12.12265427,12.24209822,13.58768064,3.2,2.3,83.30896381,80.28728533,75.63335945,140,-43.62545,172.737182,2,9,2,0,10,0,Alongshore,Alongshore,Alongshore,16.6,0.07142857142857142
1013,Diamond Harbour Beach,2020-03-04 13:00:00,Lyttelton,0.0,0.0,0.0,1.2,1.2,1.2,ebbing,medium,stony,7,urban,2,0,0,0.8,3.0,11.27982359,14.53961551,15.59563104,0.8,2.1,233.3142543,238.5479809,246.2920754,140,-43.62545,172.737182,3,10,2,0,13,0,Alongshore,Alongshore,Alongshore,16.6,0.06666666666666667
1014,Diamond Harbour Beach,2020-03-18 11:00:00,Lyttelton,0.0,0.0,0.0,0.0,0.0,0.0,incoming,medium,stony,7,urban,2,0,0,0.0,0.0,0.797192989,2.63848949,7.227363372,-1.2,2.3,89.84063083,91.10608262,74.46757603,140,-43.62545,172.737182,3,12,2,0,11,0,Alongshore,Alongshore,Alongshore,16.6,0.0625
1015,Diamond Harbour Beach,2020-11-10 11:00:00,Lyttelton,0.0,0.0,0.0,0.0,0.3,22.4,incoming,medium,stony,7,urban,2,0,0,0.3,1.0,4.296304072,4.420414195,4.057275136,-1.0,2.3,235.9877955,257.8997321,265.7415652,140,-43.62545,172.737182,11,46,1,0,11,0,Alongshore,Alongshore,Alongshore,,0.0
1016,Diamond Harbour Beach,2020-11-23 10:00:00,Lyttelton,0.0,0.0,0.0,0.4,7.0,7.0,incoming,medium,stony,7,urban,2,0,0,3.2,10.0,4.992211457,1.95127548,2.351030983,-1.1,2.3,222.9301309,229.0021503,249.3792799,140,-43.62545,172.737182,11,48,0,0,10,0,Alongshore,Alongshore,Alongshore,122.0,0.0
1017,Diamond Harbour Beach,2020-12-03 08:00:00,Lyttelton,0.0,0.0,0.0,0.0,0.0,2.6,ebbing,medium,stony,7,urban,2,0,0,0.0,0.0,10.80439938,9.163137773,11.88450407,1.7,2.3,258.1025756,255.9230108,263.6824452,140,-43.62545,172.737182,12,49,3,0,8,0,Alongshore,Alongshore,Alongshore,71.0,0.0
1018,Diamond Harbour Beach,2020-12-10 12:00:00,Lyttelton,0.0,0.0,0.0,0.0,0.0,0.0,incoming,medium,stony,7,urban,2,0,0,0.0,0.0,10.12144531,13.70016525,14.86773125,-0.5,2.4,264.3271677,266.1267117,265.8372106,140,-43.62545,172.737182,12,50,3,0,12,0,Alongshore,Alongshore,Alongshore,49.0,0.0
1019,Diamond Harbour Beach,2020-12-17 08:00:00,Lyttelton,0.0,0.0,0.0,0.0,0.0,0.0,ebbing,medium,stony,7,urban,2,0,0,0.0,0.0,5.596178375,0.940483394,7.701916232,1.9,2.6,243.6021862,73.83021833,74.50601465,140,-43.62545,172.737182,12,51,3,0,8,0,Alongshore,Alongshore,Alongshore,38.0,0.0
1020,Diamond Harbour Beach,2020-12-22 09:00:00,Lyttelton,0.6,2.4,2.6,8.4,13.0,13.0,incoming,medium,stony,7,urban,2,0,0,1.8,19.0,13.09317547,11.86373035,11.93714068,-1.6,2.3,83.2577424,75.53999815,70.48025284,140,-43.62545,172.737182,12,52,1,0,9,1,Alongshore,Alongshore,Alongshore,31.4,0.0
1021,Diamond Harbour Beach,2020-12-29 16:00:00,Lyttelton,0.0,0.0,0.0,0.0,0.0,6.8,incoming,medium,stony,7,urban,2,0,0,0.0,0.0,8.869205648,14.66191069,17.7,-0.5,2.1,86.0,86.48517333,89.17782607,140,-43.62545,172.737182,12,53,1,0,16,1,Alongshore,Alongshore,Alongshore,9.0,0.0
1022,Diamond Harbour Beach,2021-01-11 12:00:00,Lyttelton,0.0,0.0,0.0,0.0,0.2,0.2,incoming,medium,stony,7,urban,2,0,0,0.2,1.0,3.982060971,1.9015962,6.772155448,-2.5,2.4,63.8824797,10.68540813,280.5980581,140,-43.62545,172.737182,1,2,0,0,12,0,Alongshore,Alongshore,Onshore,6.0,0.0
1023,Diamond Harbour Beach,2021-01-19 10:00:00,Lyttelton,0.0,0.0,0.0,0.0,1.2,1.2,ebbing,medium,stony,7,urban,2,0,0,0.8,3.0,3.787121999,11.26745222,14.39731261,1.2,2.3,69.88522951,61.00029504,58.85342439,140,-43.62545,172.737182,1,3,1,0,10,0,Alongshore,Alongshore,Alongshore,6.0,0.0
1024,Diamond Harbour Beach,2021-01-26 12:00:00,Lyttelton,0.0,0.0,0.0,0.0,0.0,0.0,incoming,medium,stony,7,urban,2,0,0,0.0,0.0,11.58260502,11.75973756,10.2510134,-2.5,2.1,82.62086927,77.72734258,68.89079022,140,-43.62545,172.737182,1,4,1,0,12,0,Alongshore,Alongshore,Alongshore,7.0,0.0
1025,Diamond Harbour Beach,2021-02-03 10:00:00,Lyttelton,0.0,0.0,0.0,0.0,0.0,0.0,ebbing,medium,stony,7,urban,2,0,0,0.0,0.0,12.76412941,12.09572596,11.8847057,1.4,2.5,88.74854079,80.83151131,73.40708966,140,-43.62545,172.737182,2,5,2,0,10,1,Alongshore,Alongshore,Alongshore,8.0,0.0
1026,Diamond Harbour Beach,2021-02-10 13:00:00,Lyttelton,0.0,2.0,4.4,8.6,9.0,9.0,incoming,medium,stony,7,urban,2,0,0,2.6,12.0,12.24910555,9.511657743,6.132045208,-2.5,2.4,242.4619308,247.9334851,261.1895131,140,-43.62545,172.737182,2,6,2,0,13,0,Alongshore,Alongshore,Alongshore,7.0,0.0
1027,Diamond Harbour Beach,2021-02-12 09:00:00,Lyttelton,0.0,0.0,0.0,0.0,0.0,8.8,ebbing,medium,stony,7,urban,2,0,0,0.0,0.0,4.630577641,2.367508823,3.570011878,4.5,2.5,293.2768128,236.2784099,253.123847,140,-43.62545,172.737182,2,6,4,0,9,0,Onshore,Alongshore,Alongshore,92.4,0.07692307692307693
1028,Diamond Harbour Beach,2021-02-17 10:00:00,Lyttelton,0.0,0.0,0.0,0.0,0.0,0.0,ebbing,medium,stony,7,urban,2,0,0,0.0,0.0,2.494166081,3.419593935,2.994786759,1.6,2.2,232.2340954,253.6186064,269.9490285,140,-43.62545,172.737182,2,7,2,0,10,0,Alongshore,Alongshore,Alongshore,93.4,0.07142857142857142
1029,Diamond Harbour Beach,2021-02-26 13:00:00,Lyttelton,0.0,0.0,0.0,0.0,0.0,0.0,incoming,medium,stony,7,urban,2,0,0,0.0,0.0,8.9939102,9.503074211,9.943423276,-2.3,2.3,77.65107224,80.54589272,70.9746561,140,-43.62545,172.737182,2,8,4,0,13,0,Alongshore,Alongshore,Alongshore,92.4,0.06666666666666667
1030,Diamond Harbour Beach,2021-03-03 08:00:00,Lyttelton,0.0,0.0,0.0,0.0,0.4,0.4,ebbing,medium,stony,7,urban,2,0,0,0.2,2.0,6.897730869,5.707823106,7.600389954,0.1,2.5,69.79370059,75.27545174,63.18824988,140,-43.62545,172.737182,3,9,2,0,8,0,Alongshore,Alongshore,Alongshore,92.4,0.0625
1031,Diamond Harbour Beach,2021-11-26 09:00:00,Lyttelton,0.0,0.0,0.0,0.0,0.0,0.2,incoming,medium,stony,7,urban,2,0,0,0.0,0.0,0.806714563,0.524845986,1.33423707,-0.3,2.2,219.3205381,66.02985588,32.8939055,140,-43.62545,172.737182,11,47,4,0,9,0,Alongshore,Alongshore,Alongshore,,0.0
1032,Diamond Harbour Beach,2021-12-02 13:00:00,Lyttelton,0.0,0.2,0.6,0.6,0.6,0.6,incoming,medium,stony,7,urban,2,0,0,0.2,3.0,13.45597827,14.65889978,15.25986215,-1.4,2.4,75.30143448,74.89317284,72.70944022,140,-43.62545,172.737182,12,48,3,0,13,0,Alongshore,Alongshore,Alongshore,5.0,0.0
1033,Diamond Harbour Beach,2021-12-09 08:00:00,Lyttelton,0.0,0.0,0.0,0.0,3.0,8.6,incoming,medium,stony,7,urban,2,0,0,1.2,5.0,2.384716081,6.497088069,5.164419414,-0.6,2.6,271.754726,280.6142289,331.0899387,140,-43.62545,172.737182,12,49,3,0,8,0,Alongshore,Onshore,Onshore,7.5,0.0
1034,Diamond Harbour Beach,2021-12-16 13:00:00,Lyttelton,2.6,5.8,15.0,66.4,85.8,85.8,incoming,medium,stony,7,urban,2,0,0,11.8,29.0,22.8017913,22.85193825,23.53090707,-1.4,2.2,252.988668,256.6613075,256.7122545,140,-43.62545,172.737182,12,50,3,0,13,0,Alongshore,Alongshore,Alongshore,6.666666666666667,0.0
1035,Diamond Harbour Beach,2021-12-20 11:00:00,Lyttelton,0.0,0.0,0.0,0.0,0.2,16.4,ebbing,medium,stony,7,urban,2,0,0,0.2,1.0,1.407569539,3.48715726,4.765474138,5.8,2.3,310.0322379,284.977151,303.4699794,140,-43.62545,172.737182,12,51,0,0,11,1,Onshore,Onshore,Onshore,1297.5,0.2
1036,Diamond Harbour Beach,2021-12-23 07:00:00,Lyttelton,0.0,0.0,0.0,0.0,0.0,0.0,incoming,medium,stony,7,urban,2,0,0,0.0,0.0,4.356556405,5.711419364,11.21760422,-0.9,2.3,51.78243218,29.56864076,27.80647262,140,-43.62545,172.737182,12,51,3,0,7,1,Alongshore,Alongshore,Alongshore,1057.4,0.16666666666666666
1037,Diamond Harbour Beach,2021-12-30 12:00:00,Lyttelton,0.0,0.0,0.0,1.4,3.2,14.2,incoming,medium,stony,7,urban,2,0,0,0.8,8.0,3.83310792,1.092913556,4.375425153,-0.9,2.3,243.655701,173.307966,64.6479343,140,-43.62545,172.737182,12,52,3,0,12,1,Alongshore,Offshore,Alongshore,1078.4,0.14285714285714285
1038,Diamond Harbour Beach,2022-01-07 11:00:00,Lyttelton,0.0,0.0,0.0,0.0,0.4,0.4,ebbing,medium,stony,7,urban,2,0,0,0.2,2.0,14.74032668,15.38525438,16.02420876,2.6,2.6,237.2655418,235.1456165,234.1299,140,-43.62545,172.737182,1,1,4,0,11,0,Alongshore,Alongshore,Alongshore,1077.4,0.125
1039,Diamond Harbour Beach,2022-01-12 12:00:00,Lyttelton,0.0,0.0,0.0,0.0,0.0,0.0,incoming,medium,stony,7,urban,2,0,0,0.0,0.0,1.357135287,1.269838983,4.80344999,-0.5,2.2,76.24841323,170.7575555,232.8493426,140,-43.62545,172.737182,1,2,2,0,12,0,Alongshore,Offshore,Alongshore,1077.4,0.1111111111111111
1040,Diamond Harbour Beach,2022-01-20 08:00:00,Lyttelton,1.0,1.0,4.2,4.4,4.4,4.4,ebbing,medium,stony,7,urban,2,0,0,1.0,8.0,17.75018152,15.82200434,14.41701,1.8,2.3,253.1884185,247.8880611,250.7778999,140,-43.62545,172.737182,1,3,3,0,8,0,Alongshore,Alongshore,Alongshore,44.4,0.1
1041,Diamond Harbour Beach,2022-01-26 12:00:00,Lyttelton,0.0,0.0,0.4,0.4,0.8,2.2,ebbing,medium,stony,7,urban,2,0,0,0.4,3.0,6.236071424,8.957021644,10.83529086,1.4,2.3,87.45872579,80.17290486,71.07880896,140,-43.62545,172.737182,1,4,2,0,12,0,Alongshore,Alongshore,Alongshore,26.0,0.09090909090909091
1042,Diamond Harbour Beach,2022-02-01 15:00:00,Lyttelton,0.0,0.0,0.0,0.0,0.0,0.0,incoming,medium,stony,7,urban,2,0,0,0.0,0.0,14.34713979,17.80846169,19.73304089,-1.1,2.5,76.67043694,81.00568335,75.71459069,140,-43.62545,172.737182,2,5,1,0,15,1,Alongshore,Alongshore,Alongshore,5.0,0.08333333333333333
1043,Diamond Harbour Beach,2022-02-10 11:00:00,Lyttelton,0.8,4.8,37.4,65.2,66.0,66.0,incoming,medium,stony,7,urban,2,0,0,11.2,19.0,11.95045857,4.367968311,2.626442968,-1.0,2.1,275.7268108,76.5282988,70.0322843,140,-43.62545,172.737182,2,6,3,0,11,0,Onshore,Alongshore,Alongshore,6.0,0.07692307692307693
1044,Diamond Harbour Beach,2022-02-15 17:00:00,Lyttelton,0.0,0.0,0.0,0.0,0.4,34.2,ebbing,medium,stony,7,urban,2,0,0,0.2,2.0,12.80793706,15.47026642,16.82539351,1.2,2.1,80.80869836,81.93714692,80.93677641,140,-43.62545,172.737182,2,7,1,0,17,0,Alongshore,Alongshore,Alongshore,203.0,0.14285714285714285
1045,Diamond Harbour Beach,2022-02-23 09:00:00,Lyttelton,0.0,0.0,0.6,0.6,0.6,0.6,incoming,medium,stony,7,urban,2,0,0,0.2,3.0,7.304994072,6.663235567,5.578015666,-0.6,2.3,278.0335983,275.3122052,263.3688354,140,-43.62545,172.737182,2,8,2,0,9,0,Onshore,Onshore,Alongshore,212.4,0.13333333333333333
1046,Diamond Harbour Beach,2022-03-09 09:00:00,Lyttelton,0.0,0.0,0.0,0.0,0.0,0.0,incoming,medium,stony,7,urban,2,0,0,0.0,0.0,5.038735728,9.148516205,9.885782051,-1.0,2.1,287.9023614,286.5069007,295.6369232,140,-43.62545,172.737182,3,10,2,0,9,0,Onshore,Onshore,Onshore,219.4,0.125
1047,Duvauchelle Bay by camping ground,2013-11-13 13:00:00,Akaroa,0.0,0.0,0.0,0.0,0.0,0.0,ebbing,shallow,muddy,3,grass,1,0,0,0.0,0.0,2.082757961,4.369099842,4.799814518,0.6,2.6,9.75726976,13.60951689,23.74586071,40,-43.754429,172.941495,11,46,2,0,13,0,Offshore,Offshore,Offshore,,0.0
1048,Duvauchelle Bay by camping ground,2013-11-26 11:00:00,Akaroa,0.0,0.0,0.4,7.4,7.4,7.4,ebbing,shallow,muddy,3,grass,1,0,0,2.0,10.0,1.571892695,1.704440487,3.018274913,0.9,2.1,191.8796534,176.8530501,172.0063395,40,-43.754429,172.941495,11,48,1,0,11,0,Onshore,Onshore,Alongshore,5.0,0.0
1049,Duvauchelle Bay by camping ground,2013-12-05 06:00:00,Akaroa,0.0,0.0,0.0,0.0,0.0,0.0,ebbing,shallow,muddy,3,grass,1,0,0,0.0,0.0,0.61084878,0.884422857,0.6922909,0.8,2.8,166.6217044,162.3059896,138.454703,40,-43.754429,172.941495,12,49,3,0,6,0,Alongshore,Alongshore,Alongshore,23.0,0.0
1050,Duvauchelle Bay by camping ground,2013-12-10 10:00:00,Akaroa,0.2,0.6,0.8,0.8,1.0,1.0,ebbing,shallow,muddy,3,grass,1,0,0,0.4,4.0,0.466852758,0.498621915,2.378997846,0.3,2.6,290.0214312,306.7619879,153.5933937,40,-43.754429,172.941495,12,50,1,0,10,0,Alongshore,Alongshore,Alongshore,29.0,0.0
1051,Duvauchelle Bay by camping ground,2013-12-17 15:00:00,Akaroa,0.0,0.6,13.6,14.0,14.0,14.0,incoming,shallow,muddy,3,grass,1,0,0,10.0,7.0,4.466863393,4.082962027,4.658417549,-0.6,2.4,233.6990556,220.078697,172.6262869,40,-43.754429,172.941495,12,51,1,0,15,0,Onshore,Onshore,Alongshore,23.0,0.0
1052,Duvauchelle Bay by camping ground,2013-12-22 09:00:00,Akaroa,0.0,9.8,20.8,23.4,23.4,23.4,ebbing,shallow,muddy,3,grass,1,0,0,4.8,14.0,3.993742291,4.29598174,3.662898955,2.2,2.3,184.1490772,195.9039554,204.3202651,40,-43.754429,172.941495,12,51,6,1,9,1,Onshore,Onshore,Onshore,19.4,0.0
1053,Duvauchelle Bay by camping ground,2014-01-07 09:00:00,Akaroa,0.0,0.0,0.0,0.0,1.6,1.6,ebbing,shallow,muddy,3,grass,1,0,0,1.0,3.0,1.316059879,1.194556796,0.557126841,0.7,2.7,144.0779799,149.5240322,123.6153032,40,-43.754429,172.941495,1,2,1,0,9,0,Alongshore,Alongshore,Alongshore,50.4,0.0
1054,Duvauchelle Bay by camping ground,2014-01-14 15:00:00,Akaroa,0.0,0.0,0.0,0.0,0.2,0.2,incoming,shallow,muddy,3,grass,1,0,0,0.2,1.0,1.947939343,4.960046257,6.919877592,-0.2,2.3,161.9460735,176.6634247,185.3723589,40,-43.754429,172.941495,1,3,1,0,15,0,Alongshore,Onshore,Onshore,43.2,0.0
1055,Duvauchelle Bay by camping ground,2014-01-21 08:00:00,Akaroa,0.4,0.4,0.4,0.4,0.4,0.4,ebbing,shallow,muddy,3,grass,1,0,0,0.2,2.0,2.602479831,3.266327749,2.729173011,1.1,2.3,48.60155436,60.26605767,60.98823726,40,-43.754429,172.941495,1,4,1,0,8,0,Offshore,Offshore,Offshore,37.0,0.0
1056,Duvauchelle Bay by camping ground,2014-01-29 15:00:00,Akaroa,0.0,0.0,0.0,0.0,0.0,17.0,ebbing,shallow,muddy,3,grass,1,0,0,0.0,0.0,3.01377829,6.155220626,5.612194543,0.6,2.6,359.2554535,359.2734416,354.6271371,40,-43.754429,172.941495,1,5,2,0,15,0,Offshore,Offshore,Alongshore,38.0,0.0
1057,Duvauchelle Bay by camping ground,2014-02-04 08:00:00,Akaroa,0.0,0.0,0.0,0.0,0.0,0.8,ebbing,shallow,muddy,3,grass,1,0,0,0.0,0.0,0.975286931,1.129639593,1.161899243,0.8,2.7,80.33609971,103.899489,114.5794253,40,-43.754429,172.941495,2,6,1,0,8,1,Offshore,Alongshore,Alongshore,38.0,0.0
1058,Duvauchelle Bay by camping ground,2014-02-11 14:00:00,Akaroa,0.0,0.0,0.0,0.0,0.0,1.8,ebbing,shallow,muddy,3,grass,1,0,0,0.0,0.0,1.586236146,3.156440858,3.889696428,0.1,2.2,288.7685262,294.91509,309.6042547,40,-43.754429,172.941495,2,7,1,0,14,0,Alongshore,Alongshore,Alongshore,7.0,0.0
1059,Duvauchelle Bay by camping ground,2014-02-18 07:00:00,Akaroa,0.0,0.0,0.0,0.0,0.0,0.0,ebbing,shallow,muddy,3,grass,1,0,0,0.0,0.0,4.9813501,4.921192563,4.48880471,1.4,2.3,2.571883036,16.99237414,16.16834737,40,-43.754429,172.941495,2,8,1,0,7,0,Offshore,Offshore,Offshore,7.0,0.0
1060,Duvauchelle Bay by camping ground,2014-02-25 13:00:00,Akaroa,0.0,0.0,0.0,0.0,4.8,20.8,ebbing,shallow,muddy,3,grass,1,0,0,1.6,5.0,0.797412078,1.021678321,1.072856538,1.3,2.4,339.0779484,11.72962542,39.67866544,40,-43.754429,172.941495,2,9,1,0,13,0,Alongshore,Offshore,Offshore,6.0,0.0
1061,Duvauchelle Bay by camping ground,2014-03-10 11:00:00,Akaroa,0.0,0.0,0.0,0.0,0.0,0.0,incoming,shallow,muddy,3,grass,1,0,0,0.0,0.0,0.754047592,1.325478439,2.766391099,-0.4,2.2,4.590019308,25.1849951,93.46299392,40,-43.754429,172.941495,3,11,0,0,11,0,Offshore,Offshore,Alongshore,5.0,0.0
1062,Duvauchelle Bay by camping ground,2014-11-19 13:00:00,Akaroa,0.0,0.0,0.0,0.0,0.0,0.0,ebbing,shallow,muddy,3,grass,1,0,0,0.0,0.0,4.274507127,5.527045835,7.305620917,0.3,2.2,251.7701804,281.3046523,296.8711157,40,-43.754429,172.941495,11,47,2,0,13,0,Onshore,Alongshore,Alongshore,,0.0
1063,Duvauchelle Bay by camping ground,2014-11-25 17:00:00,Akaroa,0.0,0.2,0.2,0.2,0.2,9.0,incoming,shallow,muddy,3,grass,1,0,0,0.2,1.0,1.834984011,2.136863169,2.761497963,-0.3,2.5,317.8375349,333.7036844,322.3251006,40,-43.754429,172.941495,11,48,1,0,17,0,Alongshore,Alongshore,Alongshore,5.0,0.0
1064,Duvauchelle Bay by camping ground,2014-12-09 07:00:00,Akaroa,0.0,0.0,0.0,0.0,0.0,0.0,ebbing,shallow,muddy,3,grass,1,0,0,0.0,0.0,1.907256393,1.605320168,1.478165383,1.2,2.6,96.44794607,96.70448991,55.33103359,40,-43.754429,172.941495,12,50,1,0,7,0,Alongshore,Alongshore,Offshore,7.5,0.0
1065,Duvauchelle Bay by camping ground,2014-12-16 11:00:00,Akaroa,0.0,0.0,0.0,0.0,0.0,0.0,ebbing,shallow,muddy,3,grass,1,0,0,0.0,0.0,0.824903375,2.059181129,4.116800467,0.4,2.1,321.8465347,342.8310283,345.8918898,40,-43.754429,172.941495,12,51,1,0,11,0,Alongshore,Alongshore,Alongshore,8.333333333333334,0.0
1066,Duvauchelle Bay by camping ground,2014-12-21 15:00:00,Akaroa,0.0,0.0,0.0,0.2,0.2,0.4,ebbing,shallow,muddy,3,grass,1,0,0,0.2,1.0,3.876948463,5.910842022,6.509927983,0.4,2.4,229.5963632,224.3935358,222.3804428,40,-43.754429,172.941495,12,51,6,1,15,1,Onshore,Onshore,Onshore,7.5,0.0
1067,Duvauchelle Bay by camping ground,2014-12-30 12:00:00,Akaroa,0.0,0.0,0.0,0.0,0.0,0.2,ebbing,shallow,muddy,3,grass,1,0,0,0.0,0.0,2.740739608,3.591108215,5.870850622,1.7,2.6,338.4890335,349.1049578,357.8944109,40,-43.754429,172.941495,12,1,1,0,12,1,Alongshore,Alongshore,Offshore,7.0,0.0
1068,Duvauchelle Bay by camping ground,2015-01-05 16:00:00,Akaroa,0.0,0.0,0.0,0.0,0.0,0.0,incoming,shallow,muddy,3,grass,1,0,0,0.0,0.0,1.68639714,1.839246241,2.921063999,-0.1,2.5,66.74410635,29.66910245,135.2828394,40,-43.754429,172.941495,1,2,0,0,16,1,Offshore,Offshore,Alongshore,7.0,0.0
1069,Duvauchelle Bay by camping ground,2015-01-13 11:00:00,Akaroa,0.0,0.0,0.0,0.0,0.0,0.0,ebbing,shallow,muddy,3,grass,1,0,0,0.0,0.0,0.12142412,1.404943853,2.348415693,1.1,2.1,287.8861753,297.0805941,155.5994425,40,-43.754429,172.941495,1,3,1,0,11,0,Alongshore,Alongshore,Alongshore,6.0,0.0
1070,Duvauchelle Bay by camping ground,2015-01-20 15:00:00,Akaroa,0.0,0.0,0.4,0.4,0.4,0.4,incoming,shallow,muddy,3,grass,1,0,0,0.4,1.0,4.530469624,5.579058277,5.559520725,-0.8,2.6,222.1731516,221.6540719,216.889812,40,-43.754429,172.941495,1,4,1,0,15,0,Onshore,Onshore,Onshore,6.0,0.0
1071,Duvauchelle Bay by camping ground,2015-01-27 11:00:00,Akaroa,0.0,0.0,0.0,0.0,0.0,0.0,ebbing,shallow,muddy,3,grass,1,0,0,0.0,0.0,0.935319424,1.713106755,3.030113571,1.6,2.6,342.0728823,8.409013108,48.15635336,40,-43.754429,172.941495,1,5,1,0,11,0,Alongshore,Offshore,Offshore,6.0,0.0
1072,Duvauchelle Bay by camping ground,2015-02-03 15:00:00,Akaroa,0.2,2.6,2.6,2.6,2.6,3.6,incoming,shallow,muddy,3,grass,1,0,0,1.4,3.0,4.285425561,5.081542899,4.839562613,-0.8,2.4,213.2805648,205.9863426,217.5942623,40,-43.754429,172.941495,2,6,1,0,15,1,Onshore,Onshore,Onshore,6.0,0.0
1073,Duvauchelle Bay by camping ground,2015-02-10 10:00:00,Akaroa,0.0,0.2,0.2,1.6,1.6,1.6,ebbing,shallow,muddy,3,grass,1,0,0,0.8,4.0,2.253567671,2.212661065,4.269805601,1.4,2.2,220.2687574,198.3073981,200.3208093,40,-43.754429,172.941495,2,7,1,0,10,0,Onshore,Onshore,Onshore,6.0,0.0
1074,Duvauchelle Bay by camping ground,2015-02-17 13:00:00,Akaroa,0.0,0.0,0.0,0.0,0.0,0.0,incoming,shallow,muddy,3,grass,1,0,0,0.0,0.0,1.255157398,3.015853822,4.783330365,-1.2,2.5,309.4611801,305.8255176,306.1160044,40,-43.754429,172.941495,2,8,1,0,13,0,Alongshore,Alongshore,Alongshore,6.0,0.0
1075,Duvauchelle Bay by camping ground,2015-02-24 10:00:00,Akaroa,0.0,0.0,0.0,1.6,1.8,1.8,ebbing,shallow,muddy,3,grass,1,0,0,1.6,2.0,4.229234852,3.736163882,4.605854701,2.3,2.6,12.71425972,27.42674759,32.05099946,40,-43.754429,172.941495,2,9,1,0,10,0,Offshore,Offshore,Offshore,5.0,0.0
1076,Duvauchelle Bay by camping ground,2015-03-03 13:00:00,Akaroa,0.0,0.0,0.6,0.6,0.6,0.6,incoming,shallow,muddy,3,grass,1,0,0,0.6,1.0,0.645621529,2.563627319,3.427480619,-1.2,2.3,305.5101673,309.6260384,295.682293,40,-43.754429,172.941495,3,10,1,0,13,0,Alongshore,Alongshore,Alongshore,5.0,0.0
1077,Duvauchelle Bay by camping ground,2015-11-18 11:00:00,Akaroa,0.0,0.0,2.8,2.8,2.8,2.8,ebbing,shallow,muddy,3,grass,1,0,0,1.4,3.0,6.568209399,11.17305201,12.1654085,2.9,2.5,228.021919,222.6415071,217.175837,40,-43.754429,172.941495,11,47,2,0,11,0,Onshore,Onshore,Onshore,,0.0
1078,Duvauchelle Bay by camping ground,2015-11-24 12:00:00,Akaroa,0.0,0.0,0.0,0.0,0.0,0.2,incoming,shallow,muddy,3,grass,1,0,0,0.0,0.0,6.10848604,7.195483976,7.000125678,-1.8,2.7,1.891849723,2.886656872,1.694661583,40,-43.754429,172.941495,11,48,1,0,12,0,Offshore,Offshore,Offshore,5.0,0.0
1079,Duvauchelle Bay by camping ground,2015-12-01 08:00:00,Akaroa,0.0,0.0,0.0,0.0,0.2,0.2,incoming,shallow,muddy,3,grass,1,0,0,0.2,1.0,1.763533346,0.593024181,0.692173223,-0.1,2.6,8.812067689,53.42530863,21.61499627,40,-43.754429,172.941495,12,49,1,0,8,0,Offshore,Offshore,Offshore,5.0,0.0
1080,Duvauchelle Bay by camping ground,2015-12-08 13:00:00,Akaroa,0.0,0.0,0.0,1.0,1.0,3.6,incoming,shallow,muddy,3,grass,1,0,0,1.0,1.0,1.771761471,4.230651337,6.295920029,-0.8,2.1,239.3546866,244.6482014,226.7710971,40,-43.754429,172.941495,12,50,1,0,13,0,Onshore,Onshore,Onshore,5.0,0.0
1081,Duvauchelle Bay by camping ground,2015-12-15 06:00:00,Akaroa,0.0,0.0,0.0,0.0,12.6,12.6,incoming,shallow,muddy,3,grass,1,0,0,5.4,5.0,0.530641847,0.773750733,0.43657283,0.0,2.5,328.2401186,109.4214658,58.05262954,40,-43.754429,172.941495,12,51,1,0,6,0,Alongshore,Alongshore,Offshore,5.0,0.0
1082,Duvauchelle Bay by camping ground,2015-12-22 11:00:00,Akaroa,0.0,0.2,0.2,0.2,0.2,0.2,incoming,shallow,muddy,3,grass,1,0,0,0.2,1.0,3.077401269,6.088387787,6.669593388,-1.7,2.6,143.7274233,142.5581248,118.4978933,40,-43.754429,172.941495,12,52,1,0,11,1,Alongshore,Alongshore,Alongshore,5.0,0.0
1083,Duvauchelle Bay by camping ground,2015-12-29 07:00:00,Akaroa,0.0,0.0,0.0,0.0,0.0,0.0,ebbing,shallow,muddy,3,grass,1,0,0,0.0,0.0,1.372604197,1.383771828,1.324569001,0.2,2.6,170.0,151.606103,78.62594101,40,-43.754429,172.941495,12,53,1,0,7,1,Alongshore,Alongshore,Offshore,5.0,0.0
1084,Duvauchelle Bay by camping ground,2016-01-06 11:00:00,Akaroa,0.0,0.0,0.0,0.0,0.0,23.0,incoming,shallow,muddy,3,grass,1,0,0,0.0,0.0,1.354601346,2.347849631,4.345902573,-2.2,2.1,8.218238087,18.59420134,47.89534617,40,-43.754429,172.941495,1,1,2,0,11,0,Offshore,Offshore,Offshore,5.0,0.0
1085,Duvauchelle Bay by camping ground,2016-01-12 06:00:00,Akaroa,0.0,0.0,0.0,0.0,0.0,0.0,ebbing,shallow,muddy,3,grass,1,0,0,0.0,0.0,1.509741261,1.216985226,1.238942978,0.8,2.6,175.4277373,157.4703652,57.22728439,40,-43.754429,172.941495,1,2,1,0,6,0,Onshore,Alongshore,Offshore,5.0,0.0
1086,Duvauchelle Bay by camping ground,2016-01-19 10:00:00,Akaroa,1.0,2.2,5.4,5.8,7.8,7.8,incoming,shallow,muddy,3,grass,1,0,0,1.8,10.0,0.643826814,1.069923775,1.5876852,-1.5,2.6,339.9961728,1.66790275,45.80730255,40,-43.754429,172.941495,1,3,1,0,10,0,Alongshore,Offshore,Offshore,5.0,0.0
1087,Duvauchelle Bay by camping ground,2016-01-26 06:00:00,Akaroa,0.2,0.2,0.2,0.2,0.2,0.2,ebbing,shallow,muddy,3,grass,1,0,0,0.2,1.0,1.977404032,2.22606711,2.277021959,0.4,2.6,81.81815738,32.53695071,44.18414222,40,-43.754429,172.941495,1,4,1,0,6,0,Offshore,Offshore,Offshore,14.4,0.0
1088,Duvauchelle Bay by camping ground,2016-02-01 09:00:00,Akaroa,0.0,0.0,0.0,0.0,0.0,0.0,incoming,shallow,muddy,3,grass,1,0,0,0.0,0.0,0.774639957,0.654825052,0.476059814,-0.7,2.1,171.5684969,134.9047353,95.01636487,40,-43.754429,172.941495,2,5,0,0,9,1,Alongshore,Alongshore,Alongshore,14.4,0.0
1089,Duvauchelle Bay by camping ground,2016-02-10 06:00:00,Akaroa,0.0,0.0,0.0,0.0,0.0,0.0,ebbing,shallow,muddy,3,grass,1,0,0,0.0,0.0,1.476688681,1.32035847,0.652586911,1.8,2.7,118.2710882,100.133607,177.429742,40,-43.754429,172.941495,2,6,2,0,6,0,Alongshore,Alongshore,Onshore,14.4,0.0
1090,Duvauchelle Bay by camping ground,2016-02-16 09:00:00,Akaroa,0.0,0.0,0.0,0.0,0.0,0.0,incoming,shallow,muddy,3,grass,1,0,0,0.0,0.0,0.763816736,1.286202948,1.257870232,-1.1,2.6,210.3425694,196.5633322,198.3167832,40,-43.754429,172.941495,2,7,1,0,9,0,Onshore,Onshore,Onshore,15.4,0.0
1091,Duvauchelle Bay by camping ground,2016-02-23 14:00:00,Akaroa,0.0,0.0,0.0,0.0,0.0,0.0,incoming,shallow,muddy,3,grass,1,0,0,0.0,0.0,1.310658968,2.905358715,3.663635191,-2.3,2.5,279.3558747,282.1192961,264.1880124,40,-43.754429,172.941495,2,8,1,0,14,0,Alongshore,Alongshore,Onshore,16.4,0.0
1092,Duvauchelle Bay by camping ground,2016-11-22 11:00:00,Akaroa,0.0,0.0,0.0,0.0,0.0,0.0,ebbing,shallow,muddy,3,grass,1,0,0,0.0,0.0,0.524164756,1.424933994,2.876353387,1.2,2.5,325.9461407,332.9344259,34.79907264,40,-43.754429,172.941495,11,47,1,0,11,0,Alongshore,Alongshore,Offshore,,0.0
1093,Duvauchelle Bay by camping ground,2016-11-29 14:00:00,Akaroa,0.0,0.0,0.0,0.0,1.2,1.2,incoming,shallow,muddy,3,grass,1,0,0,0.8,3.0,3.611339281,7.250906351,8.154789619,-1.5,2.3,324.4462738,337.2456814,353.1243183,40,-43.754429,172.941495,11,48,1,0,14,0,Alongshore,Alongshore,Alongshore,5.0,0.0
1094,Duvauchelle Bay by camping ground,2016-12-06 08:00:00,Akaroa,0.0,0.0,0.0,0.0,0.0,0.0,incoming,shallow,muddy,3,grass,1,0,0,0.0,0.0,1.48280341,1.680757975,1.606699085,-1.0,2.4,116.0712008,119.7429394,80.32567912,40,-43.754429,172.941495,12,49,1,0,8,0,Alongshore,Alongshore,Offshore,5.0,0.0
1095,Duvauchelle Bay by camping ground,2016-12-13 15:00:00,Akaroa,0.0,0.0,0.0,0.0,17.2,43.0,incoming,shallow,muddy,3,grass,1,0,0,3.8,13.0,1.252961817,2.875278888,4.429156287,-0.2,2.7,24.13303194,351.3458368,328.8597935,40,-43.754429,172.941495,12,50,1,0,15,0,Offshore,Alongshore,Alongshore,5.0,0.0
1096,Duvauchelle Bay by camping ground,2016-12-20 09:00:00,Akaroa,0.0,0.0,0.0,0.0,0.0,0.0,incoming,shallow,muddy,3,grass,1,0,0,0.0,0.0,0.834836349,0.437695999,1.39739972,-0.1,2.5,317.1170474,180.4495657,164.4266055,40,-43.754429,172.941495,12,51,1,0,9,1,Alongshore,Onshore,Alongshore,5.0,0.0
1097,Duvauchelle Bay by camping ground,2016-12-28 13:00:00,Akaroa,0.0,0.0,0.0,0.0,0.0,0.0,incoming,shallow,muddy,3,grass,1,0,0,0.0,0.0,2.597387711,4.30645084,4.940016787,-2.3,2.2,124.5640535,125.8776578,133.192956,40,-43.754429,172.941495,12,52,2,0,13,1,Alongshore,Alongshore,Alongshore,5.0,0.0
1098,Duvauchelle Bay by camping ground,2017-01-05 09:00:00,Akaroa,0.8,1.0,1.2,13.2,16.4,17.0,incoming,shallow,muddy,3,grass,1,0,0,3.8,14.0,13.90954655,12.45154191,10.49508677,-0.3,2.4,225.7173413,226.8916426,228.8753019,40,-43.754429,172.941495,1,1,3,0,9,1,Onshore,Onshore,Onshore,5.0,0.0
1099,Duvauchelle Bay by camping ground,2017-01-10 14:00:00,Akaroa,0.0,0.0,0.0,0.0,0.0,4.6,ebbing,shallow,muddy,3,grass,1,0,0,0.0,0.0,2.207398767,1.096226237,1.692364761,0.1,2.6,12.09770446,241.7302173,220.2654422,40,-43.754429,172.941495,1,2,1,0,14,0,Offshore,Onshore,Onshore,8.0,0.0
1100,Duvauchelle Bay by camping ground,2017-01-17 08:00:00,Akaroa,0.0,0.0,0.0,0.0,0.0,0.0,ebbing,shallow,muddy,3,grass,1,0,0,0.0,0.0,3.012699256,2.317708913,1.882737595,0.6,2.6,53.96102869,68.22741688,47.43463846,40,-43.754429,172.941495,1,3,1,0,8,0,Offshore,Offshore,Offshore,8.0,0.0
1101,Duvauchelle Bay by camping ground,2017-01-23 13:00:00,Akaroa,0.0,0.0,2.0,43.6,64.0,64.0,ebbing,shallow,muddy,3,grass,1,0,0,7.6,30.0,14.8489257,12.18141246,9.563491945,0.4,2.1,231.2333905,231.4965902,233.2960453,40,-43.754429,172.941495,1,4,0,0,13,0,Onshore,Onshore,Onshore,8.0,0.0
1102,Duvauchelle Bay by camping ground,2017-01-31 07:00:00,Akaroa,0.0,0.0,0.0,0.0,0.0,0.0,ebbing,shallow,muddy,3,grass,1,0,0,0.0,0.0,2.00271578,3.129022141,3.067596091,1.5,2.5,113.4773866,112.0110919,96.86026864,40,-43.754429,172.941495,1,5,1,0,7,1,Alongshore,Alongshore,Alongshore,21.6,0.0
1103,Duvauchelle Bay by camping ground,2017-02-08 14:00:00,Akaroa,0.0,0.0,0.6,0.6,1.6,1.6,ebbing,shallow,muddy,3,grass,1,0,0,0.8,3.0,3.917674557,5.42309275,6.2,0.9,2.6,230.0,224.3906495,211.1301354,40,-43.754429,172.941495,2,6,2,0,14,1,Onshore,Onshore,Onshore,21.6,0.0
1104,Duvauchelle Bay by camping ground,2017-02-14 17:00:00,Akaroa,0.0,0.0,0.0,0.0,0.0,0.0,incoming,shallow,muddy,3,grass,1,0,0,0.0,0.0,4.671702143,3.423889803,3.082222593,-1.8,2.5,332.6036234,274.7440226,269.9303695,40,-43.754429,172.941495,2,7,1,0,17,0,Alongshore,Alongshore,Alongshore,18.6,0.0
1105,Duvauchelle Bay by camping ground,2017-02-21 14:00:00,Akaroa,0.0,0.0,0.0,0.0,0.0,2.0,ebbing,shallow,muddy,3,grass,1,0,0,0.0,0.0,1.587646371,3.160378957,4.242865234,2.1,2.1,340.0618913,331.6275422,354.2502055,40,-43.754429,172.941495,2,8,1,0,14,0,Alongshore,Alongshore,Alongshore,18.6,0.0
1106,Duvauchelle Bay by camping ground,2017-03-06 10:00:00,Akaroa,0.0,0.0,0.0,0.0,0.0,0.0,incoming,shallow,muddy,3,grass,1,0,0,0.0,0.0,0.607142303,0.367977097,0.753197368,-0.3,2.5,312.0841137,199.3980971,110.0325199,40,-43.754429,172.941495,3,10,0,0,10,0,Alongshore,Onshore,Alongshore,18.6,0.0
1107,Duvauchelle Bay by camping ground,2017-11-14 11:00:00,Akaroa,0.0,0.0,0.0,0.0,0.0,1.2,incoming,shallow,muddy,3,grass,1,0,0,0.0,0.0,0.747763122,1.835180935,3.352877678,-1.2,2.5,290.1994966,292.9647421,300.5025404,40,-43.754429,172.941495,11,46,1,0,11,0,Alongshore,Alongshore,Alongshore,,0.0
1108,Duvauchelle Bay by camping ground,2017-11-29 12:00:00,Akaroa,0.0,0.0,0.0,0.0,0.0,0.0,ebbing,shallow,muddy,3,grass,1,0,0,0.0,0.0,0.243392912,1.618623981,2.741393091,0.3,2.3,284.0561385,296.9319428,344.4389894,40,-43.754429,172.941495,11,48,2,0,12,0,Alongshore,Alongshore,Alongshore,5.0,0.0
1109,Duvauchelle Bay by camping ground,2017-12-06 06:00:00,Akaroa,0.0,0.0,0.0,0.0,0.0,0.0,ebbing,shallow,muddy,3,grass,1,0,0,0.0,0.0,0.815216304,0.618055559,0.688777311,1.0,2.8,144.4464978,146.3088289,217.4168954,40,-43.754429,172.941495,12,49,2,0,6,0,Alongshore,Alongshore,Onshore,5.0,0.0
1110,Duvauchelle Bay by camping ground,2017-12-13 13:00:00,Akaroa,0.0,0.0,0.0,0.0,1.0,1.0,ebbing,shallow,muddy,3,grass,1,0,0,0.6,2.0,2.831640087,4.004365714,4.997982459,0.4,2.5,84.48015875,77.52733935,69.52193554,40,-43.754429,172.941495,12,50,2,0,13,0,Offshore,Offshore,Offshore,5.0,0.0
1111,Duvauchelle Bay by camping ground,2017-12-21 07:00:00,Akaroa,0.0,0.0,0.0,0.0,0.0,0.0,ebbing,shallow,muddy,3,grass,1,0,0,0.0,0.0,1.223997372,1.387393875,1.523314579,1.0,2.3,65.12001954,86.45899395,91.64302549,40,-43.754429,172.941495,12,51,3,0,7,1,Offshore,Alongshore,Alongshore,5.0,0.0
1112,Duvauchelle Bay by camping ground,2017-12-27 08:00:00,Akaroa,0.0,0.2,0.4,1.2,7.8,7.8,incoming,shallow,muddy,3,grass,1,0,0,2.2,10.0,3.800213748,4.558350192,5.048435915,-2.2,2.3,202.1650646,198.5522932,195.9041632,40,-43.754429,172.941495,12,52,2,0,8,1,Onshore,Onshore,Onshore,8.0,0.0
1113,Duvauchelle Bay by camping ground,2018-01-10 11:00:00,Akaroa,1.6,3.2,3.2,3.2,3.2,3.4,incoming,shallow,muddy,3,grass,1,0,0,1.0,5.0,1.564265927,3.091570821,4.50371225,-0.2,2.4,216.7936373,208.1582121,194.0277073,40,-43.754429,172.941495,1,2,2,0,11,0,Onshore,Onshore,Onshore,8.0,0.0
1114,Duvauchelle Bay by camping ground,2018-01-15 13:00:00,Akaroa,0.0,0.0,0.0,0.0,0.0,0.0,incoming,shallow,muddy,3,grass,1,0,0,0.0,0.0,1.72239606,4.090115096,5.090577681,-1.6,2.2,347.0697093,341.4627355,348.3276067,40,-43.754429,172.941495,1,3,0,0,13,0,Alongshore,Alongshore,Alongshore,38.2,0.0
1115,Duvauchelle Bay by camping ground,2018-01-24 09:00:00,Akaroa,0.0,0.0,0.0,0.0,0.0,0.0,incoming,shallow,muddy,3,grass,1,0,0,0.0,0.0,0.616666626,0.539846273,0.864559226,-0.3,2.3,244.6291852,12.91266235,105.6483481,40,-43.754429,172.941495,1,4,2,0,9,0,Onshore,Offshore,Alongshore,38.2,0.0
1116,Duvauchelle Bay by camping ground,2018-01-29 13:00:00,Akaroa,0.0,0.0,0.0,0.0,0.0,0.0,incoming,shallow,muddy,3,grass,1,0,0,0.0,0.0,2.213824999,4.459782387,5.47254289,-0.6,2.5,358.3827828,352.9181692,6.210991875,40,-43.754429,172.941495,1,5,0,0,13,0,Offshore,Alongshore,Offshore,38.2,0.0
1117,Duvauchelle Bay by camping ground,2018-02-09 11:00:00,Akaroa,0.0,0.0,0.0,0.0,0.0,0.0,incoming,shallow,muddy,3,grass,1,0,0,0.0,0.0,2.396408976,2.593471637,4.030397501,-0.7,2.3,15.99154999,35.73319077,52.81246035,40,-43.754429,172.941495,2,6,4,0,11,1,Offshore,Offshore,Offshore,35.2,0.0
1118,Duvauchelle Bay by camping ground,2018-02-14 14:00:00,Akaroa,0.0,0.0,0.0,0.0,0.0,0.2,incoming,shallow,muddy,3,grass,1,0,0,0.0,0.0,1.088526526,3.603313395,4.803335976,-1.4,2.2,260.8717611,264.846688,257.8217597,40,-43.754429,172.941495,2,7,2,0,14,0,Onshore,Onshore,Onshore,35.2,0.0
1119,Duvauchelle Bay by camping ground,2018-02-23 10:00:00,Akaroa,0.0,0.0,0.0,0.0,14.8,177.6,incoming,shallow,muddy,3,grass,1,0,0,3.4,15.0,0.534676466,0.811601219,1.297861286,-0.1,2.4,273.4533393,238.7579662,217.3557815,40,-43.754429,172.941495,2,8,4,0,10,0,Alongshore,Onshore,Onshore,6.0,0.0
1120,Duvauchelle Bay by camping ground,2018-03-09 11:00:00,Akaroa,2.6,2.6,2.6,2.6,2.6,6.2,ebbing,shallow,muddy,3,grass,1,0,0,1.4,2.0,2.353798261,3.735214519,6.210464041,1.3,2.3,170.4648351,173.2098876,175.1945392,40,-43.754429,172.941495,3,10,4,0,11,0,Alongshore,Alongshore,Onshore,9.0,0.0
1121,Duvauchelle Bay by camping ground,2018-03-21 07:00:00,Akaroa,0.0,0.0,0.0,0.0,0.0,0.0,ebbing,shallow,muddy,3,grass,1,0,0,0.0,0.0,0.621657987,0.33821037,1.1679337,0.9,2.5,194.7556288,159.9170304,98.33760393,40,-43.754429,172.941495,3,12,2,0,7,0,Onshore,Alongshore,Alongshore,9.0,0.0
1122,Duvauchelle Bay by camping ground,2018-11-14 09:00:00,Akaroa,0.0,0.0,0.0,0.0,0.0,0.0,ebbing,shallow,muddy,3,grass,1,0,0,0.0,0.0,0.316944447,0.209766581,1.178901105,0.5,2.3,241.0289556,143.6338116,100.590452,40,-43.754429,172.941495,11,46,2,0,9,0,Onshore,Alongshore,Alongshore,,0.0
1123,Duvauchelle Bay by camping ground,2018-11-19 13:00:00,Akaroa,0.0,0.0,0.4,27.6,28.0,28.6,incoming,shallow,muddy,3,grass,1,0,0,11.4,11.0,1.795845247,3.613995571,6.62996602,0.0,2.2,232.1186806,245.2177008,223.7414554,40,-43.754429,172.941495,11,47,0,0,13,0,Onshore,Onshore,Onshore,5.0,0.0
1124,Duvauchelle Bay by camping ground,2018-11-29 10:00:00,Akaroa,0.0,0.0,0.0,0.2,21.6,23.0,ebbing,shallow,muddy,3,grass,1,0,0,4.0,20.0,1.200284311,1.417488887,2.761075538,0.9,2.7,47.58993478,48.28649816,69.60033523,40,-43.754429,172.941495,11,48,3,0,10,0,Offshore,Offshore,Offshore,12.5,0.0
1125,Duvauchelle Bay by camping ground,2018-12-03 12:00:00,Akaroa,0.6,1.4,2.4,2.8,4.8,5.4,incoming,shallow,muddy,3,grass,1,0,0,0.6,19.0,4.709608089,5.183743878,5.071153071,0.0,2.6,42.00980755,41.01507406,38.73429867,40,-43.754429,172.941495,12,49,0,0,12,0,Offshore,Offshore,Offshore,10.0,0.0
1126,Duvauchelle Bay by camping ground,2018-12-11 08:00:00,Akaroa,0.0,0.0,0.0,0.0,0.0,0.0,ebbing,shallow,muddy,3,grass,1,0,0,0.0,0.0,1.725245219,1.783435621,2.542398939,1.2,2.4,37.52011283,56.40263323,51.73360471,40,-43.754429,172.941495,12,50,1,0,8,0,Offshore,Offshore,Offshore,20.5,0.0
1127,Duvauchelle Bay by camping ground,2018-12-17 11:00:00,Akaroa,0.0,0.0,0.0,0.0,0.0,0.0,ebbing,shallow,muddy,3,grass,1,0,0,0.0,0.0,0.989382831,1.322039939,3.040493656,0.2,2.1,297.6688337,295.7727583,348.7539315,40,-43.754429,172.941495,12,51,0,0,11,0,Alongshore,Alongshore,Alongshore,17.4,0.0
1128,Duvauchelle Bay by camping ground,2018-12-28 09:00:00,Akaroa,0.0,0.0,0.0,0.0,0.0,0.0,ebbing,shallow,muddy,3,grass,1,0,0,0.0,0.0,1.320384237,2.185536697,3.159770192,0.4,2.7,45.78348785,56.42401065,73.15423108,40,-43.754429,172.941495,12,52,4,0,9,1,Offshore,Offshore,Offshore,17.4,0.0
1129,Duvauchelle Bay by camping ground,2019-01-09 07:00:00,Akaroa,0.0,0.0,0.0,0.0,0.0,5.4,ebbing,shallow,muddy,3,grass,1,0,0,0.0,0.0,3.325904594,4.296182873,4.996173907,1.0,2.3,40.78021402,44.3756563,46.41772352,40,-43.754429,172.941495,1,2,2,0,7,0,Offshore,Offshore,Offshore,17.4,0.0
1130,Duvauchelle Bay by camping ground,2019-01-14 11:00:00,Akaroa,12.0,33.0,33.4,33.6,33.6,33.6,ebbing,shallow,muddy,3,grass,1,0,0,14.6,9.0,8.75281409,8.648012138,8.414770023,1.0,2.2,208.1849654,220.055382,223.9710462,40,-43.754429,172.941495,1,3,0,0,11,0,Onshore,Onshore,Onshore,17.4,0.0
1131,Duvauchelle Bay by camping ground,2019-01-16 11:00:00,Akaroa,0.0,0.0,0.0,0.0,0.0,33.6,incoming,shallow,muddy,3,grass,1,0,0,0.0,0.0,1.097084926,1.961583656,3.363641452,-0.3,2.2,354.7625366,347.6799942,357.0882471,40,-43.754429,172.941495,1,3,2,0,11,0,Alongshore,Alongshore,Offshore,551.0,0.1
1132,Duvauchelle Bay by camping ground,2019-01-25 07:00:00,Akaroa,0.0,0.0,0.0,0.0,9.4,9.6,ebbing,shallow,muddy,3,grass,1,0,0,3.8,4.0,1.422488561,1.062892831,0.798024593,0.5,2.8,93.66890844,106.5861584,85.73899136,40,-43.754429,172.941495,1,4,4,0,7,0,Alongshore,Alongshore,Alongshore,552.0,0.09090909090909091
1133,Duvauchelle Bay by camping ground,2019-01-30 10:00:00,Akaroa,0.0,0.0,0.0,0.0,0.0,0.0,incoming,shallow,muddy,3,grass,1,0,0,0.0,0.0,0.41476583,0.390438594,1.59323785,-1.3,2.4,319.5277829,344.9616438,157.0585513,40,-43.754429,172.941495,1,5,2,0,10,0,Alongshore,Alongshore,Alongshore,552.0,0.08333333333333333
1134,Duvauchelle Bay by camping ground,2019-02-08 07:00:00,Akaroa,0.0,0.0,0.0,0.0,0.0,0.0,ebbing,shallow,muddy,3,grass,1,0,0,0.0,0.0,3.33275142,3.120576988,3.159507289,0.6,2.3,35.58772891,39.34670031,44.1211562,40,-43.754429,172.941495,2,6,4,0,7,1,Offshore,Offshore,Offshore,549.0,0.07692307692307693
1135,Duvauchelle Bay by camping ground,2019-02-13 10:00:00,Akaroa,0.0,0.0,0.0,0.0,0.0,0.0,incoming,shallow,muddy,3,grass,1,0,0,0.0,0.0,0.573530231,0.846685219,2.329621148,-0.1,2.2,298.5133607,292.2989962,343.046239,40,-43.754429,172.941495,2,7,2,0,10,0,Alongshore,Alongshore,Alongshore,549.0,0.07142857142857142
1136,Duvauchelle Bay by camping ground,2019-02-18 13:00:00,Akaroa,0.0,0.0,0.0,0.0,0.0,0.8,incoming,shallow,muddy,3,grass,1,0,0,0.0,0.0,0.607935843,2.209091315,3.424968629,-2.0,2.6,297.2020754,290.7174213,265.8056392,40,-43.754429,172.941495,2,8,0,0,13,0,Alongshore,Alongshore,Alongshore,6.0,0.06666666666666667
1137,Duvauchelle Bay by camping ground,2019-02-25 09:00:00,Akaroa,0.2,0.2,2.0,22.2,22.2,22.2,ebbing,shallow,muddy,3,grass,1,0,0,6.8,12.0,4.581247236,4.217029405,4.141152021,0.8,2.6,176.9266242,177.9660224,176.6897349,40,-43.754429,172.941495,2,9,0,0,9,0,Onshore,Onshore,Onshore,5.0,0.0625
1138,Duvauchelle Bay by camping ground,2019-11-18 08:00:00,Akaroa,0.0,0.0,0.0,0.0,0.0,0.0,incoming,shallow,muddy,3,grass,1,0,0,0.0,0.0,2.01073276,3.01090164,3.289320012,-0.4,2.5,311.1705911,341.722368,26.57668663,40,-43.754429,172.941495,11,47,0,0,8,0,Alongshore,Alongshore,Offshore,,0.0
1139,Duvauchelle Bay by camping ground,2019-12-05 10:00:00,Akaroa,0.0,0.0,0.0,0.0,0.0,0.0,incoming,shallow,muddy,3,grass,1,0,0,0.0,0.0,2.17222331,1.139212709,3.994742329,-0.9,2.2,6.35866708,18.64839426,4.613879878,40,-43.754429,172.941495,12,49,3,0,10,0,Offshore,Offshore,Offshore,5.0,0.0
1140,Duvauchelle Bay by camping ground,2019-12-11 13:00:00,Akaroa,0.0,0.0,0.0,0.0,0.0,1.6,incoming,shallow,muddy,3,grass,1,0,0,0.0,0.0,0.942133452,3.230263789,4.720458546,-1.9,2.3,265.6590367,277.0458706,273.3462029,40,-43.754429,172.941495,12,50,2,0,13,0,Alongshore,Alongshore,Alongshore,5.0,0.0
1141,Duvauchelle Bay by camping ground,2019-12-18 11:00:00,Akaroa,0.2,5.2,26.2,39.8,46.4,46.4,ebbing,shallow,muddy,3,grass,1,0,0,5.2,24.0,10.9838788,11.98493846,13.81085952,2.0,2.6,227.4011866,222.3364621,223.5087151,40,-43.754429,172.941495,12,51,2,0,11,0,Onshore,Onshore,Onshore,5.0,0.0
1142,Duvauchelle Bay by camping ground,2019-12-20 10:00:00,Akaroa,0.0,0.0,0.0,0.0,0.0,39.8,incoming,shallow,muddy,3,grass,1,0,0,0.0,0.0,9.012768283,10.88798636,11.40720842,-0.3,2.6,275.5496164,296.0050606,316.8535212,40,-43.754429,172.941495,12,51,4,0,10,1,Alongshore,Alongshore,Alongshore,82.25,0.2
1143,Duvauchelle Bay by camping ground,2020-01-03 09:00:00,Akaroa,0.0,0.0,0.0,0.0,0.0,0.0,incoming,shallow,muddy,3,grass,1,0,0,0.0,0.0,0.42644896,0.937959705,2.013384464,-0.8,2.1,206.9641764,198.8324785,143.6960295,40,-43.754429,172.941495,1,1,4,0,9,1,Onshore,Onshore,Alongshore,67.8,0.16666666666666666
1144,Duvauchelle Bay by camping ground,2020-01-08 14:00:00,Akaroa,0.0,0.0,0.0,0.0,2.0,2.0,ebbing,shallow,muddy,3,grass,1,0,0,0.8,4.0,2.52538749,3.416390768,3.765285551,0.1,2.2,249.5399854,255.681173,240.4310034,40,-43.754429,172.941495,1,2,2,0,14,0,Onshore,Onshore,Onshore,67.8,0.14285714285714285
1145,Duvauchelle Bay by camping ground,2020-01-16 10:00:00,Akaroa,0.0,0.0,0.0,0.0,0.0,0.2,ebbing,shallow,muddy,3,grass,1,0,0,0.0,0.0,0.249847142,1.064142995,2.521154736,1.8,2.6,18.07493883,20.85135754,6.070993153,40,-43.754429,172.941495,1,3,3,0,10,0,Offshore,Offshore,Offshore,67.8,0.125
1146,Duvauchelle Bay by camping ground,2020-01-22 12:00:00,Akaroa,0.0,0.0,0.0,0.0,0.0,0.0,incoming,shallow,muddy,3,grass,1,0,0,0.0,0.0,1.556818471,2.526451428,3.434381543,-2.0,2.5,292.3925973,316.2047452,349.9853304,40,-43.754429,172.941495,1,4,2,0,12,0,Alongshore,Alongshore,Alongshore,67.8,0.1111111111111111
1147,Duvauchelle Bay by camping ground,2020-01-30 08:00:00,Akaroa,0.0,0.0,0.0,0.0,0.0,0.0,ebbing,shallow,muddy,3,grass,1,0,0,0.0,0.0,3.573835326,1.802368441,0.802019332,0.6,2.2,126.4727176,202.2168067,227.3939148,40,-43.754429,172.941495,1,5,3,0,8,0,Alongshore,Onshore,Onshore,6.0,0.1
1148,Duvauchelle Bay by camping ground,2020-02-04 12:00:00,Akaroa,0.0,0.0,0.0,0.0,0.0,0.2,incoming,shallow,muddy,3,grass,1,0,0,0.0,0.0,5.271813977,7.438389856,8.252996509,-0.1,2.1,12.6489764,13.79968999,15.87553596,40,-43.754429,172.941495,2,6,1,0,12,1,Offshore,Offshore,Offshore,5.0,0.09090909090909091
1149,Duvauchelle Bay by camping ground,2020-02-12 07:00:00,Akaroa,0.0,0.0,0.0,0.0,0.0,0.0,ebbing,shallow,muddy,3,grass,1,0,0,0.0,0.0,1.003374324,1.026415845,1.28533776,1.0,2.7,89.74237521,101.9446883,209.068818,40,-43.754429,172.941495,2,7,2,0,7,0,Alongshore,Alongshore,Onshore,6.0,0.08333333333333333
1150,Duvauchelle Bay by camping ground,2020-02-20 11:00:00,Akaroa,0.0,0.0,0.0,0.0,0.0,0.0,incoming,shallow,muddy,3,grass,1,0,0,0.0,0.0,0.773115769,1.070440559,3.304593269,-2.2,2.4,34.19935119,59.42516715,108.3904472,40,-43.754429,172.941495,2,8,3,0,11,0,Offshore,Offshore,Alongshore,6.0,0.07692307692307693
1151,Duvauchelle Bay by camping ground,2020-02-28 09:00:00,Akaroa,0.0,0.0,0.0,0.0,0.0,0.0,ebbing,shallow,muddy,3,grass,1,0,0,0.0,0.0,1.533002642,0.82841108,1.038992723,2.3,2.2,62.58954001,106.3808061,90.26431136,40,-43.754429,172.941495,2,9,4,0,9,0,Offshore,Alongshore,Alongshore,6.0,0.07142857142857142
1152,Duvauchelle Bay by camping ground,2020-03-04 11:00:00,Akaroa,0.0,0.4,1.2,1.8,1.8,1.8,incoming,shallow,muddy,3,grass,1,0,0,0.4,6.0,5.28396432,5.029492183,5.03772435,-0.2,2.1,208.4227226,200.960208,206.0145027,40,-43.754429,172.941495,3,10,2,0,11,0,Onshore,Onshore,Onshore,6.0,0.06666666666666667
1153,Duvauchelle Bay by camping ground,2020-03-17 10:00:00,Akaroa,0.0,0.0,0.0,0.0,0.0,0.0,incoming,shallow,muddy,3,grass,1,0,0,0.0,0.0,4.626523585,4.174710389,4.299703523,-0.1,2.5,208.2137234,199.5979819,203.8379119,40,-43.754429,172.941495,3,12,1,0,10,0,Onshore,Onshore,Onshore,6.0,0.0625
1154,Duvauchelle Bay by camping ground,2020-11-10 12:00:00,Akaroa,0.0,0.0,0.0,0.0,0.6,73.8,ebbing,shallow,muddy,3,grass,1,0,0,0.4,2.0,0.872064026,0.467013229,1.685337443,0.5,2.4,117.2397771,72.56290297,88.16004664,40,-43.754429,172.941495,11,46,1,0,12,0,Alongshore,Offshore,Alongshore,,0.0
1155,Duvauchelle Bay by camping ground,2020-11-23 11:00:00,Akaroa,0.0,0.0,0.0,0.2,13.6,13.6,ebbing,shallow,muddy,3,grass,1,0,0,4.4,9.0,1.67310261,1.550945589,3.740058024,0.2,2.4,251.5712691,264.1886209,227.1038681,40,-43.754429,172.941495,11,48,0,0,11,0,Onshore,Onshore,Onshore,10.0,0.0
1156,Duvauchelle Bay by camping ground,2020-12-03 07:00:00,Akaroa,0.0,0.0,0.0,0.0,0.0,4.4,ebbing,shallow,muddy,3,grass,1,0,0,0.0,0.0,1.470818442,2.960560717,5.682262441,1.6,2.4,251.9867089,248.7345947,304.7437373,40,-43.754429,172.941495,12,49,3,0,7,0,Onshore,Onshore,Alongshore,7.5,0.0
1157,Duvauchelle Bay by camping ground,2020-12-10 12:00:00,Akaroa,0.0,0.0,0.0,0.0,0.0,0.0,incoming,shallow,muddy,3,grass,1,0,0,0.0,0.0,1.541333217,3.224988453,5.737734862,-0.1,2.5,227.8404433,243.5056957,225.6171501,40,-43.754429,172.941495,12,50,3,0,12,0,Onshore,Onshore,Onshore,15.0,0.0
1158,Duvauchelle Bay by camping ground,2020-12-17 07:00:00,Akaroa,0.0,0.0,0.0,0.0,0.0,0.0,ebbing,shallow,muddy,3,grass,1,0,0,0.0,0.0,1.177173362,0.6959127,0.184733275,0.9,2.8,123.6577892,62.75758039,57.17264913,40,-43.754429,172.941495,12,51,3,0,7,0,Alongshore,Offshore,Offshore,19.0,0.0
1159,Duvauchelle Bay by camping ground,2020-12-22 10:00:00,Akaroa,1.2,3.8,3.8,5.6,11.4,11.4,incoming,shallow,muddy,3,grass,1,0,0,2.4,15.0,1.390579861,1.410879675,1.264048312,-0.2,2.3,107.1042309,111.2040926,75.84735265,40,-43.754429,172.941495,12,52,1,0,10,1,Alongshore,Alongshore,Offshore,16.2,0.0
1160,Duvauchelle Bay by camping ground,2020-12-29 14:00:00,Akaroa,0.0,0.0,0.0,0.0,0.0,22.8,incoming,shallow,muddy,3,grass,1,0,0,0.0,0.0,1.056072332,2.928206286,3.718215024,-1.4,2.2,0.404392966,323.0410815,320.3949029,40,-43.754429,172.941495,12,53,1,0,14,1,Offshore,Alongshore,Alongshore,33.6,0.0
1161,Duvauchelle Bay by camping ground,2021-01-11 12:00:00,Akaroa,0.0,0.0,0.0,0.0,1.6,1.8,incoming,shallow,muddy,3,grass,1,0,0,0.8,4.0,3.656314103,4.1320858,4.924017039,-2.2,2.6,248.9744732,243.4803498,225.2347195,40,-43.754429,172.941495,1,2,0,0,12,0,Onshore,Onshore,Onshore,33.6,0.0
1162,Duvauchelle Bay by camping ground,2021-01-19 09:00:00,Akaroa,0.0,0.0,0.0,0.0,2.6,2.6,ebbing,shallow,muddy,3,grass,1,0,0,1.8,2.0,3.361410175,4.762489724,6.43091432,0.5,2.3,16.80307436,25.74485435,33.8488031,40,-43.754429,172.941495,1,3,1,0,9,0,Offshore,Offshore,Offshore,28.6,0.0
1163,Duvauchelle Bay by camping ground,2021-01-26 12:00:00,Akaroa,0.0,0.0,0.0,0.0,0.0,0.0,incoming,shallow,muddy,3,grass,1,0,0,0.0,0.0,1.109365006,1.491491445,2.723174757,-2.4,2.1,314.2139959,344.8805647,25.29691694,40,-43.754429,172.941495,1,4,1,0,12,0,Alongshore,Alongshore,Offshore,23.4,0.0
1164,Duvauchelle Bay by camping ground,2021-02-03 10:00:00,Akaroa,0.0,0.0,0.0,0.0,0.0,0.0,ebbing,shallow,muddy,3,grass,1,0,0,0.0,0.0,1.33440373,0.486648109,2.30367254,1.8,2.5,285.7293954,315.1185288,34.45230427,40,-43.754429,172.941495,2,5,2,0,10,1,Alongshore,Alongshore,Offshore,23.4,0.0
1165,Duvauchelle Bay by camping ground,2021-02-09 14:00:00,Akaroa,0.0,0.0,0.0,0.0,0.0,0.0,incoming,shallow,muddy,3,grass,1,0,0,0.0,0.0,3.553464651,5.548429501,3.922109914,-0.2,2.5,6.787904058,7.23903446,23.5119248,40,-43.754429,172.941495,2,6,1,0,14,1,Offshore,Offshore,Offshore,5.0,0.0
1166,Duvauchelle Bay by camping ground,2021-02-17 09:00:00,Akaroa,0.0,0.0,0.0,0.0,5.2,5.2,ebbing,shallow,muddy,3,grass,1,0,0,1.4,8.0,0.563427294,0.554791162,0.474403148,1.3,2.3,246.8245431,188.3731484,139.9281775,40,-43.754429,172.941495,2,7,2,0,9,0,Onshore,Onshore,Alongshore,5.0,0.0
1167,Duvauchelle Bay by camping ground,2021-02-23 15:00:00,Akaroa,0.0,0.0,0.0,0.0,0.0,0.0,ebbing,shallow,muddy,3,grass,1,0,0,0.0,0.0,5.904556052,8.329444701,7.959332785,2.4,2.1,7.004899394,8.880638164,4.815450951,40,-43.754429,172.941495,2,8,1,0,15,0,Offshore,Offshore,Offshore,5.0,0.0
1168,Duvauchelle Bay by camping ground,2021-03-04 10:00:00,Akaroa,0.0,0.0,0.0,0.0,0.0,0.0,ebbing,shallow,muddy,3,grass,1,0,0,0.0,0.0,1.710150765,0.95177477,1.738715194,1.8,2.6,359.9325715,55.40957465,71.54784461,40,-43.754429,172.941495,3,9,3,0,10,0,Offshore,Offshore,Offshore,5.0,0.0
1169,Duvauchelle Bay by camping ground,2021-11-26 09:00:00,Akaroa,0.0,0.0,0.0,0.0,0.0,0.2,ebbing,shallow,muddy,3,grass,1,0,0,0.0,0.0,1.70408745,0.925637551,1.154144335,0.1,2.2,210.7487713,141.7786162,91.99557474,40,-43.754429,172.941495,11,47,4,0,9,0,Onshore,Alongshore,Alongshore,,0.0
1170,Duvauchelle Bay by camping ground,2021-12-02 14:00:00,Akaroa,0.0,0.0,0.0,0.0,0.0,0.0,incoming,shallow,muddy,3,grass,1,0,0,0.0,0.0,4.829459296,5.430491291,6.198111516,-0.1,2.5,34.99989844,35.23017348,38.17571202,40,-43.754429,172.941495,12,48,3,0,14,0,Offshore,Offshore,Offshore,10.0,0.0
1171,Duvauchelle Bay by camping ground,2021-12-09 08:00:00,Akaroa,0.0,0.0,0.0,0.0,0.6,5.4,ebbing,shallow,muddy,3,grass,1,0,0,0.4,2.0,0.818957153,0.57848769,0.230319126,0.4,2.7,238.7053907,145.3912147,125.575041,40,-43.754429,172.941495,12,49,3,0,8,0,Onshore,Alongshore,Alongshore,7.5,0.0
1172,Duvauchelle Bay by camping ground,2021-12-15 13:00:00,Akaroa,7.2,12.2,14.6,14.6,14.6,14.6,incoming,shallow,muddy,3,grass,1,0,0,2.8,9.0,2.459323249,4.095330465,2.493048963,-0.5,2.3,26.27191115,96.05886821,94.5283226,40,-43.754429,172.941495,12,50,2,0,13,0,Offshore,Alongshore,Alongshore,8.333333333333334,0.0
1173,Duvauchelle Bay by camping ground,2021-12-20 12:00:00,Akaroa,0.0,0.0,0.0,0.0,0.0,9.4,incoming,shallow,muddy,3,grass,1,0,0,0.0,0.0,3.166849757,4.962703696,5.709187529,-4.9,2.2,14.43588557,15.11078088,28.10078482,40,-43.754429,172.941495,12,51,0,0,12,1,Offshore,Offshore,Offshore,45.75,0.0
1174,Duvauchelle Bay by camping ground,2021-12-23 07:00:00,Akaroa,0.0,0.0,0.0,0.0,0.0,0.0,ebbing,shallow,muddy,3,grass,1,0,0,0.0,0.0,2.077691542,3.48395145,4.48998659,0.7,2.3,102.0133025,112.2170608,58.69591591,40,-43.754429,172.941495,12,51,3,0,7,1,Alongshore,Alongshore,Offshore,38.6,0.0
1175,Duvauchelle Bay by camping ground,2021-12-30 12:00:00,Akaroa,0.0,0.0,0.0,0.0,1.8,8.4,incoming,shallow,muddy,3,grass,1,0,0,0.8,6.0,0.576576621,1.666495722,2.712596506,-0.8,2.4,278.1742039,276.0991806,356.5377802,40,-43.754429,172.941495,12,52,3,0,12,1,Alongshore,Alongshore,Offshore,42.8,0.0
1176,Duvauchelle Bay by camping ground,2022-01-07 07:00:00,Akaroa,0.0,0.0,0.0,0.4,0.4,0.4,incoming,shallow,muddy,3,grass,1,0,0,0.2,2.0,5.269382575,5.87083757,6.195981674,-0.2,2.7,206.7420655,203.7848899,201.6109729,40,-43.754429,172.941495,1,1,4,0,7,0,Onshore,Onshore,Onshore,58.8,0.0
1177,Duvauchelle Bay by camping ground,2022-01-12 11:00:00,Akaroa,0.0,0.0,0.0,0.0,0.0,0.0,incoming,shallow,muddy,3,grass,1,0,0,0.0,0.0,1.480259135,2.063076862,3.419840764,-0.8,2.2,155.6399704,150.8529882,138.7782448,40,-43.754429,172.941495,1,2,2,0,11,0,Alongshore,Alongshore,Alongshore,57.8,0.0
1178,Duvauchelle Bay by camping ground,2022-01-20 05:00:00,Akaroa,2.0,6.0,10.6,10.6,10.6,10.6,ebbing,shallow,muddy,3,grass,1,0,0,2.0,10.0,5.270866498,5.027083773,4.475859113,0.3,2.4,196.8002211,206.6360026,212.460017,40,-43.754429,172.941495,1,3,3,0,5,0,Onshore,Onshore,Onshore,27.2,0.0
1179,Duvauchelle Bay by camping ground,2022-01-24 11:00:00,Akaroa,0.0,0.0,0.0,0.0,0.4,0.4,ebbing,shallow,muddy,3,grass,1,0,0,0.2,2.0,0.659903311,1.694383549,3.226102648,2.7,2.4,19.13673623,15.41643917,30.7218388,40,-43.754429,172.941495,1,4,0,0,11,0,Offshore,Offshore,Offshore,65.4,0.0
1180,Duvauchelle Bay by camping ground,2022-01-26 10:00:00,Akaroa,0.0,0.0,0.0,0.0,0.0,0.0,incoming,shallow,muddy,3,grass,1,0,0,0.0,0.0,0.388090165,1.103249554,1.877113807,-0.7,2.4,268.3443302,255.654306,261.9448961,40,-43.754429,172.941495,1,4,2,0,10,0,Alongshore,Onshore,Onshore,60.2,0.0
1181,Duvauchelle Bay by camping ground,2022-02-01 15:00:00,Akaroa,0.0,0.0,0.0,0.0,0.0,0.0,incoming,shallow,muddy,3,grass,1,0,0,0.0,0.0,3.535527578,4.960520499,5.778704914,-0.8,2.6,3.351045234,2.889302048,11.85534709,40,-43.754429,172.941495,2,5,1,0,15,1,Offshore,Offshore,Offshore,45.2,0.0
1182,Duvauchelle Bay by camping ground,2022-02-10 11:00:00,Akaroa,1.4,1.4,10.0,17.4,17.4,17.4,incoming,shallow,muddy,3,grass,1,0,0,3.0,14.0,2.48952812,0.811392979,0.572245839,-0.5,2.2,311.2342176,33.32087698,17.06034766,40,-43.754429,172.941495,2,6,3,0,11,0,Alongshore,Offshore,Offshore,45.2,0.0
1183,Duvauchelle Bay by camping ground,2022-02-15 15:00:00,Akaroa,0.0,0.0,0.0,0.0,3.8,66.8,ebbing,shallow,muddy,3,grass,1,0,0,0.8,8.0,1.967401736,4.315910439,4.863898698,0.5,2.2,323.72842,317.2060102,316.2802594,40,-43.754429,172.941495,2,7,1,0,15,0,Alongshore,Alongshore,Alongshore,212.0,0.06666666666666667
1184,Duvauchelle Bay by camping ground,2022-02-24 10:00:00,Akaroa,0.0,0.0,0.0,0.0,0.0,0.0,ebbing,shallow,muddy,3,grass,1,0,0,0.0,0.0,2.075320023,2.474982896,3.230745012,0.3,2.4,34.55690126,40.27807025,46.70539679,40,-43.754429,172.941495,2,8,3,0,10,0,Offshore,Offshore,Offshore,172.8,0.0625
1185,Duvauchelle Bay by camping ground,2022-03-10 11:00:00,Akaroa,0.0,0.0,0.0,0.0,0.0,0.0,ebbing,shallow,muddy,3,grass,1,0,0,0.0,0.0,1.753700499,2.416178477,3.291946516,0.8,2.1,17.04823967,25.05203282,35.72565789,40,-43.754429,172.941495,3,10,3,0,11,0,Offshore,Offshore,Offshore,172.8,0.058823529411764705
1186,French Farm Bay,2013-11-13 13:00:00,Akaroa,0.0,0.0,0.0,0.0,0.0,0.0,ebbing,medium,muddy,5,grass,2,1,1,0.0,0.0,2.082757961,4.369099842,4.799814518,0.9,2.6,9.75726976,13.60951689,23.74586071,230,-43.77601,172.910424,11,46,2,0,13,0,Onshore,Onshore,Onshore,,0.0
1187,French Farm Bay,2013-11-26 11:00:00,Akaroa,0.0,0.0,0.4,7.4,7.4,7.4,ebbing,medium,muddy,5,grass,2,1,1,2.0,10.0,1.571892695,1.704440487,3.018274913,1.1,2.1,191.8796534,176.8530501,172.0063395,230,-43.77601,172.910424,11,48,1,0,11,0,Offshore,Alongshore,Alongshore,5.0,0.0
1188,French Farm Bay,2013-12-03 15:00:00,Akaroa,0.0,0.0,0.0,0.0,0.0,0.4,incoming,medium,muddy,5,grass,2,1,1,0.0,0.0,2.717542214,5.060249937,4.940522881,-0.6,2.6,330.156606,343.9168567,342.649386,230,-43.77601,172.910424,12,49,1,0,15,0,Alongshore,Alongshore,Alongshore,7.5,0.0
1189,French Farm Bay,2013-12-10 11:00:00,Akaroa,0.0,0.2,0.8,0.8,1.0,1.0,ebbing,medium,muddy,5,grass,2,1,1,0.4,4.0,0.265653848,1.177052666,2.576075568,0.7,2.6,298.400321,302.7883959,197.3354268,230,-43.77601,172.910424,12,50,1,0,11,0,Alongshore,Alongshore,Offshore,6.666666666666667,0.0
1190,French Farm Bay,2013-12-17 16:00:00,Akaroa,0.0,0.6,3.6,14.0,14.0,14.0,incoming,medium,muddy,5,grass,2,1,1,10.0,7.0,4.302023156,4.036848039,4.680643133,-0.3,2.4,229.6379157,226.5433725,181.0419114,230,-43.77601,172.910424,12,51,1,0,16,0,Offshore,Offshore,Alongshore,7.5,0.0
1191,French Farm Bay,2013-12-22 10:00:00,Akaroa,0.0,5.0,19.6,23.4,23.4,23.4,ebbing,medium,muddy,5,grass,2,1,1,4.8,14.0,4.006224475,4.153759331,3.447572465,2.5,2.3,202.1027728,203.5420952,206.2744132,230,-43.77601,172.910424,12,51,6,1,10,1,Offshore,Offshore,Offshore,21.0,0.0
1192,French Farm Bay,2014-01-07 08:00:00,Akaroa,0.0,0.0,0.0,0.0,1.6,1.6,incoming,medium,muddy,5,grass,2,1,1,1.0,3.0,1.592856512,1.777347832,1.814544911,-0.1,2.7,123.1803423,135.8952533,112.0335036,230,-43.77601,172.910424,1,2,1,0,8,0,Alongshore,Alongshore,Alongshore,21.0,0.0
1193,French Farm Bay,2014-01-14 15:00:00,Akaroa,0.0,0.0,0.0,0.0,0.2,0.2,ebbing,medium,muddy,5,grass,2,1,1,0.2,1.0,1.947939343,4.960046257,6.919877592,0.1,2.3,161.9460735,176.6634247,185.3723589,230,-43.77601,172.910424,1,3,1,0,15,0,Alongshore,Alongshore,Offshore,20.0,0.0
1194,French Farm Bay,2014-01-21 07:00:00,Akaroa,0.2,0.2,0.2,0.2,0.2,0.2,ebbing,medium,muddy,5,grass,2,1,1,0.2,1.0,2.470454123,3.325838235,2.762022385,0.2,2.3,51.73201992,62.10654055,56.44751369,230,-43.77601,172.910424,1,4,1,0,7,0,Onshore,Onshore,Onshore,20.0,0.0
1195,French Farm Bay,2014-01-29 15:00:00,Akaroa,0.0,0.0,0.0,0.0,0.0,17.0,ebbing,medium,muddy,5,grass,2,1,1,0.0,0.0,3.01377829,6.155220626,5.612194543,0.8,2.6,359.2554535,359.2734416,354.6271371,230,-43.77601,172.910424,1,5,2,0,15,0,Alongshore,Alongshore,Alongshore,19.0,0.0
1196,French Farm Bay,2014-02-04 08:00:00,Akaroa,0.0,0.0,0.0,0.0,0.0,0.8,ebbing,medium,muddy,5,grass,2,1,1,0.0,0.0,0.975286931,1.129639593,1.161899243,0.5,2.7,80.33609971,103.899489,114.5794253,230,-43.77601,172.910424,2,6,1,0,8,1,Onshore,Alongshore,Alongshore,6.0,0.0
1197,French Farm Bay,2014-02-11 14:00:00,Akaroa,0.0,0.0,0.0,0.0,0.0,1.8,ebbing,medium,muddy,5,grass,2,1,1,0.0,0.0,1.586236146,3.156440858,3.889696428,0.4,2.2,288.7685262,294.91509,309.6042547,230,-43.77601,172.910424,2,7,1,0,14,0,Alongshore,Alongshore,Alongshore,6.0,0.0
1198,French Farm Bay,2014-02-18 06:00:00,Akaroa,0.0,0.0,0.0,0.0,0.0,0.0,ebbing,medium,muddy,5,grass,2,1,1,0.0,0.0,5.168403526,5.53616198,4.831702545,0.5,2.3,22.7547981,22.27598767,19.610384,230,-43.77601,172.910424,2,8,1,0,6,0,Onshore,Onshore,Onshore,6.0,0.0
1199,French Farm Bay,2014-02-25 14:00:00,Akaroa,0.0,0.0,0.0,0.0,4.8,20.8,ebbing,medium,muddy,5,grass,2,1,1,1.6,5.0,1.149072652,1.062383399,1.999244947,1.5,2.4,52.35288585,21.30177969,52.11077213,230,-43.77601,172.910424,2,9,1,0,14,0,Onshore,Onshore,Onshore,6.0,0.0
1200,French Farm Bay,2014-03-10 11:00:00,Akaroa,0.0,0.0,0.0,0.0,0.0,0.0,incoming,medium,muddy,5,grass,2,1,1,0.0,0.0,0.754047592,1.325478439,2.766391099,-0.2,2.2,4.590019308,25.1849951,93.46299392,230,-43.77601,172.910424,3,11,0,0,11,0,Alongshore,Onshore,Onshore,7.0,0.0
1201,French Farm Bay,2014-11-19 14:00:00,Akaroa,0.8,0.8,0.8,0.8,0.8,0.8,ebbing,medium,muddy,5,grass,2,1,1,0.8,1.0,3.600680641,5.146970456,6.197723524,0.8,2.2,231.5508229,266.5657447,290.0776454,230,-43.77601,172.910424,11,47,2,0,14,0,Offshore,Offshore,Alongshore,,0.0
1202,French Farm Bay,2014-11-25 18:00:00,Akaroa,0.0,0.2,0.2,0.2,0.2,4.8,incoming,medium,muddy,5,grass,2,1,1,0.2,1.0,2.193003553,2.16088387,3.776773409,-0.1,2.5,296.9451968,328.8719388,319.0289069,230,-43.77601,172.910424,11,48,1,0,18,0,Alongshore,Alongshore,Alongshore,20.0,0.0
1203,French Farm Bay,2014-12-09 06:00:00,Akaroa,0.0,0.0,0.0,0.0,0.0,0.0,ebbing,medium,muddy,5,grass,2,1,1,0.0,0.0,2.173918188,1.548213181,1.638988743,0.1,2.6,80.95003485,77.10458988,48.20439553,230,-43.77601,172.910424,12,50,1,0,6,0,Onshore,Onshore,Onshore,15.0,0.0
1204,French Farm Bay,2014-12-16 10:00:00,Akaroa,0.0,0.0,0.0,0.0,0.0,0.0,incoming,medium,muddy,5,grass,2,1,1,0.0,0.0,0.386307628,0.787329115,2.675811914,-1.2,2.1,319.8418819,341.0297479,18.7560653,230,-43.77601,172.910424,12,51,1,0,10,0,Alongshore,Alongshore,Onshore,11.666666666666666,0.0
1205,French Farm Bay,2014-12-21 15:00:00,Akaroa,0.0,0.0,0.0,0.2,0.2,0.4,ebbing,medium,muddy,5,grass,2,1,1,0.2,1.0,3.876948463,5.910842022,6.509927983,0.6,2.4,229.5963632,224.3935358,222.3804428,230,-43.77601,172.910424,12,51,6,1,15,1,Offshore,Offshore,Offshore,10.0,0.0
1206,French Farm Bay,2014-12-30 13:00:00,Akaroa,0.0,0.0,0.0,0.0,0.0,0.2,ebbing,medium,muddy,5,grass,2,1,1,0.0,0.0,3.036801394,4.706248891,6.688170534,2.0,2.6,347.9784587,346.2794922,355.1888361,230,-43.77601,172.910424,12,1,1,0,13,1,Alongshore,Alongshore,Alongshore,10.0,0.0
1207,French Farm Bay,2015-01-05 16:00:00,Akaroa,0.0,0.0,0.0,0.0,0.0,0.0,ebbing,medium,muddy,5,grass,2,1,1,0.0,0.0,1.68639714,1.839246241,2.921063999,0.2,2.5,66.74410635,29.66910245,135.2828394,230,-43.77601,172.910424,1,2,0,0,16,1,Onshore,Onshore,Alongshore,7.0,0.0
1208,French Farm Bay,2015-01-13 11:00:00,Akaroa,0.0,0.0,0.0,0.0,0.0,0.0,ebbing,medium,muddy,5,grass,2,1,1,0.0,0.0,0.12142412,1.404943853,2.348415693,1.7,2.1,287.8861753,297.0805941,155.5994425,230,-43.77601,172.910424,1,3,1,0,11,0,Alongshore,Alongshore,Alongshore,7.0,0.0
1209,French Farm Bay,2015-01-20 15:00:00,Akaroa,0.0,0.0,0.4,0.4,0.4,0.4,incoming,medium,muddy,5,grass,2,1,1,0.4,1.0,4.530469624,5.579058277,5.559520725,-0.4,2.6,222.1731516,221.6540719,216.889812,230,-43.77601,172.910424,1,4,1,0,15,0,Offshore,Offshore,Offshore,7.0,0.0
1210,French Farm Bay,2015-01-27 12:00:00,Akaroa,0.0,0.0,0.0,0.0,0.0,0.0,ebbing,medium,muddy,5,grass,2,1,1,0.0,0.0,0.885346123,1.883848534,3.246377635,2.2,2.6,312.662405,334.6761023,26.71672887,230,-43.77601,172.910424,1,5,1,0,12,0,Alongshore,Alongshore,Onshore,7.0,0.0
1211,French Farm Bay,2015-02-03 16:00:00,Akaroa,0.0,2.6,2.6,2.6,2.6,3.6,ebbing,medium,muddy,5,grass,2,1,1,1.4,3.0,4.199137543,4.930869055,4.687111165,0.1,2.4,209.7134931,210.1422799,216.5606056,230,-43.77601,172.910424,2,6,1,0,16,1,Offshore,Offshore,Offshore,6.0,0.0
1212,French Farm Bay,2015-02-10 10:00:00,Akaroa,0.0,0.2,0.2,1.6,1.6,1.6,ebbing,medium,muddy,5,grass,2,1,1,0.8,4.0,2.253567671,2.212661065,4.269805601,1.7,2.2,220.2687574,198.3073981,200.3208093,230,-43.77601,172.910424,2,7,1,0,10,0,Offshore,Offshore,Offshore,7.0,0.0
1213,French Farm Bay,2015-02-17 13:00:00,Akaroa,0.0,0.0,0.0,0.0,0.0,0.0,incoming,medium,muddy,5,grass,2,1,1,0.0,0.0,1.255157398,3.015853822,4.783330365,-1.5,2.5,309.4611801,305.8255176,306.1160044,230,-43.77601,172.910424,2,8,1,0,13,0,Alongshore,Alongshore,Alongshore,6.0,0.0
1214,French Farm Bay,2015-02-24 11:00:00,Akaroa,0.0,0.0,0.0,0.0,1.8,1.8,ebbing,medium,muddy,5,grass,2,1,1,1.6,2.0,4.309879065,4.360631756,4.974569176,2.6,2.6,13.34476269,19.08532168,29.7002294,230,-43.77601,172.910424,2,9,1,0,11,0,Onshore,Onshore,Onshore,6.0,0.0
1215,French Farm Bay,2015-03-03 14:00:00,Akaroa,0.0,0.0,0.6,0.6,0.6,0.6,incoming,medium,muddy,5,grass,2,1,1,0.6,1.0,0.659567292,2.366593911,2.669267415,-0.8,2.3,331.1176203,325.5638387,352.2511113,230,-43.77601,172.910424,3,10,1,0,14,0,Alongshore,Alongshore,Alongshore,6.0,0.0
1216,French Farm Bay,2015-11-18 09:00:00,Akaroa,0.0,2.4,2.8,2.8,2.8,2.8,ebbing,medium,muddy,5,grass,2,1,1,1.4,3.0,4.851931211,9.007363512,11.32592772,0.3,2.5,220.5570858,216.9079038,210.7048756,230,-43.77601,172.910424,11,47,2,0,9,0,Offshore,Offshore,Offshore,,0.0
1217,French Farm Bay,2015-11-24 12:00:00,Akaroa,0.0,0.0,0.0,0.0,0.0,0.2,incoming,medium,muddy,5,grass,2,1,1,0.0,0.0,6.10848604,7.195483976,7.000125678,-2.3,2.7,1.891849723,2.886656872,1.694661583,230,-43.77601,172.910424,11,48,1,0,12,0,Alongshore,Alongshore,Alongshore,52.0,0.0
1218,French Farm Bay,2015-12-01 07:00:00,Akaroa,0.0,0.0,0.0,0.0,0.2,0.2,incoming,medium,muddy,5,grass,2,1,1,0.2,1.0,1.855378148,0.474721464,0.830514575,-0.5,2.6,122.9129656,74.14787363,26.4640253,230,-43.77601,172.910424,12,49,1,0,7,0,Alongshore,Onshore,Onshore,28.5,0.0
1219,French Farm Bay,2015-12-08 12:00:00,Akaroa,0.0,0.0,0.0,1.0,1.0,3.6,incoming,medium,muddy,5,grass,2,1,1,1.0,1.0,1.146473119,2.883415815,6.123110882,-1.1,2.1,241.6425746,245.0141987,215.0733667,230,-43.77601,172.910424,12,50,1,0,12,0,Offshore,Offshore,Offshore,20.666666666666668,0.0
1220,French Farm Bay,2015-12-15 06:00:00,Akaroa,0.0,0.0,0.0,0.0,12.6,12.6,incoming,medium,muddy,5,grass,2,1,1,5.4,5.0,0.530641847,0.773750733,0.43657283,-0.2,2.5,328.2401186,109.4214658,58.05262954,230,-43.77601,172.910424,12,51,1,0,6,0,Alongshore,Alongshore,Onshore,16.75,0.0
1221,French Farm Bay,2015-12-22 11:00:00,Akaroa,0.0,0.2,0.2,0.2,0.2,0.2,incoming,medium,muddy,5,grass,2,1,1,0.2,1.0,3.077401269,6.088387787,6.669593388,-2.0,2.6,143.7274233,142.5581248,118.4978933,230,-43.77601,172.910424,12,52,1,0,11,1,Alongshore,Alongshore,Alongshore,17.4,0.0
1222,French Farm Bay,2015-12-29 07:00:00,Akaroa,0.0,0.0,0.0,0.0,0.0,0.0,incoming,medium,muddy,5,grass,2,1,1,0.0,0.0,1.372604197,1.383771828,1.324569001,0.0,2.6,170.0,151.606103,78.62594101,230,-43.77601,172.910424,12,53,1,0,7,1,Alongshore,Alongshore,Onshore,8.0,0.0
1223,French Farm Bay,2016-01-06 10:00:00,Akaroa,0.0,0.0,0.0,0.0,0.0,23.0,incoming,medium,muddy,5,grass,2,1,1,0.0,0.0,1.132301942,1.715751764,3.410663731,-2.5,2.1,19.26463673,34.32874094,66.68431808,230,-43.77601,172.910424,1,1,2,0,10,0,Onshore,Onshore,Onshore,8.0,0.0
1224,French Farm Bay,2016-01-12 06:00:00,Akaroa,0.0,0.0,0.0,0.0,0.0,0.0,ebbing,medium,muddy,5,grass,2,1,1,0.0,0.0,1.509741261,1.216985226,1.238942978,0.6,2.6,175.4277373,157.4703652,57.22728439,230,-43.77601,172.910424,1,2,1,0,6,0,Alongshore,Alongshore,Onshore,8.0,0.0
1225,French Farm Bay,2016-01-19 10:00:00,Akaroa,1.0,2.2,5.4,5.8,7.8,7.8,incoming,medium,muddy,5,grass,2,1,1,1.8,10.0,0.643826814,1.069923775,1.5876852,-1.7,2.6,339.9961728,1.66790275,45.80730255,230,-43.77601,172.910424,1,3,1,0,10,0,Alongshore,Alongshore,Onshore,8.0,0.0
1226,French Farm Bay,2016-01-26 06:00:00,Akaroa,0.2,0.2,0.2,0.2,0.2,0.2,ebbing,medium,muddy,5,grass,2,1,1,0.2,1.0,1.977404032,2.22606711,2.277021959,0.2,2.6,81.81815738,32.53695071,44.18414222,230,-43.77601,172.910424,1,4,1,0,6,0,Onshore,Onshore,Onshore,6.0,0.0
1227,French Farm Bay,2016-02-01 09:00:00,Akaroa,0.0,0.0,0.0,0.0,0.0,0.0,incoming,medium,muddy,5,grass,2,1,1,0.0,0.0,0.774639957,0.654825052,0.476059814,-0.8,2.1,171.5684969,134.9047353,95.01636487,230,-43.77601,172.910424,2,5,0,0,9,1,Alongshore,Alongshore,Alongshore,6.0,0.0
1228,French Farm Bay,2016-02-10 07:00:00,Akaroa,0.0,0.0,0.0,0.0,0.0,0.0,ebbing,medium,muddy,5,grass,2,1,1,0.0,0.0,1.022939168,1.213530466,0.401098098,2.0,2.7,99.7482186,94.34516392,163.2674116,230,-43.77601,172.910424,2,6,2,0,7,0,Alongshore,Onshore,Alongshore,6.0,0.0
1229,French Farm Bay,2016-02-16 09:00:00,Akaroa,0.0,0.0,0.0,0.0,0.0,0.0,incoming,medium,muddy,5,grass,2,1,1,0.0,0.0,0.763816736,1.286202948,1.257870232,-1.3,2.6,210.3425694,196.5633322,198.3167832,230,-43.77601,172.910424,2,7,1,0,9,0,Offshore,Offshore,Offshore,7.0,0.0
1230,French Farm Bay,2016-02-23 14:00:00,Akaroa,0.0,0.0,0.0,0.0,0.0,0.0,incoming,medium,muddy,5,grass,2,1,1,0.0,0.0,1.310658968,2.905358715,3.663635191,-2.5,2.5,279.3558747,282.1192961,264.1880124,230,-43.77601,172.910424,2,8,1,0,14,0,Alongshore,Alongshore,Offshore,8.0,0.0
1231,French Farm Bay,2016-11-22 12:00:00,Akaroa,0.0,0.0,0.0,0.0,0.0,0.0,ebbing,medium,muddy,5,grass,2,1,1,0.0,0.0,0.608353426,2.166985919,3.380366991,1.5,2.5,313.8493975,324.276545,349.3171742,230,-43.77601,172.910424,11,47,1,0,12,0,Alongshore,Alongshore,Alongshore,,0.0
1232,French Farm Bay,2016-11-29 15:00:00,Akaroa,0.0,0.0,0.0,0.0,0.4,1.2,incoming,medium,muddy,5,grass,2,1,1,0.2,2.0,3.984315813,7.257780056,8.003131814,-1.2,2.3,304.9797425,327.0060168,341.7101824,230,-43.77601,172.910424,11,48,1,0,15,0,Alongshore,Alongshore,Alongshore,5.0,0.0
1233,French Farm Bay,2016-12-06 10:00:00,Akaroa,0.0,0.0,0.0,0.0,0.0,0.0,ebbing,medium,muddy,5,grass,2,1,1,0.0,0.0,1.323984244,0.759202124,1.491923761,1.4,2.4,36.86398428,91.71126043,98.65254195,230,-43.77601,172.910424,12,49,1,0,10,0,Onshore,Onshore,Alongshore,5.0,0.0
1234,French Farm Bay,2016-12-13 14:00:00,Akaroa,0.0,0.0,0.0,0.2,17.2,43.0,incoming,medium,muddy,5,grass,2,1,1,3.8,13.0,1.020307616,2.646405994,3.282930395,-0.9,2.7,16.27165992,338.9809877,288.1531122,230,-43.77601,172.910424,12,50,1,0,14,0,Onshore,Alongshore,Alongshore,5.0,0.0
1235,French Farm Bay,2016-12-20 09:00:00,Akaroa,0.0,0.0,0.0,0.0,0.0,0.0,incoming,medium,muddy,5,grass,2,1,1,0.0,0.0,0.834836349,0.437695999,1.39739972,-0.3,2.5,317.1170474,180.4495657,164.4266055,230,-43.77601,172.910424,12,51,1,0,9,1,Alongshore,Alongshore,Alongshore,5.0,0.0
1236,French Farm Bay,2016-12-28 13:00:00,Akaroa,0.0,0.0,0.0,0.0,0.0,0.0,incoming,medium,muddy,5,grass,2,1,1,0.0,0.0,2.597387711,4.30645084,4.940016787,-2.1,2.2,124.5640535,125.8776578,133.192956,230,-43.77601,172.910424,12,52,2,0,13,1,Alongshore,Alongshore,Alongshore,5.0,0.0
1237,French Farm Bay,2017-01-05 09:00:00,Akaroa,0.8,1.0,1.2,13.2,16.4,17.0,incoming,medium,muddy,5,grass,2,1,1,3.8,14.0,13.90954655,12.45154191,10.49508677,-0.6,2.4,225.7173413,226.8916426,228.8753019,230,-43.77601,172.910424,1,1,3,0,9,1,Offshore,Offshore,Offshore,5.0,0.0
1238,French Farm Bay,2017-01-10 14:00:00,Akaroa,0.0,0.0,0.0,0.0,0.0,4.6,ebbing,medium,muddy,5,grass,2,1,1,0.0,0.0,2.207398767,1.096226237,1.692364761,0.3,2.6,12.09770446,241.7302173,220.2654422,230,-43.77601,172.910424,1,2,1,0,14,0,Onshore,Offshore,Offshore,12.2,0.0
1239,French Farm Bay,2017-01-17 08:00:00,Akaroa,0.0,0.0,0.0,0.0,0.0,0.0,ebbing,medium,muddy,5,grass,2,1,1,0.0,0.0,3.012699256,2.317708913,1.882737595,0.3,2.6,53.96102869,68.22741688,47.43463846,230,-43.77601,172.910424,1,3,1,0,8,0,Onshore,Onshore,Onshore,12.2,0.0
1240,French Farm Bay,2017-01-23 13:00:00,Akaroa,0.0,0.0,2.0,43.6,64.0,64.0,ebbing,medium,muddy,5,grass,2,1,1,7.6,30.0,14.8489257,12.18141246,9.563491945,0.7,2.1,231.2333905,231.4965902,233.2960453,230,-43.77601,172.910424,1,4,0,0,13,0,Offshore,Offshore,Offshore,12.2,0.0
1241,French Farm Bay,2017-01-31 07:00:00,Akaroa,0.0,0.0,0.0,0.0,0.0,0.0,ebbing,medium,muddy,5,grass,2,1,1,0.0,0.0,2.00271578,3.129022141,3.067596091,1.3,2.5,113.4773866,112.0110919,96.86026864,230,-43.77601,172.910424,1,5,1,0,7,1,Alongshore,Alongshore,Alongshore,15.2,0.0
1242,French Farm Bay,2017-02-08 15:00:00,Akaroa,0.0,0.0,0.6,0.6,1.6,1.6,ebbing,medium,muddy,5,grass,2,1,1,0.8,3.0,4.122009239,5.605472595,5.823916282,1.2,2.6,222.7782265,224.0406214,212.3140158,230,-43.77601,172.910424,2,6,2,0,15,1,Offshore,Offshore,Offshore,15.2,0.0
1243,French Farm Bay,2017-02-14 17:00:00,Akaroa,0.0,0.0,0.0,0.0,0.0,0.0,incoming,medium,muddy,5,grass,2,1,1,0.0,0.0,4.671702143,3.423889803,3.082222593,-1.6,2.5,332.6036234,274.7440226,269.9303695,230,-43.77601,172.910424,2,7,1,0,17,0,Alongshore,Offshore,Offshore,8.0,0.0
1244,French Farm Bay,2017-02-21 15:00:00,Akaroa,0.0,0.0,0.0,0.0,0.0,2.0,ebbing,medium,muddy,5,grass,2,1,1,0.0,0.0,2.003261837,3.841868373,5.159895252,2.7,2.1,348.5614251,334.3411244,347.8708955,230,-43.77601,172.910424,2,8,1,0,15,0,Alongshore,Alongshore,Alongshore,8.0,0.0
1245,French Farm Bay,2017-03-06 09:00:00,Akaroa,0.0,0.0,0.0,0.0,0.0,0.0,incoming,medium,muddy,5,grass,2,1,1,0.0,0.0,1.239720737,0.888668422,0.314790917,-1.1,2.5,158.6798677,158.7891454,116.7371254,230,-43.77601,172.910424,3,10,0,0,9,0,Alongshore,Alongshore,Alongshore,8.0,0.0
1246,French Farm Bay,2017-11-14 12:00:00,Akaroa,0.0,0.0,0.0,0.0,0.0,1.2,incoming,medium,muddy,5,grass,2,1,1,0.0,0.0,1.112929236,2.528025201,3.891935668,-0.9,2.5,280.5130034,288.1212052,291.7150236,230,-43.77601,172.910424,11,46,1,0,12,0,Alongshore,Alongshore,Alongshore,,0.0
1247,French Farm Bay,2017-11-29 13:00:00,Akaroa,0.0,0.0,0.0,0.0,0.0,0.0,ebbing,medium,muddy,5,grass,2,1,1,0.0,0.0,0.45330361,2.120940467,2.790824035,0.9,2.3,281.5214328,290.0988289,305.5664955,230,-43.77601,172.910424,11,48,2,0,13,0,Alongshore,Alongshore,Alongshore,5.0,0.0
1248,French Farm Bay,2017-12-06 06:00:00,Akaroa,0.0,0.0,0.0,0.0,0.0,0.0,ebbing,medium,muddy,5,grass,2,1,1,0.0,0.0,0.815216304,0.618055559,0.688777311,0.2,2.8,144.4464978,146.3088289,217.4168954,230,-43.77601,172.910424,12,49,2,0,6,0,Alongshore,Alongshore,Offshore,5.0,0.0
1249,French Farm Bay,2017-12-13 13:00:00,Akaroa,0.0,0.0,0.0,0.0,1.0,1.0,ebbing,medium,muddy,5,grass,2,1,1,0.6,2.0,2.831640087,4.004365714,4.997982459,0.7,2.5,84.48015875,77.52733935,69.52193554,230,-43.77601,172.910424,12,50,2,0,13,0,Onshore,Onshore,Onshore,5.0,0.0
1250,French Farm Bay,2017-12-21 06:00:00,Akaroa,0.0,0.0,0.0,0.0,0.0,0.0,ebbing,medium,muddy,5,grass,2,1,1,0.0,0.0,0.89442931,1.406076366,1.319008903,0.8,2.3,104.8044111,102.2174217,99.3617916,230,-43.77601,172.910424,12,51,3,0,6,1,Alongshore,Alongshore,Alongshore,5.0,0.0
1251,French Farm Bay,2017-12-27 08:00:00,Akaroa,0.0,0.2,0.4,1.2,7.8,7.8,incoming,medium,muddy,5,grass,2,1,1,2.2,10.0,3.800213748,4.558350192,5.048435915,-2.5,2.3,202.1650646,198.5522932,195.9041632,230,-43.77601,172.910424,12,52,2,0,8,1,Offshore,Offshore,Offshore,5.0,0.0
1252,French Farm Bay,2018-01-10 11:00:00,Akaroa,1.6,3.2,3.2,3.2,3.2,3.4,ebbing,medium,muddy,5,grass,2,1,1,1.0,5.0,1.564265927,3.091570821,4.50371225,0.1,2.4,216.7936373,208.1582121,194.0277073,230,-43.77601,172.910424,1,2,2,0,11,0,Offshore,Offshore,Offshore,6.0,0.0
1253,French Farm Bay,2018-01-15 14:00:00,Akaroa,0.0,0.0,0.0,0.0,0.0,0.0,incoming,medium,muddy,5,grass,2,1,1,0.0,0.0,2.305799993,5.312421247,6.5671267,-1.3,2.2,356.3119189,348.8271854,352.2614072,230,-43.77601,172.910424,1,3,0,0,14,0,Alongshore,Alongshore,Alongshore,7.0,0.0
1254,French Farm Bay,2018-01-24 09:00:00,Akaroa,0.0,0.0,0.0,0.0,0.0,0.0,incoming,medium,muddy,5,grass,2,1,1,0.0,0.0,0.616666626,0.539846273,0.864559226,-0.6,2.3,244.6291852,12.91266235,105.6483481,230,-43.77601,172.910424,1,4,2,0,9,0,Offshore,Onshore,Alongshore,7.0,0.0
1255,French Farm Bay,2018-01-29 13:00:00,Akaroa,0.0,0.0,0.0,0.0,0.0,0.0,incoming,medium,muddy,5,grass,2,1,1,0.0,0.0,2.213824999,4.459782387,5.47254289,-0.4,2.5,358.3827828,352.9181692,6.210991875,230,-43.77601,172.910424,1,5,0,0,13,0,Alongshore,Alongshore,Onshore,7.0,0.0
1256,French Farm Bay,2018-02-09 11:00:00,Akaroa,0.0,0.0,0.0,0.0,0.0,0.0,incoming,medium,muddy,5,grass,2,1,1,0.0,0.0,2.396408976,2.593471637,4.030397501,-0.5,2.3,15.99154999,35.73319077,52.81246035,230,-43.77601,172.910424,2,6,4,0,11,1,Onshore,Onshore,Onshore,7.0,0.0
1257,French Farm Bay,2018-02-14 14:00:00,Akaroa,0.0,0.0,0.0,0.0,0.0,0.2,incoming,medium,muddy,5,grass,2,1,1,0.0,0.0,1.088526526,3.603313395,4.803335976,-1.2,2.2,260.8717611,264.846688,257.8217597,230,-43.77601,172.910424,2,7,2,0,14,0,Offshore,Offshore,Offshore,6.0,0.0
1258,French Farm Bay,2018-02-23 09:00:00,Akaroa,0.0,0.0,0.0,0.4,18.6,178.6,incoming,medium,muddy,5,grass,2,1,1,3.8,16.0,0.59218518,0.869419617,0.929180844,-0.4,2.4,221.1109854,207.7371145,189.8055748,230,-43.77601,172.910424,2,8,4,0,9,0,Offshore,Offshore,Offshore,5.0,0.0
1259,French Farm Bay,2018-03-09 11:00:00,Akaroa,2.6,2.6,2.6,2.6,2.6,6.2,ebbing,medium,muddy,5,grass,2,1,1,1.4,2.0,2.353798261,3.735214519,6.210464041,0.8,2.3,170.4648351,173.2098876,175.1945392,230,-43.77601,172.910424,3,10,4,0,11,0,Alongshore,Alongshore,Alongshore,5.0,0.0
1260,French Farm Bay,2018-03-21 07:00:00,Akaroa,0.0,0.0,0.0,0.0,0.0,0.0,ebbing,medium,muddy,5,grass,2,1,1,0.0,0.0,0.621657987,0.33821037,1.1679337,0.6,2.5,194.7556288,159.9170304,98.33760393,230,-43.77601,172.910424,3,12,2,0,7,0,Offshore,Alongshore,Alongshore,5.0,0.0
1261,French Farm Bay,2018-11-14 09:00:00,Akaroa,0.0,0.0,0.0,0.0,0.0,0.0,ebbing,medium,muddy,5,grass,2,1,1,0.0,0.0,0.316944447,0.209766581,1.178901105,0.1,2.3,241.0289556,143.6338116,100.590452,230,-43.77601,172.910424,11,46,2,0,9,0,Offshore,Alongshore,Alongshore,,0.0
1262,French Farm Bay,2018-11-19 13:00:00,Akaroa,0.0,0.0,0.4,27.6,28.0,28.6,ebbing,medium,muddy,5,grass,2,1,1,11.4,11.0,1.795845247,3.613995571,6.62996602,0.2,2.2,232.1186806,245.2177008,223.7414554,230,-43.77601,172.910424,11,47,0,0,13,0,Offshore,Offshore,Offshore,5.0,0.0
1263,French Farm Bay,2018-11-29 09:00:00,Akaroa,0.0,0.0,0.0,0.2,21.6,23.8,ebbing,medium,muddy,5,grass,2,1,1,4.0,20.0,1.177393471,1.246690475,2.389255171,0.5,2.7,35.24463577,50.26836512,71.61461627,230,-43.77601,172.910424,11,48,3,0,9,0,Onshore,Onshore,Onshore,5.0,0.0
1264,French Farm Bay,2018-12-03 13:00:00,Akaroa,0.6,1.4,2.4,3.0,5.0,5.6,ebbing,medium,muddy,5,grass,2,1,1,0.6,20.0,4.80908571,5.381830518,5.542380792,0.4,2.6,46.59917044,44.04407151,39.33162128,230,-43.77601,172.910424,12,49,0,0,13,0,Onshore,Onshore,Onshore,6.666666666666667,0.0
1265,French Farm Bay,2018-12-11 08:00:00,Akaroa,0.0,0.0,0.0,0.0,0.0,0.0,ebbing,medium,muddy,5,grass,2,1,1,0.0,0.0,1.725245219,1.783435621,2.542398939,1.0,2.4,37.52011283,56.40263323,51.73360471,230,-43.77601,172.910424,12,50,1,0,8,0,Onshore,Onshore,Onshore,7.5,0.0
1266,French Farm Bay,2018-12-17 12:00:00,Akaroa,0.0,0.0,0.0,0.0,0.0,0.0,ebbing,medium,muddy,5,grass,2,1,1,0.0,0.0,1.143772005,2.107315054,3.513178893,0.6,2.1,310.4070689,306.7873153,335.1265669,230,-43.77601,172.910424,12,51,0,0,12,0,Alongshore,Alongshore,Alongshore,7.0,0.0
1267,French Farm Bay,2018-12-28 08:00:00,Akaroa,0.0,0.0,0.0,0.0,0.0,0.0,ebbing,medium,muddy,5,grass,2,1,1,0.0,0.0,1.292881034,1.816027969,2.693682897,0.2,2.7,57.75282061,68.0314927,84.7886031,230,-43.77601,172.910424,12,52,4,0,8,1,Onshore,Onshore,Onshore,7.0,0.0
1268,French Farm Bay,2019-01-09 06:00:00,Akaroa,0.0,0.0,0.0,0.0,0.0,5.4,incoming,medium,muddy,5,grass,2,1,1,0.0,0.0,3.068774256,3.687068695,4.430343985,0.0,2.3,43.90944083,46.38799283,56.18695319,230,-43.77601,172.910424,1,2,2,0,6,0,Onshore,Onshore,Onshore,7.0,0.0
1269,French Farm Bay,2019-01-14 10:00:00,Akaroa,25.0,31.6,31.8,32.0,32.0,32.0,ebbing,medium,muddy,5,grass,2,1,1,14.6,8.0,8.841797238,8.867931283,8.398752826,0.7,2.2,217.0131366,223.1877554,225.5623187,230,-43.77601,172.910424,1,3,0,0,10,0,Offshore,Offshore,Offshore,6.0,0.0
1270,French Farm Bay,2019-01-16 11:00:00,Akaroa,0.0,0.0,0.0,0.0,0.0,33.6,incoming,medium,muddy,5,grass,2,1,1,0.0,0.0,1.097084926,1.961583656,3.363641452,-0.6,2.2,354.7625366,347.6799942,357.0882471,230,-43.77601,172.910424,1,3,2,0,11,0,Alongshore,Alongshore,Alongshore,874.0,0.1
1271,French Farm Bay,2019-01-25 06:00:00,Akaroa,0.0,0.0,0.0,0.0,9.4,9.6,incoming,medium,muddy,5,grass,2,1,1,3.8,4.0,1.582174224,1.248320007,0.925226851,-0.8,2.8,98.00350052,107.71034,81.74118264,230,-43.77601,172.910424,1,4,4,0,6,0,Alongshore,Alongshore,Onshore,874.0,0.09090909090909091
1272,French Farm Bay,2019-01-30 09:00:00,Akaroa,0.0,0.0,0.0,0.0,0.0,0.0,incoming,medium,muddy,5,grass,2,1,1,0.0,0.0,0.706565242,0.398590846,0.59289084,-2.3,2.4,343.0950471,92.71967218,134.6104114,230,-43.77601,172.910424,1,5,2,0,9,0,Alongshore,Onshore,Alongshore,874.0,0.08333333333333333
1273,French Farm Bay,2019-02-08 06:00:00,Akaroa,0.0,0.0,0.0,0.0,0.0,0.0,incoming,medium,muddy,5,grass,2,1,1,0.0,0.0,3.470915243,3.190757291,3.090249766,-0.3,2.3,40.00152669,41.89341576,45.88195687,230,-43.77601,172.910424,2,6,4,0,6,1,Onshore,Onshore,Onshore,874.0,0.07692307692307693
1274,French Farm Bay,2019-02-13 09:00:00,Akaroa,0.0,0.0,0.0,0.0,0.0,0.0,incoming,medium,muddy,5,grass,2,1,1,0.0,0.0,0.492612213,0.286806065,1.202229346,-1.1,2.2,285.0141041,314.9091909,18.49819096,230,-43.77601,172.910424,2,7,2,0,9,0,Alongshore,Alongshore,Onshore,874.0,0.07142857142857142
1275,French Farm Bay,2019-02-18 13:00:00,Akaroa,0.0,0.0,0.0,0.0,0.0,0.8,incoming,medium,muddy,5,grass,2,1,1,0.0,0.0,0.607935843,2.209091315,3.424968629,-1.7,2.6,297.2020754,290.7174213,265.8056392,230,-43.77601,172.910424,2,8,0,0,13,0,Alongshore,Alongshore,Offshore,8.0,0.06666666666666667
1276,French Farm Bay,2019-02-25 08:00:00,Akaroa,0.2,0.2,3.4,22.2,22.2,22.2,incoming,medium,muddy,5,grass,2,1,1,6.8,12.0,4.743805027,4.191482016,4.162348174,-0.3,2.6,174.3114095,176.665696,176.2655552,230,-43.77601,172.910424,2,9,0,0,8,0,Alongshore,Alongshore,Alongshore,9.0,0.0625
1277,French Farm Bay,2019-11-18 07:00:00,Akaroa,0.0,0.0,0.0,0.0,0.0,0.0,incoming,medium,muddy,5,grass,2,1,1,0.0,0.0,2.206187102,2.675901811,1.960913043,-0.6,2.5,358.1549022,11.8213347,44.67485445,230,-43.77601,172.910424,11,47,0,0,7,0,Alongshore,Onshore,Onshore,,0.0
1278,French Farm Bay,2019-12-05 09:00:00,Akaroa,0.0,0.0,0.0,0.0,0.0,0.0,incoming,medium,muddy,5,grass,2,1,1,0.0,0.0,2.245702946,0.569207837,1.561464055,-1.2,2.2,357.2134381,102.0279121,354.0457161,230,-43.77601,172.910424,12,49,3,0,9,0,Alongshore,Alongshore,Alongshore,5.0,0.0
1279,French Farm Bay,2019-12-11 13:00:00,Akaroa,0.0,0.0,0.0,0.0,0.0,1.6,incoming,medium,muddy,5,grass,2,1,1,0.0,0.0,0.942133452,3.230263789,4.720458546,-2.2,2.3,265.6590367,277.0458706,273.3462029,230,-43.77601,172.910424,12,50,2,0,13,0,Offshore,Alongshore,Offshore,5.0,0.0
1280,French Farm Bay,2019-12-18 11:00:00,Akaroa,0.2,5.2,26.2,39.8,46.4,46.4,ebbing,medium,muddy,5,grass,2,1,1,5.2,24.0,10.9838788,11.98493846,13.81085952,2.2,2.6,227.4011866,222.3364621,223.5087151,230,-43.77601,172.910424,12,51,2,0,11,0,Offshore,Offshore,Offshore,5.0,0.0
1281,French Farm Bay,2019-12-20 11:00:00,Akaroa,0.0,0.0,0.0,0.0,0.0,39.8,ebbing,medium,muddy,5,grass,2,1,1,0.0,0.0,8.394805749,9.826688897,10.53507594,0.1,2.6,250.5207501,281.2521988,306.1645732,230,-43.77601,172.910424,12,51,4,0,11,1,Offshore,Alongshore,Alongshore,47.5,0.0
1282,French Farm Bay,2020-01-03 09:00:00,Akaroa,0.0,0.0,0.0,0.0,0.0,0.0,incoming,medium,muddy,5,grass,2,1,1,0.0,0.0,0.42644896,0.937959705,2.013384464,-1.1,2.1,206.9641764,198.8324785,143.6960295,230,-43.77601,172.910424,1,1,4,0,9,1,Offshore,Offshore,Alongshore,39.0,0.0
1283,French Farm Bay,2020-01-08 14:00:00,Akaroa,0.0,0.0,0.0,0.0,2.0,2.0,ebbing,medium,muddy,5,grass,2,1,1,0.8,4.0,2.52538749,3.416390768,3.765285551,0.3,2.2,249.5399854,255.681173,240.4310034,230,-43.77601,172.910424,1,2,2,0,14,0,Offshore,Offshore,Offshore,44.2,0.0
1284,French Farm Bay,2020-01-16 10:00:00,Akaroa,0.0,0.0,0.0,0.0,0.0,0.2,ebbing,medium,muddy,5,grass,2,1,1,0.0,0.0,0.249847142,1.064142995,2.521154736,2.1,2.6,18.07493883,20.85135754,6.070993153,230,-43.77601,172.910424,1,3,3,0,10,0,Onshore,Onshore,Onshore,44.2,0.0
1285,French Farm Bay,2020-01-22 11:00:00,Akaroa,0.0,0.0,0.0,0.0,0.0,0.0,incoming,medium,muddy,5,grass,2,1,1,0.0,0.0,1.615567282,2.094821639,2.968619091,-2.4,2.5,303.7274201,330.6835883,6.496819037,230,-43.77601,172.910424,1,4,2,0,11,0,Alongshore,Alongshore,Onshore,44.2,0.0
1286,French Farm Bay,2020-01-30 08:00:00,Akaroa,0.0,0.0,0.0,0.0,0.0,0.0,ebbing,medium,muddy,5,grass,2,1,1,0.0,0.0,3.573835326,1.802368441,0.802019332,0.4,2.2,126.4727176,202.2168067,227.3939148,230,-43.77601,172.910424,1,5,3,0,8,0,Alongshore,Offshore,Offshore,10.2,0.0
1287,French Farm Bay,2020-02-04 11:00:00,Akaroa,0.0,0.0,0.0,0.0,0.0,0.2,incoming,medium,muddy,5,grass,2,1,1,0.0,0.0,4.982132458,6.862276937,8.521532837,-0.4,2.1,17.84815565,14.61753085,16.44142114,230,-43.77601,172.910424,2,6,1,0,11,1,Onshore,Onshore,Onshore,10.2,0.0
1288,French Farm Bay,2020-02-12 07:00:00,Akaroa,0.0,0.0,0.0,0.0,0.0,0.0,ebbing,medium,muddy,5,grass,2,1,1,0.0,0.0,1.003374324,1.026415845,1.28533776,0.8,2.7,89.74237521,101.9446883,209.068818,230,-43.77601,172.910424,2,7,2,0,7,0,Onshore,Alongshore,Offshore,5.0,0.0
1289,French Farm Bay,2020-02-20 11:00:00,Akaroa,0.0,0.0,0.0,0.0,0.0,0.0,incoming,medium,muddy,5,grass,2,1,1,0.0,0.0,0.773115769,1.070440559,3.304593269,-2.5,2.4,34.19935119,59.42516715,108.3904472,230,-43.77601,172.910424,2,8,3,0,11,0,Onshore,Onshore,Alongshore,5.0,0.0
1290,French Farm Bay,2020-02-28 10:00:00,Akaroa,0.0,0.0,0.0,0.0,0.0,0.0,ebbing,medium,muddy,5,grass,2,1,1,0.0,0.0,1.471493221,1.494895975,3.331888545,2.6,2.2,13.95133938,40.99851454,68.47167349,230,-43.77601,172.910424,2,9,4,0,10,0,Onshore,Onshore,Onshore,5.0,0.0
1291,French Farm Bay,2020-03-04 11:00:00,Akaroa,0.0,0.4,1.2,1.8,1.8,1.8,incoming,medium,muddy,5,grass,2,1,1,0.4,6.0,5.28396432,5.029492183,5.03772435,-0.6,2.1,208.4227226,200.960208,206.0145027,230,-43.77601,172.910424,3,10,2,0,11,0,Offshore,Offshore,Offshore,5.0,0.0
1292,French Farm Bay,2020-03-17 10:00:00,Akaroa,0.0,0.0,0.0,0.0,0.0,0.0,incoming,medium,muddy,5,grass,2,1,1,0.0,0.0,4.626523585,4.174710389,4.299703523,-0.3,2.5,208.2137234,199.5979819,203.8379119,230,-43.77601,172.910424,3,12,1,0,10,0,Offshore,Offshore,Offshore,5.0,0.0
1293,French Farm Bay,2020-11-10 11:00:00,Akaroa,0.0,0.0,0.0,0.0,2.0,73.8,ebbing,medium,muddy,5,grass,2,1,1,1.4,3.0,0.913053689,0.502752713,0.751037262,0.1,2.4,70.52212153,34.09383503,84.01748142,230,-43.77601,172.910424,11,46,1,0,11,0,Onshore,Onshore,Onshore,,0.0
1294,French Farm Bay,2020-11-23 10:00:00,Akaroa,0.0,0.0,0.0,0.2,13.6,13.6,incoming,medium,muddy,5,grass,2,1,1,4.4,9.0,1.678238367,0.891189982,2.148107816,-0.2,2.4,268.5851964,275.1130692,222.097877,230,-43.77601,172.910424,11,48,0,0,10,0,Offshore,Alongshore,Offshore,10.0,0.0
1295,French Farm Bay,2020-12-03 06:00:00,Akaroa,0.0,0.0,0.0,0.0,0.0,4.4,ebbing,medium,muddy,5,grass,2,1,1,0.0,0.0,1.556743598,1.757632019,3.086922861,0.7,2.4,223.8689542,268.1041866,340.6530266,230,-43.77601,172.910424,12,49,3,0,6,0,Offshore,Offshore,Alongshore,10.0,0.0
1296,French Farm Bay,2020-12-10 12:00:00,Akaroa,0.0,0.0,0.0,0.0,0.0,0.0,ebbing,medium,muddy,5,grass,2,1,1,0.0,0.0,1.541333217,3.224988453,5.737734862,0.5,2.5,227.8404433,243.5056957,225.6171501,230,-43.77601,172.910424,12,50,3,0,12,0,Offshore,Offshore,Offshore,8.333333333333334,0.0
1297,French Farm Bay,2020-12-17 06:00:00,Akaroa,0.0,0.0,0.0,0.0,0.0,0.0,ebbing,medium,muddy,5,grass,2,1,1,0.0,0.0,1.426821715,0.936715171,0.348914842,0.7,2.8,124.08674,83.41928493,55.66542415,230,-43.77601,172.910424,12,51,3,0,6,0,Alongshore,Onshore,Onshore,8.75,0.0
1298,French Farm Bay,2020-12-22 10:00:00,Akaroa,1.2,3.8,3.8,5.6,11.4,11.4,incoming,medium,muddy,5,grass,2,1,1,2.4,15.0,1.390579861,1.410879675,1.264048312,-0.5,2.3,107.1042309,111.2040926,75.84735265,230,-43.77601,172.910424,12,52,1,0,10,1,Alongshore,Alongshore,Onshore,15.2,0.0
1299,French Farm Bay,2020-12-29 15:00:00,Akaroa,0.0,0.0,0.0,0.0,0.0,22.0,incoming,medium,muddy,5,grass,2,1,1,0.0,0.0,1.212459109,2.666329666,4.125142127,-0.3,2.2,30.67308937,344.2924986,337.2622951,230,-43.77601,172.910424,12,53,1,0,15,1,Onshore,Alongshore,Alongshore,14.2,0.0
1300,French Farm Bay,2021-01-11 12:00:00,Akaroa,0.0,0.0,0.0,0.0,1.6,1.8,incoming,medium,muddy,5,grass,2,1,1,0.8,4.0,3.656314103,4.1320858,4.924017039,-2.6,2.6,248.9744732,243.4803498,225.2347195,230,-43.77601,172.910424,1,2,0,0,12,0,Offshore,Offshore,Offshore,13.2,0.0
1301,French Farm Bay,2021-01-19 09:00:00,Akaroa,0.0,0.0,0.0,0.0,2.6,2.6,ebbing,medium,muddy,5,grass,2,1,1,1.8,2.0,3.361410175,4.762489724,6.43091432,0.2,2.3,16.80307436,25.74485435,33.8488031,230,-43.77601,172.910424,1,3,1,0,9,0,Onshore,Onshore,Onshore,14.2,0.0
1302,French Farm Bay,2021-01-26 11:00:00,Akaroa,0.0,0.0,0.0,0.0,0.0,0.0,incoming,medium,muddy,5,grass,2,1,1,0.0,0.0,0.992903029,0.775154253,2.061384736,-2.7,2.1,317.3599882,358.532742,46.39045479,230,-43.77601,172.910424,1,4,1,0,11,0,Alongshore,Alongshore,Onshore,13.2,0.0
1303,French Farm Bay,2021-02-03 10:00:00,Akaroa,0.0,0.0,0.0,0.0,0.0,0.0,ebbing,medium,muddy,5,grass,2,1,1,0.0,0.0,1.33440373,0.486648109,2.30367254,2.1,2.5,285.7293954,315.1185288,34.45230427,230,-43.77601,172.910424,2,5,2,0,10,1,Alongshore,Alongshore,Onshore,6.0,0.0
1304,French Farm Bay,2021-02-09 14:00:00,Akaroa,0.0,0.0,0.0,0.0,0.0,0.0,incoming,medium,muddy,5,grass,2,1,1,0.0,0.0,3.553464651,5.548429501,3.922109914,-0.1,2.5,6.787904058,7.23903446,23.5119248,230,-43.77601,172.910424,2,6,1,0,14,1,Onshore,Onshore,Onshore,6.0,0.0
1305,French Farm Bay,2021-02-17 09:00:00,Akaroa,0.0,0.0,0.0,0.0,5.2,5.2,ebbing,medium,muddy,5,grass,2,1,1,1.4,8.0,0.563427294,0.554791162,0.474403148,1.0,2.3,246.8245431,188.3731484,139.9281775,230,-43.77601,172.910424,2,7,2,0,9,0,Offshore,Offshore,Alongshore,6.0,0.0
1306,French Farm Bay,2021-02-23 16:00:00,Akaroa,0.0,0.0,0.0,0.0,0.0,0.0,ebbing,medium,muddy,5,grass,2,1,1,0.0,0.0,6.71150991,8.168315504,7.555620434,3.1,2.1,7.516072198,9.979056195,6.097594063,230,-43.77601,172.910424,2,8,1,0,16,0,Onshore,Onshore,Onshore,5.0,0.0
1307,French Farm Bay,2021-03-04 10:00:00,Akaroa,0.0,0.0,0.0,0.0,0.0,0.0,ebbing,medium,muddy,5,grass,2,1,1,0.0,0.0,1.710150765,0.95177477,1.738715194,2.1,2.6,359.9325715,55.40957465,71.54784461,230,-43.77601,172.910424,3,9,3,0,10,0,Alongshore,Onshore,Onshore,5.0,0.0
1308,French Farm Bay,2021-11-26 08:00:00,Akaroa,0.0,0.0,0.0,0.0,0.0,0.2,incoming,medium,muddy,5,grass,2,1,1,0.0,0.0,1.983703494,1.66929402,1.331493551,-0.2,2.2,185.6739748,111.9682385,91.46300615,230,-43.77601,172.910424,11,47,4,0,8,0,Offshore,Alongshore,Onshore,,0.0
1309,French Farm Bay,2021-12-02 14:00:00,Akaroa,0.0,0.0,0.0,0.0,0.0,0.0,ebbing,medium,muddy,5,grass,2,1,1,0.0,0.0,4.829459296,5.430491291,6.198111516,0.3,2.5,34.99989844,35.23017348,38.17571202,230,-43.77601,172.910424,12,48,3,0,14,0,Onshore,Onshore,Onshore,5.0,0.0
1310,French Farm Bay,2021-12-09 08:00:00,Akaroa,0.0,0.0,0.0,0.0,0.6,5.4,ebbing,medium,muddy,5,grass,2,1,1,0.4,2.0,0.818957153,0.57848769,0.230319126,0.1,2.7,238.7053907,145.3912147,125.575041,230,-43.77601,172.910424,12,49,3,0,8,0,Offshore,Alongshore,Alongshore,5.0,0.0
1311,French Farm Bay,2021-12-15 13:00:00,Akaroa,7.2,12.2,14.6,14.6,14.6,14.6,incoming,medium,muddy,5,grass,2,1,1,2.8,9.0,2.459323249,4.095330465,2.493048963,-0.1,2.3,26.27191115,96.05886821,94.5283226,230,-43.77601,172.910424,12,50,2,0,13,0,Onshore,Alongshore,Onshore,5.0,0.0
1312,French Farm Bay,2021-12-23 07:00:00,Akaroa,0.0,0.0,0.0,0.0,0.0,0.0,ebbing,medium,muddy,5,grass,2,1,1,0.0,0.0,2.077691542,3.48395145,4.48998659,0.5,2.3,102.0133025,112.2170608,58.69591591,230,-43.77601,172.910424,12,51,3,0,7,1,Alongshore,Alongshore,Onshore,14.0,0.0
1313,French Farm Bay,2021-12-30 12:00:00,Akaroa,0.0,0.0,0.0,0.0,1.8,8.4,incoming,medium,muddy,5,grass,2,1,1,0.8,6.0,0.576576621,1.666495722,2.712596506,-1.0,2.4,278.1742039,276.0991806,356.5377802,230,-43.77601,172.910424,12,52,3,0,12,1,Alongshore,Alongshore,Alongshore,12.2,0.0
1314,French Farm Bay,2022-01-07 07:00:00,Akaroa,0.0,0.0,0.0,0.4,0.4,0.4,incoming,medium,muddy,5,grass,2,1,1,0.2,2.0,5.269382575,5.87083757,6.195981674,-0.4,2.7,206.7420655,203.7848899,201.6109729,230,-43.77601,172.910424,1,1,4,0,7,0,Offshore,Offshore,Offshore,12.2,0.0
1315,French Farm Bay,2022-01-12 11:00:00,Akaroa,0.0,0.0,0.0,0.0,0.0,0.0,incoming,medium,muddy,5,grass,2,1,1,0.0,0.0,1.480259135,2.063076862,3.419840764,-1.0,2.2,155.6399704,150.8529882,138.7782448,230,-43.77601,172.910424,1,2,2,0,11,0,Alongshore,Alongshore,Alongshore,12.2,0.0
1316,French Farm Bay,2022-01-20 05:00:00,Akaroa,2.0,6.0,10.6,10.6,10.6,10.6,ebbing,medium,muddy,5,grass,2,1,1,2.0,10.0,5.270866498,5.027083773,4.475859113,0.1,2.4,196.8002211,206.6360026,212.460017,230,-43.77601,172.910424,1,3,3,0,5,0,Offshore,Offshore,Offshore,12.2,0.0
1317,French Farm Bay,2022-01-24 11:00:00,Akaroa,0.0,0.0,0.0,0.0,0.4,0.4,ebbing,medium,muddy,5,grass,2,1,1,0.2,2.0,0.659903311,1.694383549,3.226102648,2.3,2.4,19.13673623,15.41643917,30.7218388,230,-43.77601,172.910424,1,4,0,0,11,0,Onshore,Onshore,Onshore,38.6,0.0
1318,French Farm Bay,2022-01-26 09:00:00,Akaroa,0.0,0.0,0.0,0.0,0.0,0.0,incoming,medium,muddy,5,grass,2,1,1,0.0,0.0,0.203089974,1.006199851,1.568964685,-0.9,2.4,253.977865,258.4849418,274.6396104,230,-43.77601,172.910424,1,4,2,0,9,0,Offshore,Offshore,Offshore,38.6,0.0
1319,French Farm Bay,2022-02-01 15:00:00,Akaroa,0.0,0.0,0.0,0.0,0.0,0.0,incoming,medium,muddy,5,grass,2,1,1,0.0,0.0,3.535527578,4.960520499,5.778704914,-1.2,2.6,3.351045234,2.889302048,11.85534709,230,-43.77601,172.910424,2,5,1,0,15,1,Alongshore,Alongshore,Onshore,38.6,0.0
1320,French Farm Bay,2022-02-10 11:00:00,Akaroa,1.4,1.4,10.0,17.4,17.4,17.4,incoming,medium,muddy,5,grass,2,1,1,3.0,14.0,2.48952812,0.811392979,0.572245839,-0.7,2.2,311.2342176,33.32087698,17.06034766,230,-43.77601,172.910424,2,6,3,0,11,0,Alongshore,Onshore,Onshore,38.6,0.0
1321,French Farm Bay,2022-02-24 09:00:00,Akaroa,0.0,0.0,0.0,0.0,0.0,0.0,incoming,medium,muddy,5,grass,2,1,1,0.0,0.0,1.966891662,2.054803913,2.533912433,-0.9,2.4,38.07300832,42.85867658,50.89709858,230,-43.77601,172.910424,2,8,3,0,9,0,Onshore,Onshore,Onshore,43.8,0.0
1322,French Farm Bay,2022-03-10 10:00:00,Akaroa,0.0,0.0,0.0,0.0,0.0,0.0,incoming,medium,muddy,5,grass,2,1,1,0.0,0.0,1.554571426,1.904628369,2.849714432,-0.1,2.1,21.44139592,31.31808622,40.83927582,230,-43.77601,172.910424,3,10,3,0,10,0,Onshore,Onshore,Onshore,10.2,0.0
1323,French Farm Bay,2022-04-04 13:00:00,Akaroa,0.0,0.0,0.0,0.0,0.0,0.0,incoming,medium,muddy,5,grass,2,1,1,0.0,0.0,0.66125678,0.926072607,1.317419127,-5.4,2.5,16.80586934,1.28254952,35.83877352,230,-43.77601,172.910424,4,14,0,0,13,0,Onshore,Alongshore,Onshore,10.2,0.0
1324,Glen Bay boat ramp,2013-11-13 11:00:00,Akaroa,0.0,0.0,0.0,0.0,0.0,0.0,incoming,deep,stony,5,grass,1,0,0,0.0,0.0,1.417821534,2.756781406,4.62895342,-1.2,2.6,17.70475301,21.24755717,38.78295061,170,-43.81509,172.951134,11,46,2,0,11,0,Onshore,Onshore,Alongshore,,0.0
1325,Glen Bay boat ramp,2013-11-26 09:00:00,Akaroa,0.0,0.2,0.6,7.4,7.4,7.4,incoming,deep,stony,5,grass,1,0,0,2.0,10.0,1.206010474,1.540311109,1.810470418,-1.3,2.1,175.8988372,171.7281582,163.3840695,170,-43.81509,172.951134,11,48,1,0,9,0,Offshore,Offshore,Offshore,5.0,0.0
1326,Glen Bay boat ramp,2013-12-05 06:00:00,Akaroa,0.0,0.0,0.0,0.0,0.0,0.0,ebbing,deep,stony,5,grass,1,0,0,0.0,0.0,0.61084878,0.884422857,0.6922909,1.3,2.8,166.6217044,162.3059896,138.454703,170,-43.81509,172.951134,12,49,3,0,6,0,Offshore,Offshore,Offshore,12.5,0.0
1327,Glen Bay boat ramp,2013-12-10 08:00:00,Akaroa,0.2,0.8,0.8,0.8,1.0,1.0,incoming,deep,stony,5,grass,1,0,0,0.4,4.0,0.743984449,0.901283343,0.291245058,-1.5,2.6,80.19837802,108.32732,130.1539653,170,-43.81509,172.951134,12,50,1,0,8,0,Alongshore,Alongshore,Offshore,11.666666666666666,0.0
1328,Glen Bay boat ramp,2013-12-17 14:00:00,Akaroa,0.6,0.6,13.6,14.0,14.0,14.0,incoming,deep,stony,5,grass,1,0,0,10.0,7.0,4.432433428,3.847285215,3.680771601,-2.3,2.4,227.86025,207.1652214,163.5176482,170,-43.81509,172.951134,12,51,1,0,14,0,Alongshore,Offshore,Offshore,10.0,0.0
1329,Glen Bay boat ramp,2013-12-22 08:00:00,Akaroa,1.6,13.2,21.2,23.4,23.4,23.4,ebbing,deep,stony,5,grass,1,0,0,4.8,14.0,4.008016583,4.25514432,3.789033437,1.1,2.3,191.6347794,201.1157393,206.3247052,170,-43.81509,172.951134,12,51,6,1,8,1,Offshore,Offshore,Offshore,10.0,0.0
1330,Glen Bay boat ramp,2014-01-07 10:00:00,Akaroa,0.0,0.0,0.0,0.0,1.4,1.6,ebbing,deep,stony,5,grass,1,0,0,1.0,2.0,1.072706201,0.762569643,0.964942346,1.6,2.7,281.5706526,152.7511631,137.1458556,170,-43.81509,172.951134,1,2,1,0,10,0,Alongshore,Offshore,Offshore,13.0,0.0
1331,Glen Bay boat ramp,2014-01-14 14:00:00,Akaroa,0.0,0.0,0.0,0.0,0.2,0.2,incoming,deep,stony,5,grass,1,0,0,0.2,1.0,1.583281671,3.601369139,7.441166574,-0.9,2.3,158.0082926,171.8781587,177.9031992,170,-43.81509,172.951134,1,3,1,0,14,0,Offshore,Offshore,Offshore,11.0,0.0
1332,Glen Bay boat ramp,2014-01-21 09:00:00,Akaroa,0.6,0.6,0.6,0.6,0.6,0.6,ebbing,deep,stony,5,grass,1,0,0,0.2,3.0,2.753778974,3.073295401,2.743584353,2.1,2.3,56.67326184,58.82416892,66.03076151,170,-43.81509,172.951134,1,4,1,0,9,0,Alongshore,Alongshore,Alongshore,10.0,0.0
1333,Glen Bay boat ramp,2014-01-29 14:00:00,Akaroa,0.0,0.0,0.0,0.0,0.0,17.0,ebbing,deep,stony,5,grass,1,0,0,0.0,0.0,2.555030488,5.583460197,6.797899191,0.2,2.6,356.9706852,356.0900047,352.1245001,170,-43.81509,172.951134,1,5,2,0,14,0,Onshore,Onshore,Onshore,11.0,0.0
1334,Glen Bay boat ramp,2014-02-04 09:00:00,Akaroa,0.0,0.0,0.0,0.0,0.0,0.4,ebbing,deep,stony,5,grass,1,0,0,0.0,0.0,0.976586896,0.908968554,1.038098516,1.4,2.7,18.21784091,75.11312073,102.149629,170,-43.81509,172.951134,2,6,1,0,9,1,Onshore,Alongshore,Alongshore,10.0,0.0
1335,Glen Bay boat ramp,2014-02-11 13:00:00,Akaroa,0.0,0.0,0.0,0.0,0.0,1.8,incoming,deep,stony,5,grass,1,0,0,0.0,0.0,1.202676779,2.553521386,3.498339767,-0.3,2.2,286.2382026,302.1560273,317.5821801,170,-43.81509,172.951134,2,7,1,0,13,0,Alongshore,Alongshore,Onshore,7.0,0.0
1336,Glen Bay boat ramp,2014-02-18 08:00:00,Akaroa,0.0,0.0,0.0,0.0,0.0,0.0,ebbing,deep,stony,5,grass,1,0,0,0.0,0.0,5.204210449,5.324562436,6.510393285,2.4,2.3,351.766249,9.363170154,12.80444763,170,-43.81509,172.951134,2,8,1,0,8,0,Onshore,Onshore,Onshore,6.0,0.0
1337,Glen Bay boat ramp,2014-02-25 13:00:00,Akaroa,0.0,0.0,0.0,0.0,4.8,20.8,ebbing,deep,stony,5,grass,1,0,0,1.6,5.0,0.797412078,1.021678321,1.072856538,0.9,2.4,339.0779484,11.72962542,39.67866544,170,-43.81509,172.951134,2,9,1,0,13,0,Onshore,Onshore,Alongshore,7.0,0.0
1338,Glen Bay boat ramp,2014-03-10 09:00:00,Akaroa,0.0,0.0,0.0,0.0,0.0,0.0,incoming,deep,stony,5,grass,1,0,0,0.0,0.0,1.238160471,0.959219089,1.638587727,-2.0,2.2,62.70742993,111.1379532,128.9364845,170,-43.81509,172.951134,3,11,0,0,9,0,Alongshore,Alongshore,Offshore,6.0,0.0
1339,Glen Bay boat ramp,2014-11-19 11:00:00,Akaroa,0.0,0.0,0.0,0.0,0.0,0.0,incoming,deep,stony,5,grass,1,0,0,0.0,0.0,5.715100553,5.894846736,6.314578241,-1.9,2.2,300.8411551,304.0892398,309.3446459,170,-43.81509,172.951134,11,47,2,0,11,0,Alongshore,Alongshore,Onshore,,0.0
1340,Glen Bay boat ramp,2014-11-25 16:00:00,Akaroa,0.2,0.2,0.2,0.2,0.2,11.4,incoming,deep,stony,5,grass,1,0,0,0.2,1.0,1.419990643,1.935953393,1.954003433,-1.4,2.5,4.232632916,338.6447243,323.8136078,170,-43.81509,172.951134,11,48,1,0,16,0,Onshore,Onshore,Onshore,5.0,0.0
1341,Glen Bay boat ramp,2014-12-09 08:00:00,Akaroa,0.0,0.0,0.0,0.0,0.0,0.0,ebbing,deep,stony,5,grass,1,0,0,0.0,0.0,1.80204223,1.330813467,1.171406198,2.2,2.6,78.57187251,78.17351256,51.726388,170,-43.81509,172.951134,12,50,1,0,8,0,Alongshore,Alongshore,Alongshore,7.5,0.0
1342,Glen Bay boat ramp,2014-12-16 12:00:00,Akaroa,0.0,0.0,0.0,0.0,0.0,0.0,ebbing,deep,stony,5,grass,1,0,0,0.0,0.0,1.212063286,3.127064833,5.011554268,1.4,2.1,331.3910654,335.9670509,348.0457167,170,-43.81509,172.951134,12,51,1,0,12,0,Onshore,Onshore,Onshore,6.666666666666667,0.0
1343,Glen Bay boat ramp,2014-12-21 13:00:00,Akaroa,0.0,0.0,0.0,0.2,0.2,0.6,incoming,deep,stony,5,grass,1,0,0,0.2,1.0,3.113730736,5.063515896,6.050539513,-2.2,2.4,224.32233,219.9476595,213.7154229,170,-43.81509,172.951134,12,51,6,1,13,1,Alongshore,Alongshore,Offshore,7.5,0.0
1344,Glen Bay boat ramp,2014-12-30 11:00:00,Akaroa,0.0,0.0,0.0,0.0,0.0,0.2,ebbing,deep,stony,5,grass,1,0,0,0.0,0.0,2.396808579,2.574596386,4.613217878,0.1,2.6,341.4237283,359.7139822,4.297470265,170,-43.81509,172.951134,12,1,1,0,11,1,Onshore,Onshore,Onshore,7.0,0.0
1345,Glen Bay boat ramp,2015-01-05 15:00:00,Akaroa,0.0,0.0,0.0,0.0,0.0,0.0,incoming,deep,stony,5,grass,1,0,0,0.0,0.0,1.607431372,1.047424421,2.722052563,-0.6,2.5,77.97924664,54.21895462,139.8614447,170,-43.81509,172.951134,1,2,0,0,15,1,Alongshore,Alongshore,Offshore,8.0,0.0
1346,Glen Bay boat ramp,2015-01-13 09:00:00,Akaroa,0.0,0.0,0.0,0.0,0.0,0.0,incoming,deep,stony,5,grass,1,0,0,0.0,0.0,0.715227902,0.202022292,1.573621613,-1.0,2.1,311.4687976,292.8707037,110.3843899,170,-43.81509,172.951134,1,3,1,0,9,0,Onshore,Alongshore,Alongshore,7.0,0.0
1347,Glen Bay boat ramp,2015-01-20 14:00:00,Akaroa,0.0,0.0,0.4,0.4,0.4,0.4,incoming,deep,stony,5,grass,1,0,0,0.4,1.0,4.288167369,5.479167502,6.246643667,-1.6,2.6,226.5210764,221.7024939,218.6695014,170,-43.81509,172.951134,1,4,1,0,14,0,Alongshore,Alongshore,Alongshore,7.0,0.0
1348,Glen Bay boat ramp,2015-01-27 09:00:00,Akaroa,0.0,0.0,0.0,0.0,0.0,0.0,incoming,deep,stony,5,grass,1,0,0,0.0,0.0,1.1057732,1.32590314,1.433613411,-0.6,2.6,32.75620262,67.65957617,67.6423404,170,-43.81509,172.951134,1,5,1,0,9,0,Onshore,Alongshore,Alongshore,13.2,0.0
1349,Glen Bay boat ramp,2015-02-03 14:00:00,Akaroa,1.2,2.6,2.6,2.6,2.6,3.6,incoming,deep,stony,5,grass,1,0,0,1.4,3.0,4.413564619,4.837481807,4.640447924,-1.3,2.4,213.5078319,210.1907695,219.3064822,170,-43.81509,172.951134,2,6,1,0,14,1,Offshore,Offshore,Alongshore,13.2,0.0
1350,Glen Bay boat ramp,2015-02-10 08:00:00,Akaroa,0.0,0.2,0.2,1.6,1.6,1.6,incoming,deep,stony,5,grass,1,0,0,0.8,4.0,2.084288622,1.576129445,1.515760889,-0.5,2.2,174.5894936,176.0780466,186.942341,170,-43.81509,172.951134,2,7,1,0,8,0,Offshore,Offshore,Offshore,12.2,0.0
1351,Glen Bay boat ramp,2015-02-17 15:00:00,Akaroa,0.0,0.0,0.0,0.0,0.0,0.0,ebbing,deep,stony,5,grass,1,0,0,0.0,0.0,2.324194067,4.5459045,5.502809956,0.5,2.5,330.2712905,317.1207468,319.9080961,170,-43.81509,172.951134,2,8,1,0,15,0,Onshore,Onshore,Onshore,12.2,0.0
1352,Glen Bay boat ramp,2015-02-24 08:00:00,Akaroa,0.0,0.0,0.0,1.6,1.8,1.8,incoming,deep,stony,5,grass,1,0,0,1.6,2.0,4.433590482,3.772939921,3.804321767,-0.2,2.6,26.60071364,35.70852992,33.99658525,170,-43.81509,172.951134,2,9,1,0,8,0,Onshore,Alongshore,Onshore,13.2,0.0
1353,Glen Bay boat ramp,2015-03-03 13:00:00,Akaroa,0.0,0.0,0.6,0.6,0.6,0.6,incoming,deep,stony,5,grass,1,0,0,0.6,1.0,0.645621529,2.563627319,3.427480619,-1.9,2.3,305.5101673,309.6260384,295.682293,170,-43.81509,172.951134,3,10,1,0,13,0,Onshore,Onshore,Alongshore,7.0,0.0
1354,Glen Bay boat ramp,2015-11-18 12:00:00,Akaroa,0.2,0.2,3.0,3.0,3.0,3.0,ebbing,deep,stony,5,grass,1,0,0,1.4,4.0,7.431829425,11.12362278,10.92236278,3.4,2.5,221.6678927,221.1024144,216.72037,170,-43.81509,172.951134,11,47,2,0,12,0,Alongshore,Alongshore,Alongshore,,0.0
1355,Glen Bay boat ramp,2015-11-24 13:00:00,Akaroa,0.0,0.0,0.0,0.0,0.0,0.2,incoming,deep,stony,5,grass,1,0,0,0.0,0.0,6.856507605,7.705628448,7.980954364,-1.2,2.7,356.7532011,0.159066447,358.2578302,170,-43.81509,172.951134,11,48,1,0,13,0,Onshore,Onshore,Onshore,5.0,0.0
1356,Glen Bay boat ramp,2015-12-01 09:00:00,Akaroa,0.0,0.0,0.0,0.0,0.2,0.2,ebbing,deep,stony,5,grass,1,0,0,0.2,1.0,1.917357991,1.207128223,3.043867155,0.7,2.6,4.394641687,33.10847367,17.54128311,170,-43.81509,172.951134,12,49,1,0,9,0,Onshore,Onshore,Onshore,5.0,0.0
1357,Glen Bay boat ramp,2015-12-08 13:00:00,Akaroa,0.0,0.0,0.0,1.0,1.0,3.6,incoming,deep,stony,5,grass,1,0,0,1.0,1.0,1.771761471,4.230651337,6.295920029,-0.2,2.1,239.3546866,244.6482014,226.7710971,170,-43.81509,172.951134,12,50,1,0,13,0,Alongshore,Alongshore,Alongshore,5.0,0.0
1358,Glen Bay boat ramp,2015-12-15 07:00:00,Akaroa,0.0,0.0,0.0,0.0,12.6,12.6,ebbing,deep,stony,5,grass,1,0,0,5.4,5.0,0.709420957,0.424271116,0.493280674,0.5,2.5,356.6230268,117.175021,73.00694269,170,-43.81509,172.951134,12,51,1,0,7,0,Onshore,Alongshore,Alongshore,5.0,0.0
1359,Glen Bay boat ramp,2015-12-22 12:00:00,Akaroa,0.0,0.0,0.2,0.2,0.2,0.2,incoming,deep,stony,5,grass,1,0,0,0.2,1.0,2.944979171,5.886985278,3.110073556,-1.0,2.6,177.3916311,145.8746486,133.112016,170,-43.81509,172.951134,12,52,1,0,12,1,Offshore,Offshore,Offshore,5.0,0.0
1360,Glen Bay boat ramp,2015-12-29 07:00:00,Akaroa,0.0,0.0,0.0,0.0,0.0,0.0,ebbing,deep,stony,5,grass,1,0,0,0.0,0.0,1.372604197,1.383771828,1.324569001,0.9,2.6,170.0,151.606103,78.62594101,170,-43.81509,172.951134,12,53,1,0,7,1,Offshore,Offshore,Alongshore,16.6,0.0
1361,Glen Bay boat ramp,2016-01-06 11:00:00,Akaroa,0.0,0.0,0.0,0.0,0.0,23.0,incoming,deep,stony,5,grass,1,0,0,0.0,0.0,1.354601346,2.347849631,4.345902573,-1.5,2.1,8.218238087,18.59420134,47.89534617,170,-43.81509,172.951134,1,1,2,0,11,0,Onshore,Onshore,Alongshore,16.6,0.0
1362,Glen Bay boat ramp,2016-01-12 06:00:00,Akaroa,0.0,0.0,0.0,0.0,0.0,0.0,ebbing,deep,stony,5,grass,1,0,0,0.0,0.0,1.509741261,1.216985226,1.238942978,1.3,2.6,175.4277373,157.4703652,57.22728439,170,-43.81509,172.951134,1,2,1,0,6,0,Offshore,Offshore,Alongshore,16.6,0.0
1363,Glen Bay boat ramp,2016-01-19 11:00:00,Akaroa,0.0,1.8,5.4,5.6,7.8,7.8,incoming,deep,stony,5,grass,1,0,0,1.8,10.0,0.690645762,1.263694749,1.711635803,-0.9,2.6,3.421719296,2.858081822,36.13506862,170,-43.81509,172.951134,1,3,1,0,11,0,Onshore,Onshore,Alongshore,16.6,0.0
1364,Glen Bay boat ramp,2016-01-26 06:00:00,Akaroa,0.2,0.2,0.2,0.2,0.2,0.2,ebbing,deep,stony,5,grass,1,0,0,0.2,1.0,1.977404032,2.22606711,2.277021959,1.0,2.6,81.81815738,32.53695071,44.18414222,170,-43.81509,172.951134,1,4,1,0,6,0,Alongshore,Onshore,Alongshore,21.8,0.0
1365,Glen Bay boat ramp,2016-02-01 10:00:00,Akaroa,0.0,0.0,0.0,0.0,0.0,0.0,incoming,deep,stony,5,grass,1,0,0,0.0,0.0,0.506278708,0.158688365,1.290904458,-0.1,2.1,278.2258947,227.4356592,101.2691721,170,-43.81509,172.951134,2,5,0,0,10,1,Alongshore,Alongshore,Alongshore,10.2,0.0
1366,Glen Bay boat ramp,2016-02-10 05:00:00,Akaroa,0.0,0.0,0.0,0.0,0.0,0.0,ebbing,deep,stony,5,grass,1,0,0,0.0,0.0,2.055660622,1.38047515,1.143950217,0.4,2.7,109.9895759,106.7938178,185.1458795,170,-43.81509,172.951134,2,6,2,0,5,0,Alongshore,Alongshore,Offshore,10.2,0.0
1367,Glen Bay boat ramp,2016-02-12 07:00:00,Akaroa,0.0,0.0,0.0,0.0,0.0,0.0,ebbing,deep,stony,5,grass,1,0,0,0.0,0.0,0.45407454,0.730768206,0.678035176,0.1,2.7,185.6868592,152.7647903,143.5226159,170,-43.81509,172.951134,2,6,4,0,7,0,Offshore,Offshore,Offshore,43.8,0.0
1368,Glen Bay boat ramp,2016-02-16 10:00:00,Akaroa,0.0,0.0,0.0,0.0,0.0,0.0,incoming,deep,stony,5,grass,1,0,0,0.0,0.0,0.918456601,1.232160429,1.41388324,-0.5,2.6,243.2283713,210.8632729,215.2086697,170,-43.81509,172.951134,2,7,1,0,10,0,Alongshore,Offshore,Alongshore,43.8,0.0
1369,Glen Bay boat ramp,2016-02-23 15:00:00,Akaroa,0.0,0.0,0.0,0.0,0.0,0.0,incoming,deep,stony,5,grass,1,0,0,0.0,0.0,1.601591409,3.293034456,4.230380029,-1.8,2.5,283.7473614,284.506287,272.5725812,170,-43.81509,172.951134,2,8,1,0,15,0,Alongshore,Alongshore,Alongshore,38.6,0.0
1370,Glen Bay boat ramp,2016-11-22 10:00:00,Akaroa,0.0,0.0,0.0,0.0,0.0,0.0,incoming,deep,stony,5,grass,1,0,0,0.0,0.0,0.625605072,0.645245382,2.255515242,-0.7,2.5,332.6559408,347.3623299,81.07001189,170,-43.81509,172.951134,11,47,1,0,10,0,Onshore,Onshore,Alongshore,,0.0
1371,Glen Bay boat ramp,2016-11-29 14:00:00,Akaroa,0.0,0.0,0.0,0.0,1.2,1.2,incoming,deep,stony,5,grass,1,0,0,0.8,3.0,3.611339281,7.250906351,8.154789619,-2.2,2.3,324.4462738,337.2456814,353.1243183,170,-43.81509,172.951134,11,48,1,0,14,0,Onshore,Onshore,Onshore,5.0,0.0
1372,Glen Bay boat ramp,2016-12-06 08:00:00,Akaroa,0.0,0.0,0.0,0.0,0.0,0.0,incoming,deep,stony,5,grass,1,0,0,0.0,0.0,1.48280341,1.680757975,1.606699085,-0.1,2.4,116.0712008,119.7429394,80.32567912,170,-43.81509,172.951134,12,49,1,0,8,0,Alongshore,Alongshore,Alongshore,5.0,0.0
1373,Glen Bay boat ramp,2016-12-13 13:00:00,Akaroa,0.0,0.0,0.0,1.2,17.2,43.0,incoming,deep,stony,5,grass,1,0,0,3.8,13.0,1.419354104,2.445216741,2.401167848,-1.7,2.7,337.9298048,321.9957978,254.7779263,170,-43.81509,172.951134,12,50,1,0,13,0,Onshore,Onshore,Alongshore,5.0,0.0
1374,Glen Bay boat ramp,2016-12-20 10:00:00,Akaroa,0.0,0.0,0.0,0.0,0.0,0.0,ebbing,deep,stony,5,grass,1,0,0,0.0,0.0,0.900760384,0.361548545,1.524994888,0.7,2.5,7.828385351,77.8082565,150.1086969,170,-43.81509,172.951134,12,51,1,0,10,1,Onshore,Alongshore,Offshore,5.0,0.0
1375,Glen Bay boat ramp,2016-12-28 12:00:00,Akaroa,0.0,0.0,0.0,0.0,0.0,0.0,incoming,deep,stony,5,grass,1,0,0,0.0,0.0,2.313511059,3.839884583,4.338276795,-3.0,2.2,124.7334311,125.7412666,137.7939945,170,-43.81509,172.951134,12,52,2,0,12,1,Alongshore,Offshore,Offshore,5.0,0.0
1376,Glen Bay boat ramp,2017-01-05 10:00:00,Akaroa,0.2,0.8,1.2,11.0,15.6,17.0,ebbing,deep,stony,5,grass,1,0,0,3.8,13.0,13.44558989,11.12679351,9.232463589,0.4,2.4,223.7638833,224.7056395,228.1027478,170,-43.81509,172.951134,1,1,3,0,10,1,Alongshore,Alongshore,Alongshore,5.0,0.0
1377,Glen Bay boat ramp,2017-01-10 13:00:00,Akaroa,0.0,0.0,0.0,0.0,0.0,4.6,incoming,deep,stony,5,grass,1,0,0,0.0,0.0,2.310605362,2.731188866,2.937893535,-0.8,2.6,287.1524021,244.3423726,224.0448451,170,-43.81509,172.951134,1,2,1,0,13,0,Alongshore,Alongshore,Alongshore,16.6,0.0
1378,Glen Bay boat ramp,2017-01-17 09:00:00,Akaroa,0.0,0.0,0.0,0.0,0.0,0.0,ebbing,deep,stony,5,grass,1,0,0,0.0,0.0,3.057610772,2.285146593,2.436759935,1.4,2.6,34.26264871,58.2403063,47.0082392,170,-43.81509,172.951134,1,3,1,0,9,0,Onshore,Alongshore,Alongshore,16.6,0.0
1379,Glen Bay boat ramp,2017-01-23 12:00:00,Akaroa,0.0,0.2,4.2,47.2,64.0,64.0,incoming,deep,stony,5,grass,1,0,0,7.6,30.0,15.49138658,13.66149764,11.63101325,-0.2,2.1,231.8395934,232.3767336,233.3305123,170,-43.81509,172.951134,1,4,0,0,12,0,Alongshore,Alongshore,Alongshore,16.6,0.0
1380,Glen Bay boat ramp,2017-01-31 08:00:00,Akaroa,0.0,0.0,0.0,0.0,0.0,0.0,ebbing,deep,stony,5,grass,1,0,0,0.0,0.0,2.205602784,3.211621189,2.943186691,2.1,2.5,97.10961953,98.898011,102.2992278,170,-43.81509,172.951134,1,5,1,0,8,1,Alongshore,Alongshore,Alongshore,16.6,0.0
1381,Glen Bay boat ramp,2017-02-08 14:00:00,Akaroa,0.0,0.0,0.6,0.6,1.6,1.6,ebbing,deep,stony,5,grass,1,0,0,0.8,3.0,3.917674557,5.42309275,6.2,0.5,2.6,230.0,224.3906495,211.1301354,170,-43.81509,172.951134,2,6,2,0,14,1,Alongshore,Alongshore,Offshore,16.6,0.0
1382,Glen Bay boat ramp,2017-02-14 16:00:00,Akaroa,0.0,0.0,0.0,0.0,0.0,0.0,incoming,deep,stony,5,grass,1,0,0,0.0,0.0,4.979887843,4.787554911,3.706922187,-2.3,2.5,290.5040797,261.4928297,271.518113,170,-43.81509,172.951134,2,7,1,0,16,0,Alongshore,Alongshore,Alongshore,5.0,0.0
1383,Glen Bay boat ramp,2017-02-21 13:00:00,Akaroa,0.0,0.0,0.0,0.0,0.0,2.0,ebbing,deep,stony,5,grass,1,0,0,0.0,0.0,1.075683379,2.40825927,3.48703582,1.1,2.1,326.0755118,328.1823185,1.13945384,170,-43.81509,172.951134,2,8,1,0,13,0,Onshore,Onshore,Onshore,5.0,0.0
1384,Glen Bay boat ramp,2017-03-06 11:00:00,Akaroa,0.0,0.0,0.0,0.0,0.0,0.0,ebbing,deep,stony,5,grass,1,0,0,0.0,0.0,0.386911445,0.785775214,1.952808306,0.4,2.5,299.1771801,263.3636842,142.4711153,170,-43.81509,172.951134,3,10,0,0,11,0,Alongshore,Alongshore,Offshore,5.0,0.0
1385,Glen Bay boat ramp,2017-11-14 10:00:00,Akaroa,0.0,0.0,0.0,0.0,0.0,1.2,incoming,deep,stony,5,grass,1,0,0,0.0,0.0,0.407549524,1.107017438,2.603946613,-2.0,2.5,298.3878945,303.7577162,328.5637121,170,-43.81509,172.951134,11,46,1,0,10,0,Alongshore,Alongshore,Onshore,,0.0
1386,Glen Bay boat ramp,2017-11-29 11:00:00,Akaroa,0.0,0.0,0.0,0.0,0.0,0.0,incoming,deep,stony,5,grass,1,0,0,0.0,0.0,0.22680294,0.833283715,2.020968554,-0.3,2.3,284.7157475,298.453255,62.71122686,170,-43.81509,172.951134,11,48,2,0,11,0,Alongshore,Alongshore,Alongshore,5.0,0.0
1387,Glen Bay boat ramp,2017-12-06 07:00:00,Akaroa,0.0,0.0,0.0,0.0,0.0,0.0,ebbing,deep,stony,5,grass,1,0,0,0.0,0.0,0.631716376,0.576985528,0.328778157,1.8,2.8,141.975024,137.3393648,195.3214921,170,-43.81509,172.951134,12,49,2,0,7,0,Offshore,Offshore,Offshore,5.0,0.0
1388,Glen Bay boat ramp,2017-12-13 12:00:00,Akaroa,0.0,0.0,0.0,0.6,1.0,1.0,incoming,deep,stony,5,grass,1,0,0,0.6,2.0,2.523105104,3.363593455,4.289469082,-0.1,2.5,81.95506775,72.71408618,65.77631385,170,-43.81509,172.951134,12,50,2,0,12,0,Alongshore,Alongshore,Alongshore,5.0,0.0
1389,Glen Bay boat ramp,2017-12-21 08:00:00,Akaroa,0.0,0.0,0.0,0.0,0.0,0.0,ebbing,deep,stony,5,grass,1,0,0,0.0,0.0,1.147676716,1.215692376,1.603809864,1.9,2.3,36.67554983,68.73473559,87.91052848,170,-43.81509,172.951134,12,51,3,0,8,1,Alongshore,Alongshore,Alongshore,5.0,0.0
1390,Glen Bay boat ramp,2017-12-27 09:00:00,Akaroa,0.0,0.0,0.4,1.2,7.8,7.8,incoming,deep,stony,5,grass,1,0,0,2.2,10.0,4.13767881,5.15115162,6.002965107,-1.4,2.3,210.7019601,205.2141816,199.6033104,170,-43.81509,172.951134,12,52,2,0,9,1,Offshore,Offshore,Offshore,5.0,0.0
1391,Glen Bay boat ramp,2018-01-10 10:00:00,Akaroa,2.0,2.6,2.6,2.6,2.6,2.8,incoming,deep,stony,5,grass,1,0,0,1.0,4.0,1.21121064,2.343517988,3.851501865,-0.8,2.4,201.26953,194.9159597,184.4976467,170,-43.81509,172.951134,1,2,2,0,10,0,Offshore,Offshore,Offshore,5.0,0.0
1392,Glen Bay boat ramp,2018-01-15 13:00:00,Akaroa,0.0,0.0,0.0,0.0,0.0,0.0,incoming,deep,stony,5,grass,1,0,0,0.0,0.0,1.72239606,4.090115096,5.090577681,-2.0,2.2,347.0697093,341.4627355,348.3276067,170,-43.81509,172.951134,1,3,0,0,13,0,Onshore,Onshore,Onshore,214.8,0.125
1393,Glen Bay boat ramp,2018-01-24 10:00:00,Akaroa,0.0,0.0,0.0,0.0,0.0,0.0,ebbing,deep,stony,5,grass,1,0,0,0.0,0.0,0.393356456,0.403188129,1.288715076,0.4,2.3,277.6048034,318.7051798,108.321186,170,-43.81509,172.951134,1,4,2,0,10,0,Alongshore,Onshore,Alongshore,214.8,0.1111111111111111
1394,Glen Bay boat ramp,2018-01-29 13:00:00,Akaroa,0.0,0.0,0.0,0.0,0.0,0.0,incoming,deep,stony,5,grass,1,0,0,0.0,0.0,2.213824999,4.459782387,5.47254289,-1.2,2.5,358.3827828,352.9181692,6.210991875,170,-43.81509,172.951134,1,5,0,0,13,0,Onshore,Onshore,Onshore,215.8,0.1
1395,Glen Bay boat ramp,2018-02-09 10:00:00,Akaroa,0.0,0.0,0.0,0.0,0.0,0.0,incoming,deep,stony,5,grass,1,0,0,0.0,0.0,2.214485756,2.100435717,2.471973318,-1.3,2.3,27.89222507,54.70106874,63.105689,170,-43.81509,172.951134,2,6,4,0,10,1,Onshore,Alongshore,Alongshore,215.8,0.09090909090909091
1396,Glen Bay boat ramp,2018-02-14 13:00:00,Akaroa,0.0,0.0,0.0,0.0,0.0,0.4,incoming,deep,stony,5,grass,1,0,0,0.0,0.0,0.7545936,2.510773937,4.553735783,-1.9,2.2,262.8980953,268.8156531,251.9535328,170,-43.81509,172.951134,2,7,2,0,13,0,Alongshore,Alongshore,Alongshore,215.8,0.08333333333333333
1397,Glen Bay boat ramp,2018-02-23 11:00:00,Akaroa,0.0,0.0,0.0,0.0,11.6,175.4,ebbing,deep,stony,5,grass,1,0,0,3.4,14.0,0.69207097,1.167865583,2.185947807,1.2,2.4,290.4294749,262.6623707,240.6027107,170,-43.81509,172.951134,2,8,4,0,11,0,Alongshore,Alongshore,Alongshore,6.0,0.07692307692307693
1398,Glen Bay boat ramp,2018-03-09 12:00:00,Akaroa,1.6,2.8,2.8,2.8,2.8,6.4,ebbing,deep,stony,5,grass,1,0,0,1.4,3.0,2.72175709,4.412222393,5.870855365,2.4,2.3,171.5562369,176.1299012,175.595234,170,-43.81509,172.951134,3,10,4,0,12,0,Offshore,Offshore,Offshore,11.2,0.07142857142857142
1399,Glen Bay boat ramp,2018-03-21 08:00:00,Akaroa,0.0,0.0,0.0,0.0,0.0,0.0,ebbing,deep,stony,5,grass,1,0,0,0.0,0.0,0.533428464,0.7148111,1.139687675,1.9,2.5,200.015268,179.8862138,116.5797228,170,-43.81509,172.951134,3,12,2,0,8,0,Offshore,Offshore,Alongshore,10.2,0.06666666666666667
1400,Glen Bay boat ramp,2018-11-14 10:00:00,Akaroa,0.0,0.0,0.0,0.0,0.0,0.0,ebbing,deep,stony,5,grass,1,0,0,0.0,0.0,0.221283063,0.899408435,2.904978708,1.6,2.3,278.6927863,288.5805981,305.6847602,170,-43.81509,172.951134,11,46,2,0,10,0,Alongshore,Alongshore,Onshore,,0.0
1401,Glen Bay boat ramp,2018-11-19 12:00:00,Akaroa,0.0,0.0,0.8,27.6,28.0,28.6,incoming,deep,stony,5,grass,1,0,0,11.4,11.0,1.623667897,2.46024795,5.85027298,-0.9,2.2,239.6907202,244.6010222,224.8912848,170,-43.81509,172.951134,11,47,0,0,12,0,Alongshore,Alongshore,Alongshore,5.0,0.0
1402,Glen Bay boat ramp,2018-11-29 11:00:00,Akaroa,0.0,0.0,0.0,0.2,21.4,22.6,ebbing,deep,stony,5,grass,1,0,0,4.0,19.0,1.408137178,2.020740128,3.124456086,2.0,2.7,73.05648632,65.07591554,75.13514655,170,-43.81509,172.951134,11,48,3,0,11,0,Alongshore,Alongshore,Alongshore,70.0,0.0
1403,Glen Bay boat ramp,2018-12-03 11:00:00,Akaroa,0.8,1.4,2.4,2.6,4.6,5.2,incoming,deep,stony,5,grass,1,0,0,0.6,18.0,4.61663261,4.648427435,4.907201249,-1.2,2.6,38.23264121,37.66648173,38.67180491,170,-43.81509,172.951134,12,49,0,0,11,0,Alongshore,Alongshore,Alongshore,53.333333333333336,0.0
1404,Glen Bay boat ramp,2018-12-11 09:00:00,Akaroa,0.0,0.0,0.0,0.0,0.0,0.0,ebbing,deep,stony,5,grass,1,0,0,0.0,0.0,1.953409471,2.343131677,3.334013907,2.1,2.4,39.8860753,51.22203774,50.40133983,170,-43.81509,172.951134,12,50,1,0,9,0,Alongshore,Alongshore,Alongshore,41.25,0.0
1405,Glen Bay boat ramp,2018-12-17 10:00:00,Akaroa,0.0,0.0,0.0,0.0,0.0,0.0,incoming,deep,stony,5,grass,1,0,0,0.0,0.0,0.801920407,0.492685795,1.970204881,-0.8,2.1,301.0230065,272.498902,12.91848371,170,-43.81509,172.951134,12,51,0,0,10,0,Alongshore,Alongshore,Onshore,34.0,0.0
1406,Glen Bay boat ramp,2018-12-28 09:00:00,Akaroa,0.0,0.0,0.0,0.0,0.0,0.0,ebbing,deep,stony,5,grass,1,0,0,0.0,0.0,1.320384237,2.185536697,3.159770192,1.1,2.7,45.78348785,56.42401065,73.15423108,170,-43.81509,172.951134,12,52,4,0,9,1,Alongshore,Alongshore,Alongshore,34.0,0.0
1407,Glen Bay boat ramp,2019-01-09 08:00:00,Akaroa,0.0,0.0,0.0,0.0,0.0,5.4,ebbing,deep,stony,5,grass,1,0,0,0.0,0.0,3.696293801,5.057086534,5.962151034,1.8,2.3,39.36814386,41.66392357,43.20041718,170,-43.81509,172.951134,1,2,2,0,8,0,Alongshore,Alongshore,Alongshore,8.0,0.0
1408,Glen Bay boat ramp,2019-01-14 12:00:00,Akaroa,4.8,32.2,33.2,33.6,33.6,33.6,ebbing,deep,stony,5,grass,1,0,0,14.6,9.0,8.727132477,8.296452454,7.930877632,1.8,2.2,205.9664828,216.533978,222.9003266,170,-43.81509,172.951134,1,3,0,0,12,0,Offshore,Alongshore,Alongshore,5.0,0.0
1409,Glen Bay boat ramp,2019-01-16 13:00:00,Akaroa,0.0,0.0,0.0,0.0,0.0,33.6,ebbing,deep,stony,5,grass,1,0,0,0.0,0.0,1.964602418,3.676377908,4.984803991,1.1,2.2,354.7937112,349.5238317,346.4808177,170,-43.81509,172.951134,1,3,2,0,13,0,Onshore,Onshore,Onshore,49.2,0.0
1410,Glen Bay boat ramp,2019-01-25 09:00:00,Akaroa,0.0,0.0,0.0,0.0,9.4,9.6,ebbing,deep,stony,5,grass,1,0,0,3.8,4.0,0.930830814,0.141130946,0.661768798,1.6,2.8,270.5808795,115.6342756,100.7898199,170,-43.81509,172.951134,1,4,4,0,9,0,Alongshore,Alongshore,Alongshore,49.2,0.0
1411,Glen Bay boat ramp,2019-01-30 11:00:00,Akaroa,0.0,0.0,0.0,0.0,0.0,0.0,incoming,deep,stony,5,grass,1,0,0,0.0,0.0,0.123611706,0.988855807,2.208951487,-0.6,2.4,307.3808383,315.8722861,171.3336953,170,-43.81509,172.951134,1,5,2,0,11,0,Onshore,Onshore,Offshore,50.2,0.0
1412,Glen Bay boat ramp,2019-02-08 07:00:00,Akaroa,0.0,0.0,0.0,0.0,0.0,0.0,ebbing,deep,stony,5,grass,1,0,0,0.0,0.0,3.33275142,3.120576988,3.159507289,1.4,2.3,35.58772891,39.34670031,44.1211562,170,-43.81509,172.951134,2,6,4,0,7,1,Alongshore,Alongshore,Alongshore,51.2,0.0
1413,Glen Bay boat ramp,2019-02-13 11:00:00,Akaroa,0.0,0.0,0.0,0.0,0.0,0.0,ebbing,deep,stony,5,grass,1,0,0,0.0,0.0,0.821466657,1.595602065,3.094042182,0.7,2.2,297.2241019,292.5356242,316.420858,170,-43.81509,172.951134,2,7,2,0,11,0,Alongshore,Alongshore,Onshore,51.2,0.0
1414,Glen Bay boat ramp,2019-02-18 12:00:00,Akaroa,0.0,0.0,0.0,0.0,0.0,0.8,incoming,deep,stony,5,grass,1,0,0,0.0,0.0,0.397700002,1.399757837,2.757529575,-2.6,2.6,296.98537,284.2860076,220.3343394,170,-43.81509,172.951134,2,8,0,0,12,0,Alongshore,Alongshore,Alongshore,7.0,0.0
1415,Glen Bay boat ramp,2019-02-25 10:00:00,Akaroa,0.0,0.2,1.6,22.2,22.2,22.2,ebbing,deep,stony,5,grass,1,0,0,6.8,12.0,4.463163303,4.16178084,4.118753139,1.7,2.6,184.1602858,179.6989723,178.6681695,170,-43.81509,172.951134,2,9,0,0,10,0,Offshore,Offshore,Offshore,7.0,0.0
1416,Glen Bay boat ramp,2019-11-18 08:00:00,Akaroa,0.0,0.0,0.0,0.0,0.0,0.0,ebbing,deep,stony,5,grass,1,0,0,0.0,0.0,2.01073276,3.01090164,3.289320012,0.3,2.5,311.1705911,341.722368,26.57668663,170,-43.81509,172.951134,11,47,0,0,8,0,Onshore,Onshore,Onshore,,0.0
1417,Glen Bay boat ramp,2019-12-05 10:00:00,Akaroa,0.0,0.0,0.0,0.0,0.0,0.0,incoming,deep,stony,5,grass,1,0,0,0.0,0.0,2.17222331,1.139212709,3.994742329,-0.6,2.2,6.35866708,18.64839426,4.613879878,170,-43.81509,172.951134,12,49,3,0,10,0,Onshore,Onshore,Onshore,5.0,0.0
1418,Glen Bay boat ramp,2019-12-11 14:00:00,Akaroa,0.0,0.0,0.0,0.0,0.0,1.6,incoming,deep,stony,5,grass,1,0,0,0.0,0.0,1.529906164,4.108377966,6.33929344,-1.2,2.3,254.0602118,270.6443755,269.2757995,170,-43.81509,172.951134,12,50,2,0,14,0,Alongshore,Alongshore,Alongshore,5.0,0.0
1419,Glen Bay boat ramp,2019-12-18 10:00:00,Akaroa,1.4,9.2,28.0,39.8,46.4,46.4,ebbing,deep,stony,5,grass,1,0,0,5.2,24.0,10.33837242,11.05700926,12.34046484,1.1,2.6,222.9448721,219.9116701,222.5184873,170,-43.81509,172.951134,12,51,2,0,10,0,Alongshore,Alongshore,Alongshore,5.0,0.0
1420,Glen Bay boat ramp,2019-12-20 09:00:00,Akaroa,0.0,0.0,0.0,0.0,0.0,40.2,incoming,deep,stony,5,grass,1,0,0,0.0,0.0,9.054008104,11.49835888,11.52338959,-1.2,2.6,296.5442136,308.2724364,326.9702981,170,-43.81509,172.951134,12,51,4,0,9,1,Alongshore,Onshore,Onshore,151.5,0.2
1421,Glen Bay boat ramp,2020-01-03 11:00:00,Akaroa,0.0,0.0,0.0,0.0,0.0,0.0,ebbing,deep,stony,5,grass,1,0,0,0.0,0.0,1.228249723,2.546199363,3.954578516,0.9,2.1,192.6335186,193.7582086,178.0994146,170,-43.81509,172.951134,1,1,4,0,11,1,Offshore,Offshore,Offshore,122.2,0.16666666666666666
1422,Glen Bay boat ramp,2020-01-08 13:00:00,Akaroa,0.0,0.0,0.0,0.0,2.0,2.0,incoming,deep,stony,5,grass,1,0,0,0.8,4.0,2.378370913,2.921379385,3.230522844,-1.0,2.2,261.4534625,257.7348755,235.9463212,170,-43.81509,172.951134,1,2,2,0,13,0,Alongshore,Alongshore,Alongshore,122.2,0.14285714285714285
1423,Glen Bay boat ramp,2020-01-16 09:00:00,Akaroa,0.0,0.0,0.0,0.0,0.0,0.2,ebbing,deep,stony,5,grass,1,0,0,0.0,0.0,0.079859264,0.392568849,1.368285877,1.1,2.6,28.5038446,4.434319311,113.8373411,170,-43.81509,172.951134,1,3,3,0,9,0,Onshore,Onshore,Alongshore,122.2,0.125
1424,Glen Bay boat ramp,2020-01-22 13:00:00,Akaroa,0.0,0.0,0.0,0.0,0.0,0.0,incoming,deep,stony,5,grass,1,0,0,0.0,0.0,1.781697151,3.038451618,3.764284184,-1.4,2.5,297.4242241,304.2348943,337.8522662,170,-43.81509,172.951134,1,4,2,0,13,0,Alongshore,Alongshore,Onshore,122.2,0.1111111111111111
1425,Glen Bay boat ramp,2020-01-30 09:00:00,Akaroa,0.0,0.0,0.0,0.0,0.0,0.0,ebbing,deep,stony,5,grass,1,0,0,0.0,0.0,3.128116222,0.857724808,1.037435279,1.3,2.2,52.07018941,187.2692834,218.4480787,170,-43.81509,172.951134,1,5,3,0,9,0,Alongshore,Offshore,Alongshore,5.0,0.1
1426,Glen Bay boat ramp,2020-02-04 12:00:00,Akaroa,0.0,0.0,0.0,0.0,0.0,0.2,ebbing,deep,stony,5,grass,1,0,0,0.0,0.0,5.271813977,7.438389856,8.252996509,0.8,2.1,12.6489764,13.79968999,15.87553596,170,-43.81509,172.951134,2,6,1,0,12,1,Onshore,Onshore,Onshore,5.0,0.09090909090909091
1427,Glen Bay boat ramp,2020-02-12 07:00:00,Akaroa,0.0,0.0,0.0,0.0,0.0,0.0,ebbing,deep,stony,5,grass,1,0,0,0.0,0.0,1.003374324,1.026415845,1.28533776,1.5,2.7,89.74237521,101.9446883,209.068818,170,-43.81509,172.951134,2,7,2,0,7,0,Alongshore,Alongshore,Offshore,5.0,0.08333333333333333
1428,Glen Bay boat ramp,2020-02-20 12:00:00,Akaroa,0.0,0.0,0.0,0.0,0.0,0.0,incoming,deep,stony,5,grass,1,0,0,0.0,0.0,1.001967242,1.978856404,4.413856141,-1.4,2.4,46.75770402,49.05585676,83.97532596,170,-43.81509,172.951134,2,8,3,0,12,0,Alongshore,Alongshore,Alongshore,5.0,0.07692307692307693
1429,Glen Bay boat ramp,2020-02-28 09:00:00,Akaroa,0.0,0.0,0.0,0.0,0.0,0.0,ebbing,deep,stony,5,grass,1,0,0,0.0,0.0,1.533002642,0.82841108,1.038992723,1.6,2.2,62.58954001,106.3808061,90.26431136,170,-43.81509,172.951134,2,9,4,0,9,0,Alongshore,Alongshore,Alongshore,5.0,0.07142857142857142
1430,Glen Bay boat ramp,2020-03-04 11:00:00,Akaroa,0.0,0.4,1.2,1.8,1.8,1.8,ebbing,deep,stony,5,grass,1,0,0,0.4,6.0,5.28396432,5.029492183,5.03772435,0.1,2.1,208.4227226,200.960208,206.0145027,170,-43.81509,172.951134,3,10,2,0,11,0,Offshore,Offshore,Offshore,5.0,0.06666666666666667
1431,Glen Bay boat ramp,2020-03-17 11:00:00,Akaroa,0.0,0.0,0.0,0.0,0.0,0.0,ebbing,deep,stony,5,grass,1,0,0,0.0,0.0,4.583742542,4.383484697,4.947122379,0.6,2.5,213.189589,204.7726605,205.049255,170,-43.81509,172.951134,3,12,1,0,11,0,Offshore,Offshore,Offshore,5.0,0.0625
1432,Glen Bay boat ramp,2020-11-10 12:00:00,Akaroa,0.0,0.0,0.0,0.0,0.6,73.8,ebbing,deep,stony,5,grass,1,0,0,0.4,2.0,0.872064026,0.467013229,1.685337443,1.4,2.4,117.2397771,72.56290297,88.16004664,170,-43.81509,172.951134,11,46,1,0,12,0,Alongshore,Alongshore,Alongshore,,0.0
1433,Glen Bay boat ramp,2020-11-23 12:00:00,Akaroa,0.0,0.0,0.0,0.2,13.6,13.6,ebbing,deep,stony,5,grass,1,0,0,4.4,9.0,1.669819769,2.44991281,4.57963988,1.0,2.4,245.7683981,256.861247,233.8934817,170,-43.81509,172.951134,11,48,0,0,12,0,Alongshore,Alongshore,Alongshore,20.0,0.0
1434,Glen Bay boat ramp,2020-12-03 08:00:00,Akaroa,0.0,0.0,0.0,0.0,0.0,4.4,ebbing,deep,stony,5,grass,1,0,0,0.0,0.0,1.558118158,3.444621315,7.763418397,2.7,2.4,257.3992864,238.4743491,275.5257753,170,-43.81509,172.951134,12,49,3,0,8,0,Alongshore,Alongshore,Alongshore,12.5,0.0
1435,Glen Bay boat ramp,2020-12-10 10:00:00,Akaroa,0.0,0.0,0.0,0.0,0.0,0.0,incoming,deep,stony,5,grass,1,0,0,0.0,0.0,0.541030725,1.071050861,3.121736873,-1.2,2.5,263.5270417,267.7067323,217.3654068,170,-43.81509,172.951134,12,50,3,0,10,0,Alongshore,Alongshore,Alongshore,10.0,0.0
1436,Glen Bay boat ramp,2020-12-17 08:00:00,Akaroa,0.0,0.0,0.0,0.0,0.0,0.0,ebbing,deep,stony,5,grass,1,0,0,0.0,0.0,0.687678612,0.426188146,1.349406834,2.0,2.8,295.2338037,337.7133479,56.02826724,170,-43.81509,172.951134,12,51,3,0,8,0,Alongshore,Onshore,Alongshore,8.75,0.0
1437,Glen Bay boat ramp,2020-12-22 12:00:00,Akaroa,0.2,1.8,3.8,4.6,11.4,11.4,ebbing,deep,stony,5,grass,1,0,0,2.4,15.0,0.687091715,0.205005475,1.461971184,1.6,2.3,304.8373214,204.4412796,80.06269675,170,-43.81509,172.951134,12,52,1,0,12,1,Alongshore,Offshore,Alongshore,8.0,0.0
1438,Glen Bay boat ramp,2020-12-29 13:00:00,Akaroa,0.0,0.0,0.0,0.0,0.0,23.6,incoming,deep,stony,5,grass,1,0,0,0.0,0.0,0.818547032,2.982317419,3.509348721,-2.0,2.2,324.5938288,305.6465401,299.9148438,170,-43.81509,172.951134,12,53,1,0,13,1,Onshore,Onshore,Alongshore,5.0,0.0
1439,Glen Bay boat ramp,2021-01-11 13:00:00,Akaroa,0.0,0.0,0.0,0.0,1.6,1.6,incoming,deep,stony,5,grass,1,0,0,0.8,4.0,3.527744229,4.185704293,4.620585989,-0.7,2.6,252.031608,248.0629186,230.4722106,170,-43.81509,172.951134,1,2,0,0,13,0,Alongshore,Alongshore,Alongshore,5.0,0.0
1440,Glen Bay boat ramp,2021-01-19 10:00:00,Akaroa,0.0,0.0,0.0,0.0,2.6,2.6,ebbing,deep,stony,5,grass,1,0,0,1.8,2.0,3.845320088,5.988592646,8.096557388,1.4,2.3,14.76126318,19.21581608,30.94869342,170,-43.81509,172.951134,1,3,1,0,10,0,Onshore,Onshore,Onshore,6.0,0.0
1441,Glen Bay boat ramp,2021-01-21 10:00:00,Akaroa,0.6,1.0,1.0,1.0,1.0,1.0,incoming,deep,stony,5,grass,1,0,0,0.4,4.0,0.795034118,1.496218385,1.496300978,-0.5,2.2,319.8185971,231.3229172,22.44896985,170,-43.81509,172.951134,1,3,3,0,10,0,Onshore,Alongshore,Onshore,36.2,0.0
1442,Glen Bay boat ramp,2021-01-26 12:00:00,Akaroa,0.0,0.0,0.0,0.0,0.0,0.0,incoming,deep,stony,5,grass,1,0,0,0.0,0.0,1.109365006,1.491491445,2.723174757,-1.6,2.1,314.2139959,344.8805647,25.29691694,170,-43.81509,172.951134,1,4,1,0,12,0,Onshore,Onshore,Onshore,368.0,0.09090909090909091
1443,Glen Bay boat ramp,2021-01-28 14:00:00,Akaroa,6.0,6.0,6.2,6.2,6.2,6.2,incoming,deep,stony,5,grass,1,0,0,4.8,4.0,3.006171672,3.827207838,5.928821117,-1.8,2.3,186.9944587,179.2866753,146.6776594,170,-43.81509,172.951134,1,4,3,0,14,0,Offshore,Offshore,Offshore,368.0,0.08333333333333333
1444,Glen Bay boat ramp,2021-02-01 13:00:00,Akaroa,0.0,0.0,0.0,0.0,0.0,0.2,incoming,deep,stony,5,grass,1,0,0,0.0,0.0,1.214509801,2.679603021,4.057232588,-6.0,2.5,231.81987,253.6488955,233.8657969,170,-43.81509,172.951134,2,5,0,0,13,1,Alongshore,Alongshore,Alongshore,769.0,0.15384615384615385
1445,Glen Bay boat ramp,2021-02-03 09:00:00,Akaroa,0.0,0.0,0.0,0.0,0.0,0.0,ebbing,deep,stony,5,grass,1,0,0,0.0,0.0,1.54575488,0.553623669,0.794744278,0.5,2.5,259.2212093,71.94187734,47.00240107,170,-43.81509,172.951134,2,5,2,0,9,1,Alongshore,Alongshore,Alongshore,768.0,0.14285714285714285
1446,Glen Bay boat ramp,2021-02-09 13:00:00,Akaroa,0.0,0.0,0.0,0.0,0.0,0.0,incoming,deep,stony,5,grass,1,0,0,0.0,0.0,3.309426346,5.507470585,4.751898969,-1.1,2.5,11.33442926,12.48914028,26.65175762,170,-43.81509,172.951134,2,6,1,0,13,1,Onshore,Onshore,Onshore,737.8,0.13333333333333333
1447,Glen Bay boat ramp,2021-02-17 12:00:00,Akaroa,0.0,0.0,0.0,0.0,5.2,5.2,ebbing,deep,stony,5,grass,1,0,0,1.4,8.0,0.787165665,1.961771863,3.493334473,3.6,2.3,273.3441641,270.2493932,246.1472908,170,-43.81509,172.951134,2,7,2,0,12,0,Alongshore,Alongshore,Alongshore,406.0,0.125
1448,Glen Bay boat ramp,2021-02-23 14:00:00,Akaroa,0.0,0.0,0.0,0.0,0.0,0.0,ebbing,deep,stony,5,grass,1,0,0,0.0,0.0,5.600564307,8.569120448,8.926782413,1.8,2.1,10.04075552,9.629492906,5.800792646,170,-43.81509,172.951134,2,8,1,0,14,0,Onshore,Onshore,Onshore,406.0,0.11764705882352941
1449,Glen Bay boat ramp,2021-03-04 08:00:00,Akaroa,0.0,0.0,0.0,0.0,0.0,0.0,ebbing,deep,stony,5,grass,1,0,0,0.0,0.0,1.909486842,1.64441655,1.323811822,0.3,2.6,102.3799301,95.19736555,56.30970183,170,-43.81509,172.951134,3,9,3,0,8,0,Alongshore,Alongshore,Alongshore,5.0,0.1111111111111111
1450,Glen Bay boat ramp,2021-11-26 10:00:00,Akaroa,0.0,0.0,0.0,0.0,0.0,0.2,ebbing,deep,stony,5,grass,1,0,0,0.0,0.0,1.368632964,0.687794301,1.674908428,1.9,2.2,263.1709523,205.3354252,95.39206903,170,-43.81509,172.951134,11,47,4,0,10,0,Alongshore,Offshore,Alongshore,,0.0
1451,Glen Bay boat ramp,2021-12-02 12:00:00,Akaroa,0.0,0.0,0.0,0.0,0.0,0.0,incoming,deep,stony,5,grass,1,0,0,0.0,0.0,4.396170964,4.938592706,5.496778133,-2.0,2.5,34.55753028,37.26118277,39.21332552,170,-43.81509,172.951134,12,48,3,0,12,0,Onshore,Alongshore,Alongshore,10.0,0.0
1452,Glen Bay boat ramp,2021-12-09 10:00:00,Akaroa,0.0,0.0,0.0,0.0,0.0,5.2,ebbing,deep,stony,5,grass,1,0,0,0.0,0.0,0.358293073,1.072566646,2.399193447,2.3,2.7,279.70838,270.0073214,182.2382017,170,-43.81509,172.951134,12,49,3,0,10,0,Alongshore,Alongshore,Offshore,7.5,0.0
1453,Glen Bay boat ramp,2021-12-15 11:00:00,Akaroa,6.2,9.2,9.6,9.6,9.6,9.6,incoming,deep,stony,5,grass,1,0,0,2.4,7.0,2.879659072,5.072735982,5.820506126,-2.4,2.3,111.0507288,112.4956921,106.0543855,170,-43.81509,172.951134,12,50,2,0,11,0,Alongshore,Alongshore,Alongshore,6.666666666666667,0.0
1454,Glen Bay boat ramp,2021-12-20 13:00:00,Akaroa,0.0,0.0,0.0,0.0,0.0,9.4,incoming,deep,stony,5,grass,1,0,0,0.0,0.0,3.96671177,5.926294188,6.570162942,-3.8,2.2,6.51071164,9.454782488,24.39493559,170,-43.81509,172.951134,12,51,0,0,13,1,Onshore,Onshore,Onshore,70.5,0.0
1455,Glen Bay boat ramp,2021-12-23 09:00:00,Akaroa,0.0,0.0,0.0,0.0,0.0,0.0,ebbing,deep,stony,5,grass,1,0,0,0.0,0.0,2.135955055,3.558924461,2.37421883,2.5,2.3,35.08339964,90.94580876,75.63120062,170,-43.81509,172.951134,12,51,3,0,9,1,Alongshore,Alongshore,Alongshore,58.4,0.0
1456,Glen Bay boat ramp,2021-12-30 14:00:00,Akaroa,0.0,0.0,0.0,0.0,1.6,8.4,ebbing,deep,stony,5,grass,1,0,0,0.8,5.0,0.843825715,2.881091794,4.611657418,1.1,2.4,222.9320895,246.0563818,241.4994979,170,-43.81509,172.951134,12,52,3,0,14,1,Alongshore,Alongshore,Alongshore,58.4,0.0
1457,Glen Bay boat ramp,2022-01-07 09:00:00,Akaroa,0.0,0.0,0.0,0.4,0.4,0.4,ebbing,deep,stony,5,grass,1,0,0,0.2,2.0,5.747678325,6.285173668,6.38304902,1.6,2.7,210.1904877,208.3334264,205.2533447,170,-43.81509,172.951134,1,1,4,0,9,0,Offshore,Offshore,Offshore,69.8,0.0
1458,Glen Bay boat ramp,2022-01-12 13:00:00,Akaroa,0.0,0.0,0.0,0.0,0.0,0.0,ebbing,deep,stony,5,grass,1,0,0,0.0,0.0,1.703194297,2.598107008,2.795561393,0.8,2.2,96.81717047,125.7806489,124.0839684,170,-43.81509,172.951134,1,2,2,0,13,0,Alongshore,Offshore,Alongshore,69.8,0.0
1459,Glen Bay boat ramp,2022-01-20 06:00:00,Akaroa,1.0,5.0,10.6,10.6,10.6,10.6,ebbing,deep,stony,5,grass,1,0,0,2.0,10.0,5.020795193,4.363679647,3.799156544,1.1,2.4,189.9561183,200.8288796,209.7733818,170,-43.81509,172.951134,1,3,3,0,6,0,Offshore,Offshore,Offshore,21.4,0.0
1460,Glen Bay boat ramp,2022-01-26 11:00:00,Akaroa,0.0,0.0,0.0,0.0,0.0,0.0,ebbing,deep,stony,5,grass,1,0,0,0.0,0.0,0.622171643,1.551314169,2.319663405,1.0,2.4,277.9021498,270.2745937,275.3283061,170,-43.81509,172.951134,1,4,2,0,11,0,Alongshore,Alongshore,Alongshore,38.8,0.0
1461,Glen Bay boat ramp,2022-02-01 17:00:00,Akaroa,0.0,0.0,0.0,0.0,0.0,0.0,ebbing,deep,stony,5,grass,1,0,0,0.0,0.0,3.983661767,5.200530668,4.449474084,0.8,2.6,3.376344712,359.7805908,7.933297395,170,-43.81509,172.951134,2,5,1,0,17,1,Onshore,Onshore,Onshore,37.8,0.0
1462,Glen Bay boat ramp,2022-02-10 13:00:00,Akaroa,0.2,1.6,6.4,17.6,17.6,17.6,ebbing,deep,stony,5,grass,1,0,0,3.0,15.0,1.631997103,0.947965596,1.454568797,1.4,2.2,287.2368337,273.3590926,2.748127218,170,-43.81509,172.951134,2,6,3,0,13,0,Alongshore,Alongshore,Onshore,42.2,0.0
1463,Glen Bay boat ramp,2022-02-15 14:00:00,Akaroa,0.0,0.0,0.0,0.0,4.0,67.8,incoming,deep,stony,5,grass,1,0,0,0.8,9.0,1.453050769,3.872491503,4.875161773,-0.8,2.2,322.4485829,314.9963365,311.6005169,170,-43.81509,172.951134,2,7,1,0,14,0,Onshore,Onshore,Onshore,51.6,0.0
1464,Glen Bay boat ramp,2022-02-24 12:00:00,Akaroa,0.0,0.0,0.0,0.0,0.0,0.0,ebbing,deep,stony,5,grass,1,0,0,0.0,0.0,2.576168299,3.479348176,4.425560852,1.9,2.4,36.29373445,36.94154194,42.02359285,170,-43.81509,172.951134,2,8,3,0,12,0,Alongshore,Alongshore,Alongshore,51.6,0.0
1465,Glen Bay boat ramp,2022-03-10 12:00:00,Akaroa,0.0,0.0,0.0,0.0,0.0,0.0,ebbing,deep,stony,5,grass,1,0,0,0.0,0.0,1.939135354,2.980326354,4.098485503,1.9,2.1,1.385714777,12.77165823,26.1764966,170,-43.81509,172.951134,3,10,3,0,12,0,Onshore,Onshore,Onshore,33.2,0.0
1466,Governors Bay Sandy Beach,2013-11-12 10:00:00,Lyttelton,0.0,0.0,0.0,0.0,0.0,0.0,incoming,shallow,muddy,6,grass,0,0,0,0.0,0.0,4.681272719,5.755473171,6.529351704,-1.4,2.5,221.2809175,218.5666253,227.3436742,8,-43.619843,172.657918,11,46,1,0,10,0,Onshore,Onshore,Onshore,,0.0
1467,Governors Bay Sandy Beach,2013-11-25 10:00:00,Lyttelton,0.0,0.0,0.0,0.0,0.0,0.8,ebbing,shallow,muddy,6,grass,0,0,0,0.0,0.0,4.383382116,8.568659235,11.3833416,0.2,2.2,220.646255,224.8272164,222.5269243,8,-43.619843,172.657918,11,48,0,0,10,0,Onshore,Onshore,Onshore,5.0,0.0
1468,Governors Bay Sandy Beach,2013-12-02 16:00:00,Lyttelton,0.0,0.0,0.0,0.0,0.0,0.0,ebbing,shallow,muddy,6,grass,0,0,0,0.0,0.0,8.728127611,10.62622684,11.56544846,0.3,2.4,69.98847199,69.79964509,64.19261905,8,-43.619843,172.657918,12,49,0,0,16,0,Alongshore,Alongshore,Alongshore,5.0,0.0
1469,Governors Bay Sandy Beach,2013-12-09 09:00:00,Lyttelton,0.0,0.0,0.0,1.6,1.6,1.6,incoming,shallow,muddy,6,grass,0,0,0,0.8,3.0,12.30328116,10.57046493,9.762420307,-0.3,2.6,211.3482577,217.7280613,217.5234382,8,-43.619843,172.657918,12,50,0,0,9,0,Onshore,Onshore,Onshore,10.0,0.0
1470,Governors Bay Sandy Beach,2013-12-16 17:00:00,Lyttelton,0.0,0.0,0.0,0.0,0.0,0.0,ebbing,shallow,muddy,6,grass,0,0,0,0.0,0.0,2.182621052,2.367294218,10.26181399,0.7,2.2,67.00527602,104.1261729,156.4847704,8,-43.619843,172.657918,12,51,0,0,17,0,Alongshore,Alongshore,Onshore,26.0,0.0
1471,Governors Bay Sandy Beach,2013-12-22 08:00:00,Lyttelton,0.0,1.6,1.8,1.8,1.8,2.0,ebbing,shallow,muddy,6,grass,0,0,0,0.8,3.0,9.978417433,5.220515222,2.88606038,0.5,2.3,212.9900472,221.2527525,215.9175292,8,-43.619843,172.657918,12,51,6,1,8,1,Onshore,Onshore,Onshore,24.8,0.0
1472,Governors Bay Sandy Beach,2014-01-06 09:00:00,Lyttelton,0.0,0.0,0.0,0.4,0.4,0.4,ebbing,shallow,muddy,6,grass,0,0,0,0.4,1.0,7.29723759,5.822728911,5.983912071,0.7,2.7,170.1679135,181.9892972,271.0238338,8,-43.619843,172.657918,1,2,0,0,9,0,Onshore,Onshore,Alongshore,25.8,0.0
1473,Governors Bay Sandy Beach,2014-01-13 15:00:00,Lyttelton,0.0,0.0,0.0,0.0,0.0,0.0,ebbing,shallow,muddy,6,grass,0,0,0,0.0,0.0,5.711194932,2.776528866,5.167545716,0.5,2.2,46.23805901,208.2134378,205.523323,8,-43.619843,172.657918,1,3,0,0,15,0,Offshore,Onshore,Onshore,25.8,0.0
1474,Governors Bay Sandy Beach,2014-01-20 08:00:00,Lyttelton,0.0,0.0,0.0,0.0,0.0,0.0,ebbing,shallow,muddy,6,grass,0,0,0,0.0,0.0,3.904221148,6.241252939,8.106350477,1.0,2.3,30.86904823,15.06600332,337.435365,8,-43.619843,172.657918,1,4,0,0,8,0,Offshore,Offshore,Offshore,22.8,0.0
1475,Governors Bay Sandy Beach,2014-01-28 13:00:00,Lyttelton,0.0,0.0,0.0,0.0,3.4,3.4,incoming,shallow,muddy,6,grass,0,0,0,1.0,9.0,0.314660034,2.491444237,3.846378476,-0.3,2.4,93.51111902,111.200132,114.6004096,8,-43.619843,172.657918,1,5,1,0,13,0,Alongshore,Alongshore,Alongshore,9.0,0.0
1476,Governors Bay Sandy Beach,2014-02-03 08:00:00,Lyttelton,0.0,0.0,0.0,0.0,0.2,0.6,ebbing,shallow,muddy,6,grass,0,0,0,0.2,1.0,2.888974139,2.273332951,3.771093245,1.2,2.7,38.31380366,17.88313612,21.93036422,8,-43.619843,172.657918,2,6,0,0,8,1,Offshore,Offshore,Offshore,6.0,0.0
1477,Governors Bay Sandy Beach,2014-02-10 14:00:00,Lyttelton,0.0,0.0,0.0,0.0,0.0,0.0,ebbing,shallow,muddy,6,grass,0,0,0,0.0,0.0,7.377575083,3.438686547,2.651736543,0.3,2.2,136.2707678,186.946162,191.5759374,8,-43.619843,172.657918,2,7,0,0,14,0,Alongshore,Onshore,Onshore,6.0,0.0
1478,Governors Bay Sandy Beach,2014-02-17 06:00:00,Lyttelton,0.0,0.0,0.0,0.0,0.0,0.2,ebbing,shallow,muddy,6,grass,0,0,0,0.0,0.0,12.15545382,11.65328475,12.32549424,0.2,2.3,58.60677066,53.50892396,48.6345221,8,-43.619843,172.657918,2,8,0,0,6,0,Alongshore,Alongshore,Offshore,6.0,0.0
1479,Governors Bay Sandy Beach,2014-02-24 11:00:00,Lyttelton,0.0,0.0,0.0,2.0,9.2,9.2,incoming,shallow,muddy,6,grass,0,0,0,5.6,6.0,4.901471576,8.862162791,12.32036302,-0.9,2.3,48.34266887,42.80096758,29.90896815,8,-43.619843,172.657918,2,9,0,0,11,0,Offshore,Offshore,Offshore,6.0,0.0
1480,Governors Bay Sandy Beach,2014-03-06 08:00:00,Lyttelton,0.0,0.0,0.0,12.2,165.2,171.4,incoming,shallow,muddy,6,grass,0,0,0,10.6,28.0,2.808416022,2.337940206,3.21754627,-0.1,2.4,42.38362708,20.42895737,256.0978795,8,-43.619843,172.657918,3,10,3,0,8,0,Offshore,Offshore,Alongshore,6.0,0.0
1481,Governors Bay Sandy Beach,2014-03-10 12:00:00,Lyttelton,0.0,0.0,0.0,0.0,0.0,0.0,incoming,shallow,muddy,6,grass,0,0,0,0.0,0.0,4.995022928,7.498104272,8.079919359,-0.2,2.2,57.80804979,46.17471816,37.81640849,8,-43.619843,172.657918,3,11,0,0,12,0,Alongshore,Offshore,Offshore,41.6,0.0
1482,Governors Bay Sandy Beach,2014-11-18 13:00:00,Lyttelton,0.0,0.0,0.0,0.0,0.0,0.0,incoming,shallow,muddy,6,grass,0,0,0,0.0,0.0,6.453018467,5.207108535,3.146409099,-0.1,2.2,89.27264205,197.4895785,254.2225956,8,-43.619843,172.657918,11,47,1,0,13,0,Alongshore,Onshore,Alongshore,,0.0
1483,Governors Bay Sandy Beach,2014-11-24 16:00:00,Lyttelton,0.0,0.0,0.0,0.0,0.6,0.6,incoming,shallow,muddy,6,grass,0,0,0,0.6,1.0,6.945386925,16.44129109,17.39587696,-1.6,2.3,53.62646962,54.38108139,53.31313112,8,-43.619843,172.657918,11,48,0,0,16,0,Alongshore,Alongshore,Alongshore,5.0,0.0
1484,Governors Bay Sandy Beach,2014-12-08 17:00:00,Lyttelton,0.0,0.0,0.0,0.0,0.0,0.0,incoming,shallow,muddy,6,grass,0,0,0,0.0,0.0,8.450563738,10.61565509,11.19074605,-0.7,2.3,56.59176148,53.9518231,52.55327329,8,-43.619843,172.657918,12,50,0,0,17,0,Alongshore,Alongshore,Offshore,51.0,0.0
1485,Governors Bay Sandy Beach,2014-12-15 11:00:00,Lyttelton,0.0,0.0,0.0,0.0,0.0,1.0,ebbing,shallow,muddy,6,grass,0,0,0,0.0,0.0,7.002538993,8.097100185,8.693964739,0.5,2.2,65.01119337,57.75535963,48.12187994,8,-43.619843,172.657918,12,51,0,0,11,0,Alongshore,Alongshore,Offshore,35.666666666666664,0.0
1486,Governors Bay Sandy Beach,2014-12-22 16:00:00,Lyttelton,0.0,0.0,0.0,7.4,7.4,7.8,incoming,shallow,muddy,6,grass,0,0,0,3.4,7.0,8.342827899,10.98723282,14.42985802,-0.8,2.4,57.29787953,60.89164817,55.16078546,8,-43.619843,172.657918,12,52,0,0,16,1,Alongshore,Alongshore,Alongshore,28.0,0.0
1487,Governors Bay Sandy Beach,2014-12-24 08:00:00,Lyttelton,0.0,0.0,0.0,0.0,0.0,7.4,ebbing,shallow,muddy,6,grass,0,0,0,0.0,0.0,11.39012846,12.68130718,13.39868522,1.7,2.6,45.99253696,45.85153925,44.13216943,8,-43.619843,172.657918,12,52,2,0,8,1,Offshore,Offshore,Offshore,51.4,0.0
1488,Governors Bay Sandy Beach,2014-12-29 10:00:00,Lyttelton,0.0,0.0,0.0,0.0,1.4,1.4,incoming,shallow,muddy,6,grass,0,0,0,1.4,1.0,6.598354739,9.564490834,11.80833282,0.0,2.5,59.98691772,52.27351122,35.02965852,8,-43.619843,172.657918,12,1,0,0,10,1,Alongshore,Offshore,Offshore,51.4,0.0
1489,Governors Bay Sandy Beach,2015-01-06 05:00:00,Lyttelton,0.0,0.0,0.0,0.0,0.0,0.0,incoming,shallow,muddy,6,grass,0,0,0,0.0,0.0,3.355869644,2.522669837,3.086705512,0.0,2.4,271.1585955,318.8178342,7.536657897,8,-43.619843,172.657918,1,2,1,0,5,0,Alongshore,Alongshore,Offshore,38.2,0.0
1490,Governors Bay Sandy Beach,2015-01-12 09:00:00,Lyttelton,0.0,0.0,0.0,0.0,0.0,0.0,incoming,shallow,muddy,6,grass,0,0,0,0.0,0.0,7.020369316,8.135107965,4.003697068,-0.4,2.2,236.745188,243.7645152,236.7622137,8,-43.619843,172.657918,1,3,0,0,9,0,Alongshore,Alongshore,Alongshore,38.2,0.0
1491,Governors Bay Sandy Beach,2015-01-19 15:00:00,Lyttelton,0.0,0.0,0.0,0.0,0.0,0.0,incoming,shallow,muddy,6,grass,0,0,0,0.0,0.0,8.211026058,9.242731156,12.62497931,-0.4,2.4,317.3173947,312.5303855,321.9954537,8,-43.619843,172.657918,1,4,0,0,15,0,Alongshore,Alongshore,Alongshore,38.2,0.0
1492,Governors Bay Sandy Beach,2015-01-26 10:00:00,Lyttelton,0.0,0.0,0.0,0.0,0.0,0.0,ebbing,shallow,muddy,6,grass,0,0,0,0.0,0.0,19.45047513,19.84233868,18.82160739,0.9,2.6,50.51544842,48.36238379,47.12383557,8,-43.619843,172.657918,1,5,0,0,10,0,Offshore,Offshore,Offshore,11.2,0.0
1493,Governors Bay Sandy Beach,2015-02-02 15:00:00,Lyttelton,0.0,0.0,0.0,0.0,0.0,1.8,incoming,shallow,muddy,6,grass,0,0,0,0.0,0.0,5.521520323,10.28457978,14.7942978,-0.8,2.3,305.805032,320.7422958,342.9513136,8,-43.619843,172.657918,2,6,0,0,15,1,Alongshore,Alongshore,Offshore,14.2,0.0
1494,Governors Bay Sandy Beach,2015-02-09 08:00:00,Lyttelton,0.0,0.0,0.0,0.0,0.0,0.0,incoming,shallow,muddy,6,grass,0,0,0,0.0,0.0,2.874598961,5.290959148,10.96245458,-0.2,2.2,312.4589485,323.6803813,310.5887103,8,-43.619843,172.657918,2,7,0,0,8,1,Alongshore,Offshore,Alongshore,9.0,0.0
1495,Governors Bay Sandy Beach,2015-02-16 14:00:00,Lyttelton,0.0,0.0,0.0,0.0,0.0,0.0,ebbing,shallow,muddy,6,grass,0,0,0,0.0,0.0,3.778094901,6.040651828,7.589813682,0.2,2.3,63.38937861,67.75084616,49.36104147,8,-43.619843,172.657918,2,8,0,0,14,0,Alongshore,Alongshore,Offshore,10.0,0.0
1496,Governors Bay Sandy Beach,2015-02-23 09:00:00,Lyttelton,0.0,0.0,0.8,0.8,3.0,3.0,ebbing,shallow,muddy,6,grass,0,0,0,1.6,6.0,4.753452393,3.313918871,2.974896297,0.8,2.6,233.2840754,219.2738835,220.5070459,8,-43.619843,172.657918,2,9,0,0,9,0,Alongshore,Onshore,Onshore,10.0,0.0
1497,Governors Bay Sandy Beach,2015-03-02 14:00:00,Lyttelton,0.0,0.0,0.0,0.0,0.0,0.0,incoming,shallow,muddy,6,grass,0,0,0,0.0,0.0,4.437317644,7.444277317,14.36514986,-0.7,2.2,315.0719297,327.2035551,327.3385307,8,-43.619843,172.657918,3,10,0,0,14,0,Alongshore,Offshore,Offshore,9.0,0.0
1498,Governors Bay Sandy Beach,2015-11-17 08:00:00,Lyttelton,0.0,0.0,0.0,0.0,0.0,0.0,incoming,shallow,muddy,6,grass,0,0,0,0.0,0.0,1.776364654,6.061689692,7.777476811,0.0,2.3,261.6403146,263.9387501,351.8455859,8,-43.619843,172.657918,11,47,1,0,8,0,Alongshore,Alongshore,Offshore,,0.0
1499,Governors Bay Sandy Beach,2015-11-23 13:00:00,Lyttelton,0.0,0.0,0.0,0.0,0.0,0.0,incoming,shallow,muddy,6,grass,0,0,0,0.0,0.0,6.891514695,7.132332236,6.27635606,-0.5,2.5,58.89195236,74.56587017,66.94993537,8,-43.619843,172.657918,11,48,0,0,13,0,Alongshore,Alongshore,Alongshore,109.0,0.0
1500,Governors Bay Sandy Beach,2015-11-30 08:00:00,Lyttelton,0.0,0.0,0.0,0.0,0.8,0.8,incoming,shallow,muddy,6,grass,0,0,0,0.4,2.0,15.8287471,15.07544192,14.74320218,-0.1,2.5,68.74629117,67.31572485,64.31751354,8,-43.619843,172.657918,11,49,0,0,8,0,Alongshore,Alongshore,Alongshore,57.0,0.0
1501,Governors Bay Sandy Beach,2015-12-10 15:00:00,Lyttelton,0.0,0.0,0.0,0.0,0.0,1.4,incoming,shallow,muddy,6,grass,0,0,0,0.0,0.0,6.164976786,9.692675245,11.58840055,-1.2,2.2,70.39688612,70.54652231,67.78406933,8,-43.619843,172.657918,12,50,3,0,15,0,Alongshore,Alongshore,Alongshore,41.333333333333336,0.0
1502,Governors Bay Sandy Beach,2015-12-14 06:00:00,Lyttelton,0.2,0.2,0.2,8.2,8.2,8.2,incoming,shallow,muddy,6,grass,0,0,0,4.6,5.0,1.232918226,1.324701946,2.003069224,-0.8,2.4,296.0822338,307.883628,274.6650048,8,-43.619843,172.657918,12,51,0,0,6,0,Alongshore,Alongshore,Alongshore,32.25,0.0
1503,Governors Bay Sandy Beach,2015-12-23 13:00:00,Lyttelton,0.0,0.0,0.0,0.6,1.8,1.8,incoming,shallow,muddy,6,grass,0,0,0,0.8,5.0,3.439358631,4.184076682,1.939129833,-1.0,2.5,267.6349971,242.8806619,257.5400619,8,-43.619843,172.657918,12,52,2,0,13,1,Alongshore,Alongshore,Alongshore,26.8,0.0
1504,Governors Bay Sandy Beach,2016-01-05 12:00:00,Lyttelton,0.0,0.0,0.0,0.0,0.2,15.6,incoming,shallow,muddy,6,grass,0,0,0,0.2,1.0,5.679008674,6.407758367,7.862866852,-0.7,2.1,79.88102311,87.15542581,75.89894899,8,-43.619843,172.657918,1,1,1,0,12,1,Alongshore,Alongshore,Alongshore,6.0,0.0
1505,Governors Bay Sandy Beach,2016-01-11 16:00:00,Lyttelton,0.0,0.0,0.0,0.0,0.0,0.0,incoming,shallow,muddy,6,grass,0,0,0,0.0,0.0,15.7063721,22.39647871,24.56418078,-1.6,2.3,78.97828927,78.87279478,75.51051352,8,-43.619843,172.657918,1,2,0,0,16,0,Alongshore,Alongshore,Alongshore,6.0,0.0
1506,Governors Bay Sandy Beach,2016-01-18 10:00:00,Lyttelton,1.8,1.8,1.8,2.0,2.2,14.8,incoming,shallow,muddy,6,grass,0,0,0,0.8,5.0,10.23494203,11.20153711,12.16578283,-1.0,2.4,58.04618891,52.47452866,48.74318242,8,-43.619843,172.657918,1,3,0,0,10,0,Alongshore,Offshore,Offshore,5.0,0.0
1507,Governors Bay Sandy Beach,2016-01-25 16:00:00,Lyttelton,0.0,0.0,0.0,0.0,0.0,0.0,incoming,shallow,muddy,6,grass,0,0,0,0.0,0.0,2.238517704,6.865837419,3.602270292,-1.4,2.3,306.9677262,293.2265797,335.4092173,8,-43.619843,172.657918,1,4,0,0,16,0,Alongshore,Alongshore,Offshore,5.0,0.0
1508,Governors Bay Sandy Beach,2016-02-02 10:00:00,Lyttelton,0.0,0.0,0.0,0.0,0.0,0.0,incoming,shallow,muddy,6,grass,0,0,0,0.0,0.0,2.657349171,0.60663203,1.473673479,-1.1,2.1,123.7164916,130.2318845,260.5984063,8,-43.619843,172.657918,2,5,1,0,10,1,Alongshore,Alongshore,Alongshore,10.0,0.0
1509,Governors Bay Sandy Beach,2016-02-09 16:00:00,Lyttelton,0.0,0.0,0.0,0.0,0.0,0.0,incoming,shallow,muddy,6,grass,0,0,0,0.0,0.0,1.50880364,6.238883547,13.99253319,-1.4,2.4,260.8572478,247.0972085,83.1294413,8,-43.619843,172.657918,2,6,1,0,16,1,Alongshore,Alongshore,Alongshore,10.0,0.0
1510,Governors Bay Sandy Beach,2016-02-15 10:00:00,Lyttelton,0.0,0.0,0.0,0.0,0.0,0.0,incoming,shallow,muddy,6,grass,0,0,0,0.0,0.0,0.929001849,0.162945359,2.872799125,0.0,2.5,82.8771032,8.363041089,12.06380738,8,-43.619843,172.657918,2,7,0,0,10,0,Alongshore,Offshore,Offshore,10.0,0.0
1511,Governors Bay Sandy Beach,2016-02-22 15:00:00,Lyttelton,0.0,0.0,0.0,0.0,0.0,0.0,incoming,shallow,muddy,6,grass,0,0,0,0.0,0.0,7.827548651,13.44204805,14.45607773,-1.5,2.3,71.33255489,71.65102544,72.21847655,8,-43.619843,172.657918,2,8,0,0,15,0,Alongshore,Alongshore,Alongshore,10.0,0.0
1512,Governors Bay Sandy Beach,2016-02-29 10:00:00,Lyttelton,0.0,0.0,0.0,0.0,0.0,0.0,ebbing,shallow,muddy,6,grass,0,0,0,0.0,0.0,10.631442,15.30432338,13.12760947,0.9,2.1,223.3331537,233.8555265,247.7553475,8,-43.619843,172.657918,2,9,0,0,10,0,Onshore,Alongshore,Alongshore,10.0,0.0
1513,Governors Bay Sandy Beach,2016-11-21 10:00:00,Lyttelton,0.0,0.0,0.0,0.0,0.0,0.0,ebbing,shallow,muddy,6,grass,0,0,0,0.0,0.0,2.013192286,3.408484868,6.339214649,0.2,2.5,73.56960872,72.64142853,57.3659025,8,-43.619843,172.657918,11,47,0,0,10,0,Alongshore,Alongshore,Alongshore,,0.0
1514,Governors Bay Sandy Beach,2016-11-28 14:00:00,Lyttelton,0.0,0.0,0.0,0.0,0.0,0.0,incoming,shallow,muddy,6,grass,0,0,0,0.0,0.0,5.075133807,1.818520464,11.0604753,-1.5,2.2,73.02004255,115.2006842,201.709784,8,-43.619843,172.657918,11,48,0,0,14,0,Alongshore,Alongshore,Onshore,5.0,0.0
1515,Governors Bay Sandy Beach,2016-12-05 09:00:00,Lyttelton,0.0,0.0,0.0,0.0,0.0,0.8,incoming,shallow,muddy,6,grass,0,0,0,0.0,0.0,7.707061989,7.273131829,9.985746455,-0.1,2.3,67.75039934,63.0749088,57.63547902,8,-43.619843,172.657918,12,49,0,0,9,0,Alongshore,Alongshore,Alongshore,5.0,0.0
1516,Governors Bay Sandy Beach,2016-12-12 14:00:00,Lyttelton,0.2,1.0,5.6,6.2,9.2,9.2,incoming,shallow,muddy,6,grass,0,0,0,2.2,15.0,13.86665346,21.25193701,25.29911981,-0.7,2.5,219.6469072,228.0221641,231.0930274,8,-43.619843,172.657918,12,50,0,0,14,0,Onshore,Onshore,Onshore,5.0,0.0
1517,Governors Bay Sandy Beach,2016-12-15 09:00:00,Lyttelton,0.0,0.0,0.0,0.0,0.0,3.0,ebbing,shallow,muddy,6,grass,0,0,0,0.0,0.0,6.550273876,4.983966724,9.465844387,3.7,2.7,255.5738781,306.6752119,15.01522199,8,-43.619843,172.657918,12,50,3,0,9,0,Alongshore,Alongshore,Offshore,69.25,0.0
1518,Governors Bay Sandy Beach,2016-12-19 09:00:00,Lyttelton,0.0,0.0,0.0,0.0,0.0,0.0,incoming,shallow,muddy,6,grass,0,0,0,0.0,0.0,1.510780558,6.853027076,13.37639806,-0.1,2.6,69.37965996,55.70543478,322.9198329,8,-43.619843,172.657918,12,51,0,0,9,0,Alongshore,Alongshore,Alongshore,57.4,0.0
1519,Governors Bay Sandy Beach,2016-12-28 14:00:00,Lyttelton,0.0,0.0,0.0,0.0,0.0,0.0,incoming,shallow,muddy,6,grass,0,0,0,0.0,0.0,12.19254347,17.41459949,19.31492261,-1.8,2.2,71.76181363,70.02584375,64.16793927,8,-43.619843,172.657918,12,52,2,0,14,1,Alongshore,Alongshore,Alongshore,57.4,0.0
1520,Governors Bay Sandy Beach,2017-01-04 09:00:00,Lyttelton,0.0,0.0,0.4,1.2,1.2,1.2,incoming,shallow,muddy,6,grass,0,0,0,0.4,5.0,8.84430264,4.839813628,1.607682251,-0.3,2.4,72.5351618,268.3802979,257.0152253,8,-43.619843,172.657918,1,1,2,0,9,1,Alongshore,Alongshore,Alongshore,57.4,0.0
1521,Governors Bay Sandy Beach,2017-01-09 14:00:00,Lyttelton,0.0,0.0,0.0,0.0,3.4,15.0,ebbing,shallow,muddy,6,grass,0,0,0,1.4,8.0,2.041341272,9.513652287,13.53934924,0.6,2.4,67.07126692,66.33062125,318.8813869,8,-43.619843,172.657918,1,2,0,0,14,0,Alongshore,Alongshore,Alongshore,58.4,0.0
1522,Governors Bay Sandy Beach,2017-01-16 08:00:00,Lyttelton,0.0,0.0,0.0,0.0,0.6,0.6,ebbing,shallow,muddy,6,grass,0,0,0,0.6,1.0,2.541747543,8.251962232,12.61944084,0.9,2.6,65.98009669,50.24156573,316.3347932,8,-43.619843,172.657918,1,3,0,0,8,0,Alongshore,Offshore,Alongshore,7.0,0.0
1523,Governors Bay Sandy Beach,2017-01-24 14:00:00,Lyttelton,0.0,0.0,0.0,0.0,4.8,13.4,incoming,shallow,muddy,6,grass,0,0,0,1.2,10.0,16.99079589,18.20800666,20.62437397,-0.1,2.1,74.30384099,74.24448846,78.15877651,8,-43.619843,172.657918,1,4,1,0,14,0,Alongshore,Alongshore,Alongshore,6.0,0.0
1524,Governors Bay Sandy Beach,2017-01-30 07:00:00,Lyttelton,0.0,0.0,0.0,0.0,0.0,0.0,ebbing,shallow,muddy,6,grass,0,0,0,0.0,0.0,1.361628657,5.877152109,10.82240348,1.3,2.4,62.24054932,73.10289362,330.1335805,8,-43.619843,172.657918,1,5,0,0,7,0,Alongshore,Alongshore,Offshore,6.0,0.0
1525,Governors Bay Sandy Beach,2017-02-07 13:00:00,Lyttelton,0.0,0.0,0.0,0.3,0.3,0.3,ebbing,shallow,muddy,6,grass,0,0,0,0.2,2.0,3.615502098,3.630550508,2.942727091,0.1,2.4,113.0595323,145.0198603,231.9435963,8,-43.619843,172.657918,2,6,1,0,13,1,Alongshore,Onshore,Onshore,6.0,0.0
1526,Governors Bay Sandy Beach,2017-02-13 07:00:00,Lyttelton,0.0,0.0,0.0,0.0,0.0,0.0,ebbing,shallow,muddy,6,grass,0,0,0,0.0,0.0,3.990093856,6.453812023,8.100860593,1.2,2.5,57.10915668,44.84465482,353.4982985,8,-43.619843,172.657918,2,7,0,0,7,0,Alongshore,Offshore,Offshore,5.0,0.0
1527,Governors Bay Sandy Beach,2017-02-20 11:00:00,Lyttelton,0.0,0.0,0.0,0.0,0.8,2.8,incoming,shallow,muddy,6,grass,0,0,0,0.2,4.0,17.21397403,15.91975118,15.73277428,-0.6,2.1,67.62924035,69.03849899,69.23472638,8,-43.619843,172.657918,2,8,0,0,11,0,Alongshore,Alongshore,Alongshore,10.2,0.0
1528,Governors Bay Sandy Beach,2017-03-02 07:00:00,Lyttelton,0.0,0.0,0.0,0.0,0.0,0.0,ebbing,shallow,muddy,6,grass,0,0,0,0.0,0.0,3.312174187,2.062715962,1.114696684,0.2,2.5,300.7428363,344.4149814,299.9625649,8,-43.619843,172.657918,3,9,3,0,7,0,Alongshore,Offshore,Alongshore,11.2,0.0
1529,Governors Bay Sandy Beach,2017-11-23 08:00:00,Lyttelton,0.0,0.0,0.0,0.0,0.0,0.0,ebbing,shallow,muddy,6,grass,0,0,0,0.0,0.0,1.371202242,1.009583624,2.941003635,0.3,2.2,121.321071,124.0120576,79.13681567,8,-43.619843,172.657918,11,47,3,0,8,0,Alongshore,Alongshore,Alongshore,,0.0
1530,Governors Bay Sandy Beach,2017-11-29 12:00:00,Lyttelton,0.0,0.0,0.0,0.0,0.0,0.0,incoming,shallow,muddy,6,grass,0,0,0,0.0,0.0,4.563543539,6.588987012,9.257992895,-0.7,2.3,74.06492402,77.02042186,72.65352768,8,-43.619843,172.657918,11,48,2,0,12,0,Alongshore,Alongshore,Alongshore,10.0,0.0
1531,Governors Bay Sandy Beach,2017-12-06 07:00:00,Lyttelton,0.0,0.0,0.0,0.0,0.0,0.0,ebbing,shallow,muddy,6,grass,0,0,0,0.0,0.0,3.516121705,2.46003646,0.868025725,1.1,2.7,135.8028798,86.24076309,39.97372475,8,-43.619843,172.657918,12,49,2,0,7,0,Alongshore,Alongshore,Offshore,7.5,0.0
1532,Governors Bay Sandy Beach,2017-12-13 12:00:00,Lyttelton,0.0,0.0,1.2,1.2,1.2,1.2,incoming,shallow,muddy,6,grass,0,0,0,0.6,2.0,13.98029007,14.77927655,20.2414929,-0.6,2.3,63.08147592,62.16567661,58.66745444,8,-43.619843,172.657918,12,50,2,0,12,0,Alongshore,Alongshore,Alongshore,6.666666666666667,0.0
1533,Governors Bay Sandy Beach,2017-12-20 07:00:00,Lyttelton,0.0,0.0,0.0,0.0,0.0,0.2,ebbing,shallow,muddy,6,grass,0,0,0,0.0,0.0,25.75978883,27.61384624,23.73092968,1.2,2.3,224.8621236,227.0707952,227.7263991,8,-43.619843,172.657918,12,51,2,0,7,1,Onshore,Onshore,Onshore,10.0,0.0
1534,Governors Bay Sandy Beach,2017-12-28 10:00:00,Lyttelton,0.0,0.0,0.0,0.2,3.8,5.4,incoming,shallow,muddy,6,grass,0,0,0,1.0,8.0,7.354362921,6.650911382,7.570414588,-1.4,2.3,234.5842206,241.4269781,229.2703021,8,-43.619843,172.657918,12,52,3,0,10,1,Alongshore,Alongshore,Onshore,12.0,0.0
1535,Governors Bay Sandy Beach,2018-01-10 12:00:00,Lyttelton,1.6,2.2,2.8,2.8,2.8,2.8,ebbing,shallow,muddy,6,grass,0,0,0,1.0,6.0,16.10734821,18.59782676,17.89452895,1.0,2.3,257.1171314,262.0936129,262.9649282,8,-43.619843,172.657918,1,2,2,0,12,0,Alongshore,Alongshore,Alongshore,44.6,0.0
1536,Governors Bay Sandy Beach,2018-01-15 17:00:00,Lyttelton,0.0,0.0,0.0,0.0,0.0,0.2,ebbing,shallow,muddy,6,grass,0,0,0,0.0,0.0,21.07248133,22.53543504,20.35193712,1.0,2.2,75.98065762,74.88393428,70.73326169,8,-43.619843,172.657918,1,3,0,0,17,0,Alongshore,Alongshore,Alongshore,156.2,0.125
1537,Governors Bay Sandy Beach,2018-01-24 11:00:00,Lyttelton,0.0,0.0,0.0,0.0,0.0,0.0,ebbing,shallow,muddy,6,grass,0,0,0,0.0,0.0,0.74059392,1.41105297,1.691054333,1.2,2.3,244.2196638,140.2909867,244.3428123,8,-43.619843,172.657918,1,4,2,0,11,0,Alongshore,Alongshore,Alongshore,156.2,0.1111111111111111
1538,Governors Bay Sandy Beach,2018-02-02 10:00:00,Lyttelton,0.4,1.0,2.2,2.2,2.2,2.2,ebbing,shallow,muddy,6,grass,0,0,0,0.6,8.0,21.34330912,21.83770834,23.1209269,4.8,2.7,236.3081099,239.9232536,243.9704898,8,-43.619843,172.657918,2,5,4,0,10,1,Alongshore,Alongshore,Alongshore,154.2,0.1
1539,Governors Bay Sandy Beach,2018-02-05 08:00:00,Lyttelton,0.0,0.0,0.0,0.0,1.2,1.6,incoming,shallow,muddy,6,grass,0,0,0,0.6,3.0,7.342491136,2.128716232,1.30387702,-0.6,2.5,230.6976308,338.0342656,300.0051755,8,-43.619843,172.657918,2,6,0,0,8,1,Onshore,Offshore,Alongshore,269.8,0.18181818181818182
1540,Governors Bay Sandy Beach,2018-02-07 08:00:00,Lyttelton,0.0,0.4,0.4,0.4,0.4,0.4,incoming,shallow,muddy,6,grass,0,0,0,0.4,1.0,4.478973331,3.622762769,3.220326849,-2.3,2.3,77.18859687,68.60005653,43.41862587,8,-43.619843,172.657918,2,6,2,0,8,1,Alongshore,Alongshore,Offshore,237.2,0.16666666666666666
1541,Governors Bay Sandy Beach,2018-02-14 14:00:00,Lyttelton,0.0,0.0,0.0,0.0,0.0,0.6,incoming,shallow,muddy,6,grass,0,0,0,0.0,0.0,13.17873437,15.71515744,14.98562626,-1.9,2.2,239.7241714,243.7007236,245.6725498,8,-43.619843,172.657918,2,7,2,0,14,0,Alongshore,Alongshore,Alongshore,125.6,0.15384615384615385
1542,Governors Bay Sandy Beach,2018-02-27 15:00:00,Lyttelton,0.0,0.0,0.0,0.0,3.4,3.4,ebbing,shallow,muddy,6,grass,0,0,0,1.2,6.0,5.41757839,10.67814931,13.261579,0.7,2.4,79.12062487,78.62658188,86.53929363,8,-43.619843,172.657918,2,9,1,0,15,0,Alongshore,Alongshore,Alongshore,128.6,0.14285714285714285
1543,Governors Bay Sandy Beach,2018-03-14 14:00:00,Lyttelton,0.0,0.0,0.0,0.0,0.0,0.0,incoming,shallow,muddy,6,grass,0,0,0,0.0,0.0,5.27842546,9.988025022,14.08461286,-0.3,2.2,79.37866537,81.82383963,75.39950573,8,-43.619843,172.657918,3,11,2,0,14,0,Alongshore,Alongshore,Alongshore,132.8,0.13333333333333333
1544,Governors Bay Sandy Beach,2018-03-20 09:00:00,Lyttelton,0.0,0.0,0.0,0.0,0.0,0.0,ebbing,shallow,muddy,6,grass,0,0,0,0.0,0.0,12.46478481,11.1136782,11.45306093,3.0,2.3,58.69497939,57.04087541,57.90097866,8,-43.619843,172.657918,3,12,1,0,9,0,Alongshore,Alongshore,Alongshore,19.4,0.125
1545,Governors Bay Sandy Beach,2018-11-13 10:00:00,Lyttelton,0.0,0.0,0.0,0.0,0.0,0.0,ebbing,shallow,muddy,6,grass,0,0,0,0.0,0.0,6.402985582,8.744154428,11.97024653,0.9,2.3,255.2493377,259.1546037,257.561028,8,-43.619843,172.657918,11,46,1,0,10,0,Alongshore,Alongshore,Alongshore,,0.0
1546,Governors Bay Sandy Beach,2018-11-19 13:00:00,Lyttelton,0.2,0.2,0.4,1.2,1.2,1.2,incoming,shallow,muddy,6,grass,0,0,0,0.6,4.0,8.047433392,8.638200594,14.50926672,0.0,2.2,223.6829617,227.0771893,229.4172152,8,-43.619843,172.657918,11,47,0,0,13,0,Onshore,Onshore,Onshore,5.0,0.0
1547,Governors Bay Sandy Beach,2018-11-21 12:00:00,Lyttelton,0.0,0.0,0.0,9.4,13.0,14.2,incoming,shallow,muddy,6,grass,0,0,0,3.8,7.0,1.613422537,10.8683479,14.59621332,-2.5,2.3,231.5008837,240.4069573,246.0513672,8,-43.619843,172.657918,11,47,2,0,12,0,Onshore,Alongshore,Alongshore,512.0,0.3333333333333333
1548,Governors Bay Sandy Beach,2018-11-29 10:00:00,Lyttelton,0.0,0.0,0.0,1.4,5.0,5.0,ebbing,shallow,muddy,6,grass,0,0,0,1.6,12.0,12.47706273,11.78892049,12.32028842,0.3,2.6,76.66814766,70.36394199,75.18301594,8,-43.619843,172.657918,11,48,3,0,10,0,Alongshore,Alongshore,Alongshore,369.6666666666667,0.25
1549,Governors Bay Sandy Beach,2018-12-03 14:00:00,Lyttelton,0.0,0.2,0.2,0.6,1.2,1.6,ebbing,shallow,muddy,6,grass,0,0,0,0.2,6.0,19.41790854,20.41911538,21.25713888,0.6,2.4,70.32928432,66.80581274,66.44455385,8,-43.619843,172.657918,12,49,0,0,14,0,Alongshore,Alongshore,Alongshore,282.25,0.2
1550,Governors Bay Sandy Beach,2018-12-11 08:00:00,Lyttelton,0.0,0.0,0.0,0.0,0.0,0.0,ebbing,shallow,muddy,6,grass,0,0,0,0.0,0.0,12.23216915,13.03038811,14.33291559,1.1,2.3,61.86633722,59.68538539,59.1181122,8,-43.619843,172.657918,12,50,1,0,8,0,Alongshore,Alongshore,Alongshore,247.8,0.16666666666666666
1551,Governors Bay Sandy Beach,2018-12-17 12:00:00,Lyttelton,0.0,0.0,0.0,0.0,0.0,0.0,ebbing,shallow,muddy,6,grass,0,0,0,0.0,0.0,12.49948785,11.39353532,13.09479512,0.3,2.2,80.80657783,77.21552855,70.41807444,8,-43.619843,172.657918,12,51,0,0,12,0,Alongshore,Alongshore,Alongshore,250.8,0.14285714285714285
1552,Governors Bay Sandy Beach,2018-12-28 08:00:00,Lyttelton,0.0,0.0,0.0,0.0,0.0,0.2,incoming,shallow,muddy,6,grass,0,0,0,0.0,0.0,9.243183559,11.08958381,13.52452578,-0.6,2.6,64.11405759,66.82418278,58.5852368,8,-43.619843,172.657918,12,52,4,0,8,1,Alongshore,Alongshore,Alongshore,48.0,0.125
1553,Governors Bay Sandy Beach,2019-01-03 15:00:00,Lyttelton,0.0,0.0,0.0,0.0,0.0,0.6,ebbing,shallow,muddy,6,grass,0,0,0,0.0,0.0,3.296508111,6.852093483,4.116516802,0.5,2.3,102.5410421,87.62027885,94.16094881,8,-43.619843,172.657918,1,1,3,0,15,1,Alongshore,Alongshore,Alongshore,551.0,0.2222222222222222
1554,Governors Bay Sandy Beach,2019-01-09 08:00:00,Lyttelton,0.0,0.0,0.0,0.0,0.0,6.2,ebbing,shallow,muddy,6,grass,0,0,0,0.0,0.0,16.67443461,19.04636259,19.59132783,1.0,2.3,62.66823606,63.2745141,58.76400185,8,-43.619843,172.657918,1,2,2,0,8,0,Alongshore,Alongshore,Alongshore,548.0,0.2
1555,Governors Bay Sandy Beach,2019-01-15 12:00:00,Lyttelton,0.0,0.0,0.0,0.0,14.2,14.2,ebbing,shallow,muddy,6,grass,0,0,0,5.2,11.0,12.52175496,12.3780299,12.08127029,0.5,2.2,224.2426036,223.9932542,235.2018872,8,-43.619843,172.657918,1,3,1,0,12,0,Onshore,Onshore,Alongshore,545.6,0.18181818181818182
1556,Governors Bay Sandy Beach,2019-01-24 07:00:00,Lyttelton,0.0,0.0,1.0,3.0,3.2,3.2,ebbing,shallow,muddy,6,grass,0,0,0,1.8,5.0,18.21317249,11.62703924,10.56863158,0.2,2.7,247.9792489,249.4640452,235.5464056,8,-43.619843,172.657918,1,4,3,0,7,0,Alongshore,Alongshore,Alongshore,563.4,0.16666666666666666
1557,Governors Bay Sandy Beach,2019-01-29 10:00:00,Lyttelton,0.0,0.0,0.0,0.0,0.0,0.0,incoming,shallow,muddy,6,grass,0,0,0,0.0,0.0,13.31868945,15.85741162,18.4593283,-1.6,2.4,73.13721091,66.96883258,55.84914458,8,-43.619843,172.657918,1,5,1,0,10,0,Alongshore,Alongshore,Alongshore,572.8,0.15384615384615385
1558,Governors Bay Sandy Beach,2019-02-08 07:00:00,Lyttelton,0.0,0.0,0.0,0.0,0.0,0.0,ebbing,shallow,muddy,6,grass,0,0,0,0.0,0.0,16.03680176,16.39462041,16.49770861,0.1,2.2,64.70300281,62.3948123,59.22614961,8,-43.619843,172.657918,2,6,4,0,7,1,Alongshore,Alongshore,Alongshore,67.6,0.14285714285714285
1559,Governors Bay Sandy Beach,2019-02-14 11:00:00,Lyttelton,0.0,0.0,0.0,0.0,0.0,0.0,incoming,shallow,muddy,6,grass,0,0,0,0.0,0.0,15.79885576,15.56884265,16.22447246,-0.5,2.2,83.64499862,75.93208549,70.55418063,8,-43.619843,172.657918,2,7,3,0,11,0,Alongshore,Alongshore,Alongshore,68.6,0.13333333333333333
1560,Governors Bay Sandy Beach,2019-02-18 15:00:00,Lyttelton,0.0,0.0,0.0,0.0,0.0,0.0,incoming,shallow,muddy,6,grass,0,0,0,0.0,0.0,4.958707312,12.5569893,16.07409925,-0.6,2.5,82.97513545,84.40344176,86.43381701,8,-43.619843,172.657918,2,8,0,0,15,0,Alongshore,Alongshore,Alongshore,50.0,0.125
1561,Governors Bay Sandy Beach,2019-02-28 11:00:00,Lyttelton,0.0,0.0,1.2,3.0,3.0,3.0,incoming,shallow,muddy,6,grass,0,0,0,0.8,6.0,21.43408451,23.19224613,20.98032003,-1.1,2.2,229.0476032,230.5825322,234.9088245,8,-43.619843,172.657918,2,9,3,0,11,0,Onshore,Onshore,Alongshore,29.2,0.11764705882352941
1562,Governors Bay Sandy Beach,2019-03-04 08:00:00,Lyttelton,0.0,0.0,0.0,0.0,0.0,0.0,ebbing,shallow,muddy,6,grass,0,0,0,0.0,0.0,8.152387672,12.02056096,12.43289601,5.3,2.3,58.63807294,56.30658719,60.56641251,8,-43.619843,172.657918,3,10,0,0,8,0,Alongshore,Alongshore,Alongshore,47.8,0.1111111111111111
1563,Governors Bay Sandy Beach,2019-11-18 09:00:00,Lyttelton,0.0,0.0,0.0,0.0,0.0,0.0,ebbing,shallow,muddy,6,grass,0,0,0,0.0,0.0,5.073733209,6.50259143,10.08044845,0.7,2.4,251.1669867,250.9981275,252.2987334,8,-43.619843,172.657918,11,47,0,0,9,0,Alongshore,Alongshore,Alongshore,,0.0
1564,Governors Bay Sandy Beach,2019-12-03 10:00:00,Lyttelton,0.0,0.0,0.0,0.0,0.0,0.0,incoming,shallow,muddy,6,grass,0,0,0,0.0,0.0,12.33212783,15.58354761,16.72790267,0.0,2.3,75.00934969,76.76443675,74.64106775,8,-43.619843,172.657918,12,49,1,0,10,0,Alongshore,Alongshore,Alongshore,10.0,0.0
1565,Governors Bay Sandy Beach,2019-12-05 13:00:00,Lyttelton,0.0,0.0,0.0,0.0,0.0,0.0,ebbing,shallow,muddy,6,grass,0,0,0,0.0,0.0,5.265951252,10.77165128,13.25701649,2.2,2.2,76.32628791,71.62644397,63.76175092,8,-43.619843,172.657918,12,49,3,0,13,0,Alongshore,Alongshore,Alongshore,499.0,0.3333333333333333
1566,Governors Bay Sandy Beach,2019-12-10 15:00:00,Lyttelton,0.0,0.0,0.0,0.0,0.0,0.0,incoming,shallow,muddy,6,grass,0,0,0,0.0,0.0,11.60026072,15.22995225,16.79785233,-0.5,2.2,88.40082781,88.64226703,86.60050375,8,-43.619843,172.657918,12,50,1,0,15,0,Alongshore,Alongshore,Alongshore,334.3333333333333,0.25
1567,Governors Bay Sandy Beach,2019-12-18 09:00:00,Lyttelton,2.2,7.4,14.0,17.4,22.2,22.2,incoming,shallow,muddy,6,grass,0,0,0,2.8,29.0,26.07932399,25.34818514,25.427399,0.0,2.5,247.3866002,243.5010504,246.0907722,8,-43.619843,172.657918,12,51,2,0,9,0,Alongshore,Alongshore,Alongshore,252.0,0.2
1568,Governors Bay Sandy Beach,2019-12-20 10:00:00,Lyttelton,0.0,0.2,0.2,0.2,0.4,18.2,incoming,shallow,muddy,6,grass,0,0,0,0.2,2.0,8.740234567,16.6102932,14.49126219,-0.6,2.5,269.9461974,274.0719535,290.8805293,8,-43.619843,172.657918,12,51,4,0,10,1,Alongshore,Alongshore,Alongshore,524.8,0.3333333333333333
1569,Governors Bay Sandy Beach,2019-12-22 12:00:00,Lyttelton,0.0,0.0,0.0,0.0,1.4,1.6,incoming,shallow,muddy,6,grass,0,0,0,1.0,3.0,16.66603171,17.51644172,18.54530255,-1.3,2.4,82.20199964,79.45675082,77.43308952,8,-43.619843,172.657918,12,51,6,1,12,1,Alongshore,Alongshore,Alongshore,562.6,0.2857142857142857
1570,Governors Bay Sandy Beach,2019-12-30 07:00:00,Lyttelton,0.0,0.0,0.0,0.0,0.0,0.0,incoming,shallow,muddy,6,grass,0,0,0,0.0,0.0,3.248513602,6.515876618,5.131606025,-0.5,2.4,275.3450608,274.3886883,279.7749063,8,-43.619843,172.657918,12,1,0,0,7,1,Alongshore,Alongshore,Alongshore,366.0,0.25
1571,Governors Bay Sandy Beach,2020-01-07 14:00:00,Lyttelton,0.0,0.4,0.4,0.4,0.4,0.6,incoming,shallow,muddy,6,grass,0,0,0,0.4,1.0,24.48771111,20.82818372,19.54170492,-0.1,2.1,225.7184001,230.3115648,234.2921047,8,-43.619843,172.657918,1,2,1,0,14,0,Onshore,Onshore,Alongshore,367.0,0.2222222222222222
1572,Governors Bay Sandy Beach,2020-01-15 09:00:00,Lyttelton,0.0,0.0,0.0,0.0,1.0,1.0,ebbing,shallow,muddy,6,grass,0,0,0,0.4,4.0,2.009777881,1.296724528,1.696019373,0.7,2.6,201.1831942,248.3965821,67.58041459,8,-43.619843,172.657918,1,3,2,0,9,0,Onshore,Alongshore,Alongshore,368.0,0.2
1573,Governors Bay Sandy Beach,2020-01-21 13:00:00,Lyttelton,0.0,0.0,0.0,0.0,0.2,0.2,incoming,shallow,muddy,6,grass,0,0,0,0.2,1.0,7.844481561,9.815953765,11.19457386,-0.8,2.3,95.90505428,86.44655699,75.96473416,8,-43.619843,172.657918,1,4,1,0,13,0,Alongshore,Alongshore,Alongshore,45.8,0.18181818181818182
1574,Governors Bay Sandy Beach,2020-01-28 08:00:00,Lyttelton,0.0,0.0,0.0,0.0,0.0,0.0,ebbing,shallow,muddy,6,grass,0,0,0,0.0,0.0,10.61212288,11.84400287,12.75365734,1.0,2.3,277.9736323,278.6055094,276.8318648,8,-43.619843,172.657918,1,5,1,0,8,0,Alongshore,Alongshore,Alongshore,7.0,0.16666666666666666
1575,Governors Bay Sandy Beach,2020-02-05 13:00:00,Lyttelton,0.0,0.0,0.6,6.0,6.0,6.0,ebbing,shallow,muddy,6,grass,0,0,0,1.8,9.0,13.34674236,6.660659867,3.58004374,0.1,2.1,227.7285606,248.6381187,246.9092042,8,-43.619843,172.657918,2,6,2,0,13,1,Onshore,Alongshore,Alongshore,7.0,0.15384615384615385
1576,Governors Bay Sandy Beach,2020-02-11 07:00:00,Lyttelton,0.0,0.0,0.0,0.0,0.0,0.8,ebbing,shallow,muddy,6,grass,0,0,0,0.0,0.0,2.285643303,4.33680078,4.349959067,1.0,2.6,273.4634371,271.3522907,282.1828696,8,-43.619843,172.657918,2,7,1,0,7,0,Alongshore,Alongshore,Alongshore,9.0,0.14285714285714285
1577,Governors Bay Sandy Beach,2020-02-19 14:00:00,Lyttelton,0.0,0.0,0.0,0.0,0.0,0.0,ebbing,shallow,muddy,6,grass,0,0,0,0.0,0.0,1.729023918,4.058046395,11.38713748,0.4,2.3,84.43410496,73.9399195,66.03610355,8,-43.619843,172.657918,2,8,2,0,14,0,Alongshore,Alongshore,Alongshore,15.2,0.13333333333333333
1578,Governors Bay Sandy Beach,2020-02-26 08:00:00,Lyttelton,0.0,0.0,0.0,0.0,0.0,0.0,ebbing,shallow,muddy,6,grass,0,0,0,0.0,0.0,11.83277188,11.61305351,10.91708107,1.6,2.3,75.81010657,76.3596352,73.04453391,8,-43.619843,172.657918,2,9,2,0,8,0,Alongshore,Alongshore,Alongshore,16.2,0.125
1579,Governors Bay Sandy Beach,2020-03-04 11:00:00,Lyttelton,0.0,0.0,0.0,1.2,1.2,1.2,incoming,shallow,muddy,6,grass,0,0,0,0.8,3.0,11.22470055,12.3929717,17.49519486,-0.6,2.1,239.3098857,246.453523,253.5437407,8,-43.619843,172.657918,3,10,2,0,11,0,Alongshore,Alongshore,Alongshore,17.2,0.11764705882352941
1580,Governors Bay Sandy Beach,2020-03-18 12:00:00,Lyttelton,0.0,0.0,0.0,0.0,0.0,0.0,ebbing,shallow,muddy,6,grass,0,0,0,0.0,0.0,2.042140329,5.052176077,10.88351626,0.3,2.3,90.02376944,92.75289947,87.80362111,8,-43.619843,172.657918,3,12,2,0,12,0,Alongshore,Alongshore,Alongshore,17.2,0.1111111111111111
1581,Governors Bay Sandy Beach,2020-03-20 11:00:00,Lyttelton,0.8,0.8,0.8,0.8,0.8,0.8,incoming,shallow,muddy,6,grass,0,0,0,0.6,2.0,6.669170723,5.764133469,5.351736274,-2.5,2.2,287.4021169,271.0792227,253.7010062,8,-43.619843,172.657918,3,12,4,0,11,0,Alongshore,Alongshore,Alongshore,151.0,0.15789473684210525
1582,Governors Bay Sandy Beach,2020-11-10 12:00:00,Lyttelton,0.0,0.0,0.0,0.0,0.0,22.0,ebbing,shallow,muddy,6,grass,0,0,0,0.0,0.0,3.75975293,3.278779995,2.900141448,0.3,2.3,189.5971987,241.7858312,259.4079382,8,-43.619843,172.657918,11,46,1,0,12,0,Onshore,Alongshore,Alongshore,,0.0
1583,Governors Bay Sandy Beach,2020-11-23 12:00:00,Lyttelton,0.0,0.0,0.0,0.4,7.0,7.0,ebbing,shallow,muddy,6,grass,0,0,0,3.2,10.0,2.992666945,1.443177761,1.59661977,0.4,2.3,152.6772724,172.9055367,240.8121412,8,-43.619843,172.657918,11,48,0,0,12,0,Onshore,Onshore,Alongshore,10.0,0.0
1584,Governors Bay Sandy Beach,2020-12-03 07:00:00,Lyttelton,0.0,0.0,0.0,0.0,0.0,2.6,ebbing,shallow,muddy,6,grass,0,0,0,0.0,0.0,10.56419713,9.333919381,6.996867945,0.4,2.3,262.8049641,266.586393,264.8587057,8,-43.619843,172.657918,12,49,3,0,7,0,Alongshore,Alongshore,Alongshore,15.0,0.0
1585,Governors Bay Sandy Beach,2020-12-10 10:00:00,Lyttelton,0.0,0.0,0.0,0.0,0.0,0.0,incoming,shallow,muddy,6,grass,0,0,0,0.0,0.0,7.421036332,12.61510019,13.523941,-2.3,2.4,261.6372166,265.0641161,263.4222007,8,-43.619843,172.657918,12,50,3,0,10,0,Alongshore,Alongshore,Alongshore,13.333333333333334,0.0
1586,Governors Bay Sandy Beach,2020-12-17 07:00:00,Lyttelton,0.0,0.0,0.0,0.0,0.0,0.0,ebbing,shallow,muddy,6,grass,0,0,0,0.0,0.0,7.764179377,4.175944619,2.057369255,0.6,2.6,205.1460294,67.36912917,75.38815614,8,-43.619843,172.657918,12,51,3,0,7,0,Onshore,Alongshore,Alongshore,11.25,0.0
1587,Governors Bay Sandy Beach,2020-12-22 11:00:00,Lyttelton,0.2,1.4,2.6,6.8,13.2,13.2,incoming,shallow,muddy,6,grass,0,0,0,1.8,20.0,11.94305427,11.65835947,10.47415508,-0.1,2.3,83.08108998,80.46499704,73.25998887,8,-43.619843,172.657918,12,52,1,0,11,1,Alongshore,Alongshore,Alongshore,11.0,0.0
1588,Governors Bay Sandy Beach,2020-12-29 14:00:00,Lyttelton,0.0,0.0,0.0,0.0,0.0,6.8,incoming,shallow,muddy,6,grass,0,0,0,0.0,0.0,6.249405622,11.70913295,13.39653492,-1.8,2.1,87.56967571,86.78104561,92.11292266,8,-43.619843,172.657918,12,53,1,0,14,1,Alongshore,Alongshore,Alongshore,23.8,0.0
1589,Governors Bay Sandy Beach,2021-01-11 14:00:00,Lyttelton,0.0,0.0,0.0,0.0,0.2,0.2,incoming,shallow,muddy,6,grass,0,0,0,0.2,1.0,1.657365923,3.904169231,6.194898806,-1.1,2.4,105.8010689,85.40560155,283.2766108,8,-43.619843,172.657918,1,2,0,0,14,0,Alongshore,Alongshore,Alongshore,20.8,0.0
1590,Governors Bay Sandy Beach,2021-01-19 09:00:00,Lyttelton,0.0,0.0,0.0,0.0,1.2,1.2,incoming,shallow,muddy,6,grass,0,0,0,0.8,3.0,3.108297261,8.731841767,9.711542617,-0.4,2.3,64.42388466,56.90299909,42.52672723,8,-43.619843,172.657918,1,3,1,0,9,0,Alongshore,Alongshore,Offshore,20.8,0.0
1591,Governors Bay Sandy Beach,2021-01-26 14:00:00,Lyttelton,0.0,0.0,0.0,0.0,0.0,0.0,incoming,shallow,muddy,6,grass,0,0,0,0.0,0.0,11.90493037,11.2498285,11.65463304,-1.3,2.1,79.32513082,80.53025517,73.33617713,8,-43.619843,172.657918,1,4,1,0,14,0,Alongshore,Alongshore,Alongshore,20.8,0.0
1592,Governors Bay Sandy Beach,2021-02-03 09:00:00,Lyttelton,0.0,0.0,0.0,0.0,0.0,0.0,ebbing,shallow,muddy,6,grass,0,0,0,0.0,0.0,13.07598997,12.30303019,12.29039893,0.2,2.5,84.70762223,76.74264102,71.64627752,8,-43.619843,172.657918,2,5,2,0,9,1,Alongshore,Alongshore,Alongshore,19.8,0.0
1593,Governors Bay Sandy Beach,2021-02-10 14:00:00,Lyttelton,0.0,0.2,4.2,8.6,9.0,9.0,incoming,shallow,muddy,6,grass,0,0,0,2.6,12.0,10.44032356,6.147447494,2.514797771,-1.3,2.4,192.8992832,237.6848958,258.5556351,8,-43.619843,172.657918,2,6,2,0,14,0,Onshore,Alongshore,Alongshore,6.0,0.0
1594,Governors Bay Sandy Beach,2021-02-17 09:00:00,Lyttelton,0.0,0.0,0.0,0.0,0.0,0.0,ebbing,shallow,muddy,6,grass,0,0,0,0.0,0.0,2.834740543,3.399350533,3.679188242,0.1,2.2,253.7667754,263.3345451,278.2905871,8,-43.619843,172.657918,2,7,2,0,9,0,Alongshore,Alongshore,Alongshore,13.2,0.0
1595,Governors Bay Sandy Beach,2021-02-26 14:00:00,Lyttelton,0.0,0.0,0.0,0.0,0.0,0.0,incoming,shallow,muddy,6,grass,0,0,0,0.0,0.0,9.428641636,10.42239963,11.27928356,-1.2,2.3,75.28784979,81.15029938,73.32964818,8,-43.619843,172.657918,2,8,4,0,14,0,Alongshore,Alongshore,Alongshore,12.2,0.0
1596,Governors Bay Sandy Beach,2021-03-03 09:00:00,Lyttelton,0.0,0.0,0.0,0.0,0.4,0.4,ebbing,shallow,muddy,6,grass,0,0,0,0.2,2.0,6.93232453,6.994303015,8.454009157,1.2,2.5,50.2053493,61.33220175,57.04347788,8,-43.619843,172.657918,3,9,2,0,9,0,Offshore,Alongshore,Alongshore,12.2,0.0
1597,Governors Bay Sandy Beach,2021-11-26 10:00:00,Lyttelton,0.0,0.0,0.0,0.0,0.0,0.0,ebbing,shallow,muddy,6,grass,0,0,0,0.0,0.0,0.201041799,1.154926566,3.811644506,0.5,2.2,235.1544839,226.0209897,317.0204776,8,-43.619843,172.657918,11,47,4,0,10,0,Alongshore,Onshore,Alongshore,,0.0
1598,Governors Bay Sandy Beach,2021-12-02 14:00:00,Lyttelton,0.0,0.2,0.6,0.6,0.6,0.6,incoming,shallow,muddy,6,grass,0,0,0,0.2,3.0,13.78151703,14.89265087,14.83282849,-0.5,2.4,76.66292505,75.50800963,73.3813688,8,-43.619843,172.657918,12,48,3,0,14,0,Alongshore,Alongshore,Alongshore,5.0,0.0
1599,Governors Bay Sandy Beach,2021-12-09 09:00:00,Lyttelton,0.0,0.0,0.0,0.0,2.4,8.6,ebbing,shallow,muddy,6,grass,0,0,0,1.2,4.0,2.931448129,6.124023903,5.316431489,0.3,2.6,269.5152818,277.2137842,302.5030148,8,-43.619843,172.657918,12,49,3,0,9,0,Alongshore,Alongshore,Alongshore,1097.5,0.3333333333333333
1600,Governors Bay Sandy Beach,2021-12-16 14:00:00,Lyttelton,3.4,5.2,16.2,63.2,87.0,87.0,incoming,shallow,muddy,6,grass,0,0,0,11.8,30.0,22.94155685,23.04749255,23.33093849,-0.6,2.2,252.979999,254.898536,256.4645678,8,-43.619843,172.657918,12,50,3,0,14,0,Alongshore,Alongshore,Alongshore,1881.6666666666667,0.5
1601,Governors Bay Sandy Beach,2021-12-23 07:00:00,Lyttelton,0.0,0.0,0.0,0.0,0.0,0.0,incoming,shallow,muddy,6,grass,0,0,0,0.0,0.0,4.356556405,5.711419364,11.21760422,0.0,2.3,51.78243218,29.56864076,27.80647262,8,-43.619843,172.657918,12,51,3,0,7,1,Offshore,Offshore,Offshore,2031.25,0.6
1602,Governors Bay Sandy Beach,2021-12-30 13:00:00,Lyttelton,0.0,0.0,0.0,1.4,3.2,14.2,incoming,shallow,muddy,6,grass,0,0,0,0.8,8.0,2.26133914,2.913354689,5.826704684,-0.1,2.3,234.4671877,218.0336065,73.52476294,8,-43.619843,172.657918,12,52,3,0,13,1,Alongshore,Onshore,Alongshore,1715.0,0.6666666666666666
1603,Governors Bay Sandy Beach,2022-01-07 09:00:00,Lyttelton,0.0,0.0,0.0,0.0,0.4,0.4,ebbing,shallow,muddy,6,grass,0,0,0,0.2,2.0,14.36472665,14.36571111,14.91871378,0.9,2.6,231.3529894,233.6057149,232.4560219,8,-43.619843,172.657918,1,1,4,0,9,0,Onshore,Alongshore,Onshore,1722.2,0.5714285714285714
1604,Governors Bay Sandy Beach,2022-01-12 13:00:00,Lyttelton,0.0,0.0,0.0,0.0,0.0,0.0,ebbing,shallow,muddy,6,grass,0,0,0,0.0,0.0,0.909052359,2.661100451,10.68361798,0.4,2.2,79.24403269,101.8742419,158.3164364,8,-43.619843,172.657918,1,2,2,0,13,0,Alongshore,Alongshore,Onshore,1362.8,0.625
1605,Governors Bay Sandy Beach,2022-01-14 13:00:00,Lyttelton,0.0,0.0,0.0,0.0,0.6,0.6,incoming,shallow,muddy,6,grass,0,0,0,0.4,2.0,2.521294644,2.424592385,1.849982842,-0.8,2.1,196.6270767,225.2359148,261.1881039,8,-43.619843,172.657918,1,2,4,0,13,0,Onshore,Onshore,Alongshore,733.8,0.6666666666666666
1606,Governors Bay Sandy Beach,2022-01-20 07:00:00,Lyttelton,0.6,0.6,4.0,4.0,4.0,4.0,ebbing,shallow,muddy,6,grass,0,0,0,1.0,7.0,17.6563316,16.55344957,15.81552318,0.5,2.3,243.0420063,245.0754172,251.3966284,8,-43.619843,172.657918,1,3,3,0,7,0,Alongshore,Alongshore,Alongshore,238.8,0.6
1607,Governors Bay Sandy Beach,2022-01-26 11:00:00,Lyttelton,0.0,0.2,0.4,0.4,1.0,2.8,ebbing,shallow,muddy,6,grass,0,0,0,0.4,4.0,5.343082527,7.931010239,8.335599047,0.1,2.3,84.22117739,72.49323302,65.0119141,8,-43.619843,172.657918,1,4,2,0,11,0,Alongshore,Alongshore,Alongshore,149.8,0.5454545454545454
1608,Governors Bay Sandy Beach,2022-02-01 17:00:00,Lyttelton,0.0,0.0,0.0,0.0,0.0,0.0,ebbing,shallow,muddy,6,grass,0,0,0,0.0,0.0,15.53416912,18.66774056,18.31846404,0.4,2.5,74.09239905,77.10536745,77.07434998,8,-43.619843,172.657918,2,5,1,0,17,1,Alongshore,Alongshore,Alongshore,142.6,0.5
1609,Governors Bay Sandy Beach,2022-02-10 13:00:00,Lyttelton,0.0,1.0,17.0,65.2,66.0,66.0,ebbing,shallow,muddy,6,grass,0,0,0,11.2,19.0,8.044128042,1.500568159,4.597156373,0.8,2.1,265.6144358,280.7074385,73.05052228,8,-43.619843,172.657918,2,6,3,0,13,0,Alongshore,Alongshore,Alongshore,68.0,0.46153846153846156
1610,Governors Bay Sandy Beach,2022-02-15 16:00:00,Lyttelton,0.0,0.0,0.0,0.0,0.4,43.0,ebbing,shallow,muddy,6,grass,0,0,0,0.2,2.0,12.1286532,14.89967909,16.58323084,0.1,2.1,82.79984092,84.70277791,81.10011992,8,-43.619843,172.657918,2,7,1,0,16,0,Alongshore,Alongshore,Alongshore,56.8,0.42857142857142855
1611,Governors Bay Sandy Beach,2022-02-23 11:00:00,Lyttelton,0.0,0.0,0.6,0.6,0.6,0.6,ebbing,shallow,muddy,6,grass,0,0,0,0.2,3.0,6.782471961,5.790541629,6.635050085,1.1,2.3,262.1810023,272.8170209,262.1586158,8,-43.619843,172.657918,2,8,2,0,11,0,Alongshore,Alongshore,Alongshore,59.8,0.4
1612,Governors Bay Sandy Beach,2022-03-09 10:00:00,Lyttelton,0.0,0.0,0.0,0.0,0.0,0.0,ebbing,shallow,muddy,6,grass,0,0,0,0.0,0.0,6.106460127,9.081123383,8.824509524,0.5,2.1,275.8061652,284.5969727,286.4201494,8,-43.619843,172.657918,3,10,2,0,10,0,Alongshore,Alongshore,Alongshore,59.8,0.375
1613,Purau Bay Beach,2013-11-12 12:00:00,Lyttelton,0.0,0.0,0.0,0.0,0.0,0.0,ebbing,medium,muddy,3,grass,1,1,0,0.0,0.0,4.343951404,3.911701863,2.20022438,0.5,2.5,178.6848477,210.3341579,214.7918202,170,-43.638175,172.752755,11,46,1,0,12,0,Offshore,Offshore,Offshore,,0.0
1614,Purau Bay Beach,2013-11-25 12:00:00,Lyttelton,0.0,0.0,0.0,0.0,0.0,0.8,ebbing,medium,muddy,3,grass,1,1,0,0.0,0.0,5.341884536,8.515143634,5.586269463,1.9,2.2,224.2013023,222.2613504,224.9131281,170,-43.638175,172.752755,11,48,0,0,12,0,Alongshore,Alongshore,Alongshore,10.0,0.0
1615,Purau Bay Beach,2013-12-02 13:00:00,Lyttelton,0.0,0.0,0.0,0.0,0.0,0.0,incoming,medium,muddy,3,grass,1,1,0,0.0,0.0,6.736799648,8.716897698,9.68714301,-2.5,2.4,69.57420509,67.58968385,53.43093605,170,-43.638175,172.752755,12,49,0,0,13,0,Alongshore,Alongshore,Alongshore,10.0,0.0
1616,Purau Bay Beach,2013-12-09 11:00:00,Lyttelton,0.0,0.0,0.0,1.6,1.6,1.6,ebbing,medium,muddy,3,grass,1,1,0,0.8,3.0,11.52104723,9.512520261,9.468086562,1.6,2.6,203.2672445,212.5205597,213.2615951,170,-43.638175,172.752755,12,50,0,0,11,0,Offshore,Offshore,Offshore,8.333333333333334,0.0
1617,Purau Bay Beach,2013-12-16 14:00:00,Lyttelton,0.0,0.0,0.0,0.0,0.0,0.0,incoming,medium,muddy,3,grass,1,1,0,0.0,0.0,2.557157137,7.382970375,7.08805781,-2.3,2.2,223.2320756,212.737369,204.0548221,170,-43.638175,172.752755,12,51,0,0,14,0,Alongshore,Offshore,Offshore,8.75,0.0
1618,Purau Bay Beach,2013-12-22 10:00:00,Lyttelton,0.0,0.0,1.8,1.8,1.8,1.8,ebbing,medium,muddy,3,grass,1,1,0,0.8,3.0,7.454002218,2.715657682,2.031637586,2.3,2.3,194.9255609,222.7113107,215.5904783,170,-43.638175,172.752755,12,51,6,1,10,1,Offshore,Alongshore,Alongshore,9.0,0.0
1619,Purau Bay Beach,2014-01-06 11:00:00,Lyttelton,0.0,0.0,0.0,0.0,0.4,0.4,ebbing,medium,muddy,3,grass,1,1,0,0.4,1.0,4.13811327,5.430211385,5.80378655,2.8,2.7,143.0585771,156.6489678,239.4849825,170,-43.638175,172.752755,1,2,0,0,11,0,Offshore,Offshore,Alongshore,8.0,0.0
1620,Purau Bay Beach,2014-01-13 12:00:00,Lyttelton,0.0,0.0,0.0,0.0,0.0,0.0,incoming,medium,muddy,3,grass,1,1,0,0.0,0.0,5.554131018,12.83886422,10.58842666,-2.8,2.2,216.8989705,207.6869084,206.5589875,170,-43.638175,172.752755,1,3,0,0,12,0,Alongshore,Offshore,Offshore,8.0,0.0
1621,Purau Bay Beach,2014-01-20 10:00:00,Lyttelton,0.0,0.0,0.0,0.0,0.0,0.0,ebbing,medium,muddy,3,grass,1,1,0,0.0,0.0,5.649574991,8.853784683,12.10329951,2.6,2.3,46.98206876,37.62496636,12.75110632,170,-43.638175,172.752755,1,4,0,0,10,0,Alongshore,Alongshore,Onshore,8.0,0.0
1622,Purau Bay Beach,2014-01-28 15:00:00,Lyttelton,0.0,0.0,0.0,0.0,3.4,3.4,ebbing,medium,muddy,3,grass,1,1,0,1.0,9.0,1.946634274,5.465965048,7.194479858,0.8,2.4,74.91332688,83.07417013,85.9239274,170,-43.638175,172.752755,1,5,1,0,15,0,Alongshore,Alongshore,Alongshore,7.0,0.0
1623,Purau Bay Beach,2014-02-03 10:00:00,Lyttelton,0.0,0.0,0.0,0.0,0.0,0.6,ebbing,medium,muddy,3,grass,1,1,0,0.0,0.0,3.246512771,4.779085649,8.93018882,3.1,2.7,63.26681465,52.61586388,38.07057213,170,-43.638175,172.752755,2,6,0,0,10,1,Alongshore,Alongshore,Alongshore,6.0,0.0
1624,Purau Bay Beach,2014-02-10 12:00:00,Lyttelton,0.0,0.0,0.0,0.0,0.0,0.0,incoming,medium,muddy,3,grass,1,1,0,0.0,0.0,9.448263275,6.794286405,4.741044803,-1.7,2.2,209.6162461,203.4560923,198.1276864,170,-43.638175,172.752755,2,7,0,0,12,0,Offshore,Offshore,Offshore,7.0,0.0
1625,Purau Bay Beach,2014-02-17 10:00:00,Lyttelton,0.0,0.0,0.0,0.0,0.0,0.2,ebbing,medium,muddy,3,grass,1,1,0,0.0,0.0,12.3792609,13.52965857,14.51544568,3.6,2.3,66.37130503,65.98591505,56.80230669,170,-43.638175,172.752755,2,8,0,0,10,0,Alongshore,Alongshore,Alongshore,6.0,0.0
1626,Purau Bay Beach,2014-02-24 13:00:00,Lyttelton,0.0,0.0,0.0,2.0,9.2,9.2,ebbing,medium,muddy,3,grass,1,1,0,5.6,6.0,7.210368042,13.14611129,14.86449875,1.3,2.3,52.79370192,49.36297149,40.69207069,170,-43.638175,172.752755,2,9,0,0,13,0,Alongshore,Alongshore,Alongshore,6.0,0.0
1627,Purau Bay Beach,2014-03-06 10:00:00,Lyttelton,0.0,0.0,0.0,3.4,165.0,171.4,ebbing,medium,muddy,3,grass,1,1,0,10.6,27.0,0.963496916,3.891119735,6.079204583,1.7,2.4,63.38430196,51.98765447,355.265655,170,-43.638175,172.752755,3,10,3,0,10,0,Alongshore,Alongshore,Onshore,6.0,0.0
1628,Purau Bay Beach,2014-03-10 13:00:00,Lyttelton,0.0,0.0,0.0,0.0,0.0,0.0,ebbing,medium,muddy,3,grass,1,1,0,0.0,0.0,5.53422407,7.875449448,8.387880208,0.7,2.2,63.39387863,54.4891573,42.45946782,170,-43.638175,172.752755,3,11,0,0,13,0,Alongshore,Alongshore,Alongshore,78.6,0.0625
1629,Purau Bay Beach,2014-03-13 09:00:00,Lyttelton,0.0,0.0,0.0,0.0,0.2,0.6,incoming,medium,muddy,3,grass,1,1,0,0.2,1.0,2.969942681,3.26277893,3.897861775,-5.2,2.2,289.0605198,285.9583608,6.257591355,170,-43.638175,172.752755,3,11,3,0,9,0,Alongshore,Alongshore,Onshore,192.8,0.11764705882352941
1630,Purau Bay Beach,2014-11-18 11:00:00,Lyttelton,0.0,0.0,0.0,0.0,0.0,0.0,incoming,medium,muddy,3,grass,1,1,0,0.0,0.0,7.284495471,10.32368916,9.23655199,-2.3,2.2,193.9637616,231.1900531,256.5863992,170,-43.638175,172.752755,11,47,1,0,11,0,Offshore,Alongshore,Alongshore,,0.0
1631,Purau Bay Beach,2014-11-24 14:00:00,Lyttelton,0.0,0.0,0.0,0.0,0.6,0.6,incoming,medium,muddy,3,grass,1,1,0,0.6,1.0,3.668297051,10.92950382,16.08988027,-3.6,2.3,53.38350884,58.32643157,46.16088283,170,-43.638175,172.752755,11,48,0,0,14,0,Alongshore,Alongshore,Alongshore,5.0,0.0
1632,Purau Bay Beach,2014-12-08 15:00:00,Lyttelton,0.0,0.0,0.0,0.0,0.0,0.0,incoming,medium,muddy,3,grass,1,1,0,0.0,0.0,6.728781663,9.828608714,10.62851394,-2.6,2.3,52.76478158,51.77264316,47.47253092,170,-43.638175,172.752755,12,50,0,0,15,0,Alongshore,Alongshore,Alongshore,5.0,0.0
1633,Purau Bay Beach,2014-12-15 15:00:00,Lyttelton,0.0,0.0,0.0,0.0,0.0,1.0,ebbing,medium,muddy,3,grass,1,1,0,0.0,0.0,9.345430769,11.65576027,13.79565532,4.1,2.2,61.92762599,63.56555008,57.98476882,170,-43.638175,172.752755,12,51,0,0,15,0,Alongshore,Alongshore,Alongshore,5.0,0.0
1634,Purau Bay Beach,2014-12-22 14:00:00,Lyttelton,0.0,0.0,0.0,7.4,7.4,7.8,incoming,medium,muddy,3,grass,1,1,0,3.4,7.0,5.485241775,8.418456557,9.679662933,-2.7,2.4,63.14242289,60.50689586,53.25768676,170,-43.638175,172.752755,12,52,0,0,14,1,Alongshore,Alongshore,Alongshore,5.0,0.0
1635,Purau Bay Beach,2014-12-29 12:00:00,Lyttelton,0.0,0.0,0.0,0.0,1.4,1.4,ebbing,medium,muddy,3,grass,1,1,0,1.4,1.0,8.437675251,11.94528595,12.56624247,1.8,2.5,64.3315612,60.61939606,47.96692133,170,-43.638175,172.752755,12,1,0,0,12,1,Alongshore,Alongshore,Alongshore,5.0,0.0
1636,Purau Bay Beach,2015-01-06 08:00:00,Lyttelton,0.0,0.0,0.0,0.0,0.0,0.0,ebbing,medium,muddy,3,grass,1,1,0,0.0,0.0,2.055652323,3.259805285,3.447908701,3.2,2.4,278.937253,275.2632381,314.0387168,170,-43.638175,172.752755,1,2,1,0,8,0,Alongshore,Alongshore,Onshore,5.0,0.0
1637,Purau Bay Beach,2015-01-12 13:00:00,Lyttelton,0.0,0.0,0.0,0.0,0.0,0.0,ebbing,medium,muddy,3,grass,1,1,0,0.0,0.0,5.77000796,1.839669921,4.075785154,3.4,2.2,19.23755405,330.7010368,248.3796098,170,-43.638175,172.752755,1,3,0,0,13,0,Onshore,Onshore,Alongshore,5.0,0.0
1638,Purau Bay Beach,2015-01-19 13:00:00,Lyttelton,0.0,0.0,0.0,0.0,0.0,0.0,incoming,medium,muddy,3,grass,1,1,0,0.0,0.0,7.053931607,7.04054126,7.950663011,-2.3,2.4,298.7754282,330.5182016,328.9778866,170,-43.638175,172.752755,1,4,0,0,13,0,Alongshore,Onshore,Onshore,6.0,0.0
1639,Purau Bay Beach,2015-01-26 12:00:00,Lyttelton,0.0,0.0,0.0,0.0,0.0,0.0,ebbing,medium,muddy,3,grass,1,1,0,0.0,0.0,19.57936397,19.9531436,20.55768517,2.7,2.6,60.35507963,54.02011211,49.62817042,170,-43.638175,172.752755,1,5,0,0,12,0,Alongshore,Alongshore,Alongshore,9.0,0.0
1640,Purau Bay Beach,2015-02-02 13:00:00,Lyttelton,0.0,0.0,0.0,0.0,0.0,1.8,incoming,medium,muddy,3,grass,1,1,0,0.0,0.0,3.895415001,6.712687301,11.42360761,-2.7,2.3,323.393008,352.220577,1.368779056,170,-43.638175,172.752755,2,6,0,0,13,1,Onshore,Onshore,Onshore,10.0,0.0
1641,Purau Bay Beach,2015-02-09 10:00:00,Lyttelton,0.0,0.0,0.0,0.0,0.0,0.0,ebbing,medium,muddy,3,grass,1,1,0,0.0,0.0,6.356193626,12.12835733,19.53714521,2.1,2.2,306.7081785,309.3777471,308.2863039,170,-43.638175,172.752755,2,7,0,0,10,1,Onshore,Onshore,Onshore,10.0,0.0
1642,Purau Bay Beach,2015-02-16 11:00:00,Lyttelton,0.0,0.0,0.0,0.0,0.0,0.0,incoming,medium,muddy,3,grass,1,1,0,0.0,0.0,2.958254086,2.510827683,4.550225974,-3.2,2.3,75.03841909,43.18276203,30.7634867,170,-43.638175,172.752755,2,8,0,0,11,0,Alongshore,Alongshore,Onshore,10.0,0.0
1643,Purau Bay Beach,2015-02-23 10:00:00,Lyttelton,0.0,0.0,0.8,0.8,3.0,3.0,ebbing,medium,muddy,3,grass,1,1,0,1.6,6.0,4.320644327,2.819547129,2.067280871,2.2,2.6,222.0924673,225.0801786,221.8502163,170,-43.638175,172.752755,2,9,0,0,10,0,Alongshore,Alongshore,Alongshore,9.0,0.0
1644,Purau Bay Beach,2015-03-02 12:00:00,Lyttelton,0.0,0.0,0.0,0.0,0.0,0.0,incoming,medium,muddy,3,grass,1,1,0,0.0,0.0,2.770834756,2.945542034,6.342915321,-2.1,2.2,338.4429329,356.3081704,6.994878712,170,-43.638175,172.752755,3,10,0,0,12,0,Onshore,Onshore,Onshore,7.0,0.0
1645,Purau Bay Beach,2015-11-17 11:00:00,Lyttelton,0.0,0.0,0.0,0.0,0.0,0.0,ebbing,medium,muddy,3,grass,1,1,0,0.0,0.0,5.576653528,9.738190675,11.70959525,3.0,2.3,257.7646413,259.3113165,264.9442636,170,-43.638175,172.752755,11,47,1,0,11,0,Alongshore,Alongshore,Alongshore,,0.0
1646,Purau Bay Beach,2015-11-23 11:00:00,Lyttelton,0.0,0.0,0.0,0.0,0.0,0.0,incoming,medium,muddy,3,grass,1,1,0,0.0,0.0,8.908585905,7.938819683,11.66097237,-2.3,2.5,83.73617588,85.09644161,77.02553208,170,-43.638175,172.752755,11,48,0,0,11,0,Alongshore,Alongshore,Alongshore,5.0,0.0
1647,Purau Bay Beach,2015-11-30 07:00:00,Lyttelton,0.0,0.0,0.0,0.4,0.8,0.8,incoming,medium,muddy,3,grass,1,1,0,0.4,2.0,16.13145566,15.1190898,14.54747513,-0.7,2.5,67.5494885,64.62911566,63.22624609,170,-43.638175,172.752755,11,49,0,0,7,0,Alongshore,Alongshore,Alongshore,17.5,0.0
1648,Purau Bay Beach,2015-12-10 14:00:00,Lyttelton,0.0,0.0,0.0,0.0,0.0,1.4,incoming,medium,muddy,3,grass,1,1,0,0.0,0.0,6.196143786,8.370552819,12.18864624,-1.7,2.2,70.10660797,72.77296912,65.85623931,170,-43.638175,172.752755,12,50,3,0,14,0,Alongshore,Alongshore,Alongshore,15.0,0.0
1649,Purau Bay Beach,2015-12-14 05:00:00,Lyttelton,0.2,0.2,0.2,8.2,8.2,8.2,incoming,medium,muddy,3,grass,1,1,0,4.6,5.0,2.035007649,0.473652029,2.193253187,-1.3,2.4,286.8427366,329.1245693,264.5811372,170,-43.638175,172.752755,12,51,0,0,5,0,Alongshore,Onshore,Alongshore,12.5,0.0
1650,Purau Bay Beach,2015-12-23 13:00:00,Lyttelton,0.0,0.0,0.0,0.6,1.8,1.8,incoming,medium,muddy,3,grass,1,1,0,0.8,5.0,3.439358631,4.184076682,1.939129833,-1.7,2.5,267.6349971,242.8806619,257.5400619,170,-43.638175,172.752755,12,52,2,0,13,1,Alongshore,Alongshore,Alongshore,14.0,0.0
1651,Purau Bay Beach,2016-01-05 11:00:00,Lyttelton,0.0,0.0,0.0,0.0,0.2,16.6,incoming,medium,muddy,3,grass,1,1,0,0.2,1.0,5.29681506,4.950933209,4.926577313,-1.5,2.1,81.0811552,101.2339816,72.17271358,170,-43.638175,172.752755,1,1,1,0,11,1,Alongshore,Alongshore,Alongshore,14.0,0.0
1652,Purau Bay Beach,2016-01-11 15:00:00,Lyttelton,0.0,0.0,0.0,0.0,0.0,0.0,incoming,medium,muddy,3,grass,1,1,0,0.0,0.0,14.05571539,20.80472812,23.63253231,-2.1,2.3,79.33426988,78.43365531,73.35065504,170,-43.638175,172.752755,1,2,0,0,15,0,Alongshore,Alongshore,Alongshore,9.0,0.0
1653,Purau Bay Beach,2016-01-18 10:00:00,Lyttelton,1.8,1.8,1.8,2.0,2.2,14.8,incoming,medium,muddy,3,grass,1,1,0,0.8,5.0,10.23494203,11.20153711,12.16578283,-1.7,2.4,58.04618891,52.47452866,48.74318242,170,-43.638175,172.752755,1,3,0,0,10,0,Alongshore,Alongshore,Alongshore,8.0,0.0
1654,Purau Bay Beach,2016-01-25 16:00:00,Lyttelton,0.0,0.0,0.0,0.0,0.0,0.0,incoming,medium,muddy,3,grass,1,1,0,0.0,0.0,2.238517704,6.865837419,3.602270292,-2.0,2.3,306.9677262,293.2265797,335.4092173,170,-43.638175,172.752755,1,4,0,0,16,0,Onshore,Alongshore,Onshore,8.0,0.0
1655,Purau Bay Beach,2016-02-02 10:00:00,Lyttelton,0.0,0.0,0.0,0.0,0.0,0.0,incoming,medium,muddy,3,grass,1,1,0,0.0,0.0,2.657349171,0.60663203,1.473673479,-1.7,2.1,123.7164916,130.2318845,260.5984063,170,-43.638175,172.752755,2,5,1,0,10,1,Alongshore,Offshore,Alongshore,5.0,0.0
1656,Purau Bay Beach,2016-02-09 15:00:00,Lyttelton,0.0,0.0,0.0,0.0,0.0,0.0,incoming,medium,muddy,3,grass,1,1,0,0.0,0.0,3.305492356,4.335982594,13.43139198,-2.0,2.4,247.7352879,239.118086,76.22896315,170,-43.638175,172.752755,2,6,1,0,15,1,Alongshore,Alongshore,Alongshore,8.0,0.0
1657,Purau Bay Beach,2016-02-12 08:00:00,Lyttelton,0.0,0.0,0.0,0.0,0.0,0.0,ebbing,medium,muddy,3,grass,1,1,0,0.0,0.0,3.366210498,3.158921707,4.494857111,0.9,2.6,47.22315453,50.44609402,56.31472658,170,-43.638175,172.752755,2,6,4,0,8,0,Alongshore,Alongshore,Alongshore,38.6,0.0
1658,Purau Bay Beach,2016-02-15 10:00:00,Lyttelton,0.0,0.0,0.0,0.0,0.0,0.0,incoming,medium,muddy,3,grass,1,1,0,0.0,0.0,0.929001849,0.162945359,2.872799125,-0.5,2.5,82.8771032,8.363041089,12.06380738,170,-43.638175,172.752755,2,7,0,0,10,0,Alongshore,Onshore,Onshore,38.6,0.0
1659,Purau Bay Beach,2016-02-22 14:00:00,Lyttelton,0.0,0.0,0.0,0.0,0.0,0.0,incoming,medium,muddy,3,grass,1,1,0,0.0,0.0,6.9508153,11.78401353,13.18168458,-2.0,2.3,69.50866998,70.09534676,70.67069812,170,-43.638175,172.752755,2,8,0,0,14,0,Alongshore,Alongshore,Alongshore,41.6,0.0
1660,Purau Bay Beach,2016-02-29 09:00:00,Lyttelton,0.0,0.0,0.0,0.0,0.0,0.0,ebbing,medium,muddy,3,grass,1,1,0,0.0,0.0,9.64465547,15.53521219,16.4050711,0.2,2.1,232.152052,241.4412755,251.157818,170,-43.638175,172.752755,2,9,0,0,9,0,Alongshore,Alongshore,Alongshore,41.6,0.0
1661,Purau Bay Beach,2016-11-21 09:00:00,Lyttelton,0.0,0.0,0.0,0.0,0.0,0.0,incoming,medium,muddy,3,grass,1,1,0,0.0,0.0,2.31138826,2.685019813,4.972143489,-1.6,2.5,68.47579537,75.68998825,52.47178022,170,-43.638175,172.752755,11,47,0,0,9,0,Alongshore,Alongshore,Alongshore,,0.0
1662,Purau Bay Beach,2016-11-28 13:00:00,Lyttelton,0.0,0.0,0.0,0.0,0.0,0.0,incoming,medium,muddy,3,grass,1,1,0,0.0,0.0,7.078434876,3.852002226,2.869160037,-2.9,2.2,97.2988316,218.330048,212.9695628,170,-43.638175,172.752755,11,48,0,0,13,0,Alongshore,Alongshore,Offshore,5.0,0.0
1663,Purau Bay Beach,2016-12-05 10:00:00,Lyttelton,0.0,0.0,0.0,0.0,0.0,0.8,ebbing,medium,muddy,3,grass,1,1,0,0.0,0.0,8.113138249,8.642039204,12.07293709,1.5,2.3,67.20787158,64.56550509,60.18679382,170,-43.638175,172.752755,12,49,0,0,10,0,Alongshore,Alongshore,Alongshore,5.0,0.0
1664,Purau Bay Beach,2016-12-12 12:00:00,Lyttelton,0.6,4.4,5.8,6.0,9.0,9.0,incoming,medium,muddy,3,grass,1,1,0,2.2,14.0,10.09727347,19.4992403,19.54647452,-2.1,2.5,229.4140622,238.6872754,237.9971538,170,-43.638175,172.752755,12,50,0,0,12,0,Alongshore,Alongshore,Alongshore,5.0,0.0
1665,Purau Bay Beach,2016-12-19 10:00:00,Lyttelton,0.0,0.0,0.0,0.0,0.0,0.0,ebbing,medium,muddy,3,grass,1,1,0,0.0,0.0,1.633550845,10.06514155,13.65181511,1.4,2.6,78.37793045,66.58220013,345.5554954,170,-43.638175,172.752755,12,51,0,0,10,0,Alongshore,Alongshore,Onshore,14.0,0.0
1666,Purau Bay Beach,2016-12-28 13:00:00,Lyttelton,0.0,0.0,0.0,0.0,0.0,0.0,incoming,medium,muddy,3,grass,1,1,0,0.0,0.0,9.890432668,17.05895986,19.62527363,-3.0,2.2,73.02377403,69.57257693,63.51625119,170,-43.638175,172.752755,12,52,2,0,13,1,Alongshore,Alongshore,Alongshore,17.4,0.0
1667,Purau Bay Beach,2017-01-04 10:00:00,Lyttelton,3.6,3.6,4.0,4.6,4.8,4.8,ebbing,medium,muddy,3,grass,1,1,0,3.6,6.0,8.456159253,0.952068709,6.010711954,0.9,2.4,102.1005961,250.2348701,252.0038039,170,-43.638175,172.752755,1,1,2,0,10,1,Alongshore,Alongshore,Alongshore,17.4,0.0
1668,Purau Bay Beach,2017-01-09 12:00:00,Lyttelton,0.0,0.0,0.0,0.0,3.4,15.0,incoming,medium,muddy,3,grass,1,1,0,1.4,8.0,6.124183154,3.015391383,9.907844051,-0.8,2.4,55.0877757,35.21118969,270.9232103,170,-43.638175,172.752755,1,2,0,0,12,0,Alongshore,Alongshore,Alongshore,17.4,0.0
1669,Purau Bay Beach,2017-01-16 10:00:00,Lyttelton,0.0,0.0,0.0,0.0,0.6,0.6,ebbing,medium,muddy,3,grass,1,1,0,0.6,1.0,2.612870184,12.27411415,13.46345068,2.1,2.6,75.65350137,65.66451178,33.08920578,170,-43.638175,172.752755,1,3,0,0,10,0,Alongshore,Alongshore,Onshore,17.4,0.0
1670,Purau Bay Beach,2017-01-24 12:00:00,Lyttelton,0.0,0.0,0.0,0.0,7.2,13.4,incoming,medium,muddy,3,grass,1,1,0,1.6,12.0,16.08937372,16.52049761,16.62439098,-1.7,2.1,77.31438348,73.79577562,80.54813258,170,-43.638175,172.752755,1,4,1,0,12,0,Alongshore,Alongshore,Alongshore,15.4,0.0
1671,Purau Bay Beach,2017-01-30 09:00:00,Lyttelton,0.0,0.0,0.0,0.0,0.0,0.0,ebbing,medium,muddy,3,grass,1,1,0,0.0,0.0,3.830643483,11.51345932,15.2016276,2.5,2.4,66.97361494,65.00729552,60.99208392,170,-43.638175,172.752755,1,5,0,0,9,0,Alongshore,Alongshore,Alongshore,10.2,0.0
1672,Purau Bay Beach,2017-02-07 12:00:00,Lyttelton,0.0,0.0,0.0,0.3,0.3,0.3,incoming,medium,muddy,3,grass,1,1,0,0.2,2.0,5.478306901,3.483881765,4.760365496,-1.2,2.4,151.2584504,165.1808862,239.9573271,170,-43.638175,172.752755,2,6,1,0,12,1,Offshore,Offshore,Alongshore,10.2,0.0
1673,Purau Bay Beach,2017-02-13 09:00:00,Lyttelton,0.0,0.0,0.0,0.0,0.0,0.0,ebbing,medium,muddy,3,grass,1,1,0,0.0,0.0,3.736438298,2.813033129,2.259521418,2.6,2.5,173.6372976,64.14654035,32.56844675,170,-43.638175,172.752755,2,7,0,0,9,0,Offshore,Alongshore,Onshore,10.2,0.0
1674,Purau Bay Beach,2017-02-20 12:00:00,Lyttelton,0.0,0.0,0.0,0.0,0.8,2.8,ebbing,medium,muddy,3,grass,1,1,0,0.2,4.0,17.07858917,15.52322543,16.99829927,0.7,2.1,67.00196088,67.88682832,68.99223999,170,-43.638175,172.752755,2,8,0,0,12,0,Alongshore,Alongshore,Alongshore,21.8,0.0
1675,Purau Bay Beach,2017-03-02 09:00:00,Lyttelton,0.0,0.0,0.0,0.0,0.0,0.0,ebbing,medium,muddy,3,grass,1,1,0,0.0,0.0,1.9584279,0.520609987,1.204158302,1.8,2.5,155.5182162,32.43031258,327.9463393,170,-43.638175,172.752755,3,9,3,0,9,0,Offshore,Onshore,Onshore,16.6,0.0
1676,Purau Bay Beach,2017-11-23 10:00:00,Lyttelton,0.0,0.0,0.0,0.0,0.0,0.0,ebbing,medium,muddy,3,grass,1,1,0,0.0,0.0,2.065325987,5.043429939,7.231755533,2.0,2.2,89.18573857,100.5474347,90.97448856,170,-43.638175,172.752755,11,47,3,0,10,0,Alongshore,Alongshore,Alongshore,,0.0
1677,Purau Bay Beach,2017-11-29 10:00:00,Lyttelton,0.0,0.0,0.0,0.0,0.0,0.0,incoming,medium,muddy,3,grass,1,1,0,0.0,0.0,3.786300447,4.865355906,5.08357353,-2.4,2.3,81.57488647,76.92809111,68.01271208,170,-43.638175,172.752755,11,48,2,0,10,0,Alongshore,Alongshore,Alongshore,5.0,0.0
1678,Purau Bay Beach,2017-12-06 09:00:00,Lyttelton,0.0,0.0,0.0,0.0,0.0,0.0,ebbing,medium,muddy,3,grass,1,1,0,0.0,0.0,4.487962571,4.571624625,9.112510588,2.8,2.7,75.80679573,81.3698643,62.5110616,170,-43.638175,172.752755,12,49,2,0,9,0,Alongshore,Alongshore,Alongshore,5.0,0.0
1679,Purau Bay Beach,2017-12-13 11:00:00,Lyttelton,0.0,0.0,1.2,1.2,1.2,1.2,incoming,medium,muddy,3,grass,1,1,0,0.6,2.0,13.43447723,12.95346958,17.9978651,-2.0,2.3,60.47040757,58.86651225,57.34407208,170,-43.638175,172.752755,12,50,2,0,11,0,Alongshore,Alongshore,Alongshore,20.666666666666668,0.0
1680,Purau Bay Beach,2017-12-20 08:00:00,Lyttelton,0.0,0.0,0.0,0.0,0.0,0.2,ebbing,medium,muddy,3,grass,1,1,0,0.0,0.0,26.23521122,26.14193587,22.66761592,2.5,2.3,226.8992377,226.6439786,227.561971,170,-43.638175,172.752755,12,51,2,0,8,1,Alongshore,Alongshore,Alongshore,16.75,0.0
1681,Purau Bay Beach,2017-12-22 08:00:00,Lyttelton,0.2,0.4,0.4,0.4,0.4,0.4,ebbing,medium,muddy,3,grass,1,1,0,0.2,2.0,11.46035209,8.341674661,7.229189909,0.3,2.3,264.4886659,259.053174,249.3398646,170,-43.638175,172.752755,12,51,4,0,8,1,Alongshore,Alongshore,Alongshore,43.0,0.0
1682,Purau Bay Beach,2017-12-28 09:00:00,Lyttelton,0.0,0.0,0.0,0.2,3.8,5.4,incoming,medium,muddy,3,grass,1,1,0,1.0,8.0,7.070180084,5.94971573,6.008816977,-2.9,2.3,240.2539484,239.2117718,228.011134,170,-43.638175,172.752755,12,52,3,0,9,1,Alongshore,Alongshore,Alongshore,43.0,0.0
1683,Purau Bay Beach,2018-01-10 11:00:00,Lyttelton,1.4,2.4,2.4,2.4,2.4,2.4,incoming,medium,muddy,3,grass,1,1,0,1.0,5.0,15.67265437,19.09838305,18.46821858,-0.3,2.3,261.7266281,264.2792358,263.6531428,170,-43.638175,172.752755,1,2,2,0,11,0,Alongshore,Alongshore,Alongshore,43.0,0.0
1684,Purau Bay Beach,2018-01-15 15:00:00,Lyttelton,0.0,0.0,0.0,0.0,0.0,0.2,incoming,medium,muddy,3,grass,1,1,0,0.0,0.0,19.08225714,23.56733113,22.7971778,-0.8,2.2,75.56721575,72.7063315,69.11373879,170,-43.638175,172.752755,1,3,0,0,15,0,Alongshore,Alongshore,Alongshore,33.6,0.0
1685,Purau Bay Beach,2018-01-24 10:00:00,Lyttelton,0.0,0.0,0.0,0.0,0.0,0.0,incoming,medium,muddy,3,grass,1,1,0,0.0,0.0,0.512389027,1.67079275,3.117278545,-0.1,2.3,232.033326,223.2095615,306.7145625,170,-43.638175,172.752755,1,4,2,0,10,0,Alongshore,Alongshore,Onshore,34.6,0.0
1686,Purau Bay Beach,2018-02-02 10:00:00,Lyttelton,0.4,1.0,2.2,2.2,2.2,2.2,ebbing,medium,muddy,3,grass,1,1,0,0.6,8.0,21.34330912,21.83770834,23.1209269,4.8,2.7,236.3081099,239.9232536,243.9704898,170,-43.638175,172.752755,2,5,4,0,10,1,Alongshore,Alongshore,Alongshore,6.0,0.0
1687,Purau Bay Beach,2018-02-05 09:00:00,Lyttelton,0.0,0.0,0.0,0.0,1.2,1.6,ebbing,medium,muddy,3,grass,1,1,0,0.6,3.0,6.350873099,2.100518432,1.228689503,0.7,2.5,301.5200129,39.0124578,304.3906308,170,-43.638175,172.752755,2,6,0,0,9,1,Alongshore,Alongshore,Alongshore,264.2,0.08333333333333333
1688,Purau Bay Beach,2018-02-07 09:00:00,Lyttelton,0.0,0.4,0.4,0.4,0.4,0.4,incoming,medium,muddy,3,grass,1,1,0,0.4,1.0,4.895061667,4.815920055,5.685571797,-0.9,2.3,80.40866947,78.27787797,48.76731884,170,-43.638175,172.752755,2,6,2,0,9,1,Alongshore,Alongshore,Alongshore,267.2,0.07692307692307693
1689,Purau Bay Beach,2018-02-14 12:00:00,Lyttelton,0.0,0.0,0.0,0.0,0.0,1.4,incoming,medium,muddy,3,grass,1,1,0,0.0,0.0,10.02094058,15.64787603,16.22806474,-3.3,2.2,245.889665,242.7017987,249.0486384,170,-43.638175,172.752755,2,7,2,0,12,0,Alongshore,Alongshore,Alongshore,267.2,0.07142857142857142
1690,Purau Bay Beach,2018-02-27 14:00:00,Lyttelton,0.0,0.0,0.0,0.0,3.4,3.4,incoming,medium,muddy,3,grass,1,1,0,1.2,6.0,3.998452756,9.001176543,11.75173806,-0.1,2.4,77.70541743,81.76160469,86.73214763,170,-43.638175,172.752755,2,9,1,0,14,0,Alongshore,Alongshore,Alongshore,266.2,0.06666666666666667
1691,Purau Bay Beach,2018-03-14 12:00:00,Lyttelton,0.0,0.0,0.0,0.0,0.0,0.0,incoming,medium,muddy,3,grass,1,1,0,0.0,0.0,3.742446714,4.283701595,9.630199799,-2.9,2.2,83.59194187,84.92649315,64.91233201,170,-43.638175,172.752755,3,11,2,0,12,0,Alongshore,Alongshore,Alongshore,266.2,0.0625
1692,Purau Bay Beach,2018-03-20 07:00:00,Lyttelton,0.0,0.0,0.0,0.0,0.0,0.0,ebbing,medium,muddy,3,grass,1,1,0,0.0,0.0,12.87259785,11.36960167,9.898675686,1.0,2.3,52.93423507,55.61838816,57.19475579,170,-43.638175,172.752755,3,12,1,0,7,0,Alongshore,Alongshore,Alongshore,8.0,0.058823529411764705
1693,Purau Bay Beach,2018-11-13 08:00:00,Lyttelton,0.0,0.0,0.0,0.0,0.0,0.0,incoming,medium,muddy,3,grass,1,1,0,0.0,0.0,3.596538507,6.080794105,6.599065159,-1.1,2.3,259.3905483,261.4772106,263.2311875,170,-43.638175,172.752755,11,46,1,0,8,0,Alongshore,Alongshore,Alongshore,,0.0
1694,Purau Bay Beach,2018-11-19 11:00:00,Lyttelton,0.2,0.2,1.0,1.2,1.2,1.2,incoming,medium,muddy,3,grass,1,1,0,0.6,4.0,7.783538582,5.66888027,6.764308263,-2.2,2.2,230.7709293,229.9383797,242.0264947,170,-43.638175,172.752755,11,47,0,0,11,0,Alongshore,Alongshore,Alongshore,5.0,0.0
1695,Purau Bay Beach,2018-11-29 08:00:00,Lyttelton,0.0,0.0,0.0,1.4,5.0,5.0,incoming,medium,muddy,3,grass,1,1,0,1.6,12.0,13.36705461,11.86548537,11.85007273,-0.9,2.6,67.31930741,70.6458073,73.77395186,170,-43.638175,172.752755,11,48,3,0,8,0,Alongshore,Alongshore,Alongshore,5.0,0.0
1696,Purau Bay Beach,2018-12-03 11:00:00,Lyttelton,0.2,0.2,0.4,0.8,1.2,1.6,incoming,medium,muddy,3,grass,1,1,0,0.2,6.0,18.30793848,19.49899085,19.6647172,-2.2,2.4,62.99661001,64.24005061,65.36341097,170,-43.638175,172.752755,12,49,0,0,11,0,Alongshore,Alongshore,Alongshore,5.0,0.0
1697,Purau Bay Beach,2018-12-11 10:00:00,Lyttelton,0.0,0.0,0.0,0.0,0.0,0.0,ebbing,medium,muddy,3,grass,1,1,0,0.0,0.0,12.97083873,14.45099695,15.29651323,3.1,2.3,59.35290571,60.08380605,59.55779102,170,-43.638175,172.752755,12,50,1,0,10,0,Alongshore,Alongshore,Alongshore,22.25,0.0
1698,Purau Bay Beach,2018-12-17 11:00:00,Lyttelton,0.0,0.0,0.0,0.0,0.0,0.0,incoming,medium,muddy,3,grass,1,1,0,0.0,0.0,12.71256075,10.70532481,11.43054273,-0.8,2.2,82.51313767,72.75346596,69.08233174,170,-43.638175,172.752755,12,51,0,0,11,0,Alongshore,Alongshore,Alongshore,19.8,0.0
1699,Purau Bay Beach,2018-12-28 10:00:00,Lyttelton,0.0,0.0,0.0,0.0,0.0,0.2,ebbing,medium,muddy,3,grass,1,1,0,0.0,0.0,10.49334504,14.33607051,17.71723235,1.3,2.6,74.09590799,68.31577581,63.46867562,170,-43.638175,172.752755,12,52,4,0,10,1,Alongshore,Alongshore,Alongshore,19.8,0.0
1700,Purau Bay Beach,2019-01-09 09:00:00,Lyttelton,0.0,0.0,0.0,0.0,0.0,6.2,ebbing,medium,muddy,3,grass,1,1,0,0.0,0.0,16.93260489,19.49558611,19.26213622,2.5,2.3,62.30445729,64.53257413,59.61057381,170,-43.638175,172.752755,1,2,2,0,9,0,Alongshore,Alongshore,Alongshore,40.4,0.0
1701,Purau Bay Beach,2019-01-15 10:00:00,Lyttelton,0.0,0.0,0.0,1.0,14.2,14.2,incoming,medium,muddy,3,grass,1,1,0,5.2,11.0,12.57764483,12.07273526,11.54502549,-1.3,2.2,221.7169092,229.8646448,240.6429742,170,-43.638175,172.752755,1,3,1,0,10,0,Alongshore,Alongshore,Alongshore,40.4,0.0
1702,Purau Bay Beach,2019-01-24 09:00:00,Lyttelton,0.0,0.0,0.0,3.0,3.2,3.2,ebbing,medium,muddy,3,grass,1,1,0,1.8,5.0,13.92945981,8.964252812,7.768356315,2.0,2.7,225.6056295,241.333396,236.5871021,170,-43.638175,172.752755,1,4,3,0,9,0,Alongshore,Alongshore,Alongshore,33.8,0.0
1703,Purau Bay Beach,2019-01-28 10:00:00,Lyttelton,0.0,0.0,0.0,0.0,0.0,0.0,incoming,medium,muddy,3,grass,1,1,0,0.0,0.0,2.476064044,3.888527313,8.571027311,-0.2,2.5,279.2711674,273.7259135,45.96277189,170,-43.638175,172.752755,1,5,0,0,10,0,Alongshore,Alongshore,Alongshore,49.0,0.0
1704,Purau Bay Beach,2019-02-08 09:00:00,Lyttelton,0.0,0.0,0.0,0.0,0.0,0.0,ebbing,medium,muddy,3,grass,1,1,0,0.0,0.0,16.45201499,16.97994754,17.77728732,1.6,2.2,73.15711301,68.61326515,63.06576399,170,-43.638175,172.752755,2,6,4,0,9,1,Alongshore,Alongshore,Alongshore,49.0,0.0
1705,Purau Bay Beach,2019-02-14 09:00:00,Lyttelton,0.0,0.0,0.0,0.0,0.0,0.0,incoming,medium,muddy,3,grass,1,1,0,0.0,0.0,15.95976969,15.06459155,15.98784815,-2.2,2.2,75.94129066,68.86360325,67.52320774,170,-43.638175,172.752755,2,7,3,0,9,0,Alongshore,Alongshore,Alongshore,35.6,0.0
1706,Purau Bay Beach,2019-02-18 13:00:00,Lyttelton,0.0,0.0,0.0,0.0,0.0,0.0,incoming,medium,muddy,3,grass,1,1,0,0.0,0.0,1.643006834,6.82718033,12.96487661,-2.6,2.5,87.69405925,90.38233594,90.74037435,170,-43.638175,172.752755,2,8,0,0,13,0,Alongshore,Alongshore,Alongshore,35.6,0.0
1707,Purau Bay Beach,2019-02-28 13:00:00,Lyttelton,0.0,0.0,0.2,3.0,3.0,3.0,ebbing,medium,muddy,3,grass,1,1,0,0.8,6.0,22.7012192,20.63341949,19.85254788,0.8,2.2,225.9694831,228.3978849,231.0912516,170,-43.638175,172.752755,2,9,3,0,13,0,Alongshore,Alongshore,Alongshore,31.4,0.0
1708,Purau Bay Beach,2019-11-18 11:00:00,Lyttelton,0.0,0.0,0.0,0.0,0.0,0.0,ebbing,medium,muddy,3,grass,1,1,0,0.0,0.0,5.957294292,10.11595454,9.566569528,2.5,2.4,243.2390985,252.8177793,254.8168422,170,-43.638175,172.752755,11,47,0,0,11,0,Alongshore,Alongshore,Alongshore,,0.0
1709,Purau Bay Beach,2019-12-03 12:00:00,Lyttelton,0.0,0.0,0.0,0.0,0.0,0.0,ebbing,medium,muddy,3,grass,1,1,0,0.0,0.0,13.74967366,16.01050467,15.19951343,1.9,2.3,85.69956566,80.14077253,77.51775888,170,-43.638175,172.752755,12,49,1,0,12,0,Alongshore,Alongshore,Alongshore,5.0,0.0
1710,Purau Bay Beach,2019-12-10 13:00:00,Lyttelton,0.0,0.0,0.0,0.0,0.0,0.0,incoming,medium,muddy,3,grass,1,1,0,0.0,0.0,8.96347376,13.50194055,14.46236643,-2.2,2.2,87.9538088,89.98620514,85.10713649,170,-43.638175,172.752755,12,50,1,0,13,0,Alongshore,Alongshore,Alongshore,63.5,0.0
1711,Purau Bay Beach,2019-12-18 11:00:00,Lyttelton,1.2,3.6,13.4,18.0,22.8,22.8,ebbing,medium,muddy,3,grass,1,1,0,2.8,31.0,26.79825747,26.34463157,28.36020187,1.6,2.5,247.2796275,246.1291068,245.556463,170,-43.638175,172.752755,12,51,2,0,11,0,Alongshore,Alongshore,Alongshore,44.0,0.0
1712,Purau Bay Beach,2019-12-30 09:00:00,Lyttelton,0.0,0.0,0.0,0.0,0.0,0.0,ebbing,medium,muddy,3,grass,1,1,0,0.0,0.0,2.259794367,0.49249538,5.96496431,1.3,2.4,100.3942655,261.4150213,277.5718856,170,-43.638175,172.752755,12,1,0,0,9,1,Alongshore,Alongshore,Alongshore,35.5,0.0
1713,Purau Bay Beach,2020-01-07 12:00:00,Lyttelton,0.4,0.4,0.4,0.4,0.4,0.6,incoming,medium,muddy,3,grass,1,1,0,0.4,1.0,24.62184687,23.43711178,20.71523752,-1.6,2.1,228.732187,232.886071,235.8382644,170,-43.638175,172.752755,1,2,1,0,12,0,Alongshore,Alongshore,Alongshore,29.4,0.0
1714,Purau Bay Beach,2020-01-15 10:00:00,Lyttelton,0.0,0.0,0.0,0.0,1.0,1.0,ebbing,medium,muddy,3,grass,1,1,0,0.4,4.0,1.668239842,0.783625655,2.588098759,2.5,2.6,122.8374577,163.9414434,87.20243602,170,-43.638175,172.752755,1,3,2,0,10,0,Alongshore,Offshore,Alongshore,29.4,0.0
1715,Purau Bay Beach,2020-01-21 11:00:00,Lyttelton,0.0,0.0,0.0,0.0,0.2,0.2,incoming,medium,muddy,3,grass,1,1,0,0.2,1.0,7.012729936,8.17015714,9.042037662,-2.5,2.3,83.49322994,73.15100739,67.7392004,170,-43.638175,172.752755,1,4,1,0,11,0,Alongshore,Alongshore,Alongshore,6.0,0.0
1716,Purau Bay Beach,2020-01-28 10:00:00,Lyttelton,0.2,0.2,0.2,0.2,0.2,0.2,ebbing,medium,muddy,3,grass,1,1,0,0.2,1.0,12.50054781,12.37922288,13.13837581,2.6,2.3,264.9604667,273.9709705,273.5576333,170,-43.638175,172.752755,1,5,1,0,10,0,Alongshore,Alongshore,Alongshore,6.0,0.0
1717,Purau Bay Beach,2020-02-05 11:00:00,Lyttelton,0.0,0.0,4.0,6.0,6.0,6.0,incoming,medium,muddy,3,grass,1,1,0,1.8,9.0,18.47937961,11.13608064,9.507112604,-1.7,2.1,245.6662924,249.6996767,247.9474983,170,-43.638175,172.752755,2,6,2,0,11,1,Alongshore,Alongshore,Alongshore,5.0,0.0
1718,Purau Bay Beach,2020-02-11 08:00:00,Lyttelton,0.0,0.0,0.0,0.0,0.0,0.8,ebbing,medium,muddy,3,grass,1,1,0,0.0,0.0,3.170163052,4.820125893,5.428811078,2.5,2.6,271.0184118,271.3169653,275.1452513,170,-43.638175,172.752755,2,7,1,0,8,0,Alongshore,Alongshore,Alongshore,6.0,0.0
1719,Purau Bay Beach,2020-02-19 12:00:00,Lyttelton,0.0,0.0,0.0,0.0,0.0,0.0,incoming,medium,muddy,3,grass,1,1,0,0.0,0.0,0.616147249,1.15502661,3.414641272,-1.6,2.3,86.63448786,54.68100336,317.7104935,170,-43.638175,172.752755,2,8,2,0,12,0,Alongshore,Alongshore,Onshore,11.0,0.0
1720,Purau Bay Beach,2020-02-26 10:00:00,Lyttelton,0.0,0.0,0.0,0.0,0.0,0.0,ebbing,medium,muddy,3,grass,1,1,0,0.0,0.0,12.12265427,12.24209822,13.58768064,3.6,2.3,83.30896381,80.28728533,75.63335945,170,-43.638175,172.752755,2,9,2,0,10,0,Alongshore,Alongshore,Alongshore,11.0,0.0
1721,Purau Bay Beach,2020-03-04 13:00:00,Lyttelton,0.0,0.0,0.0,1.2,1.2,1.2,ebbing,medium,muddy,3,grass,1,1,0,0.8,3.0,11.27982359,14.53961551,15.59563104,1.2,2.1,233.3142543,238.5479809,246.2920754,170,-43.638175,172.752755,3,10,2,0,13,0,Alongshore,Alongshore,Alongshore,11.0,0.0
1722,Purau Bay Beach,2020-03-18 11:00:00,Lyttelton,0.0,0.0,0.0,0.0,0.0,0.0,incoming,medium,muddy,3,grass,1,1,0,0.0,0.0,0.797192989,2.63848949,7.227363372,-1.4,2.3,89.84063083,91.10608262,74.46757603,170,-43.638175,172.752755,3,12,2,0,11,0,Alongshore,Alongshore,Alongshore,11.0,0.0
1723,Purau Bay Beach,2020-11-10 10:00:00,Lyttelton,0.0,0.0,0.0,0.0,0.9,22.7,incoming,medium,muddy,3,grass,1,1,0,0.6,2.0,4.442296132,4.912378986,4.899284639,-1.7,2.3,251.70364,262.2339796,269.0229135,170,-43.638175,172.752755,11,46,1,0,10,0,Alongshore,Alongshore,Alongshore,,0.0
1724,Purau Bay Beach,2020-11-23 10:00:00,Lyttelton,0.0,0.0,0.0,0.4,7.0,7.0,incoming,medium,muddy,3,grass,1,1,0,3.2,10.0,4.992211457,1.95127548,2.351030983,-1.4,2.3,222.9301309,229.0021503,249.3792799,170,-43.638175,172.752755,11,48,0,0,10,0,Alongshore,Alongshore,Alongshore,10.0,0.0
1725,Purau Bay Beach,2020-12-03 09:00:00,Lyttelton,0.0,0.0,0.0,0.0,0.0,2.6,ebbing,medium,muddy,3,grass,1,1,0,0.0,0.0,10.18749106,9.512752768,14.70343906,2.3,2.3,252.6713223,252.6948089,258.6907494,170,-43.638175,172.752755,12,49,3,0,9,0,Alongshore,Alongshore,Alongshore,7.5,0.0
1726,Purau Bay Beach,2020-12-10 12:00:00,Lyttelton,0.0,0.0,0.0,0.0,0.0,0.0,ebbing,medium,muddy,3,grass,1,1,0,0.0,0.0,10.12144531,13.70016525,14.86773125,0.1,2.4,264.3271677,266.1267117,265.8372106,170,-43.638175,172.752755,12,50,3,0,12,0,Alongshore,Alongshore,Alongshore,11.666666666666666,0.0
1727,Purau Bay Beach,2020-12-17 09:00:00,Lyttelton,0.0,0.0,0.0,0.0,0.0,0.0,ebbing,medium,muddy,3,grass,1,1,0,0.0,0.0,3.753358782,3.109602066,11.26178596,2.3,2.6,253.3295631,242.6372858,74.21911493,170,-43.638175,172.752755,12,51,3,0,9,0,Alongshore,Alongshore,Alongshore,11.25,0.0
1728,Purau Bay Beach,2020-12-22 09:00:00,Lyttelton,0.6,2.4,2.6,8.4,13.0,13.0,incoming,medium,muddy,3,grass,1,1,0,1.8,19.0,13.09317547,11.86373035,11.93714068,-1.9,2.3,83.2577424,75.53999815,70.48025284,170,-43.638175,172.752755,12,52,1,0,9,1,Alongshore,Alongshore,Alongshore,10.0,0.0
1729,Purau Bay Beach,2020-12-29 16:00:00,Lyttelton,0.0,0.0,0.0,0.0,0.0,6.8,incoming,medium,muddy,3,grass,1,1,0,0.0,0.0,8.869205648,14.66191069,17.7,-0.2,2.1,86.0,86.48517333,89.17782607,170,-43.638175,172.752755,12,53,1,0,16,1,Alongshore,Alongshore,Alongshore,10.0,0.0
1730,Purau Bay Beach,2021-01-11 12:00:00,Lyttelton,0.0,0.0,0.0,0.0,0.2,0.2,incoming,medium,muddy,3,grass,1,1,0,0.2,1.0,3.982060971,1.9015962,6.772155448,-2.8,2.4,63.8824797,10.68540813,280.5980581,170,-43.638175,172.752755,1,2,0,0,12,0,Alongshore,Onshore,Alongshore,10.0,0.0
1731,Purau Bay Beach,2021-01-19 11:00:00,Lyttelton,0.0,0.0,0.0,0.0,1.0,1.2,ebbing,medium,muddy,3,grass,1,1,0,0.8,2.0,5.450774163,12.83583391,18.40549314,1.6,2.3,72.16019122,65.22271436,59.36357148,170,-43.638175,172.752755,1,3,1,0,11,0,Alongshore,Alongshore,Alongshore,7.0,0.0
1732,Purau Bay Beach,2021-01-26 12:00:00,Lyttelton,0.0,0.0,0.0,0.0,0.0,0.0,incoming,medium,muddy,3,grass,1,1,0,0.0,0.0,11.58260502,11.75973756,10.2510134,-2.8,2.1,82.62086927,77.72734258,68.89079022,170,-43.638175,172.752755,1,4,1,0,12,0,Alongshore,Alongshore,Alongshore,6.0,0.0
1733,Purau Bay Beach,2021-02-03 11:00:00,Lyttelton,0.0,0.0,0.0,0.0,0.0,0.0,ebbing,medium,muddy,3,grass,1,1,0,0.0,0.0,12.55600585,11.90522501,11.14523729,1.8,2.5,86.97072009,82.82237274,74.22915111,170,-43.638175,172.752755,2,5,2,0,11,1,Alongshore,Alongshore,Alongshore,6.0,0.0
1734,Purau Bay Beach,2021-02-10 13:00:00,Lyttelton,0.0,2.0,4.4,8.6,9.0,9.0,incoming,medium,muddy,3,grass,1,1,0,2.6,12.0,12.24910555,9.511657743,6.132045208,-2.8,2.4,242.4619308,247.9334851,261.1895131,170,-43.638175,172.752755,2,6,2,0,13,0,Alongshore,Alongshore,Alongshore,10.2,0.0
1735,Purau Bay Beach,2021-02-17 11:00:00,Lyttelton,0.0,0.0,0.0,0.0,0.0,0.0,ebbing,medium,muddy,3,grass,1,1,0,0.0,0.0,2.049066296,2.57152548,2.567481534,2.0,2.2,187.7970378,236.0465648,258.9270203,170,-43.638175,172.752755,2,7,2,0,11,0,Offshore,Alongshore,Alongshore,10.2,0.0
1736,Purau Bay Beach,2021-02-26 13:00:00,Lyttelton,0.0,0.0,0.0,0.0,0.0,0.0,incoming,medium,muddy,3,grass,1,1,0,0.0,0.0,8.9939102,9.503074211,9.943423276,-2.5,2.3,77.65107224,80.54589272,70.9746561,170,-43.638175,172.752755,2,8,4,0,13,0,Alongshore,Alongshore,Alongshore,11.2,0.0
1737,Purau Bay Beach,2021-03-03 07:00:00,Lyttelton,0.0,0.0,0.0,0.0,0.4,0.4,incoming,medium,muddy,3,grass,1,1,0,0.2,2.0,7.25737671,5.294892648,7.251358376,-0.3,2.5,72.68548722,71.68758779,66.31516589,170,-43.638175,172.752755,3,9,2,0,7,0,Alongshore,Alongshore,Alongshore,11.2,0.0
1738,Purau Bay Beach,2021-11-26 09:00:00,Lyttelton,0.0,0.0,0.0,0.0,0.0,0.2,incoming,medium,muddy,3,grass,1,1,0,0.0,0.0,0.806714563,0.524845986,1.33423707,-0.8,2.2,219.3205381,66.02985588,32.8939055,170,-43.638175,172.752755,11,47,4,0,9,0,Alongshore,Alongshore,Onshore,,0.0
1739,Purau Bay Beach,2021-11-29 14:00:00,Lyttelton,0.0,0.2,0.2,1.8,19.8,19.8,ebbing,medium,muddy,3,grass,1,1,0,2.6,25.0,8.129733114,10.0470168,13.43152383,2.1,2.3,93.3399809,95.13016743,83.50405582,170,-43.638175,172.752755,11,48,0,0,14,0,Alongshore,Alongshore,Alongshore,556.0,0.5
1740,Purau Bay Beach,2021-12-02 12:00:00,Lyttelton,0.2,0.4,0.6,0.6,0.6,0.6,incoming,medium,muddy,3,grass,1,1,0,0.2,3.0,13.15409617,14.21749711,15.35825779,-1.9,2.4,75.63797682,73.84337542,71.47047288,170,-43.638175,172.752755,12,48,3,0,12,0,Alongshore,Alongshore,Alongshore,280.5,0.3333333333333333
1741,Purau Bay Beach,2021-12-09 08:00:00,Lyttelton,0.0,0.0,0.0,0.0,3.0,8.6,incoming,medium,muddy,3,grass,1,1,0,1.2,5.0,2.384716081,6.497088069,5.164419414,-1.0,2.6,271.754726,280.6142289,331.0899387,170,-43.638175,172.752755,12,49,3,0,8,0,Alongshore,Alongshore,Onshore,204.33333333333334,0.25
1742,Purau Bay Beach,2021-12-16 13:00:00,Lyttelton,2.6,5.8,15.0,66.4,85.8,85.8,incoming,medium,muddy,3,grass,1,1,0,11.8,29.0,22.8017913,22.85193825,23.53090707,-1.7,2.2,252.988668,256.6613075,256.7122545,170,-43.638175,172.752755,12,50,3,0,13,0,Alongshore,Alongshore,Alongshore,154.5,0.2
1743,Purau Bay Beach,2021-12-20 10:00:00,Lyttelton,0.0,0.0,0.0,0.0,0.2,16.4,ebbing,medium,muddy,3,grass,1,1,0,0.2,1.0,0.731028022,1.609687208,3.58972259,5.1,2.3,304.9364492,305.4102399,349.8550291,170,-43.638175,172.752755,12,51,0,0,10,1,Alongshore,Onshore,Onshore,260.2,0.3333333333333333
1744,Purau Bay Beach,2021-12-23 06:00:00,Lyttelton,0.0,0.0,0.0,0.0,0.0,0.0,incoming,medium,muddy,3,grass,1,1,0,0.0,0.0,4.021108708,4.069410371,9.440391232,-1.1,2.3,42.41185072,356.2290516,7.21038231,170,-43.638175,172.752755,12,51,3,0,6,1,Alongshore,Onshore,Onshore,155.2,0.2857142857142857
1745,Purau Bay Beach,2021-12-30 12:00:00,Lyttelton,0.0,0.0,0.0,1.4,3.2,14.2,incoming,medium,muddy,3,grass,1,1,0,0.8,8.0,3.83310792,1.092913556,4.375425153,-1.1,2.3,243.655701,173.307966,64.6479343,170,-43.638175,172.752755,12,52,3,0,12,1,Alongshore,Offshore,Alongshore,166.8,0.25
1746,Purau Bay Beach,2022-01-07 11:00:00,Lyttelton,0.0,0.0,0.0,0.0,0.4,0.4,ebbing,medium,muddy,3,grass,1,1,0,0.2,2.0,14.74032668,15.38525438,16.02420876,2.9,2.6,237.2655418,235.1456165,234.1299,170,-43.638175,172.752755,1,1,4,0,11,0,Alongshore,Alongshore,Alongshore,160.4,0.2222222222222222
1747,Purau Bay Beach,2022-01-12 12:00:00,Lyttelton,0.0,0.0,0.0,0.0,0.0,0.0,incoming,medium,muddy,3,grass,1,1,0,0.0,0.0,1.357135287,1.269838983,4.80344999,-0.9,2.2,76.24841323,170.7575555,232.8493426,170,-43.638175,172.752755,1,2,2,0,12,0,Alongshore,Offshore,Alongshore,160.4,0.2
1748,Purau Bay Beach,2022-01-14 13:00:00,Lyttelton,0.0,0.0,0.0,0.0,0.6,0.6,incoming,medium,muddy,3,grass,1,1,0,0.4,2.0,2.521294644,2.424592385,1.849982842,-1.6,2.1,196.6270767,225.2359148,261.1881039,170,-43.638175,172.752755,1,2,4,0,13,0,Offshore,Alongshore,Alongshore,200.2,0.2727272727272727
1749,Purau Bay Beach,2022-01-20 08:00:00,Lyttelton,1.0,1.0,4.2,4.4,4.4,4.4,ebbing,medium,muddy,3,grass,1,1,0,1.0,8.0,17.75018152,15.82200434,14.41701,2.2,2.3,253.1884185,247.8880611,250.7778999,170,-43.638175,172.752755,1,3,3,0,8,0,Alongshore,Alongshore,Alongshore,195.0,0.25
1750,Purau Bay Beach,2022-01-26 12:00:00,Lyttelton,0.0,0.0,0.4,0.4,0.8,2.2,ebbing,medium,muddy,3,grass,1,1,0,0.4,3.0,6.236071424,8.957021644,10.83529086,1.7,2.3,87.45872579,80.17290486,71.07880896,170,-43.638175,172.752755,1,4,2,0,12,0,Alongshore,Alongshore,Alongshore,192.8,0.23076923076923078
1751,Purau Bay Beach,2022-02-01 15:00:00,Lyttelton,0.0,0.0,0.0,0.0,0.0,0.0,incoming,medium,muddy,3,grass,1,1,0,0.0,0.0,14.34713979,17.80846169,19.73304089,-1.4,2.5,76.67043694,81.00568335,75.71459069,170,-43.638175,172.752755,2,5,1,0,15,1,Alongshore,Alongshore,Alongshore,197.0,0.21428571428571427
1752,Purau Bay Beach,2022-02-10 11:00:00,Lyttelton,0.8,4.8,37.4,65.2,66.0,66.0,incoming,medium,muddy,3,grass,1,1,0,11.2,19.0,11.95045857,4.367968311,2.626442968,-1.4,2.1,275.7268108,76.5282988,70.0322843,170,-43.638175,172.752755,2,6,3,0,11,0,Alongshore,Alongshore,Alongshore,198.0,0.2
1753,Purau Bay Beach,2022-02-15 17:00:00,Lyttelton,0.0,0.0,0.0,0.0,0.4,34.2,ebbing,medium,muddy,3,grass,1,1,0,0.2,2.0,12.80793706,15.47026642,16.82539351,1.6,2.1,80.80869836,81.93714692,80.93677641,170,-43.638175,172.752755,2,7,1,0,17,0,Alongshore,Alongshore,Alongshore,198.4,0.25
1754,Purau Bay Beach,2022-02-18 10:00:00,Lyttelton,0.0,0.0,0.0,0.0,0.0,0.0,ebbing,medium,muddy,3,grass,1,1,0,0.0,0.0,5.958481452,1.424758083,1.343889436,4.4,2.3,133.5440981,54.57930126,61.23356162,170,-43.638175,172.752755,2,7,4,0,10,0,Offshore,Alongshore,Alongshore,261.8,0.29411764705882354
1755,Purau Bay Beach,2022-02-23 09:00:00,Lyttelton,0.0,0.0,0.6,0.6,0.6,0.6,incoming,medium,muddy,3,grass,1,1,0,0.2,3.0,7.304994072,6.663235567,5.578015666,-0.9,2.3,278.0335983,275.3122052,263.3688354,170,-43.638175,172.752755,2,8,2,0,9,0,Alongshore,Alongshore,Alongshore,255.4,0.2777777777777778
1756,Purau Bay Beach,2022-03-09 08:00:00,Lyttelton,0.0,0.0,0.0,0.0,0.0,0.0,incoming,medium,muddy,3,grass,1,1,0,0.0,0.0,3.90780692,8.950448321,10.77140851,-1.3,2.1,293.126282,285.4367915,308.9702777,170,-43.638175,172.752755,3,10,2,0,8,0,Alongshore,Alongshore,Onshore,251.2,0.2631578947368421
1757,Rapaki Bay Beach,2013-11-12 10:00:00,Lyttelton,0.0,0.0,0.0,0.0,0.0,0.0,incoming,medium,muddy,6,grass,1,0,0,0.0,0.0,4.681272719,5.755473171,6.529351704,-1.8,2.5,221.2809175,218.5666253,227.3436742,20,-43.607415,172.683974,11,46,1,0,10,0,Onshore,Onshore,Onshore,,0.0
1758,Rapaki Bay Beach,2013-11-25 09:00:00,Lyttelton,0.0,0.0,0.0,0.0,0.0,0.8,incoming,medium,muddy,6,grass,1,0,0,0.0,0.0,3.534283768,7.643802502,11.44878146,-1.0,2.2,221.3149163,224.9342294,221.9644692,20,-43.607415,172.683974,11,48,0,0,9,0,Onshore,Onshore,Onshore,10.0,0.0
1759,Rapaki Bay Beach,2013-12-02 15:00:00,Lyttelton,0.0,0.0,0.0,0.0,0.0,0.0,incoming,medium,muddy,6,grass,1,0,0,0.0,0.0,8.159791549,10.10828866,11.75926086,0.0,2.4,68.70833345,69.41361194,61.515559,20,-43.607415,172.683974,12,49,0,0,15,0,Alongshore,Alongshore,Offshore,20.5,0.0
1760,Rapaki Bay Beach,2013-12-09 09:00:00,Lyttelton,0.0,0.0,0.0,1.6,1.6,1.6,incoming,medium,muddy,6,grass,1,0,0,0.8,3.0,12.30328116,10.57046493,9.762420307,-0.8,2.6,211.3482577,217.7280613,217.5234382,20,-43.607415,172.683974,12,50,0,0,9,0,Onshore,Onshore,Onshore,17.0,0.0
1761,Rapaki Bay Beach,2013-12-16 16:00:00,Lyttelton,0.0,0.0,0.0,0.0,0.0,0.0,ebbing,medium,muddy,6,grass,1,0,0,0.0,0.0,2.63881296,4.076237678,4.010525726,0.3,2.2,89.35809445,187.0322581,181.4695398,20,-43.607415,172.683974,12,51,0,0,16,0,Alongshore,Onshore,Onshore,14.0,0.0
1762,Rapaki Bay Beach,2013-12-22 08:00:00,Lyttelton,0.0,1.6,1.8,1.8,1.8,2.0,ebbing,medium,muddy,6,grass,1,0,0,0.8,3.0,9.978417433,5.220515222,2.88606038,0.1,2.3,212.9900472,221.2527525,215.9175292,20,-43.607415,172.683974,12,51,6,1,8,1,Onshore,Onshore,Onshore,13.2,0.0
1763,Rapaki Bay Beach,2014-01-06 09:00:00,Lyttelton,0.0,0.0,0.0,0.4,0.4,0.4,ebbing,medium,muddy,6,grass,1,0,0,0.4,1.0,7.29723759,5.822728911,5.983912071,0.3,2.7,170.1679135,181.9892972,271.0238338,20,-43.607415,172.683974,1,2,0,0,9,0,Onshore,Onshore,Alongshore,12.2,0.0
1764,Rapaki Bay Beach,2014-01-13 15:00:00,Lyttelton,0.0,0.0,0.0,0.0,0.0,0.0,ebbing,medium,muddy,6,grass,1,0,0,0.0,0.0,5.711194932,2.776528866,5.167545716,0.1,2.2,46.23805901,208.2134378,205.523323,20,-43.607415,172.683974,1,3,0,0,15,0,Offshore,Onshore,Onshore,7.0,0.0
1765,Rapaki Bay Beach,2014-01-20 08:00:00,Lyttelton,0.0,0.0,0.0,0.0,0.0,0.0,ebbing,medium,muddy,6,grass,1,0,0,0.0,0.0,3.904221148,6.241252939,8.106350477,0.7,2.3,30.86904823,15.06600332,337.435365,20,-43.607415,172.683974,1,4,0,0,8,0,Offshore,Offshore,Offshore,6.0,0.0
1766,Rapaki Bay Beach,2014-01-28 13:00:00,Lyttelton,0.0,0.0,0.0,0.0,3.4,3.4,incoming,medium,muddy,6,grass,1,0,0,1.0,9.0,0.314660034,2.491444237,3.846378476,-0.6,2.4,93.51111902,111.200132,114.6004096,20,-43.607415,172.683974,1,5,1,0,13,0,Alongshore,Alongshore,Alongshore,6.0,0.0
1767,Rapaki Bay Beach,2014-02-03 08:00:00,Lyttelton,0.0,0.0,0.0,0.0,0.2,0.6,ebbing,medium,muddy,6,grass,1,0,0,0.2,1.0,2.888974139,2.273332951,3.771093245,0.8,2.7,38.31380366,17.88313612,21.93036422,20,-43.607415,172.683974,2,6,0,0,8,1,Offshore,Offshore,Offshore,5.0,0.0
1768,Rapaki Bay Beach,2014-02-10 15:00:00,Lyttelton,0.0,0.0,0.0,0.0,0.0,0.0,ebbing,medium,muddy,6,grass,1,0,0,0.0,0.0,5.893253715,2.498572138,6.549377942,1.2,2.2,79.03305705,125.1321729,182.1989813,20,-43.607415,172.683974,2,7,0,0,15,0,Alongshore,Alongshore,Onshore,5.0,0.0
1769,Rapaki Bay Beach,2014-02-17 07:00:00,Lyttelton,0.0,0.0,0.0,0.0,0.0,0.2,ebbing,medium,muddy,6,grass,1,0,0,0.0,0.0,12.27171344,12.09008929,12.54457976,0.6,2.3,65.5399757,58.47132707,50.71872918,20,-43.607415,172.683974,2,8,0,0,7,0,Alongshore,Offshore,Offshore,5.0,0.0
1770,Rapaki Bay Beach,2014-02-24 10:00:00,Lyttelton,0.0,0.0,0.0,2.0,9.2,9.2,incoming,medium,muddy,6,grass,1,0,0,5.6,6.0,4.153416637,6.91253022,11.48884983,-1.3,2.3,44.92243317,37.33497243,21.00617494,20,-43.607415,172.683974,2,9,0,0,10,0,Offshore,Offshore,Offshore,5.0,0.0
1771,Rapaki Bay Beach,2014-03-06 08:00:00,Lyttelton,0.0,0.0,0.0,12.2,165.2,171.4,incoming,medium,muddy,6,grass,1,0,0,10.6,28.0,2.808416022,2.337940206,3.21754627,-0.8,2.4,42.38362708,20.42895737,256.0978795,20,-43.607415,172.683974,3,10,3,0,8,0,Offshore,Offshore,Alongshore,5.0,0.0
1772,Rapaki Bay Beach,2014-11-18 14:00:00,Lyttelton,0.0,0.0,0.0,0.0,0.0,0.0,ebbing,medium,muddy,6,grass,1,0,0,0.0,0.0,5.489751584,3.866063644,8.284264685,0.4,2.2,65.99287023,136.3329232,255.8259021,20,-43.607415,172.683974,11,47,1,0,14,0,Alongshore,Alongshore,Alongshore,,0.0
1773,Rapaki Bay Beach,2014-11-24 17:00:00,Lyttelton,0.0,0.0,0.0,0.0,0.6,0.6,incoming,medium,muddy,6,grass,1,0,0,0.6,1.0,8.325777793,16.49292688,16.89602488,-1.2,2.3,53.58582696,53.48714014,55.24821066,20,-43.607415,172.683974,11,48,0,0,17,0,Offshore,Offshore,Offshore,5.0,0.0
1774,Rapaki Bay Beach,2014-12-08 18:00:00,Lyttelton,0.0,0.0,0.0,0.0,0.0,0.0,incoming,medium,muddy,6,grass,1,0,0,0.0,0.0,9.223550817,10.96848026,11.31479607,-0.3,2.3,55.52287518,54.18696671,52.82133508,20,-43.607415,172.683974,12,50,0,0,18,0,Offshore,Offshore,Offshore,5.0,0.0
1775,Rapaki Bay Beach,2014-12-15 12:00:00,Lyttelton,0.0,0.0,0.0,0.0,0.0,1.0,ebbing,medium,muddy,6,grass,1,0,0,0.0,0.0,7.383635218,8.702250298,9.529663741,1.0,2.2,65.93705147,61.39439698,51.91118754,20,-43.607415,172.683974,12,51,0,0,12,0,Alongshore,Offshore,Offshore,6.666666666666667,0.0
1776,Rapaki Bay Beach,2014-12-22 16:00:00,Lyttelton,0.0,0.0,0.0,7.4,7.4,7.8,incoming,medium,muddy,6,grass,1,0,0,3.4,7.0,8.342827899,10.98723282,14.42985802,-0.4,2.4,57.29787953,60.89164817,55.16078546,20,-43.607415,172.683974,12,52,0,0,16,1,Offshore,Offshore,Offshore,7.5,0.0
1777,Rapaki Bay Beach,2014-12-29 10:00:00,Lyttelton,0.0,0.0,0.0,0.0,1.4,1.4,incoming,medium,muddy,6,grass,1,0,0,1.4,1.0,6.598354739,9.564490834,11.80833282,-0.3,2.5,59.98691772,52.27351122,35.02965852,20,-43.607415,172.683974,12,1,0,0,10,1,Offshore,Offshore,Offshore,8.0,0.0
1778,Rapaki Bay Beach,2015-01-06 06:00:00,Lyttelton,0.0,0.0,0.0,0.0,0.0,0.0,ebbing,medium,muddy,6,grass,1,0,0,0.0,0.0,2.794355301,2.66797691,2.778677069,0.4,2.4,290.6367802,299.042899,351.8194995,20,-43.607415,172.683974,1,2,1,0,6,0,Alongshore,Alongshore,Offshore,8.0,0.0
1779,Rapaki Bay Beach,2015-01-12 09:00:00,Lyttelton,0.0,0.0,0.0,0.0,0.0,0.0,incoming,medium,muddy,6,grass,1,0,0,0.0,0.0,7.020369316,8.135107965,4.003697068,0.0,2.2,236.745188,243.7645152,236.7622137,20,-43.607415,172.683974,1,3,0,0,9,0,Onshore,Onshore,Onshore,13.0,0.0
1780,Rapaki Bay Beach,2015-01-19 15:00:00,Lyttelton,0.0,0.0,0.0,0.0,0.0,0.0,incoming,medium,muddy,6,grass,1,0,0,0.0,0.0,8.211026058,9.242731156,12.62497931,0.0,2.4,317.3173947,312.5303855,321.9954537,20,-43.607415,172.683974,1,4,0,0,15,0,Alongshore,Alongshore,Alongshore,17.2,0.0
1781,Rapaki Bay Beach,2015-01-26 10:00:00,Lyttelton,0.0,0.0,0.0,0.0,0.0,0.0,ebbing,medium,muddy,6,grass,1,0,0,0.0,0.0,19.45047513,19.84233868,18.82160739,0.3,2.6,50.51544842,48.36238379,47.12383557,20,-43.607415,172.683974,1,5,0,0,10,0,Offshore,Offshore,Offshore,17.2,0.0
1782,Rapaki Bay Beach,2015-02-02 15:00:00,Lyttelton,0.0,0.0,0.0,0.0,0.0,1.8,incoming,medium,muddy,6,grass,1,0,0,0.0,0.0,5.521520323,10.28457978,14.7942978,-0.3,2.3,305.805032,320.7422958,342.9513136,20,-43.607415,172.683974,2,6,0,0,15,1,Alongshore,Alongshore,Offshore,19.2,0.0
1783,Rapaki Bay Beach,2015-02-09 08:00:00,Lyttelton,0.0,0.0,0.0,0.0,0.0,0.0,ebbing,medium,muddy,6,grass,1,0,0,0.0,0.0,2.874598961,5.290959148,10.96245458,0.2,2.2,312.4589485,323.6803813,310.5887103,20,-43.607415,172.683974,2,7,0,0,8,1,Alongshore,Alongshore,Alongshore,19.2,0.0
1784,Rapaki Bay Beach,2015-02-16 14:00:00,Lyttelton,0.0,0.0,0.0,0.0,0.0,0.0,incoming,medium,muddy,6,grass,1,0,0,0.0,0.0,3.778094901,6.040651828,7.589813682,-0.1,2.3,63.38937861,67.75084616,49.36104147,20,-43.607415,172.683974,2,8,0,0,14,0,Offshore,Alongshore,Offshore,14.2,0.0
1785,Rapaki Bay Beach,2015-02-23 08:00:00,Lyttelton,0.0,0.4,0.8,0.8,3.0,3.0,ebbing,medium,muddy,6,grass,1,0,0,1.6,6.0,5.304933362,3.758967301,3.392757199,0.5,2.6,239.4785484,217.8172237,219.4069169,20,-43.607415,172.683974,2,9,0,0,8,0,Onshore,Onshore,Onshore,9.0,0.0
1786,Rapaki Bay Beach,2015-02-25 10:00:00,Lyttelton,0.0,0.0,0.0,0.0,0.0,0.8,incoming,medium,muddy,6,grass,1,0,0,0.0,0.0,1.212147805,1.348603845,2.140503319,-0.3,2.5,226.9251693,250.0917952,292.7462478,20,-43.607415,172.683974,2,9,2,0,10,0,Onshore,Alongshore,Alongshore,24.2,0.0
1787,Rapaki Bay Beach,2015-03-02 15:00:00,Lyttelton,0.0,0.0,0.0,0.0,0.0,0.0,ebbing,medium,muddy,6,grass,1,0,0,0.0,0.0,5.027653231,9.808669742,13.94664028,0.4,2.2,306.4783889,316.3342521,318.5040618,20,-43.607415,172.683974,3,10,0,0,15,0,Alongshore,Alongshore,Alongshore,26.2,0.0
1788,Rapaki Bay Beach,2015-11-17 09:00:00,Lyttelton,0.0,0.0,0.0,0.0,0.0,0.0,ebbing,medium,muddy,6,grass,1,0,0,0.0,0.0,2.42511697,8.195243616,10.66076407,0.4,2.3,254.3300519,257.138558,284.0637889,20,-43.607415,172.683974,11,47,1,0,9,0,Alongshore,Alongshore,Alongshore,,0.0
1789,Rapaki Bay Beach,2015-11-23 14:00:00,Lyttelton,0.0,0.0,0.0,0.0,0.0,0.0,incoming,medium,muddy,6,grass,1,0,0,0.0,0.0,5.508553515,5.487602444,6.903782715,-0.1,2.5,330.6302517,48.3858715,55.05798711,20,-43.607415,172.683974,11,48,0,0,14,0,Alongshore,Offshore,Offshore,5.0,0.0
1790,Rapaki Bay Beach,2015-11-30 08:00:00,Lyttelton,0.0,0.0,0.0,0.0,0.8,0.8,ebbing,medium,muddy,6,grass,1,0,0,0.4,2.0,15.8287471,15.07544192,14.74320218,0.3,2.5,68.74629117,67.31572485,64.31751354,20,-43.607415,172.683974,11,49,0,0,8,0,Alongshore,Alongshore,Offshore,5.0,0.0
1791,Rapaki Bay Beach,2015-12-10 15:00:00,Lyttelton,0.0,0.0,0.0,0.0,0.0,1.4,incoming,medium,muddy,6,grass,1,0,0,0.0,0.0,6.164976786,9.692675245,11.58840055,-0.9,2.2,70.39688612,70.54652231,67.78406933,20,-43.607415,172.683974,12,50,3,0,15,0,Alongshore,Alongshore,Alongshore,40.0,0.0
1792,Rapaki Bay Beach,2015-12-14 06:00:00,Lyttelton,0.2,0.2,0.2,8.2,8.2,8.2,incoming,medium,muddy,6,grass,1,0,0,4.6,5.0,1.232918226,1.324701946,2.003069224,-0.5,2.4,296.0822338,307.883628,274.6650048,20,-43.607415,172.683974,12,51,0,0,6,0,Alongshore,Alongshore,Alongshore,31.25,0.0
1793,Rapaki Bay Beach,2015-12-23 14:00:00,Lyttelton,0.0,0.0,0.0,0.4,1.8,1.8,incoming,medium,muddy,6,grass,1,0,0,0.8,5.0,2.292946004,1.130465848,5.269575827,-0.7,2.5,61.53340303,236.8611058,259.3295698,20,-43.607415,172.683974,12,52,2,0,14,1,Offshore,Onshore,Alongshore,26.0,0.0
1794,Rapaki Bay Beach,2016-01-05 12:00:00,Lyttelton,0.0,0.0,0.0,0.0,0.2,15.6,incoming,medium,muddy,6,grass,1,0,0,0.2,1.0,5.679008674,6.407758367,7.862866852,-0.4,2.1,79.88102311,87.15542581,75.89894899,20,-43.607415,172.683974,1,1,1,0,12,1,Alongshore,Alongshore,Alongshore,26.0,0.0
1795,Rapaki Bay Beach,2016-01-11 16:00:00,Lyttelton,0.0,0.0,0.0,0.0,0.0,0.0,incoming,medium,muddy,6,grass,1,0,0,0.0,0.0,15.7063721,22.39647871,24.56418078,-1.3,2.3,78.97828927,78.87279478,75.51051352,20,-43.607415,172.683974,1,2,0,0,16,0,Alongshore,Alongshore,Alongshore,29.0,0.0
1796,Rapaki Bay Beach,2016-01-18 11:00:00,Lyttelton,1.6,2.4,2.4,2.6,2.8,15.4,incoming,medium,muddy,6,grass,1,0,0,0.8,6.0,10.08630177,10.74263357,9.832268335,-0.7,2.4,52.9355895,54.02348854,49.77954596,20,-43.607415,172.683974,1,3,0,0,11,0,Offshore,Offshore,Offshore,8.0,0.0
1797,Rapaki Bay Beach,2016-01-25 17:00:00,Lyttelton,0.0,0.0,0.0,0.0,0.0,0.0,incoming,medium,muddy,6,grass,1,0,0,0.0,0.0,2.258294849,4.682800102,3.053188123,-1.1,2.3,31.1474824,307.505512,351.495189,20,-43.607415,172.683974,1,4,0,0,17,0,Offshore,Alongshore,Offshore,8.0,0.0
1798,Rapaki Bay Beach,2016-02-02 10:00:00,Lyttelton,0.0,0.0,0.0,0.0,0.0,0.0,incoming,medium,muddy,6,grass,1,0,0,0.0,0.0,2.657349171,0.60663203,1.473673479,-0.9,2.1,123.7164916,130.2318845,260.5984063,20,-43.607415,172.683974,2,5,1,0,10,1,Alongshore,Alongshore,Alongshore,17.2,0.0
1799,Rapaki Bay Beach,2016-02-09 16:00:00,Lyttelton,0.0,0.0,0.0,0.0,0.0,0.0,incoming,medium,muddy,6,grass,1,0,0,0.0,0.0,1.50880364,6.238883547,13.99253319,-1.1,2.4,260.8572478,247.0972085,83.1294413,20,-43.607415,172.683974,2,6,1,0,16,1,Alongshore,Alongshore,Alongshore,26.4,0.0
1800,Rapaki Bay Beach,2016-02-15 10:00:00,Lyttelton,0.0,0.0,0.0,0.0,0.0,0.0,ebbing,medium,muddy,6,grass,1,0,0,0.0,0.0,0.929001849,0.162945359,2.872799125,0.3,2.5,82.8771032,8.363041089,12.06380738,20,-43.607415,172.683974,2,7,0,0,10,0,Alongshore,Offshore,Offshore,39.6,0.0
1801,Rapaki Bay Beach,2016-02-22 15:00:00,Lyttelton,0.0,0.0,0.0,0.0,0.0,0.0,incoming,medium,muddy,6,grass,1,0,0,0.0,0.0,7.827548651,13.44204805,14.45607773,-1.2,2.3,71.33255489,71.65102544,72.21847655,20,-43.607415,172.683974,2,8,0,0,15,0,Alongshore,Alongshore,Alongshore,39.6,0.0
1802,Rapaki Bay Beach,2016-02-29 10:00:00,Lyttelton,0.0,0.0,0.0,0.0,0.0,0.0,ebbing,medium,muddy,6,grass,1,0,0,0.0,0.0,10.631442,15.30432338,13.12760947,1.1,2.1,223.3331537,233.8555265,247.7553475,20,-43.607415,172.683974,2,9,0,0,10,0,Onshore,Onshore,Alongshore,39.6,0.0
1803,Rapaki Bay Beach,2016-11-21 11:00:00,Lyttelton,0.0,0.0,0.0,0.0,0.0,0.0,ebbing,medium,muddy,6,grass,1,0,0,0.0,0.0,2.604226268,5.824615112,8.013016843,0.6,2.5,81.85342825,75.55195989,72.23947135,20,-43.607415,172.683974,11,47,0,0,11,0,Alongshore,Alongshore,Alongshore,,0.0
1804,Rapaki Bay Beach,2016-11-28 15:00:00,Lyttelton,0.0,0.0,0.0,0.0,0.0,0.0,incoming,medium,muddy,6,grass,1,0,0,0.0,0.0,3.476801117,6.377164758,18.139552,-1.2,2.2,70.04982179,83.85433711,175.0416284,20,-43.607415,172.683974,11,48,0,0,15,0,Alongshore,Alongshore,Onshore,5.0,0.0
1805,Rapaki Bay Beach,2016-12-05 08:00:00,Lyttelton,0.0,0.0,0.0,0.0,0.0,0.8,incoming,medium,muddy,6,grass,1,0,0,0.0,0.0,7.456307004,6.33069773,7.673580366,-0.4,2.3,65.61623766,62.07673182,55.892965,20,-43.607415,172.683974,12,49,0,0,8,0,Alongshore,Offshore,Offshore,5.0,0.0
1806,Rapaki Bay Beach,2016-12-12 14:00:00,Lyttelton,0.2,1.0,5.6,6.2,9.2,9.2,incoming,medium,muddy,6,grass,1,0,0,2.2,15.0,13.86665346,21.25193701,25.29911981,-0.4,2.5,219.6469072,228.0221641,231.0930274,20,-43.607415,172.683974,12,50,0,0,14,0,Onshore,Onshore,Onshore,5.0,0.0
1807,Rapaki Bay Beach,2016-12-14 10:00:00,Lyttelton,0.0,0.0,0.0,0.0,3.0,8.4,ebbing,medium,muddy,6,grass,1,0,0,1.4,6.0,1.734529079,2.291755851,1.884339306,5.7,2.7,241.8776708,239.9388086,245.9382957,20,-43.607415,172.683974,12,50,2,0,10,0,Onshore,Onshore,Alongshore,156.0,0.2
1808,Rapaki Bay Beach,2016-12-19 08:00:00,Lyttelton,0.0,0.0,0.0,0.0,0.0,0.0,incoming,medium,muddy,6,grass,1,0,0,0.0,0.0,2.455043991,3.52321929,11.59937489,-0.5,2.6,60.80445375,29.89549385,326.696978,20,-43.607415,172.683974,12,51,0,0,8,0,Offshore,Offshore,Alongshore,125.8,0.16666666666666666
1809,Rapaki Bay Beach,2016-12-28 14:00:00,Lyttelton,0.0,0.0,0.0,0.0,0.0,0.0,incoming,medium,muddy,6,grass,1,0,0,0.0,0.0,12.19254347,17.41459949,19.31492261,-1.5,2.2,71.76181363,70.02584375,64.16793927,20,-43.607415,172.683974,12,52,2,0,14,1,Alongshore,Alongshore,Offshore,125.8,0.14285714285714285
1810,Rapaki Bay Beach,2017-01-04 08:00:00,Lyttelton,0.0,0.0,0.4,1.2,1.2,1.2,incoming,medium,muddy,6,grass,1,0,0,0.4,5.0,8.836787782,8.460073775,3.233733812,-0.7,2.4,276.8704937,263.1782491,256.8229482,20,-43.607415,172.683974,1,1,2,0,8,1,Alongshore,Alongshore,Alongshore,125.8,0.125
1811,Rapaki Bay Beach,2017-01-09 14:00:00,Lyttelton,0.0,0.0,0.0,0.0,3.4,15.0,ebbing,medium,muddy,6,grass,1,0,0,1.4,8.0,2.041341272,9.513652287,13.53934924,0.9,2.4,67.07126692,66.33062125,318.8813869,20,-43.607415,172.683974,1,2,0,0,14,0,Alongshore,Alongshore,Alongshore,126.8,0.1111111111111111
1812,Rapaki Bay Beach,2017-01-16 08:00:00,Lyttelton,0.0,0.0,0.0,0.0,0.6,0.6,ebbing,medium,muddy,6,grass,1,0,0,0.6,1.0,2.541747543,8.251962232,12.61944084,0.6,2.6,65.98009669,50.24156573,316.3347932,20,-43.607415,172.683974,1,3,0,0,8,0,Alongshore,Offshore,Alongshore,6.0,0.1
1813,Rapaki Bay Beach,2017-01-24 14:00:00,Lyttelton,0.0,0.0,0.0,0.0,4.8,13.4,ebbing,medium,muddy,6,grass,1,0,0,1.2,10.0,16.99079589,18.20800666,20.62437397,0.3,2.1,74.30384099,74.24448846,78.15877651,20,-43.607415,172.683974,1,4,1,0,14,0,Alongshore,Alongshore,Alongshore,6.0,0.09090909090909091
1814,Rapaki Bay Beach,2017-01-30 07:00:00,Lyttelton,0.0,0.0,0.0,0.0,0.0,0.0,ebbing,medium,muddy,6,grass,1,0,0,0.0,0.0,1.361628657,5.877152109,10.82240348,0.9,2.4,62.24054932,73.10289362,330.1335805,20,-43.607415,172.683974,1,5,0,0,7,0,Offshore,Alongshore,Alongshore,6.0,0.08333333333333333
1815,Rapaki Bay Beach,2017-02-07 13:00:00,Lyttelton,0.0,0.0,0.0,0.3,0.3,0.3,ebbing,medium,muddy,6,grass,1,0,0,0.2,2.0,3.615502098,3.630550508,2.942727091,0.3,2.4,113.0595323,145.0198603,231.9435963,20,-43.607415,172.683974,2,6,1,0,13,1,Alongshore,Alongshore,Onshore,6.0,0.07692307692307693
1816,Rapaki Bay Beach,2017-02-13 07:00:00,Lyttelton,0.0,0.0,0.0,0.0,0.0,0.0,ebbing,medium,muddy,6,grass,1,0,0,0.0,0.0,3.990093856,6.453812023,8.100860593,0.9,2.5,57.10915668,44.84465482,353.4982985,20,-43.607415,172.683974,2,7,0,0,7,0,Offshore,Offshore,Offshore,6.0,0.07142857142857142
1817,Rapaki Bay Beach,2017-02-20 11:00:00,Lyttelton,0.0,0.0,0.0,0.0,0.8,2.8,incoming,medium,muddy,6,grass,1,0,0,0.2,4.0,17.21397403,15.91975118,15.73277428,-0.9,2.1,67.62924035,69.03849899,69.23472638,20,-43.607415,172.683974,2,8,0,0,11,0,Alongshore,Alongshore,Alongshore,6.0,0.06666666666666667
1818,Rapaki Bay Beach,2017-03-02 07:00:00,Lyttelton,0.0,0.0,0.0,0.0,0.0,0.0,incoming,medium,muddy,6,grass,1,0,0,0.0,0.0,3.312174187,2.062715962,1.114696684,-0.1,2.5,300.7428363,344.4149814,299.9625649,20,-43.607415,172.683974,3,9,3,0,7,0,Alongshore,Offshore,Alongshore,6.0,0.0625
1819,Rapaki Bay Beach,2017-11-23 08:00:00,Lyttelton,0.0,0.0,0.0,0.0,0.0,0.0,incoming,medium,muddy,6,grass,1,0,0,0.0,0.0,1.371202242,1.009583624,2.941003635,-0.1,2.2,121.321071,124.0120576,79.13681567,20,-43.607415,172.683974,11,47,3,0,8,0,Alongshore,Alongshore,Alongshore,,0.0
1820,Rapaki Bay Beach,2017-11-29 12:00:00,Lyttelton,0.0,0.0,0.0,0.0,0.0,0.0,incoming,medium,muddy,6,grass,1,0,0,0.0,0.0,4.563543539,6.588987012,9.257992895,-0.4,2.3,74.06492402,77.02042186,72.65352768,20,-43.607415,172.683974,11,48,2,0,12,0,Alongshore,Alongshore,Alongshore,5.0,0.0
1821,Rapaki Bay Beach,2017-12-06 07:00:00,Lyttelton,0.0,0.0,0.0,0.0,0.0,0.0,ebbing,medium,muddy,6,grass,1,0,0,0.0,0.0,3.516121705,2.46003646,0.868025725,0.8,2.7,135.8028798,86.24076309,39.97372475,20,-43.607415,172.683974,12,49,2,0,7,0,Alongshore,Alongshore,Offshore,5.0,0.0
1822,Rapaki Bay Beach,2017-12-13 13:00:00,Lyttelton,0.0,0.0,1.2,1.2,1.2,1.2,incoming,medium,muddy,6,grass,1,0,0,0.6,2.0,14.22588447,17.0887696,20.49877227,-0.3,2.3,68.18422502,64.86175119,60.17238518,20,-43.607415,172.683974,12,50,2,0,13,0,Alongshore,Offshore,Offshore,6.666666666666667,0.0
1823,Rapaki Bay Beach,2017-12-20 07:00:00,Lyttelton,0.0,0.0,0.0,0.0,0.0,0.2,ebbing,medium,muddy,6,grass,1,0,0,0.0,0.0,25.75978883,27.61384624,23.73092968,0.9,2.3,224.8621236,227.0707952,227.7263991,20,-43.607415,172.683974,12,51,2,0,7,1,Onshore,Onshore,Onshore,6.25,0.0
1824,Rapaki Bay Beach,2017-12-28 11:00:00,Lyttelton,0.0,0.0,0.0,0.2,3.8,5.4,incoming,medium,muddy,6,grass,1,0,0,1.0,8.0,7.393218074,7.218351276,8.538719976,-1.0,2.3,226.8577299,238.7220856,229.636414,20,-43.607415,172.683974,12,52,3,0,11,1,Onshore,Onshore,Onshore,21.6,0.0
1825,Rapaki Bay Beach,2018-01-10 13:00:00,Lyttelton,1.6,2.0,3.0,3.0,3.0,3.0,ebbing,medium,muddy,6,grass,1,0,0,1.0,7.0,16.72589337,17.95236205,17.29687261,1.4,2.3,249.4789986,258.6684024,261.9345949,20,-43.607415,172.683974,1,2,2,0,13,0,Alongshore,Alongshore,Alongshore,21.6,0.0
1826,Rapaki Bay Beach,2018-01-15 14:00:00,Lyttelton,0.0,0.0,0.0,0.0,0.0,0.2,incoming,medium,muddy,6,grass,1,0,0,0.0,0.0,18.43648641,24.19451238,24.72572996,-1.6,2.2,73.98123071,72.0206564,67.34649601,20,-43.607415,172.683974,1,3,0,0,14,0,Alongshore,Alongshore,Alongshore,55.6,0.0
1827,Rapaki Bay Beach,2018-01-24 11:00:00,Lyttelton,0.0,0.0,0.0,0.0,0.0,0.0,ebbing,medium,muddy,6,grass,1,0,0,0.0,0.0,0.74059392,1.41105297,1.691054333,1.5,2.3,244.2196638,140.2909867,244.3428123,20,-43.607415,172.683974,1,4,2,0,11,0,Onshore,Alongshore,Onshore,54.6,0.0
1828,Rapaki Bay Beach,2018-02-02 10:00:00,Lyttelton,0.4,1.0,2.2,2.2,2.2,2.2,ebbing,medium,muddy,6,grass,1,0,0,0.6,8.0,21.34330912,21.83770834,23.1209269,4.8,2.7,236.3081099,239.9232536,243.9704898,20,-43.607415,172.683974,2,5,4,0,10,1,Onshore,Onshore,Onshore,54.6,0.0
1829,Rapaki Bay Beach,2018-02-05 08:00:00,Lyttelton,0.0,0.0,0.0,0.0,1.2,1.6,incoming,medium,muddy,6,grass,1,0,0,0.6,3.0,7.342491136,2.128716232,1.30387702,-0.8,2.5,230.6976308,338.0342656,300.0051755,20,-43.607415,172.683974,2,6,0,0,8,1,Onshore,Offshore,Alongshore,147.0,0.09090909090909091
1830,Rapaki Bay Beach,2018-02-07 08:00:00,Lyttelton,0.0,0.4,0.4,0.4,0.4,0.4,incoming,medium,muddy,6,grass,1,0,0,0.4,1.0,4.478973331,3.622762769,3.220326849,-2.6,2.3,77.18859687,68.60005653,43.41862587,20,-43.607415,172.683974,2,6,2,0,8,1,Alongshore,Alongshore,Offshore,147.0,0.08333333333333333
1831,Rapaki Bay Beach,2018-02-14 14:00:00,Lyttelton,0.0,0.0,0.0,0.0,0.0,0.6,incoming,medium,muddy,6,grass,1,0,0,0.0,0.0,13.17873437,15.71515744,14.98562626,-1.7,2.2,239.7241714,243.7007236,245.6725498,20,-43.607415,172.683974,2,7,2,0,14,0,Onshore,Onshore,Alongshore,113.0,0.07692307692307693
1832,Rapaki Bay Beach,2018-02-27 15:00:00,Lyttelton,0.0,0.0,0.0,0.0,3.4,3.4,ebbing,medium,muddy,6,grass,1,0,0,1.2,6.0,5.41757839,10.67814931,13.261579,1.0,2.4,79.12062487,78.62658188,86.53929363,20,-43.607415,172.683974,2,9,1,0,15,0,Alongshore,Alongshore,Alongshore,113.0,0.07142857142857142
1833,Rapaki Bay Beach,2018-03-14 14:00:00,Lyttelton,0.0,0.0,0.0,0.0,0.0,0.0,incoming,medium,muddy,6,grass,1,0,0,0.0,0.0,5.27842546,9.988025022,14.08461286,0.0,2.2,79.37866537,81.82383963,75.39950573,20,-43.607415,172.683974,3,11,2,0,14,0,Alongshore,Alongshore,Alongshore,113.0,0.06666666666666667
1834,Rapaki Bay Beach,2018-03-20 10:00:00,Lyttelton,0.0,0.0,0.0,0.0,0.0,0.0,ebbing,medium,muddy,6,grass,1,0,0,0.0,0.0,12.29398204,10.86527271,11.88770923,3.4,2.3,61.17484345,57.43135541,58.27388063,20,-43.607415,172.683974,3,12,1,0,10,0,Offshore,Offshore,Offshore,5.0,0.0625
1835,Rapaki Bay Beach,2018-11-13 10:00:00,Lyttelton,0.0,0.0,0.0,0.0,0.0,0.0,ebbing,medium,muddy,6,grass,1,0,0,0.0,0.0,6.402985582,8.744154428,11.97024653,1.4,2.3,255.2493377,259.1546037,257.561028,20,-43.607415,172.683974,11,46,1,0,10,0,Alongshore,Alongshore,Alongshore,,0.0
1836,Rapaki Bay Beach,2018-11-19 14:00:00,Lyttelton,0.0,0.2,0.2,1.2,1.2,1.2,ebbing,medium,muddy,6,grass,1,0,0,0.6,4.0,8.256755148,10.47593463,14.1880971,0.3,2.2,229.8943155,230.1773203,231.2413742,20,-43.607415,172.683974,11,47,0,0,14,0,Onshore,Onshore,Onshore,10.0,0.0
1837,Rapaki Bay Beach,2018-11-29 10:00:00,Lyttelton,0.0,0.0,0.0,1.4,5.0,5.0,ebbing,medium,muddy,6,grass,1,0,0,1.6,12.0,12.47706273,11.78892049,12.32028842,0.7,2.6,76.66814766,70.36394199,75.18301594,20,-43.607415,172.683974,11,48,3,0,10,0,Alongshore,Alongshore,Alongshore,53.5,0.0
1838,Rapaki Bay Beach,2018-12-03 14:00:00,Lyttelton,0.0,0.2,0.2,0.6,1.2,1.6,ebbing,medium,muddy,6,grass,1,0,0,0.2,6.0,19.41790854,20.41911538,21.25713888,1.0,2.4,70.32928432,66.80581274,66.44455385,20,-43.607415,172.683974,12,49,0,0,14,0,Alongshore,Alongshore,Alongshore,49.333333333333336,0.0
1839,Rapaki Bay Beach,2018-12-11 08:00:00,Lyttelton,0.0,0.0,0.0,0.0,0.0,0.0,ebbing,medium,muddy,6,grass,1,0,0,0.0,0.0,12.23216915,13.03038811,14.33291559,0.6,2.3,61.86633722,59.68538539,59.1181122,20,-43.607415,172.683974,12,50,1,0,8,0,Offshore,Offshore,Offshore,70.75,0.0
1840,Rapaki Bay Beach,2018-12-13 09:00:00,Lyttelton,0.0,0.0,0.0,0.0,7.0,7.0,ebbing,medium,muddy,6,grass,1,0,0,1.4,14.0,1.147061445,3.409096775,2.957969764,0.3,2.2,236.0284058,254.1924238,265.7581991,20,-43.607415,172.683974,12,50,3,0,9,0,Onshore,Alongshore,Alongshore,96.0,0.0
1841,Rapaki Bay Beach,2018-12-17 13:00:00,Lyttelton,0.0,0.0,0.0,0.0,0.0,0.0,ebbing,medium,muddy,6,grass,1,0,0,0.0,0.0,12.83041162,12.96038681,15.69857109,0.9,2.2,79.96602835,80.79158078,71.62883663,20,-43.607415,172.683974,12,51,0,0,13,0,Alongshore,Alongshore,Alongshore,96.0,0.0
1842,Rapaki Bay Beach,2018-12-28 08:00:00,Lyttelton,0.0,0.0,0.0,0.0,0.0,0.2,incoming,medium,muddy,6,grass,1,0,0,0.0,0.0,9.243183559,11.08958381,13.52452578,-1.0,2.6,64.11405759,66.82418278,58.5852368,20,-43.607415,172.683974,12,52,4,0,8,1,Offshore,Alongshore,Offshore,78.6,0.0
1843,Rapaki Bay Beach,2019-01-09 07:00:00,Lyttelton,0.0,0.0,0.0,0.0,0.0,6.2,ebbing,medium,muddy,6,grass,1,0,0,0.0,0.0,16.38181381,18.3519058,19.80836558,0.6,2.3,65.40488044,62.065771,58.22696231,20,-43.607415,172.683974,1,2,2,0,7,0,Alongshore,Offshore,Offshore,71.4,0.0
1844,Rapaki Bay Beach,2019-01-15 12:00:00,Lyttelton,0.0,0.0,0.0,0.0,14.2,14.2,ebbing,medium,muddy,6,grass,1,0,0,5.2,11.0,12.52175496,12.3780299,12.08127029,0.8,2.2,224.2426036,223.9932542,235.2018872,20,-43.607415,172.683974,1,3,1,0,12,0,Onshore,Onshore,Onshore,46.4,0.0
1845,Rapaki Bay Beach,2019-01-24 07:00:00,Lyttelton,0.0,0.0,1.0,3.0,3.2,3.2,incoming,medium,muddy,6,grass,1,0,0,1.8,5.0,18.21317249,11.62703924,10.56863158,-0.2,2.7,247.9792489,249.4640452,235.5464056,20,-43.607415,172.683974,1,4,3,0,7,0,Alongshore,Alongshore,Onshore,30.2,0.0
1846,Rapaki Bay Beach,2019-01-29 10:00:00,Lyttelton,0.0,0.0,0.0,0.0,0.0,0.0,incoming,medium,muddy,6,grass,1,0,0,0.0,0.0,13.31868945,15.85741162,18.4593283,-1.1,2.4,73.13721091,66.96883258,55.84914458,20,-43.607415,172.683974,1,5,1,0,10,0,Alongshore,Alongshore,Offshore,30.2,0.0
1847,Rapaki Bay Beach,2019-02-08 07:00:00,Lyttelton,0.0,0.0,0.0,0.0,0.0,0.0,incoming,medium,muddy,6,grass,1,0,0,0.0,0.0,16.03680176,16.39462041,16.49770861,-0.3,2.2,64.70300281,62.3948123,59.22614961,20,-43.607415,172.683974,2,6,4,0,7,1,Offshore,Offshore,Offshore,29.2,0.0
1848,Rapaki Bay Beach,2019-02-14 12:00:00,Lyttelton,0.0,0.0,0.0,0.0,0.0,0.0,ebbing,medium,muddy,6,grass,1,0,0,0.0,0.0,15.47690122,15.57744061,15.17706446,0.1,2.2,78.84982351,77.35771489,70.17188461,20,-43.607415,172.683974,2,7,3,0,12,0,Alongshore,Alongshore,Alongshore,40.8,0.0
1849,Rapaki Bay Beach,2019-02-18 15:00:00,Lyttelton,0.0,0.0,0.0,0.0,0.0,0.0,incoming,medium,muddy,6,grass,1,0,0,0.0,0.0,4.958707312,12.5569893,16.07409925,-0.2,2.5,82.97513545,84.40344176,86.43381701,20,-43.607415,172.683974,2,8,0,0,15,0,Alongshore,Alongshore,Alongshore,39.8,0.0
1850,Rapaki Bay Beach,2019-02-28 11:00:00,Lyttelton,0.0,0.0,1.2,3.0,3.0,3.0,incoming,medium,muddy,6,grass,1,0,0,0.8,6.0,21.43408451,23.19224613,20.98032003,-1.5,2.2,229.0476032,230.5825322,234.9088245,20,-43.607415,172.683974,2,9,3,0,11,0,Onshore,Onshore,Onshore,17.6,0.0
1851,Rapaki Bay Beach,2019-11-18 09:00:00,Lyttelton,0.0,0.0,0.0,0.0,0.0,0.0,ebbing,medium,muddy,6,grass,1,0,0,0.0,0.0,5.073733209,6.50259143,10.08044845,0.3,2.4,251.1669867,250.9981275,252.2987334,20,-43.607415,172.683974,11,47,0,0,9,0,Alongshore,Alongshore,Alongshore,,0.0
1852,Rapaki Bay Beach,2019-12-03 09:00:00,Lyttelton,0.0,0.0,0.0,0.0,0.0,0.0,incoming,medium,muddy,6,grass,1,0,0,0.0,0.0,11.70307905,14.9576129,16.95701462,-0.5,2.3,75.15965857,75.1463254,72.72171805,20,-43.607415,172.683974,12,49,1,0,9,0,Alongshore,Alongshore,Alongshore,40.0,0.0
1853,Rapaki Bay Beach,2019-12-10 15:00:00,Lyttelton,0.0,0.0,0.0,0.0,0.0,0.0,incoming,medium,muddy,6,grass,1,0,0,0.0,0.0,11.60026072,15.22995225,16.79785233,-0.1,2.2,88.40082781,88.64226703,86.60050375,20,-43.607415,172.683974,12,50,1,0,15,0,Alongshore,Alongshore,Alongshore,46.0,0.0
1854,Rapaki Bay Beach,2019-12-18 09:00:00,Lyttelton,2.2,7.4,14.0,17.4,22.2,22.2,incoming,medium,muddy,6,grass,1,0,0,2.8,29.0,26.07932399,25.34818514,25.427399,-0.5,2.5,247.3866002,243.5010504,246.0907722,20,-43.607415,172.683974,12,51,2,0,9,0,Alongshore,Onshore,Alongshore,32.333333333333336,0.0
1855,Rapaki Bay Beach,2019-12-20 11:00:00,Lyttelton,0.0,0.0,0.2,0.2,0.2,18.2,ebbing,medium,muddy,6,grass,1,0,0,0.2,1.0,10.8181728,16.83584493,18.50170526,0.2,2.5,252.3679204,263.7832319,275.7615824,20,-43.607415,172.683974,12,51,4,0,11,1,Alongshore,Alongshore,Alongshore,1646.75,0.2
1856,Rapaki Bay Beach,2019-12-22 11:00:00,Lyttelton,0.0,0.0,0.0,0.0,1.4,1.6,incoming,medium,muddy,6,grass,1,0,0,1.0,3.0,16.36849534,16.99351989,18.30559938,-1.8,2.4,79.79730645,78.04418604,76.91113506,20,-43.607415,172.683974,12,51,6,1,11,1,Alongshore,Alongshore,Alongshore,1373.0,0.16666666666666666
1857,Rapaki Bay Beach,2019-12-30 07:00:00,Lyttelton,0.0,0.0,0.0,0.0,0.0,0.0,incoming,medium,muddy,6,grass,1,0,0,0.0,0.0,3.248513602,6.515876618,5.131606025,-0.9,2.4,275.3450608,274.3886883,279.7749063,20,-43.607415,172.683974,12,1,0,0,7,1,Alongshore,Alongshore,Alongshore,1367.0,0.14285714285714285
1858,Rapaki Bay Beach,2020-01-01 10:00:00,Lyttelton,0.0,0.0,0.0,0.0,0.0,0.0,ebbing,medium,muddy,6,grass,1,0,0,0.0,0.0,3.690062859,1.340991395,1.602048117,1.0,2.3,191.4413599,219.5442384,75.70573107,20,-43.607415,172.683974,1,1,2,0,10,1,Onshore,Onshore,Alongshore,1396.4,0.125
1859,Rapaki Bay Beach,2020-01-07 14:00:00,Lyttelton,0.0,0.4,0.4,0.4,0.4,0.6,ebbing,medium,muddy,6,grass,1,0,0,0.4,1.0,24.48771111,20.82818372,19.54170492,0.5,2.1,225.7184001,230.3115648,234.2921047,20,-43.607415,172.683974,1,2,1,0,14,0,Onshore,Onshore,Onshore,1396.4,0.1111111111111111
1860,Rapaki Bay Beach,2020-01-09 08:00:00,Lyttelton,0.0,0.0,0.0,0.0,0.4,0.4,ebbing,medium,muddy,6,grass,1,0,0,0.4,1.0,6.859354413,5.050211641,3.754665613,5.4,2.3,86.26882918,69.82817088,63.40648619,20,-43.607415,172.683974,1,2,3,0,8,0,Alongshore,Alongshore,Offshore,160.2,0.2
1861,Rapaki Bay Beach,2020-01-15 08:00:00,Lyttelton,0.0,0.0,0.0,0.0,1.0,1.0,ebbing,medium,muddy,6,grass,1,0,0,0.4,4.0,2.88172461,1.601262793,2.080109635,0.3,2.6,244.6733962,276.6106234,59.63262971,20,-43.607415,172.683974,1,3,2,0,8,0,Onshore,Alongshore,Offshore,105.6,0.18181818181818182
1862,Rapaki Bay Beach,2020-01-21 13:00:00,Lyttelton,0.0,0.0,0.0,0.0,0.2,0.2,incoming,medium,muddy,6,grass,1,0,0,0.2,1.0,7.844481561,9.815953765,11.19457386,-0.4,2.3,95.90505428,86.44655699,75.96473416,20,-43.607415,172.683974,1,4,1,0,13,0,Alongshore,Alongshore,Alongshore,109.8,0.16666666666666666
1863,Rapaki Bay Beach,2020-01-28 08:00:00,Lyttelton,0.0,0.0,0.0,0.0,0.0,0.0,ebbing,medium,muddy,6,grass,1,0,0,0.0,0.0,10.61212288,11.84400287,12.75365734,0.6,2.3,277.9736323,278.6055094,276.8318648,20,-43.607415,172.683974,1,5,1,0,8,0,Alongshore,Alongshore,Alongshore,72.0,0.15384615384615385
1864,Rapaki Bay Beach,2020-02-05 14:00:00,Lyttelton,0.0,0.0,0.4,6.0,6.0,6.0,ebbing,medium,muddy,6,grass,1,0,0,1.8,9.0,10.49640491,4.030060055,2.099419649,0.6,2.1,107.3181807,235.6976484,246.4313608,20,-43.607415,172.683974,2,6,2,0,14,1,Alongshore,Onshore,Alongshore,81.4,0.14285714285714285
1865,Rapaki Bay Beach,2020-02-07 07:00:00,Lyttelton,0.2,0.2,3.0,4.8,4.8,10.8,ebbing,medium,muddy,6,grass,1,0,0,1.8,7.0,2.248595569,1.954533205,2.079609759,4.4,2.3,21.30197376,334.1992576,315.5420986,20,-43.607415,172.683974,2,6,4,0,7,1,Offshore,Alongshore,Alongshore,61.8,0.13333333333333333
1866,Rapaki Bay Beach,2020-02-11 06:00:00,Lyttelton,0.0,0.0,0.0,0.0,0.0,0.8,ebbing,medium,muddy,6,grass,1,0,0,0.0,0.0,1.600834328,4.17147645,4.356704861,0.6,2.6,274.5853939,271.7975176,300.2841606,20,-43.607415,172.683974,2,7,1,0,6,0,Alongshore,Alongshore,Alongshore,67.0,0.125
1867,Rapaki Bay Beach,2020-02-19 14:00:00,Lyttelton,0.0,0.0,0.0,0.0,0.0,0.0,ebbing,medium,muddy,6,grass,1,0,0,0.0,0.0,1.729023918,4.058046395,11.38713748,0.7,2.3,84.43410496,73.9399195,66.03610355,20,-43.607415,172.683974,2,8,2,0,14,0,Alongshore,Alongshore,Alongshore,64.8,0.11764705882352941
1868,Rapaki Bay Beach,2020-02-26 08:00:00,Lyttelton,0.0,0.0,0.0,0.0,0.0,0.0,ebbing,medium,muddy,6,grass,1,0,0,0.0,0.0,11.83277188,11.61305351,10.91708107,1.1,2.3,75.81010657,76.3596352,73.04453391,20,-43.607415,172.683974,2,9,2,0,8,0,Alongshore,Alongshore,Alongshore,64.8,0.1111111111111111
1869,Rapaki Bay Beach,2020-03-04 11:00:00,Lyttelton,0.0,0.0,0.0,1.2,1.2,1.2,incoming,medium,muddy,6,grass,1,0,0,0.8,3.0,11.22470055,12.3929717,17.49519486,-1.1,2.1,239.3098857,246.453523,253.5437407,20,-43.607415,172.683974,3,10,2,0,11,0,Onshore,Alongshore,Alongshore,55.4,0.10526315789473684
1870,Rapaki Bay Beach,2020-03-18 13:00:00,Lyttelton,0.0,0.0,0.0,0.0,0.0,0.0,ebbing,medium,muddy,6,grass,1,0,0,0.0,0.0,3.236057259,7.663456311,12.48477377,0.6,2.3,89.99918694,91.26850672,86.85106142,20,-43.607415,172.683974,3,12,2,0,13,0,Alongshore,Alongshore,Alongshore,15.2,0.1
1871,Rapaki Bay Beach,2020-11-10 12:00:00,Lyttelton,0.0,0.0,0.0,0.0,0.0,22.0,ebbing,medium,muddy,6,grass,1,0,0,0.0,0.0,3.75975293,3.278779995,2.900141448,0.8,2.3,189.5971987,241.7858312,259.4079382,20,-43.607415,172.683974,11,46,1,0,12,0,Onshore,Onshore,Alongshore,,0.0
1872,Rapaki Bay Beach,2020-11-23 12:00:00,Lyttelton,0.0,0.0,0.0,0.4,7.0,7.0,ebbing,medium,muddy,6,grass,1,0,0,3.2,10.0,2.992666945,1.443177761,1.59661977,0.9,2.3,152.6772724,172.9055367,240.8121412,20,-43.607415,172.683974,11,48,0,0,12,0,Alongshore,Onshore,Onshore,5.0,0.0
1873,Rapaki Bay Beach,2020-12-03 06:00:00,Lyttelton,0.0,0.0,0.0,0.0,0.0,2.6,incoming,medium,muddy,6,grass,1,0,0,0.0,0.0,10.84908111,9.36483934,4.322071912,-0.1,2.3,252.774709,268.5970928,266.4564516,20,-43.607415,172.683974,12,49,3,0,6,0,Alongshore,Alongshore,Alongshore,12.5,0.0
1874,Rapaki Bay Beach,2020-12-10 09:00:00,Lyttelton,0.0,0.0,0.0,0.0,0.0,0.0,incoming,medium,muddy,6,grass,1,0,0,0.0,0.0,5.688610538,11.62538685,12.54862048,-2.8,2.4,268.258971,267.4892592,264.749921,20,-43.607415,172.683974,12,50,3,0,9,0,Alongshore,Alongshore,Alongshore,11.666666666666666,0.0
1875,Rapaki Bay Beach,2020-12-17 06:00:00,Lyttelton,0.0,0.0,0.0,0.0,0.0,0.0,ebbing,medium,muddy,6,grass,1,0,0,0.0,0.0,9.520610891,7.240747356,5.278229245,0.1,2.6,85.95698094,68.483058,76.56319903,20,-43.607415,172.683974,12,51,3,0,6,0,Alongshore,Alongshore,Alongshore,10.0,0.0
1876,Rapaki Bay Beach,2020-12-22 11:00:00,Lyttelton,0.2,1.4,2.6,6.8,13.2,13.2,ebbing,medium,muddy,6,grass,1,0,0,1.8,20.0,11.94305427,11.65835947,10.47415508,0.5,2.3,83.08108998,80.46499704,73.25998887,20,-43.607415,172.683974,12,52,1,0,11,1,Alongshore,Alongshore,Alongshore,12.0,0.0
1877,Rapaki Bay Beach,2020-12-29 14:00:00,Lyttelton,0.0,0.0,0.0,0.0,0.0,6.8,incoming,medium,muddy,6,grass,1,0,0,0.0,0.0,6.249405622,11.70913295,13.39653492,-2.2,2.1,87.56967571,86.78104561,92.11292266,20,-43.607415,172.683974,12,53,1,0,14,1,Alongshore,Alongshore,Alongshore,15.0,0.0
1878,Rapaki Bay Beach,2021-01-11 14:00:00,Lyttelton,0.0,0.0,0.0,0.0,0.2,0.2,incoming,medium,muddy,6,grass,1,0,0,0.2,1.0,1.657365923,3.904169231,6.194898806,-0.6,2.4,105.8010689,85.40560155,283.2766108,20,-43.607415,172.683974,1,2,0,0,14,0,Alongshore,Alongshore,Alongshore,12.0,0.0
1879,Rapaki Bay Beach,2021-01-19 08:00:00,Lyttelton,0.0,0.0,0.0,0.0,1.2,1.2,incoming,medium,muddy,6,grass,1,0,0,0.8,3.0,3.420649525,4.743652283,7.727616821,-0.9,2.3,48.50322917,43.20538042,26.36656438,20,-43.607415,172.683974,1,3,1,0,8,0,Offshore,Offshore,Offshore,16.2,0.0
1880,Rapaki Bay Beach,2021-01-26 14:00:00,Lyttelton,0.0,0.0,0.0,0.0,0.0,0.0,incoming,medium,muddy,6,grass,1,0,0,0.0,0.0,11.90493037,11.2498285,11.65463304,-0.9,2.1,79.32513082,80.53025517,73.33617713,20,-43.607415,172.683974,1,4,1,0,14,0,Alongshore,Alongshore,Alongshore,16.2,0.0
1881,Rapaki Bay Beach,2021-02-03 09:00:00,Lyttelton,0.0,0.0,0.0,0.0,0.0,0.0,incoming,medium,muddy,6,grass,1,0,0,0.0,0.0,13.07598997,12.30303019,12.29039893,-0.2,2.5,84.70762223,76.74264102,71.64627752,20,-43.607415,172.683974,2,5,2,0,9,1,Alongshore,Alongshore,Alongshore,13.2,0.0
1882,Rapaki Bay Beach,2021-02-05 09:00:00,Lyttelton,0.0,0.0,0.0,0.0,0.0,0.0,incoming,medium,muddy,6,grass,1,0,0,0.0,0.0,3.124820641,1.358878136,2.067222452,-2.1,2.4,199.6391868,201.6933671,245.5442025,20,-43.607415,172.683974,2,5,4,0,9,1,Onshore,Onshore,Alongshore,38.8,0.0
1883,Rapaki Bay Beach,2021-02-10 15:00:00,Lyttelton,0.0,0.0,2.2,8.6,9.0,9.0,incoming,medium,muddy,6,grass,1,0,0,2.6,12.0,7.488052777,2.349909527,7.243948739,-0.8,2.4,94.7301916,187.1372925,256.4016196,20,-43.607415,172.683974,2,6,2,0,15,0,Alongshore,Onshore,Alongshore,39.8,0.0
1884,Rapaki Bay Beach,2021-02-17 08:00:00,Lyttelton,0.0,0.0,0.0,0.0,0.0,0.0,incoming,medium,muddy,6,grass,1,0,0,0.0,0.0,3.087327516,3.261011329,3.931571207,-0.4,2.2,265.2034917,271.5906581,282.3777178,20,-43.607415,172.683974,2,7,2,0,8,0,Alongshore,Alongshore,Alongshore,48.4,0.0
1885,Rapaki Bay Beach,2021-02-26 15:00:00,Lyttelton,0.0,0.0,0.0,0.0,0.0,0.0,incoming,medium,muddy,6,grass,1,0,0,0.0,0.0,9.897840379,11.40830486,12.73145663,-0.9,2.3,76.33007016,80.17499949,74.89006968,20,-43.607415,172.683974,2,8,4,0,15,0,Alongshore,Alongshore,Alongshore,48.4,0.0
1886,Rapaki Bay Beach,2021-03-03 09:00:00,Lyttelton,0.0,0.0,0.0,0.0,0.4,0.4,ebbing,medium,muddy,6,grass,1,0,0,0.2,2.0,6.93232453,6.994303015,8.454009157,1.6,2.5,50.2053493,61.33220175,57.04347788,20,-43.607415,172.683974,3,9,2,0,9,0,Offshore,Offshore,Offshore,49.4,0.0
1887,Rapaki Bay Beach,2021-03-05 08:00:00,Lyttelton,0.0,0.0,0.0,4.8,4.8,4.8,incoming,medium,muddy,6,grass,1,0,0,4.6,2.0,4.531933124,2.301192876,1.953494433,-1.1,2.4,102.149127,106.307032,65.88464847,20,-43.607415,172.683974,3,9,4,0,8,0,Alongshore,Alongshore,Alongshore,140.8,0.058823529411764705
1888,Rapaki Bay Beach,2021-11-26 10:00:00,Lyttelton,0.0,0.0,0.0,0.0,0.0,0.0,ebbing,medium,muddy,6,grass,1,0,0,0.0,0.0,0.201041799,1.154926566,3.811644506,1.0,2.2,235.1544839,226.0209897,317.0204776,20,-43.607415,172.683974,11,47,4,0,10,0,Onshore,Onshore,Alongshore,,0.0
1889,Rapaki Bay Beach,2021-12-02 14:00:00,Lyttelton,0.0,0.2,0.6,0.6,0.6,0.6,incoming,medium,muddy,6,grass,1,0,0,0.2,3.0,13.78151703,14.89265087,14.83282849,-0.1,2.4,76.66292505,75.50800963,73.3813688,20,-43.607415,172.683974,12,48,3,0,14,0,Alongshore,Alongshore,Alongshore,5.0,0.0
1890,Rapaki Bay Beach,2021-12-09 09:00:00,Lyttelton,0.0,0.0,0.0,0.0,2.4,8.6,ebbing,medium,muddy,6,grass,1,0,0,1.2,4.0,2.931448129,6.124023903,5.316431489,0.8,2.6,269.5152818,277.2137842,302.5030148,20,-43.607415,172.683974,12,49,3,0,9,0,Alongshore,Alongshore,Alongshore,5.0,0.0
1891,Rapaki Bay Beach,2021-12-13 09:00:00,Lyttelton,0.0,0.0,0.0,0.0,0.0,1.2,incoming,medium,muddy,6,grass,1,0,0,0.0,0.0,12.14275446,12.59925082,13.09865972,-3.3,2.3,76.0,70.37606265,70.19592727,20,-43.607415,172.683974,12,50,0,0,9,0,Alongshore,Alongshore,Alongshore,353.3333333333333,0.25
1892,Rapaki Bay Beach,2021-12-16 14:00:00,Lyttelton,3.4,5.2,16.2,63.2,87.0,87.0,incoming,medium,muddy,6,grass,1,0,0,11.8,30.0,22.94155685,23.04749255,23.33093849,-0.2,2.2,252.979999,254.898536,256.4645678,20,-43.607415,172.683974,12,50,3,0,14,0,Alongshore,Alongshore,Alongshore,266.25,0.2
1893,Rapaki Bay Beach,2021-12-20 09:00:00,Lyttelton,0.0,0.0,0.0,0.0,0.2,17.0,ebbing,medium,muddy,6,grass,1,0,0,0.2,1.0,1.152926801,2.262717081,6.346080311,3.6,2.3,278.684916,297.5283333,322.245015,20,-43.607415,172.683974,12,51,0,0,9,1,Alongshore,Alongshore,Alongshore,903.0,0.3333333333333333
1894,Rapaki Bay Beach,2021-12-23 08:00:00,Lyttelton,0.0,0.0,0.0,0.0,0.0,0.0,ebbing,medium,muddy,6,grass,1,0,0,0.0,0.0,4.172607991,8.086212945,11.24299374,0.3,2.3,69.37774729,51.36853898,35.984426,20,-43.607415,172.683974,12,51,3,0,8,1,Alongshore,Offshore,Offshore,903.0,0.2857142857142857
1895,Rapaki Bay Beach,2021-12-30 13:00:00,Lyttelton,0.0,0.0,0.0,1.4,3.2,14.2,ebbing,medium,muddy,6,grass,1,0,0,0.8,8.0,2.26133914,2.913354689,5.826704684,0.2,2.3,234.4671877,218.0336065,73.52476294,20,-43.607415,172.683974,12,52,3,0,13,1,Onshore,Onshore,Alongshore,912.4,0.25
1896,Rapaki Bay Beach,2022-01-07 09:00:00,Lyttelton,0.0,0.0,0.0,0.0,0.4,0.4,ebbing,medium,muddy,6,grass,1,0,0,0.2,2.0,14.36472665,14.36571111,14.91871378,0.4,2.6,231.3529894,233.6057149,232.4560219,20,-43.607415,172.683974,1,1,4,0,9,0,Onshore,Onshore,Onshore,706.4,0.2222222222222222
1897,Rapaki Bay Beach,2022-01-10 08:00:00,Lyttelton,0.0,0.0,0.0,0.0,0.0,0.0,incoming,medium,muddy,6,grass,1,0,0,0.0,0.0,2.293946901,5.239461592,6.39548315,-2.5,2.3,277.0778476,276.8771285,279.9379646,20,-43.607415,172.683974,1,2,0,0,8,0,Alongshore,Alongshore,Alongshore,747.6,0.2
1898,Rapaki Bay Beach,2022-01-12 13:00:00,Lyttelton,0.0,0.0,0.0,0.0,0.0,0.0,ebbing,medium,muddy,6,grass,1,0,0,0.0,0.0,0.909052359,2.661100451,10.68361798,0.8,2.2,79.24403269,101.8742419,158.3164364,20,-43.607415,172.683974,1,2,2,0,13,0,Alongshore,Alongshore,Onshore,58.6,0.18181818181818182
1899,Rapaki Bay Beach,2022-01-20 06:00:00,Lyttelton,0.0,1.0,3.4,3.4,3.4,3.4,incoming,medium,muddy,6,grass,1,0,0,1.0,6.0,17.42298348,17.57301233,17.04042831,-0.2,2.3,243.5443738,243.4084646,253.2255814,20,-43.607415,172.683974,1,3,3,0,6,0,Onshore,Onshore,Alongshore,61.6,0.16666666666666666
1900,Rapaki Bay Beach,2022-01-24 08:00:00,Lyttelton,0.0,0.4,0.4,8.0,11.2,11.2,incoming,medium,muddy,6,grass,1,0,0,3.2,12.0,9.134010648,10.60619083,11.79521858,-0.8,2.3,63.03803584,66.38354348,62.85216196,20,-43.607415,172.683974,1,4,0,0,8,0,Offshore,Alongshore,Offshore,109.6,0.23076923076923078
1901,Rapaki Bay Beach,2022-01-26 10:00:00,Lyttelton,0.0,0.2,0.4,0.4,1.0,4.4,incoming,medium,muddy,6,grass,1,0,0,0.4,4.0,4.934805531,7.367940415,7.540094928,-0.5,2.3,76.39092522,67.98375159,58.70313549,20,-43.607415,172.683974,1,4,2,0,10,0,Alongshore,Alongshore,Offshore,106.6,0.21428571428571427
1902,Rapaki Bay Beach,2022-02-01 17:00:00,Lyttelton,0.0,0.0,0.0,0.0,0.0,0.0,ebbing,medium,muddy,6,grass,1,0,0,0.0,0.0,15.53416912,18.66774056,18.31846404,0.9,2.5,74.09239905,77.10536745,77.07434998,20,-43.607415,172.683974,2,5,1,0,17,1,Alongshore,Alongshore,Alongshore,65.4,0.2
1903,Rapaki Bay Beach,2022-02-10 13:00:00,Lyttelton,0.0,1.0,17.0,65.2,66.0,66.0,ebbing,medium,muddy,6,grass,1,0,0,11.2,19.0,8.044128042,1.500568159,4.597156373,1.2,2.1,265.6144358,280.7074385,73.05052228,20,-43.607415,172.683974,2,6,3,0,13,0,Alongshore,Alongshore,Alongshore,65.4,0.1875
1904,Rapaki Bay Beach,2022-02-15 15:00:00,Lyttelton,0.0,0.0,0.0,0.0,0.6,49.2,incoming,medium,muddy,6,grass,1,0,0,0.2,3.0,11.13700381,14.0779716,15.68962218,-0.5,2.1,81.74960273,85.26742918,79.5044412,20,-43.607415,172.683974,2,7,1,0,15,0,Alongshore,Alongshore,Alongshore,76.2,0.17647058823529413
1905,Rapaki Bay Beach,2022-02-23 11:00:00,Lyttelton,0.0,0.0,0.6,0.6,0.6,0.6,ebbing,medium,muddy,6,grass,1,0,0,0.2,3.0,6.782471961,5.790541629,6.635050085,1.4,2.3,262.1810023,272.8170209,262.1586158,20,-43.607415,172.683974,2,8,2,0,11,0,Alongshore,Alongshore,Alongshore,18.8,0.16666666666666666
1906,Rapaki Bay Beach,2022-03-09 11:00:00,Lyttelton,0.0,0.0,0.0,0.0,0.0,0.0,ebbing,medium,muddy,6,grass,1,0,0,0.0,0.0,7.325674508,9.360443743,8.514966301,0.8,2.1,265.1123419,280.7910532,278.936797,20,-43.607415,172.683974,3,10,2,0,11,0,Alongshore,Alongshore,Alongshore,18.8,0.15789473684210525
1907,Scarborough Beach by clock tower,2013-11-22 09:00:00,Lyttelton,0.2,1.2,1.2,6.0,6.0,6.0,ebbing,deep,sandy,6,urban,0,0,0,2.4,7.0,4.820746838,6.744855421,10.19288102,1.5,2.3,51.20854926,44.82674201,40.675394,212,-43.57283557,172.7704561,11,47,4,0,9,0,Onshore,Onshore,Onshore,,0.0
1908,Scarborough Beach by clock tower,2013-11-27 12:00:00,Lyttelton,0.4,0.4,0.8,0.8,17.6,17.6,ebbing,deep,sandy,6,urban,0,0,0,2.8,20.0,5.134291254,9.782689903,11.46143715,0.9,2.2,51.29954226,51.39537841,51.30419065,212,-43.57283557,172.7704561,11,48,2,0,12,0,Onshore,Onshore,Onshore,5.0,0.0
1909,Scarborough Beach by clock tower,2013-12-03 14:00:00,Lyttelton,0.0,0.0,0.0,0.0,0.0,0.0,incoming,deep,sandy,6,urban,0,0,0,0.0,0.0,10.59411082,10.91625107,11.83290287,-2.5,2.5,64.60563636,64.4931296,57.62926221,212,-43.57283557,172.7704561,12,49,1,0,14,0,Onshore,Onshore,Onshore,5.0,0.0
1910,Scarborough Beach by clock tower,2013-12-04 08:00:00,Lyttelton,0.0,0.0,0.0,0.0,0.0,0.0,ebbing,deep,sandy,6,urban,0,0,0,0.0,0.0,8.028135319,8.628181675,5.581519845,3.1,2.6,221.2106705,218.3034521,227.0273983,212,-43.57283557,172.7704561,12,49,2,0,8,0,Offshore,Offshore,Offshore,13.333333333333334,0.0
1911,Scarborough Beach by clock tower,2013-12-11 13:00:00,Lyttelton,0.0,0.4,0.4,0.4,2.6,4.2,ebbing,deep,sandy,6,urban,0,0,0,1.2,5.0,3.923655394,1.817402044,6.652930427,1.7,2.5,64.76175057,73.30795727,45.70174005,212,-43.57283557,172.7704561,12,50,2,0,13,0,Onshore,Onshore,Onshore,12.5,0.0
1912,Scarborough Beach by clock tower,2013-12-18 08:00:00,Lyttelton,0.0,0.0,0.4,2.4,4.8,4.8,ebbing,deep,sandy,6,urban,0,0,0,1.8,7.0,6.064624756,7.363569365,8.422404687,3.4,2.3,17.29979008,23.45552338,29.77034913,212,-43.57283557,172.7704561,12,51,2,0,8,0,Onshore,Onshore,Onshore,12.0,0.0
1913,Scarborough Beach by clock tower,2013-12-19 15:00:00,Lyttelton,0.0,0.0,0.2,4.4,5.0,9.2,incoming,deep,sandy,6,urban,0,0,0,1.8,6.0,13.60034361,17.61505982,17.4496493,-3.4,2.2,172.686732,180.6370046,191.0112058,212,-43.57283557,172.7704561,12,51,3,0,15,0,Offshore,Offshore,Offshore,66.0,0.0
1914,Scarborough Beach by clock tower,2013-12-23 10:00:00,Lyttelton,0.0,0.0,0.0,0.0,1.8,1.8,ebbing,deep,sandy,6,urban,0,0,0,0.8,3.0,7.169716672,8.157379622,8.737166394,1.1,2.2,49.19243711,36.31352143,32.87300828,212,-43.57283557,172.7704561,12,52,0,0,10,1,Onshore,Onshore,Onshore,66.0,0.0
1915,Scarborough Beach by clock tower,2014-01-08 11:00:00,Lyttelton,0.0,0.0,0.0,0.0,0.6,0.6,ebbing,deep,sandy,6,urban,0,0,0,0.6,1.0,8.189992938,10.14345572,17.42113219,0.8,2.5,199.6450041,203.9094337,245.8696431,212,-43.57283557,172.7704561,1,2,2,0,11,0,Offshore,Offshore,Offshore,61.0,0.0
1916,Scarborough Beach by clock tower,2014-01-15 07:00:00,Lyttelton,0.0,0.0,0.0,0.0,0.0,0.0,ebbing,deep,sandy,6,urban,0,0,0,0.0,0.0,3.485398007,3.67163637,5.217552867,3.2,2.3,20.66731707,1.978481483,316.7826995,212,-43.57283557,172.7704561,1,3,2,0,7,0,Onshore,Onshore,Alongshore,60.0,0.0
1917,Scarborough Beach by clock tower,2014-01-22 10:00:00,Lyttelton,0.0,0.0,0.0,0.0,13.8,13.8,ebbing,deep,sandy,6,urban,0,0,0,3.6,13.0,6.546932463,7.476088441,9.227769987,1.6,2.2,56.58253115,49.25991932,40.76043328,212,-43.57283557,172.7704561,1,4,2,0,10,0,Onshore,Onshore,Onshore,59.0,0.0
1918,Scarborough Beach by clock tower,2014-01-30 06:00:00,Lyttelton,0.0,0.0,0.0,0.0,0.0,1.0,ebbing,deep,sandy,6,urban,0,0,0,0.0,0.0,11.81378578,10.04579245,7.714634741,2.9,2.6,47.02211822,47.22422965,49.5591526,212,-43.57283557,172.7704561,1,5,3,0,6,0,Onshore,Onshore,Onshore,5.0,0.0
1919,Scarborough Beach by clock tower,2014-02-04 11:00:00,Lyttelton,0.0,0.0,0.0,0.0,0.0,0.0,ebbing,deep,sandy,6,urban,0,0,0,0.0,0.0,9.350452024,9.530072015,10.0693195,2.9,2.6,67.3893691,56.33081851,49.47356199,212,-43.57283557,172.7704561,2,6,1,0,11,1,Onshore,Onshore,Onshore,8.0,0.0
1920,Scarborough Beach by clock tower,2014-02-12 13:00:00,Lyttelton,0.0,0.0,0.0,0.0,0.0,0.0,incoming,deep,sandy,6,urban,0,0,0,0.0,0.0,5.544656184,9.585703182,11.58137198,-1.6,2.2,213.5294265,214.9547073,221.8702544,212,-43.57283557,172.7704561,2,7,2,0,13,0,Offshore,Offshore,Offshore,8.0,0.0
1921,Scarborough Beach by clock tower,2014-02-19 11:00:00,Lyttelton,0.0,0.0,0.0,0.0,0.0,0.0,ebbing,deep,sandy,6,urban,0,0,0,0.0,0.0,2.610020043,6.576817552,8.099203807,3.2,2.2,52.50140678,35.30958128,17.855203,212,-43.57283557,172.7704561,2,8,2,0,11,0,Onshore,Onshore,Onshore,8.0,0.0
1922,Scarborough Beach by clock tower,2014-02-26 14:00:00,Lyttelton,0.0,0.0,0.0,0.0,0.0,2.0,ebbing,deep,sandy,6,urban,0,0,0,0.0,0.0,12.02268166,12.96244089,13.41619552,0.7,2.4,38.33517872,36.07082892,35.54949178,212,-43.57283557,172.7704561,2,9,2,0,14,0,Onshore,Onshore,Onshore,8.0,0.0
1923,Scarborough Beach by clock tower,2014-03-03 08:00:00,Lyttelton,7.4,8.8,8.8,8.8,8.8,28.0,ebbing,deep,sandy,6,urban,0,0,0,5.2,4.0,10.56955342,16.7000925,17.93909602,2.7,2.6,223.9926935,222.3327576,249.006919,212,-43.57283557,172.7704561,3,10,0,0,8,0,Offshore,Offshore,Offshore,8.0,0.0
1924,Scarborough Beach by clock tower,2014-03-20 15:00:00,Lyttelton,0.0,0.0,0.0,0.0,0.0,1.8,incoming,deep,sandy,6,urban,0,0,0,0.0,0.0,7.401619021,13.04761304,13.48458419,-4.4,2.3,198.6506755,211.049973,217.5657084,212,-43.57283557,172.7704561,3,12,3,0,15,0,Offshore,Offshore,Offshore,8.0,0.0
1925,Scarborough Beach by clock tower,2014-06-11 15:00:00,Lyttelton,0.0,0.0,0.0,2.0,37.0,38.0,incoming,deep,sandy,6,urban,0,0,0,5.4,28.0,0.851779461,3.24783092,2.327776976,0.0,2.4,118.9939596,92.18948097,78.46709302,212,-43.57283557,172.7704561,6,24,2,0,15,0,Alongshore,Alongshore,Alongshore,8.0,0.0
1926,Scarborough Beach by clock tower,2014-09-10 14:00:00,Lyttelton,0.0,0.0,0.0,0.0,0.0,0.0,incoming,deep,sandy,6,urban,0,0,0,0.0,0.0,1.852347984,4.194826472,9.214994688,-3.1,2.7,63.96523707,67.04584385,51.60121287,212,-43.57283557,172.7704561,9,37,2,0,14,0,Onshore,Onshore,Onshore,9.0,0.0
1927,Scarborough Beach by clock tower,2014-11-17 14:00:00,Lyttelton,0.0,0.0,0.0,0.0,0.0,0.0,ebbing,deep,sandy,6,urban,0,0,0,0.0,0.0,9.635800364,9.899850617,9.572573743,1.4,2.2,53.77197496,45.91475381,40.90648965,212,-43.57283557,172.7704561,11,47,0,0,14,0,Onshore,Onshore,Onshore,,0.0
1928,Scarborough Beach by clock tower,2014-11-26 10:00:00,Lyttelton,0.0,0.0,0.0,1.6,1.6,1.6,ebbing,deep,sandy,6,urban,0,0,0,1.0,2.0,9.905197985,14.44448529,6.607416005,3.4,2.5,247.3743417,274.3695255,293.1649329,212,-43.57283557,172.7704561,11,48,2,0,10,0,Offshore,Alongshore,Alongshore,5.0,0.0
1929,Scarborough Beach by clock tower,2014-12-03 12:00:00,Lyttelton,0.0,0.0,0.0,0.0,1.2,12.8,incoming,deep,sandy,6,urban,0,0,0,0.6,3.0,6.484462971,9.284046219,10.2272638,-1.6,2.4,60.7037801,55.05742525,45.08351097,212,-43.57283557,172.7704561,12,49,2,0,12,0,Onshore,Onshore,Onshore,5.0,0.0
1930,Scarborough Beach by clock tower,2014-12-10 11:00:00,Lyttelton,0.0,0.2,0.2,0.2,0.2,0.2,ebbing,deep,sandy,6,urban,0,0,0,0.2,1.0,13.31979521,18.36494379,15.5949393,3.4,2.4,208.1363526,212.4761819,215.1811536,212,-43.57283557,172.7704561,12,50,2,0,11,0,Offshore,Offshore,Offshore,6.666666666666667,0.0
1931,Scarborough Beach by clock tower,2014-12-12 08:00:00,Lyttelton,0.0,0.0,0.0,0.0,0.0,0.2,incoming,deep,sandy,6,urban,0,0,0,0.0,0.0,3.237515307,2.160141734,5.983011131,-0.2,2.3,222.8534827,240.5590967,32.31824282,212,-43.57283557,172.7704561,12,50,4,0,8,0,Offshore,Offshore,Onshore,6.25,0.0
1932,Scarborough Beach by clock tower,2014-12-17 13:00:00,Lyttelton,0.0,0.0,0.0,0.0,0.0,0.0,ebbing,deep,sandy,6,urban,0,0,0,0.0,0.0,15.81765611,15.95140228,17.39298522,0.3,2.2,44.16478416,45.94655762,45.76919754,212,-43.57283557,172.7704561,12,51,2,0,13,0,Onshore,Onshore,Onshore,6.0,0.0
1933,Scarborough Beach by clock tower,2014-12-23 08:00:00,Lyttelton,0.0,0.0,0.0,0.0,7.4,7.4,ebbing,deep,sandy,6,urban,0,0,0,3.4,7.0,4.177032026,2.065955217,1.972524678,2.8,2.5,51.05377531,60.76747674,46.07935227,212,-43.57283557,172.7704561,12,52,1,0,8,1,Onshore,Onshore,Onshore,6.0,0.0
1934,Scarborough Beach by clock tower,2015-01-07 09:00:00,Lyttelton,0.0,0.0,0.0,0.0,0.0,0.0,ebbing,deep,sandy,6,urban,0,0,0,0.0,0.0,3.700237244,2.153670059,0.184840121,3.3,2.4,254.2321106,1.421239657,21.49350851,212,-43.57283557,172.7704561,1,2,2,0,9,0,Offshore,Onshore,Onshore,6.0,0.0
1935,Scarborough Beach by clock tower,2015-01-14 11:00:00,Lyttelton,0.4,15.6,15.6,15.8,16.0,16.0,ebbing,deep,sandy,6,urban,0,0,0,5.8,6.0,2.023737574,1.836713636,6.962528089,0.2,2.2,43.94276539,35.65200007,45.8594191,212,-43.57283557,172.7704561,1,3,2,0,11,0,Onshore,Onshore,Onshore,5.0,0.0
1936,Scarborough Beach by clock tower,2015-01-21 08:00:00,Lyttelton,0.0,0.4,0.4,0.4,0.4,0.4,ebbing,deep,sandy,6,urban,0,0,0,0.2,2.0,2.618587504,0.490846684,0.933266343,3.0,2.6,115.8431565,306.7716775,324.1575315,212,-43.57283557,172.7704561,1,4,2,0,8,0,Alongshore,Alongshore,Alongshore,5.0,0.0
1937,Scarborough Beach by clock tower,2015-01-28 12:00:00,Lyttelton,0.2,0.2,0.2,0.2,0.2,0.2,ebbing,deep,sandy,6,urban,0,0,0,0.2,1.0,6.975507744,7.068876525,8.166398606,1.3,2.4,53.31428165,50.04831846,45.78371277,212,-43.57283557,172.7704561,1,5,2,0,12,0,Onshore,Onshore,Onshore,5.0,0.0
1938,Scarborough Beach by clock tower,2015-02-04 08:00:00,Lyttelton,0.0,0.0,0.0,0.0,0.0,0.0,ebbing,deep,sandy,6,urban,0,0,0,0.0,0.0,9.681492075,8.924746972,8.494225338,3.3,2.3,3.287568407,10.37027712,21.50777145,212,-43.57283557,172.7704561,2,6,2,0,8,1,Onshore,Onshore,Onshore,5.0,0.0
1939,Scarborough Beach by clock tower,2015-02-11 11:00:00,Lyttelton,0.0,0.0,0.0,0.0,0.0,0.0,ebbing,deep,sandy,6,urban,0,0,0,0.0,0.0,5.390607659,7.05384362,8.529298841,1.3,2.1,67.12898578,57.90846284,45.57365438,212,-43.57283557,172.7704561,2,7,2,0,11,0,Onshore,Onshore,Onshore,6.0,0.0
1940,Scarborough Beach by clock tower,2015-02-18 08:00:00,Lyttelton,0.0,0.0,0.0,0.0,0.0,0.0,ebbing,deep,sandy,6,urban,0,0,0,0.0,0.0,7.93803164,5.01700593,1.542961998,4.5,2.6,340.7528698,35.63766445,39.70770948,212,-43.57283557,172.7704561,2,8,2,0,8,0,Alongshore,Onshore,Onshore,7.0,0.0
1941,Scarborough Beach by clock tower,2015-02-25 11:00:00,Lyttelton,0.0,0.0,0.0,0.0,0.0,0.8,ebbing,deep,sandy,6,urban,0,0,0,0.0,0.0,1.261160042,2.022822243,2.832090164,0.8,2.5,217.5648482,235.2115707,268.1506306,212,-43.57283557,172.7704561,2,9,2,0,11,0,Offshore,Offshore,Alongshore,21.0,0.0
1942,Scarborough Beach by clock tower,2015-03-04 07:00:00,Lyttelton,0.0,0.0,0.0,0.0,0.8,0.8,ebbing,deep,sandy,6,urban,0,0,0,0.4,2.0,1.147014672,7.320192802,9.826272086,3.0,2.3,238.1068301,242.6800182,277.0155592,212,-43.57283557,172.7704561,3,10,2,0,7,0,Offshore,Offshore,Alongshore,22.0,0.0
1943,Scarborough Beach by clock tower,2015-03-05 13:00:00,Lyttelton,0.0,0.0,0.0,0.0,0.0,0.8,incoming,deep,sandy,6,urban,0,0,0,0.0,0.0,3.659234852,6.800043239,12.23053393,-3.7,2.2,62.69758871,64.74852802,44.84296294,212,-43.57283557,172.7704561,3,10,3,0,13,0,Onshore,Onshore,Onshore,22.0,0.0
1944,Scarborough Beach by clock tower,2015-06-10 13:00:00,Lyttelton,0.0,0.0,0.0,0.0,0.0,0.0,ebbing,deep,sandy,6,urban,0,0,0,0.0,0.0,8.534544197,11.77388166,14.1065143,2.4,2.4,266.0631801,255.7824192,280.4277067,212,-43.57283557,172.7704561,6,24,2,0,13,0,Alongshore,Offshore,Alongshore,21.0,0.0
1945,Scarborough Beach by clock tower,2015-07-15 15:00:00,Lyttelton,0.0,0.0,0.0,0.0,0.0,0.0,incoming,deep,sandy,6,urban,0,0,0,0.0,0.0,14.87603927,13.68848632,14.63106185,-0.9,2.5,38.75689225,42.28781597,40.27270345,212,-43.57283557,172.7704561,7,29,2,0,15,0,Onshore,Onshore,Onshore,20.0,0.0
1946,Scarborough Beach by clock tower,2015-08-12 08:00:00,Lyttelton,0.0,0.0,0.0,0.0,5.0,16.6,ebbing,deep,sandy,6,urban,0,0,0,1.6,10.0,1.953709779,2.400927346,2.64342887,5.8,2.3,245.2698965,257.5310922,256.8862018,212,-43.57283557,172.7704561,8,33,2,0,8,0,Offshore,Alongshore,Offshore,7.0,0.0
1947,Scarborough Beach by clock tower,2015-09-16 15:00:00,Lyttelton,0.0,0.0,0.0,0.0,0.0,0.0,incoming,deep,sandy,6,urban,0,0,0,0.0,0.0,2.389923511,7.598764273,6.545918167,-3.4,2.2,67.19010215,68.10714352,92.8035802,212,-43.57283557,172.7704561,9,38,2,0,15,0,Onshore,Onshore,Alongshore,7.0,0.0
1948,Scarborough Beach by clock tower,2015-10-13 11:00:00,Lyttelton,0.0,0.0,0.0,0.0,0.0,0.0,incoming,deep,sandy,6,urban,0,0,0,0.0,0.0,12.08586435,19.93971056,21.89037919,-5.3,2.2,236.0212937,246.7417249,249.1005559,212,-43.57283557,172.7704561,10,42,1,0,11,0,Offshore,Offshore,Offshore,,0.0
1949,Scarborough Beach by clock tower,2015-11-10 13:00:00,Lyttelton,0.0,0.0,0.0,0.0,0.0,0.4,incoming,deep,sandy,6,urban,0,0,0,0.0,0.0,13.05388268,14.29680502,14.86902156,-2.9,2.2,76.53232677,71.76121444,67.5934454,212,-43.57283557,172.7704561,11,46,1,0,13,0,Onshore,Onshore,Onshore,5.0,0.0
1950,Scarborough Beach by clock tower,2015-11-16 11:00:00,Lyttelton,0.0,0.0,0.0,0.0,0.0,0.0,ebbing,deep,sandy,6,urban,0,0,0,0.0,0.0,9.550217877,14.57060187,14.68723959,3.5,2.3,72.73591621,67.83415132,51.03572598,212,-43.57283557,172.7704561,11,47,0,0,11,0,Onshore,Onshore,Onshore,5.0,0.0
1951,Scarborough Beach by clock tower,2015-11-25 16:00:00,Lyttelton,0.0,0.0,0.0,0.0,0.0,0.0,ebbing,deep,sandy,6,urban,0,0,0,0.0,0.0,10.08423519,15.03661996,19.44892726,0.4,2.5,73.28294641,72.23950528,72.52551419,212,-43.57283557,172.7704561,11,48,2,0,16,0,Onshore,Onshore,Onshore,10.0,0.0
1952,Scarborough Beach by clock tower,2015-12-02 11:00:00,Lyttelton,0.0,0.0,0.0,0.0,0.0,0.0,ebbing,deep,sandy,6,urban,0,0,0,0.0,0.0,8.297631365,8.341121847,10.91772047,1.9,2.4,67.58699944,72.07703566,78.80280648,212,-43.57283557,172.7704561,12,49,2,0,11,0,Onshore,Onshore,Alongshore,8.75,0.0
1953,Scarborough Beach by clock tower,2015-12-09 16:00:00,Lyttelton,0.0,0.0,0.0,0.0,0.8,1.4,ebbing,deep,sandy,6,urban,0,0,0,0.6,2.0,1.807122982,14.2676344,18.38995706,1.5,2.2,72.35483766,69.28770606,41.05708786,212,-43.57283557,172.7704561,12,50,2,0,16,0,Onshore,Onshore,Onshore,8.0,0.0
1954,Scarborough Beach by clock tower,2015-12-16 12:00:00,Lyttelton,1.4,1.4,6.0,6.0,6.0,14.2,ebbing,deep,sandy,6,urban,0,0,0,1.2,7.0,5.155065224,4.26717041,5.557846902,3.5,2.5,278.9752298,280.6287327,284.1055723,212,-43.57283557,172.7704561,12,51,2,0,12,0,Alongshore,Alongshore,Alongshore,8.0,0.0
1955,Scarborough Beach by clock tower,2015-12-18 09:00:00,Lyttelton,0.0,0.0,0.0,0.0,4.4,9.0,incoming,deep,sandy,6,urban,0,0,0,1.0,8.0,6.991323211,3.801251314,2.744721577,-0.9,2.5,209.9370181,231.1270253,248.5604446,212,-43.57283557,172.7704561,12,51,4,0,9,0,Offshore,Offshore,Offshore,26.4,0.0
1956,Scarborough Beach by clock tower,2015-12-21 14:00:00,Lyttelton,0.0,0.0,0.0,0.0,0.0,0.0,ebbing,deep,sandy,6,urban,0,0,0,0.0,0.0,4.426235075,11.81786527,16.44764976,1.9,2.4,83.03519236,82.59588125,85.23194026,212,-43.57283557,172.7704561,12,52,0,0,14,1,Alongshore,Alongshore,Alongshore,23.4,0.0
1957,Scarborough Beach by clock tower,2015-12-29 04:00:00,Lyttelton,0.0,0.0,0.0,0.0,0.0,0.0,incoming,deep,sandy,6,urban,0,0,0,0.0,0.0,14.44535614,9.448866632,4.687620789,-3.0,2.5,74.01864196,61.54162858,64.9245733,212,-43.57283557,172.7704561,12,53,1,0,4,1,Onshore,Onshore,Onshore,23.4,0.0
1958,Scarborough Beach by clock tower,2016-01-07 16:00:00,Lyttelton,0.0,0.0,0.0,0.0,0.0,0.0,ebbing,deep,sandy,6,urban,0,0,0,0.0,0.0,4.771943493,6.263001089,18.06774413,1.3,2.2,70.27026391,84.42754645,240.1987563,212,-43.57283557,172.7704561,1,1,3,0,16,0,Onshore,Alongshore,Offshore,28.6,0.0
1959,Scarborough Beach by clock tower,2016-01-13 10:00:00,Lyttelton,0.0,0.0,0.0,0.0,0.0,0.0,ebbing,deep,sandy,6,urban,0,0,0,0.0,0.0,9.037666294,16.01140754,16.41586987,3.6,2.5,240.7146011,241.6914605,248.6598888,212,-43.57283557,172.7704561,1,2,2,0,10,0,Offshore,Offshore,Offshore,28.6,0.0
1960,Scarborough Beach by clock tower,2016-01-13 11:00:00,Lyttelton,0.0,0.0,0.0,0.0,0.0,0.0,ebbing,deep,sandy,6,urban,0,0,0,0.0,0.0,11.718409,16.1388562,17.7660598,3.8,2.5,242.3395836,240.8848455,246.4317272,212,-43.57283557,172.7704561,1,2,2,0,11,0,Offshore,Offshore,Offshore,10.2,0.0
1961,Scarborough Beach by clock tower,2016-01-20 14:00:00,Lyttelton,0.0,0.0,0.0,0.0,7.0,9.6,ebbing,deep,sandy,6,urban,0,0,0,2.8,8.0,9.81498615,17.27464079,20.1326348,1.1,2.4,76.35098993,75.14296129,70.13264142,212,-43.57283557,172.7704561,1,3,2,0,14,0,Onshore,Onshore,Onshore,10.2,0.0
1962,Scarborough Beach by clock tower,2016-01-27 10:00:00,Lyttelton,0.0,0.8,0.8,0.8,0.8,0.8,ebbing,deep,sandy,6,urban,0,0,0,0.6,2.0,15.40123225,14.96615693,14.4895643,3.3,2.4,249.0847837,253.5189992,259.3854536,212,-43.57283557,172.7704561,1,4,2,0,10,0,Offshore,Offshore,Alongshore,10.2,0.0
1963,Scarborough Beach by clock tower,2016-02-03 13:00:00,Lyttelton,0.0,0.0,0.0,0.0,0.0,0.0,ebbing,deep,sandy,6,urban,0,0,0,0.0,0.0,13.19289728,17.11390018,20.19794739,0.7,2.1,70.05280797,65.2365638,65.02825681,212,-43.57283557,172.7704561,2,5,2,0,13,1,Onshore,Onshore,Onshore,5.0,0.0
1964,Scarborough Beach by clock tower,2016-02-11 08:00:00,Lyttelton,0.0,0.0,0.0,0.0,0.0,0.0,ebbing,deep,sandy,6,urban,0,0,0,0.0,0.0,3.056897452,8.408239781,9.59367209,1.9,2.6,251.2140788,263.9561383,284.8885653,212,-43.57283557,172.7704561,2,6,3,0,8,0,Offshore,Alongshore,Alongshore,6.0,0.0
1965,Scarborough Beach by clock tower,2016-02-17 13:00:00,Lyttelton,0.0,0.2,0.2,0.2,0.2,0.2,ebbing,deep,sandy,6,urban,0,0,0,0.2,1.0,13.13055767,16.27164399,17.7460984,1.3,2.4,59.65595304,61.49477387,57.66816226,212,-43.57283557,172.7704561,2,7,2,0,13,0,Onshore,Onshore,Onshore,6.0,0.0
1966,Scarborough Beach by clock tower,2016-02-24 09:00:00,Lyttelton,0.0,0.0,0.0,0.0,0.0,0.0,ebbing,deep,sandy,6,urban,0,0,0,0.0,0.0,13.63764514,13.367528,12.50932411,3.1,2.3,65.86056351,66.94412282,68.47781496,212,-43.57283557,172.7704561,2,8,2,0,9,0,Onshore,Onshore,Onshore,6.0,0.0
1967,Scarborough Beach by clock tower,2016-03-09 13:00:00,Lyttelton,0.2,0.2,0.2,4.4,4.4,4.4,incoming,deep,sandy,6,urban,0,0,0,1.4,9.0,8.42569298,12.81629328,16.25233279,-3.5,2.5,71.23853345,63.98862197,55.44806929,212,-43.57283557,172.7704561,3,10,2,0,13,0,Onshore,Onshore,Onshore,6.0,0.0
1968,Scarborough Beach by clock tower,2016-04-14 13:00:00,Lyttelton,0.0,0.0,0.0,0.0,0.0,0.6,ebbing,deep,sandy,6,urban,0,0,0,0.0,0.0,6.2489645,0.776209073,1.627457222,2.8,2.4,87.90572927,103.3678896,68.7229567,212,-43.57283557,172.7704561,4,15,3,0,13,1,Alongshore,Alongshore,Onshore,6.0,0.0
1969,Scarborough Beach by clock tower,2016-05-09 14:00:00,Lyttelton,0.0,0.0,0.0,0.0,0.0,0.0,incoming,deep,sandy,6,urban,0,0,0,0.0,0.0,9.596336923,13.23566462,14.51304965,-4.2,2.7,260.1111365,264.686616,263.0530937,212,-43.57283557,172.7704561,5,19,0,0,14,0,Alongshore,Alongshore,Alongshore,5.0,0.0
1970,Scarborough Beach by clock tower,2016-06-14 13:00:00,Lyttelton,0.0,0.0,0.0,0.0,0.6,0.6,ebbing,deep,sandy,6,urban,0,0,0,0.4,2.0,3.701226532,2.24554208,1.499306549,0.6,2.2,273.2634509,272.6183213,264.6606274,212,-43.57283557,172.7704561,6,24,1,0,13,0,Alongshore,Alongshore,Alongshore,5.0,0.0
1971,Scarborough Beach by clock tower,2016-09-12 14:00:00,Lyttelton,0.0,0.0,0.0,0.0,0.0,0.0,ebbing,deep,sandy,6,urban,0,0,0,0.0,0.0,0.895097983,3.2242127,8.203515899,1.3,2.2,62.17951068,60.98440134,333.1694309,212,-43.57283557,172.7704561,9,37,0,0,14,0,Onshore,Onshore,Alongshore,6.0,0.0
1972,Scarborough Beach by clock tower,2016-11-23 13:00:00,Lyttelton,0.0,0.0,0.0,0.0,0.0,0.0,ebbing,deep,sandy,6,urban,0,0,0,0.0,0.0,3.434800653,2.969065354,6.872933305,0.8,2.4,70.31893528,55.45657612,262.1342345,212,-43.57283557,172.7704561,11,47,2,0,13,0,Onshore,Onshore,Alongshore,,0.0
1973,Scarborough Beach by clock tower,2016-11-30 08:00:00,Lyttelton,0.2,0.2,0.2,0.2,0.2,0.2,ebbing,deep,sandy,6,urban,0,0,0,0.2,1.0,6.1172589,8.926751007,9.654808702,3.1,2.3,265.5489849,265.0473345,282.2320816,212,-43.57283557,172.7704561,11,48,2,0,8,0,Alongshore,Alongshore,Alongshore,20.0,0.0
1974,Scarborough Beach by clock tower,2016-12-07 11:00:00,Lyttelton,0.0,0.0,0.0,0.0,0.0,0.0,ebbing,deep,sandy,6,urban,0,0,0,0.0,0.0,1.745534099,4.364337694,5.377046672,0.9,2.3,262.161617,256.6095175,223.9634385,212,-43.57283557,172.7704561,12,49,2,0,11,0,Alongshore,Offshore,Offshore,25.5,0.0
1975,Scarborough Beach by clock tower,2016-12-07 12:00:00,Lyttelton,0.0,0.0,0.0,0.0,0.0,0.0,ebbing,deep,sandy,6,urban,0,0,0,0.0,0.0,2.116679118,4.618205903,3.818981161,1.9,2.3,250.7455404,256.3701662,237.7937435,212,-43.57283557,172.7704561,12,49,2,0,12,0,Offshore,Offshore,Offshore,74.0,0.0
1976,Scarborough Beach by clock tower,2016-12-08 15:00:00,Lyttelton,0.0,0.0,0.0,0.0,0.2,0.2,ebbing,deep,sandy,6,urban,0,0,0,0.2,1.0,10.48735518,11.01501905,10.79619418,4.0,2.3,258.0019363,254.61834,257.901238,212,-43.57283557,172.7704561,12,49,3,0,15,0,Alongshore,Offshore,Alongshore,144.0,0.2
1977,Scarborough Beach by clock tower,2016-12-14 07:00:00,Lyttelton,0.0,0.0,0.0,0.0,4.6,8.4,ebbing,deep,sandy,6,urban,0,0,0,1.4,8.0,0.932976391,3.246019581,2.701003684,3.0,2.7,238.5863053,243.5284317,57.83778436,212,-43.57283557,172.7704561,12,50,2,0,7,0,Offshore,Offshore,Onshore,119.2,0.16666666666666666
1978,Scarborough Beach by clock tower,2016-12-22 13:00:00,Lyttelton,0.4,0.4,0.4,0.4,0.4,0.4,ebbing,deep,sandy,6,urban,0,0,0,0.4,1.0,6.99669276,6.291688782,8.909464566,1.9,2.3,290.520607,310.9470274,5.356630963,212,-43.57283557,172.7704561,12,51,3,0,13,1,Alongshore,Alongshore,Onshore,116.2,0.14285714285714285
1979,Scarborough Beach by clock tower,2016-12-29 08:00:00,Lyttelton,0.4,0.4,0.4,0.4,0.4,0.4,ebbing,deep,sandy,6,urban,0,0,0,0.2,2.0,3.155915756,4.3362223,5.619899235,3.9,2.3,266.3866395,245.2141392,76.96555159,212,-43.57283557,172.7704561,12,52,3,0,8,1,Alongshore,Offshore,Onshore,111.0,0.125
1980,Scarborough Beach by clock tower,2017-01-06 12:00:00,Lyttelton,0.0,0.0,0.0,0.0,1.8,7.2,ebbing,deep,sandy,6,urban,0,0,0,1.2,2.0,9.967562254,6.482659871,6.253041358,1.8,2.4,76.94503662,75.8329752,65.62416082,212,-43.57283557,172.7704561,1,1,4,0,12,0,Onshore,Onshore,Onshore,103.2,0.1111111111111111
1981,Scarborough Beach by clock tower,2017-01-11 07:00:00,Lyttelton,0.0,0.0,0.0,0.0,0.0,0.0,ebbing,deep,sandy,6,urban,0,0,0,0.0,0.0,11.03782895,3.451427005,2.384446665,4.7,2.6,255.0515263,55.91303708,75.19406059,212,-43.57283557,172.7704561,1,2,2,0,7,0,Offshore,Onshore,Onshore,42.8,0.1
1982,Scarborough Beach by clock tower,2017-01-18 12:00:00,Lyttelton,0.4,0.4,0.4,0.4,0.6,0.6,ebbing,deep,sandy,6,urban,0,0,0,0.4,2.0,3.960604675,12.78432222,12.52985566,2.9,2.4,51.15437638,54.43671022,41.95925956,212,-43.57283557,172.7704561,1,3,2,0,12,0,Onshore,Onshore,Onshore,40.8,0.09090909090909091
1983,Scarborough Beach by clock tower,2017-01-20 12:00:00,Lyttelton,0.0,0.0,0.2,0.2,1.4,1.8,ebbing,deep,sandy,6,urban,0,0,0,0.6,5.0,4.663334563,0.501458818,0.88681818,1.4,2.2,339.5395829,145.1804534,230.5426051,212,-43.57283557,172.7704561,1,3,4,0,12,0,Alongshore,Alongshore,Offshore,94.8,0.08333333333333333
1984,Scarborough Beach by clock tower,2017-01-25 15:00:00,Lyttelton,0.0,0.0,0.0,0.0,0.0,4.2,ebbing,deep,sandy,6,urban,0,0,0,0.0,0.0,4.847315241,9.078423531,5.183793366,0.6,2.2,285.9789104,256.1021951,277.2564108,212,-43.57283557,172.7704561,1,4,2,0,15,0,Alongshore,Offshore,Alongshore,95.8,0.07692307692307693
1985,Scarborough Beach by clock tower,2017-02-01 11:00:00,Lyttelton,0.0,0.0,0.0,0.0,0.0,0.0,ebbing,deep,sandy,6,urban,0,0,0,0.0,0.0,7.384095438,14.45594313,17.93612875,2.9,2.4,272.5984229,260.555099,320.5688881,212,-43.57283557,172.7704561,2,5,2,0,11,1,Alongshore,Alongshore,Alongshore,71.4,0.07142857142857142
1986,Scarborough Beach by clock tower,2017-02-09 17:00:00,Lyttelton,0.0,0.0,0.0,0.0,0.2,0.2,ebbing,deep,sandy,6,urban,0,0,0,0.2,1.0,10.86111914,18.15237387,20.45733685,1.5,2.5,77.25255555,75.83022686,73.22772438,212,-43.57283557,172.7704561,2,6,3,0,17,1,Alongshore,Onshore,Onshore,62.0,0.06666666666666667
1987,Scarborough Beach by clock tower,2017-02-15 10:00:00,Lyttelton,0.0,0.0,0.0,0.0,0.0,0.0,ebbing,deep,sandy,6,urban,0,0,0,0.0,0.0,4.450552646,4.806690863,5.517972265,2.1,2.4,253.2771684,260.4373504,269.18305,212,-43.57283557,172.7704561,2,7,2,0,10,0,Offshore,Alongshore,Alongshore,61.0,0.0625
1988,Scarborough Beach by clock tower,2017-02-22 16:00:00,Lyttelton,0.0,0.0,0.0,0.0,0.0,0.0,ebbing,deep,sandy,6,urban,0,0,0,0.0,0.0,8.668852479,15.29153306,12.01010985,2.7,2.1,274.59562,271.3372257,268.117854,212,-43.57283557,172.7704561,2,8,2,0,16,0,Alongshore,Alongshore,Alongshore,7.0,0.058823529411764705
1989,Scarborough Beach by clock tower,2017-02-28 09:00:00,Lyttelton,0.0,0.0,0.0,0.0,1.2,1.2,ebbing,deep,sandy,6,urban,0,0,0,0.4,4.0,2.536714009,2.472209626,4.159642302,3.0,2.5,80.5528356,66.5948199,60.93972566,212,-43.57283557,172.7704561,2,9,1,0,9,0,Alongshore,Onshore,Onshore,6.0,0.05555555555555555
1990,Scarborough Beach by clock tower,2017-03-16 13:00:00,Lyttelton,0.0,0.0,0.0,0.0,0.0,6.2,ebbing,deep,sandy,6,urban,0,0,0,0.0,0.0,3.176282185,8.866216046,11.19193042,5.8,2.3,79.52981247,80.19986196,67.75397273,212,-43.57283557,172.7704561,3,11,3,0,13,0,Alongshore,Alongshore,Onshore,6.0,0.05263157894736842
1991,Scarborough Beach by clock tower,2017-06-06 15:00:00,Lyttelton,0.2,0.2,1.2,2.2,3.4,7.6,ebbing,deep,sandy,6,urban,0,0,0,0.4,14.0,4.419511786,0.674783952,2.986598508,0.3,2.3,75.71921157,262.8319781,273.4891279,212,-43.57283557,172.7704561,6,23,1,0,15,0,Onshore,Alongshore,Alongshore,11.2,0.05
1992,Scarborough Beach by clock tower,2017-09-06 13:00:00,Lyttelton,0.0,0.0,0.0,0.0,0.0,0.0,incoming,deep,sandy,6,urban,0,0,0,0.0,0.0,7.626895812,10.47484125,16.19808857,-3.1,2.3,304.1148288,317.8527862,332.0507403,212,-43.57283557,172.7704561,9,36,2,0,13,0,Alongshore,Alongshore,Alongshore,12.2,0.047619047619047616
1993,Scarborough Beach by clock tower,2017-11-28 12:00:00,Lyttelton,0.0,0.0,0.0,0.0,0.0,0.0,ebbing,deep,sandy,6,urban,0,0,0,0.0,0.0,11.49056134,14.63114291,15.8452124,0.8,2.2,76.76725428,76.163738,66.04982133,212,-43.57283557,172.7704561,11,48,1,0,12,0,Onshore,Onshore,Onshore,,0.0
1994,Scarborough Beach by clock tower,2017-11-30 15:00:00,Lyttelton,0.0,0.0,0.0,0.0,0.0,0.0,ebbing,deep,sandy,6,urban,0,0,0,0.0,0.0,4.467943191,12.95212241,17.32941112,1.6,2.3,74.35188747,77.84179507,85.16101643,212,-43.57283557,172.7704561,11,48,3,0,15,0,Onshore,Alongshore,Alongshore,908.0,0.5
1995,Scarborough Beach by clock tower,2017-12-04 08:00:00,Lyttelton,0.0,0.0,0.0,0.0,0.0,0.0,ebbing,deep,sandy,6,urban,0,0,0,0.0,0.0,0.263706849,0.670246823,1.088039399,3.4,2.6,251.7404229,124.9456874,102.1953425,212,-43.57283557,172.7704561,12,49,0,0,8,0,Offshore,Alongshore,Alongshore,459.0,0.3333333333333333
1996,Scarborough Beach by clock tower,2017-12-06 12:00:00,Lyttelton,0.0,0.0,0.0,0.0,0.0,0.0,ebbing,deep,sandy,6,urban,0,0,0,0.0,0.0,7.441345262,12.3969112,15.68232675,5.9,2.7,74.73153176,75.12670507,74.21218903,212,-43.57283557,172.7704561,12,49,2,0,12,0,Onshore,Onshore,Onshore,323.0,0.25
1997,Scarborough Beach by clock tower,2017-12-11 12:00:00,Lyttelton,0.0,0.0,0.0,0.0,0.0,0.0,ebbing,deep,sandy,6,urban,0,0,0,0.0,0.0,5.033943863,11.98355249,13.21288359,1.1,2.5,81.1303888,79.56238005,81.61135473,212,-43.57283557,172.7704561,12,50,0,0,12,0,Alongshore,Alongshore,Alongshore,244.75,0.2
1998,Scarborough Beach by clock tower,2017-12-18 07:00:00,Lyttelton,0.0,0.0,0.2,0.2,0.2,0.2,ebbing,deep,sandy,6,urban,0,0,0,0.2,1.0,17.3999716,19.64476486,17.73109437,2.9,2.3,237.4135686,234.6117458,239.2177044,212,-43.57283557,172.7704561,12,51,0,0,7,0,Offshore,Offshore,Offshore,196.8,0.16666666666666666
1999,Scarborough Beach by clock tower,2017-12-28 12:00:00,Lyttelton,0.0,0.0,0.0,0.2,3.6,5.4,ebbing,deep,sandy,6,urban,0,0,0,1.0,7.0,7.398480876,7.64720327,9.351788121,0.2,2.3,229.3493046,233.6115989,230.7909672,212,-43.57283557,172.7704561,12,52,3,0,12,1,Offshore,Offshore,Offshore,16.2,0.14285714285714285
2000,Scarborough Beach by clock tower,2018-01-03 08:00:00,Lyttelton,0.0,0.0,0.0,0.0,0.0,0.0,ebbing,deep,sandy,6,urban,0,0,0,0.0,0.0,6.195545384,1.641216492,4.05628076,2.9,2.7,263.9321895,13.36143216,53.41242763,212,-43.57283557,172.7704561,1,1,2,0,8,1,Alongshore,Onshore,Onshore,96.2,0.25
2001,Scarborough Beach by clock tower,2018-01-08 13:00:00,Lyttelton,0.0,0.0,0.0,0.0,0.2,5.4,ebbing,deep,sandy,6,urban,0,0,0,0.2,1.0,0.556875809,2.963997102,13.29330008,3.1,2.5,79.50200955,80.90016186,334.5728891,212,-43.57283557,172.7704561,1,2,0,0,13,0,Alongshore,Alongshore,Alongshore,103.2,0.2222222222222222
2002,Scarborough Beach by clock tower,2018-01-16 07:00:00,Lyttelton,0.0,0.0,0.0,0.0,0.0,0.0,ebbing,deep,sandy,6,urban,0,0,0,0.0,0.0,15.16368698,13.00835294,12.7185037,3.1,2.3,56.16320717,56.26555479,63.00087805,212,-43.57283557,172.7704561,1,3,1,0,7,0,Onshore,Onshore,Onshore,107.4,0.2
2003,Scarborough Beach by clock tower,2018-01-24 08:00:00,Lyttelton,0.0,0.0,0.0,0.0,0.0,0.0,incoming,deep,sandy,6,urban,0,0,0,0.0,0.0,3.036182818,2.725054537,3.622358466,-2.1,2.3,113.3475228,240.8191112,50.08523739,212,-43.57283557,172.7704561,1,4,2,0,8,0,Alongshore,Offshore,Onshore,107.4,0.18181818181818182
2004,Scarborough Beach by clock tower,2018-01-31 07:00:00,Lyttelton,0.0,0.0,0.0,0.0,0.0,0.0,ebbing,deep,sandy,6,urban,0,0,0,0.0,0.0,3.993045164,3.635041778,0.724011111,2.8,2.7,68.73670848,267.2573014,273.2081642,212,-43.57283557,172.7704561,1,5,2,0,7,1,Onshore,Alongshore,Alongshore,108.4,0.16666666666666666
2005,Scarborough Beach by clock tower,2018-02-05 13:00:00,Lyttelton,0.0,0.0,0.0,0.0,0.0,1.4,ebbing,deep,sandy,6,urban,0,0,0,0.0,0.0,4.420578628,5.969269652,8.927354811,5.2,2.5,356.8404759,7.28120743,349.1942511,212,-43.57283557,172.7704561,2,6,0,0,13,1,Onshore,Onshore,Onshore,27.4,0.15384615384615385
2006,Scarborough Beach by clock tower,2018-02-12 13:00:00,Lyttelton,0.0,0.0,0.0,1.0,9.0,9.0,incoming,deep,sandy,6,urban,0,0,0,1.4,14.0,2.533846859,9.250969946,12.80251075,-1.3,2.2,77.82405576,76.09755595,87.33270003,212,-43.57283557,172.7704561,2,7,0,0,13,0,Alongshore,Onshore,Alongshore,16.2,0.14285714285714285
2007,Scarborough Beach by clock tower,2018-02-26 14:00:00,Lyttelton,0.0,0.0,3.0,3.4,3.4,3.4,ebbing,deep,sandy,6,urban,0,0,0,1.2,6.0,15.91528049,18.94115536,19.62729854,1.3,2.4,221.1571134,218.7899715,232.4382439,212,-43.57283557,172.7704561,2,9,0,0,14,0,Offshore,Offshore,Offshore,11.0,0.13333333333333333
2008,Scarborough Beach by clock tower,2018-03-05 10:00:00,Lyttelton,0.0,0.0,0.0,0.0,0.0,0.0,ebbing,deep,sandy,6,urban,0,0,0,0.0,0.0,10.87184077,16.13920478,14.23077156,3.4,2.5,254.9096383,261.4439384,259.1786943,212,-43.57283557,172.7704561,3,10,0,0,10,0,Offshore,Alongshore,Alongshore,11.0,0.125
2009,Scarborough Beach by clock tower,2018-03-09 14:00:00,Lyttelton,0.0,0.0,0.0,0.0,0.0,0.8,ebbing,deep,sandy,6,urban,0,0,0,0.0,0.0,7.907773934,11.03611215,13.4490846,3.5,2.2,218.3225274,227.2954629,239.5815803,212,-43.57283557,172.7704561,3,10,4,0,14,0,Offshore,Offshore,Offshore,10.0,0.11764705882352941
2010,Scarborough Beach by clock tower,2018-03-12 12:00:00,Lyttelton,0.0,0.0,0.0,0.0,0.0,0.0,incoming,deep,sandy,6,urban,0,0,0,0.0,0.0,1.686590183,1.653237518,2.413869591,-0.8,2.1,92.56302572,245.7401437,41.88301146,212,-43.57283557,172.7704561,3,11,0,0,12,0,Alongshore,Offshore,Onshore,10.0,0.1111111111111111
2011,Scarborough Beach by clock tower,2018-06-15 09:00:00,Lyttelton,0.0,0.0,0.0,0.0,0.0,0.0,ebbing,deep,sandy,6,urban,0,0,0,0.0,0.0,3.474523276,0.750598939,2.035223648,4.1,2.5,74.10221246,42.6241168,279.5259506,212,-43.57283557,172.7704561,6,24,4,0,9,0,Onshore,Onshore,Alongshore,8.0,0.10526315789473684
2012,Scarborough Beach by clock tower,2018-09-06 14:00:00,Lyttelton,0.0,0.0,0.0,0.0,0.0,2.6,ebbing,deep,sandy,6,urban,0,0,0,0.0,0.0,1.180679196,3.217156491,8.948963465,0.5,2.4,71.44333147,71.5739586,277.114782,212,-43.57283557,172.7704561,9,36,3,0,14,0,Onshore,Onshore,Alongshore,9.0,0.1
2013,Scarborough Beach by clock tower,2018-11-12 10:00:00,Lyttelton,0.0,0.0,0.0,0.0,0.0,6.6,ebbing,deep,sandy,6,urban,0,0,0,0.0,0.0,9.648755039,5.198294176,6.005659796,1.7,2.3,81.47172272,77.40091475,76.67747124,212,-43.57283557,172.7704561,11,46,0,0,10,0,Alongshore,Alongshore,Onshore,,0.0
2014,Scarborough Beach by clock tower,2018-11-20 15:00:00,Lyttelton,8.4,12.0,12.0,12.0,13.2,13.2,ebbing,deep,sandy,6,urban,0,0,0,3.8,9.0,12.70029467,19.68320117,20.78499152,1.2,2.2,269.1188296,252.9700722,257.6356562,212,-43.57283557,172.7704561,11,47,1,0,15,0,Alongshore,Offshore,Alongshore,10.0,0.0
2015,Scarborough Beach by clock tower,2018-11-22 17:00:00,Lyttelton,0.0,0.0,0.0,0.0,0.2,13.0,ebbing,deep,sandy,6,urban,0,0,0,0.2,1.0,14.93714066,16.22905849,15.26613814,1.1,2.3,72.3493415,74.67931335,72.22777671,212,-43.57283557,172.7704561,11,47,3,0,17,0,Onshore,Onshore,Onshore,803.5,0.3333333333333333
2016,Scarborough Beach by clock tower,2018-11-28 12:00:00,Lyttelton,0.0,0.2,0.2,3.6,3.6,4.4,ebbing,deep,sandy,6,urban,0,0,0,1.6,9.0,0.439623714,2.32829248,6.082536869,3.7,2.6,64.77347456,71.83328301,7.033140526,212,-43.57283557,172.7704561,11,48,2,0,12,0,Onshore,Onshore,Onshore,539.0,0.25
2017,Scarborough Beach by clock tower,2018-12-05 14:00:00,Lyttelton,0.4,0.6,1.6,1.8,1.8,2.4,incoming,deep,sandy,6,urban,0,0,0,0.6,6.0,9.089956862,14.99954609,20.10603756,-1.3,2.4,228.7061412,241.3936012,266.6540631,212,-43.57283557,172.7704561,12,49,2,0,14,0,Offshore,Offshore,Alongshore,409.25,0.2
2018,Scarborough Beach by clock tower,2018-12-06 07:00:00,Lyttelton,0.2,0.2,0.4,2.2,3.4,3.6,ebbing,deep,sandy,6,urban,0,0,0,0.8,11.0,11.37837375,14.31696929,15.3353509,3.2,2.4,242.4921064,245.866173,252.9747079,212,-43.57283557,172.7704561,12,49,3,0,7,0,Offshore,Offshore,Offshore,328.4,0.16666666666666666
2019,Scarborough Beach by clock tower,2018-12-13 11:00:00,Lyttelton,0.0,0.0,0.0,0.0,7.0,7.0,ebbing,deep,sandy,6,urban,0,0,0,1.4,14.0,2.458821415,3.142685398,3.591304495,1.9,2.2,230.2769516,243.6338893,245.2718393,212,-43.57283557,172.7704561,12,50,3,0,11,0,Offshore,Offshore,Offshore,327.4,0.14285714285714285
2020,Scarborough Beach by clock tower,2018-12-19 15:00:00,Lyttelton,0.2,1.6,3.0,4.8,4.8,4.8,ebbing,deep,sandy,6,urban,0,0,0,0.8,14.0,6.041950119,4.49052038,2.823589114,1.4,2.2,283.3275862,266.5314353,266.5053927,212,-43.57283557,172.7704561,12,51,2,0,15,0,Alongshore,Alongshore,Alongshore,12.0,0.125
2021,Scarborough Beach by clock tower,2018-12-27 12:00:00,Lyttelton,0.0,0.0,0.0,0.0,0.2,0.4,ebbing,deep,sandy,6,urban,0,0,0,0.2,1.0,9.496954589,10.48008229,14.19796618,3.4,2.7,73.75584523,66.39521676,65.21214288,212,-43.57283557,172.7704561,12,52,3,0,12,1,Onshore,Onshore,Onshore,88.6,0.2222222222222222
2022,Scarborough Beach by clock tower,2019-01-07 09:00:00,Lyttelton,0.0,0.2,2.8,6.2,6.2,6.2,ebbing,deep,sandy,6,urban,0,0,0,3.0,8.0,5.278931073,9.267741946,10.84097786,3.3,2.3,50.03868258,48.76601205,39.10005549,212,-43.57283557,172.7704561,1,2,0,0,9,0,Onshore,Onshore,Onshore,86.6,0.2
2023,Scarborough Beach by clock tower,2019-01-09 13:00:00,Lyttelton,0.0,0.0,0.0,0.0,0.0,6.2,incoming,deep,sandy,6,urban,0,0,0,0.0,0.0,19.63398628,20.91616223,22.23751262,-6.1,2.1,62.0320674,62.31898685,62.2006466,212,-43.57283557,172.7704561,1,2,2,0,13,0,Onshore,Onshore,Onshore,130.8,0.18181818181818182
2024,Scarborough Beach by clock tower,2019-01-14 12:00:00,Lyttelton,3.8,12.6,13.2,14.2,14.2,15.4,ebbing,deep,sandy,6,urban,0,0,0,5.2,11.0,25.64526588,25.85810052,25.07829014,1.1,2.2,237.4809061,240.9692297,239.8301746,212,-43.57283557,172.7704561,1,3,0,0,12,0,Offshore,Offshore,Offshore,136.0,0.16666666666666666
2025,Scarborough Beach by clock tower,2019-01-23 08:00:00,Lyttelton,0.0,0.0,0.0,0.2,0.2,0.2,ebbing,deep,sandy,6,urban,0,0,0,0.2,1.0,2.609479047,4.682243911,4.233110737,2.1,2.7,81.81505773,86.57427227,28.5642411,212,-43.57283557,172.7704561,1,4,2,0,8,0,Alongshore,Alongshore,Onshore,142.4,0.15384615384615385
2026,Scarborough Beach by clock tower,2019-01-24 17:00:00,Lyttelton,0.0,0.0,0.0,3.0,3.2,3.2,incoming,deep,sandy,6,urban,0,0,0,1.8,5.0,2.587474986,12.20297775,18.15100363,-2.1,2.6,68.57397378,69.73967896,95.40359513,212,-43.57283557,172.7704561,1,4,3,0,17,0,Onshore,Onshore,Alongshore,65.8,0.14285714285714285
2027,Scarborough Beach by clock tower,2019-01-28 12:00:00,Lyttelton,0.0,0.0,0.0,0.0,0.0,0.0,ebbing,deep,sandy,6,urban,0,0,0,0.0,0.0,1.120288448,2.637619082,4.040551133,1.5,2.5,84.03657764,287.3434307,65.32596567,212,-43.57283557,172.7704561,1,5,0,0,12,0,Alongshore,Alongshore,Onshore,67.8,0.13333333333333333
2028,Scarborough Beach by clock tower,2019-02-04 08:00:00,Lyttelton,0.0,0.0,0.0,0.0,0.0,0.0,ebbing,deep,sandy,6,urban,0,0,0,0.0,0.0,5.231311306,2.704962825,3.007510168,3.3,2.3,248.0168591,278.5836134,46.09848881,212,-43.57283557,172.7704561,2,6,0,0,8,1,Offshore,Alongshore,Onshore,23.6,0.125
2029,Scarborough Beach by clock tower,2019-02-11 12:00:00,Lyttelton,0.0,0.0,0.0,0.0,0.0,0.0,ebbing,deep,sandy,6,urban,0,0,0,0.0,0.0,7.831314933,12.23320206,15.76260972,3.2,2.2,78.34668729,72.15609684,67.4989203,212,-43.57283557,172.7704561,2,7,0,0,12,0,Alongshore,Onshore,Onshore,18.4,0.11764705882352941
2030,Scarborough Beach by clock tower,2019-02-21 09:00:00,Lyttelton,0.0,0.0,0.0,0.0,0.0,0.0,ebbing,deep,sandy,6,urban,0,0,0,0.0,0.0,3.633314566,5.157672279,9.641312762,3.5,2.7,75.12104318,72.15350863,68.26472286,212,-43.57283557,172.7704561,2,8,3,0,9,0,Onshore,Onshore,Onshore,9.0,0.1111111111111111
2031,Scarborough Beach by clock tower,2019-02-27 13:00:00,Lyttelton,0.0,0.0,0.0,0.0,0.0,1.4,ebbing,deep,sandy,6,urban,0,0,0,0.0,0.0,2.945737246,2.979008832,5.732552689,1.7,2.3,78.67438905,312.5137563,302.8711428,212,-43.57283557,172.7704561,2,9,2,0,13,0,Alongshore,Alongshore,Alongshore,9.0,0.10526315789473684
2032,Scarborough Beach by clock tower,2019-03-08 14:00:00,Lyttelton,0.0,0.0,5.2,7.0,7.0,7.0,incoming,deep,sandy,6,urban,0,0,0,2.2,8.0,18.26168567,17.33760385,16.39350005,-4.5,2.2,248.9146176,249.4643581,245.7937786,212,-43.57283557,172.7704561,3,10,4,0,14,0,Offshore,Offshore,Offshore,6.0,0.1
2033,Scarborough Beach by clock tower,2019-06-14 10:00:00,Lyttelton,0.0,0.0,0.0,0.0,0.0,0.0,incoming,deep,sandy,6,urban,0,0,0,0.0,0.0,13.52484331,14.8820734,14.72288175,-3.6,2.5,56.00256802,55.91690024,62.54843385,212,-43.57283557,172.7704561,6,24,4,0,10,0,Onshore,Onshore,Onshore,121.6,0.14285714285714285
2034,Scarborough Beach by clock tower,2019-09-10 16:00:00,Lyttelton,0.0,0.0,0.0,0.0,0.0,0.6,ebbing,deep,sandy,6,urban,0,0,0,0.0,0.0,15.78250784,18.48170914,19.74844325,1.8,2.3,63.96457036,62.63208181,59.74245376,212,-43.57283557,172.7704561,9,37,1,0,16,0,Onshore,Onshore,Onshore,128.8,0.13636363636363635
2035,Scarborough Beach by clock tower,2019-11-28 09:00:00,Lyttelton,0.0,0.0,0.0,0.0,0.0,0.0,ebbing,deep,sandy,6,urban,0,0,0,0.0,0.0,6.17692732,4.868679266,5.345557083,3.8,2.6,83.48941366,111.0963243,88.49406785,212,-43.57283557,172.7704561,11,48,3,0,9,0,Alongshore,Alongshore,Alongshore,,0.0
2036,Scarborough Beach by clock tower,2019-12-04 12:00:00,Lyttelton,0.0,0.0,0.0,0.0,0.0,0.0,ebbing,deep,sandy,6,urban,0,0,0,0.0,0.0,7.749876129,9.465780192,10.29100071,1.1,2.2,88.01525969,71.22752375,65.12805643,212,-43.57283557,172.7704561,12,49,2,0,12,0,Alongshore,Onshore,Onshore,10.0,0.0
2037,Scarborough Beach by clock tower,2019-12-09 14:00:00,Lyttelton,0.0,0.0,0.0,0.0,0.0,1.4,incoming,deep,sandy,6,urban,0,0,0,0.0,0.0,3.176909901,5.957612347,9.532721942,-0.6,2.2,210.869374,201.7367918,201.3932242,212,-43.57283557,172.7704561,12,50,0,0,14,0,Offshore,Offshore,Offshore,7.5,0.0
2038,Scarborough Beach by clock tower,2019-12-12 08:00:00,Lyttelton,0.0,0.0,0.0,0.0,0.0,0.0,ebbing,deep,sandy,6,urban,0,0,0,0.0,0.0,4.147939254,3.592176699,8.256265384,3.5,2.3,78.78329881,71.99795027,72.0813736,212,-43.57283557,172.7704561,12,50,3,0,8,0,Alongshore,Onshore,Onshore,66.66666666666667,0.0
2039,Scarborough Beach by clock tower,2019-12-19 11:00:00,Lyttelton,0.0,0.0,0.0,0.0,18.0,22.8,ebbing,deep,sandy,6,urban,0,0,0,2.8,21.0,6.299436288,4.581763056,3.929522461,1.2,2.5,94.49981676,84.84226062,79.97614378,212,-43.57283557,172.7704561,12,51,3,0,11,0,Alongshore,Alongshore,Alongshore,77.25,0.0
2040,Scarborough Beach by clock tower,2019-12-29 11:00:00,Lyttelton,0.0,0.0,0.0,0.0,0.0,0.0,ebbing,deep,sandy,6,urban,0,0,0,0.0,0.0,6.69366263,11.87375513,14.05608618,3.8,2.4,91.84147377,86.44248611,73.89228525,212,-43.57283557,172.7704561,12,52,6,1,11,1,Alongshore,Alongshore,Onshore,70.0,0.0
2041,Scarborough Beach by clock tower,2020-01-09 07:00:00,Lyttelton,0.0,0.0,0.0,0.0,0.4,0.4,ebbing,deep,sandy,6,urban,0,0,0,0.4,1.0,7.52118627,5.933638239,4.790926081,3.8,2.3,68.17777457,64.23717972,61.79735238,212,-43.57283557,172.7704561,1,2,3,0,7,0,Onshore,Onshore,Onshore,92.2,0.0
2042,Scarborough Beach by clock tower,2020-01-14 11:00:00,Lyttelton,0.0,0.0,0.0,0.8,1.0,1.0,ebbing,deep,sandy,6,urban,0,0,0,0.4,4.0,2.84710654,4.576438971,9.432159257,3.8,2.6,91.57240268,95.6216715,91.57167257,212,-43.57283557,172.7704561,1,3,1,0,11,0,Alongshore,Alongshore,Alongshore,117.4,0.0
2043,Scarborough Beach by clock tower,2020-01-23 07:00:00,Lyttelton,0.0,0.0,0.0,0.0,0.0,0.0,ebbing,deep,sandy,6,urban,0,0,0,0.0,0.0,1.73969571,3.759792878,4.885327168,4.2,2.4,268.547677,271.5144535,271.389181,212,-43.57283557,172.7704561,1,4,3,0,7,0,Alongshore,Alongshore,Alongshore,97.2,0.0
2044,Scarborough Beach by clock tower,2020-01-29 11:00:00,Lyttelton,0.0,0.0,0.2,0.2,0.4,0.4,ebbing,deep,sandy,6,urban,0,0,0,0.2,2.0,6.452406,0.366784714,3.148849445,3.2,2.3,254.5714257,102.072459,61.2217313,212,-43.57283557,172.7704561,1,5,2,0,11,0,Offshore,Alongshore,Onshore,83.6,0.0
2045,Scarborough Beach by clock tower,2020-02-07 06:00:00,Lyttelton,0.0,0.0,4.2,4.6,4.6,10.6,ebbing,deep,sandy,6,urban,0,0,0,1.8,6.0,2.568293156,2.421550406,1.95517751,3.4,2.3,321.2778396,306.7963326,301.8149049,212,-43.57283557,172.7704561,2,6,4,0,6,1,Alongshore,Alongshore,Alongshore,83.6,0.0
2046,Scarborough Beach by clock tower,2020-02-10 07:00:00,Lyttelton,0.0,0.0,0.0,0.0,0.8,0.8,ebbing,deep,sandy,6,urban,0,0,0,0.4,3.0,2.68620199,3.93559424,3.246215242,2.2,2.6,293.6116369,298.3821465,309.8816201,212,-43.57283557,172.7704561,2,7,0,0,7,0,Alongshore,Alongshore,Alongshore,96.8,0.0
2047,Scarborough Beach by clock tower,2020-02-13 09:00:00,Lyttelton,0.0,0.0,0.0,0.0,0.0,0.0,ebbing,deep,sandy,6,urban,0,0,0,0.0,0.0,7.532088734,10.76974074,10.54052138,1.2,2.6,261.0201203,265.9420207,270.6415735,212,-43.57283557,172.7704561,2,7,3,0,9,0,Alongshore,Alongshore,Alongshore,71.6,0.0
2048,Scarborough Beach by clock tower,2020-02-19 14:00:00,Lyttelton,0.0,0.0,0.0,0.0,0.0,0.0,ebbing,deep,sandy,6,urban,0,0,0,0.0,0.0,1.729023918,4.058046395,11.38713748,0.3,2.3,84.43410496,73.9399195,66.03610355,212,-43.57283557,172.7704561,2,8,2,0,14,0,Alongshore,Onshore,Onshore,56.8,0.0
2049,Scarborough Beach by clock tower,2020-02-26 08:00:00,Lyttelton,0.0,0.0,0.0,0.0,0.0,0.0,ebbing,deep,sandy,6,urban,0,0,0,0.0,0.0,11.83277188,11.61305351,10.91708107,1.4,2.3,75.81010657,76.3596352,73.04453391,212,-43.57283557,172.7704561,2,9,2,0,8,0,Onshore,Onshore,Onshore,50.6,0.0
2050,Scarborough Beach by clock tower,2020-03-05 14:00:00,Lyttelton,0.0,0.0,0.0,0.0,1.2,1.2,ebbing,deep,sandy,6,urban,0,0,0,0.8,3.0,4.17421285,9.820704707,12.39207794,1.4,2.1,89.23373398,88.3095979,86.29372922,212,-43.57283557,172.7704561,3,10,3,0,14,0,Alongshore,Alongshore,Alongshore,43.4,0.0
2051,Scarborough Beach by clock tower,2020-03-12 07:00:00,Lyttelton,0.0,0.0,0.0,0.0,0.2,0.2,ebbing,deep,sandy,6,urban,0,0,0,0.2,1.0,8.0296981,7.365360956,7.33033501,1.1,2.6,249.947621,256.5084,253.988472,212,-43.57283557,172.7704561,3,11,3,0,7,0,Offshore,Offshore,Offshore,7.0,0.0
2052,Scarborough Beach by clock tower,2020-06-16 14:00:00,Lyttelton,0.0,0.0,0.0,0.0,0.0,0.0,ebbing,deep,sandy,6,urban,0,0,0,0.0,0.0,0.959855618,0.513326909,2.318286195,0.8,2.2,65.42644651,313.2627942,40.25518676,212,-43.57283557,172.7704561,6,25,1,0,14,0,Onshore,Alongshore,Onshore,7.0,0.0
2053,Scarborough Beach by clock tower,2020-09-14 14:00:00,Lyttelton,0.0,0.0,0.0,0.0,0.0,0.0,ebbing,deep,sandy,6,urban,0,0,0,0.0,0.0,4.89202141,8.280329951,10.7246147,0.5,2.3,56.75315344,63.49144251,67.47213299,212,-43.57283557,172.7704561,9,38,0,0,14,0,Onshore,Onshore,Onshore,6.0,0.0
2054,Scarborough Beach by clock tower,2020-11-19 09:00:00,Lyttelton,0.0,0.2,0.2,0.4,0.4,0.4,ebbing,deep,sandy,6,urban,0,0,0,0.2,2.0,12.10574287,11.70130892,11.19749325,1.8,2.6,235.7833969,238.3628702,243.3357226,212,-43.57283557,172.7704561,11,47,3,0,9,0,Offshore,Offshore,Offshore,,0.0
2055,Scarborough Beach by clock tower,2020-12-02 09:00:00,Lyttelton,0.0,0.0,0.0,0.0,2.6,2.6,ebbing,deep,sandy,6,urban,0,0,0,1.0,5.0,14.61537573,15.52514336,15.24566642,3.4,2.3,71.95311379,72.621286,69.30999325,212,-43.57283557,172.7704561,12,49,2,0,9,0,Onshore,Onshore,Onshore,74.0,0.0
2056,Scarborough Beach by clock tower,2020-12-09 13:00:00,Lyttelton,0.0,0.0,0.0,0.0,0.0,0.0,ebbing,deep,sandy,6,urban,0,0,0,0.0,0.0,3.369782257,6.911244506,10.24157178,1.4,2.4,90.17717706,90.21547076,83.28855254,212,-43.57283557,172.7704561,12,50,2,0,13,0,Alongshore,Alongshore,Alongshore,42.0,0.0
2057,Scarborough Beach by clock tower,2020-12-10 15:00:00,Lyttelton,0.0,0.0,0.0,0.0,0.0,0.0,ebbing,deep,sandy,6,urban,0,0,0,0.0,0.0,10.12412076,8.623124485,2.48409205,2.9,2.4,282.4208797,266.8910795,267.234516,212,-43.57283557,172.7704561,12,50,3,0,15,0,Alongshore,Alongshore,Alongshore,29.666666666666668,0.0
2058,Scarborough Beach by clock tower,2020-12-16 09:00:00,Lyttelton,0.0,0.0,0.0,0.0,0.0,0.0,ebbing,deep,sandy,6,urban,0,0,0,0.0,0.0,10.6660808,10.85004912,9.672961773,3.8,2.6,274.6005585,280.012037,282.8473993,212,-43.57283557,172.7704561,12,51,2,0,9,0,Alongshore,Alongshore,Alongshore,27.25,0.0
2059,Scarborough Beach by clock tower,2020-12-30 08:00:00,Lyttelton,0.0,0.0,0.0,0.0,0.0,1.6,ebbing,deep,sandy,6,urban,0,0,0,0.0,0.0,13.99976103,14.77637377,15.14388799,3.8,2.3,69.2372861,66.27643047,65.19713116,212,-43.57283557,172.7704561,12,53,2,0,8,1,Onshore,Onshore,Onshore,25.8,0.0
2060,Scarborough Beach by clock tower,2021-01-07 12:00:00,Lyttelton,0.0,0.0,0.0,0.0,1.2,1.2,ebbing,deep,sandy,6,urban,0,0,0,1.0,2.0,4.821957933,2.584345815,1.568228319,1.3,2.4,186.2524076,105.9457071,81.75538542,212,-43.57283557,172.7704561,1,1,3,0,12,0,Offshore,Alongshore,Alongshore,15.0,0.0
2061,Scarborough Beach by clock tower,2021-01-15 09:00:00,Lyttelton,0.0,0.0,0.0,0.0,0.0,1.4,ebbing,deep,sandy,6,urban,0,0,0,0.0,0.0,1.821356391,1.753543053,5.435894,3.3,2.5,82.57137359,109.4348999,109.7757404,212,-43.57283557,172.7704561,1,2,4,0,9,0,Alongshore,Alongshore,Alongshore,21.2,0.0
2062,Scarborough Beach by clock tower,2021-01-21 12:00:00,Lyttelton,0.0,0.2,0.2,0.2,0.6,0.6,ebbing,deep,sandy,6,urban,0,0,0,0.2,3.0,3.626509331,10.5629191,10.42806327,1.6,2.2,240.97339,247.2284393,242.9188215,212,-43.57283557,172.7704561,1,3,3,0,12,0,Offshore,Offshore,Offshore,22.2,0.0
2063,Scarborough Beach by clock tower,2021-01-28 08:00:00,Lyttelton,0.2,0.2,0.2,0.2,0.2,0.2,ebbing,deep,sandy,6,urban,0,0,0,0.2,1.0,6.83233866,5.490597859,7.466536956,4.0,2.3,11.70328704,348.7591327,31.91970876,212,-43.57283557,172.7704561,1,4,3,0,8,0,Onshore,Onshore,Onshore,19.2,0.0
2064,Scarborough Beach by clock tower,2021-02-04 13:00:00,Lyttelton,0.0,0.0,0.0,0.0,0.0,0.0,ebbing,deep,sandy,6,urban,0,0,0,0.0,0.0,15.09546993,14.32294041,14.6230171,3.2,2.4,231.0390427,231.8235952,239.885188,212,-43.57283557,172.7704561,2,5,3,0,13,1,Offshore,Offshore,Offshore,16.2,0.0
2065,Scarborough Beach by clock tower,2021-02-12 07:00:00,Lyttelton,0.0,0.0,0.0,0.0,2.0,9.0,ebbing,deep,sandy,6,urban,0,0,0,1.8,2.0,3.532723199,3.827677258,1.380144591,2.7,2.5,280.5891004,215.0308062,250.4166602,212,-43.57283557,172.7704561,2,6,4,0,7,0,Alongshore,Offshore,Offshore,13.2,0.0
2066,Scarborough Beach by clock tower,2021-02-18 11:00:00,Lyttelton,0.0,0.0,0.0,0.0,0.0,0.0,ebbing,deep,sandy,6,urban,0,0,0,0.0,0.0,1.215397042,0.971393238,4.345134316,1.9,2.1,105.852238,136.9010486,261.5930178,212,-43.57283557,172.7704561,2,7,3,0,11,0,Alongshore,Alongshore,Alongshore,6.0,0.0
2067,Scarborough Beach by clock tower,2021-02-25 08:00:00,Lyttelton,0.0,0.0,0.0,0.0,0.0,0.0,ebbing,deep,sandy,6,urban,0,0,0,0.0,0.0,12.32135698,11.18122491,10.94316701,5.8,2.3,289.385716,290.4660992,279.3914413,212,-43.57283557,172.7704561,2,8,3,0,8,0,Alongshore,Alongshore,Alongshore,10.2,0.0
2068,Scarborough Beach by clock tower,2021-03-02 13:00:00,Lyttelton,0.0,0.0,0.0,0.2,0.4,0.4,incoming,deep,sandy,6,urban,0,0,0,0.2,2.0,15.7809511,16.85446326,16.82603474,-5.7,2.5,84.3704366,82.8169736,78.76081876,212,-43.57283557,172.7704561,3,9,1,0,13,0,Alongshore,Alongshore,Alongshore,11.2,0.0
2069,Scarborough Beach by clock tower,2021-03-08 13:00:00,Lyttelton,0.0,0.0,0.2,0.6,0.6,0.6,ebbing,deep,sandy,6,urban,0,0,0,0.4,2.0,12.11038971,16.0302887,20.09139405,0.1,2.3,236.8929147,237.9247252,245.3732124,212,-43.57283557,172.7704561,3,10,0,0,13,0,Offshore,Offshore,Offshore,14.2,0.0
2070,Scarborough Beach by clock tower,2021-03-16 09:00:00,Lyttelton,0.0,0.0,0.0,0.0,0.0,0.0,ebbing,deep,sandy,6,urban,0,0,0,0.0,0.0,5.168131913,6.14393831,5.339564854,2.3,2.2,293.2469895,291.2066616,282.2959449,212,-43.57283557,172.7704561,3,11,1,0,9,0,Alongshore,Alongshore,Alongshore,14.2,0.0
2071,Scarborough Beach by clock tower,2021-06-08 15:00:00,Lyttelton,0.0,0.0,0.2,1.0,4.4,6.8,incoming,deep,sandy,6,urban,0,0,0,1.0,12.0,7.516106366,10.82226644,11.14780003,-0.7,2.3,75.94456337,78.67950159,73.14334594,212,-43.57283557,172.7704561,6,23,1,0,15,0,Onshore,Alongshore,Onshore,14.2,0.0
2072,Scarborough Beach by clock tower,2021-07-13 14:00:00,Lyttelton,0.0,0.0,0.0,0.0,0.2,0.2,incoming,deep,sandy,6,urban,0,0,0,0.2,1.0,6.686112713,7.181987945,7.09287588,-4.7,2.3,257.6918665,267.585837,274.4475175,212,-43.57283557,172.7704561,7,28,1,0,14,0,Alongshore,Alongshore,Alongshore,9.0,0.0
2073,Scarborough Beach by clock tower,2021-08-05 15:00:00,Lyttelton,0.0,0.8,0.8,0.8,0.8,40.4,ebbing,deep,sandy,6,urban,0,0,0,0.6,2.0,16.15005216,17.04091991,18.49335429,0.8,2.2,68.64553275,72.73278712,70.21194204,212,-43.57283557,172.7704561,8,31,3,0,15,0,Onshore,Onshore,Onshore,9.0,0.0
2074,Scarborough Beach by clock tower,2021-09-16 16:00:00,Lyttelton,0.0,0.0,0.0,0.0,0.0,4.4,ebbing,deep,sandy,6,urban,0,0,0,0.0,0.0,6.743698855,8.941942964,11.20524171,3.3,2.4,236.573734,244.0627546,251.7729126,212,-43.57283557,172.7704561,9,37,3,0,16,0,Offshore,Offshore,Offshore,6.0,0.0
2075,Scarborough Beach by clock tower,2021-10-15 12:00:00,Lyttelton,0.0,0.0,0.0,0.0,3.1,37.7,incoming,deep,sandy,6,urban,0,0,0,0.7,8.0,1.886109554,5.672887388,8.849675671,-0.1,2.4,84.55251904,88.84315662,92.70472512,212,-43.57283557,172.7704561,10,41,4,0,12,0,Alongshore,Alongshore,Alongshore,,0.0
2076,Scarborough Beach by clock tower,2021-11-03 13:00:00,Lyttelton,0.0,0.0,0.0,0.0,0.0,1.2,incoming,deep,sandy,6,urban,0,0,0,0.0,0.0,5.158142795,5.898926131,11.77618603,-2.2,2.4,259.8793165,251.5984109,248.6067843,212,-43.57283557,172.7704561,11,44,2,0,13,0,Alongshore,Offshore,Offshore,5.0,0.0
2077,Scarborough Beach by clock tower,2021-11-10 10:00:00,Lyttelton,0.0,0.0,0.2,0.2,0.8,1.6,ebbing,deep,sandy,6,urban,0,0,0,0.2,4.0,0.986097762,7.95281636,12.13346102,1.6,2.6,258.7674242,259.8726718,17.99199375,212,-43.57283557,172.7704561,11,45,2,0,10,0,Alongshore,Alongshore,Onshore,5.0,0.0
2078,Scarborough Beach by clock tower,2021-11-10 14:00:00,Lyttelton,0.0,0.0,0.0,0.2,0.8,1.0,ebbing,deep,sandy,6,urban,0,0,0,0.2,4.0,7.121100999,12.12449757,13.57512399,5.5,2.6,247.0328813,252.1123188,255.8182,212,-43.57283557,172.7704561,11,45,2,0,14,0,Offshore,Offshore,Offshore,24.0,0.0
2079,Scarborough Beach by clock tower,2021-11-19 14:00:00,Lyttelton,0.0,0.0,0.0,0.0,0.0,0.0,incoming,deep,sandy,6,urban,0,0,0,0.0,0.0,14.81797261,17.22697452,18.36408507,-2.7,2.2,80.56414783,79.54341981,74.61356399,212,-43.57283557,172.7704561,11,46,4,0,14,0,Alongshore,Alongshore,Onshore,19.25,0.0
2080,Scarborough Beach by clock tower,2021-11-25 13:00:00,Lyttelton,0.0,0.0,0.0,0.0,0.0,6.0,ebbing,deep,sandy,6,urban,0,0,0,0.0,0.0,14.63604046,18.61130334,19.65790753,4.2,2.2,87.34589718,87.8112709,79.78720425,212,-43.57283557,172.7704561,11,47,3,0,13,0,Alongshore,Alongshore,Alongshore,16.4,0.0
2081,Scarborough Beach by clock tower,2021-11-29 15:00:00,Lyttelton,0.0,0.2,0.2,1.8,19.8,19.8,ebbing,deep,sandy,6,urban,0,0,0,2.6,25.0,8.908261438,11.94389251,15.09790446,3.0,2.3,92.70195918,94.43580889,86.19453081,212,-43.57283557,172.7704561,11,48,0,0,15,0,Alongshore,Alongshore,Alongshore,16.4,0.0
2082,Scarborough Beach by clock tower,2021-12-01 14:00:00,Lyttelton,0.0,0.0,0.0,0.0,0.0,1.8,ebbing,deep,sandy,6,urban,0,0,0,0.0,0.0,7.906706965,13.82089852,15.76506393,0.6,2.3,87.02537127,85.11114061,82.01488099,212,-43.57283557,172.7704561,12,48,2,0,14,0,Alongshore,Alongshore,Alongshore,64.6,0.0
2083,Scarborough Beach by clock tower,2021-12-03 09:00:00,Lyttelton,0.0,0.0,0.2,0.4,0.8,0.8,ebbing,deep,sandy,6,urban,0,0,0,0.2,4.0,14.07343443,14.221103,12.69102689,5.8,2.5,70.97343928,74.17928365,74.54023826,212,-43.57283557,172.7704561,12,48,4,0,9,0,Onshore,Onshore,Onshore,172.6,0.1111111111111111
2084,Scarborough Beach by clock tower,2021-12-06 16:00:00,Lyttelton,2.8,3.2,3.2,6.0,6.4,6.4,incoming,deep,sandy,6,urban,0,0,0,2.2,10.0,8.857930485,4.738266763,2.020379638,-2.3,2.5,280.6303265,260.3792364,253.0939645,212,-43.57283557,172.7704561,12,49,0,0,16,0,Alongshore,Alongshore,Offshore,184.2,0.1
2085,Scarborough Beach by clock tower,2021-12-08 11:00:00,Lyttelton,0.0,0.0,0.0,1.0,8.6,11.4,ebbing,deep,sandy,6,urban,0,0,0,2.2,16.0,5.098002638,8.997938681,12.96196663,3.6,2.7,87.69942024,87.19536323,88.07402253,212,-43.57283557,172.7704561,12,49,2,0,11,0,Alongshore,Alongshore,Alongshore,305.8,0.18181818181818182
2086,Scarborough Beach by clock tower,2021-12-14 13:00:00,Lyttelton,0.0,0.0,0.0,0.0,0.0,0.0,ebbing,deep,sandy,6,urban,0,0,0,0.0,0.0,1.128982061,0.980933901,3.436037475,0.2,2.3,101.5537923,214.4032867,266.4018346,212,-43.57283557,172.7704561,12,50,1,0,13,0,Alongshore,Offshore,Alongshore,305.8,0.16666666666666666
2087,Scarborough Beach by clock tower,2021-12-22 11:00:00,Lyttelton,0.0,0.0,0.0,0.0,0.0,0.0,ebbing,deep,sandy,6,urban,0,0,0,0.0,0.0,2.289663151,2.703396893,6.446659003,3.8,2.3,57.00611141,79.18563689,244.9675215,212,-43.57283557,172.7704561,12,51,2,0,11,1,Onshore,Alongshore,Offshore,269.2,0.15384615384615385
2088,Scarborough Beach by clock tower,2021-12-29 15:00:00,Lyttelton,0.0,0.0,0.0,1.6,12.8,12.8,ebbing,deep,sandy,6,urban,0,0,0,2.4,19.0,5.254029295,9.436032382,9.884194811,3.0,2.3,80.73000863,81.79577635,78.88269968,212,-43.57283557,172.7704561,12,52,2,0,15,1,Alongshore,Alongshore,Alongshore,150.8,0.14285714285714285
2089,Scarborough Beach by clock tower,2021-12-31 11:00:00,Lyttelton,0.0,0.2,0.8,1.0,2.4,5.4,incoming,deep,sandy,6,urban,0,0,0,0.8,6.0,5.215895666,12.37177941,14.02365973,-3.0,2.4,89.94504513,81.71934402,72.15716964,212,-43.57283557,172.7704561,12,52,4,0,11,0,Alongshore,Alongshore,Onshore,240.6,0.2
2090,Scarborough Beach by clock tower,2022-01-13 13:00:00,Lyttelton,0.0,0.0,0.0,0.6,0.6,0.6,incoming,deep,sandy,6,urban,0,0,0,0.4,2.0,12.38157454,10.66923875,10.38992188,-0.4,2.1,238.0313363,238.8554171,234.5964889,212,-43.57283557,172.7704561,1,2,3,0,13,0,Offshore,Offshore,Offshore,120.0,0.1875
2091,Scarborough Beach by clock tower,2022-01-13 15:00:00,Lyttelton,0.0,0.0,0.0,0.6,0.6,0.6,ebbing,deep,sandy,6,urban,0,0,0,0.4,2.0,11.03244054,9.622343099,8.299729965,1.8,2.1,242.3092328,239.2645315,237.154089,212,-43.57283557,172.7704561,1,2,3,0,15,0,Offshore,Offshore,Offshore,125.2,0.17647058823529413
2092,Scarborough Beach by clock tower,2022-01-19 09:00:00,Lyttelton,0.0,0.0,0.0,0.0,0.0,0.0,ebbing,deep,sandy,6,urban,0,0,0,0.0,0.0,10.96983074,11.14879144,11.55135248,3.5,2.3,76.54337218,79.93569467,71.53165665,212,-43.57283557,172.7704561,1,3,2,0,9,0,Onshore,Alongshore,Onshore,139.6,0.16666666666666666
2093,Scarborough Beach by clock tower,2022-01-27 12:00:00,Lyttelton,0.8,2.6,3.8,12.2,12.6,13.0,incoming,deep,sandy,6,urban,0,0,0,7.0,11.0,20.79768069,25.07713984,27.59767436,0.0,2.3,230.4686715,233.0431661,237.7522378,212,-43.57283557,172.7704561,1,4,3,0,12,0,Offshore,Offshore,Offshore,138.6,0.15789473684210525
2094,Scarborough Beach by clock tower,2022-01-31 14:00:00,Lyttelton,0.0,0.0,0.0,0.0,0.0,0.0,incoming,deep,sandy,6,urban,0,0,0,0.0,0.0,12.7574755,16.94803914,18.05476846,-1.2,2.4,82.94664651,88.1267955,83.7209761,212,-43.57283557,172.7704561,1,5,0,0,14,1,Alongshore,Alongshore,Alongshore,810.2,0.2
2095,Scarborough Beach by clock tower,2022-02-03 10:00:00,Lyttelton,0.0,0.0,0.0,0.4,0.4,0.4,ebbing,deep,sandy,6,urban,0,0,0,0.2,2.0,10.36192877,10.55045119,8.719720496,3.7,2.6,83.2910998,62.73075059,62.60163953,212,-43.57283557,172.7704561,2,5,3,0,10,1,Alongshore,Onshore,Onshore,809.2,0.19047619047619047
2096,Scarborough Beach by clock tower,2022-02-10 13:00:00,Lyttelton,0.0,1.0,17.0,65.2,66.0,66.0,ebbing,deep,sandy,6,urban,0,0,0,11.2,19.0,8.044128042,1.500568159,4.597156373,0.9,2.1,265.6144358,280.7074385,73.05052228,212,-43.57283557,172.7704561,2,6,3,0,13,0,Alongshore,Alongshore,Onshore,813.4,0.18181818181818182
2097,Scarborough Beach by clock tower,2022-02-11 13:00:00,Lyttelton,0.0,0.0,0.0,0.2,65.4,66.2,ebbing,deep,sandy,6,urban,0,0,0,11.2,19.0,6.501314401,3.712837199,3.774034318,0.1,2.1,99.32485548,282.0737877,278.4118198,212,-43.57283557,172.7704561,2,6,4,0,13,0,Alongshore,Alongshore,Alongshore,787.4,0.17391304347826086
2098,Scarborough Beach by clock tower,2022-02-16 10:00:00,Lyttelton,0.0,0.0,0.0,0.0,0.0,1.6,ebbing,deep,sandy,6,urban,0,0,0,0.0,0.0,2.930842974,7.958139345,11.68224978,5.7,2.3,273.6692805,277.1589327,34.0845062,212,-43.57283557,172.7704561,2,7,2,0,10,0,Alongshore,Alongshore,Onshore,787.4,0.16666666666666666
2099,Scarborough Beach by clock tower,2022-03-04 09:00:00,Lyttelton,0.0,0.0,0.0,0.0,0.0,0.0,ebbing,deep,sandy,6,urban,0,0,0,0.0,0.0,1.349600117,1.140605624,0.875204756,3.1,2.5,58.11744155,287.4299972,282.5589342,212,-43.57283557,172.7704561,3,9,4,0,9,0,Onshore,Alongshore,Alongshore,32.6,0.16
2100,Scarborough Beach by clock tower,2022-03-09 15:00:00,Lyttelton,0.0,0.0,0.0,0.0,0.0,0.0,ebbing,deep,sandy,6,urban,0,0,0,0.0,0.0,9.262004063,10.34892072,11.33223668,5.2,2.1,244.9235259,250.0727895,267.129042,212,-43.57283557,172.7704561,3,10,2,0,15,0,Offshore,Offshore,Alongshore,48.8,0.15384615384615385
2101,Scarborough Beach by clock tower,2022-03-11 11:00:00,Lyttelton,0.0,0.0,0.0,0.0,0.0,0.0,incoming,deep,sandy,6,urban,0,0,0,0.0,0.0,10.6130667,9.792654842,9.699430768,-0.4,2.1,91.50508784,89.1385974,75.45109537,212,-43.57283557,172.7704561,3,10,4,0,11,0,Alongshore,Alongshore,Onshore,51.0,0.14814814814814814
2102,Scarborough Beach by clock tower,2022-03-25 10:00:00,Lyttelton,0.0,0.0,0.0,0.0,0.0,12.0,ebbing,deep,sandy,6,urban,0,0,0,0.0,0.0,13.4553346,12.33628692,13.16086346,0.1,2.3,239.3444379,247.3809977,250.5049487,212,-43.57283557,172.7704561,3,12,4,0,10,0,Offshore,Offshore,Offshore,51.0,0.14285714285714285
2103,Scarborough Beach by clock tower,2022-04-06 16:00:00,Lyttelton,0.0,0.8,0.8,1.8,1.8,1.8,incoming,deep,sandy,6,urban,0,0,0,0.8,4.0,0.28930426,2.4876616,0.237494944,-4.7,2.2,325.1662247,29.56844988,307.4827965,212,-43.57283557,172.7704561,4,14,2,0,16,0,Alongshore,Onshore,Alongshore,74.0,0.13793103448275862
2104,Scarborough Beach by clock tower,2022-05-11 15:00:00,Lyttelton,0.0,0.0,0.0,0.0,3.0,6.0,ebbing,deep,sandy,6,urban,0,0,0,2.0,5.0,0.772258062,1.769688597,4.096150158,2.6,2.2,50.3160186,43.87056469,345.9628286,212,-43.57283557,172.7704561,5,19,2,0,15,0,Onshore,Onshore,Alongshore,55.8,0.13333333333333333
2105,Scarborough Beach by clock tower,2022-06-03 16:00:00,Lyttelton,0.0,0.2,0.6,2.6,2.6,5.8,incoming,deep,sandy,6,urban,0,0,0,1.0,6.0,16.36666516,17.5260622,18.68308868,-3.9,2.2,244.5272681,246.5863721,247.3572909,212,-43.57283557,172.7704561,6,22,4,0,16,1,Offshore,Offshore,Offshore,39.6,0.12903225806451613
2106,Scarborough Beach by clock tower,2022-07-07 15:00:00,Lyttelton,,,,,,,ebbing,deep,sandy,6,urban,0,0,0,,0.0,,,,4.2,2.2,,,,212,-43.57283557,172.7704561,7,27,3,0,15,0,Unknown,Unknown,Unknown,29.0,0.125
2107,Scarborough Beach by clock tower,2022-08-12 16:00:00,Lyttelton,,,,,,,incoming,deep,sandy,6,urban,0,0,0,,0.0,,,,-0.5,2.6,,,,212,-43.57283557,172.7704561,8,32,4,0,16,0,Unknown,Unknown,Unknown,36.2,0.12121212121212122
2108,Scarborough Beach by clock tower,2022-09-07 15:00:00,Lyttelton,0.0,0.0,0.0,0.0,3.6,3.6,ebbing,deep,sandy,6,urban,0,0,0,1.4,7.0,0.777007821,4.848464938,7.762933434,1.5,2.4,96.0812506,96.44381917,134.3413585,212,-43.57283557,172.7704561,9,36,2,0,15,0,Alongshore,Alongshore,Alongshore,13.2,0.11764705882352941
2109,Sumner Beach Surf club,2013-11-22 09:00:00,Lyttelton,0.2,1.2,1.2,6.0,6.0,6.0,ebbing,deep,sandy,5,urban,0,0,0,2.4,7.0,4.820746838,6.744855421,10.19288102,1.8,2.3,51.20854926,44.82674201,40.675394,208,-43.56519972,172.7572356,11,47,4,0,9,0,Onshore,Onshore,Onshore,,0.0
2110,Sumner Beach Surf club,2013-11-27 12:00:00,Lyttelton,0.4,0.4,0.8,0.8,17.6,17.6,ebbing,deep,sandy,5,urban,0,0,0,2.8,20.0,5.134291254,9.782689903,11.46143715,0.7,2.2,51.29954226,51.39537841,51.30419065,208,-43.56519972,172.7572356,11,48,2,0,12,0,Onshore,Onshore,Onshore,20.0,0.0
2111,Sumner Beach Surf club,2013-12-04 08:00:00,Lyttelton,0.0,0.0,0.0,0.0,0.0,0.0,ebbing,deep,sandy,5,urban,0,0,0,0.0,0.0,8.028135319,8.628181675,5.581519845,2.8,2.6,221.2106705,218.3034521,227.0273983,208,-43.56519972,172.7572356,12,49,2,0,8,0,Offshore,Offshore,Offshore,15.0,0.0
2112,Sumner Beach Surf club,2013-12-11 14:00:00,Lyttelton,0.0,0.4,0.4,0.4,2.6,4.2,ebbing,deep,sandy,5,urban,0,0,0,1.2,5.0,4.136372327,4.221857754,10.17750919,2.0,2.5,69.50356419,68.62509043,49.75047682,208,-43.56519972,172.7572356,12,50,2,0,14,0,Onshore,Onshore,Onshore,20.0,0.0
2113,Sumner Beach Surf club,2013-12-18 09:00:00,Lyttelton,0.0,0.0,0.4,2.0,4.8,4.8,ebbing,deep,sandy,5,urban,0,0,0,1.8,7.0,6.125178568,7.184727679,7.274622531,3.5,2.3,31.56768481,27.89730806,30.9677476,208,-43.56519972,172.7572356,12,51,2,0,9,0,Onshore,Onshore,Onshore,20.0,0.0
2114,Sumner Beach Surf club,2013-12-23 10:00:00,Lyttelton,0.0,0.0,0.0,0.0,1.8,1.8,ebbing,deep,sandy,5,urban,0,0,0,0.8,3.0,7.169716672,8.157379622,8.737166394,1.4,2.2,49.19243711,36.31352143,32.87300828,208,-43.56519972,172.7572356,12,52,0,0,10,1,Onshore,Onshore,Onshore,17.0,0.0
2115,Sumner Beach Surf club,2014-01-08 11:00:00,Lyttelton,0.0,0.0,0.0,0.0,0.6,0.6,ebbing,deep,sandy,5,urban,0,0,0,0.6,1.0,8.189992938,10.14345572,17.42113219,1.2,2.5,199.6450041,203.9094337,245.8696431,208,-43.56519972,172.7572356,1,2,2,0,11,0,Offshore,Offshore,Offshore,14.0,0.0
2116,Sumner Beach Surf club,2014-01-15 07:00:00,Lyttelton,0.0,0.0,0.0,0.0,0.0,0.0,ebbing,deep,sandy,5,urban,0,0,0,0.0,0.0,3.485398007,3.67163637,5.217552867,2.9,2.3,20.66731707,1.978481483,316.7826995,208,-43.56519972,172.7572356,1,3,2,0,7,0,Onshore,Onshore,Alongshore,14.0,0.0
2117,Sumner Beach Surf club,2014-01-22 10:00:00,Lyttelton,0.0,0.0,0.0,0.0,13.8,13.8,ebbing,deep,sandy,5,urban,0,0,0,3.6,13.0,6.546932463,7.476088441,9.227769987,1.8,2.2,56.58253115,49.25991932,40.76043328,208,-43.56519972,172.7572356,1,4,2,0,10,0,Onshore,Onshore,Onshore,18.4,0.0
2118,Sumner Beach Surf club,2014-01-30 06:00:00,Lyttelton,0.0,0.0,0.0,0.0,0.0,1.0,ebbing,deep,sandy,5,urban,0,0,0,0.0,0.0,11.81378578,10.04579245,7.714634741,2.7,2.6,47.02211822,47.22422965,49.5591526,208,-43.56519972,172.7572356,1,5,3,0,6,0,Onshore,Onshore,Onshore,15.4,0.0
2119,Sumner Beach Surf club,2014-02-04 10:00:00,Lyttelton,0.0,0.0,0.0,0.0,0.0,0.0,ebbing,deep,sandy,5,urban,0,0,0,0.0,0.0,9.359289168,9.393562882,9.752508598,2.5,2.6,61.72291156,51.24834182,47.02517069,208,-43.56519972,172.7572356,2,6,1,0,10,1,Onshore,Onshore,Onshore,15.4,0.0
2120,Sumner Beach Surf club,2014-02-12 13:00:00,Lyttelton,0.0,0.0,0.0,0.0,0.0,0.0,incoming,deep,sandy,5,urban,0,0,0,0.0,0.0,5.544656184,9.585703182,11.58137198,-1.8,2.2,213.5294265,214.9547073,221.8702544,208,-43.56519972,172.7572356,2,7,2,0,13,0,Offshore,Offshore,Offshore,15.4,0.0
2121,Sumner Beach Surf club,2014-02-19 10:00:00,Lyttelton,0.0,0.0,0.0,0.0,0.0,0.0,ebbing,deep,sandy,5,urban,0,0,0,0.0,0.0,2.218912982,6.084056636,6.135353939,2.9,2.2,34.91174979,29.52470515,356.5420688,208,-43.56519972,172.7572356,2,8,2,0,10,0,Onshore,Onshore,Onshore,14.4,0.0
2122,Sumner Beach Surf club,2014-02-26 14:00:00,Lyttelton,0.0,0.0,0.0,0.0,0.0,2.0,ebbing,deep,sandy,5,urban,0,0,0,0.0,0.0,12.02268166,12.96244089,13.41619552,1.0,2.4,38.33517872,36.07082892,35.54949178,208,-43.56519972,172.7572356,2,9,2,0,14,0,Onshore,Onshore,Onshore,5.0,0.0
2123,Sumner Beach Surf club,2014-03-03 08:00:00,Lyttelton,7.4,8.8,8.8,8.8,8.8,28.0,ebbing,deep,sandy,5,urban,0,0,0,5.2,4.0,10.56955342,16.7000925,17.93909602,2.6,2.6,223.9926935,222.3327576,249.006919,208,-43.56519972,172.7572356,3,10,0,0,8,0,Offshore,Offshore,Offshore,5.0,0.0
2124,Sumner Beach Surf club,2014-11-17 14:00:00,Lyttelton,0.0,0.0,0.0,0.0,0.0,0.0,ebbing,deep,sandy,5,urban,0,0,0,0.0,0.0,9.635800364,9.899850617,9.572573743,1.9,2.2,53.77197496,45.91475381,40.90648965,208,-43.56519972,172.7572356,11,47,0,0,14,0,Onshore,Onshore,Onshore,,0.0
2125,Sumner Beach Surf club,2014-11-26 10:00:00,Lyttelton,0.0,0.0,0.0,1.6,1.6,1.6,ebbing,deep,sandy,5,urban,0,0,0,1.0,2.0,9.905197985,14.44448529,6.607416005,3.0,2.5,247.3743417,274.3695255,293.1649329,208,-43.56519972,172.7572356,11,48,2,0,10,0,Offshore,Alongshore,Alongshore,5.0,0.0
2126,Sumner Beach Surf club,2014-12-03 12:00:00,Lyttelton,0.0,0.0,0.0,0.0,1.2,12.8,incoming,deep,sandy,5,urban,0,0,0,0.6,3.0,6.484462971,9.284046219,10.2272638,-1.4,2.4,60.7037801,55.05742525,45.08351097,208,-43.56519972,172.7572356,12,49,2,0,12,0,Onshore,Onshore,Onshore,39.5,0.0
2127,Sumner Beach Surf club,2014-12-10 10:00:00,Lyttelton,0.2,0.2,0.2,0.2,0.2,0.2,ebbing,deep,sandy,5,urban,0,0,0,0.2,1.0,12.22911188,20.10071768,16.90338078,3.0,2.4,213.3029503,213.9960756,217.1881106,208,-43.56519972,172.7572356,12,50,2,0,10,0,Offshore,Offshore,Offshore,29.666666666666668,0.0
2128,Sumner Beach Surf club,2014-12-17 13:00:00,Lyttelton,0.0,0.0,0.0,0.0,0.0,0.0,ebbing,deep,sandy,5,urban,0,0,0,0.0,0.0,15.81765611,15.95140228,17.39298522,0.7,2.2,44.16478416,45.94655762,45.76919754,208,-43.56519972,172.7572356,12,51,2,0,13,0,Onshore,Onshore,Onshore,30.0,0.0
2129,Sumner Beach Surf club,2014-12-23 08:00:00,Lyttelton,0.0,0.0,0.0,0.0,7.4,7.4,ebbing,deep,sandy,5,urban,0,0,0,3.4,7.0,4.177032026,2.065955217,1.972524678,2.6,2.5,51.05377531,60.76747674,46.07935227,208,-43.56519972,172.7572356,12,52,1,0,8,1,Onshore,Onshore,Onshore,26.0,0.0
2130,Sumner Beach Surf club,2015-01-07 09:00:00,Lyttelton,0.0,0.0,0.0,0.0,0.0,0.0,ebbing,deep,sandy,5,urban,0,0,0,0.0,0.0,3.700237244,2.153670059,0.184840121,3.0,2.4,254.2321106,1.421239657,21.49350851,208,-43.56519972,172.7572356,1,2,2,0,9,0,Alongshore,Onshore,Onshore,26.0,0.0
2131,Sumner Beach Surf club,2015-01-14 11:00:00,Lyttelton,0.4,15.6,15.6,15.8,16.0,16.0,incoming,deep,sandy,5,urban,0,0,0,5.8,6.0,2.023737574,1.836713636,6.962528089,-0.1,2.2,43.94276539,35.65200007,45.8594191,208,-43.56519972,172.7572356,1,3,2,0,11,0,Onshore,Onshore,Onshore,12.2,0.0
2132,Sumner Beach Surf club,2015-01-21 07:00:00,Lyttelton,0.0,0.4,0.4,0.4,0.4,0.4,ebbing,deep,sandy,5,urban,0,0,0,0.2,2.0,3.768584484,1.628858743,1.448924102,2.7,2.6,346.9743949,299.9983547,324.1094601,208,-43.56519972,172.7572356,1,4,2,0,7,0,Onshore,Alongshore,Alongshore,14.2,0.0
2133,Sumner Beach Surf club,2015-01-28 13:00:00,Lyttelton,0.0,0.2,0.2,0.2,0.2,0.2,ebbing,deep,sandy,5,urban,0,0,0,0.2,1.0,7.045507943,7.626518796,8.432187143,1.6,2.4,53.67190703,52.46597021,47.8763948,208,-43.56519972,172.7572356,1,5,2,0,13,0,Onshore,Onshore,Onshore,9.0,0.0
2134,Sumner Beach Surf club,2015-02-04 08:00:00,Lyttelton,0.0,0.0,0.0,0.0,0.0,0.0,ebbing,deep,sandy,5,urban,0,0,0,0.0,0.0,9.681492075,8.924746972,8.494225338,2.9,2.3,3.287568407,10.37027712,21.50777145,208,-43.56519972,172.7572356,2,6,2,0,8,1,Onshore,Onshore,Onshore,8.0,0.0
2135,Sumner Beach Surf club,2015-02-11 11:00:00,Lyttelton,0.0,0.0,0.0,0.0,0.0,0.0,ebbing,deep,sandy,5,urban,0,0,0,0.0,0.0,5.390607659,7.05384362,8.529298841,1.6,2.1,67.12898578,57.90846284,45.57365438,208,-43.56519972,172.7572356,2,7,2,0,11,0,Onshore,Onshore,Onshore,9.0,0.0
2136,Sumner Beach Surf club,2015-02-18 07:00:00,Lyttelton,0.0,0.0,0.0,0.0,0.0,0.0,ebbing,deep,sandy,5,urban,0,0,0,0.0,0.0,9.038224337,6.678350979,3.289241874,4.2,2.6,15.43957612,37.80052253,40.43516156,208,-43.56519972,172.7572356,2,8,2,0,7,0,Onshore,Onshore,Onshore,9.0,0.0
2137,Sumner Beach Surf club,2015-02-25 10:00:00,Lyttelton,0.0,0.0,0.0,0.0,0.0,0.8,ebbing,deep,sandy,5,urban,0,0,0,0.0,0.0,1.212147805,1.348603845,2.140503319,0.5,2.5,226.9251693,250.0917952,292.7462478,208,-43.56519972,172.7572356,2,9,2,0,10,0,Offshore,Offshore,Alongshore,6.0,0.0
2138,Sumner Beach Surf club,2015-03-04 06:00:00,Lyttelton,0.0,0.0,0.0,0.0,0.8,0.8,ebbing,deep,sandy,5,urban,0,0,0,0.4,2.0,0.939104969,6.054356822,8.891256342,2.7,2.3,238.9834057,234.8807148,11.09606891,208,-43.56519972,172.7572356,3,10,2,0,6,0,Offshore,Offshore,Onshore,26.8,0.0
2139,Sumner Beach Surf club,2015-11-16 11:00:00,Lyttelton,0.0,0.0,0.0,0.0,0.0,0.0,ebbing,deep,sandy,5,urban,0,0,0,0.0,0.0,9.550217877,14.57060187,14.68723959,3.1,2.3,72.73591621,67.83415132,51.03572598,208,-43.56519972,172.7572356,11,47,0,0,11,0,Onshore,Onshore,Onshore,,0.0
2140,Sumner Beach Surf club,2015-11-25 16:00:00,Lyttelton,0.0,0.0,0.0,0.0,0.0,0.0,ebbing,deep,sandy,5,urban,0,0,0,0.0,0.0,10.08423519,15.03661996,19.44892726,0.7,2.5,73.28294641,72.23950528,72.52551419,208,-43.56519972,172.7572356,11,48,2,0,16,0,Alongshore,Onshore,Onshore,5.0,0.0
2141,Sumner Beach Surf club,2015-12-02 12:00:00,Lyttelton,0.0,0.0,0.0,0.0,0.0,0.0,ebbing,deep,sandy,5,urban,0,0,0,0.0,0.0,8.89446017,10.00679699,13.3596835,2.2,2.4,75.88680355,72.655981,82.53644616,208,-43.56519972,172.7572356,12,49,2,0,12,0,Alongshore,Onshore,Alongshore,7.5,0.0
2142,Sumner Beach Surf club,2015-12-09 17:00:00,Lyttelton,0.0,0.0,0.0,0.0,0.2,1.4,ebbing,deep,sandy,5,urban,0,0,0,0.2,1.0,4.559850276,16.81958161,18.52760451,1.7,2.2,72.03047877,72.24308105,56.3251113,208,-43.56519972,172.7572356,12,50,2,0,17,0,Onshore,Onshore,Onshore,6.666666666666667,0.0
2143,Sumner Beach Surf club,2015-12-16 11:00:00,Lyttelton,0.6,0.6,5.2,5.2,5.2,13.4,ebbing,deep,sandy,5,urban,0,0,0,1.2,6.0,4.135140265,4.277616758,4.498493194,3.1,2.5,281.1172447,285.9941062,275.614651,208,-43.56519972,172.7572356,12,51,2,0,11,0,Alongshore,Alongshore,Alongshore,6.25,0.0
2144,Sumner Beach Surf club,2015-12-21 15:00:00,Lyttelton,0.0,0.0,0.0,0.0,0.0,0.0,ebbing,deep,sandy,5,urban,0,0,0,0.0,0.0,6.091573056,14.01026323,16.22262136,2.2,2.4,75.99470894,81.13493602,81.96789404,208,-43.56519972,172.7572356,12,52,0,0,15,1,Alongshore,Alongshore,Alongshore,6.0,0.0
2145,Sumner Beach Surf club,2015-12-29 04:00:00,Lyttelton,0.0,0.0,0.0,0.0,0.0,0.0,incoming,deep,sandy,5,urban,0,0,0,0.0,0.0,14.44535614,9.448866632,4.687620789,-2.8,2.5,74.01864196,61.54162858,64.9245733,208,-43.56519972,172.7572356,12,53,1,0,4,1,Alongshore,Onshore,Onshore,7.0,0.0
2146,Sumner Beach Surf club,2016-01-07 16:00:00,Lyttelton,0.0,0.0,0.0,0.0,0.0,0.0,ebbing,deep,sandy,5,urban,0,0,0,0.0,0.0,4.771943493,6.263001089,18.06774413,2.0,2.2,70.27026391,84.42754645,240.1987563,208,-43.56519972,172.7572356,1,1,3,0,16,0,Onshore,Alongshore,Offshore,6.0,0.0
2147,Sumner Beach Surf club,2016-01-13 10:00:00,Lyttelton,0.0,0.0,0.0,0.0,0.0,0.0,ebbing,deep,sandy,5,urban,0,0,0,0.0,0.0,9.037666294,16.01140754,16.41586987,2.9,2.5,240.7146011,241.6914605,248.6598888,208,-43.56519972,172.7572356,1,2,2,0,10,0,Offshore,Offshore,Offshore,6.0,0.0
2148,Sumner Beach Surf club,2016-01-20 14:00:00,Lyttelton,0.0,0.0,0.0,0.0,7.0,9.6,ebbing,deep,sandy,5,urban,0,0,0,2.8,8.0,9.81498615,17.27464079,20.1326348,0.8,2.4,76.35098993,75.14296129,70.13264142,208,-43.56519972,172.7572356,1,3,2,0,14,0,Alongshore,Alongshore,Onshore,6.0,0.0
2149,Sumner Beach Surf club,2016-01-27 10:00:00,Lyttelton,0.0,0.8,0.8,0.8,0.8,0.8,ebbing,deep,sandy,5,urban,0,0,0,0.6,2.0,15.40123225,14.96615693,14.4895643,3.0,2.4,249.0847837,253.5189992,259.3854536,208,-43.56519972,172.7572356,1,4,2,0,10,0,Offshore,Alongshore,Alongshore,22.2,0.0
2150,Sumner Beach Surf club,2016-02-03 13:00:00,Lyttelton,0.0,0.0,0.0,0.0,0.0,0.0,ebbing,deep,sandy,5,urban,0,0,0,0.0,0.0,13.19289728,17.11390018,20.19794739,0.5,2.1,70.05280797,65.2365638,65.02825681,208,-43.56519972,172.7572356,2,5,2,0,13,1,Onshore,Onshore,Onshore,22.2,0.0
2151,Sumner Beach Surf club,2016-02-11 09:00:00,Lyttelton,0.0,0.0,0.0,0.0,0.0,0.0,ebbing,deep,sandy,5,urban,0,0,0,0.0,0.0,5.609699499,9.775487827,11.89068288,3.0,2.6,254.9815686,259.337844,270.7193032,208,-43.56519972,172.7572356,2,6,3,0,9,0,Alongshore,Alongshore,Alongshore,22.2,0.0
2152,Sumner Beach Surf club,2016-02-17 14:00:00,Lyttelton,0.0,0.2,0.2,0.2,0.2,0.2,ebbing,deep,sandy,5,urban,0,0,0,0.2,1.0,14.03416227,16.98865178,17.29271821,1.6,2.4,54.30078222,58.6441732,57.28183724,208,-43.56519972,172.7572356,2,7,2,0,14,0,Onshore,Onshore,Onshore,22.2,0.0
2153,Sumner Beach Surf club,2016-02-24 08:00:00,Lyttelton,0.0,0.0,0.0,0.0,0.0,0.0,ebbing,deep,sandy,5,urban,0,0,0,0.0,0.0,13.72607772,13.95030409,13.04125054,2.8,2.3,69.10752838,70.6919728,69.01052819,208,-43.56519972,172.7572356,2,8,2,0,8,0,Onshore,Onshore,Onshore,25.2,0.0
2154,Sumner Beach Surf club,2016-11-23 13:00:00,Lyttelton,0.0,0.0,0.0,0.0,0.0,0.0,ebbing,deep,sandy,5,urban,0,0,0,0.0,0.0,3.434800653,2.969065354,6.872933305,1.1,2.4,70.31893528,55.45657612,262.1342345,208,-43.56519972,172.7572356,11,47,2,0,13,0,Onshore,Onshore,Alongshore,,0.0
2155,Sumner Beach Surf club,2016-11-30 08:00:00,Lyttelton,0.2,0.2,0.2,0.2,0.2,0.2,ebbing,deep,sandy,5,urban,0,0,0,0.2,1.0,6.1172589,8.926751007,9.654808702,2.8,2.3,265.5489849,265.0473345,282.2320816,208,-43.56519972,172.7572356,11,48,2,0,8,0,Alongshore,Alongshore,Alongshore,5.0,0.0
2156,Sumner Beach Surf club,2016-12-07 11:00:00,Lyttelton,0.0,0.0,0.0,0.0,0.0,0.0,ebbing,deep,sandy,5,urban,0,0,0,0.0,0.0,1.745534099,4.364337694,5.377046672,1.1,2.3,262.161617,256.6095175,223.9634385,208,-43.56519972,172.7572356,12,49,2,0,11,0,Alongshore,Alongshore,Offshore,5.0,0.0
2157,Sumner Beach Surf club,2016-12-14 07:00:00,Lyttelton,0.0,0.0,0.0,0.0,4.6,8.4,ebbing,deep,sandy,5,urban,0,0,0,1.4,8.0,0.932976391,3.246019581,2.701003684,2.8,2.7,238.5863053,243.5284317,57.83778436,208,-43.56519972,172.7572356,12,50,2,0,7,0,Offshore,Offshore,Onshore,5.0,0.0
2158,Sumner Beach Surf club,2016-12-22 13:00:00,Lyttelton,0.4,0.4,0.4,0.4,0.4,0.4,ebbing,deep,sandy,5,urban,0,0,0,0.4,1.0,6.99669276,6.291688782,8.909464566,2.1,2.3,290.520607,310.9470274,5.356630963,208,-43.56519972,172.7572356,12,51,3,0,13,1,Alongshore,Alongshore,Onshore,5.0,0.0
2159,Sumner Beach Surf club,2016-12-29 09:00:00,Lyttelton,0.2,0.4,0.4,0.4,0.4,0.4,ebbing,deep,sandy,5,urban,0,0,0,0.2,2.0,1.375202297,4.886005817,5.417764369,4.1,2.3,286.6158653,258.1357572,68.92250928,208,-43.56519972,172.7572356,12,52,3,0,9,1,Alongshore,Alongshore,Onshore,5.0,0.0
2160,Sumner Beach Surf club,2017-01-06 12:00:00,Lyttelton,0.0,0.0,0.0,0.0,1.8,7.2,ebbing,deep,sandy,5,urban,0,0,0,1.2,2.0,9.967562254,6.482659871,6.253041358,1.6,2.4,76.94503662,75.8329752,65.62416082,208,-43.56519972,172.7572356,1,1,4,0,12,0,Alongshore,Alongshore,Onshore,5.0,0.0
2161,Sumner Beach Surf club,2017-01-11 07:00:00,Lyttelton,0.0,0.0,0.0,0.0,0.0,0.0,ebbing,deep,sandy,5,urban,0,0,0,0.0,0.0,11.03782895,3.451427005,2.384446665,4.4,2.6,255.0515263,55.91303708,75.19406059,208,-43.56519972,172.7572356,1,2,2,0,7,0,Alongshore,Onshore,Alongshore,5.0,0.0
2162,Sumner Beach Surf club,2017-01-18 12:00:00,Lyttelton,0.4,0.4,0.4,0.4,0.6,0.6,ebbing,deep,sandy,5,urban,0,0,0,0.4,2.0,3.960604675,12.78432222,12.52985566,2.7,2.4,51.15437638,54.43671022,41.95925956,208,-43.56519972,172.7572356,1,3,2,0,12,0,Onshore,Onshore,Onshore,6.0,0.0
2163,Sumner Beach Surf club,2017-01-25 16:00:00,Lyttelton,0.0,0.0,0.0,0.0,0.0,3.4,ebbing,deep,sandy,5,urban,0,0,0,0.0,0.0,3.021070365,3.604386612,6.601053596,1.4,2.2,50.69384571,252.3819922,283.8991451,208,-43.56519972,172.7572356,1,4,2,0,16,0,Onshore,Offshore,Alongshore,6.0,0.0
2164,Sumner Beach Surf club,2017-02-01 10:00:00,Lyttelton,0.0,0.0,0.0,0.0,0.0,0.0,ebbing,deep,sandy,5,urban,0,0,0,0.0,0.0,7.840654537,10.63936795,19.72474793,2.6,2.4,268.2839825,262.4904888,327.8496738,208,-43.56519972,172.7572356,2,5,2,0,10,1,Alongshore,Alongshore,Alongshore,6.0,0.0
2165,Sumner Beach Surf club,2017-02-09 17:00:00,Lyttelton,0.0,0.0,0.0,0.0,0.2,0.2,ebbing,deep,sandy,5,urban,0,0,0,0.2,1.0,10.86111914,18.15237387,20.45733685,1.9,2.5,77.25255555,75.83022686,73.22772438,208,-43.56519972,172.7572356,2,6,3,0,17,1,Alongshore,Alongshore,Alongshore,6.0,0.0
2166,Sumner Beach Surf club,2017-02-15 10:00:00,Lyttelton,0.0,0.0,0.0,0.0,0.0,0.0,ebbing,deep,sandy,5,urban,0,0,0,0.0,0.0,4.450552646,4.806690863,5.517972265,1.9,2.4,253.2771684,260.4373504,269.18305,208,-43.56519972,172.7572356,2,7,2,0,10,0,Alongshore,Alongshore,Alongshore,6.0,0.0
2167,Sumner Beach Surf club,2017-02-22 16:00:00,Lyttelton,0.0,0.0,0.0,0.0,0.0,0.0,ebbing,deep,sandy,5,urban,0,0,0,0.0,0.0,8.668852479,15.29153306,12.01010985,2.5,2.1,274.59562,271.3372257,268.117854,208,-43.56519972,172.7572356,2,8,2,0,16,0,Alongshore,Alongshore,Alongshore,5.0,0.0
2168,Sumner Beach Surf club,2017-02-28 08:00:00,Lyttelton,0.0,0.0,0.0,0.0,1.2,1.2,ebbing,deep,sandy,5,urban,0,0,0,0.4,4.0,2.445639783,1.090168957,1.369458413,2.7,2.5,44.09092366,14.99698283,48.6452374,208,-43.56519972,172.7572356,2,9,1,0,8,0,Onshore,Onshore,Onshore,5.0,0.0
2169,Sumner Beach Surf club,2017-11-28 13:00:00,Lyttelton,0.0,0.0,0.0,0.0,0.0,0.0,ebbing,deep,sandy,5,urban,0,0,0,0.0,0.0,12.42330081,15.77623892,17.51579772,1.2,2.2,74.12289423,75.72870399,67.43426434,208,-43.56519972,172.7572356,11,48,1,0,13,0,Alongshore,Alongshore,Onshore,,0.0
2170,Sumner Beach Surf club,2017-12-04 13:00:00,Lyttelton,0.0,0.0,0.0,0.0,0.0,0.0,incoming,deep,sandy,5,urban,0,0,0,0.0,0.0,5.280261408,10.51748673,15.08610084,-3.4,2.5,77.36013631,79.68049995,79.12484276,208,-43.56519972,172.7572356,12,49,0,0,13,0,Alongshore,Alongshore,Alongshore,5.0,0.0
2171,Sumner Beach Surf club,2017-12-11 13:00:00,Lyttelton,0.0,0.0,0.0,0.0,0.0,0.0,ebbing,deep,sandy,5,urban,0,0,0,0.0,0.0,6.55451343,13.11585052,15.53789191,1.7,2.5,80.27940817,79.34103947,78.77100015,208,-43.56519972,172.7572356,12,50,0,0,13,0,Alongshore,Alongshore,Alongshore,28.5,0.0
2172,Sumner Beach Surf club,2017-12-18 07:00:00,Lyttelton,0.0,0.0,0.2,0.2,0.2,0.2,ebbing,deep,sandy,5,urban,0,0,0,0.2,1.0,17.3999716,19.64476486,17.73109437,2.6,2.3,237.4135686,234.6117458,239.2177044,208,-43.56519972,172.7572356,12,51,0,0,7,0,Offshore,Offshore,Offshore,20.666666666666668,0.0
2173,Sumner Beach Surf club,2017-12-28 15:00:00,Lyttelton,0.0,0.0,0.0,0.0,2.6,5.4,ebbing,deep,sandy,5,urban,0,0,0,1.0,6.0,7.27441834,8.601596378,8.287946297,2.8,2.3,254.9433446,241.3614982,240.482544,208,-43.56519972,172.7572356,12,52,3,0,15,1,Alongshore,Offshore,Offshore,16.75,0.0
2174,Sumner Beach Surf club,2018-01-03 08:00:00,Lyttelton,0.0,0.0,0.0,0.0,0.0,0.0,ebbing,deep,sandy,5,urban,0,0,0,0.0,0.0,6.195545384,1.641216492,4.05628076,2.6,2.7,263.9321895,13.36143216,53.41242763,208,-43.56519972,172.7572356,1,1,2,0,8,1,Alongshore,Onshore,Onshore,14.4,0.0
2175,Sumner Beach Surf club,2018-01-10 13:00:00,Lyttelton,1.6,2.0,3.0,3.0,3.0,3.0,ebbing,deep,sandy,5,urban,0,0,0,1.0,7.0,16.72589337,17.95236205,17.29687261,1.0,2.3,249.4789986,258.6684024,261.9345949,208,-43.56519972,172.7572356,1,2,2,0,13,0,Offshore,Alongshore,Alongshore,14.4,0.0
2176,Sumner Beach Surf club,2018-01-16 07:00:00,Lyttelton,0.0,0.0,0.0,0.0,0.0,0.0,ebbing,deep,sandy,5,urban,0,0,0,0.0,0.0,15.16368698,13.00835294,12.7185037,2.9,2.3,56.16320717,56.26555479,63.00087805,208,-43.56519972,172.7572356,1,3,1,0,7,0,Onshore,Onshore,Onshore,5.0,0.0
2177,Sumner Beach Surf club,2018-01-22 11:00:00,Lyttelton,0.0,0.0,0.0,0.0,0.0,0.0,ebbing,deep,sandy,5,urban,0,0,0,0.0,0.0,4.18566505,1.700621736,5.332635277,2.8,2.3,263.6249673,282.3132308,57.21787784,208,-43.56519972,172.7572356,1,4,0,0,11,0,Alongshore,Alongshore,Onshore,5.0,0.0
2178,Sumner Beach Surf club,2018-01-31 06:00:00,Lyttelton,0.0,0.0,0.0,0.0,0.0,0.0,ebbing,deep,sandy,5,urban,0,0,0,0.0,0.0,3.572204967,6.481633809,1.713830132,2.6,2.7,279.1867816,268.9020365,281.1626288,208,-43.56519972,172.7572356,1,5,2,0,6,1,Alongshore,Alongshore,Alongshore,6.0,0.0
2179,Sumner Beach Surf club,2018-02-02 09:00:00,Lyttelton,0.6,1.0,2.0,2.0,2.0,2.0,ebbing,deep,sandy,5,urban,0,0,0,0.6,7.0,21.31909861,21.67194777,22.07915957,3.6,2.7,238.2612022,242.0798864,245.6383566,208,-43.56519972,172.7572356,2,5,4,0,9,1,Offshore,Offshore,Offshore,87.8,0.09090909090909091
2180,Sumner Beach Surf club,2018-02-05 13:00:00,Lyttelton,0.0,0.0,0.0,0.0,0.0,1.4,ebbing,deep,sandy,5,urban,0,0,0,0.0,0.0,4.420578628,5.969269652,8.927354811,4.9,2.5,356.8404759,7.28120743,349.1942511,208,-43.56519972,172.7572356,2,6,0,0,13,1,Onshore,Onshore,Onshore,93.0,0.08333333333333333
2181,Sumner Beach Surf club,2018-02-12 13:00:00,Lyttelton,0.0,0.0,0.0,1.0,9.0,9.0,incoming,deep,sandy,5,urban,0,0,0,1.4,14.0,2.533846859,9.250969946,12.80251075,-0.9,2.2,77.82405576,76.09755595,87.33270003,208,-43.56519972,172.7572356,2,7,0,0,13,0,Alongshore,Alongshore,Alongshore,93.0,0.07692307692307693
2182,Sumner Beach Surf club,2018-02-26 14:00:00,Lyttelton,0.0,0.0,3.0,3.4,3.4,3.4,ebbing,deep,sandy,5,urban,0,0,0,1.2,6.0,15.91528049,18.94115536,19.62729854,0.9,2.4,221.1571134,218.7899715,232.4382439,208,-43.56519972,172.7572356,2,9,0,0,14,0,Offshore,Offshore,Offshore,93.0,0.07142857142857142
2183,Sumner Beach Surf club,2018-03-05 10:00:00,Lyttelton,0.0,0.0,0.0,0.0,0.0,0.0,ebbing,deep,sandy,5,urban,0,0,0,0.0,0.0,10.87184077,16.13920478,14.23077156,2.9,2.5,254.9096383,261.4439384,259.1786943,208,-43.56519972,172.7572356,3,10,0,0,10,0,Alongshore,Alongshore,Alongshore,92.0,0.06666666666666667
2184,Sumner Beach Surf club,2018-03-12 12:00:00,Lyttelton,0.0,0.0,0.0,0.0,0.0,0.0,incoming,deep,sandy,5,urban,0,0,0,0.0,0.0,1.686590183,1.653237518,2.413869591,-1.1,2.1,92.56302572,245.7401437,41.88301146,208,-43.56519972,172.7572356,3,11,0,0,12,0,Alongshore,Offshore,Onshore,10.2,0.0625
2185,Sumner Beach Surf club,2018-11-12 10:00:00,Lyttelton,0.0,0.0,0.0,0.0,0.0,6.6,ebbing,deep,sandy,5,urban,0,0,0,0.0,0.0,9.648755039,5.198294176,6.005659796,2.1,2.3,81.47172272,77.40091475,76.67747124,208,-43.56519972,172.7572356,11,46,0,0,10,0,Alongshore,Alongshore,Alongshore,,0.0
2186,Sumner Beach Surf club,2018-11-20 16:00:00,Lyttelton,5.4,12.8,12.8,12.8,14.0,14.0,ebbing,deep,sandy,5,urban,0,0,0,3.8,10.0,12.23676039,16.64089688,11.12869298,1.7,2.2,294.2775178,258.3526004,259.1173291,208,-43.56519972,172.7572356,11,47,1,0,16,0,Alongshore,Alongshore,Alongshore,5.0,0.0
2187,Sumner Beach Surf club,2018-11-22 16:00:00,Lyttelton,0.0,0.0,0.0,0.0,0.2,13.0,ebbing,deep,sandy,5,urban,0,0,0,0.2,1.0,14.67916157,16.36062264,15.93280338,0.9,2.3,72.67782821,75.74066477,71.10957635,208,-43.56519972,172.7572356,11,47,3,0,16,0,Onshore,Alongshore,Onshore,75.5,0.0
2188,Sumner Beach Surf club,2018-11-28 12:00:00,Lyttelton,0.0,0.2,0.2,3.6,3.6,4.4,ebbing,deep,sandy,5,urban,0,0,0,1.6,9.0,0.439623714,2.32829248,6.082536869,3.3,2.6,64.77347456,71.83328301,7.033140526,208,-43.56519972,172.7572356,11,48,2,0,12,0,Onshore,Onshore,Onshore,52.0,0.0
2189,Sumner Beach Surf club,2018-12-06 06:00:00,Lyttelton,0.0,0.0,0.2,2.2,3.2,3.4,ebbing,deep,sandy,5,urban,0,0,0,0.8,10.0,10.93926924,13.33518249,13.08861682,2.9,2.4,258.9495631,250.0685294,255.6765049,208,-43.56519972,172.7572356,12,49,3,0,6,0,Alongshore,Offshore,Alongshore,40.25,0.0
2190,Sumner Beach Surf club,2018-12-13 11:00:00,Lyttelton,0.0,0.0,0.0,0.0,7.0,7.0,ebbing,deep,sandy,5,urban,0,0,0,1.4,14.0,2.458821415,3.142685398,3.591304495,2.2,2.2,230.2769516,243.6338893,245.2718393,208,-43.56519972,172.7572356,12,50,3,0,11,0,Offshore,Offshore,Offshore,34.2,0.0
2191,Sumner Beach Surf club,2018-12-19 15:00:00,Lyttelton,0.2,1.6,3.0,4.8,4.8,4.8,ebbing,deep,sandy,5,urban,0,0,0,0.8,14.0,6.041950119,4.49052038,2.823589114,1.7,2.2,283.3275862,266.5314353,266.5053927,208,-43.56519972,172.7572356,12,51,2,0,15,0,Alongshore,Alongshore,Alongshore,34.2,0.0
2192,Sumner Beach Surf club,2018-12-27 11:00:00,Lyttelton,0.0,0.0,0.0,0.0,0.2,0.4,ebbing,deep,sandy,5,urban,0,0,0,0.2,1.0,8.792742396,8.928234438,11.69943935,3.0,2.7,70.79533671,62.60308959,62.40042146,208,-43.56519972,172.7572356,12,52,3,0,11,1,Onshore,Onshore,Onshore,19.8,0.0
2193,Sumner Beach Surf club,2019-01-07 08:00:00,Lyttelton,0.0,0.2,5.8,6.2,6.2,6.2,ebbing,deep,sandy,5,urban,0,0,0,3.0,8.0,4.188367269,7.825367756,9.897620599,3.0,2.3,46.39054176,42.5353761,39.70636586,208,-43.56519972,172.7572356,1,2,0,0,8,0,Onshore,Onshore,Onshore,22.8,0.0
2194,Sumner Beach Surf club,2019-01-14 12:00:00,Lyttelton,3.8,12.6,13.2,14.2,14.2,15.4,ebbing,deep,sandy,5,urban,0,0,0,5.2,11.0,25.64526588,25.85810052,25.07829014,1.5,2.2,237.4809061,240.9692297,239.8301746,208,-43.56519972,172.7572356,1,3,0,0,12,0,Offshore,Offshore,Offshore,23.8,0.0
2195,Sumner Beach Surf club,2019-01-16 13:00:00,Lyttelton,0.0,0.0,0.0,0.0,0.0,14.2,ebbing,deep,sandy,5,urban,0,0,0,0.0,0.0,5.495915977,13.33596922,15.82647197,0.9,2.2,79.41909734,79.88422532,75.91798068,208,-43.56519972,172.7572356,1,3,2,0,13,0,Alongshore,Alongshore,Alongshore,100.4,0.09090909090909091
2196,Sumner Beach Surf club,2019-01-23 08:00:00,Lyttelton,0.0,0.0,0.0,0.2,0.2,0.2,ebbing,deep,sandy,5,urban,0,0,0,0.2,1.0,2.609479047,4.682243911,4.233110737,1.9,2.7,81.81505773,86.57427227,28.5642411,208,-43.56519972,172.7572356,1,4,2,0,8,0,Alongshore,Alongshore,Onshore,100.4,0.08333333333333333
2197,Sumner Beach Surf club,2019-01-24 17:00:00,Lyttelton,0.0,0.0,0.0,3.0,3.2,3.2,incoming,deep,sandy,5,urban,0,0,0,1.8,5.0,2.587474986,12.20297775,18.15100363,-2.3,2.6,68.57397378,69.73967896,95.40359513,208,-43.56519972,172.7572356,1,4,3,0,17,0,Onshore,Onshore,Alongshore,117.6,0.07692307692307693
2198,Sumner Beach Surf club,2019-01-28 12:00:00,Lyttelton,0.0,0.0,0.0,0.0,0.0,0.0,ebbing,deep,sandy,5,urban,0,0,0,0.0,0.0,1.120288448,2.637619082,4.040551133,1.1,2.5,84.03657764,287.3434307,65.32596567,208,-43.56519972,172.7572356,1,5,0,0,12,0,Alongshore,Alongshore,Onshore,119.8,0.07142857142857142
2199,Sumner Beach Surf club,2019-02-04 07:00:00,Lyttelton,0.0,0.0,0.0,0.0,0.0,0.0,ebbing,deep,sandy,5,urban,0,0,0,0.0,0.0,6.933546753,2.135325134,1.73065922,2.9,2.3,273.4031566,326.6118023,53.91268197,208,-43.56519972,172.7572356,2,6,0,0,7,1,Alongshore,Alongshore,Onshore,118.8,0.06666666666666667
2200,Sumner Beach Surf club,2019-02-11 12:00:00,Lyttelton,0.0,0.0,0.0,0.0,0.0,0.0,ebbing,deep,sandy,5,urban,0,0,0,0.0,0.0,7.831314933,12.23320206,15.76260972,2.9,2.2,78.34668729,72.15609684,67.4989203,208,-43.56519972,172.7572356,2,7,0,0,12,0,Alongshore,Onshore,Onshore,41.2,0.0625
2201,Sumner Beach Surf club,2019-02-21 09:00:00,Lyttelton,0.0,0.0,0.0,0.0,0.0,0.0,ebbing,deep,sandy,5,urban,0,0,0,0.0,0.0,3.633314566,5.157672279,9.641312762,3.2,2.7,75.12104318,72.15350863,68.26472286,208,-43.56519972,172.7572356,2,8,3,0,9,0,Alongshore,Onshore,Onshore,41.2,0.058823529411764705
2202,Sumner Beach Surf club,2019-02-27 13:00:00,Lyttelton,0.0,0.0,0.0,0.0,0.0,1.4,ebbing,deep,sandy,5,urban,0,0,0,0.0,0.0,2.945737246,2.979008832,5.732552689,2.0,2.3,78.67438905,312.5137563,302.8711428,208,-43.56519972,172.7572356,2,9,2,0,13,0,Alongshore,Alongshore,Alongshore,10.2,0.05555555555555555
2203,Sumner Beach Surf club,2019-11-28 09:00:00,Lyttelton,0.0,0.0,0.0,0.0,0.0,0.0,ebbing,deep,sandy,5,urban,0,0,0,0.0,0.0,6.17692732,4.868679266,5.345557083,3.3,2.6,83.48941366,111.0963243,88.49406785,208,-43.56519972,172.7572356,11,48,3,0,9,0,Alongshore,Alongshore,Alongshore,,0.0
2204,Sumner Beach Surf club,2019-12-04 12:00:00,Lyttelton,0.0,0.0,0.0,0.0,0.0,0.0,ebbing,deep,sandy,5,urban,0,0,0,0.0,0.0,7.749876129,9.465780192,10.29100071,1.4,2.2,88.01525969,71.22752375,65.12805643,208,-43.56519972,172.7572356,12,49,2,0,12,0,Alongshore,Onshore,Onshore,5.0,0.0
2205,Sumner Beach Surf club,2019-12-12 07:00:00,Lyttelton,0.0,0.0,0.0,0.0,0.0,0.0,ebbing,deep,sandy,5,urban,0,0,0,0.0,0.0,4.42571362,1.736042516,5.943680307,3.2,2.3,71.18910805,62.49536262,67.13756002,208,-43.56519972,172.7572356,12,50,3,0,7,0,Onshore,Onshore,Onshore,5.0,0.0
2206,Sumner Beach Surf club,2019-12-19 12:00:00,Lyttelton,0.0,0.0,0.0,0.0,18.0,22.8,ebbing,deep,sandy,5,urban,0,0,0,2.8,21.0,5.547167335,2.223974199,1.232666539,1.6,2.5,15.03909103,74.13554273,72.19596431,208,-43.56519972,172.7572356,12,51,3,0,12,0,Onshore,Alongshore,Onshore,6.666666666666667,0.0
2207,Sumner Beach Surf club,2019-12-29 10:00:00,Lyttelton,0.0,0.0,0.0,0.0,0.0,0.0,ebbing,deep,sandy,5,urban,0,0,0,0.0,0.0,5.115335796,10.35932118,12.56136667,3.3,2.4,92.47761449,82.03410308,67.19733344,208,-43.56519972,172.7572356,12,52,6,1,10,1,Alongshore,Alongshore,Onshore,10.0,0.0
2208,Sumner Beach Surf club,2020-01-09 06:00:00,Lyttelton,0.0,0.0,0.0,0.0,0.4,0.4,ebbing,deep,sandy,5,urban,0,0,0,0.4,1.0,8.270370643,6.650324639,6.155972201,3.3,2.3,57.57189935,58.15193114,62.15884328,208,-43.56519972,172.7572356,1,2,3,0,6,0,Onshore,Onshore,Onshore,12.0,0.0
2209,Sumner Beach Surf club,2020-01-14 10:00:00,Lyttelton,0.0,0.0,0.0,1.0,1.0,1.0,ebbing,deep,sandy,5,urban,0,0,0,0.4,4.0,2.390233474,2.402910628,6.784535738,3.3,2.6,96.30738237,98.8618383,85.2139563,208,-43.56519972,172.7572356,1,3,1,0,10,0,Alongshore,Alongshore,Alongshore,12.0,0.0
2210,Sumner Beach Surf club,2020-01-23 07:00:00,Lyttelton,0.0,0.0,0.0,0.0,0.0,0.0,ebbing,deep,sandy,5,urban,0,0,0,0.0,0.0,1.73969571,3.759792878,4.885327168,3.7,2.4,268.547677,271.5144535,271.389181,208,-43.56519972,172.7572356,1,4,3,0,7,0,Alongshore,Alongshore,Alongshore,13.0,0.0
2211,Sumner Beach Surf club,2020-01-29 11:00:00,Lyttelton,0.0,0.0,0.2,0.2,0.4,0.4,ebbing,deep,sandy,5,urban,0,0,0,0.2,2.0,6.452406,0.366784714,3.148849445,3.0,2.3,254.5714257,102.072459,61.2217313,208,-43.56519972,172.7572356,1,5,2,0,11,0,Alongshore,Alongshore,Onshore,15.0,0.0
2212,Sumner Beach Surf club,2020-02-07 05:00:00,Lyttelton,0.0,0.0,4.6,4.6,4.6,10.6,ebbing,deep,sandy,5,urban,0,0,0,1.8,6.0,2.476082246,2.887867492,2.595127746,3.0,2.3,304.3727502,300.552474,280.7870681,208,-43.56519972,172.7572356,2,6,4,0,5,1,Alongshore,Alongshore,Alongshore,12.0,0.0
2213,Sumner Beach Surf club,2020-02-13 09:00:00,Lyttelton,0.0,0.0,0.0,0.0,0.0,0.0,ebbing,deep,sandy,5,urban,0,0,0,0.0,0.0,7.532088734,10.76974074,10.54052138,1.5,2.6,261.0201203,265.9420207,270.6415735,208,-43.56519972,172.7572356,2,7,3,0,9,0,Alongshore,Alongshore,Alongshore,10.0,0.0
2214,Sumner Beach Surf club,2020-02-19 14:00:00,Lyttelton,0.0,0.0,0.0,0.0,0.0,0.0,ebbing,deep,sandy,5,urban,0,0,0,0.0,0.0,1.729023918,4.058046395,11.38713748,0.6,2.3,84.43410496,73.9399195,66.03610355,208,-43.56519972,172.7572356,2,8,2,0,14,0,Alongshore,Alongshore,Onshore,10.0,0.0
2215,Sumner Beach Surf club,2020-02-26 08:00:00,Lyttelton,0.0,0.0,0.0,0.0,0.0,0.0,ebbing,deep,sandy,5,urban,0,0,0,0.0,0.0,11.83277188,11.61305351,10.91708107,1.6,2.3,75.81010657,76.3596352,73.04453391,208,-43.56519972,172.7572356,2,9,2,0,8,0,Alongshore,Alongshore,Alongshore,9.0,0.0
2216,Sumner Beach Surf club,2020-03-05 14:00:00,Lyttelton,0.0,0.0,0.0,0.0,1.2,1.2,ebbing,deep,sandy,5,urban,0,0,0,0.8,3.0,4.17421285,9.820704707,12.39207794,1.8,2.1,89.23373398,88.3095979,86.29372922,208,-43.56519972,172.7572356,3,10,3,0,14,0,Alongshore,Alongshore,Alongshore,6.0,0.0
2217,Sumner Beach Surf club,2020-03-12 08:00:00,Lyttelton,0.0,0.0,0.0,0.0,0.2,0.2,ebbing,deep,sandy,5,urban,0,0,0,0.2,1.0,7.656943903,6.959712615,6.010503874,1.3,2.6,240.9964791,253.7975103,252.7212221,208,-43.56519972,172.7572356,3,11,3,0,8,0,Offshore,Alongshore,Offshore,6.0,0.0
2218,Sumner Beach Surf club,2020-11-19 10:00:00,Lyttelton,0.0,0.2,0.2,0.4,0.4,0.4,ebbing,deep,sandy,5,urban,0,0,0,0.2,2.0,11.96459498,11.60104441,10.83814324,2.1,2.6,233.1102654,236.0955045,241.3327346,208,-43.56519972,172.7572356,11,47,3,0,10,0,Offshore,Offshore,Offshore,,0.0
2219,Sumner Beach Surf club,2020-12-02 09:00:00,Lyttelton,0.0,0.0,0.0,0.0,2.6,2.6,ebbing,deep,sandy,5,urban,0,0,0,1.0,5.0,14.61537573,15.52514336,15.24566642,3.0,2.3,71.95311379,72.621286,69.30999325,208,-43.56519972,172.7572356,12,49,2,0,9,0,Onshore,Onshore,Onshore,10.0,0.0
2220,Sumner Beach Surf club,2020-12-09 13:00:00,Lyttelton,0.0,0.0,0.0,0.0,0.0,0.0,ebbing,deep,sandy,5,urban,0,0,0,0.0,0.0,3.369782257,6.911244506,10.24157178,1.7,2.4,90.17717706,90.21547076,83.28855254,208,-43.56519972,172.7572356,12,50,2,0,13,0,Alongshore,Alongshore,Alongshore,7.5,0.0
2221,Sumner Beach Surf club,2020-12-16 09:00:00,Lyttelton,0.0,0.0,0.0,0.0,0.0,0.0,ebbing,deep,sandy,5,urban,0,0,0,0.0,0.0,10.6660808,10.85004912,9.672961773,3.4,2.6,274.6005585,280.012037,282.8473993,208,-43.56519972,172.7572356,12,51,2,0,9,0,Alongshore,Alongshore,Alongshore,6.666666666666667,0.0
2222,Sumner Beach Surf club,2020-12-30 08:00:00,Lyttelton,0.0,0.0,0.0,0.0,0.0,1.6,ebbing,deep,sandy,5,urban,0,0,0,0.0,0.0,13.99976103,14.77637377,15.14388799,3.5,2.3,69.2372861,66.27643047,65.19713116,208,-43.56519972,172.7572356,12,53,2,0,8,1,Onshore,Onshore,Onshore,6.25,0.0
2223,Sumner Beach Surf club,2021-01-07 12:00:00,Lyttelton,0.0,0.0,0.0,0.0,1.2,1.2,ebbing,deep,sandy,5,urban,0,0,0,1.0,2.0,4.821957933,2.584345815,1.568228319,1.6,2.4,186.2524076,105.9457071,81.75538542,208,-43.56519972,172.7572356,1,1,3,0,12,0,Offshore,Alongshore,Alongshore,6.0,0.0
2224,Sumner Beach Surf club,2021-01-15 09:00:00,Lyttelton,0.0,0.0,0.0,0.0,0.0,1.4,ebbing,deep,sandy,5,urban,0,0,0,0.0,0.0,1.821356391,1.753543053,5.435894,3.0,2.5,82.57137359,109.4348999,109.7757404,208,-43.56519972,172.7572356,1,2,4,0,9,0,Alongshore,Alongshore,Alongshore,5.0,0.0
2225,Sumner Beach Surf club,2021-01-21 13:00:00,Lyttelton,0.0,0.0,0.2,0.2,0.6,0.6,ebbing,deep,sandy,5,urban,0,0,0,0.2,3.0,4.628171338,9.180980652,8.663494653,1.9,2.2,243.7062781,249.804083,246.2161295,208,-43.56519972,172.7572356,1,3,3,0,13,0,Offshore,Offshore,Offshore,5.0,0.0
2226,Sumner Beach Surf club,2021-01-28 08:00:00,Lyttelton,0.2,0.2,0.2,0.2,0.2,0.2,ebbing,deep,sandy,5,urban,0,0,0,0.2,1.0,6.83233866,5.490597859,7.466536956,3.5,2.3,11.70328704,348.7591327,31.91970876,208,-43.56519972,172.7572356,1,4,3,0,8,0,Onshore,Onshore,Onshore,6.0,0.0
2227,Sumner Beach Surf club,2021-02-04 13:00:00,Lyttelton,0.0,0.0,0.0,0.0,0.0,0.0,ebbing,deep,sandy,5,urban,0,0,0,0.0,0.0,15.09546993,14.32294041,14.6230171,2.9,2.4,231.0390427,231.8235952,239.885188,208,-43.56519972,172.7572356,2,5,3,0,13,1,Offshore,Offshore,Offshore,7.0,0.0
2228,Sumner Beach Surf club,2021-02-12 07:00:00,Lyttelton,0.0,0.0,0.0,0.0,2.0,9.0,ebbing,deep,sandy,5,urban,0,0,0,1.8,2.0,3.532723199,3.827677258,1.380144591,2.4,2.5,280.5891004,215.0308062,250.4166602,208,-43.56519972,172.7572356,2,6,4,0,7,0,Alongshore,Offshore,Offshore,7.0,0.0
2229,Sumner Beach Surf club,2021-02-18 12:00:00,Lyttelton,0.0,0.0,0.0,0.0,0.0,0.0,ebbing,deep,sandy,5,urban,0,0,0,0.0,0.0,0.361999297,3.175527137,8.090970516,2.1,2.1,97.85204316,108.5465079,186.6632585,208,-43.56519972,172.7572356,2,7,3,0,12,0,Alongshore,Alongshore,Offshore,7.0,0.0
2230,Sumner Beach Surf club,2021-02-25 09:00:00,Lyttelton,0.0,0.0,0.0,0.0,0.0,0.0,ebbing,deep,sandy,5,urban,0,0,0,0.0,0.0,11.5041907,10.23624682,8.742093631,6.1,2.3,283.6552537,288.9555777,280.2064649,208,-43.56519972,172.7572356,2,8,3,0,9,0,Alongshore,Alongshore,Alongshore,7.0,0.0
2231,Sumner Beach Surf club,2021-03-08 12:00:00,Lyttelton,0.0,0.0,0.2,0.6,0.6,0.6,incoming,deep,sandy,5,urban,0,0,0,0.4,2.0,11.70157443,13.88144348,19.99379113,-0.2,2.3,234.0399048,238.6434771,247.0267951,208,-43.56519972,172.7572356,3,10,0,0,12,0,Offshore,Offshore,Offshore,6.0,0.0
2232,Sumner Beach Surf club,2021-03-16 09:00:00,Lyttelton,0.0,0.0,0.0,0.0,0.0,0.0,ebbing,deep,sandy,5,urban,0,0,0,0.0,0.0,5.168131913,6.14393831,5.339564854,2.5,2.2,293.2469895,291.2066616,282.2959449,208,-43.56519972,172.7572356,3,11,1,0,9,0,Alongshore,Alongshore,Alongshore,6.0,0.0
2233,Sumner Beach Surf club,2021-11-03 12:00:00,Lyttelton,0.0,0.0,0.0,0.0,0.0,1.2,incoming,deep,sandy,5,urban,0,0,0,0.0,0.0,4.187834869,3.937839419,8.156260239,-2.5,2.4,273.1003898,242.6978014,251.2882764,208,-43.56519972,172.7572356,11,44,2,0,12,0,Alongshore,Offshore,Offshore,,0.0
2234,Sumner Beach Surf club,2021-11-10 10:00:00,Lyttelton,0.0,0.0,0.2,0.2,0.8,1.6,ebbing,deep,sandy,5,urban,0,0,0,0.2,4.0,0.986097762,7.95281636,12.13346102,1.3,2.6,258.7674242,259.8726718,17.99199375,208,-43.56519972,172.7572356,11,45,2,0,10,0,Alongshore,Alongshore,Onshore,10.0,0.0
2235,Sumner Beach Surf club,2021-11-19 14:00:00,Lyttelton,0.0,0.0,0.0,0.0,0.0,0.0,incoming,deep,sandy,5,urban,0,0,0,0.0,0.0,14.81797261,17.22697452,18.36408507,-2.9,2.2,80.56414783,79.54341981,74.61356399,208,-43.56519972,172.7572356,11,46,4,0,14,0,Alongshore,Alongshore,Alongshore,7.5,0.0
2236,Sumner Beach Surf club,2021-11-25 12:00:00,Lyttelton,0.0,0.0,0.0,0.0,0.0,6.0,ebbing,deep,sandy,5,urban,0,0,0,0.0,0.0,13.81362221,17.46168021,18.69415991,3.9,2.2,86.94661706,86.56033339,77.58404275,208,-43.56519972,172.7572356,11,47,3,0,12,0,Alongshore,Alongshore,Alongshore,11.666666666666666,0.0
2237,Sumner Beach Surf club,2021-11-29 14:00:00,Lyttelton,0.0,0.2,0.2,1.8,19.8,19.8,ebbing,deep,sandy,5,urban,0,0,0,2.6,25.0,8.129733114,10.0470168,13.43152383,2.8,2.3,93.3399809,95.13016743,83.50405582,208,-43.56519972,172.7572356,11,48,0,0,14,0,Alongshore,Alongshore,Alongshore,10.0,0.0
2238,Sumner Beach Surf club,2021-12-08 11:00:00,Lyttelton,0.0,0.0,0.0,1.0,8.6,11.4,ebbing,deep,sandy,5,urban,0,0,0,2.2,16.0,5.098002638,8.997938681,12.96196663,3.3,2.7,87.69942024,87.19536323,88.07402253,208,-43.56519972,172.7572356,12,49,2,0,11,0,Alongshore,Alongshore,Alongshore,9.0,0.0
2239,Sumner Beach Surf club,2021-12-14 13:00:00,Lyttelton,0.0,0.0,0.0,0.0,0.0,0.0,incoming,deep,sandy,5,urban,0,0,0,0.0,0.0,1.128982061,0.980933901,3.436037475,0.0,2.3,101.5537923,214.4032867,266.4018346,208,-43.56519972,172.7572356,12,50,1,0,13,0,Alongshore,Offshore,Alongshore,8.0,0.0
2240,Sumner Beach Surf club,2021-12-22 10:00:00,Lyttelton,0.0,0.0,0.0,0.0,0.0,0.0,ebbing,deep,sandy,5,urban,0,0,0,0.0,0.0,3.600186329,0.481960863,5.585325965,3.5,2.3,53.77356544,193.967215,246.6173331,208,-43.56519972,172.7572356,12,51,2,0,10,1,Onshore,Offshore,Offshore,8.0,0.0
2241,Sumner Beach Surf club,2021-12-29 15:00:00,Lyttelton,0.0,0.0,0.0,1.6,12.8,12.8,ebbing,deep,sandy,5,urban,0,0,0,2.4,19.0,5.254029295,9.436032382,9.884194811,2.7,2.3,80.73000863,81.79577635,78.88269968,208,-43.56519972,172.7572356,12,52,2,0,15,1,Alongshore,Alongshore,Alongshore,6.0,0.0
2242,Sumner Beach Surf club,2022-01-13 13:00:00,Lyttelton,0.0,0.0,0.0,0.6,0.6,0.6,incoming,deep,sandy,5,urban,0,0,0,0.4,2.0,12.38157454,10.66923875,10.38992188,-0.1,2.1,238.0313363,238.8554171,234.5964889,208,-43.56519972,172.7572356,1,2,3,0,13,0,Offshore,Offshore,Offshore,6.0,0.0
2243,Sumner Beach Surf club,2022-01-19 09:00:00,Lyttelton,0.0,0.0,0.0,0.0,0.0,0.0,ebbing,deep,sandy,5,urban,0,0,0,0.0,0.0,10.96983074,11.14879144,11.55135248,3.2,2.3,76.54337218,79.93569467,71.53165665,208,-43.56519972,172.7572356,1,3,2,0,9,0,Alongshore,Alongshore,Onshore,6.0,0.0
2244,Sumner Beach Surf club,2022-01-27 12:00:00,Lyttelton,0.8,2.6,3.8,12.2,12.6,13.0,ebbing,deep,sandy,5,urban,0,0,0,7.0,11.0,20.79768069,25.07713984,27.59767436,0.3,2.3,230.4686715,233.0431661,237.7522378,208,-43.56519972,172.7572356,1,4,3,0,12,0,Offshore,Offshore,Offshore,7.0,0.0
2245,Sumner Beach Surf club,2022-02-03 09:00:00,Lyttelton,0.0,0.0,0.0,0.4,0.4,0.4,ebbing,deep,sandy,5,urban,0,0,0,0.2,2.0,10.60966349,11.06395177,9.634232373,3.3,2.6,66.34762459,58.71059376,61.98945836,208,-43.56519972,172.7572356,2,5,3,0,9,1,Onshore,Onshore,Onshore,23.0,0.0
2246,Sumner Beach Surf club,2022-02-11 13:00:00,Lyttelton,0.0,0.0,0.0,0.2,65.4,66.2,ebbing,deep,sandy,5,urban,0,0,0,11.2,19.0,6.501314401,3.712837199,3.774034318,0.3,2.1,99.32485548,282.0737877,278.4118198,208,-43.56519972,172.7572356,2,6,4,0,13,0,Alongshore,Alongshore,Alongshore,23.0,0.0
2247,Sumner Beach Surf club,2022-02-16 10:00:00,Lyttelton,0.0,0.0,0.0,0.0,0.0,1.6,ebbing,deep,sandy,5,urban,0,0,0,0.0,0.0,2.930842974,7.958139345,11.68224978,6.0,2.3,273.6692805,277.1589327,34.0845062,208,-43.56519972,172.7572356,2,7,2,0,10,0,Alongshore,Alongshore,Onshore,24.0,0.0
2248,Sumner Beach Surf club,2022-03-04 08:00:00,Lyttelton,0.0,0.0,0.0,0.0,0.0,0.0,ebbing,deep,sandy,5,urban,0,0,0,0.0,0.0,1.324914137,1.705019977,0.984242753,2.8,2.5,295.397745,281.7073015,286.6763594,208,-43.56519972,172.7572356,3,9,4,0,8,0,Alongshore,Alongshore,Alongshore,27.0,0.0
2249,Sumner Beach Surf club,2022-03-11 11:00:00,Lyttelton,0.0,0.0,0.0,0.0,0.0,0.0,incoming,deep,sandy,5,urban,0,0,0,0.0,0.0,10.6130667,9.792654842,9.699430768,-0.1,2.1,91.50508784,89.1385974,75.45109537,208,-43.56519972,172.7572356,3,10,4,0,11,0,Alongshore,Alongshore,Alongshore,26.0,0.0
2250,Sumner Beach Surf club,2022-03-25 11:00:00,Lyttelton,0.0,0.0,0.0,0.0,0.0,11.4,ebbing,deep,sandy,5,urban,0,0,0,0.0,0.0,12.98889723,12.60984884,12.92936886,0.3,2.3,238.987213,243.630347,249.7124056,208,-43.56519972,172.7572356,3,12,4,0,11,0,Offshore,Offshore,Offshore,13.0,0.0
2251,Sumner Beach Surf club,2022-06-03 15:00:00,Lyttelton,0.2,0.2,1.6,2.6,2.6,5.8,incoming,deep,sandy,5,urban,0,0,0,1.0,6.0,15.68035494,16.57024292,17.71597009,-4.3,2.2,247.1167323,247.9310734,249.0130261,208,-43.56519972,172.7572356,6,22,4,0,15,1,Offshore,Offshore,Offshore,30.6,0.0
2252,Takamatua Bay Boat ramp,2013-11-13 11:00:00,Akaroa,0.0,0.0,0.0,0.0,0.0,0.0,incoming,medium,muddy,4,grass,1,1,0,0.0,0.0,1.417821534,2.756781406,4.62895342,-0.8,2.6,17.70475301,21.24755717,38.78295061,110,-43.785037,172.967554,11,46,2,0,11,0,Alongshore,Alongshore,Alongshore,,0.0
2253,Takamatua Bay Boat ramp,2013-11-26 09:00:00,Akaroa,0.0,0.2,0.6,7.4,7.4,7.4,incoming,medium,muddy,4,grass,1,1,0,2.0,10.0,1.206010474,1.540311109,1.810470418,-0.7,2.1,175.8988372,171.7281582,163.3840695,110,-43.785037,172.967554,11,48,1,0,9,0,Alongshore,Alongshore,Alongshore,20.0,0.0
2254,Takamatua Bay Boat ramp,2013-12-03 13:00:00,Akaroa,0.0,0.0,0.0,0.0,0.0,0.4,incoming,medium,muddy,4,grass,1,1,0,0.0,0.0,1.95611909,4.573123674,5.235664499,-2.3,2.6,349.5525962,345.6618821,359.7565729,110,-43.785037,172.967554,12,49,1,0,13,0,Alongshore,Alongshore,Alongshore,30.5,0.0
2255,Takamatua Bay Boat ramp,2013-12-10 09:00:00,Akaroa,0.2,0.8,0.8,0.8,1.0,1.0,incoming,medium,muddy,4,grass,1,1,0,0.4,4.0,0.624194088,0.395399404,1.049552136,-0.9,2.6,317.4094903,52.67292855,122.5168105,110,-43.785037,172.967554,12,50,1,0,9,0,Onshore,Alongshore,Offshore,22.0,0.0
2256,Takamatua Bay Boat ramp,2013-12-17 14:00:00,Akaroa,0.6,0.6,13.6,14.0,14.0,14.0,incoming,medium,muddy,4,grass,1,1,0,10.0,7.0,4.432433428,3.847285215,3.680771601,-1.7,2.4,227.86025,207.1652214,163.5176482,110,-43.785037,172.967554,12,51,1,0,14,0,Alongshore,Alongshore,Alongshore,17.75,0.0
2257,Takamatua Bay Boat ramp,2013-12-22 09:00:00,Akaroa,0.0,9.8,20.8,23.4,23.4,23.4,ebbing,medium,muddy,4,grass,1,1,0,4.8,14.0,3.993742291,4.29598174,3.662898955,1.7,2.3,184.1490772,195.9039554,204.3202651,110,-43.785037,172.967554,12,51,6,1,9,1,Alongshore,Alongshore,Alongshore,18.2,0.0
2258,Takamatua Bay Boat ramp,2014-01-07 10:00:00,Akaroa,0.0,0.0,0.0,0.0,1.4,1.6,ebbing,medium,muddy,4,grass,1,1,0,1.0,2.0,1.072706201,0.762569643,0.964942346,1.0,2.7,281.5706526,152.7511631,137.1458556,110,-43.785037,172.967554,1,2,1,0,10,0,Onshore,Offshore,Offshore,26.8,0.0
2259,Takamatua Bay Boat ramp,2014-01-14 14:00:00,Akaroa,0.0,0.0,0.0,0.0,0.2,0.2,incoming,medium,muddy,4,grass,1,1,0,0.2,1.0,1.583281671,3.601369139,7.441166574,-0.4,2.3,158.0082926,171.8781587,177.9031992,110,-43.785037,172.967554,1,3,1,0,14,0,Alongshore,Alongshore,Alongshore,19.6,0.0
2260,Takamatua Bay Boat ramp,2014-01-21 08:00:00,Akaroa,0.4,0.4,0.4,0.4,0.4,0.4,ebbing,medium,muddy,4,grass,1,1,0,0.2,2.0,2.602479831,3.266327749,2.729173011,1.4,2.3,48.60155436,60.26605767,60.98823726,110,-43.785037,172.967554,1,4,1,0,8,0,Alongshore,Alongshore,Alongshore,20.6,0.0
2261,Takamatua Bay Boat ramp,2014-01-29 14:00:00,Akaroa,0.0,0.0,0.0,0.0,0.0,17.0,incoming,medium,muddy,4,grass,1,1,0,0.0,0.0,2.555030488,5.583460197,6.797899191,-0.2,2.6,356.9706852,356.0900047,352.1245001,110,-43.785037,172.967554,1,5,2,0,14,0,Alongshore,Alongshore,Alongshore,20.6,0.0
2262,Takamatua Bay Boat ramp,2014-02-04 08:00:00,Akaroa,0.0,0.0,0.0,0.0,0.0,0.8,ebbing,medium,muddy,4,grass,1,1,0,0.0,0.0,0.975286931,1.129639593,1.161899243,1.0,2.7,80.33609971,103.899489,114.5794253,110,-43.785037,172.967554,2,6,1,0,8,1,Offshore,Offshore,Offshore,17.6,0.0
2263,Takamatua Bay Boat ramp,2014-02-11 13:00:00,Akaroa,0.0,0.0,0.0,0.0,0.0,1.8,incoming,medium,muddy,4,grass,1,1,0,0.0,0.0,1.202676779,2.553521386,3.498339767,-0.7,2.2,286.2382026,302.1560273,317.5821801,110,-43.785037,172.967554,2,7,1,0,13,0,Onshore,Onshore,Onshore,9.0,0.0
2264,Takamatua Bay Boat ramp,2014-02-18 08:00:00,Akaroa,0.0,0.0,0.0,0.0,0.0,0.0,ebbing,medium,muddy,4,grass,1,1,0,0.0,0.0,5.204210449,5.324562436,6.510393285,1.8,2.3,351.766249,9.363170154,12.80444763,110,-43.785037,172.967554,2,8,1,0,8,0,Alongshore,Alongshore,Alongshore,9.0,0.0
2265,Takamatua Bay Boat ramp,2014-02-25 12:00:00,Akaroa,0.0,0.0,0.0,0.0,4.8,20.8,ebbing,medium,muddy,4,grass,1,1,0,1.6,5.0,0.424458452,0.656108894,2.102738427,0.5,2.4,299.7260413,14.56737276,25.55354241,110,-43.785037,172.967554,2,9,1,0,12,0,Onshore,Alongshore,Alongshore,11.0,0.0
2266,Takamatua Bay Boat ramp,2014-03-10 10:00:00,Akaroa,0.0,0.0,0.0,0.0,0.0,0.0,incoming,medium,muddy,4,grass,1,1,0,0.0,0.0,0.916558934,0.886473349,2.166913183,-1.7,2.2,28.54823589,65.78479243,121.5865037,110,-43.785037,172.967554,3,11,0,0,10,0,Alongshore,Offshore,Offshore,11.0,0.0
2267,Takamatua Bay Boat ramp,2014-11-19 12:00:00,Akaroa,0.0,0.0,0.0,0.0,0.0,0.0,incoming,medium,muddy,4,grass,1,1,0,0.0,0.0,4.959354118,6.061341621,7.031429945,-1.2,2.2,273.3709432,296.7584159,306.0119174,110,-43.785037,172.967554,11,47,2,0,12,0,Onshore,Onshore,Onshore,,0.0
2268,Takamatua Bay Boat ramp,2014-11-25 17:00:00,Akaroa,0.0,0.2,0.2,0.2,0.2,9.0,incoming,medium,muddy,4,grass,1,1,0,0.2,1.0,1.834984011,2.136863169,2.761497963,-0.7,2.5,317.8375349,333.7036844,322.3251006,110,-43.785037,172.967554,11,48,1,0,17,0,Onshore,Onshore,Onshore,5.0,0.0
2269,Takamatua Bay Boat ramp,2014-12-09 07:00:00,Akaroa,0.0,0.0,0.0,0.0,0.0,0.0,ebbing,medium,muddy,4,grass,1,1,0,0.0,0.0,1.907256393,1.605320168,1.478165383,1.6,2.6,96.44794607,96.70448991,55.33103359,110,-43.785037,172.967554,12,50,1,0,7,0,Offshore,Offshore,Alongshore,23.0,0.0
2270,Takamatua Bay Boat ramp,2014-12-16 12:00:00,Akaroa,0.0,0.0,0.0,0.0,0.0,0.0,ebbing,medium,muddy,4,grass,1,1,0,0.0,0.0,1.212063286,3.127064833,5.011554268,0.8,2.1,331.3910654,335.9670509,348.0457167,110,-43.785037,172.967554,12,51,1,0,12,0,Onshore,Alongshore,Alongshore,32.666666666666664,0.0
2271,Takamatua Bay Boat ramp,2014-12-21 13:00:00,Akaroa,0.0,0.0,0.0,0.2,0.2,0.6,incoming,medium,muddy,4,grass,1,1,0,0.2,1.0,3.113730736,5.063515896,6.050539513,-1.4,2.4,224.32233,219.9476595,213.7154229,110,-43.785037,172.967554,12,51,6,1,13,1,Alongshore,Alongshore,Alongshore,25.75,0.0
2272,Takamatua Bay Boat ramp,2014-12-30 11:00:00,Akaroa,0.0,0.0,0.0,0.0,0.0,0.2,ebbing,medium,muddy,4,grass,1,1,0,0.0,0.0,2.396808579,2.574596386,4.613217878,0.5,2.6,341.4237283,359.7139822,4.297470265,110,-43.785037,172.967554,12,1,1,0,11,1,Alongshore,Alongshore,Alongshore,21.6,0.0
2273,Takamatua Bay Boat ramp,2015-01-05 15:00:00,Akaroa,0.0,0.0,0.0,0.0,0.0,0.0,incoming,medium,muddy,4,grass,1,1,0,0.0,0.0,1.607431372,1.047424421,2.722052563,-1.1,2.5,77.97924664,54.21895462,139.8614447,110,-43.785037,172.967554,1,2,0,0,15,1,Offshore,Alongshore,Offshore,21.6,0.0
2274,Takamatua Bay Boat ramp,2015-01-13 09:00:00,Akaroa,0.0,0.0,0.0,0.0,0.0,0.0,incoming,medium,muddy,4,grass,1,1,0,0.0,0.0,0.715227902,0.202022292,1.573621613,-0.4,2.1,311.4687976,292.8707037,110.3843899,110,-43.785037,172.967554,1,3,1,0,9,0,Onshore,Onshore,Offshore,33.0,0.0
2275,Takamatua Bay Boat ramp,2015-01-20 14:00:00,Akaroa,0.0,0.0,0.4,0.4,0.4,0.4,incoming,medium,muddy,4,grass,1,1,0,0.4,1.0,4.288167369,5.479167502,6.246643667,-1.1,2.6,226.5210764,221.7024939,218.6695014,110,-43.785037,172.967554,1,4,1,0,14,0,Alongshore,Alongshore,Alongshore,24.6,0.0
2276,Takamatua Bay Boat ramp,2015-01-27 10:00:00,Akaroa,0.0,0.0,0.0,0.0,0.0,0.0,ebbing,medium,muddy,4,grass,1,1,0,0.0,0.0,0.921894686,1.433643698,2.330034706,0.5,2.6,356.5547217,34.34847042,57.61112837,110,-43.785037,172.967554,1,5,1,0,10,0,Alongshore,Alongshore,Alongshore,24.6,0.0
2277,Takamatua Bay Boat ramp,2015-02-03 14:00:00,Akaroa,1.2,2.6,2.6,2.6,2.6,3.6,incoming,medium,muddy,4,grass,1,1,0,1.4,3.0,4.413564619,4.837481807,4.640447924,-1.8,2.4,213.5078319,210.1907695,219.3064822,110,-43.785037,172.967554,2,6,1,0,14,1,Alongshore,Alongshore,Alongshore,24.6,0.0
2278,Takamatua Bay Boat ramp,2015-02-10 08:00:00,Akaroa,0.0,0.2,0.2,1.6,1.6,1.6,ebbing,medium,muddy,4,grass,1,1,0,0.8,4.0,2.084288622,1.576129445,1.515760889,0.2,2.2,174.5894936,176.0780466,186.942341,110,-43.785037,172.967554,2,7,1,0,8,0,Alongshore,Alongshore,Alongshore,24.6,0.0
2279,Takamatua Bay Boat ramp,2015-02-17 14:00:00,Akaroa,0.0,0.0,0.0,0.0,0.0,0.0,incoming,medium,muddy,4,grass,1,1,0,0.0,0.0,1.795953929,4.040406003,5.334366751,0.0,2.5,320.7925639,309.844236,316.1992189,110,-43.785037,172.967554,2,8,1,0,14,0,Onshore,Onshore,Onshore,6.0,0.0
2280,Takamatua Bay Boat ramp,2015-02-24 09:00:00,Akaroa,0.0,0.0,0.0,1.6,1.8,1.8,ebbing,medium,muddy,4,grass,1,1,0,1.6,2.0,4.294610039,3.664733863,4.058404948,0.5,2.6,19.32024908,32.74778785,34.35711002,110,-43.785037,172.967554,2,9,1,0,9,0,Alongshore,Alongshore,Alongshore,6.0,0.0
2281,Takamatua Bay Boat ramp,2015-03-03 13:00:00,Akaroa,0.0,0.0,0.6,0.6,0.6,0.6,incoming,medium,muddy,4,grass,1,1,0,0.6,1.0,0.645621529,2.563627319,3.427480619,-1.5,2.3,305.5101673,309.6260384,295.682293,110,-43.785037,172.967554,3,10,1,0,13,0,Onshore,Onshore,Onshore,7.0,0.0
2282,Takamatua Bay Boat ramp,2015-11-18 12:00:00,Akaroa,0.2,0.2,3.0,3.0,3.0,3.0,ebbing,medium,muddy,4,grass,1,1,0,1.4,4.0,7.431829425,11.12362278,10.92236278,3.1,2.5,221.6678927,221.1024144,216.72037,110,-43.785037,172.967554,11,47,2,0,12,0,Alongshore,Alongshore,Alongshore,,0.0
2283,Takamatua Bay Boat ramp,2015-11-24 13:00:00,Akaroa,0.0,0.0,0.0,0.0,0.0,0.2,incoming,medium,muddy,4,grass,1,1,0,0.0,0.0,6.856507605,7.705628448,7.980954364,-1.5,2.7,356.7532011,0.159066447,358.2578302,110,-43.785037,172.967554,11,48,1,0,13,0,Alongshore,Alongshore,Alongshore,5.0,0.0
2284,Takamatua Bay Boat ramp,2015-12-01 08:00:00,Akaroa,0.0,0.0,0.0,0.0,0.2,0.2,ebbing,medium,muddy,4,grass,1,1,0,0.2,1.0,1.763533346,0.593024181,0.692173223,0.2,2.6,8.812067689,53.42530863,21.61499627,110,-43.785037,172.967554,12,49,1,0,8,0,Alongshore,Alongshore,Alongshore,5.0,0.0
2285,Takamatua Bay Boat ramp,2015-12-08 13:00:00,Akaroa,0.0,0.0,0.0,1.0,1.0,3.6,incoming,medium,muddy,4,grass,1,1,0,1.0,1.0,1.771761471,4.230651337,6.295920029,-0.6,2.1,239.3546866,244.6482014,226.7710971,110,-43.785037,172.967554,12,50,1,0,13,0,Alongshore,Alongshore,Alongshore,6.666666666666667,0.0
2286,Takamatua Bay Boat ramp,2015-12-15 07:00:00,Akaroa,0.0,0.0,0.0,0.0,12.6,12.6,ebbing,medium,muddy,4,grass,1,1,0,5.4,5.0,0.709420957,0.424271116,0.493280674,0.2,2.5,356.6230268,117.175021,73.00694269,110,-43.785037,172.967554,12,51,1,0,7,0,Alongshore,Offshore,Offshore,6.25,0.0
2287,Takamatua Bay Boat ramp,2015-12-22 11:00:00,Akaroa,0.0,0.2,0.2,0.2,0.2,0.2,incoming,medium,muddy,4,grass,1,1,0,0.2,1.0,3.077401269,6.088387787,6.669593388,-1.4,2.6,143.7274233,142.5581248,118.4978933,110,-43.785037,172.967554,12,52,1,0,11,1,Offshore,Offshore,Offshore,6.0,0.0
2288,Takamatua Bay Boat ramp,2015-12-29 07:00:00,Akaroa,0.0,0.0,0.0,0.0,0.0,0.0,ebbing,medium,muddy,4,grass,1,1,0,0.0,0.0,1.372604197,1.383771828,1.324569001,0.5,2.6,170.0,151.606103,78.62594101,110,-43.785037,172.967554,12,53,1,0,7,1,Alongshore,Offshore,Offshore,6.0,0.0
2289,Takamatua Bay Boat ramp,2016-01-06 11:00:00,Akaroa,0.0,0.0,0.0,0.0,0.0,23.0,incoming,medium,muddy,4,grass,1,1,0,0.0,0.0,1.354601346,2.347849631,4.345902573,-1.9,2.1,8.218238087,18.59420134,47.89534617,110,-43.785037,172.967554,1,1,2,0,11,0,Alongshore,Alongshore,Alongshore,7.0,0.0
2290,Takamatua Bay Boat ramp,2016-01-12 06:00:00,Akaroa,0.0,0.0,0.0,0.0,0.0,0.0,ebbing,medium,muddy,4,grass,1,1,0,0.0,0.0,1.509741261,1.216985226,1.238942978,1.0,2.6,175.4277373,157.4703652,57.22728439,110,-43.785037,172.967554,1,2,1,0,6,0,Alongshore,Alongshore,Alongshore,6.0,0.0
2291,Takamatua Bay Boat ramp,2016-01-19 10:00:00,Akaroa,1.0,2.2,5.4,5.8,7.8,7.8,incoming,medium,muddy,4,grass,1,1,0,1.8,10.0,0.643826814,1.069923775,1.5876852,-1.3,2.6,339.9961728,1.66790275,45.80730255,110,-43.785037,172.967554,1,3,1,0,10,0,Alongshore,Alongshore,Alongshore,11.2,0.0
2292,Takamatua Bay Boat ramp,2016-01-26 06:00:00,Akaroa,0.2,0.2,0.2,0.2,0.2,0.2,ebbing,medium,muddy,4,grass,1,1,0,0.2,1.0,1.977404032,2.22606711,2.277021959,0.7,2.6,81.81815738,32.53695071,44.18414222,110,-43.785037,172.967554,1,4,1,0,6,0,Offshore,Alongshore,Alongshore,14.2,0.0
2293,Takamatua Bay Boat ramp,2016-01-27 14:00:00,Akaroa,0.0,0.0,0.4,0.6,0.8,0.8,incoming,medium,muddy,4,grass,1,1,0,0.2,4.0,2.608738426,1.804421622,1.199779292,-4.2,2.4,100.0462059,213.547833,217.5564666,110,-43.785037,172.967554,1,4,2,0,14,0,Offshore,Alongshore,Alongshore,59.4,0.0
2294,Takamatua Bay Boat ramp,2016-02-01 10:00:00,Akaroa,0.0,0.0,0.0,0.0,0.0,0.0,incoming,medium,muddy,4,grass,1,1,0,0.0,0.0,0.506278708,0.158688365,1.290904458,-0.5,2.1,278.2258947,227.4356592,101.2691721,110,-43.785037,172.967554,2,5,0,0,10,1,Onshore,Alongshore,Offshore,58.4,0.0
2295,Takamatua Bay Boat ramp,2016-02-10 05:00:00,Akaroa,0.0,0.0,0.0,0.0,0.0,0.0,ebbing,medium,muddy,4,grass,1,1,0,0.0,0.0,2.055660622,1.38047515,1.143950217,0.8,2.7,109.9895759,106.7938178,185.1458795,110,-43.785037,172.967554,2,6,2,0,5,0,Offshore,Offshore,Alongshore,59.4,0.0
2296,Takamatua Bay Boat ramp,2016-02-16 10:00:00,Akaroa,0.0,0.0,0.0,0.0,0.0,0.0,incoming,medium,muddy,4,grass,1,1,0,0.0,0.0,0.918456601,1.232160429,1.41388324,-0.8,2.6,243.2283713,210.8632729,215.2086697,110,-43.785037,172.967554,2,7,1,0,10,0,Alongshore,Alongshore,Alongshore,55.2,0.0
2297,Takamatua Bay Boat ramp,2016-02-23 15:00:00,Akaroa,0.0,0.0,0.0,0.0,0.0,0.0,incoming,medium,muddy,4,grass,1,1,0,0.0,0.0,1.601591409,3.293034456,4.230380029,-1.4,2.5,283.7473614,284.506287,272.5725812,110,-43.785037,172.967554,2,8,1,0,15,0,Onshore,Onshore,Onshore,52.2,0.0
2298,Takamatua Bay Boat ramp,2016-11-22 10:00:00,Akaroa,0.0,0.0,0.0,0.0,0.0,0.0,incoming,medium,muddy,4,grass,1,1,0,0.0,0.0,0.625605072,0.645245382,2.255515242,-0.1,2.5,332.6559408,347.3623299,81.07001189,110,-43.785037,172.967554,11,47,1,0,10,0,Onshore,Alongshore,Offshore,,0.0
2299,Takamatua Bay Boat ramp,2016-11-29 14:00:00,Akaroa,0.0,0.0,0.0,0.0,1.2,1.2,incoming,medium,muddy,4,grass,1,1,0,0.8,3.0,3.611339281,7.250906351,8.154789619,-1.8,2.3,324.4462738,337.2456814,353.1243183,110,-43.785037,172.967554,11,48,1,0,14,0,Onshore,Alongshore,Alongshore,10.0,0.0
2300,Takamatua Bay Boat ramp,2016-12-06 08:00:00,Akaroa,0.0,0.0,0.0,0.0,0.0,0.0,incoming,medium,muddy,4,grass,1,1,0,0.0,0.0,1.48280341,1.680757975,1.606699085,-0.6,2.4,116.0712008,119.7429394,80.32567912,110,-43.785037,172.967554,12,49,1,0,8,0,Offshore,Offshore,Offshore,7.5,0.0
2301,Takamatua Bay Boat ramp,2016-12-13 13:00:00,Akaroa,0.0,0.0,0.0,1.2,17.2,43.0,incoming,medium,muddy,4,grass,1,1,0,3.8,13.0,1.419354104,2.445216741,2.401167848,-2.1,2.7,337.9298048,321.9957978,254.7779263,110,-43.785037,172.967554,12,50,1,0,13,0,Alongshore,Onshore,Onshore,15.333333333333334,0.0
2302,Takamatua Bay Boat ramp,2016-12-20 09:00:00,Akaroa,0.0,0.0,0.0,0.0,0.0,0.0,ebbing,medium,muddy,4,grass,1,1,0,0.0,0.0,0.834836349,0.437695999,1.39739972,0.3,2.5,317.1170474,180.4495657,164.4266055,110,-43.785037,172.967554,12,51,1,0,9,1,Onshore,Alongshore,Alongshore,12.75,0.0
2303,Takamatua Bay Boat ramp,2016-12-28 13:00:00,Akaroa,0.0,0.0,0.0,0.0,0.0,0.0,incoming,medium,muddy,4,grass,1,1,0,0.0,0.0,2.597387711,4.30645084,4.940016787,-2.7,2.2,124.5640535,125.8776578,133.192956,110,-43.785037,172.967554,12,52,2,0,13,1,Offshore,Offshore,Offshore,16.4,0.0
2304,Takamatua Bay Boat ramp,2017-01-05 09:00:00,Akaroa,0.8,1.0,1.2,13.2,16.4,17.0,incoming,medium,muddy,4,grass,1,1,0,3.8,14.0,13.90954655,12.45154191,10.49508677,0.0,2.4,225.7173413,226.8916426,228.8753019,110,-43.785037,172.967554,1,1,3,0,9,1,Alongshore,Alongshore,Alongshore,15.4,0.0
2305,Takamatua Bay Boat ramp,2017-01-10 13:00:00,Akaroa,0.0,0.0,0.0,0.0,0.0,4.6,incoming,medium,muddy,4,grass,1,1,0,0.0,0.0,2.310605362,2.731188866,2.937893535,-0.4,2.6,287.1524021,244.3423726,224.0448451,110,-43.785037,172.967554,1,2,1,0,13,0,Onshore,Alongshore,Alongshore,33.8,0.0
2306,Takamatua Bay Boat ramp,2017-01-17 08:00:00,Akaroa,0.0,0.0,0.0,0.0,0.0,0.0,ebbing,medium,muddy,4,grass,1,1,0,0.0,0.0,3.012699256,2.317708913,1.882737595,0.8,2.6,53.96102869,68.22741688,47.43463846,110,-43.785037,172.967554,1,3,1,0,8,0,Alongshore,Offshore,Alongshore,28.6,0.0
2307,Takamatua Bay Boat ramp,2017-01-23 12:00:00,Akaroa,0.0,0.2,4.2,47.2,64.0,64.0,incoming,medium,muddy,4,grass,1,1,0,7.6,30.0,15.49138658,13.66149764,11.63101325,-0.5,2.1,231.8395934,232.3767336,233.3305123,110,-43.785037,172.967554,1,4,0,0,12,0,Alongshore,Alongshore,Alongshore,28.6,0.0
2308,Takamatua Bay Boat ramp,2017-01-31 08:00:00,Akaroa,0.0,0.0,0.0,0.0,0.0,0.0,ebbing,medium,muddy,4,grass,1,1,0,0.0,0.0,2.205602784,3.211621189,2.943186691,1.7,2.5,97.10961953,98.898011,102.2992278,110,-43.785037,172.967554,1,5,1,0,8,1,Offshore,Offshore,Offshore,26.4,0.0
2309,Takamatua Bay Boat ramp,2017-02-08 14:00:00,Akaroa,0.0,0.0,0.6,0.6,1.6,1.6,ebbing,medium,muddy,4,grass,1,1,0,0.8,3.0,3.917674557,5.42309275,6.2,0.8,2.6,230.0,224.3906495,211.1301354,110,-43.785037,172.967554,2,6,2,0,14,1,Alongshore,Alongshore,Alongshore,29.4,0.0
2310,Takamatua Bay Boat ramp,2017-02-14 17:00:00,Akaroa,0.0,0.0,0.0,0.0,0.0,0.0,incoming,medium,muddy,4,grass,1,1,0,0.0,0.0,4.671702143,3.423889803,3.082222593,-2.0,2.5,332.6036234,274.7440226,269.9303695,110,-43.785037,172.967554,2,7,1,0,17,0,Onshore,Onshore,Onshore,11.0,0.0
2311,Takamatua Bay Boat ramp,2017-02-21 14:00:00,Akaroa,0.0,0.0,0.0,0.0,0.0,2.0,ebbing,medium,muddy,4,grass,1,1,0,0.0,0.0,1.587646371,3.160378957,4.242865234,1.9,2.1,340.0618913,331.6275422,354.2502055,110,-43.785037,172.967554,2,8,1,0,14,0,Alongshore,Onshore,Alongshore,11.0,0.0
2312,Takamatua Bay Boat ramp,2017-03-06 10:00:00,Akaroa,0.0,0.0,0.0,0.0,0.0,0.0,incoming,medium,muddy,4,grass,1,1,0,0.0,0.0,0.607142303,0.367977097,0.753197368,-0.1,2.5,312.0841137,199.3980971,110.0325199,110,-43.785037,172.967554,3,10,0,0,10,0,Onshore,Alongshore,Offshore,11.0,0.0
2313,Takamatua Bay Boat ramp,2017-11-14 16:00:00,Akaroa,0.0,0.0,0.0,0.0,0.0,1.2,ebbing,medium,muddy,4,grass,1,1,0,0.0,0.0,2.672279081,4.280679907,4.583652853,3.6,2.5,286.4107592,285.7750336,289.441434,110,-43.785037,172.967554,11,46,1,0,16,0,Onshore,Onshore,Onshore,,0.0
2314,Takamatua Bay Boat ramp,2017-11-29 12:00:00,Akaroa,0.0,0.0,0.0,0.0,0.0,0.0,incoming,medium,muddy,4,grass,1,1,0,0.0,0.0,0.243392912,1.618623981,2.741393091,0.0,2.3,284.0561385,296.9319428,344.4389894,110,-43.785037,172.967554,11,48,2,0,12,0,Onshore,Onshore,Alongshore,5.0,0.0
2315,Takamatua Bay Boat ramp,2017-12-06 07:00:00,Akaroa,0.0,0.0,0.0,0.0,0.0,0.0,ebbing,medium,muddy,4,grass,1,1,0,0.0,0.0,0.631716376,0.576985528,0.328778157,1.3,2.8,141.975024,137.3393648,195.3214921,110,-43.785037,172.967554,12,49,2,0,7,0,Offshore,Offshore,Alongshore,28.5,0.0
2316,Takamatua Bay Boat ramp,2017-12-08 12:00:00,Akaroa,0.0,0.0,0.0,0.0,0.0,0.0,ebbing,medium,muddy,4,grass,1,1,0,0.0,0.0,0.180048786,1.277542556,2.09552589,5.1,2.8,310.531487,292.7935366,236.3628284,110,-43.785037,172.967554,12,49,4,0,12,0,Onshore,Onshore,Alongshore,125.0,0.25
2317,Takamatua Bay Boat ramp,2017-12-13 12:00:00,Akaroa,0.0,0.0,0.0,0.6,1.0,1.0,ebbing,medium,muddy,4,grass,1,1,0,0.6,2.0,2.523105104,3.363593455,4.289469082,0.2,2.5,81.95506775,72.71408618,65.77631385,110,-43.785037,172.967554,12,50,2,0,12,0,Offshore,Offshore,Offshore,95.0,0.2
2318,Takamatua Bay Boat ramp,2017-12-21 07:00:00,Akaroa,0.0,0.0,0.0,0.0,0.0,0.0,ebbing,medium,muddy,4,grass,1,1,0,0.0,0.0,1.223997372,1.387393875,1.523314579,1.3,2.3,65.12001954,86.45899395,91.64302549,110,-43.785037,172.967554,12,51,3,0,7,1,Offshore,Offshore,Offshore,78.0,0.16666666666666666
2319,Takamatua Bay Boat ramp,2017-12-27 09:00:00,Akaroa,0.0,0.0,0.4,1.2,7.8,7.8,incoming,medium,muddy,4,grass,1,1,0,2.2,10.0,4.13767881,5.15115162,6.002965107,-1.9,2.3,210.7019601,205.2141816,199.6033104,110,-43.785037,172.967554,12,52,2,0,9,1,Alongshore,Alongshore,Alongshore,87.4,0.14285714285714285
2320,Takamatua Bay Boat ramp,2018-01-10 10:00:00,Akaroa,2.0,2.6,2.6,2.6,2.6,2.8,incoming,medium,muddy,4,grass,1,1,0,1.0,4.0,1.21121064,2.343517988,3.851501865,-0.5,2.4,201.26953,194.9159597,184.4976467,110,-43.785037,172.967554,1,2,2,0,10,0,Alongshore,Alongshore,Alongshore,78.0,0.125
2321,Takamatua Bay Boat ramp,2018-01-15 12:00:00,Akaroa,0.0,0.0,0.0,0.0,0.0,0.2,incoming,medium,muddy,4,grass,1,1,0,0.0,0.0,1.263459144,2.926265438,4.770840294,-2.7,2.2,338.2228553,334.2886499,347.1024736,110,-43.785037,172.967554,1,3,0,0,12,0,Alongshore,Onshore,Alongshore,29.0,0.1111111111111111
2322,Takamatua Bay Boat ramp,2018-01-24 09:00:00,Akaroa,0.0,0.0,0.0,0.0,0.0,0.0,incoming,medium,muddy,4,grass,1,1,0,0.0,0.0,0.616666626,0.539846273,0.864559226,0.0,2.3,244.6291852,12.91266235,105.6483481,110,-43.785037,172.967554,1,4,2,0,9,0,Alongshore,Alongshore,Offshore,29.0,0.1
2323,Takamatua Bay Boat ramp,2018-01-29 13:00:00,Akaroa,0.0,0.0,0.0,0.0,0.0,0.0,incoming,medium,muddy,4,grass,1,1,0,0.0,0.0,2.213824999,4.459782387,5.47254289,-0.9,2.5,358.3827828,352.9181692,6.210991875,110,-43.785037,172.967554,1,5,0,0,13,0,Alongshore,Alongshore,Alongshore,31.0,0.09090909090909091
2324,Takamatua Bay Boat ramp,2018-02-09 10:00:00,Akaroa,0.0,0.0,0.0,0.0,0.0,0.0,incoming,medium,muddy,4,grass,1,1,0,0.0,0.0,2.214485756,2.100435717,2.471973318,-1.0,2.3,27.89222507,54.70106874,63.105689,110,-43.785037,172.967554,2,6,4,0,10,1,Alongshore,Alongshore,Alongshore,31.0,0.08333333333333333
2325,Takamatua Bay Boat ramp,2018-02-14 13:00:00,Akaroa,0.0,0.0,0.0,0.0,0.0,0.4,incoming,medium,muddy,4,grass,1,1,0,0.0,0.0,0.7545936,2.510773937,4.553735783,-1.7,2.2,262.8980953,268.8156531,251.9535328,110,-43.785037,172.967554,2,7,2,0,13,0,Onshore,Onshore,Onshore,31.0,0.07692307692307693
2326,Takamatua Bay Boat ramp,2018-02-23 11:00:00,Akaroa,0.0,0.0,0.0,0.0,11.6,175.4,ebbing,medium,muddy,4,grass,1,1,0,3.4,14.0,0.69207097,1.167865583,2.185947807,1.8,2.4,290.4294749,262.6623707,240.6027107,110,-43.785037,172.967554,2,8,4,0,11,0,Onshore,Onshore,Alongshore,17.4,0.07142857142857142
2327,Takamatua Bay Boat ramp,2018-03-09 11:00:00,Akaroa,2.6,2.6,2.6,2.6,2.6,6.2,ebbing,medium,muddy,4,grass,1,1,0,1.4,2.0,2.353798261,3.735214519,6.210464041,1.6,2.3,170.4648351,173.2098876,175.1945392,110,-43.785037,172.967554,3,10,4,0,11,0,Alongshore,Alongshore,Alongshore,17.4,0.06666666666666667
2328,Takamatua Bay Boat ramp,2018-03-21 08:00:00,Akaroa,0.0,0.0,0.0,0.0,0.0,0.0,ebbing,medium,muddy,4,grass,1,1,0,0.0,0.0,0.533428464,0.7148111,1.139687675,1.2,2.5,200.015268,179.8862138,116.5797228,110,-43.785037,172.967554,3,12,2,0,8,0,Alongshore,Alongshore,Offshore,14.4,0.0625
2329,Takamatua Bay Boat ramp,2018-11-14 10:00:00,Akaroa,0.0,0.0,0.0,0.0,0.0,0.0,ebbing,medium,muddy,4,grass,1,1,0,0.0,0.0,0.221283063,0.899408435,2.904978708,1.0,2.3,278.6927863,288.5805981,305.6847602,110,-43.785037,172.967554,11,46,2,0,10,0,Onshore,Onshore,Onshore,,0.0
2330,Takamatua Bay Boat ramp,2018-11-19 12:00:00,Akaroa,0.0,0.0,0.8,27.6,28.0,28.6,incoming,medium,muddy,4,grass,1,1,0,11.4,11.0,1.623667897,2.46024795,5.85027298,-0.3,2.2,239.6907202,244.6010222,224.8912848,110,-43.785037,172.967554,11,47,0,0,12,0,Alongshore,Alongshore,Alongshore,10.0,0.0
2331,Takamatua Bay Boat ramp,2018-11-21 10:00:00,Akaroa,0.0,0.0,0.0,13.2,26.6,54.2,incoming,medium,muddy,4,grass,1,1,0,6.0,13.0,0.888617512,1.254130415,1.562768919,-4.0,2.3,236.8430376,218.2036448,95.26579655,110,-43.785037,172.967554,11,47,2,0,10,0,Alongshore,Alongshore,Offshore,85.0,0.0
2332,Takamatua Bay Boat ramp,2018-11-29 10:00:00,Akaroa,0.0,0.0,0.0,0.2,21.6,23.0,ebbing,medium,muddy,4,grass,1,1,0,4.0,20.0,1.200284311,1.417488887,2.761075538,1.4,2.7,47.58993478,48.28649816,69.60033523,110,-43.785037,172.967554,11,48,3,0,10,0,Alongshore,Alongshore,Offshore,58.333333333333336,0.0
2333,Takamatua Bay Boat ramp,2018-12-03 12:00:00,Akaroa,0.6,1.4,2.4,2.8,4.8,5.4,incoming,medium,muddy,4,grass,1,1,0,0.6,19.0,4.709608089,5.183743878,5.071153071,-0.5,2.6,42.00980755,41.01507406,38.73429867,110,-43.785037,172.967554,12,49,0,0,12,0,Alongshore,Alongshore,Alongshore,48.75,0.0
2334,Takamatua Bay Boat ramp,2018-12-05 11:00:00,Akaroa,0.0,0.0,0.0,0.0,1.0,3.6,incoming,medium,muddy,4,grass,1,1,0,0.2,5.0,3.647888688,4.835732324,5.831608689,-3.4,2.6,279.153755,320.9922512,347.4158976,110,-43.785037,172.967554,12,49,2,0,11,0,Onshore,Onshore,Alongshore,184.4,0.16666666666666666
2335,Takamatua Bay Boat ramp,2018-12-11 08:00:00,Akaroa,0.0,0.0,0.0,0.0,0.0,0.0,ebbing,medium,muddy,4,grass,1,1,0,0.0,0.0,1.725245219,1.783435621,2.542398939,1.6,2.4,37.52011283,56.40263323,51.73360471,110,-43.785037,172.967554,12,50,1,0,8,0,Alongshore,Alongshore,Alongshore,188.6,0.14285714285714285
2336,Takamatua Bay Boat ramp,2018-12-17 11:00:00,Akaroa,0.0,0.0,0.0,0.0,0.0,0.0,incoming,medium,muddy,4,grass,1,1,0,0.0,0.0,0.989382831,1.322039939,3.040493656,-0.1,2.1,297.6688337,295.7727583,348.7539315,110,-43.785037,172.967554,12,51,0,0,11,0,Onshore,Onshore,Alongshore,157.6,0.125
2337,Takamatua Bay Boat ramp,2018-12-28 09:00:00,Akaroa,0.0,0.0,0.0,0.0,0.0,0.0,ebbing,medium,muddy,4,grass,1,1,0,0.0,0.0,1.320384237,2.185536697,3.159770192,0.7,2.7,45.78348785,56.42401065,73.15423108,110,-43.785037,172.967554,12,52,4,0,9,1,Alongshore,Alongshore,Offshore,158.6,0.1111111111111111
2338,Takamatua Bay Boat ramp,2019-01-09 07:00:00,Akaroa,0.0,0.0,0.0,0.0,0.0,5.4,ebbing,medium,muddy,4,grass,1,1,0,0.0,0.0,3.325904594,4.296182873,4.996173907,1.2,2.3,40.78021402,44.3756563,46.41772352,110,-43.785037,172.967554,1,2,2,0,7,0,Alongshore,Alongshore,Alongshore,160.8,0.1
2339,Takamatua Bay Boat ramp,2019-01-14 11:00:00,Akaroa,12.0,33.0,33.4,33.6,33.6,33.6,ebbing,medium,muddy,4,grass,1,1,0,14.6,9.0,8.75281409,8.648012138,8.414770023,1.3,2.2,208.1849654,220.055382,223.9710462,110,-43.785037,172.967554,1,3,0,0,11,0,Alongshore,Alongshore,Alongshore,37.2,0.09090909090909091
2340,Takamatua Bay Boat ramp,2019-01-16 13:00:00,Akaroa,0.0,0.0,0.0,0.0,0.0,33.6,ebbing,medium,muddy,4,grass,1,1,0,0.0,0.0,1.964602418,3.676377908,4.984803991,1.8,2.2,354.7937112,349.5238317,346.4808177,110,-43.785037,172.967554,1,3,2,0,13,0,Alongshore,Alongshore,Alongshore,99.0,0.16666666666666666
2341,Takamatua Bay Boat ramp,2019-01-25 08:00:00,Akaroa,0.0,0.0,0.0,0.0,9.4,9.6,ebbing,medium,muddy,4,grass,1,1,0,3.8,4.0,1.191041497,0.690564884,0.402138858,0.9,2.8,144.6567151,117.3716409,94.71490637,110,-43.785037,172.967554,1,4,4,0,8,0,Offshore,Offshore,Offshore,104.2,0.15384615384615385
2342,Takamatua Bay Boat ramp,2019-01-30 11:00:00,Akaroa,0.0,0.0,0.0,0.0,0.0,0.0,incoming,medium,muddy,4,grass,1,1,0,0.0,0.0,0.123611706,0.988855807,2.208951487,-0.9,2.4,307.3808383,315.8722861,171.3336953,110,-43.785037,172.967554,1,5,2,0,11,0,Onshore,Onshore,Alongshore,108.4,0.14285714285714285
2343,Takamatua Bay Boat ramp,2019-02-08 07:00:00,Akaroa,0.0,0.0,0.0,0.0,0.0,0.0,ebbing,medium,muddy,4,grass,1,1,0,0.0,0.0,3.33275142,3.120576988,3.159507289,0.8,2.3,35.58772891,39.34670031,44.1211562,110,-43.785037,172.967554,2,6,4,0,7,1,Alongshore,Alongshore,Alongshore,103.2,0.13333333333333333
2344,Takamatua Bay Boat ramp,2019-02-13 10:00:00,Akaroa,0.0,0.0,0.0,0.0,0.0,0.0,ebbing,medium,muddy,4,grass,1,1,0,0.0,0.0,0.573530231,0.846685219,2.329621148,0.1,2.2,298.5133607,292.2989962,343.046239,110,-43.785037,172.967554,2,7,2,0,10,0,Onshore,Onshore,Alongshore,83.4,0.125
2345,Takamatua Bay Boat ramp,2019-02-18 12:00:00,Akaroa,0.0,0.0,0.0,0.0,0.0,0.8,incoming,medium,muddy,4,grass,1,1,0,0.0,0.0,0.397700002,1.399757837,2.757529575,-2.2,2.6,296.98537,284.2860076,220.3343394,110,-43.785037,172.967554,2,8,0,0,12,0,Onshore,Onshore,Alongshore,16.4,0.11764705882352941
2346,Takamatua Bay Boat ramp,2019-02-25 10:00:00,Akaroa,0.0,0.2,1.6,22.2,22.2,22.2,ebbing,medium,muddy,4,grass,1,1,0,6.8,12.0,4.463163303,4.16178084,4.118753139,1.1,2.6,184.1602858,179.6989723,178.6681695,110,-43.785037,172.967554,2,9,0,0,10,0,Alongshore,Alongshore,Alongshore,11.2,0.1111111111111111
2347,Takamatua Bay Boat ramp,2019-11-18 08:00:00,Akaroa,0.0,0.0,0.0,0.0,0.0,0.0,incoming,medium,muddy,4,grass,1,1,0,0.0,0.0,2.01073276,3.01090164,3.289320012,-0.1,2.5,311.1705911,341.722368,26.57668663,110,-43.785037,172.967554,11,47,0,0,8,0,Onshore,Alongshore,Alongshore,,0.0
2348,Takamatua Bay Boat ramp,2019-11-20 10:00:00,Akaroa,5.4,9.4,9.6,9.6,11.6,11.6,ebbing,medium,muddy,4,grass,1,1,0,3.0,9.0,1.90759182,2.370268371,2.104767331,0.2,2.5,286.309735,240.055876,255.9118032,110,-43.785037,172.967554,11,47,2,0,10,0,Onshore,Alongshore,Onshore,697.0,0.5
2349,Takamatua Bay Boat ramp,2019-11-22 12:00:00,Akaroa,0.0,0.0,0.0,0.0,2.0,11.6,ebbing,medium,muddy,4,grass,1,1,0,1.8,2.0,0.184695883,0.611337313,1.667963027,0.5,2.6,312.0274205,310.8390932,178.4786941,110,-43.785037,172.967554,11,47,4,0,12,0,Onshore,Onshore,Alongshore,662.0,0.6666666666666666
2350,Takamatua Bay Boat ramp,2019-11-25 13:00:00,Akaroa,0.0,0.0,0.0,0.0,0.0,0.0,incoming,medium,muddy,4,grass,1,1,0,0.0,0.0,3.396985195,5.974318933,6.673180062,-1.2,2.7,12.18915268,18.50731001,27.62236371,110,-43.785037,172.967554,11,48,0,0,13,0,Alongshore,Alongshore,Alongshore,585.3333333333334,0.75
2351,Takamatua Bay Boat ramp,2019-12-05 11:00:00,Akaroa,0.0,0.0,0.0,0.0,0.0,0.0,incoming,medium,muddy,4,grass,1,1,0,0.0,0.0,2.263625149,2.820723113,6.318904887,-0.1,2.2,7.192350392,11.47337109,12.13588284,110,-43.785037,172.967554,12,49,3,0,11,0,Alongshore,Alongshore,Alongshore,441.5,0.6
2352,Takamatua Bay Boat ramp,2019-12-11 13:00:00,Akaroa,0.0,0.0,0.0,0.0,0.0,1.6,incoming,medium,muddy,4,grass,1,1,0,0.0,0.0,0.942133452,3.230263789,4.720458546,-1.6,2.3,265.6590367,277.0458706,273.3462029,110,-43.785037,172.967554,12,50,2,0,13,0,Onshore,Onshore,Onshore,355.2,0.5
2353,Takamatua Bay Boat ramp,2019-12-18 10:00:00,Akaroa,1.4,9.2,28.0,39.8,46.4,46.4,ebbing,medium,muddy,4,grass,1,1,0,5.2,24.0,10.33837242,11.05700926,12.34046484,1.6,2.6,222.9448721,219.9116701,222.5184873,110,-43.785037,172.967554,12,51,2,0,10,0,Alongshore,Alongshore,Alongshore,216.8,0.42857142857142855
2354,Takamatua Bay Boat ramp,2019-12-20 10:00:00,Akaroa,0.0,0.0,0.0,0.0,0.0,39.8,incoming,medium,muddy,4,grass,1,1,0,0.0,0.0,9.012768283,10.88798636,11.40720842,-0.6,2.6,275.5496164,296.0050606,316.8535212,110,-43.785037,172.967554,12,51,4,0,10,1,Onshore,Onshore,Onshore,230.8,0.5
2355,Takamatua Bay Boat ramp,2020-01-03 10:00:00,Akaroa,0.0,0.0,0.0,0.0,0.0,0.0,ebbing,medium,muddy,4,grass,1,1,0,0.0,0.0,0.805443544,1.909408214,3.591119674,0.4,2.1,213.5156778,212.9318311,192.7343857,110,-43.785037,172.967554,1,1,4,0,10,1,Alongshore,Alongshore,Alongshore,148.4,0.4444444444444444
2356,Takamatua Bay Boat ramp,2020-01-08 13:00:00,Akaroa,0.0,0.0,0.0,0.0,2.0,2.0,incoming,medium,muddy,4,grass,1,1,0,0.8,4.0,2.378370913,2.921379385,3.230522844,-0.3,2.2,261.4534625,257.7348755,235.9463212,110,-43.785037,172.967554,1,2,2,0,13,0,Onshore,Onshore,Alongshore,147.4,0.4
2357,Takamatua Bay Boat ramp,2020-01-10 09:00:00,Akaroa,0.0,0.0,0.0,0.0,0.0,0.0,ebbing,medium,muddy,4,grass,1,1,0,0.0,0.0,0.831494484,0.291877449,0.554668278,6.1,2.5,310.3318258,118.7312752,116.9429561,110,-43.785037,172.967554,1,2,4,0,9,0,Onshore,Offshore,Offshore,185.2,0.36363636363636365
2358,Takamatua Bay Boat ramp,2020-01-16 10:00:00,Akaroa,0.0,0.0,0.0,0.0,0.0,0.2,ebbing,medium,muddy,4,grass,1,1,0,0.0,0.0,0.249847142,1.064142995,2.521154736,1.5,2.6,18.07493883,20.85135754,6.070993153,110,-43.785037,172.967554,1,3,3,0,10,0,Alongshore,Alongshore,Alongshore,186.2,0.3333333333333333
2359,Takamatua Bay Boat ramp,2020-01-22 12:00:00,Akaroa,0.0,0.0,0.0,0.0,0.0,0.0,incoming,medium,muddy,4,grass,1,1,0,0.0,0.0,1.556818471,2.526451428,3.434381543,-1.7,2.5,292.3925973,316.2047452,349.9853304,110,-43.785037,172.967554,1,4,2,0,12,0,Onshore,Onshore,Alongshore,47.8,0.3076923076923077
2360,Takamatua Bay Boat ramp,2020-01-30 09:00:00,Akaroa,0.0,0.0,0.0,0.0,0.0,0.0,ebbing,medium,muddy,4,grass,1,1,0,0.0,0.0,3.128116222,0.857724808,1.037435279,0.9,2.2,52.07018941,187.2692834,218.4480787,110,-43.785037,172.967554,1,5,3,0,9,0,Alongshore,Alongshore,Alongshore,44.8,0.2857142857142857
2361,Takamatua Bay Boat ramp,2020-02-04 12:00:00,Akaroa,0.0,0.0,0.0,0.0,0.0,0.2,ebbing,medium,muddy,4,grass,1,1,0,0.0,0.0,5.271813977,7.438389856,8.252996509,0.1,2.1,12.6489764,13.79968999,15.87553596,110,-43.785037,172.967554,2,6,1,0,12,1,Alongshore,Alongshore,Alongshore,44.8,0.26666666666666666
2362,Takamatua Bay Boat ramp,2020-02-12 08:00:00,Akaroa,0.0,0.0,0.0,0.0,0.0,0.0,ebbing,medium,muddy,4,grass,1,1,0,0.0,0.0,0.729404563,0.78578536,0.47092847,2.0,2.7,114.5082427,92.69154173,201.9896455,110,-43.785037,172.967554,2,7,2,0,8,0,Offshore,Offshore,Alongshore,11.2,0.25
2363,Takamatua Bay Boat ramp,2020-02-20 12:00:00,Akaroa,0.0,0.0,0.0,0.0,0.0,0.0,incoming,medium,muddy,4,grass,1,1,0,0.0,0.0,1.001967242,1.978856404,4.413856141,-1.8,2.4,46.75770402,49.05585676,83.97532596,110,-43.785037,172.967554,2,8,3,0,12,0,Alongshore,Alongshore,Offshore,10.2,0.23529411764705882
2364,Takamatua Bay Boat ramp,2020-02-28 09:00:00,Akaroa,0.0,0.0,0.0,0.0,0.0,0.0,ebbing,medium,muddy,4,grass,1,1,0,0.0,0.0,1.533002642,0.82841108,1.038992723,2.0,2.2,62.58954001,106.3808061,90.26431136,110,-43.785037,172.967554,2,9,4,0,9,0,Alongshore,Offshore,Offshore,10.2,0.2222222222222222
2365,Takamatua Bay Boat ramp,2020-03-04 12:00:00,Akaroa,0.0,0.0,1.2,1.8,1.8,1.8,ebbing,medium,muddy,4,grass,1,1,0,0.4,6.0,5.341257105,5.263108013,5.875504092,0.6,2.1,212.9573513,203.6352378,205.7046767,110,-43.785037,172.967554,3,10,2,0,12,0,Alongshore,Alongshore,Alongshore,10.2,0.21052631578947367
2366,Takamatua Bay Boat ramp,2020-03-17 11:00:00,Akaroa,0.0,0.0,0.0,0.0,0.0,0.0,ebbing,medium,muddy,4,grass,1,1,0,0.0,0.0,4.583742542,4.383484697,4.947122379,0.2,2.5,213.189589,204.7726605,205.049255,110,-43.785037,172.967554,3,12,1,0,11,0,Alongshore,Alongshore,Alongshore,10.2,0.2
2367,Takamatua Bay Boat ramp,2020-11-10 12:00:00,Akaroa,0.0,0.0,0.0,0.0,0.6,73.8,ebbing,medium,muddy,4,grass,1,1,0,0.4,2.0,0.872064026,0.467013229,1.685337443,0.9,2.4,117.2397771,72.56290297,88.16004664,110,-43.785037,172.967554,11,46,1,0,12,0,Offshore,Offshore,Offshore,,0.0
2368,Takamatua Bay Boat ramp,2020-11-23 11:00:00,Akaroa,0.0,0.0,0.0,0.2,13.6,13.6,ebbing,medium,muddy,4,grass,1,1,0,4.4,9.0,1.67310261,1.550945589,3.740058024,0.6,2.4,251.5712691,264.1886209,227.1038681,110,-43.785037,172.967554,11,48,0,0,11,0,Onshore,Onshore,Alongshore,10.0,0.0
2369,Takamatua Bay Boat ramp,2020-12-03 08:00:00,Akaroa,0.0,0.0,0.0,0.0,0.0,4.4,ebbing,medium,muddy,4,grass,1,1,0,0.0,0.0,1.558118158,3.444621315,7.763418397,2.1,2.4,257.3992864,238.4743491,275.5257753,110,-43.785037,172.967554,12,49,3,0,8,0,Onshore,Alongshore,Onshore,7.5,0.0
2370,Takamatua Bay Boat ramp,2020-12-10 11:00:00,Akaroa,0.0,0.0,0.0,0.0,0.0,0.0,incoming,medium,muddy,4,grass,1,1,0,0.0,0.0,1.066691009,2.002025868,4.354007752,-0.6,2.5,238.5027172,250.3066128,215.0798939,110,-43.785037,172.967554,12,50,3,0,11,0,Alongshore,Onshore,Alongshore,6.666666666666667,0.0
2371,Takamatua Bay Boat ramp,2020-12-14 09:00:00,Akaroa,0.0,0.0,0.2,0.2,0.2,4.8,ebbing,medium,muddy,4,grass,1,1,0,0.2,1.0,4.15972352,4.437625664,5.054156917,5.9,2.7,219.6257645,221.221235,226.2720351,110,-43.785037,172.967554,12,51,0,0,9,0,Alongshore,Alongshore,Alongshore,91.25,0.2
2372,Takamatua Bay Boat ramp,2020-12-17 07:00:00,Akaroa,0.0,0.0,0.0,0.0,0.0,0.0,ebbing,medium,muddy,4,grass,1,1,0,0.0,0.0,1.177173362,0.6959127,0.184733275,1.4,2.8,123.6577892,62.75758039,57.17264913,110,-43.785037,172.967554,12,51,3,0,7,0,Offshore,Alongshore,Alongshore,75.0,0.16666666666666666
2373,Takamatua Bay Boat ramp,2020-12-22 10:00:00,Akaroa,1.2,3.8,3.8,5.6,11.4,11.4,ebbing,medium,muddy,4,grass,1,1,0,2.4,15.0,1.390579861,1.410879675,1.264048312,0.1,2.3,107.1042309,111.2040926,75.84735265,110,-43.785037,172.967554,12,52,1,0,10,1,Offshore,Offshore,Offshore,77.0,0.14285714285714285
2374,Takamatua Bay Boat ramp,2020-12-29 13:00:00,Akaroa,0.0,0.0,0.0,0.0,0.0,23.6,incoming,medium,muddy,4,grass,1,1,0,0.0,0.0,0.818547032,2.982317419,3.509348721,-2.3,2.2,324.5938288,305.6465401,299.9148438,110,-43.785037,172.967554,12,53,1,0,13,1,Onshore,Onshore,Onshore,82.2,0.125
2375,Takamatua Bay Boat ramp,2021-01-11 14:00:00,Akaroa,0.0,0.0,0.0,0.0,1.6,1.6,incoming,medium,muddy,4,grass,1,1,0,0.8,4.0,2.936516678,3.12623297,1.476633603,-0.3,2.6,259.5319998,251.8000029,230.6846311,110,-43.785037,172.967554,1,2,0,0,14,0,Onshore,Onshore,Alongshore,82.2,0.1111111111111111
2376,Takamatua Bay Boat ramp,2021-01-19 09:00:00,Akaroa,0.0,0.0,0.0,0.0,2.6,2.6,ebbing,medium,muddy,4,grass,1,1,0,1.8,2.0,3.361410175,4.762489724,6.43091432,0.7,2.3,16.80307436,25.74485435,33.8488031,110,-43.785037,172.967554,1,3,1,0,9,0,Alongshore,Alongshore,Alongshore,17.2,0.1
2377,Takamatua Bay Boat ramp,2021-01-26 12:00:00,Akaroa,0.0,0.0,0.0,0.0,0.0,0.0,incoming,medium,muddy,4,grass,1,1,0,0.0,0.0,1.109365006,1.491491445,2.723174757,-2.0,2.1,314.2139959,344.8805647,25.29691694,110,-43.785037,172.967554,1,4,1,0,12,0,Onshore,Alongshore,Alongshore,34.4,0.09090909090909091
2378,Takamatua Bay Boat ramp,2021-02-03 10:00:00,Akaroa,0.0,0.0,0.0,0.0,0.0,0.0,ebbing,medium,muddy,4,grass,1,1,0,0.0,0.0,1.33440373,0.486648109,2.30367254,1.4,2.5,285.7293954,315.1185288,34.45230427,110,-43.785037,172.967554,2,5,2,0,10,1,Onshore,Onshore,Alongshore,34.4,0.08333333333333333
2379,Takamatua Bay Boat ramp,2021-02-09 13:00:00,Akaroa,0.0,0.0,0.0,0.0,0.0,0.0,incoming,medium,muddy,4,grass,1,1,0,0.0,0.0,3.309426346,5.507470585,4.751898969,-0.5,2.5,11.33442926,12.48914028,26.65175762,110,-43.785037,172.967554,2,6,1,0,13,1,Alongshore,Alongshore,Alongshore,50.2,0.07692307692307693
2380,Takamatua Bay Boat ramp,2021-02-17 11:00:00,Akaroa,0.0,0.0,0.0,0.0,5.2,5.2,ebbing,medium,muddy,4,grass,1,1,0,1.4,8.0,0.459236495,1.313582148,2.528108023,2.5,2.3,282.8210644,261.0268489,222.9124466,110,-43.785037,172.967554,2,7,2,0,11,0,Onshore,Onshore,Alongshore,57.4,0.07142857142857142
2381,Takamatua Bay Boat ramp,2021-02-23 13:00:00,Akaroa,0.0,0.0,0.0,0.0,0.0,0.0,ebbing,medium,muddy,4,grass,1,1,0,0.0,0.0,5.169669093,8.171372424,8.7939868,0.8,2.1,12.09503286,8.570097509,7.174964762,110,-43.785037,172.967554,2,8,1,0,13,0,Alongshore,Alongshore,Alongshore,54.4,0.06666666666666667
2382,Takamatua Bay Boat ramp,2021-03-04 09:00:00,Akaroa,0.0,0.0,0.0,0.0,0.0,0.0,ebbing,medium,muddy,4,grass,1,1,0,0.0,0.0,1.87605012,1.589550342,1.151339586,1.4,2.6,62.53720744,84.65509991,61.70944308,110,-43.785037,172.967554,3,9,3,0,9,0,Alongshore,Offshore,Alongshore,37.2,0.0625
2383,Takamatua Bay Boat ramp,2021-11-26 10:00:00,Akaroa,0.0,0.0,0.0,0.0,0.0,0.2,ebbing,medium,muddy,4,grass,1,1,0,0.0,0.0,1.368632964,0.687794301,1.674908428,1.4,2.2,263.1709523,205.3354252,95.39206903,110,-43.785037,172.967554,11,47,4,0,10,0,Onshore,Alongshore,Offshore,,0.0
2384,Takamatua Bay Boat ramp,2021-12-02 12:00:00,Akaroa,0.0,0.0,0.0,0.0,0.0,0.0,incoming,medium,muddy,4,grass,1,1,0,0.0,0.0,4.396170964,4.938592706,5.496778133,-1.4,2.5,34.55753028,37.26118277,39.21332552,110,-43.785037,172.967554,12,48,3,0,12,0,Alongshore,Alongshore,Alongshore,10.0,0.0
2385,Takamatua Bay Boat ramp,2021-12-09 10:00:00,Akaroa,0.0,0.0,0.0,0.0,0.0,5.2,ebbing,medium,muddy,4,grass,1,1,0,0.0,0.0,0.358293073,1.072566646,2.399193447,1.8,2.7,279.70838,270.0073214,182.2382017,110,-43.785037,172.967554,12,49,3,0,10,0,Onshore,Onshore,Alongshore,7.5,0.0
2386,Takamatua Bay Boat ramp,2021-12-13 10:00:00,Akaroa,0.0,0.0,0.0,0.0,3.6,4.2,incoming,medium,muddy,4,grass,1,1,0,0.8,8.0,3.023301739,3.463149051,4.093471298,-1.2,2.4,22.45458404,31.95998679,41.14137922,110,-43.785037,172.967554,12,50,0,0,10,0,Alongshore,Alongshore,Alongshore,57.666666666666664,0.0
2387,Takamatua Bay Boat ramp,2021-12-15 11:00:00,Akaroa,6.2,9.2,9.6,9.6,9.6,9.6,incoming,medium,muddy,4,grass,1,1,0,2.4,7.0,2.879659072,5.072735982,5.820506126,-1.8,2.3,111.0507288,112.4956921,106.0543855,110,-43.785037,172.967554,12,50,2,0,11,0,Offshore,Offshore,Offshore,51.0,0.0
2388,Takamatua Bay Boat ramp,2021-12-23 08:00:00,Akaroa,0.0,0.0,0.0,0.0,0.0,0.0,ebbing,medium,muddy,4,grass,1,1,0,0.0,0.0,1.997894392,3.928503396,2.288122505,2.0,2.3,80.01680444,105.680479,69.51139669,110,-43.785037,172.967554,12,51,3,0,8,1,Offshore,Offshore,Offshore,44.8,0.0
2389,Takamatua Bay Boat ramp,2021-12-30 13:00:00,Akaroa,0.0,0.0,0.0,0.0,1.6,8.4,ebbing,medium,muddy,4,grass,1,1,0,0.8,5.0,0.382204459,2.379909739,3.513592679,0.5,2.4,243.0503833,260.6897817,282.2177901,110,-43.785037,172.967554,12,52,3,0,13,1,Alongshore,Onshore,Onshore,57.4,0.0
2390,Takamatua Bay Boat ramp,2022-01-07 08:00:00,Akaroa,0.0,0.0,0.0,0.4,0.4,0.4,ebbing,medium,muddy,4,grass,1,1,0,0.2,2.0,5.556038205,6.182667333,6.252907606,1.1,2.7,208.2119903,206.2303907,203.8242658,110,-43.785037,172.967554,1,1,4,0,8,0,Alongshore,Alongshore,Alongshore,58.4,0.0
2391,Takamatua Bay Boat ramp,2022-01-12 12:00:00,Akaroa,0.0,0.0,0.0,0.0,0.0,0.0,ebbing,medium,muddy,4,grass,1,1,0,0.0,0.0,1.615680541,2.23599679,3.109946209,0.4,2.2,128.8043683,141.1471193,128.9626389,110,-43.785037,172.967554,1,2,2,0,12,0,Offshore,Offshore,Offshore,27.8,0.0
2392,Takamatua Bay Boat ramp,2022-01-14 12:00:00,Akaroa,0.0,0.0,0.0,0.0,4.8,4.8,incoming,medium,muddy,4,grass,1,1,0,1.6,4.0,0.34295084,1.397430289,3.490086361,-1.5,2.2,271.9973451,289.5166428,265.0593379,110,-43.785037,172.967554,1,2,4,0,12,0,Onshore,Onshore,Onshore,50.6,0.0
2393,Takamatua Bay Boat ramp,2022-01-20 06:00:00,Akaroa,1.0,5.0,10.6,10.6,10.6,10.6,ebbing,medium,muddy,4,grass,1,1,0,2.0,10.0,5.020795193,4.363679647,3.799156544,0.6,2.4,189.9561183,200.8288796,209.7733818,110,-43.785037,172.967554,1,3,3,0,6,0,Alongshore,Alongshore,Alongshore,48.6,0.0
2394,Takamatua Bay Boat ramp,2022-01-24 12:00:00,Akaroa,0.0,0.0,0.0,0.0,0.4,0.4,ebbing,medium,muddy,4,grass,1,1,0,0.2,2.0,0.890676241,2.394023624,3.564089725,3.2,2.4,23.0557906,13.88444621,27.22902295,110,-43.785037,172.967554,1,4,0,0,12,0,Alongshore,Alongshore,Alongshore,66.0,0.0
2395,Takamatua Bay Boat ramp,2022-01-26 11:00:00,Akaroa,0.0,0.0,0.0,0.0,0.0,0.0,ebbing,medium,muddy,4,grass,1,1,0,0.0,0.0,0.622171643,1.551314169,2.319663405,0.5,2.4,277.9021498,270.2745937,275.3283061,110,-43.785037,172.967554,1,4,2,0,11,0,Onshore,Onshore,Onshore,66.0,0.0
2396,Takamatua Bay Boat ramp,2022-02-01 16:00:00,Akaroa,0.0,0.0,0.0,0.0,0.0,0.0,ebbing,medium,muddy,4,grass,1,1,0,0.0,0.0,3.731517548,5.09096323,4.862106106,0.3,2.6,11.38312813,3.204128639,11.14428258,110,-43.785037,172.967554,2,5,1,0,16,1,Alongshore,Alongshore,Alongshore,67.0,0.0
2397,Takamatua Bay Boat ramp,2022-02-10 12:00:00,Akaroa,0.4,1.6,7.2,17.6,17.6,17.6,ebbing,medium,muddy,4,grass,1,1,0,3.0,15.0,2.095023652,0.327214793,1.27988068,0.8,2.2,298.5818866,311.6843508,10.26851336,110,-43.785037,172.967554,2,6,3,0,12,0,Onshore,Onshore,Alongshore,39.0,0.0
2398,Takamatua Bay Boat ramp,2022-02-15 15:00:00,Akaroa,0.0,0.0,0.0,0.0,3.8,66.8,ebbing,medium,muddy,4,grass,1,1,0,0.8,8.0,1.967401736,4.315910439,4.863898698,0.1,2.2,323.72842,317.2060102,316.2802594,110,-43.785037,172.967554,2,7,1,0,15,0,Onshore,Onshore,Onshore,71.2,0.0
2399,Takamatua Bay Boat ramp,2022-02-24 11:00:00,Akaroa,0.0,0.0,0.0,0.0,0.0,0.0,ebbing,medium,muddy,4,grass,1,1,0,0.0,0.0,2.321541717,2.975229483,4.097285808,0.8,2.4,34.1868365,37.18325798,43.32737244,110,-43.785037,172.967554,2,8,3,0,11,0,Alongshore,Alongshore,Alongshore,41.2,0.0
2400,Takamatua Bay Boat ramp,2022-03-10 11:00:00,Akaroa,0.0,0.0,0.0,0.0,0.0,0.0,ebbing,medium,muddy,4,grass,1,1,0,0.0,0.0,1.753700499,2.416178477,3.291946516,1.1,2.1,17.04823967,25.05203282,35.72565789,110,-43.785037,172.967554,3,10,3,0,11,0,Alongshore,Alongshore,Alongshore,41.2,0.0
2401,Taylors Mistake Beach Surf club,2013-11-22 09:00:00,Lyttelton,0.2,1.2,1.2,6.0,6.0,6.0,ebbing,deep,sandy,6,grass,2,0,0,2.4,7.0,4.820746838,6.744855421,10.19288102,1.1,2.3,51.20854926,44.82674201,40.675394,241,-43.5832393,172.7769814,11,47,4,0,9,0,Onshore,Onshore,Onshore,,0.0
2402,Taylors Mistake Beach Surf club,2013-11-27 13:00:00,Lyttelton,0.8,1.0,1.4,1.4,15.6,18.2,ebbing,deep,sandy,6,grass,2,0,0,2.8,20.0,6.307230744,10.64656453,11.65568437,1.2,2.2,49.72544086,50.39182912,49.25715626,241,-43.5832393,172.7769814,11,48,2,0,13,0,Onshore,Onshore,Onshore,5.0,0.0
2403,Taylors Mistake Beach Surf club,2013-12-04 08:00:00,Lyttelton,0.0,0.0,0.0,0.0,0.0,0.0,ebbing,deep,sandy,6,grass,2,0,0,0.0,0.0,8.028135319,8.628181675,5.581519845,3.4,2.6,221.2106705,218.3034521,227.0273983,241,-43.5832393,172.7769814,12,49,2,0,8,0,Offshore,Offshore,Offshore,7.5,0.0
2404,Taylors Mistake Beach Surf club,2013-12-11 13:00:00,Lyttelton,0.0,0.4,0.4,0.4,2.6,4.2,ebbing,deep,sandy,6,grass,2,0,0,1.2,5.0,3.923655394,1.817402044,6.652930427,1.4,2.5,64.76175057,73.30795727,45.70174005,241,-43.5832393,172.7769814,12,50,2,0,13,0,Onshore,Onshore,Onshore,8.333333333333334,0.0
2405,Taylors Mistake Beach Surf club,2013-12-18 08:00:00,Lyttelton,0.0,0.0,0.4,2.4,4.8,4.8,ebbing,deep,sandy,6,grass,2,0,0,1.8,7.0,6.064624756,7.363569365,8.422404687,3.1,2.3,17.29979008,23.45552338,29.77034913,241,-43.5832393,172.7769814,12,51,2,0,8,0,Onshore,Onshore,Onshore,8.75,0.0
2406,Taylors Mistake Beach Surf club,2013-12-23 09:00:00,Lyttelton,0.0,0.0,0.0,0.0,1.8,1.8,ebbing,deep,sandy,6,grass,2,0,0,0.8,3.0,7.209946766,8.050175914,8.982356979,0.7,2.2,28.79523307,29.46891139,26.54844583,241,-43.5832393,172.7769814,12,52,0,0,9,1,Onshore,Onshore,Onshore,8.0,0.0
2407,Taylors Mistake Beach Surf club,2014-01-08 11:00:00,Lyttelton,0.0,0.0,0.0,0.0,0.6,0.6,ebbing,deep,sandy,6,grass,2,0,0,0.6,1.0,8.189992938,10.14345572,17.42113219,0.3,2.5,199.6450041,203.9094337,245.8696431,241,-43.5832393,172.7769814,1,2,2,0,11,0,Offshore,Offshore,Offshore,8.0,0.0
2408,Taylors Mistake Beach Surf club,2014-01-15 07:00:00,Lyttelton,0.0,0.0,0.0,0.0,0.0,0.0,ebbing,deep,sandy,6,grass,2,0,0,0.0,0.0,3.485398007,3.67163637,5.217552867,3.4,2.3,20.66731707,1.978481483,316.7826995,241,-43.5832393,172.7769814,1,3,2,0,7,0,Onshore,Alongshore,Alongshore,7.0,0.0
2409,Taylors Mistake Beach Surf club,2014-01-22 10:00:00,Lyttelton,0.0,0.0,0.0,0.0,13.8,13.8,ebbing,deep,sandy,6,grass,2,0,0,3.6,13.0,6.546932463,7.476088441,9.227769987,1.3,2.2,56.58253115,49.25991932,40.76043328,241,-43.5832393,172.7769814,1,4,2,0,10,0,Onshore,Onshore,Onshore,6.0,0.0
2410,Taylors Mistake Beach Surf club,2014-01-30 07:00:00,Lyttelton,0.0,0.0,0.0,0.0,0.0,1.0,ebbing,deep,sandy,6,grass,2,0,0,0.0,0.0,10.37129351,6.904432017,2.453386898,3.2,2.6,44.07982811,48.68683061,49.00710738,241,-43.5832393,172.7769814,1,5,3,0,7,0,Onshore,Onshore,Onshore,5.0,0.0
2411,Taylors Mistake Beach Surf club,2014-02-04 11:00:00,Lyttelton,0.0,0.0,0.0,0.0,0.0,0.0,ebbing,deep,sandy,6,grass,2,0,0,0.0,0.0,9.350452024,9.530072015,10.0693195,3.3,2.6,67.3893691,56.33081851,49.47356199,241,-43.5832393,172.7769814,2,6,1,0,11,1,Onshore,Onshore,Onshore,5.0,0.0
2412,Taylors Mistake Beach Surf club,2014-02-12 14:00:00,Lyttelton,0.0,0.0,0.0,0.0,0.0,0.0,incoming,deep,sandy,6,grass,2,0,0,0.0,0.0,5.865965238,10.12665837,10.07913718,-1.2,2.2,208.4152597,212.7876724,219.3474135,241,-43.5832393,172.7769814,2,7,2,0,14,0,Offshore,Offshore,Offshore,5.0,0.0
2413,Taylors Mistake Beach Surf club,2014-02-19 11:00:00,Lyttelton,0.0,0.0,0.0,0.0,0.0,0.0,ebbing,deep,sandy,6,grass,2,0,0,0.0,0.0,2.610020043,6.576817552,8.099203807,3.7,2.2,52.50140678,35.30958128,17.855203,241,-43.5832393,172.7769814,2,8,2,0,11,0,Onshore,Onshore,Onshore,5.0,0.0
2414,Taylors Mistake Beach Surf club,2014-02-26 14:00:00,Lyttelton,0.0,0.0,0.0,0.0,0.0,2.0,ebbing,deep,sandy,6,grass,2,0,0,0.0,0.0,12.02268166,12.96244089,13.41619552,0.2,2.4,38.33517872,36.07082892,35.54949178,241,-43.5832393,172.7769814,2,9,2,0,14,0,Onshore,Onshore,Onshore,5.0,0.0
2415,Taylors Mistake Beach Surf club,2014-03-03 09:00:00,Lyttelton,5.8,8.8,8.8,8.8,8.8,28.0,ebbing,deep,sandy,6,grass,2,0,0,5.2,4.0,11.20431588,16.8487585,16.41400216,3.0,2.6,225.7355452,219.243837,239.8764932,241,-43.5832393,172.7769814,3,10,0,0,9,0,Offshore,Offshore,Offshore,5.0,0.0
2416,Taylors Mistake Beach Surf club,2014-11-17 13:00:00,Lyttelton,0.0,0.0,0.0,0.0,0.0,0.0,ebbing,deep,sandy,6,grass,2,0,0,0.0,0.0,9.651857584,10.31861796,9.776861544,0.9,2.2,46.62148057,43.88037636,38.83468081,241,-43.5832393,172.7769814,11,47,0,0,13,0,Onshore,Onshore,Onshore,,0.0
2417,Taylors Mistake Beach Surf club,2014-11-26 11:00:00,Lyttelton,0.0,0.0,0.0,1.6,1.6,1.6,ebbing,deep,sandy,6,grass,2,0,0,1.0,2.0,10.15466994,11.81245129,5.349278291,3.9,2.5,247.0985757,275.2416399,284.9253135,241,-43.5832393,172.7769814,11,48,2,0,11,0,Offshore,Offshore,Offshore,5.0,0.0
2418,Taylors Mistake Beach Surf club,2014-12-03 12:00:00,Lyttelton,0.0,0.0,0.0,0.0,1.2,12.8,incoming,deep,sandy,6,grass,2,0,0,0.6,3.0,6.484462971,9.284046219,10.2272638,-1.8,2.4,60.7037801,55.05742525,45.08351097,241,-43.5832393,172.7769814,12,49,2,0,12,0,Onshore,Onshore,Onshore,5.0,0.0
2419,Taylors Mistake Beach Surf club,2014-12-10 11:00:00,Lyttelton,0.0,0.2,0.2,0.2,0.2,0.2,ebbing,deep,sandy,6,grass,2,0,0,0.2,1.0,13.31979521,18.36494379,15.5949393,4.0,2.4,208.1363526,212.4761819,215.1811536,241,-43.5832393,172.7769814,12,50,2,0,11,0,Offshore,Offshore,Offshore,5.0,0.0
2420,Taylors Mistake Beach Surf club,2014-12-17 12:00:00,Lyttelton,0.0,0.0,0.0,0.0,0.0,0.0,incoming,deep,sandy,6,grass,2,0,0,0.0,0.0,15.55923227,15.42904455,15.23168273,-0.1,2.2,43.0437662,46.65712483,45.67699558,241,-43.5832393,172.7769814,12,51,2,0,12,0,Onshore,Onshore,Onshore,5.0,0.0
2421,Taylors Mistake Beach Surf club,2014-12-23 08:00:00,Lyttelton,0.0,0.0,0.0,0.0,7.4,7.4,ebbing,deep,sandy,6,grass,2,0,0,3.4,7.0,4.177032026,2.065955217,1.972524678,3.0,2.5,51.05377531,60.76747674,46.07935227,241,-43.5832393,172.7769814,12,52,1,0,8,1,Onshore,Onshore,Onshore,5.0,0.0
2422,Taylors Mistake Beach Surf club,2015-01-07 10:00:00,Lyttelton,0.0,0.0,0.0,0.0,0.0,0.0,ebbing,deep,sandy,6,grass,2,0,0,0.0,0.0,2.406066211,0.803080174,3.983019138,3.6,2.4,206.6173779,269.9824342,13.30556294,241,-43.5832393,172.7769814,1,2,2,0,10,0,Offshore,Offshore,Alongshore,5.0,0.0
2423,Taylors Mistake Beach Surf club,2015-01-14 12:00:00,Lyttelton,0.0,11.4,15.6,15.8,16.0,16.0,ebbing,deep,sandy,6,grass,2,0,0,5.8,6.0,3.045159841,4.013896365,8.424943145,0.8,2.2,46.98801058,47.60649355,42.97554254,241,-43.5832393,172.7769814,1,3,2,0,12,0,Onshore,Onshore,Onshore,5.0,0.0
2424,Taylors Mistake Beach Surf club,2015-01-21 08:00:00,Lyttelton,0.0,0.4,0.4,0.4,0.4,0.4,ebbing,deep,sandy,6,grass,2,0,0,0.2,2.0,2.618587504,0.490846684,0.933266343,3.5,2.6,115.8431565,306.7716775,324.1575315,241,-43.5832393,172.7769814,1,4,2,0,8,0,Alongshore,Alongshore,Alongshore,5.0,0.0
2425,Taylors Mistake Beach Surf club,2015-01-28 12:00:00,Lyttelton,0.2,0.2,0.2,0.2,0.2,0.2,ebbing,deep,sandy,6,grass,2,0,0,0.2,1.0,6.975507744,7.068876525,8.166398606,0.8,2.4,53.31428165,50.04831846,45.78371277,241,-43.5832393,172.7769814,1,5,2,0,12,0,Onshore,Onshore,Onshore,5.0,0.0
2426,Taylors Mistake Beach Surf club,2015-02-04 08:00:00,Lyttelton,0.0,0.0,0.0,0.0,0.0,0.0,ebbing,deep,sandy,6,grass,2,0,0,0.0,0.0,9.681492075,8.924746972,8.494225338,3.8,2.3,3.287568407,10.37027712,21.50777145,241,-43.5832393,172.7769814,2,6,2,0,8,1,Alongshore,Alongshore,Onshore,8.0,0.0
2427,Taylors Mistake Beach Surf club,2015-02-11 11:00:00,Lyttelton,0.0,0.0,0.0,0.0,0.0,0.0,ebbing,deep,sandy,6,grass,2,0,0,0.0,0.0,5.390607659,7.05384362,8.529298841,1.0,2.1,67.12898578,57.90846284,45.57365438,241,-43.5832393,172.7769814,2,7,2,0,11,0,Onshore,Onshore,Onshore,8.0,0.0
2428,Taylors Mistake Beach Surf club,2015-02-18 08:00:00,Lyttelton,0.0,0.0,0.0,0.0,0.0,0.0,ebbing,deep,sandy,6,grass,2,0,0,0.0,0.0,7.93803164,5.01700593,1.542961998,5.0,2.6,340.7528698,35.63766445,39.70770948,241,-43.5832393,172.7769814,2,8,2,0,8,0,Alongshore,Onshore,Onshore,8.0,0.0
2429,Taylors Mistake Beach Surf club,2015-02-25 11:00:00,Lyttelton,0.0,0.0,0.0,0.0,0.0,0.8,ebbing,deep,sandy,6,grass,2,0,0,0.0,0.0,1.261160042,2.022822243,2.832090164,1.4,2.5,217.5648482,235.2115707,268.1506306,241,-43.5832393,172.7769814,2,9,2,0,11,0,Offshore,Offshore,Offshore,8.0,0.0
2430,Taylors Mistake Beach Surf club,2015-03-04 07:00:00,Lyttelton,0.0,0.0,0.0,0.0,0.8,0.8,ebbing,deep,sandy,6,grass,2,0,0,0.4,2.0,1.147014672,7.320192802,9.826272086,3.3,2.3,238.1068301,242.6800182,277.0155592,241,-43.5832393,172.7769814,3,10,2,0,7,0,Offshore,Offshore,Offshore,8.0,0.0
2431,Taylors Mistake Beach Surf club,2015-11-16 12:00:00,Lyttelton,0.0,0.0,0.0,0.0,0.0,0.0,ebbing,deep,sandy,6,grass,2,0,0,0.0,0.0,10.64003054,15.14048246,15.49386042,4.0,2.3,78.31155727,72.27246611,58.06809522,241,-43.5832393,172.7769814,11,47,0,0,12,0,Onshore,Onshore,Onshore,,0.0
2432,Taylors Mistake Beach Surf club,2015-11-25 16:00:00,Lyttelton,0.0,0.0,0.0,0.0,0.0,0.0,ebbing,deep,sandy,6,grass,2,0,0,0.0,0.0,10.08423519,15.03661996,19.44892726,0.1,2.5,73.28294641,72.23950528,72.52551419,241,-43.5832393,172.7769814,11,48,2,0,16,0,Onshore,Onshore,Onshore,5.0,0.0
2433,Taylors Mistake Beach Surf club,2015-12-02 11:00:00,Lyttelton,0.0,0.0,0.0,0.0,0.0,0.0,ebbing,deep,sandy,6,grass,2,0,0,0.0,0.0,8.297631365,8.341121847,10.91772047,1.7,2.4,67.58699944,72.07703566,78.80280648,241,-43.5832393,172.7769814,12,49,2,0,11,0,Onshore,Onshore,Onshore,5.0,0.0
2434,Taylors Mistake Beach Surf club,2015-12-09 16:00:00,Lyttelton,0.0,0.0,0.0,0.0,0.8,1.4,ebbing,deep,sandy,6,grass,2,0,0,0.6,2.0,1.807122982,14.2676344,18.38995706,1.2,2.2,72.35483766,69.28770606,41.05708786,241,-43.5832393,172.7769814,12,50,2,0,16,0,Onshore,Onshore,Onshore,5.0,0.0
2435,Taylors Mistake Beach Surf club,2015-12-16 12:00:00,Lyttelton,1.4,1.4,6.0,6.0,6.0,14.2,ebbing,deep,sandy,6,grass,2,0,0,1.2,7.0,5.155065224,4.26717041,5.557846902,4.1,2.5,278.9752298,280.6287327,284.1055723,241,-43.5832393,172.7769814,12,51,2,0,12,0,Offshore,Offshore,Offshore,5.0,0.0
2436,Taylors Mistake Beach Surf club,2015-12-21 14:00:00,Lyttelton,0.0,0.0,0.0,0.0,0.0,0.0,ebbing,deep,sandy,6,grass,2,0,0,0.0,0.0,4.426235075,11.81786527,16.44764976,1.5,2.4,83.03519236,82.59588125,85.23194026,241,-43.5832393,172.7769814,12,52,0,0,14,1,Onshore,Onshore,Onshore,5.0,0.0
2437,Taylors Mistake Beach Surf club,2015-12-29 04:00:00,Lyttelton,0.0,0.0,0.0,0.0,0.0,0.0,incoming,deep,sandy,6,grass,2,0,0,0.0,0.0,14.44535614,9.448866632,4.687620789,-3.3,2.5,74.01864196,61.54162858,64.9245733,241,-43.5832393,172.7769814,12,53,1,0,4,1,Onshore,Onshore,Onshore,5.0,0.0
2438,Taylors Mistake Beach Surf club,2016-01-07 16:00:00,Lyttelton,0.0,0.0,0.0,0.0,0.0,0.0,ebbing,deep,sandy,6,grass,2,0,0,0.0,0.0,4.771943493,6.263001089,18.06774413,1.6,2.2,70.27026391,84.42754645,240.1987563,241,-43.5832393,172.7769814,1,1,3,0,16,0,Onshore,Onshore,Offshore,5.0,0.0
2439,Taylors Mistake Beach Surf club,2016-01-13 11:00:00,Lyttelton,0.0,0.0,0.0,0.0,0.0,0.0,ebbing,deep,sandy,6,grass,2,0,0,0.0,0.0,11.718409,16.1388562,17.7660598,4.5,2.5,242.3395836,240.8848455,246.4317272,241,-43.5832393,172.7769814,1,2,2,0,11,0,Offshore,Offshore,Offshore,5.0,0.0
2440,Taylors Mistake Beach Surf club,2016-01-20 15:00:00,Lyttelton,0.0,0.0,0.0,0.0,7.0,9.6,ebbing,deep,sandy,6,grass,2,0,0,2.8,8.0,12.10728697,18.8415649,21.26449391,1.5,2.4,75.99373009,75.02316009,72.84328394,241,-43.5832393,172.7769814,1,3,2,0,15,0,Onshore,Onshore,Onshore,5.0,0.0
2441,Taylors Mistake Beach Surf club,2016-01-27 11:00:00,Lyttelton,0.0,0.2,0.8,0.8,0.8,0.8,ebbing,deep,sandy,6,grass,2,0,0,0.6,2.0,15.13050334,14.35590748,13.56352963,3.7,2.4,246.75189,251.6505804,258.2771888,241,-43.5832393,172.7769814,1,4,2,0,11,0,Offshore,Offshore,Offshore,5.0,0.0
2442,Taylors Mistake Beach Surf club,2016-02-03 13:00:00,Lyttelton,0.0,0.0,0.0,0.0,0.0,0.0,ebbing,deep,sandy,6,grass,2,0,0,0.0,0.0,13.19289728,17.11390018,20.19794739,0.9,2.1,70.05280797,65.2365638,65.02825681,241,-43.5832393,172.7769814,2,5,2,0,13,1,Onshore,Onshore,Onshore,5.0,0.0
2443,Taylors Mistake Beach Surf club,2016-02-11 10:00:00,Lyttelton,0.0,0.0,0.0,0.0,0.0,0.0,ebbing,deep,sandy,6,grass,2,0,0,0.0,0.0,7.556818746,10.63088243,13.9190606,3.4,2.6,258.1883433,256.5756186,265.0074108,241,-43.5832393,172.7769814,2,6,3,0,10,0,Offshore,Offshore,Offshore,5.0,0.0
2444,Taylors Mistake Beach Surf club,2016-02-17 13:00:00,Lyttelton,0.0,0.2,0.2,0.2,0.2,0.2,ebbing,deep,sandy,6,grass,2,0,0,0.2,1.0,13.13055767,16.27164399,17.7460984,0.9,2.4,59.65595304,61.49477387,57.66816226,241,-43.5832393,172.7769814,2,7,2,0,13,0,Onshore,Onshore,Onshore,5.0,0.0
2445,Taylors Mistake Beach Surf club,2016-02-24 09:00:00,Lyttelton,0.0,0.0,0.0,0.0,0.0,0.0,ebbing,deep,sandy,6,grass,2,0,0,0.0,0.0,13.63764514,13.367528,12.50932411,3.6,2.3,65.86056351,66.94412282,68.47781496,241,-43.5832393,172.7769814,2,8,2,0,9,0,Onshore,Onshore,Onshore,21.2,0.0
2446,Taylors Mistake Beach Surf club,2016-11-23 12:00:00,Lyttelton,0.0,0.0,0.0,0.0,0.0,0.0,ebbing,deep,sandy,6,grass,2,0,0,0.0,0.0,4.208114941,1.526381629,5.757706047,0.5,2.4,65.34860158,357.6566216,261.4746022,241,-43.5832393,172.7769814,11,47,2,0,12,0,Onshore,Alongshore,Offshore,,0.0
2447,Taylors Mistake Beach Surf club,2016-11-30 08:00:00,Lyttelton,0.2,0.2,0.2,0.2,0.2,0.2,ebbing,deep,sandy,6,grass,2,0,0,0.2,1.0,6.1172589,8.926751007,9.654808702,3.5,2.3,265.5489849,265.0473345,282.2320816,241,-43.5832393,172.7769814,11,48,2,0,8,0,Offshore,Offshore,Offshore,5.0,0.0
2448,Taylors Mistake Beach Surf club,2016-12-07 11:00:00,Lyttelton,0.0,0.0,0.0,0.0,0.0,0.0,ebbing,deep,sandy,6,grass,2,0,0,0.0,0.0,1.745534099,4.364337694,5.377046672,0.7,2.3,262.161617,256.6095175,223.9634385,241,-43.5832393,172.7769814,12,49,2,0,11,0,Offshore,Offshore,Offshore,5.0,0.0
2449,Taylors Mistake Beach Surf club,2016-12-14 07:00:00,Lyttelton,0.0,0.0,0.0,0.0,4.6,8.4,ebbing,deep,sandy,6,grass,2,0,0,1.4,8.0,0.932976391,3.246019581,2.701003684,3.2,2.7,238.5863053,243.5284317,57.83778436,241,-43.5832393,172.7769814,12,50,2,0,7,0,Offshore,Offshore,Onshore,6.666666666666667,0.0
2450,Taylors Mistake Beach Surf club,2016-12-22 13:00:00,Lyttelton,0.4,0.4,0.4,0.4,0.4,0.4,ebbing,deep,sandy,6,grass,2,0,0,0.4,1.0,6.99669276,6.291688782,8.909464566,1.7,2.3,290.520607,310.9470274,5.356630963,241,-43.5832393,172.7769814,12,51,3,0,13,1,Alongshore,Alongshore,Alongshore,6.25,0.0
2451,Taylors Mistake Beach Surf club,2016-12-29 08:00:00,Lyttelton,0.4,0.4,0.4,0.4,0.4,0.4,ebbing,deep,sandy,6,grass,2,0,0,0.2,2.0,3.155915756,4.3362223,5.619899235,3.6,2.3,266.3866395,245.2141392,76.96555159,241,-43.5832393,172.7769814,12,52,3,0,8,1,Offshore,Offshore,Onshore,6.0,0.0
2452,Taylors Mistake Beach Surf club,2017-01-06 12:00:00,Lyttelton,0.0,0.0,0.0,0.0,1.8,7.2,ebbing,deep,sandy,6,grass,2,0,0,1.2,2.0,9.967562254,6.482659871,6.253041358,1.9,2.4,76.94503662,75.8329752,65.62416082,241,-43.5832393,172.7769814,1,1,4,0,12,0,Onshore,Onshore,Onshore,7.0,0.0
2453,Taylors Mistake Beach Surf club,2017-01-11 08:00:00,Lyttelton,0.0,0.0,0.0,0.0,0.0,0.0,ebbing,deep,sandy,6,grass,2,0,0,0.0,0.0,9.027362485,1.0608201,2.449878535,4.9,2.6,246.7170348,47.74862901,77.07833693,241,-43.5832393,172.7769814,1,2,2,0,8,0,Offshore,Onshore,Onshore,7.0,0.0
2454,Taylors Mistake Beach Surf club,2017-01-18 12:00:00,Lyttelton,0.4,0.4,0.4,0.4,0.6,0.6,ebbing,deep,sandy,6,grass,2,0,0,0.4,2.0,3.960604675,12.78432222,12.52985566,3.0,2.4,51.15437638,54.43671022,41.95925956,241,-43.5832393,172.7769814,1,3,2,0,12,0,Onshore,Onshore,Onshore,6.0,0.0
2455,Taylors Mistake Beach Surf club,2017-01-25 16:00:00,Lyttelton,0.0,0.0,0.0,0.0,0.0,3.4,ebbing,deep,sandy,6,grass,2,0,0,0.0,0.0,3.021070365,3.604386612,6.601053596,0.8,2.2,50.69384571,252.3819922,283.8991451,241,-43.5832393,172.7769814,1,4,2,0,16,0,Onshore,Offshore,Offshore,6.0,0.0
2456,Taylors Mistake Beach Surf club,2017-02-01 11:00:00,Lyttelton,0.0,0.0,0.0,0.0,0.0,0.0,ebbing,deep,sandy,6,grass,2,0,0,0.0,0.0,7.384095438,14.45594313,17.93612875,3.1,2.4,272.5984229,260.555099,320.5688881,241,-43.5832393,172.7769814,2,5,2,0,11,1,Offshore,Offshore,Alongshore,6.0,0.0
2457,Taylors Mistake Beach Surf club,2017-02-09 16:00:00,Lyttelton,0.0,0.0,0.0,0.0,0.2,0.2,ebbing,deep,sandy,6,grass,2,0,0,0.2,1.0,9.269085229,16.58502668,18.91423396,1.3,2.5,76.82283826,75.78206509,72.27312424,241,-43.5832393,172.7769814,2,6,3,0,16,1,Onshore,Onshore,Onshore,5.0,0.0
2458,Taylors Mistake Beach Surf club,2017-02-15 10:00:00,Lyttelton,0.0,0.0,0.0,0.0,0.0,0.0,ebbing,deep,sandy,6,grass,2,0,0,0.0,0.0,4.450552646,4.806690863,5.517972265,2.3,2.4,253.2771684,260.4373504,269.18305,241,-43.5832393,172.7769814,2,7,2,0,10,0,Offshore,Offshore,Offshore,5.0,0.0
2459,Taylors Mistake Beach Surf club,2017-02-22 16:00:00,Lyttelton,0.0,0.0,0.0,0.0,0.0,0.0,ebbing,deep,sandy,6,grass,2,0,0,0.0,0.0,8.668852479,15.29153306,12.01010985,2.9,2.1,274.59562,271.3372257,268.117854,241,-43.5832393,172.7769814,2,8,2,0,16,0,Offshore,Offshore,Offshore,5.0,0.0
2460,Taylors Mistake Beach Surf club,2017-02-28 09:00:00,Lyttelton,0.0,0.0,0.0,0.0,1.2,1.2,ebbing,deep,sandy,6,grass,2,0,0,0.4,4.0,2.536714009,2.472209626,4.159642302,3.3,2.5,80.5528356,66.5948199,60.93972566,241,-43.5832393,172.7769814,2,9,1,0,9,0,Onshore,Onshore,Onshore,5.0,0.0
2461,Taylors Mistake Beach Surf club,2017-11-28 12:00:00,Lyttelton,0.0,0.0,0.0,0.0,0.0,0.0,ebbing,deep,sandy,6,grass,2,0,0,0.0,0.0,11.49056134,14.63114291,15.8452124,0.3,2.2,76.76725428,76.163738,66.04982133,241,-43.5832393,172.7769814,11,48,1,0,12,0,Onshore,Onshore,Onshore,,0.0
2462,Taylors Mistake Beach Surf club,2017-12-04 08:00:00,Lyttelton,0.0,0.0,0.0,0.0,0.0,0.0,ebbing,deep,sandy,6,grass,2,0,0,0.0,0.0,0.263706849,0.670246823,1.088039399,3.9,2.6,251.7404229,124.9456874,102.1953425,241,-43.5832393,172.7769814,12,49,0,0,8,0,Offshore,Alongshore,Onshore,40.0,0.0
2463,Taylors Mistake Beach Surf club,2017-12-11 12:00:00,Lyttelton,0.0,0.0,0.0,0.0,0.0,0.0,ebbing,deep,sandy,6,grass,2,0,0,0.0,0.0,5.033943863,11.98355249,13.21288359,0.8,2.5,81.1303888,79.56238005,81.61135473,241,-43.5832393,172.7769814,12,50,0,0,12,0,Onshore,Onshore,Onshore,22.5,0.0
2464,Taylors Mistake Beach Surf club,2017-12-18 08:00:00,Lyttelton,0.0,0.0,0.2,0.2,0.2,0.2,ebbing,deep,sandy,6,grass,2,0,0,0.2,1.0,18.38918943,18.6883258,16.52949853,3.3,2.3,233.3540803,234.0517913,238.0276545,241,-43.5832393,172.7769814,12,51,0,0,8,0,Offshore,Offshore,Offshore,16.666666666666668,0.0
2465,Taylors Mistake Beach Surf club,2017-12-28 12:00:00,Lyttelton,0.0,0.0,0.0,0.2,3.6,5.4,ebbing,deep,sandy,6,grass,2,0,0,1.0,7.0,7.398480876,7.64720327,9.351788121,0.5,2.3,229.3493046,233.6115989,230.7909672,241,-43.5832393,172.7769814,12,52,3,0,12,1,Offshore,Offshore,Offshore,13.75,0.0
2466,Taylors Mistake Beach Surf club,2018-01-03 08:00:00,Lyttelton,0.0,0.0,0.0,0.0,0.0,0.0,ebbing,deep,sandy,6,grass,2,0,0,0.0,0.0,6.195545384,1.641216492,4.05628076,3.3,2.7,263.9321895,13.36143216,53.41242763,241,-43.5832393,172.7769814,1,1,2,0,8,1,Offshore,Alongshore,Onshore,15.0,0.0
2467,Taylors Mistake Beach Surf club,2018-01-08 01:00:00,Lyttelton,0.0,0.0,0.0,0.2,0.6,26.6,ebbing,deep,sandy,6,grass,2,0,0,0.2,3.0,5.930918562,2.211216039,0.999718478,3.8,2.5,30.06219257,74.5726574,71.09517116,241,-43.5832393,172.7769814,1,2,0,0,1,0,Onshore,Onshore,Onshore,26.2,0.0
2468,Taylors Mistake Beach Surf club,2018-01-16 09:00:00,Lyttelton,0.0,0.0,0.0,0.0,0.0,0.0,ebbing,deep,sandy,6,grass,2,0,0,0.0,0.0,14.51756036,13.4649436,14.1180273,4.9,2.3,67.60468571,61.98545519,62.72532608,241,-43.5832393,172.7769814,1,3,1,0,9,0,Onshore,Onshore,Onshore,26.2,0.0
2469,Taylors Mistake Beach Surf club,2018-01-22 12:00:00,Lyttelton,0.0,0.0,0.0,0.0,0.0,0.0,ebbing,deep,sandy,6,grass,2,0,0,0.0,0.0,2.928223952,3.217293074,6.65707697,3.4,2.3,265.9493511,265.6308563,46.11936869,241,-43.5832393,172.7769814,1,4,0,0,12,0,Offshore,Offshore,Onshore,29.2,0.0
2470,Taylors Mistake Beach Surf club,2018-01-31 07:00:00,Lyttelton,0.0,0.0,0.0,0.0,0.0,0.0,ebbing,deep,sandy,6,grass,2,0,0,0.0,0.0,3.993045164,3.635041778,0.724011111,3.1,2.7,68.73670848,267.2573014,273.2081642,241,-43.5832393,172.7769814,1,5,2,0,7,1,Onshore,Offshore,Offshore,29.2,0.0
2471,Taylors Mistake Beach Surf club,2018-02-02 10:00:00,Lyttelton,0.4,1.0,2.2,2.2,2.2,2.2,ebbing,deep,sandy,6,grass,2,0,0,0.6,8.0,21.34330912,21.83770834,23.1209269,4.8,2.7,236.3081099,239.9232536,243.9704898,241,-43.5832393,172.7769814,2,5,4,0,10,1,Offshore,Offshore,Offshore,63.0,0.0
2472,Taylors Mistake Beach Surf club,2018-02-05 14:00:00,Lyttelton,0.0,0.0,0.0,0.0,0.0,1.4,ebbing,deep,sandy,6,grass,2,0,0,0.0,0.0,4.615575139,7.170352928,10.87169551,5.5,2.5,329.8038278,354.5437113,350.7863813,241,-43.5832393,172.7769814,2,6,0,0,14,1,Alongshore,Alongshore,Alongshore,56.4,0.0
2473,Taylors Mistake Beach Surf club,2018-02-12 13:00:00,Lyttelton,0.0,0.0,0.0,1.0,9.0,9.0,incoming,deep,sandy,6,grass,2,0,0,1.4,14.0,2.533846859,9.250969946,12.80251075,-1.8,2.2,77.82405576,76.09755595,87.33270003,241,-43.5832393,172.7769814,2,7,0,0,13,0,Onshore,Onshore,Onshore,57.4,0.0
2474,Taylors Mistake Beach Surf club,2018-02-26 15:00:00,Lyttelton,0.0,0.0,2.4,3.4,3.4,3.4,ebbing,deep,sandy,6,grass,2,0,0,1.2,6.0,16.23189488,19.04140588,18.13260096,1.6,2.4,225.0591938,220.5183731,232.662749,241,-43.5832393,172.7769814,2,9,0,0,15,0,Offshore,Offshore,Offshore,54.4,0.0
2475,Taylors Mistake Beach Surf club,2018-03-05 11:00:00,Lyttelton,0.0,0.0,0.0,0.0,0.0,0.0,ebbing,deep,sandy,6,grass,2,0,0,0.0,0.0,11.82849775,15.66455339,13.85844435,3.8,2.5,248.1791201,259.6370481,258.2228302,241,-43.5832393,172.7769814,3,10,0,0,11,0,Offshore,Offshore,Offshore,57.4,0.0
2476,Taylors Mistake Beach Surf club,2018-03-12 12:00:00,Lyttelton,0.0,0.0,0.0,0.0,0.0,0.0,incoming,deep,sandy,6,grass,2,0,0,0.0,0.0,1.686590183,1.653237518,2.413869591,-0.5,2.1,92.56302572,245.7401437,41.88301146,241,-43.5832393,172.7769814,3,11,0,0,12,0,Onshore,Offshore,Onshore,20.6,0.0
2477,Taylors Mistake Beach Surf club,2018-11-12 09:00:00,Lyttelton,0.0,0.0,0.0,0.0,0.0,7.6,ebbing,deep,sandy,6,grass,2,0,0,0.0,0.0,10.54014711,5.715708337,5.280725456,1.4,2.3,87.79508629,70.62017363,76.90634923,241,-43.5832393,172.7769814,11,46,0,0,9,0,Onshore,Onshore,Onshore,,0.0
2478,Taylors Mistake Beach Surf club,2018-11-20 15:00:00,Lyttelton,8.4,12.0,12.0,12.0,13.2,13.2,ebbing,deep,sandy,6,grass,2,0,0,3.8,9.0,12.70029467,19.68320117,20.78499152,0.9,2.2,269.1188296,252.9700722,257.6356562,241,-43.5832393,172.7769814,11,47,1,0,15,0,Offshore,Offshore,Offshore,10.0,0.0
2479,Taylors Mistake Beach Surf club,2018-11-28 13:00:00,Lyttelton,0.0,0.2,0.2,3.6,3.6,3.8,ebbing,deep,sandy,6,grass,2,0,0,1.6,9.0,1.59322369,4.859653058,8.523418906,4.3,2.6,60.54658483,66.57891284,56.50653203,241,-43.5832393,172.7769814,11,48,2,0,13,0,Onshore,Onshore,Onshore,7.5,0.0
2480,Taylors Mistake Beach Surf club,2018-12-06 07:00:00,Lyttelton,0.2,0.2,0.4,2.2,3.4,3.6,ebbing,deep,sandy,6,grass,2,0,0,0.8,11.0,11.37837375,14.31696929,15.3353509,3.5,2.4,242.4921064,245.866173,252.9747079,241,-43.5832393,172.7769814,12,49,3,0,7,0,Offshore,Offshore,Offshore,6.666666666666667,0.0
2481,Taylors Mistake Beach Surf club,2018-12-13 10:00:00,Lyttelton,0.0,0.0,0.0,0.0,7.0,7.0,ebbing,deep,sandy,6,grass,2,0,0,1.4,14.0,1.812302737,3.14632248,2.99697428,1.4,2.2,225.5830509,249.9939396,249.6168523,241,-43.5832393,172.7769814,12,50,3,0,10,0,Offshore,Offshore,Offshore,6.25,0.0
2482,Taylors Mistake Beach Surf club,2018-12-19 14:00:00,Lyttelton,0.6,2.0,3.2,4.8,4.8,4.8,ebbing,deep,sandy,6,grass,2,0,0,0.8,14.0,6.919233767,6.012341134,5.332676528,1.1,2.2,258.4375359,259.6037215,264.7019152,241,-43.5832393,172.7769814,12,51,2,0,14,0,Offshore,Offshore,Offshore,6.0,0.0
2483,Taylors Mistake Beach Surf club,2018-12-27 12:00:00,Lyttelton,0.0,0.0,0.0,0.0,0.2,0.4,ebbing,deep,sandy,6,grass,2,0,0,0.2,1.0,9.496954589,10.48008229,14.19796618,3.9,2.7,73.75584523,66.39521676,65.21214288,241,-43.5832393,172.7769814,12,52,3,0,12,1,Onshore,Onshore,Onshore,5.0,0.0
2484,Taylors Mistake Beach Surf club,2019-01-07 09:00:00,Lyttelton,0.0,0.2,2.8,6.2,6.2,6.2,ebbing,deep,sandy,6,grass,2,0,0,3.0,8.0,5.278931073,9.267741946,10.84097786,3.7,2.3,50.03868258,48.76601205,39.10005549,241,-43.5832393,172.7769814,1,2,0,0,9,0,Onshore,Onshore,Onshore,5.0,0.0
2485,Taylors Mistake Beach Surf club,2019-01-14 11:00:00,Lyttelton,8.8,12.6,13.2,14.0,14.0,15.2,ebbing,deep,sandy,6,grass,2,0,0,5.2,10.0,25.39565214,26.35718589,26.31866579,0.8,2.2,239.8334877,240.1733259,239.7989861,241,-43.5832393,172.7769814,1,3,0,0,11,0,Offshore,Offshore,Offshore,5.0,0.0
2486,Taylors Mistake Beach Surf club,2019-01-23 08:00:00,Lyttelton,0.0,0.0,0.0,0.2,0.2,0.2,ebbing,deep,sandy,6,grass,2,0,0,0.2,1.0,2.609479047,4.682243911,4.233110737,2.3,2.7,81.81505773,86.57427227,28.5642411,241,-43.5832393,172.7769814,1,4,2,0,8,0,Onshore,Onshore,Onshore,6.0,0.0
2487,Taylors Mistake Beach Surf club,2019-01-25 15:00:00,Lyttelton,0.0,0.0,0.0,0.0,3.0,3.2,incoming,deep,sandy,6,grass,2,0,0,1.8,4.0,9.924530038,15.82510363,19.7257457,-5.0,2.6,73.04730589,73.91162242,70.98794582,241,-43.5832393,172.7769814,1,4,4,0,15,0,Onshore,Onshore,Onshore,51.2,0.0
2488,Taylors Mistake Beach Surf club,2019-01-28 12:00:00,Lyttelton,0.0,0.0,0.0,0.0,0.0,0.0,ebbing,deep,sandy,6,grass,2,0,0,0.0,0.0,1.120288448,2.637619082,4.040551133,1.9,2.5,84.03657764,287.3434307,65.32596567,241,-43.5832393,172.7769814,1,5,0,0,12,0,Onshore,Alongshore,Onshore,54.2,0.0
2489,Taylors Mistake Beach Surf club,2019-02-04 08:00:00,Lyttelton,0.0,0.0,0.0,0.0,0.0,0.0,ebbing,deep,sandy,6,grass,2,0,0,0.0,0.0,5.231311306,2.704962825,3.007510168,3.6,2.3,248.0168591,278.5836134,46.09848881,241,-43.5832393,172.7769814,2,6,0,0,8,1,Offshore,Offshore,Onshore,54.2,0.0
2490,Taylors Mistake Beach Surf club,2019-02-11 13:00:00,Lyttelton,0.0,0.0,0.0,0.0,0.0,0.0,ebbing,deep,sandy,6,grass,2,0,0,0.0,0.0,9.664270445,13.88731277,17.47810903,3.6,2.2,76.60778913,74.25579168,69.36111235,241,-43.5832393,172.7769814,2,7,0,0,13,0,Onshore,Onshore,Onshore,54.2,0.0
2491,Taylors Mistake Beach Surf club,2019-02-21 09:00:00,Lyttelton,0.0,0.0,0.0,0.0,0.0,0.0,ebbing,deep,sandy,6,grass,2,0,0,0.0,0.0,3.633314566,5.157672279,9.641312762,3.9,2.7,75.12104318,72.15350863,68.26472286,241,-43.5832393,172.7769814,2,8,3,0,9,0,Onshore,Onshore,Onshore,54.2,0.0
2492,Taylors Mistake Beach Surf club,2019-02-27 13:00:00,Lyttelton,0.0,0.0,0.0,0.0,0.0,1.4,ebbing,deep,sandy,6,grass,2,0,0,0.0,0.0,2.945737246,2.979008832,5.732552689,1.4,2.3,78.67438905,312.5137563,302.8711428,241,-43.5832393,172.7769814,2,9,2,0,13,0,Onshore,Alongshore,Alongshore,10.0,0.0
2493,Taylors Mistake Beach Surf club,2019-11-28 10:00:00,Lyttelton,0.0,0.0,0.0,0.0,0.0,0.0,ebbing,deep,sandy,6,grass,2,0,0,0.0,0.0,6.080538237,4.458199041,5.919366157,4.2,2.6,84.14923978,100.0935324,92.26296212,241,-43.5832393,172.7769814,11,48,3,0,10,0,Onshore,Onshore,Onshore,,0.0
2494,Taylors Mistake Beach Surf club,2019-12-04 11:00:00,Lyttelton,0.0,0.0,0.0,0.0,0.0,0.0,ebbing,deep,sandy,6,grass,2,0,0,0.0,0.0,6.471822888,10.04920398,12.67657481,0.7,2.2,70.7122305,63.27571191,53.25283262,241,-43.5832393,172.7769814,12,49,2,0,11,0,Onshore,Onshore,Onshore,5.0,0.0
2495,Taylors Mistake Beach Surf club,2019-12-12 08:00:00,Lyttelton,0.0,0.0,0.0,0.0,0.0,0.0,ebbing,deep,sandy,6,grass,2,0,0,0.0,0.0,4.147939254,3.592176699,8.256265384,3.8,2.3,78.78329881,71.99795027,72.0813736,241,-43.5832393,172.7769814,12,50,3,0,8,0,Onshore,Onshore,Onshore,5.0,0.0
2496,Taylors Mistake Beach Surf club,2019-12-19 11:00:00,Lyttelton,0.0,0.0,0.0,0.0,18.0,22.8,ebbing,deep,sandy,6,grass,2,0,0,2.8,21.0,6.299436288,4.581763056,3.929522461,0.7,2.5,94.49981676,84.84226062,79.97614378,241,-43.5832393,172.7769814,12,51,3,0,11,0,Onshore,Onshore,Onshore,6.666666666666667,0.0
2497,Taylors Mistake Beach Surf club,2019-12-29 11:00:00,Lyttelton,0.0,0.0,0.0,0.0,0.0,0.0,ebbing,deep,sandy,6,grass,2,0,0,0.0,0.0,6.69366263,11.87375513,14.05608618,4.2,2.4,91.84147377,86.44248611,73.89228525,241,-43.5832393,172.7769814,12,52,6,1,11,1,Onshore,Onshore,Onshore,6.25,0.0
2498,Taylors Mistake Beach Surf club,2020-01-09 07:00:00,Lyttelton,0.0,0.0,0.0,0.0,0.4,0.4,ebbing,deep,sandy,6,grass,2,0,0,0.4,1.0,7.52118627,5.933638239,4.790926081,4.2,2.3,68.17777457,64.23717972,61.79735238,241,-43.5832393,172.7769814,1,2,3,0,7,0,Onshore,Onshore,Onshore,6.0,0.0
2499,Taylors Mistake Beach Surf club,2020-01-14 11:00:00,Lyttelton,0.0,0.0,0.0,0.8,1.0,1.0,ebbing,deep,sandy,6,grass,2,0,0,0.4,4.0,2.84710654,4.576438971,9.432159257,4.2,2.6,91.57240268,95.6216715,91.57167257,241,-43.5832393,172.7769814,1,3,1,0,11,0,Onshore,Onshore,Onshore,6.0,0.0
2500,Taylors Mistake Beach Surf club,2020-01-23 08:00:00,Lyttelton,0.0,0.0,0.0,0.0,0.0,0.0,ebbing,deep,sandy,6,grass,2,0,0,0.0,0.0,2.571335712,4.287203135,4.527590095,4.7,2.4,269.8468504,266.4920475,270.1627146,241,-43.5832393,172.7769814,1,4,3,0,8,0,Offshore,Offshore,Offshore,6.0,0.0
2501,Taylors Mistake Beach Surf club,2020-01-29 11:00:00,Lyttelton,0.0,0.0,0.2,0.2,0.4,0.4,ebbing,deep,sandy,6,grass,2,0,0,0.2,2.0,6.452406,0.366784714,3.148849445,3.5,2.3,254.5714257,102.072459,61.2217313,241,-43.5832393,172.7769814,1,5,2,0,11,0,Offshore,Onshore,Onshore,5.0,0.0
2502,Taylors Mistake Beach Surf club,2020-02-07 06:00:00,Lyttelton,0.0,0.0,4.2,4.6,4.6,10.6,ebbing,deep,sandy,6,grass,2,0,0,1.8,6.0,2.568293156,2.421550406,1.95517751,3.7,2.3,321.2778396,306.7963326,301.8149049,241,-43.5832393,172.7769814,2,6,4,0,6,1,Alongshore,Alongshore,Alongshore,5.0,0.0
2503,Taylors Mistake Beach Surf club,2020-02-13 09:00:00,Lyttelton,0.0,0.0,0.0,0.0,0.0,0.0,ebbing,deep,sandy,6,grass,2,0,0,0.0,0.0,7.532088734,10.76974074,10.54052138,1.0,2.6,261.0201203,265.9420207,270.6415735,241,-43.5832393,172.7769814,2,7,3,0,9,0,Offshore,Offshore,Offshore,5.0,0.0
2504,Taylors Mistake Beach Surf club,2020-02-19 13:00:00,Lyttelton,0.0,0.0,0.0,0.0,0.0,0.0,incoming,deep,sandy,6,grass,2,0,0,0.0,0.0,0.914025704,2.492710845,9.765220761,-0.1,2.3,90.832748,76.6019873,62.36548458,241,-43.5832393,172.7769814,2,8,2,0,13,0,Onshore,Onshore,Onshore,5.0,0.0
2505,Taylors Mistake Beach Surf club,2020-02-26 08:00:00,Lyttelton,0.0,0.0,0.0,0.0,0.0,0.0,ebbing,deep,sandy,6,grass,2,0,0,0.0,0.0,11.83277188,11.61305351,10.91708107,1.1,2.3,75.81010657,76.3596352,73.04453391,241,-43.5832393,172.7769814,2,9,2,0,8,0,Onshore,Onshore,Onshore,5.0,0.0
2506,Taylors Mistake Beach Surf club,2020-03-05 14:00:00,Lyttelton,0.0,0.0,0.0,0.0,1.2,1.2,ebbing,deep,sandy,6,grass,2,0,0,0.8,3.0,4.17421285,9.820704707,12.39207794,1.1,2.1,89.23373398,88.3095979,86.29372922,241,-43.5832393,172.7769814,3,10,3,0,14,0,Onshore,Onshore,Onshore,5.0,0.0
2507,Taylors Mistake Beach Surf club,2020-03-12 07:00:00,Lyttelton,0.0,0.0,0.0,0.0,0.2,0.2,ebbing,deep,sandy,6,grass,2,0,0,0.2,1.0,8.0296981,7.365360956,7.33033501,0.8,2.6,249.947621,256.5084,253.988472,241,-43.5832393,172.7769814,3,11,3,0,7,0,Offshore,Offshore,Offshore,5.0,0.0
2508,Taylors Mistake Beach Surf club,2020-11-19 09:00:00,Lyttelton,0.0,0.2,0.2,0.4,0.4,0.4,ebbing,deep,sandy,6,grass,2,0,0,0.2,2.0,12.10574287,11.70130892,11.19749325,1.4,2.6,235.7833969,238.3628702,243.3357226,241,-43.5832393,172.7769814,11,47,3,0,9,0,Offshore,Offshore,Offshore,,0.0
2509,Taylors Mistake Beach Surf club,2020-12-02 09:00:00,Lyttelton,0.0,0.0,0.0,0.0,2.6,2.6,ebbing,deep,sandy,6,grass,2,0,0,1.0,5.0,14.61537573,15.52514336,15.24566642,3.7,2.3,71.95311379,72.621286,69.30999325,241,-43.5832393,172.7769814,12,49,2,0,9,0,Onshore,Onshore,Onshore,5.0,0.0
2510,Taylors Mistake Beach Surf club,2020-12-09 12:00:00,Lyttelton,0.0,0.0,0.0,0.0,0.0,0.0,ebbing,deep,sandy,6,grass,2,0,0,0.0,0.0,2.7412094,5.733425964,7.055897343,1.0,2.4,86.57525577,87.84012169,75.51325092,241,-43.5832393,172.7769814,12,50,2,0,12,0,Onshore,Onshore,Onshore,5.0,0.0
2511,Taylors Mistake Beach Surf club,2020-12-16 09:00:00,Lyttelton,0.0,0.0,0.0,0.0,0.0,0.0,ebbing,deep,sandy,6,grass,2,0,0,0.0,0.0,10.6660808,10.85004912,9.672961773,4.0,2.6,274.6005585,280.012037,282.8473993,241,-43.5832393,172.7769814,12,51,2,0,9,0,Offshore,Offshore,Offshore,5.0,0.0
2512,Taylors Mistake Beach Surf club,2020-12-30 09:00:00,Lyttelton,0.0,0.0,0.0,0.0,0.0,0.0,ebbing,deep,sandy,6,grass,2,0,0,0.0,0.0,14.11717806,14.6351193,15.11510706,4.0,2.3,73.04489217,68.94871678,66.4880249,241,-43.5832393,172.7769814,12,53,2,0,9,1,Onshore,Onshore,Onshore,5.0,0.0
2513,Taylors Mistake Beach Surf club,2021-01-07 12:00:00,Lyttelton,0.0,0.0,0.0,0.0,1.2,1.2,ebbing,deep,sandy,6,grass,2,0,0,1.0,2.0,4.821957933,2.584345815,1.568228319,0.9,2.4,186.2524076,105.9457071,81.75538542,241,-43.5832393,172.7769814,1,1,3,0,12,0,Alongshore,Onshore,Onshore,5.0,0.0
2514,Taylors Mistake Beach Surf club,2021-01-15 10:00:00,Lyttelton,0.0,0.0,0.0,0.0,0.0,0.8,ebbing,deep,sandy,6,grass,2,0,0,0.0,0.0,2.312901357,3.056764589,7.055629321,3.6,2.5,80.99799738,92.65703018,104.6206993,241,-43.5832393,172.7769814,1,2,4,0,10,0,Onshore,Onshore,Onshore,6.0,0.0
2515,Taylors Mistake Beach Surf club,2021-01-21 12:00:00,Lyttelton,0.0,0.2,0.2,0.2,0.6,0.6,ebbing,deep,sandy,6,grass,2,0,0,0.2,3.0,3.626509331,10.5629191,10.42806327,1.1,2.2,240.97339,247.2284393,242.9188215,241,-43.5832393,172.7769814,1,3,3,0,12,0,Offshore,Offshore,Offshore,6.0,0.0
2516,Taylors Mistake Beach Surf club,2021-01-28 08:00:00,Lyttelton,0.2,0.2,0.2,0.2,0.2,0.2,ebbing,deep,sandy,6,grass,2,0,0,0.2,1.0,6.83233866,5.490597859,7.466536956,4.4,2.3,11.70328704,348.7591327,31.91970876,241,-43.5832393,172.7769814,1,4,3,0,8,0,Alongshore,Alongshore,Onshore,6.0,0.0
2517,Taylors Mistake Beach Surf club,2021-02-04 13:00:00,Lyttelton,0.0,0.0,0.0,0.0,0.0,0.0,ebbing,deep,sandy,6,grass,2,0,0,0.0,0.0,15.09546993,14.32294041,14.6230171,3.6,2.4,231.0390427,231.8235952,239.885188,241,-43.5832393,172.7769814,2,5,3,0,13,1,Offshore,Offshore,Offshore,6.0,0.0
2518,Taylors Mistake Beach Surf club,2021-02-12 08:00:00,Lyttelton,0.0,0.0,0.0,0.0,0.2,9.0,ebbing,deep,sandy,6,grass,2,0,0,0.2,1.0,4.2754807,2.9193131,3.699188701,3.0,2.5,309.4594654,226.7975211,255.6437862,241,-43.5832393,172.7769814,2,6,4,0,8,0,Alongshore,Offshore,Offshore,7.0,0.0
2519,Taylors Mistake Beach Surf club,2021-02-18 11:00:00,Lyttelton,0.0,0.0,0.0,0.0,0.0,0.0,ebbing,deep,sandy,6,grass,2,0,0,0.0,0.0,1.215397042,0.971393238,4.345134316,1.7,2.1,105.852238,136.9010486,261.5930178,241,-43.5832393,172.7769814,2,7,3,0,11,0,Onshore,Alongshore,Offshore,7.0,0.0
2520,Taylors Mistake Beach Surf club,2021-02-25 08:00:00,Lyttelton,0.0,0.0,0.0,0.0,0.0,0.0,ebbing,deep,sandy,6,grass,2,0,0,0.0,0.0,12.32135698,11.18122491,10.94316701,5.5,2.3,289.385716,290.4660992,279.3914413,241,-43.5832393,172.7769814,2,8,3,0,8,0,Alongshore,Alongshore,Offshore,7.0,0.0
2521,Taylors Mistake Beach Surf club,2021-03-08 13:00:00,Lyttelton,0.0,0.0,0.2,0.6,0.6,0.6,ebbing,deep,sandy,6,grass,2,0,0,0.4,2.0,12.11038971,16.0302887,20.09139405,0.4,2.3,236.8929147,237.9247252,245.3732124,241,-43.5832393,172.7769814,3,10,0,0,13,0,Offshore,Offshore,Offshore,10.0,0.0
2522,Taylors Mistake Beach Surf club,2021-03-16 09:00:00,Lyttelton,0.0,0.0,0.0,0.0,0.0,0.0,ebbing,deep,sandy,6,grass,2,0,0,0.0,0.0,5.168131913,6.14393831,5.339564854,2.0,2.2,293.2469895,291.2066616,282.2959449,241,-43.5832393,172.7769814,3,11,1,0,9,0,Alongshore,Alongshore,Offshore,10.0,0.0
2523,Taylors Mistake Beach Surf club,2021-11-25 13:00:00,Lyttelton,0.0,0.0,0.0,0.0,0.0,6.0,ebbing,deep,sandy,6,grass,2,0,0,0.0,0.0,14.63604046,18.61130334,19.65790753,4.5,2.2,87.34589718,87.8112709,79.78720425,241,-43.5832393,172.7769814,11,47,3,0,13,0,Onshore,Onshore,Onshore,,0.0
2524,Taylors Mistake Beach Surf club,2021-11-29 15:00:00,Lyttelton,0.0,0.2,0.2,1.8,19.8,19.8,ebbing,deep,sandy,6,grass,2,0,0,2.6,25.0,8.908261438,11.94389251,15.09790446,3.3,2.3,92.70195918,94.43580889,86.19453081,241,-43.5832393,172.7769814,11,48,0,0,15,0,Onshore,Onshore,Onshore,5.0,0.0
2525,Taylors Mistake Beach Surf club,2021-12-08 11:00:00,Lyttelton,0.0,0.0,0.0,1.0,8.6,11.4,ebbing,deep,sandy,6,grass,2,0,0,2.2,16.0,5.098002638,8.997938681,12.96196663,3.9,2.7,87.69942024,87.19536323,88.07402253,241,-43.5832393,172.7769814,12,49,2,0,11,0,Onshore,Onshore,Onshore,5.0,0.0
2526,Taylors Mistake Beach Surf club,2021-12-14 14:00:00,Lyttelton,0.0,0.0,0.0,0.0,0.0,0.0,ebbing,deep,sandy,6,grass,2,0,0,0.0,0.0,0.16039784,2.199488487,8.632887154,0.5,2.3,89.03863094,106.8604617,142.2452806,241,-43.5832393,172.7769814,12,50,1,0,14,0,Onshore,Alongshore,Alongshore,5.0,0.0
2527,Taylors Mistake Beach Surf club,2021-12-22 11:00:00,Lyttelton,0.0,0.0,0.0,0.0,0.0,0.0,ebbing,deep,sandy,6,grass,2,0,0,0.0,0.0,2.289663151,2.703396893,6.446659003,4.1,2.3,57.00611141,79.18563689,244.9675215,241,-43.5832393,172.7769814,12,51,2,0,11,1,Onshore,Onshore,Offshore,5.0,0.0
2528,Taylors Mistake Beach Surf club,2021-12-29 15:00:00,Lyttelton,0.0,0.0,0.0,1.6,12.8,12.8,ebbing,deep,sandy,6,grass,2,0,0,2.4,19.0,5.254029295,9.436032382,9.884194811,3.3,2.3,80.73000863,81.79577635,78.88269968,241,-43.5832393,172.7769814,12,52,2,0,15,1,Onshore,Onshore,Onshore,5.0,0.0
2529,Taylors Mistake Beach Surf club,2022-01-13 13:00:00,Lyttelton,0.0,0.0,0.0,0.6,0.6,0.6,incoming,deep,sandy,6,grass,2,0,0,0.4,2.0,12.38157454,10.66923875,10.38992188,-0.7,2.1,238.0313363,238.8554171,234.5964889,241,-43.5832393,172.7769814,1,2,3,0,13,0,Offshore,Offshore,Offshore,5.0,0.0
2530,Taylors Mistake Beach Surf club,2022-01-19 09:00:00,Lyttelton,0.0,0.0,0.0,0.0,0.0,0.0,ebbing,deep,sandy,6,grass,2,0,0,0.0,0.0,10.96983074,11.14879144,11.55135248,3.8,2.3,76.54337218,79.93569467,71.53165665,241,-43.5832393,172.7769814,1,3,2,0,9,0,Onshore,Onshore,Onshore,6.0,0.0
2531,Taylors Mistake Beach Surf club,2022-01-27 11:00:00,Lyttelton,1.8,2.6,3.8,12.2,12.6,13.2,incoming,deep,sandy,6,grass,2,0,0,7.0,11.0,20.3416681,25.14363044,26.10553921,-0.3,2.3,236.1478001,236.2844213,240.4271701,241,-43.5832393,172.7769814,1,4,3,0,11,0,Offshore,Offshore,Offshore,7.0,0.0
2532,Taylors Mistake Beach Surf club,2022-01-31 15:00:00,Lyttelton,0.0,0.0,0.0,0.0,0.0,0.0,incoming,deep,sandy,6,grass,2,0,0,0.0,0.0,13.99473827,17.65277485,18.4917481,-0.9,2.4,79.69537035,86.21022687,84.47333307,241,-43.5832393,172.7769814,1,5,0,0,15,1,Onshore,Onshore,Onshore,7.0,0.0
2533,Taylors Mistake Beach Surf club,2022-02-01 14:00:00,Lyttelton,0.0,0.0,0.0,0.0,0.0,0.0,incoming,deep,sandy,6,grass,2,0,0,0.0,0.0,13.70052301,16.70025055,19.06666667,-2.8,2.5,80.0,82.5286311,75.98526228,241,-43.5832393,172.7769814,2,5,1,0,14,1,Onshore,Onshore,Onshore,8.0,0.0
2534,Taylors Mistake Beach Surf club,2022-02-02 08:00:00,Lyttelton,0.0,0.0,0.0,0.0,0.0,0.0,ebbing,deep,sandy,6,grass,2,0,0,0.0,0.0,8.836316335,11.1363332,12.10446041,2.6,2.6,74.73549619,72.27485837,71.00698141,241,-43.5832393,172.7769814,2,5,2,0,8,1,Onshore,Onshore,Onshore,11.0,0.0
2535,Taylors Mistake Beach Surf club,2022-02-03 10:00:00,Lyttelton,0.0,0.0,0.0,0.4,0.4,0.4,ebbing,deep,sandy,6,grass,2,0,0,0.2,2.0,10.36192877,10.55045119,8.719720496,4.2,2.6,83.2910998,62.73075059,62.60163953,241,-43.5832393,172.7769814,2,5,3,0,10,1,Onshore,Onshore,Onshore,17.2,0.0
2536,Taylors Mistake Beach Surf club,2022-02-11 13:00:00,Lyttelton,0.0,0.0,0.0,0.2,65.4,66.2,incoming,deep,sandy,6,grass,2,0,0,11.2,19.0,6.501314401,3.712837199,3.774034318,-0.2,2.1,99.32485548,282.0737877,278.4118198,241,-43.5832393,172.7769814,2,6,4,0,13,0,Onshore,Offshore,Offshore,19.2,0.0
2537,Taylors Mistake Beach Surf club,2022-02-16 10:00:00,Lyttelton,0.0,0.0,0.0,0.0,0.0,1.6,ebbing,deep,sandy,6,grass,2,0,0,0.0,0.0,2.930842974,7.958139345,11.68224978,5.3,2.3,273.6692805,277.1589327,34.0845062,241,-43.5832393,172.7769814,2,7,2,0,10,0,Offshore,Offshore,Onshore,19.2,0.0
2538,Taylors Mistake Beach Surf club,2022-03-04 09:00:00,Lyttelton,0.0,0.0,0.0,0.0,0.0,0.0,ebbing,deep,sandy,6,grass,2,0,0,0.0,0.0,1.349600117,1.140605624,0.875204756,3.3,2.5,58.11744155,287.4299972,282.5589342,241,-43.5832393,172.7769814,3,9,4,0,9,0,Onshore,Alongshore,Offshore,19.2,0.0
2539,Taylors Mistake Beach Surf club,2022-03-11 11:00:00,Lyttelton,0.0,0.0,0.0,0.0,0.0,0.0,incoming,deep,sandy,6,grass,2,0,0,0.0,0.0,10.6130667,9.792654842,9.699430768,-0.8,2.1,91.50508784,89.1385974,75.45109537,241,-43.5832393,172.7769814,3,10,4,0,11,0,Onshore,Onshore,Onshore,16.2,0.0
2540,Taylors Mistake Beach Surf club,2022-03-25 10:00:00,Lyttelton,0.0,0.0,0.0,0.0,0.0,12.0,incoming,deep,sandy,6,grass,2,0,0,0.0,0.0,13.4553346,12.33628692,13.16086346,-0.1,2.3,239.3444379,247.3809977,250.5049487,241,-43.5832393,172.7769814,3,12,4,0,10,0,Offshore,Offshore,Offshore,18.0,0.0
2541,Taylors Mistake Beach Surf club,2022-03-28 13:00:00,Lyttelton,0.0,0.0,0.0,0.0,0.0,0.0,incoming,deep,sandy,6,grass,2,0,0,0.0,0.0,8.366724573,11.65105168,14.59762834,-0.6,2.3,80.64548012,78.88884129,77.03122864,241,-43.5832393,172.7769814,3,13,0,0,13,0,Onshore,Onshore,Onshore,136.6,0.05263157894736842
2542,Taylors Mistake Beach Surf club,2022-04-08 09:00:00,Lyttelton,0.0,0.0,0.0,0.2,15.6,16.6,incoming,deep,sandy,6,grass,2,0,0,4.4,15.0,1.517531636,3.733623656,4.066411067,-1.0,2.1,261.223754,268.4731381,309.750079,241,-43.5832393,172.7769814,4,14,4,0,9,0,Offshore,Offshore,Alongshore,136.6,0.05
2543,Tikao Bay mid beach,2013-11-13 13:00:00,Akaroa,0.0,0.0,0.0,0.0,0.0,0.0,ebbing,medium,sandy,7,grass,1,0,1,0.0,0.0,2.082757961,4.369099842,4.799814518,1.1,2.6,9.75726976,13.60951689,23.74586071,320,-43.795813,172.916609,11,46,2,0,13,0,Alongshore,Alongshore,Alongshore,,0.0
2544,Tikao Bay mid beach,2013-11-26 11:00:00,Akaroa,0.0,0.0,0.4,7.4,7.4,7.4,ebbing,medium,sandy,7,grass,1,0,1,2.0,10.0,1.571892695,1.704440487,3.018274913,1.5,2.1,191.8796534,176.8530501,172.0063395,320,-43.795813,172.916609,11,48,1,0,11,0,Alongshore,Onshore,Onshore,5.0,0.0
2545,Tikao Bay mid beach,2013-12-05 05:00:00,Akaroa,0.0,0.0,0.0,0.0,0.0,0.0,ebbing,medium,sandy,7,grass,1,0,1,0.0,0.0,0.308413576,0.828300754,0.84021305,0.2,2.8,182.5577715,189.7571546,124.5764661,320,-43.795813,172.916609,12,49,3,0,5,0,Onshore,Alongshore,Onshore,5.0,0.0
2546,Tikao Bay mid beach,2013-12-10 11:00:00,Akaroa,0.0,0.2,0.8,0.8,1.0,1.0,ebbing,medium,sandy,7,grass,1,0,1,0.4,4.0,0.265653848,1.177052666,2.576075568,0.9,2.6,298.400321,302.7883959,197.3354268,320,-43.795813,172.916609,12,50,1,0,11,0,Offshore,Offshore,Alongshore,5.0,0.0
2547,Tikao Bay mid beach,2013-12-17 16:00:00,Akaroa,0.0,0.6,3.6,14.0,14.0,14.0,incoming,medium,sandy,7,grass,1,0,1,10.0,7.0,4.302023156,4.036848039,4.680643133,-0.1,2.4,229.6379157,226.5433725,181.0419114,320,-43.795813,172.916609,12,51,1,0,16,0,Alongshore,Alongshore,Onshore,5.0,0.0
2548,Tikao Bay mid beach,2013-12-22 10:00:00,Akaroa,0.0,5.0,19.6,23.4,23.4,23.4,ebbing,medium,sandy,7,grass,1,0,1,4.8,14.0,4.006224475,4.153759331,3.447572465,2.8,2.3,202.1027728,203.5420952,206.2744132,320,-43.795813,172.916609,12,51,6,1,10,1,Alongshore,Alongshore,Alongshore,23.2,0.0
2549,Tikao Bay mid beach,2014-01-07 09:00:00,Akaroa,0.0,0.0,0.0,0.0,1.6,1.6,ebbing,medium,sandy,7,grass,1,0,1,1.0,3.0,1.316059879,1.194556796,0.557126841,0.1,2.7,144.0779799,149.5240322,123.6153032,320,-43.795813,172.916609,1,2,1,0,9,0,Onshore,Onshore,Onshore,62.8,0.0
2550,Tikao Bay mid beach,2014-01-14 15:00:00,Akaroa,0.0,0.0,0.0,0.0,0.2,0.2,ebbing,medium,sandy,7,grass,1,0,1,0.2,1.0,1.947939343,4.960046257,6.919877592,0.2,2.3,161.9460735,176.6634247,185.3723589,320,-43.795813,172.916609,1,3,1,0,15,0,Onshore,Onshore,Alongshore,62.8,0.0
2551,Tikao Bay mid beach,2014-01-21 08:00:00,Akaroa,0.4,0.4,0.4,0.4,0.4,0.4,ebbing,medium,sandy,7,grass,1,0,1,0.2,2.0,2.602479831,3.266327749,2.729173011,0.5,2.3,48.60155436,60.26605767,60.98823726,320,-43.795813,172.916609,1,4,1,0,8,0,Alongshore,Alongshore,Alongshore,62.8,0.0
2552,Tikao Bay mid beach,2014-01-29 15:00:00,Akaroa,0.0,0.0,0.0,0.0,0.0,17.0,ebbing,medium,sandy,7,grass,1,0,1,0.0,0.0,3.01377829,6.155220626,5.612194543,0.9,2.6,359.2554535,359.2734416,354.6271371,320,-43.795813,172.916609,1,5,2,0,15,0,Offshore,Offshore,Offshore,65.8,0.0
2553,Tikao Bay mid beach,2014-02-04 08:00:00,Akaroa,0.0,0.0,0.0,0.0,0.0,0.8,ebbing,medium,sandy,7,grass,1,0,1,0.0,0.0,0.975286931,1.129639593,1.161899243,0.3,2.7,80.33609971,103.899489,114.5794253,320,-43.795813,172.916609,2,6,1,0,8,1,Alongshore,Onshore,Onshore,47.6,0.0
2554,Tikao Bay mid beach,2014-02-11 14:00:00,Akaroa,0.0,0.0,0.0,0.0,0.0,1.8,ebbing,medium,sandy,7,grass,1,0,1,0.0,0.0,1.586236146,3.156440858,3.889696428,0.7,2.2,288.7685262,294.91509,309.6042547,320,-43.795813,172.916609,2,7,1,0,14,0,Offshore,Offshore,Offshore,8.0,0.0
2555,Tikao Bay mid beach,2014-02-18 07:00:00,Akaroa,0.0,0.0,0.0,0.0,0.0,0.0,ebbing,medium,sandy,7,grass,1,0,1,0.0,0.0,4.9813501,4.921192563,4.48880471,0.8,2.3,2.571883036,16.99237414,16.16834737,320,-43.795813,172.916609,2,8,1,0,7,0,Offshore,Alongshore,Alongshore,8.0,0.0
2556,Tikao Bay mid beach,2014-02-25 14:00:00,Akaroa,0.0,0.0,0.0,0.0,4.8,20.8,ebbing,medium,sandy,7,grass,1,0,1,1.6,5.0,1.149072652,1.062383399,1.999244947,1.8,2.4,52.35288585,21.30177969,52.11077213,320,-43.795813,172.916609,2,9,1,0,14,0,Alongshore,Alongshore,Alongshore,8.0,0.0
2557,Tikao Bay mid beach,2014-03-10 11:00:00,Akaroa,0.0,0.0,0.0,0.0,0.0,0.0,incoming,medium,sandy,7,grass,1,0,1,0.0,0.0,0.754047592,1.325478439,2.766391099,-0.1,2.2,4.590019308,25.1849951,93.46299392,320,-43.795813,172.916609,3,11,0,0,11,0,Offshore,Alongshore,Alongshore,6.0,0.0
2558,Tikao Bay mid beach,2014-11-19 14:00:00,Akaroa,0.8,0.8,0.8,0.8,0.8,0.8,ebbing,medium,sandy,7,grass,1,0,1,0.8,1.0,3.600680641,5.146970456,6.197723524,1.1,2.2,231.5508229,266.5657447,290.0776454,320,-43.795813,172.916609,11,47,2,0,14,0,Alongshore,Alongshore,Offshore,,0.0
2559,Tikao Bay mid beach,2014-11-25 18:00:00,Akaroa,0.0,0.2,0.2,0.2,0.2,4.8,ebbing,medium,sandy,7,grass,1,0,1,0.2,1.0,2.193003553,2.16088387,3.776773409,0.2,2.5,296.9451968,328.8719388,319.0289069,320,-43.795813,172.916609,11,48,1,0,18,0,Offshore,Offshore,Offshore,10.0,0.0
2560,Tikao Bay mid beach,2014-12-09 06:00:00,Akaroa,0.0,0.0,0.0,0.0,0.0,0.0,ebbing,medium,sandy,7,grass,1,0,1,0.0,0.0,2.173918188,1.548213181,1.638988743,0.3,2.6,80.95003485,77.10458988,48.20439553,320,-43.795813,172.916609,12,50,1,0,6,0,Alongshore,Alongshore,Alongshore,7.5,0.0
2561,Tikao Bay mid beach,2014-12-16 10:00:00,Akaroa,0.0,0.0,0.0,0.0,0.0,0.0,incoming,medium,sandy,7,grass,1,0,1,0.0,0.0,0.386307628,0.787329115,2.675811914,-0.8,2.1,319.8418819,341.0297479,18.7560653,320,-43.795813,172.916609,12,51,1,0,10,0,Offshore,Offshore,Alongshore,6.666666666666667,0.0
2562,Tikao Bay mid beach,2014-12-21 16:00:00,Akaroa,0.0,0.0,0.0,0.2,0.2,0.2,ebbing,medium,sandy,7,grass,1,0,1,0.2,1.0,4.396874435,5.761920223,5.482919478,1.0,2.4,219.6363586,222.0947187,218.3073357,320,-43.795813,172.916609,12,51,6,1,16,1,Alongshore,Alongshore,Alongshore,6.25,0.0
2563,Tikao Bay mid beach,2014-12-30 13:00:00,Akaroa,0.0,0.0,0.0,0.0,0.0,0.2,ebbing,medium,sandy,7,grass,1,0,1,0.0,0.0,3.036801394,4.706248891,6.688170534,2.3,2.6,347.9784587,346.2794922,355.1888361,320,-43.795813,172.916609,12,1,1,0,13,1,Offshore,Offshore,Offshore,7.0,0.0
2564,Tikao Bay mid beach,2015-01-05 17:00:00,Akaroa,0.0,0.0,0.0,0.0,0.0,0.0,ebbing,medium,sandy,7,grass,1,0,1,0.0,0.0,1.937835491,2.553278325,3.145559258,0.5,2.5,78.81321529,77.98898849,127.2027532,320,-43.795813,172.916609,1,2,0,0,17,1,Alongshore,Alongshore,Onshore,6.0,0.0
2565,Tikao Bay mid beach,2015-01-13 12:00:00,Akaroa,0.0,0.0,0.0,0.0,0.0,0.0,ebbing,medium,sandy,7,grass,1,0,1,0.0,0.0,0.36561882,2.113216219,2.660761982,2.0,2.1,318.7362456,316.036618,330.6146216,320,-43.795813,172.916609,1,3,1,0,12,0,Offshore,Offshore,Offshore,11.2,0.0
2566,Tikao Bay mid beach,2015-01-20 15:00:00,Akaroa,0.0,0.0,0.4,0.4,0.4,0.4,incoming,medium,sandy,7,grass,1,0,1,0.4,1.0,4.530469624,5.579058277,5.559520725,-0.2,2.6,222.1731516,221.6540719,216.889812,320,-43.795813,172.916609,1,4,1,0,15,0,Alongshore,Alongshore,Alongshore,11.2,0.0
2567,Tikao Bay mid beach,2015-01-27 12:00:00,Akaroa,0.0,0.0,0.0,0.0,0.0,0.0,ebbing,medium,sandy,7,grass,1,0,1,0.0,0.0,0.885346123,1.883848534,3.246377635,2.5,2.6,312.662405,334.6761023,26.71672887,320,-43.795813,172.916609,1,5,1,0,12,0,Offshore,Offshore,Alongshore,12.2,0.0
2568,Tikao Bay mid beach,2015-02-03 15:00:00,Akaroa,0.2,2.6,2.6,2.6,2.6,3.6,incoming,medium,sandy,7,grass,1,0,1,1.4,3.0,4.285425561,5.081542899,4.839562613,-0.1,2.4,213.2805648,205.9863426,217.5942623,320,-43.795813,172.916609,2,6,1,0,15,1,Alongshore,Alongshore,Alongshore,11.2,0.0
2569,Tikao Bay mid beach,2015-02-10 10:00:00,Akaroa,0.0,0.2,0.2,1.6,1.6,1.6,ebbing,medium,sandy,7,grass,1,0,1,0.8,4.0,2.253567671,2.212661065,4.269805601,2.2,2.2,220.2687574,198.3073981,200.3208093,320,-43.795813,172.916609,2,7,1,0,10,0,Alongshore,Alongshore,Alongshore,25.2,0.0
2570,Tikao Bay mid beach,2015-02-17 12:00:00,Akaroa,0.0,0.0,0.0,0.0,0.0,0.0,incoming,medium,sandy,7,grass,1,0,1,0.0,0.0,0.712076695,1.902151366,3.937632411,-1.9,2.5,298.5821147,299.0567359,304.3252754,320,-43.795813,172.916609,2,8,1,0,12,0,Offshore,Offshore,Offshore,21.0,0.0
2571,Tikao Bay mid beach,2015-02-24 11:00:00,Akaroa,0.0,0.0,0.0,0.0,1.8,1.8,ebbing,medium,sandy,7,grass,1,0,1,1.6,2.0,4.309879065,4.360631756,4.974569176,2.8,2.6,13.34476269,19.08532168,29.7002294,320,-43.795813,172.916609,2,9,1,0,11,0,Alongshore,Alongshore,Alongshore,21.0,0.0
2572,Tikao Bay mid beach,2015-03-03 14:00:00,Akaroa,0.0,0.0,0.6,0.6,0.6,0.6,incoming,medium,sandy,7,grass,1,0,1,0.6,1.0,0.659567292,2.366593911,2.669267415,-0.6,2.3,331.1176203,325.5638387,352.2511113,320,-43.795813,172.916609,3,10,1,0,14,0,Offshore,Offshore,Offshore,20.0,0.0
2573,Tikao Bay mid beach,2015-11-18 09:00:00,Akaroa,0.0,2.4,2.8,2.8,2.8,2.8,ebbing,medium,sandy,7,grass,1,0,1,1.4,3.0,4.851931211,9.007363512,11.32592772,0.1,2.5,220.5570858,216.9079038,210.7048756,320,-43.795813,172.916609,11,47,2,0,9,0,Alongshore,Alongshore,Alongshore,,0.0
2574,Tikao Bay mid beach,2015-11-24 12:00:00,Akaroa,0.0,0.0,0.0,0.0,0.0,0.2,incoming,medium,sandy,7,grass,1,0,1,0.0,0.0,6.10848604,7.195483976,7.000125678,-2.6,2.7,1.891849723,2.886656872,1.694661583,320,-43.795813,172.916609,11,48,1,0,12,0,Offshore,Offshore,Offshore,31.0,0.0
2575,Tikao Bay mid beach,2015-12-01 07:00:00,Akaroa,0.0,0.0,0.0,0.0,0.2,0.2,incoming,medium,sandy,7,grass,1,0,1,0.2,1.0,1.855378148,0.474721464,0.830514575,-0.9,2.6,122.9129656,74.14787363,26.4640253,320,-43.795813,172.916609,12,49,1,0,7,0,Onshore,Alongshore,Alongshore,18.0,0.0
2576,Tikao Bay mid beach,2015-12-08 12:00:00,Akaroa,0.0,0.0,0.0,1.0,1.0,3.6,incoming,medium,sandy,7,grass,1,0,1,1.0,1.0,1.146473119,2.883415815,6.123110882,-1.4,2.1,241.6425746,245.0141987,215.0733667,320,-43.795813,172.916609,12,50,1,0,12,0,Alongshore,Alongshore,Alongshore,13.666666666666666,0.0
2577,Tikao Bay mid beach,2015-12-15 06:00:00,Akaroa,0.0,0.0,0.0,0.0,12.6,12.6,incoming,medium,sandy,7,grass,1,0,1,5.4,5.0,0.530641847,0.773750733,0.43657283,-0.3,2.5,328.2401186,109.4214658,58.05262954,320,-43.795813,172.916609,12,51,1,0,6,0,Offshore,Onshore,Alongshore,11.5,0.0
2578,Tikao Bay mid beach,2015-12-22 11:00:00,Akaroa,0.0,0.2,0.2,0.2,0.2,0.2,incoming,medium,sandy,7,grass,1,0,1,0.2,1.0,3.077401269,6.088387787,6.669593388,-2.2,2.6,143.7274233,142.5581248,118.4978933,320,-43.795813,172.916609,12,52,1,0,11,1,Onshore,Onshore,Onshore,10.2,0.0
2579,Tikao Bay mid beach,2015-12-29 06:00:00,Akaroa,0.0,0.0,0.0,0.0,0.0,0.0,incoming,medium,sandy,7,grass,1,0,1,0.0,0.0,1.597135059,1.360508364,1.6881748,-0.2,2.6,167.1034386,138.9041535,65.04564665,320,-43.795813,172.916609,12,53,1,0,6,1,Onshore,Onshore,Alongshore,8.0,0.0
2580,Tikao Bay mid beach,2016-01-06 10:00:00,Akaroa,0.0,0.0,0.0,0.0,0.0,23.0,incoming,medium,sandy,7,grass,1,0,1,0.0,0.0,1.132301942,1.715751764,3.410663731,-2.7,2.1,19.26463673,34.32874094,66.68431808,320,-43.795813,172.916609,1,1,2,0,10,0,Alongshore,Alongshore,Alongshore,8.0,0.0
2581,Tikao Bay mid beach,2016-01-12 05:00:00,Akaroa,0.0,0.0,0.0,0.0,0.0,0.0,ebbing,medium,sandy,7,grass,1,0,1,0.0,0.0,1.992017344,1.05801795,1.364267191,0.5,2.6,190.7466256,148.8656719,47.0427512,320,-43.795813,172.916609,1,2,1,0,5,0,Alongshore,Onshore,Alongshore,8.0,0.0
2582,Tikao Bay mid beach,2016-01-19 10:00:00,Akaroa,1.0,2.2,5.4,5.8,7.8,7.8,incoming,medium,sandy,7,grass,1,0,1,1.8,10.0,0.643826814,1.069923775,1.5876852,-2.0,2.6,339.9961728,1.66790275,45.80730255,320,-43.795813,172.916609,1,3,1,0,10,0,Offshore,Offshore,Alongshore,8.0,0.0
2583,Tikao Bay mid beach,2016-01-26 05:00:00,Akaroa,0.2,0.2,0.2,0.2,0.2,0.2,ebbing,medium,sandy,7,grass,1,0,1,0.2,1.0,2.026067834,2.256900365,1.591274059,0.1,2.6,70.39677181,23.01821567,40.60282214,320,-43.795813,172.916609,1,4,1,0,5,0,Alongshore,Alongshore,Alongshore,8.0,0.0
2584,Tikao Bay mid beach,2016-02-01 09:00:00,Akaroa,0.0,0.0,0.0,0.0,0.0,0.0,incoming,medium,sandy,7,grass,1,0,1,0.0,0.0,0.774639957,0.654825052,0.476059814,-1.3,2.1,171.5684969,134.9047353,95.01636487,320,-43.795813,172.916609,2,5,0,0,9,1,Onshore,Onshore,Onshore,10.0,0.0
2585,Tikao Bay mid beach,2016-02-10 07:00:00,Akaroa,0.0,0.0,0.0,0.0,0.0,0.0,ebbing,medium,sandy,7,grass,1,0,1,0.0,0.0,1.022939168,1.213530466,0.401098098,2.2,2.7,99.7482186,94.34516392,163.2674116,320,-43.795813,172.916609,2,6,2,0,7,0,Onshore,Alongshore,Onshore,10.0,0.0
2586,Tikao Bay mid beach,2016-02-16 09:00:00,Akaroa,0.0,0.0,0.0,0.0,0.0,0.0,incoming,medium,sandy,7,grass,1,0,1,0.0,0.0,0.763816736,1.286202948,1.257870232,-1.4,2.6,210.3425694,196.5633322,198.3167832,320,-43.795813,172.916609,2,7,1,0,9,0,Alongshore,Alongshore,Alongshore,26.0,0.0
2587,Tikao Bay mid beach,2016-02-23 14:00:00,Akaroa,0.0,0.0,0.0,0.0,0.0,0.0,incoming,medium,sandy,7,grass,1,0,1,0.0,0.0,1.310658968,2.905358715,3.663635191,-2.7,2.5,279.3558747,282.1192961,264.1880124,320,-43.795813,172.916609,2,8,1,0,14,0,Offshore,Offshore,Alongshore,26.0,0.0
2588,Tikao Bay mid beach,2016-11-22 12:00:00,Akaroa,0.0,0.0,0.0,0.0,0.0,0.0,ebbing,medium,sandy,7,grass,1,0,1,0.0,0.0,0.608353426,2.166985919,3.380366991,1.8,2.5,313.8493975,324.276545,349.3171742,320,-43.795813,172.916609,11,47,1,0,12,0,Offshore,Offshore,Offshore,,0.0
2589,Tikao Bay mid beach,2016-11-29 15:00:00,Akaroa,0.0,0.0,0.0,0.0,0.4,1.2,incoming,medium,sandy,7,grass,1,0,1,0.2,2.0,3.984315813,7.257780056,8.003131814,-1.0,2.3,304.9797425,327.0060168,341.7101824,320,-43.795813,172.916609,11,48,1,0,15,0,Offshore,Offshore,Offshore,5.0,0.0
2590,Tikao Bay mid beach,2016-12-06 10:00:00,Akaroa,0.0,0.0,0.0,0.0,0.0,0.0,ebbing,medium,sandy,7,grass,1,0,1,0.0,0.0,1.323984244,0.759202124,1.491923761,1.7,2.4,36.86398428,91.71126043,98.65254195,320,-43.795813,172.916609,12,49,1,0,10,0,Alongshore,Alongshore,Onshore,5.0,0.0
2591,Tikao Bay mid beach,2016-12-13 14:00:00,Akaroa,0.0,0.0,0.0,0.2,17.2,43.0,incoming,medium,sandy,7,grass,1,0,1,3.8,13.0,1.020307616,2.646405994,3.282930395,-0.7,2.7,16.27165992,338.9809877,288.1531122,320,-43.795813,172.916609,12,50,1,0,14,0,Alongshore,Offshore,Offshore,5.0,0.0
2592,Tikao Bay mid beach,2016-12-20 08:00:00,Akaroa,0.0,0.0,0.0,0.0,0.0,0.0,incoming,medium,sandy,7,grass,1,0,1,0.0,0.0,1.102313903,0.636247881,0.598727749,-0.6,2.5,253.0212139,189.0919351,155.5405567,320,-43.795813,172.916609,12,51,1,0,8,1,Alongshore,Alongshore,Onshore,8.75,0.0
2593,Tikao Bay mid beach,2016-12-28 13:00:00,Akaroa,0.0,0.0,0.0,0.0,0.0,0.0,incoming,medium,sandy,7,grass,1,0,1,0.0,0.0,2.597387711,4.30645084,4.940016787,-1.9,2.2,124.5640535,125.8776578,133.192956,320,-43.795813,172.916609,12,52,2,0,13,1,Onshore,Onshore,Onshore,8.0,0.0
2594,Tikao Bay mid beach,2017-01-05 08:00:00,Akaroa,0.6,0.8,1.0,13.0,16.8,16.8,incoming,medium,sandy,7,grass,1,0,1,3.8,14.0,14.3024267,13.78462137,11.35859599,-0.9,2.4,224.9879609,227.525886,229.2444327,320,-43.795813,172.916609,1,1,3,0,8,1,Alongshore,Alongshore,Alongshore,9.0,0.0
2595,Tikao Bay mid beach,2017-01-10 14:00:00,Akaroa,0.0,0.0,0.0,0.0,0.0,4.6,ebbing,medium,sandy,7,grass,1,0,1,0.0,0.0,2.207398767,1.096226237,1.692364761,0.5,2.6,12.09770446,241.7302173,220.2654422,320,-43.795813,172.916609,1,2,1,0,14,0,Alongshore,Alongshore,Alongshore,14.0,0.0
2596,Tikao Bay mid beach,2017-01-17 08:00:00,Akaroa,0.0,0.0,0.0,0.0,0.0,0.0,ebbing,medium,sandy,7,grass,1,0,1,0.0,0.0,3.012699256,2.317708913,1.882737595,0.1,2.6,53.96102869,68.22741688,47.43463846,320,-43.795813,172.916609,1,3,1,0,8,0,Alongshore,Alongshore,Alongshore,14.0,0.0
2597,Tikao Bay mid beach,2017-01-23 13:00:00,Akaroa,0.0,0.0,2.0,43.6,64.0,64.0,ebbing,medium,sandy,7,grass,1,0,1,7.6,30.0,14.8489257,12.18141246,9.563491945,0.9,2.1,231.2333905,231.4965902,233.2960453,320,-43.795813,172.916609,1,4,0,0,13,0,Alongshore,Alongshore,Alongshore,12.0,0.0
2598,Tikao Bay mid beach,2017-01-31 07:00:00,Akaroa,0.0,0.0,0.0,0.0,0.0,0.0,ebbing,medium,sandy,7,grass,1,0,1,0.0,0.0,2.00271578,3.129022141,3.067596091,1.1,2.5,113.4773866,112.0110919,96.86026864,320,-43.795813,172.916609,1,5,1,0,7,1,Onshore,Onshore,Onshore,37.8,0.0
2599,Tikao Bay mid beach,2017-02-08 15:00:00,Akaroa,0.0,0.0,0.6,0.6,1.6,1.6,ebbing,medium,sandy,7,grass,1,0,1,0.8,3.0,4.122009239,5.605472595,5.823916282,1.3,2.6,222.7782265,224.0406214,212.3140158,320,-43.795813,172.916609,2,6,2,0,15,1,Alongshore,Alongshore,Alongshore,36.8,0.0
2600,Tikao Bay mid beach,2017-02-14 17:00:00,Akaroa,0.0,0.0,0.0,0.0,0.0,0.0,incoming,medium,sandy,7,grass,1,0,1,0.0,0.0,4.671702143,3.423889803,3.082222593,-1.3,2.5,332.6036234,274.7440226,269.9303695,320,-43.795813,172.916609,2,7,1,0,17,0,Offshore,Alongshore,Alongshore,36.8,0.0
2601,Tikao Bay mid beach,2017-02-21 15:00:00,Akaroa,0.0,0.0,0.0,0.0,0.0,2.0,ebbing,medium,sandy,7,grass,1,0,1,0.0,0.0,2.003261837,3.841868373,5.159895252,3.0,2.1,348.5614251,334.3411244,347.8708955,320,-43.795813,172.916609,2,8,1,0,15,0,Offshore,Offshore,Offshore,36.8,0.0
2602,Tikao Bay mid beach,2017-03-06 09:00:00,Akaroa,0.0,0.0,0.0,0.0,0.0,0.0,incoming,medium,sandy,7,grass,1,0,1,0.0,0.0,1.239720737,0.888668422,0.314790917,-0.9,2.5,158.6798677,158.7891454,116.7371254,320,-43.795813,172.916609,3,10,0,0,9,0,Onshore,Onshore,Onshore,35.8,0.0
2603,Tikao Bay mid beach,2017-11-14 12:00:00,Akaroa,0.0,0.0,0.0,0.0,0.0,1.2,incoming,medium,sandy,7,grass,1,0,1,0.0,0.0,1.112929236,2.528025201,3.891935668,-0.7,2.5,280.5130034,288.1212052,291.7150236,320,-43.795813,172.916609,11,46,1,0,12,0,Offshore,Offshore,Offshore,,0.0
2604,Tikao Bay mid beach,2017-11-29 13:00:00,Akaroa,0.0,0.0,0.0,0.0,0.0,0.0,ebbing,medium,sandy,7,grass,1,0,1,0.0,0.0,0.45330361,2.120940467,2.790824035,1.1,2.3,281.5214328,290.0988289,305.5664955,320,-43.795813,172.916609,11,48,2,0,13,0,Offshore,Offshore,Offshore,74.0,0.0
2605,Tikao Bay mid beach,2017-12-06 06:00:00,Akaroa,0.0,0.0,0.0,0.0,0.0,0.0,ebbing,medium,sandy,7,grass,1,0,1,0.0,0.0,0.815216304,0.618055559,0.688777311,0.4,2.8,144.4464978,146.3088289,217.4168954,320,-43.795813,172.916609,12,49,2,0,6,0,Onshore,Onshore,Alongshore,47.0,0.0
2606,Tikao Bay mid beach,2017-12-13 13:00:00,Akaroa,0.0,0.0,0.0,0.0,1.0,1.0,ebbing,medium,sandy,7,grass,1,0,1,0.6,2.0,2.831640087,4.004365714,4.997982459,0.8,2.5,84.48015875,77.52733935,69.52193554,320,-43.795813,172.916609,12,50,2,0,13,0,Alongshore,Alongshore,Alongshore,45.0,0.0
2607,Tikao Bay mid beach,2017-12-21 06:00:00,Akaroa,0.0,0.0,0.0,0.0,0.0,0.0,ebbing,medium,sandy,7,grass,1,0,1,0.0,0.0,0.89442931,1.406076366,1.319008903,0.5,2.3,104.8044111,102.2174217,99.3617916,320,-43.795813,172.916609,12,51,3,0,6,1,Onshore,Onshore,Onshore,35.0,0.0
2608,Tikao Bay mid beach,2017-12-27 08:00:00,Akaroa,0.0,0.2,0.4,1.2,7.8,7.8,incoming,medium,sandy,7,grass,1,0,1,2.2,10.0,3.800213748,4.558350192,5.048435915,-2.7,2.3,202.1650646,198.5522932,195.9041632,320,-43.795813,172.916609,12,52,2,0,8,1,Alongshore,Alongshore,Alongshore,40.6,0.0
2609,Tikao Bay mid beach,2018-01-10 11:00:00,Akaroa,1.6,3.2,3.2,3.2,3.2,3.4,ebbing,medium,sandy,7,grass,1,0,1,1.0,5.0,1.564265927,3.091570821,4.50371225,0.4,2.4,216.7936373,208.1582121,194.0277073,320,-43.795813,172.916609,1,2,2,0,11,0,Alongshore,Alongshore,Alongshore,47.4,0.0
2610,Tikao Bay mid beach,2018-01-15 14:00:00,Akaroa,0.0,0.0,0.0,0.0,0.0,0.0,incoming,medium,sandy,7,grass,1,0,1,0.0,0.0,2.305799993,5.312421247,6.5671267,-1.1,2.2,356.3119189,348.8271854,352.2614072,320,-43.795813,172.916609,1,3,0,0,14,0,Offshore,Offshore,Offshore,95.2,0.0
2611,Tikao Bay mid beach,2018-01-24 08:00:00,Akaroa,0.0,0.0,0.0,0.0,0.0,0.0,incoming,medium,sandy,7,grass,1,0,1,0.0,0.0,0.702127657,0.58456602,0.142109722,-0.8,2.3,17.47571495,67.49167654,96.72338054,320,-43.795813,172.916609,1,4,2,0,8,0,Alongshore,Alongshore,Onshore,89.0,0.0
2612,Tikao Bay mid beach,2018-01-29 14:00:00,Akaroa,0.0,0.0,0.0,0.0,0.0,0.0,incoming,medium,sandy,7,grass,1,0,1,0.0,0.0,2.60686097,5.147293441,5.724482977,-0.2,2.5,355.4863231,351.7175504,1.448258301,320,-43.795813,172.916609,1,5,0,0,14,0,Offshore,Offshore,Offshore,107.6,0.0
2613,Tikao Bay mid beach,2018-02-09 11:00:00,Akaroa,0.0,0.0,0.0,0.0,0.0,0.0,incoming,medium,sandy,7,grass,1,0,1,0.0,0.0,2.396408976,2.593471637,4.030397501,-0.2,2.3,15.99154999,35.73319077,52.81246035,320,-43.795813,172.916609,2,6,4,0,11,1,Alongshore,Alongshore,Alongshore,96.0,0.0
2614,Tikao Bay mid beach,2018-02-14 14:00:00,Akaroa,0.0,0.0,0.0,0.0,0.0,0.2,incoming,medium,sandy,7,grass,1,0,1,0.0,0.0,1.088526526,3.603313395,4.803335976,-1.0,2.2,260.8717611,264.846688,257.8217597,320,-43.795813,172.916609,2,7,2,0,14,0,Alongshore,Alongshore,Alongshore,75.4,0.0
2615,Tikao Bay mid beach,2018-02-23 09:00:00,Akaroa,0.0,0.0,0.0,0.4,18.6,178.6,incoming,medium,sandy,7,grass,1,0,1,3.8,16.0,0.59218518,0.869419617,0.929180844,-0.7,2.4,221.1109854,207.7371145,189.8055748,320,-43.795813,172.916609,2,8,4,0,9,0,Alongshore,Alongshore,Alongshore,29.6,0.0
2616,Tikao Bay mid beach,2018-03-09 10:00:00,Akaroa,1.2,1.2,1.2,1.2,1.2,4.8,ebbing,medium,sandy,7,grass,1,0,1,1.2,1.0,2.027645115,3.051447946,4.940011019,0.6,2.3,174.5097659,172.6649549,173.161909,320,-43.795813,172.916609,3,10,4,0,10,0,Onshore,Onshore,Onshore,31.6,0.0
2617,Tikao Bay mid beach,2018-03-21 07:00:00,Akaroa,0.0,0.0,0.0,0.0,0.0,0.0,ebbing,medium,sandy,7,grass,1,0,1,0.0,0.0,0.621657987,0.33821037,1.1679337,0.3,2.5,194.7556288,159.9170304,98.33760393,320,-43.795813,172.916609,3,12,2,0,7,0,Alongshore,Onshore,Onshore,29.2,0.0
2618,Tikao Bay mid beach,2018-11-14 09:00:00,Akaroa,0.0,0.0,0.0,0.0,0.0,0.0,incoming,medium,sandy,7,grass,1,0,1,0.0,0.0,0.316944447,0.209766581,1.178901105,-0.2,2.3,241.0289556,143.6338116,100.590452,320,-43.795813,172.916609,11,46,2,0,9,0,Alongshore,Onshore,Onshore,,0.0
2619,Tikao Bay mid beach,2018-11-19 13:00:00,Akaroa,0.0,0.0,0.4,27.6,28.0,28.6,ebbing,medium,sandy,7,grass,1,0,1,11.4,11.0,1.795845247,3.613995571,6.62996602,0.4,2.2,232.1186806,245.2177008,223.7414554,320,-43.795813,172.916609,11,47,0,0,13,0,Alongshore,Alongshore,Alongshore,5.0,0.0
2620,Tikao Bay mid beach,2018-11-21 11:00:00,Akaroa,0.0,0.0,0.0,9.0,26.6,54.2,incoming,medium,sandy,7,grass,1,0,1,6.0,13.0,0.759000883,2.077857568,3.407549932,-3.5,2.3,230.9602329,221.5560419,159.1384056,320,-43.795813,172.916609,11,47,2,0,11,0,Alongshore,Alongshore,Onshore,150.0,0.3333333333333333
2621,Tikao Bay mid beach,2018-11-29 09:00:00,Akaroa,0.0,0.0,0.0,0.2,21.6,23.8,ebbing,medium,sandy,7,grass,1,0,1,4.0,20.0,1.177393471,1.246690475,2.389255171,0.1,2.7,35.24463577,50.26836512,71.61461627,320,-43.795813,172.916609,11,48,3,0,9,0,Alongshore,Alongshore,Alongshore,121.0,0.25
2622,Tikao Bay mid beach,2018-12-03 13:00:00,Akaroa,0.6,1.4,2.4,3.0,5.0,5.6,ebbing,medium,sandy,7,grass,1,0,1,0.6,20.0,4.80908571,5.381830518,5.542380792,0.7,2.6,46.59917044,44.04407151,39.33162128,320,-43.795813,172.916609,12,49,0,0,13,0,Alongshore,Alongshore,Alongshore,93.25,0.2
2623,Tikao Bay mid beach,2018-12-11 07:00:00,Akaroa,0.0,0.0,0.0,0.0,0.0,0.0,ebbing,medium,sandy,7,grass,1,0,1,0.0,0.0,1.612240788,1.568345127,1.954303515,0.7,2.4,51.02376665,61.2037814,54.06901016,320,-43.795813,172.916609,12,50,1,0,7,0,Alongshore,Alongshore,Alongshore,75.6,0.16666666666666666
2624,Tikao Bay mid beach,2018-12-17 12:00:00,Akaroa,0.0,0.0,0.0,0.0,0.0,0.0,ebbing,medium,sandy,7,grass,1,0,1,0.0,0.0,1.143772005,2.107315054,3.513178893,0.8,2.1,310.4070689,306.7873153,335.1265669,320,-43.795813,172.916609,12,51,0,0,12,0,Offshore,Offshore,Offshore,75.6,0.14285714285714285
2625,Tikao Bay mid beach,2018-12-28 08:00:00,Akaroa,0.0,0.0,0.0,0.0,0.0,0.0,incoming,medium,sandy,7,grass,1,0,1,0.0,0.0,1.292881034,1.816027969,2.693682897,0.0,2.7,57.75282061,68.0314927,84.7886031,320,-43.795813,172.916609,12,52,4,0,8,1,Alongshore,Alongshore,Alongshore,17.6,0.125
2626,Tikao Bay mid beach,2019-01-09 06:00:00,Akaroa,0.0,0.0,0.0,0.0,0.0,5.4,ebbing,medium,sandy,7,grass,1,0,1,0.0,0.0,3.068774256,3.687068695,4.430343985,0.3,2.3,43.90944083,46.38799283,56.18695319,320,-43.795813,172.916609,1,2,2,0,6,0,Alongshore,Alongshore,Alongshore,6.0,0.1111111111111111
2627,Tikao Bay mid beach,2019-01-14 10:00:00,Akaroa,25.0,31.6,31.8,32.0,32.0,32.0,ebbing,medium,sandy,7,grass,1,0,1,14.6,8.0,8.841797238,8.867931283,8.398752826,0.3,2.2,217.0131366,223.1877554,225.5623187,320,-43.795813,172.916609,1,3,0,0,10,0,Alongshore,Alongshore,Alongshore,5.0,0.1
2628,Tikao Bay mid beach,2019-01-16 11:00:00,Akaroa,0.0,0.0,0.0,0.0,0.0,33.6,incoming,medium,sandy,7,grass,1,0,1,0.0,0.0,1.097084926,1.961583656,3.363641452,-0.9,2.2,354.7625366,347.6799942,357.0882471,320,-43.795813,172.916609,1,3,2,0,11,0,Offshore,Offshore,Offshore,2004.0,0.18181818181818182
2629,Tikao Bay mid beach,2019-01-25 07:00:00,Akaroa,0.0,0.0,0.0,0.0,9.4,9.6,incoming,medium,sandy,7,grass,1,0,1,3.8,4.0,1.422488561,1.062892831,0.798024593,-0.4,2.8,93.66890844,106.5861584,85.73899136,320,-43.795813,172.916609,1,4,4,0,7,0,Alongshore,Onshore,Alongshore,2004.0,0.16666666666666666
2630,Tikao Bay mid beach,2019-01-30 10:00:00,Akaroa,0.0,0.0,0.0,0.0,0.0,0.0,incoming,medium,sandy,7,grass,1,0,1,0.0,0.0,0.41476583,0.390438594,1.59323785,-2.1,2.4,319.5277829,344.9616438,157.0585513,320,-43.795813,172.916609,1,5,2,0,10,0,Offshore,Offshore,Onshore,2004.0,0.15384615384615385
2631,Tikao Bay mid beach,2019-02-08 06:00:00,Akaroa,0.0,0.0,0.0,0.0,0.0,0.0,incoming,medium,sandy,7,grass,1,0,1,0.0,0.0,3.470915243,3.190757291,3.090249766,0.0,2.3,40.00152669,41.89341576,45.88195687,320,-43.795813,172.916609,2,6,4,0,6,1,Alongshore,Alongshore,Alongshore,2013.4,0.14285714285714285
2632,Tikao Bay mid beach,2019-02-11 09:00:00,Akaroa,0.0,0.0,0.0,0.0,0.0,0.0,ebbing,medium,sandy,7,grass,1,0,1,0.0,0.0,0.37820684,0.153608521,0.556987718,0.7,2.2,34.57730676,336.2268907,98.35104508,320,-43.795813,172.916609,2,7,0,0,9,0,Alongshore,Offshore,Onshore,2047.4,0.13333333333333333
2633,Tikao Bay mid beach,2019-02-13 09:00:00,Akaroa,0.0,0.0,0.0,0.0,0.0,0.0,incoming,medium,sandy,7,grass,1,0,1,0.0,0.0,0.492612213,0.286806065,1.202229346,-0.9,2.2,285.0141041,314.9091909,18.49819096,320,-43.795813,172.916609,2,7,2,0,9,0,Offshore,Offshore,Alongshore,48.4,0.125
2634,Tikao Bay mid beach,2019-02-15 09:00:00,Akaroa,0.0,0.0,1.6,1.6,2.0,2.0,incoming,medium,sandy,7,grass,1,0,1,1.4,4.0,3.190910222,1.967474899,1.788467535,-3.0,2.3,207.5104033,211.4978379,228.3191061,320,-43.795813,172.916609,2,7,4,0,9,0,Alongshore,Alongshore,Alongshore,82.4,0.11764705882352941
2635,Tikao Bay mid beach,2019-02-18 13:00:00,Akaroa,0.0,0.0,0.0,0.0,0.0,0.8,incoming,medium,sandy,7,grass,1,0,1,0.0,0.0,0.607935843,2.209091315,3.424968629,-1.5,2.6,297.2020754,290.7174213,265.8056392,320,-43.795813,172.916609,2,8,0,0,13,0,Offshore,Offshore,Alongshore,87.6,0.1111111111111111
2636,Tikao Bay mid beach,2019-02-20 14:00:00,Akaroa,0.4,0.4,0.4,0.4,0.4,0.4,incoming,medium,sandy,7,grass,1,0,1,0.4,1.0,1.897788266,2.566445525,4.89612899,-2.2,2.7,98.03721781,110.0612904,61.77957199,320,-43.795813,172.916609,2,8,2,0,14,0,Onshore,Onshore,Alongshore,161.6,0.15789473684210525
2637,Tikao Bay mid beach,2019-02-25 09:00:00,Akaroa,0.2,0.2,2.0,22.2,22.2,22.2,ebbing,medium,sandy,7,grass,1,0,1,6.8,12.0,4.581247236,4.217029405,4.141152021,0.1,2.6,176.9266242,177.9660224,176.6897349,320,-43.795813,172.916609,2,9,0,0,9,0,Onshore,Onshore,Onshore,134.8,0.15
2638,Tikao Bay mid beach,2019-02-27 09:00:00,Akaroa,0.0,0.0,0.0,0.0,0.0,22.2,incoming,medium,sandy,7,grass,1,0,1,0.0,0.0,0.755284409,1.299281879,2.684243001,-1.3,2.4,351.7181596,7.391866186,58.26781769,320,-43.795813,172.916609,2,9,2,0,9,0,Offshore,Alongshore,Alongshore,163.0,0.14285714285714285
2639,Tikao Bay mid beach,2019-11-18 07:00:00,Akaroa,0.0,0.0,0.0,0.0,0.0,0.0,incoming,medium,sandy,7,grass,1,0,1,0.0,0.0,2.206187102,2.675901811,1.960913043,-0.9,2.5,358.1549022,11.8213347,44.67485445,320,-43.795813,172.916609,11,47,0,0,7,0,Offshore,Alongshore,Alongshore,,0.0
2640,Tikao Bay mid beach,2019-12-05 09:00:00,Akaroa,0.0,0.0,0.0,0.0,0.0,0.0,incoming,medium,sandy,7,grass,1,0,1,0.0,0.0,2.245702946,0.569207837,1.561464055,-1.6,2.2,357.2134381,102.0279121,354.0457161,320,-43.795813,172.916609,12,49,3,0,9,0,Offshore,Onshore,Offshore,5.0,0.0
2641,Tikao Bay mid beach,2019-12-11 12:00:00,Akaroa,0.0,0.0,0.0,0.0,0.0,1.6,incoming,medium,sandy,7,grass,1,0,1,0.0,0.0,0.244741433,1.848978833,3.122135103,-2.7,2.3,291.9223128,288.3705652,297.4438192,320,-43.795813,172.916609,12,50,2,0,12,0,Offshore,Offshore,Offshore,5.0,0.0
2642,Tikao Bay mid beach,2019-12-18 11:00:00,Akaroa,0.2,5.2,26.2,39.8,46.4,46.4,ebbing,medium,sandy,7,grass,1,0,1,5.2,24.0,10.9838788,11.98493846,13.81085952,2.5,2.6,227.4011866,222.3364621,223.5087151,320,-43.795813,172.916609,12,51,2,0,11,0,Alongshore,Alongshore,Alongshore,5.0,0.0
2643,Tikao Bay mid beach,2019-12-20 11:00:00,Akaroa,0.0,0.0,0.0,0.0,0.0,39.8,ebbing,medium,sandy,7,grass,1,0,1,0.0,0.0,8.394805749,9.826688897,10.53507594,0.4,2.6,250.5207501,281.2521988,306.1645732,320,-43.795813,172.916609,12,51,4,0,11,1,Alongshore,Offshore,Offshore,623.75,0.2
2644,Tikao Bay mid beach,2020-01-03 09:00:00,Akaroa,0.0,0.0,0.0,0.0,0.0,0.0,incoming,medium,sandy,7,grass,1,0,1,0.0,0.0,0.42644896,0.937959705,2.013384464,-1.4,2.1,206.9641764,198.8324785,143.6960295,320,-43.795813,172.916609,1,1,4,0,9,1,Alongshore,Alongshore,Onshore,525.8,0.16666666666666666
2645,Tikao Bay mid beach,2020-01-08 14:00:00,Akaroa,0.0,0.0,0.0,0.0,2.0,2.0,ebbing,medium,sandy,7,grass,1,0,1,0.8,4.0,2.52538749,3.416390768,3.765285551,0.5,2.2,249.5399854,255.681173,240.4310034,320,-43.795813,172.916609,1,2,2,0,14,0,Alongshore,Alongshore,Alongshore,531.0,0.14285714285714285
2646,Tikao Bay mid beach,2020-01-16 11:00:00,Akaroa,0.0,0.0,0.0,0.0,0.0,0.0,ebbing,medium,sandy,7,grass,1,0,1,0.0,0.0,0.659791083,1.914988273,3.602703892,2.3,2.6,28.74672756,21.70345809,21.77672862,320,-43.795813,172.916609,1,3,3,0,11,0,Alongshore,Alongshore,Alongshore,540.4,0.125
2647,Tikao Bay mid beach,2020-01-22 11:00:00,Akaroa,0.0,0.0,0.0,0.0,0.0,0.0,incoming,medium,sandy,7,grass,1,0,1,0.0,0.0,1.615567282,2.094821639,2.968619091,-2.7,2.5,303.7274201,330.6835883,6.496819037,320,-43.795813,172.916609,1,4,2,0,11,0,Offshore,Offshore,Alongshore,540.4,0.1111111111111111
2648,Tikao Bay mid beach,2020-01-30 08:00:00,Akaroa,0.0,0.0,0.0,0.0,0.0,0.0,ebbing,medium,sandy,7,grass,1,0,1,0.0,0.0,3.573835326,1.802368441,0.802019332,0.2,2.2,126.4727176,202.2168067,227.3939148,320,-43.795813,172.916609,1,5,3,0,8,0,Onshore,Alongshore,Alongshore,45.4,0.1
2649,Tikao Bay mid beach,2020-02-04 11:00:00,Akaroa,0.0,0.0,0.0,0.0,0.0,0.2,incoming,medium,sandy,7,grass,1,0,1,0.0,0.0,4.982132458,6.862276937,8.521532837,-0.6,2.1,17.84815565,14.61753085,16.44142114,320,-43.795813,172.916609,2,6,1,0,11,1,Alongshore,Alongshore,Alongshore,19.6,0.09090909090909091
2650,Tikao Bay mid beach,2020-02-12 06:00:00,Akaroa,0.0,0.0,0.0,0.0,0.0,0.0,ebbing,medium,sandy,7,grass,1,0,1,0.0,0.0,1.487039097,0.835401787,1.367682796,0.5,2.7,68.86599588,110.7352427,224.4940292,320,-43.795813,172.916609,2,7,2,0,6,0,Alongshore,Onshore,Alongshore,14.4,0.08333333333333333
2651,Tikao Bay mid beach,2020-02-20 11:00:00,Akaroa,0.0,0.0,0.0,0.0,0.0,0.0,incoming,medium,sandy,7,grass,1,0,1,0.0,0.0,0.773115769,1.070440559,3.304593269,-2.8,2.4,34.19935119,59.42516715,108.3904472,320,-43.795813,172.916609,2,8,3,0,11,0,Alongshore,Alongshore,Onshore,21.2,0.07692307692307693
2652,Tikao Bay mid beach,2020-02-28 10:00:00,Akaroa,0.0,0.0,0.0,0.0,0.0,0.0,ebbing,medium,sandy,7,grass,1,0,1,0.0,0.0,1.471493221,1.494895975,3.331888545,2.8,2.2,13.95133938,40.99851454,68.47167349,320,-43.795813,172.916609,2,9,4,0,10,0,Alongshore,Alongshore,Alongshore,21.2,0.07142857142857142
2653,Tikao Bay mid beach,2020-03-04 10:00:00,Akaroa,0.0,0.8,1.2,1.8,1.8,1.8,incoming,medium,sandy,7,grass,1,0,1,0.4,6.0,5.148842817,4.87896778,4.472856906,-0.9,2.1,199.2023421,198.9215794,204.5626098,320,-43.795813,172.916609,3,10,2,0,10,0,Alongshore,Alongshore,Alongshore,21.2,0.06666666666666667
2654,Tikao Bay mid beach,2020-03-17 10:00:00,Akaroa,0.0,0.0,0.0,0.0,0.0,0.0,incoming,medium,sandy,7,grass,1,0,1,0.0,0.0,4.626523585,4.174710389,4.299703523,-0.6,2.5,208.2137234,199.5979819,203.8379119,320,-43.795813,172.916609,3,12,1,0,10,0,Alongshore,Alongshore,Alongshore,26.4,0.0625
2655,Tikao Bay mid beach,2020-11-10 11:00:00,Akaroa,0.0,0.0,0.0,0.0,2.0,73.8,incoming,medium,sandy,7,grass,1,0,1,1.4,3.0,0.913053689,0.502752713,0.751037262,-0.3,2.4,70.52212153,34.09383503,84.01748142,320,-43.795813,172.916609,11,46,1,0,11,0,Alongshore,Alongshore,Alongshore,,0.0
2656,Tikao Bay mid beach,2020-11-12 12:00:00,Akaroa,0.0,0.0,0.0,0.0,0.0,0.0,incoming,medium,sandy,7,grass,1,0,1,0.0,0.0,0.66077321,1.8593725,3.01785787,-0.8,2.5,298.0159199,299.9986964,273.2152577,320,-43.795813,172.916609,11,46,3,0,12,0,Offshore,Offshore,Alongshore,161.0,0.0
2657,Tikao Bay mid beach,2020-11-23 10:00:00,Akaroa,0.0,0.0,0.0,0.2,13.6,13.6,incoming,medium,sandy,7,grass,1,0,1,4.4,9.0,1.678238367,0.891189982,2.148107816,-0.5,2.4,268.5851964,275.1130692,222.097877,320,-43.795813,172.916609,11,48,0,0,10,0,Alongshore,Offshore,Alongshore,90.5,0.0
2658,Tikao Bay mid beach,2020-12-03 06:00:00,Akaroa,0.0,0.0,0.0,0.0,0.0,4.4,ebbing,medium,sandy,7,grass,1,0,1,0.0,0.0,1.556743598,1.757632019,3.086922861,0.4,2.4,223.8689542,268.1041866,340.6530266,320,-43.795813,172.916609,12,49,3,0,6,0,Alongshore,Alongshore,Offshore,77.66666666666667,0.0
2659,Tikao Bay mid beach,2020-12-10 12:00:00,Akaroa,0.0,0.0,0.0,0.0,0.0,0.0,ebbing,medium,sandy,7,grass,1,0,1,0.0,0.0,1.541333217,3.224988453,5.737734862,0.7,2.5,227.8404433,243.5056957,225.6171501,320,-43.795813,172.916609,12,50,3,0,12,0,Alongshore,Alongshore,Alongshore,59.5,0.0
2660,Tikao Bay mid beach,2020-12-17 06:00:00,Akaroa,0.0,0.0,0.0,0.0,0.0,0.0,ebbing,medium,sandy,7,grass,1,0,1,0.0,0.0,1.426821715,0.936715171,0.348914842,0.4,2.8,124.08674,83.41928493,55.66542415,320,-43.795813,172.916609,12,51,3,0,6,0,Onshore,Alongshore,Alongshore,74.6,0.0
2661,Tikao Bay mid beach,2020-12-22 09:00:00,Akaroa,1.6,3.6,3.6,5.4,11.2,11.2,incoming,medium,sandy,7,grass,1,0,1,2.4,14.0,1.382384098,1.451321565,1.588018371,-0.8,2.3,139.5488069,110.7001494,67.61897115,320,-43.795813,172.916609,12,52,1,0,9,1,Onshore,Onshore,Alongshore,46.4,0.0
2662,Tikao Bay mid beach,2020-12-29 15:00:00,Akaroa,0.0,0.0,0.0,0.0,0.0,22.0,incoming,medium,sandy,7,grass,1,0,1,0.0,0.0,1.212459109,2.666329666,4.125142127,-0.6,2.2,30.67308937,344.2924986,337.2622951,320,-43.795813,172.916609,12,53,1,0,15,1,Alongshore,Offshore,Offshore,106.8,0.125
2663,Tikao Bay mid beach,2021-01-11 11:00:00,Akaroa,0.0,0.0,0.0,0.0,1.6,2.6,incoming,medium,sandy,7,grass,1,0,1,0.8,4.0,3.621140496,3.812354295,4.79337627,-2.9,2.6,249.4246489,239.5516863,221.5686923,320,-43.795813,172.916609,1,2,0,0,11,0,Alongshore,Alongshore,Alongshore,97.4,0.1111111111111111
2664,Tikao Bay mid beach,2021-01-19 09:00:00,Akaroa,0.0,0.0,0.0,0.0,2.6,2.6,incoming,medium,sandy,7,grass,1,0,1,1.8,2.0,3.361410175,4.762489724,6.43091432,-0.1,2.3,16.80307436,25.74485435,33.8488031,320,-43.795813,172.916609,1,3,1,0,9,0,Alongshore,Alongshore,Alongshore,98.4,0.1
2665,Tikao Bay mid beach,2021-01-26 11:00:00,Akaroa,0.0,0.0,0.0,0.0,0.0,0.0,incoming,medium,sandy,7,grass,1,0,1,0.0,0.0,0.992903029,0.775154253,2.061384736,-3.0,2.1,317.3599882,358.532742,46.39045479,320,-43.795813,172.916609,1,4,1,0,11,0,Offshore,Offshore,Alongshore,72.4,0.09090909090909091
2666,Tikao Bay mid beach,2021-02-03 10:00:00,Akaroa,0.0,0.0,0.0,0.0,0.0,0.0,ebbing,medium,sandy,7,grass,1,0,1,0.0,0.0,1.33440373,0.486648109,2.30367254,2.3,2.5,285.7293954,315.1185288,34.45230427,320,-43.795813,172.916609,2,5,2,0,10,1,Offshore,Offshore,Alongshore,69.4,0.08333333333333333
2667,Tikao Bay mid beach,2021-02-09 14:00:00,Akaroa,0.0,0.0,0.0,0.0,0.0,0.0,ebbing,medium,sandy,7,grass,1,0,1,0.0,0.0,3.553464651,5.548429501,3.922109914,0.1,2.5,6.787904058,7.23903446,23.5119248,320,-43.795813,172.916609,2,6,1,0,14,1,Alongshore,Alongshore,Alongshore,6.0,0.07692307692307693
2668,Tikao Bay mid beach,2021-02-17 09:00:00,Akaroa,0.0,0.0,0.0,0.0,5.2,5.2,ebbing,medium,sandy,7,grass,1,0,1,1.4,8.0,0.563427294,0.554791162,0.474403148,0.7,2.3,246.8245431,188.3731484,139.9281775,320,-43.795813,172.916609,2,7,2,0,9,0,Alongshore,Alongshore,Onshore,6.0,0.07142857142857142
2669,Tikao Bay mid beach,2021-02-23 16:00:00,Akaroa,0.0,0.0,0.0,0.0,0.0,0.0,ebbing,medium,sandy,7,grass,1,0,1,0.0,0.0,6.71150991,8.168315504,7.555620434,2.9,2.1,7.516072198,9.979056195,6.097594063,320,-43.795813,172.916609,2,8,1,0,16,0,Alongshore,Alongshore,Alongshore,5.0,0.06666666666666667
2670,Tikao Bay mid beach,2021-03-04 10:00:00,Akaroa,0.0,0.0,0.0,0.0,0.0,0.0,ebbing,medium,sandy,7,grass,1,0,1,0.0,0.0,1.710150765,0.95177477,1.738715194,2.4,2.6,359.9325715,55.40957465,71.54784461,320,-43.795813,172.916609,3,9,3,0,10,0,Offshore,Alongshore,Alongshore,5.0,0.0625
2671,Tikao Bay mid beach,2021-11-26 08:00:00,Akaroa,0.0,0.0,0.0,0.0,0.0,0.2,incoming,medium,sandy,7,grass,1,0,1,0.0,0.0,1.983703494,1.66929402,1.331493551,-0.5,2.2,185.6739748,111.9682385,91.46300615,320,-43.795813,172.916609,11,47,4,0,8,0,Alongshore,Onshore,Alongshore,,0.0
2672,Tikao Bay mid beach,2021-12-02 14:00:00,Akaroa,0.0,0.0,0.0,0.0,0.0,0.0,ebbing,medium,sandy,7,grass,1,0,1,0.0,0.0,4.829459296,5.430491291,6.198111516,0.5,2.5,34.99989844,35.23017348,38.17571202,320,-43.795813,172.916609,12,48,3,0,14,0,Alongshore,Alongshore,Alongshore,10.0,0.0
2673,Tikao Bay mid beach,2021-12-09 08:00:00,Akaroa,0.0,0.0,0.0,0.0,0.6,5.4,incoming,medium,sandy,7,grass,1,0,1,0.4,2.0,0.818957153,0.57848769,0.230319126,-0.1,2.7,238.7053907,145.3912147,125.575041,320,-43.795813,172.916609,12,49,3,0,8,0,Alongshore,Onshore,Onshore,7.5,0.0
2674,Tikao Bay mid beach,2021-12-15 14:00:00,Akaroa,8.4,14.6,18.0,18.0,18.0,18.0,ebbing,medium,sandy,7,grass,1,0,1,3.4,10.0,2.073889058,1.912762075,3.036255364,0.4,2.3,327.4139366,82.97900687,95.36857396,320,-43.795813,172.916609,12,50,2,0,14,0,Offshore,Alongshore,Onshore,29.666666666666668,0.0
2675,Tikao Bay mid beach,2021-12-20 11:00:00,Akaroa,0.0,0.0,0.0,0.0,0.0,9.4,incoming,medium,sandy,7,grass,1,0,1,0.0,0.0,2.599371742,4.423564749,5.544874312,-5.8,2.2,17.06548323,23.14895407,33.71589379,320,-43.795813,172.916609,12,51,0,0,11,1,Alongshore,Alongshore,Alongshore,213.75,0.2
2676,Tikao Bay mid beach,2021-12-23 06:00:00,Akaroa,0.0,0.0,0.0,0.0,0.0,0.0,ebbing,medium,sandy,7,grass,1,0,1,0.0,0.0,2.211389879,3.562706907,6.110113136,0.1,2.3,109.7066151,111.1763167,40.94383533,320,-43.795813,172.916609,12,51,3,0,6,1,Onshore,Onshore,Alongshore,172.0,0.16666666666666666
2677,Tikao Bay mid beach,2021-12-30 11:00:00,Akaroa,0.0,0.0,0.0,0.0,1.8,8.4,incoming,medium,sandy,7,grass,1,0,1,0.8,6.0,0.898316367,0.974245886,2.365112441,-1.2,2.4,296.0315688,301.6569719,25.34585135,320,-43.795813,172.916609,12,52,3,0,11,1,Offshore,Offshore,Alongshore,174.0,0.14285714285714285
2678,Tikao Bay mid beach,2022-01-07 07:00:00,Akaroa,0.0,0.0,0.0,0.4,0.4,0.4,incoming,medium,sandy,7,grass,1,0,1,0.2,2.0,5.269382575,5.87083757,6.195981674,-0.8,2.7,206.7420655,203.7848899,201.6109729,320,-43.795813,172.916609,1,1,4,0,7,0,Alongshore,Alongshore,Alongshore,185.6,0.125
2679,Tikao Bay mid beach,2022-01-10 11:00:00,Akaroa,0.0,0.0,0.0,0.0,0.0,0.0,ebbing,medium,sandy,7,grass,1,0,1,0.0,0.0,0.147466923,1.353977543,3.297654794,1.2,2.4,301.8582307,332.5129435,61.52191248,320,-43.795813,172.916609,1,2,0,0,11,0,Offshore,Offshore,Alongshore,202.4,0.1111111111111111
2680,Tikao Bay mid beach,2022-01-12 11:00:00,Akaroa,0.0,0.0,0.0,0.0,0.0,0.0,incoming,medium,sandy,7,grass,1,0,1,0.0,0.0,1.480259135,2.063076862,3.419840764,-1.2,2.2,155.6399704,150.8529882,138.7782448,320,-43.795813,172.916609,1,2,2,0,11,0,Onshore,Onshore,Onshore,55.2,0.1
2681,Tikao Bay mid beach,2022-01-20 05:00:00,Akaroa,2.0,6.0,10.6,10.6,10.6,10.6,incoming,medium,sandy,7,grass,1,0,1,2.0,10.0,5.270866498,5.027083773,4.475859113,-0.2,2.4,196.8002211,206.6360026,212.460017,320,-43.795813,172.916609,1,3,3,0,5,0,Alongshore,Alongshore,Alongshore,62.4,0.09090909090909091
2682,Tikao Bay mid beach,2022-01-24 10:00:00,Akaroa,0.0,0.0,0.0,0.0,0.4,0.4,ebbing,medium,sandy,7,grass,1,0,1,0.2,2.0,0.465843904,0.994976527,2.464968298,1.9,2.4,8.636843492,18.1625076,47.43434009,320,-43.795813,172.916609,1,4,0,0,10,0,Alongshore,Alongshore,Alongshore,114.0,0.08333333333333333
2683,Tikao Bay mid beach,2022-01-26 09:00:00,Akaroa,0.0,0.0,0.0,0.0,0.0,0.0,incoming,medium,sandy,7,grass,1,0,1,0.0,0.0,0.203089974,1.006199851,1.568964685,-1.2,2.4,253.977865,258.4849418,274.6396104,320,-43.795813,172.916609,1,4,2,0,9,0,Alongshore,Alongshore,Alongshore,103.4,0.07692307692307693
2684,Tikao Bay mid beach,2022-02-01 14:00:00,Akaroa,0.0,0.0,0.0,0.0,0.0,0.0,incoming,medium,sandy,7,grass,1,0,1,0.0,0.0,3.382354166,4.629883239,5.966875518,-1.4,2.6,357.1000342,4.759584536,12.62151759,320,-43.795813,172.916609,2,5,1,0,14,1,Offshore,Offshore,Alongshore,93.8,0.07142857142857142
2685,Tikao Bay mid beach,2022-02-10 10:00:00,Akaroa,1.4,1.8,11.8,17.4,17.4,17.4,incoming,medium,sandy,7,grass,1,0,1,3.0,14.0,2.722688908,1.819980813,0.59649006,-1.0,2.2,237.5640416,37.17865413,20.13070813,320,-43.795813,172.916609,2,6,3,0,10,0,Alongshore,Alongshore,Alongshore,88.8,0.06666666666666667
2686,Tikao Bay mid beach,2022-02-15 16:00:00,Akaroa,0.0,0.0,0.0,0.0,3.0,64.4,ebbing,medium,sandy,7,grass,1,0,1,0.8,7.0,2.433960537,4.713959583,4.825111686,1.2,2.2,333.4608899,322.8613463,319.9775048,320,-43.795813,172.916609,2,7,1,0,16,0,Offshore,Offshore,Offshore,176.4,0.125
2687,Tikao Bay mid beach,2022-02-24 09:00:00,Akaroa,0.0,0.0,0.0,0.0,0.0,0.0,incoming,medium,sandy,7,grass,1,0,1,0.0,0.0,1.966891662,2.054803913,2.533912433,-0.5,2.4,38.07300832,42.85867658,50.89709858,320,-43.795813,172.916609,2,8,3,0,9,0,Alongshore,Alongshore,Alongshore,121.8,0.11764705882352941
2688,Tikao Bay mid beach,2022-03-10 10:00:00,Akaroa,0.0,0.0,0.0,0.0,0.0,0.0,ebbing,medium,sandy,7,grass,1,0,1,0.0,0.0,1.554571426,1.904628369,2.849714432,0.2,2.1,21.44139592,31.31808622,40.83927582,320,-43.795813,172.916609,3,10,3,0,10,0,Alongshore,Alongshore,Alongshore,120.8,0.1111111111111111
2689,Timaru Coast Caroline Bay at Virtue Avenue,2013-11-21 08:00:00,Timaru,0.0,0.0,0.0,0.0,0.0,0.0,ebbing,deep,sandy,1,urban,0,0,0,0.0,0.0,,,,2.7,2.2,,,,235,-44.38436715,171.2472789,11,47,3,0,8,0,Unknown,Unknown,Unknown,,0.0
2690,Timaru Coast Caroline Bay at Virtue Avenue,2013-11-27 09:00:00,Timaru,0.1,0.1,2.3,3.8,11.2,11.9,incoming,deep,sandy,1,urban,0,0,0,2.2,17.0,,,,-1.8,2.1,,,,235,-44.38436715,171.2472789,11,48,2,0,9,0,Unknown,Unknown,Unknown,5.0,0.0
2691,Timaru Coast Caroline Bay at Virtue Avenue,2013-12-04 10:00:00,Timaru,0.0,0.0,0.0,0.0,0.0,0.0,ebbing,deep,sandy,1,urban,0,0,0,0.0,0.0,,,,6.1,2.6,,,,235,-44.38436715,171.2472789,12,49,2,0,10,0,Unknown,Unknown,Unknown,12.5,0.0
2692,Timaru Coast Caroline Bay at Virtue Avenue,2013-12-11 08:00:00,Timaru,0.6,0.7,1.0,1.1,1.8,1.8,incoming,deep,sandy,1,urban,0,0,0,0.3,11.0,,,,-2.4,2.4,,,,235,-44.38436715,171.2472789,12,50,2,0,8,0,Unknown,Unknown,Unknown,10.0,0.0
2693,Timaru Coast Caroline Bay at Virtue Avenue,2013-12-18 08:00:00,Timaru,0.0,0.0,0.0,0.1,1.7,1.7,ebbing,deep,sandy,1,urban,0,0,0,0.5,9.0,,,,4.5,2.3,,,,235,-44.38436715,171.2472789,12,51,2,0,8,0,Unknown,Unknown,Unknown,8.75,0.0
2694,Timaru Coast Caroline Bay at Virtue Avenue,2013-12-22 18:00:00,Timaru,0.0,0.0,0.0,9.2,18.7,18.7,incoming,deep,sandy,1,urban,0,0,0,2.7,13.0,,,,-0.5,2.1,,,,235,-44.38436715,171.2472789,12,51,6,1,18,1,Unknown,Unknown,Unknown,8.0,0.0
2695,Timaru Coast Caroline Bay at Virtue Avenue,2014-01-08 08:00:00,Timaru,0.1,0.1,0.1,1.3,1.3,1.8,incoming,deep,sandy,1,urban,0,0,0,0.5,6.0,,,,-0.7,2.4,,,,235,-44.38436715,171.2472789,1,2,2,0,8,0,Unknown,Unknown,Unknown,19.4,0.0
2696,Timaru Coast Caroline Bay at Virtue Avenue,2014-01-15 08:00:00,Timaru,0.0,0.0,0.0,0.0,0.9,6.8,ebbing,deep,sandy,1,urban,0,0,0,0.9,1.0,,,,5.7,2.3,,,,235,-44.38436715,171.2472789,1,3,2,0,8,0,Unknown,Unknown,Unknown,19.4,0.0
2697,Timaru Coast Caroline Bay at Virtue Avenue,2014-01-22 08:00:00,Timaru,0.0,0.0,0.0,0.4,5.6,5.6,ebbing,deep,sandy,1,urban,0,0,0,0.9,11.0,,,,1.0,2.1,,,,235,-44.38436715,171.2472789,1,4,2,0,8,0,Unknown,Unknown,Unknown,19.4,0.0
2698,Timaru Coast Caroline Bay at Virtue Avenue,2014-01-29 08:00:00,Timaru,0.0,0.0,0.0,0.0,0.0,4.4,incoming,deep,sandy,1,urban,0,0,0,0.0,0.0,,,,-5.2,2.5,,,,235,-44.38436715,171.2472789,1,5,2,0,8,0,Unknown,Unknown,Unknown,19.4,0.0
2699,Timaru Coast Caroline Bay at Virtue Avenue,2014-02-07 08:00:00,Timaru,0.0,0.0,0.0,0.0,0.0,0.0,incoming,deep,sandy,1,urban,0,0,0,0.0,0.0,,,,-1.4,2.2,,,,235,-44.38436715,171.2472789,2,6,4,0,8,1,Unknown,Unknown,Unknown,19.4,0.0
2700,Timaru Coast Caroline Bay at Virtue Avenue,2014-02-12 08:00:00,Timaru,0.0,0.0,0.0,0.0,0.0,0.3,incoming,deep,sandy,1,urban,0,0,0,0.0,0.0,,,,-5.7,2.2,,,,235,-44.38436715,171.2472789,2,7,2,0,8,0,Unknown,Unknown,Unknown,8.0,0.0
2701,Timaru Coast Caroline Bay at Virtue Avenue,2014-02-19 08:00:00,Timaru,0.0,0.0,0.0,0.0,0.0,0.0,ebbing,deep,sandy,1,urban,0,0,0,0.0,0.0,,,,2.3,2.2,,,,235,-44.38436715,171.2472789,2,8,2,0,8,0,Unknown,Unknown,Unknown,5.0,0.0
2702,Timaru Coast Caroline Bay at Virtue Avenue,2014-02-24 08:00:00,Timaru,0.0,0.0,0.0,0.7,1.1,1.1,incoming,deep,sandy,1,urban,0,0,0,0.4,6.0,,,,-2.8,2.2,,,,235,-44.38436715,171.2472789,2,9,0,0,8,0,Unknown,Unknown,Unknown,5.0,0.0
2703,Timaru Coast Caroline Bay at Virtue Avenue,2014-03-05 08:00:00,Timaru,0.0,0.0,0.0,0.0,0.0,5.0,ebbing,deep,sandy,1,urban,0,0,0,0.0,0.0,,,,1.7,2.4,,,,235,-44.38436715,171.2472789,3,10,2,0,8,0,Unknown,Unknown,Unknown,6.0,0.0
2704,Timaru Coast Caroline Bay at Virtue Avenue,2014-03-07 13:00:00,Timaru,0.0,0.0,0.0,0.0,0.0,0.0,ebbing,deep,sandy,1,urban,0,0,0,0.0,0.0,,,,5.3,2.2,,,,235,-44.38436715,171.2472789,3,10,4,0,13,0,Unknown,Unknown,Unknown,34.6,0.0
2705,Timaru Coast Caroline Bay at Virtue Avenue,2014-11-10 09:00:00,Timaru,0.0,0.0,0.0,0.0,0.0,0.0,ebbing,deep,sandy,1,urban,0,0,0,0.0,0.0,,,,3.9,2.4,,,,235,-44.38436715,171.2472789,11,46,0,0,9,0,Unknown,Unknown,Unknown,,0.0
2706,Timaru Coast Caroline Bay at Virtue Avenue,2014-11-26 08:00:00,Timaru,0.0,0.0,0.0,0.6,0.8,0.9,ebbing,deep,sandy,1,urban,0,0,0,0.6,2.0,,,,2.6,2.4,,,,235,-44.38436715,171.2472789,11,48,2,0,8,0,Unknown,Unknown,Unknown,5.0,0.0
2707,Timaru Coast Caroline Bay at Virtue Avenue,2014-12-03 08:00:00,Timaru,0.0,0.0,0.0,0.0,0.0,0.3,incoming,deep,sandy,1,urban,0,0,0,0.0,0.0,,,,-4.5,2.4,,,,235,-44.38436715,171.2472789,12,49,2,0,8,0,Unknown,Unknown,Unknown,7.5,0.0
2708,Timaru Coast Caroline Bay at Virtue Avenue,2014-12-10 08:00:00,Timaru,0.2,0.2,0.2,0.8,0.8,0.8,ebbing,deep,sandy,1,urban,0,0,0,0.3,4.0,,,,2.5,2.3,,,,235,-44.38436715,171.2472789,12,50,2,0,8,0,Unknown,Unknown,Unknown,6.666666666666667,0.0
2709,Timaru Coast Caroline Bay at Virtue Avenue,2014-12-17 08:00:00,Timaru,0.0,0.0,0.0,0.0,0.0,0.0,incoming,deep,sandy,1,urban,0,0,0,0.0,0.0,,,,-3.3,2.1,,,,235,-44.38436715,171.2472789,12,51,2,0,8,0,Unknown,Unknown,Unknown,6.25,0.0
2710,Timaru Coast Caroline Bay at Virtue Avenue,2014-12-22 08:00:00,Timaru,0.0,0.0,0.5,6.7,6.9,6.9,ebbing,deep,sandy,1,urban,0,0,0,2.1,10.0,,,,4.9,2.4,,,,235,-44.38436715,171.2472789,12,52,0,0,8,1,Unknown,Unknown,Unknown,6.0,0.0
2711,Timaru Coast Caroline Bay at Virtue Avenue,2015-01-07 08:00:00,Timaru,0.0,0.0,0.0,0.0,0.0,0.0,ebbing,deep,sandy,1,urban,0,0,0,0.0,0.0,,,,3.6,2.3,,,,235,-44.38436715,171.2472789,1,2,2,0,8,0,Unknown,Unknown,Unknown,53.6,0.0
2712,Timaru Coast Caroline Bay at Virtue Avenue,2015-01-14 08:00:00,Timaru,0.0,0.2,0.7,0.7,1.1,3.4,incoming,deep,sandy,1,urban,0,0,0,0.3,6.0,,,,-1.6,2.1,,,,235,-44.38436715,171.2472789,1,3,2,0,8,0,Unknown,Unknown,Unknown,52.6,0.0
2713,Timaru Coast Caroline Bay at Virtue Avenue,2015-01-16 12:00:00,Timaru,0.0,0.0,0.0,0.0,18.8,19.5,ebbing,deep,sandy,1,urban,0,0,0,5.0,11.0,,,,0.3,2.1,,,,235,-44.38436715,171.2472789,1,3,4,0,12,0,Unknown,Unknown,Unknown,219.4,0.1111111111111111
2714,Timaru Coast Caroline Bay at Virtue Avenue,2015-01-21 08:00:00,Timaru,0.0,0.0,0.0,0.1,0.6,0.6,ebbing,deep,sandy,1,urban,0,0,0,0.5,2.0,,,,4.9,2.6,,,,235,-44.38436715,171.2472789,1,4,2,0,8,0,Unknown,Unknown,Unknown,226.6,0.1
2715,Timaru Coast Caroline Bay at Virtue Avenue,2015-01-28 08:00:00,Timaru,0.0,0.0,0.0,0.0,0.0,0.0,incoming,deep,sandy,1,urban,0,0,0,0.0,0.0,,,,-1.8,2.3,,,,235,-44.38436715,171.2472789,1,5,2,0,8,0,Unknown,Unknown,Unknown,226.6,0.09090909090909091
2716,Timaru Coast Caroline Bay at Virtue Avenue,2015-02-03 08:00:00,Timaru,0.0,0.0,0.0,0.2,0.2,0.4,ebbing,deep,sandy,1,urban,0,0,0,0.2,1.0,,,,5.1,2.3,,,,235,-44.38436715,171.2472789,2,6,1,0,8,1,Unknown,Unknown,Unknown,180.0,0.08333333333333333
2717,Timaru Coast Caroline Bay at Virtue Avenue,2015-02-11 08:00:00,Timaru,0.0,0.0,0.0,0.0,10.1,10.1,incoming,deep,sandy,1,urban,0,0,0,4.9,6.0,,,,-0.3,2.0,,,,235,-44.38436715,171.2472789,2,7,2,0,8,0,Unknown,Unknown,Unknown,196.0,0.07692307692307693
2718,Timaru Coast Caroline Bay at Virtue Avenue,2015-02-18 08:00:00,Timaru,0.0,0.0,0.0,0.0,0.0,0.0,ebbing,deep,sandy,1,urban,0,0,0,0.0,0.0,,,,6.0,2.6,,,,235,-44.38436715,171.2472789,2,8,2,0,8,0,Unknown,Unknown,Unknown,29.2,0.07142857142857142
2719,Timaru Coast Caroline Bay at Virtue Avenue,2015-02-26 08:00:00,Timaru,0.0,0.0,0.0,0.1,0.1,0.1,incoming,deep,sandy,1,urban,0,0,0,0.1,1.0,,,,-2.2,2.3,,,,235,-44.38436715,171.2472789,2,9,3,0,8,0,Unknown,Unknown,Unknown,22.0,0.06666666666666667
2720,Timaru Coast Caroline Bay at Virtue Avenue,2015-03-04 08:00:00,Timaru,0.2,0.4,0.4,0.5,4.1,4.2,ebbing,deep,sandy,1,urban,0,0,0,1.0,10.0,,,,5.3,2.3,,,,235,-44.38436715,171.2472789,3,10,2,0,8,0,Unknown,Unknown,Unknown,22.0,0.0625
2721,Timaru Coast Caroline Bay at Virtue Avenue,2015-11-18 08:00:00,Timaru,0.0,0.0,0.0,0.0,0.0,0.7,incoming,deep,sandy,1,urban,0,0,0,0.0,0.0,,,,-0.1,2.3,,,,235,-44.38436715,171.2472789,11,47,2,0,8,0,Unknown,Unknown,Unknown,,0.0
2722,Timaru Coast Caroline Bay at Virtue Avenue,2015-11-25 08:00:00,Timaru,0.0,0.0,0.0,0.0,0.0,0.0,incoming,deep,sandy,1,urban,0,0,0,0.0,0.0,,,,-6.1,2.6,,,,235,-44.38436715,171.2472789,11,48,2,0,8,0,Unknown,Unknown,Unknown,10.0,0.0
2723,Timaru Coast Caroline Bay at Virtue Avenue,2015-12-02 08:00:00,Timaru,0.0,0.0,0.0,0.0,0.0,0.0,incoming,deep,sandy,1,urban,0,0,0,0.0,0.0,,,,-0.1,2.3,,,,235,-44.38436715,171.2472789,12,49,2,0,8,0,Unknown,Unknown,Unknown,7.5,0.0
2724,Timaru Coast Caroline Bay at Virtue Avenue,2015-12-09 08:00:00,Timaru,0.0,0.0,0.0,0.0,1.7,1.7,incoming,deep,sandy,1,urban,0,0,0,1.6,2.0,,,,-5.6,2.2,,,,235,-44.38436715,171.2472789,12,50,2,0,8,0,Unknown,Unknown,Unknown,6.666666666666667,0.0
2725,Timaru Coast Caroline Bay at Virtue Avenue,2015-12-16 08:00:00,Timaru,0.2,3.1,7.7,7.7,7.7,11.3,ebbing,deep,sandy,1,urban,0,0,0,1.3,10.0,,,,1.7,2.3,,,,235,-44.38436715,171.2472789,12,51,2,0,8,0,Unknown,Unknown,Unknown,17.5,0.0
2726,Timaru Coast Caroline Bay at Virtue Avenue,2015-12-22 08:00:00,Timaru,0.7,0.7,1.1,1.1,1.2,1.2,incoming,deep,sandy,1,urban,0,0,0,0.4,6.0,,,,-4.4,2.4,,,,235,-44.38436715,171.2472789,12,52,1,0,8,1,Unknown,Unknown,Unknown,28.6,0.0
2727,Timaru Coast Caroline Bay at Virtue Avenue,2015-12-29 15:00:00,Timaru,0.0,0.0,0.0,0.0,0.0,0.0,incoming,deep,sandy,1,urban,0,0,0,0.0,0.0,,,,-3.6,2.3,,,,235,-44.38436715,171.2472789,12,53,1,0,15,1,Unknown,Unknown,Unknown,27.6,0.0
2728,Timaru Coast Caroline Bay at Virtue Avenue,2016-01-07 08:00:00,Timaru,0.0,0.0,0.0,0.0,0.0,0.0,incoming,deep,sandy,1,urban,0,0,0,0.0,0.0,,,,-5.2,2.2,,,,235,-44.38436715,171.2472789,1,1,3,0,8,0,Unknown,Unknown,Unknown,27.6,0.0
2729,Timaru Coast Caroline Bay at Virtue Avenue,2016-01-14 08:00:00,Timaru,0.0,0.0,0.0,1.0,7.0,7.0,ebbing,deep,sandy,1,urban,0,0,0,2.3,9.0,,,,1.8,2.4,,,,235,-44.38436715,171.2472789,1,2,3,0,8,0,Unknown,Unknown,Unknown,27.6,0.0
2730,Timaru Coast Caroline Bay at Virtue Avenue,2016-01-20 08:00:00,Timaru,0.0,0.0,2.6,81.0,84.7,90.6,incoming,deep,sandy,1,urban,0,0,0,19.5,21.0,,,,-3.9,2.4,,,,235,-44.38436715,171.2472789,1,3,2,0,8,0,Unknown,Unknown,Unknown,18.6,0.0
2731,Timaru Coast Caroline Bay at Virtue Avenue,2016-01-22 12:00:00,Timaru,0.0,0.0,0.0,0.0,0.0,69.8,incoming,deep,sandy,1,urban,0,0,0,0.0,0.0,,,,-2.0,2.4,,,,235,-44.38436715,171.2472789,1,3,4,0,12,0,Unknown,Unknown,Unknown,40.6,0.0
2732,Timaru Coast Caroline Bay at Virtue Avenue,2016-01-27 08:00:00,Timaru,0.5,1.0,2.7,2.7,2.7,2.7,ebbing,deep,sandy,1,urban,0,0,0,0.6,8.0,,,,2.6,2.3,,,,235,-44.38436715,171.2472789,1,4,2,0,8,0,Unknown,Unknown,Unknown,40.6,0.0
2733,Timaru Coast Caroline Bay at Virtue Avenue,2016-02-03 08:00:00,Timaru,0.0,0.0,0.0,0.0,0.0,0.0,incoming,deep,sandy,1,urban,0,0,0,0.0,0.0,,,,-3.6,2.1,,,,235,-44.38436715,171.2472789,2,5,2,0,8,1,Unknown,Unknown,Unknown,40.6,0.0
2734,Timaru Coast Caroline Bay at Virtue Avenue,2016-02-05 13:00:00,Timaru,0.0,0.0,0.0,0.3,0.3,0.3,ebbing,deep,sandy,1,urban,0,0,0,0.2,2.0,,,,0.2,2.2,,,,235,-44.38436715,171.2472789,2,5,4,0,13,1,Unknown,Unknown,Unknown,257.6,0.07142857142857142
2735,Timaru Coast Caroline Bay at Virtue Avenue,2016-02-11 08:00:00,Timaru,0.0,0.0,0.0,0.0,0.0,0.0,ebbing,deep,sandy,1,urban,0,0,0,0.0,0.0,,,,2.9,2.5,,,,235,-44.38436715,171.2472789,2,6,3,0,8,0,Unknown,Unknown,Unknown,257.6,0.06666666666666667
2736,Timaru Coast Caroline Bay at Virtue Avenue,2016-02-19 12:00:00,Timaru,0.0,0.0,0.0,0.0,0.9,6.1,incoming,deep,sandy,1,urban,0,0,0,0.6,3.0,,,,-1.1,2.3,,,,235,-44.38436715,171.2472789,2,7,4,0,12,0,Unknown,Unknown,Unknown,225.0,0.0625
2737,Timaru Coast Caroline Bay at Virtue Avenue,2016-02-24 08:00:00,Timaru,0.0,0.0,0.0,0.0,0.8,0.8,ebbing,deep,sandy,1,urban,0,0,0,0.2,5.0,,,,4.0,2.3,,,,235,-44.38436715,171.2472789,2,8,2,0,8,0,Unknown,Unknown,Unknown,225.0,0.058823529411764705
2738,Timaru Coast Caroline Bay at Virtue Avenue,2016-11-14 11:00:00,Timaru,0.0,0.0,0.4,0.4,0.5,16.5,incoming,deep,sandy,1,urban,0,0,0,0.4,2.0,,,,-3.8,2.6,,,,235,-44.38436715,171.2472789,11,46,0,0,11,0,Unknown,Unknown,Unknown,,0.0
2739,Timaru Coast Caroline Bay at Virtue Avenue,2016-11-24 08:00:00,Timaru,1.5,2.7,5.5,5.7,5.7,5.7,incoming,deep,sandy,1,urban,0,0,0,0.8,13.0,,,,-3.5,2.3,,,,235,-44.38436715,171.2472789,11,47,3,0,8,0,Unknown,Unknown,Unknown,5.0,0.0
2740,Timaru Coast Caroline Bay at Virtue Avenue,2016-12-01 08:00:00,Timaru,0.5,0.5,1.8,1.8,3.7,3.7,ebbing,deep,sandy,1,urban,0,0,0,0.9,8.0,,,,4.1,2.2,,,,235,-44.38436715,171.2472789,12,48,3,0,8,0,Unknown,Unknown,Unknown,7.5,0.0
2741,Timaru Coast Caroline Bay at Virtue Avenue,2016-12-08 07:00:00,Timaru,0.5,1.6,4.0,4.3,6.1,6.1,incoming,deep,sandy,1,urban,0,0,0,1.2,16.0,,,,-2.5,2.3,,,,235,-44.38436715,171.2472789,12,49,3,0,7,0,Unknown,Unknown,Unknown,8.333333333333334,0.0
2742,Timaru Coast Caroline Bay at Virtue Avenue,2016-12-15 14:00:00,Timaru,0.0,0.0,0.0,0.0,1.0,1.0,incoming,deep,sandy,1,urban,0,0,0,0.2,6.0,,,,-1.8,2.6,,,,235,-44.38436715,171.2472789,12,50,3,0,14,0,Unknown,Unknown,Unknown,11.25,0.0
2743,Timaru Coast Caroline Bay at Virtue Avenue,2016-12-22 13:00:00,Timaru,0.0,0.0,0.0,0.0,0.0,0.0,ebbing,deep,sandy,1,urban,0,0,0,0.0,0.0,,,,3.1,2.2,,,,235,-44.38436715,171.2472789,12,51,3,0,13,1,Unknown,Unknown,Unknown,10.0,0.0
2744,Timaru Coast Caroline Bay at Virtue Avenue,2017-01-06 13:00:00,Timaru,0.0,0.0,0.0,0.0,0.0,12.0,ebbing,deep,sandy,1,urban,0,0,0,0.0,0.0,,,,3.8,2.3,,,,235,-44.38436715,171.2472789,1,1,4,0,13,0,Unknown,Unknown,Unknown,10.0,0.0
2745,Timaru Coast Caroline Bay at Virtue Avenue,2017-01-11 07:00:00,Timaru,0.0,0.0,0.0,0.0,0.1,2.0,ebbing,deep,sandy,1,urban,0,0,0,0.1,1.0,,,,5.7,2.6,,,,235,-44.38436715,171.2472789,1,2,2,0,7,0,Unknown,Unknown,Unknown,9.0,0.0
2746,Timaru Coast Caroline Bay at Virtue Avenue,2017-01-18 15:00:00,Timaru,3.2,5.7,5.7,5.7,5.7,5.7,incoming,deep,sandy,1,urban,0,0,0,1.9,5.0,,,,-5.7,2.2,,,,235,-44.38436715,171.2472789,1,3,2,0,15,0,Unknown,Unknown,Unknown,8.0,0.0
2747,Timaru Coast Caroline Bay at Virtue Avenue,2017-01-26 15:00:00,Timaru,0.0,0.0,0.0,0.0,0.0,0.0,ebbing,deep,sandy,1,urban,0,0,0,0.0,0.0,,,,0.3,2.2,,,,235,-44.38436715,171.2472789,1,4,3,0,15,0,Unknown,Unknown,Unknown,5.0,0.0
2748,Timaru Coast Caroline Bay at Virtue Avenue,2017-02-02 08:00:00,Timaru,0.0,0.0,0.0,0.0,0.0,0.0,ebbing,deep,sandy,1,urban,0,0,0,0.0,0.0,,,,0.6,2.3,,,,235,-44.38436715,171.2472789,2,5,3,0,8,1,Unknown,Unknown,Unknown,5.0,0.0
2749,Timaru Coast Caroline Bay at Virtue Avenue,2017-02-07 09:00:00,Timaru,6.0,6.8,8.9,11.6,11.6,11.6,incoming,deep,sandy,1,urban,0,0,0,3.2,10.0,,,,-3.0,2.4,,,,235,-44.38436715,171.2472789,2,6,1,0,9,1,Unknown,Unknown,Unknown,5.0,0.0
2750,Timaru Coast Caroline Bay at Virtue Avenue,2017-02-09 15:00:00,Timaru,0.0,0.0,0.0,0.0,6.3,21.1,ebbing,deep,sandy,1,urban,0,0,0,1.7,9.0,,,,1.3,2.5,,,,235,-44.38436715,171.2472789,2,6,3,0,15,1,Unknown,Unknown,Unknown,41.0,0.0
2751,Timaru Coast Caroline Bay at Virtue Avenue,2017-02-14 10:00:00,Timaru,0.0,0.0,0.0,0.2,1.8,1.8,ebbing,deep,sandy,1,urban,0,0,0,0.7,6.0,,,,4.7,2.4,,,,235,-44.38436715,171.2472789,2,7,1,0,10,0,Unknown,Unknown,Unknown,41.0,0.0
2752,Timaru Coast Caroline Bay at Virtue Avenue,2017-02-21 09:00:00,Timaru,0.1,0.1,0.1,0.1,0.4,0.4,incoming,deep,sandy,1,urban,0,0,0,0.1,4.0,,,,-2.2,2.1,,,,235,-44.38436715,171.2472789,2,8,1,0,9,0,Unknown,Unknown,Unknown,42.0,0.0
2753,Timaru Coast Caroline Bay at Virtue Avenue,2017-03-01 09:00:00,Timaru,0.0,0.0,0.0,0.0,0.0,0.0,ebbing,deep,sandy,1,urban,0,0,0,0.0,0.0,,,,3.5,2.4,,,,235,-44.38436715,171.2472789,3,9,2,0,9,0,Unknown,Unknown,Unknown,57.8,0.0
2754,Timaru Coast Caroline Bay at Virtue Avenue,2017-11-28 08:00:00,Timaru,0.0,0.0,0.0,0.0,0.0,0.0,incoming,deep,sandy,1,urban,0,0,0,0.0,0.0,,,,-2.4,2.2,,,,235,-44.38436715,171.2472789,11,48,1,0,8,0,Unknown,Unknown,Unknown,,0.0
2755,Timaru Coast Caroline Bay at Virtue Avenue,2017-12-04 08:00:00,Timaru,0.0,0.0,0.0,0.0,0.0,0.0,ebbing,deep,sandy,1,urban,0,0,0,0.0,0.0,,,,5.1,2.6,,,,235,-44.38436715,171.2472789,12,49,0,0,8,0,Unknown,Unknown,Unknown,5.0,0.0
2756,Timaru Coast Caroline Bay at Virtue Avenue,2017-12-11 08:00:00,Timaru,0.0,0.0,0.0,0.0,0.1,0.1,incoming,deep,sandy,1,urban,0,0,0,0.1,1.0,,,,-1.7,2.4,,,,235,-44.38436715,171.2472789,12,50,0,0,8,0,Unknown,Unknown,Unknown,7.5,0.0
2757,Timaru Coast Caroline Bay at Virtue Avenue,2017-12-18 09:00:00,Timaru,0.0,0.0,0.3,0.4,0.4,1.0,ebbing,deep,sandy,1,urban,0,0,0,0.2,3.0,,,,5.5,2.3,,,,235,-44.38436715,171.2472789,12,51,0,0,9,0,Unknown,Unknown,Unknown,6.666666666666667,0.0
2758,Timaru Coast Caroline Bay at Virtue Avenue,2017-12-28 08:00:00,Timaru,0.0,0.0,0.0,0.0,4.9,9.1,incoming,deep,sandy,1,urban,0,0,0,1.4,8.0,,,,-3.1,2.2,,,,235,-44.38436715,171.2472789,12,52,3,0,8,1,Unknown,Unknown,Unknown,6.25,0.0
2759,Timaru Coast Caroline Bay at Virtue Avenue,2018-01-03 08:00:00,Timaru,0.2,0.2,0.2,0.2,0.2,0.6,ebbing,deep,sandy,1,urban,0,0,0,0.2,1.0,,,,4.2,2.7,,,,235,-44.38436715,171.2472789,1,1,2,0,8,1,Unknown,Unknown,Unknown,6.0,0.0
2760,Timaru Coast Caroline Bay at Virtue Avenue,2018-01-08 08:00:00,Timaru,0.0,0.0,0.0,0.2,0.2,19.6,incoming,deep,sandy,1,urban,0,0,0,0.2,1.0,,,,-0.2,2.4,,,,235,-44.38436715,171.2472789,1,2,0,0,8,0,Unknown,Unknown,Unknown,6.0,0.0
2761,Timaru Coast Caroline Bay at Virtue Avenue,2018-01-15 08:00:00,Timaru,0.0,0.0,0.0,0.0,1.2,2.1,incoming,deep,sandy,1,urban,0,0,0,0.5,3.0,,,,-6.0,2.2,,,,235,-44.38436715,171.2472789,1,3,0,0,8,0,Unknown,Unknown,Unknown,21.2,0.0
2762,Timaru Coast Caroline Bay at Virtue Avenue,2018-01-22 08:00:00,Timaru,0.0,0.0,0.0,0.0,0.0,0.0,ebbing,deep,sandy,1,urban,0,0,0,0.0,0.0,,,,1.2,2.2,,,,235,-44.38436715,171.2472789,1,4,0,0,8,0,Unknown,Unknown,Unknown,24.2,0.0
2763,Timaru Coast Caroline Bay at Virtue Avenue,2018-01-29 08:00:00,Timaru,0.0,0.0,0.0,0.0,0.0,0.5,incoming,deep,sandy,1,urban,0,0,0,0.0,0.0,,,,-5.4,2.4,,,,235,-44.38436715,171.2472789,1,5,0,0,8,0,Unknown,Unknown,Unknown,27.2,0.0
2764,Timaru Coast Caroline Bay at Virtue Avenue,2018-02-07 08:00:00,Timaru,0.0,0.0,0.0,0.0,5.3,5.3,incoming,deep,sandy,1,urban,0,0,0,2.4,5.0,,,,-1.1,2.2,,,,235,-44.38436715,171.2472789,2,6,2,0,8,1,Unknown,Unknown,Unknown,30.2,0.0
2765,Timaru Coast Caroline Bay at Virtue Avenue,2018-02-12 08:00:00,Timaru,0.0,0.0,0.0,9.9,14.2,14.2,incoming,deep,sandy,1,urban,0,0,0,3.6,12.0,,,,-4.9,2.1,,,,235,-44.38436715,171.2472789,2,7,0,0,8,0,Unknown,Unknown,Unknown,37.2,0.0
2766,Timaru Coast Caroline Bay at Virtue Avenue,2018-02-19 14:00:00,Timaru,0.2,0.2,0.2,0.2,0.2,1.0,incoming,deep,sandy,1,urban,0,0,0,0.2,1.0,,,,-3.9,2.2,,,,235,-44.38436715,171.2472789,2,8,0,0,14,0,Unknown,Unknown,Unknown,39.0,0.0
2767,Timaru Coast Caroline Bay at Virtue Avenue,2018-03-05 08:00:00,Timaru,0.0,6.9,8.5,8.6,8.6,8.6,ebbing,deep,sandy,1,urban,0,0,0,4.0,5.0,,,,2.0,2.5,,,,235,-44.38436715,171.2472789,3,10,0,0,8,0,Unknown,Unknown,Unknown,36.0,0.0
2768,Timaru Coast Caroline Bay at Virtue Avenue,2018-03-09 08:00:00,Timaru,1.6,1.6,1.6,1.6,1.6,13.8,incoming,deep,sandy,1,urban,0,0,0,0.8,2.0,,,,-0.9,2.1,,,,235,-44.38436715,171.2472789,3,10,4,0,8,0,Unknown,Unknown,Unknown,74.2,0.0
2769,Timaru Coast Caroline Bay at Virtue Avenue,2018-03-13 14:00:00,Timaru,0.0,0.0,0.0,0.0,0.0,0.0,ebbing,deep,sandy,1,urban,0,0,0,0.0,0.0,,,,1.8,2.1,,,,235,-44.38436715,171.2472789,3,11,1,0,14,0,Unknown,Unknown,Unknown,74.2,0.0
2770,Timaru Coast Caroline Bay at Virtue Avenue,2018-11-12 08:00:00,Timaru,0.0,0.0,0.0,0.0,0.0,12.2,ebbing,deep,sandy,1,urban,0,0,0,0.0,0.0,,,,1.2,2.3,,,,235,-44.38436715,171.2472789,11,46,0,0,8,0,Unknown,Unknown,Unknown,,0.0
2771,Timaru Coast Caroline Bay at Virtue Avenue,2018-11-26 08:00:00,Timaru,0.0,0.0,0.0,4.1,13.3,13.3,ebbing,deep,sandy,1,urban,0,0,0,1.4,25.0,,,,2.9,2.5,,,,235,-44.38436715,171.2472789,11,48,0,0,8,0,Unknown,Unknown,Unknown,5.0,0.0
2772,Timaru Coast Caroline Bay at Virtue Avenue,2018-12-03 08:00:00,Timaru,0.0,0.0,0.0,0.0,0.0,0.0,incoming,deep,sandy,1,urban,0,0,0,0.0,0.0,,,,-4.2,2.4,,,,235,-44.38436715,171.2472789,12,49,0,0,8,0,Unknown,Unknown,Unknown,1007.5,0.3333333333333333
2773,Timaru Coast Caroline Bay at Virtue Avenue,2018-12-10 08:00:00,Timaru,0.6,1.6,1.6,1.6,1.6,1.6,ebbing,deep,sandy,1,urban,0,0,0,0.5,4.0,,,,2.9,2.3,,,,235,-44.38436715,171.2472789,12,50,0,0,8,0,Unknown,Unknown,Unknown,675.0,0.25
2774,Timaru Coast Caroline Bay at Virtue Avenue,2018-12-12 13:00:00,Timaru,0.2,1.7,4.5,8.2,8.8,10.4,ebbing,deep,sandy,1,urban,0,0,0,0.8,21.0,,,,6.1,2.2,,,,235,-44.38436715,171.2472789,12,50,2,0,13,0,Unknown,Unknown,Unknown,664.0,0.4
2775,Timaru Coast Caroline Bay at Virtue Avenue,2018-12-17 08:00:00,Timaru,0.0,0.0,0.0,0.0,0.0,0.0,incoming,deep,sandy,1,urban,0,0,0,0.0,0.0,,,,-2.7,2.1,,,,235,-44.38436715,171.2472789,12,51,0,0,8,0,Unknown,Unknown,Unknown,532.2,0.3333333333333333
2776,Timaru Coast Caroline Bay at Virtue Avenue,2018-12-27 11:00:00,Timaru,0.2,3.0,3.1,3.1,3.1,3.1,ebbing,deep,sandy,1,urban,0,0,0,1.7,5.0,,,,4.5,2.5,,,,235,-44.38436715,171.2472789,12,52,3,0,11,1,Unknown,Unknown,Unknown,532.2,0.2857142857142857
2777,Timaru Coast Caroline Bay at Virtue Avenue,2019-01-07 08:00:00,Timaru,0.0,0.0,3.4,10.0,10.0,10.0,ebbing,deep,sandy,1,urban,0,0,0,3.9,8.0,,,,3.7,2.3,,,,235,-44.38436715,171.2472789,1,2,0,0,8,0,Unknown,Unknown,Unknown,140.6,0.25
2778,Timaru Coast Caroline Bay at Virtue Avenue,2019-01-14 08:00:00,Timaru,0.5,1.2,6.9,9.3,9.4,16.4,incoming,deep,sandy,1,urban,0,0,0,2.5,12.0,,,,-1.3,2.1,,,,235,-44.38436715,171.2472789,1,3,0,0,8,0,Unknown,Unknown,Unknown,148.8,0.2222222222222222
2779,Timaru Coast Caroline Bay at Virtue Avenue,2019-01-16 14:00:00,Timaru,0.0,0.0,0.0,0.0,1.3,10.6,ebbing,deep,sandy,1,urban,0,0,0,0.5,7.0,,,,3.0,2.1,,,,235,-44.38436715,171.2472789,1,3,2,0,14,0,Unknown,Unknown,Unknown,379.6,0.3
2780,Timaru Coast Caroline Bay at Virtue Avenue,2019-01-21 08:00:00,Timaru,0.0,0.0,0.0,0.0,0.3,0.3,ebbing,deep,sandy,1,urban,0,0,0,0.2,2.0,,,,5.3,2.6,,,,235,-44.38436715,171.2472789,1,4,0,0,8,0,Unknown,Unknown,Unknown,380.6,0.2727272727272727
2781,Timaru Coast Caroline Bay at Virtue Avenue,2019-01-28 08:00:00,Timaru,3.4,3.4,3.4,3.4,3.5,3.5,incoming,deep,sandy,1,urban,0,0,0,2.2,3.0,,,,-1.4,2.3,,,,235,-44.38436715,171.2472789,1,5,0,0,8,0,Unknown,Unknown,Unknown,383.6,0.25
2782,Timaru Coast Caroline Bay at Virtue Avenue,2019-01-30 13:00:00,Timaru,0.0,0.0,0.0,0.0,0.0,3.4,ebbing,deep,sandy,1,urban,0,0,0,0.0,0.0,,,,1.5,2.2,,,,235,-44.38436715,171.2472789,1,5,2,0,13,0,Unknown,Unknown,Unknown,686.2,0.3076923076923077
2783,Timaru Coast Caroline Bay at Virtue Avenue,2019-02-04 08:00:00,Timaru,0.0,0.0,0.0,0.0,0.0,5.0,ebbing,deep,sandy,1,urban,0,0,0,0.0,0.0,,,,4.9,2.3,,,,235,-44.38436715,171.2472789,2,6,0,0,8,1,Unknown,Unknown,Unknown,677.0,0.2857142857142857
2784,Timaru Coast Caroline Bay at Virtue Avenue,2019-02-11 07:00:00,Timaru,0.0,0.0,0.0,0.0,0.0,0.0,incoming,deep,sandy,1,urban,0,0,0,0.0,0.0,,,,-0.7,2.1,,,,235,-44.38436715,171.2472789,2,7,0,0,7,0,Unknown,Unknown,Unknown,321.0,0.26666666666666666
2785,Timaru Coast Caroline Bay at Virtue Avenue,2019-02-20 08:00:00,Timaru,0.0,0.0,0.0,0.0,1.3,1.3,ebbing,deep,sandy,1,urban,0,0,0,0.8,2.0,,,,4.8,2.7,,,,235,-44.38436715,171.2472789,2,8,2,0,8,0,Unknown,Unknown,Unknown,323.0,0.25
2786,Timaru Coast Caroline Bay at Virtue Avenue,2019-02-25 07:00:00,Timaru,0.0,0.1,0.6,3.3,8.0,8.2,incoming,deep,sandy,1,urban,0,0,0,1.3,17.0,,,,-0.9,2.3,,,,235,-44.38436715,171.2472789,2,9,0,0,7,0,Unknown,Unknown,Unknown,321.0,0.23529411764705882
2787,Timaru Coast Caroline Bay at Virtue Avenue,2019-02-27 14:00:00,Timaru,0.0,0.0,0.0,0.0,0.0,1.0,ebbing,deep,sandy,1,urban,0,0,0,0.0,0.0,,,,3.5,2.2,,,,235,-44.38436715,171.2472789,2,9,2,0,14,0,Unknown,Unknown,Unknown,161.2,0.2777777777777778
2788,Timaru Coast Caroline Bay at Virtue Avenue,2019-02-28 07:00:00,Timaru,0.0,0.0,0.3,5.5,5.5,5.5,incoming,deep,sandy,1,urban,0,0,0,2.6,4.0,,,,-3.8,2.2,,,,235,-44.38436715,171.2472789,2,9,3,0,7,0,Unknown,Unknown,Unknown,164.2,0.2631578947368421
2789,Timaru Coast Caroline Bay at Virtue Avenue,2019-03-01 08:00:00,Timaru,0.0,0.0,0.0,0.0,5.5,5.5,incoming,deep,sandy,1,urban,0,0,0,2.6,4.0,,,,-3.9,2.2,,,,235,-44.38436715,171.2472789,3,9,4,0,8,0,Unknown,Unknown,Unknown,200.6,0.25
2790,Timaru Coast Caroline Bay at Virtue Avenue,2019-03-04 08:00:00,Timaru,0.0,0.0,0.0,0.0,0.1,0.1,incoming,deep,sandy,1,urban,0,0,0,0.1,1.0,,,,-6.0,2.2,,,,235,-44.38436715,171.2472789,3,10,0,0,8,0,Unknown,Unknown,Unknown,211.4,0.23809523809523808
2791,Timaru Coast Caroline Bay at Virtue Avenue,2019-03-11 08:00:00,Timaru,0.0,0.0,0.5,1.6,1.6,1.6,ebbing,deep,sandy,1,urban,0,0,0,0.7,3.0,,,,1.9,2.1,,,,235,-44.38436715,171.2472789,3,11,0,0,8,0,Unknown,Unknown,Unknown,210.4,0.22727272727272727
2792,Timaru Coast Caroline Bay at Virtue Avenue,2019-11-11 08:00:00,Timaru,0.4,5.0,9.4,10.2,10.2,10.2,ebbing,deep,sandy,1,urban,0,0,0,1.6,12.0,,,,6.0,2.2,,,,235,-44.38436715,171.2472789,11,46,0,0,8,0,Unknown,Unknown,Unknown,,0.0
2793,Timaru Coast Caroline Bay at Virtue Avenue,2019-11-25 09:00:00,Timaru,0.0,0.0,0.0,0.0,0.0,0.0,incoming,deep,sandy,1,urban,0,0,0,0.0,0.0,,,,-5.4,2.5,,,,235,-44.38436715,171.2472789,11,48,0,0,9,0,Unknown,Unknown,Unknown,31.0,0.0
2794,Timaru Coast Caroline Bay at Virtue Avenue,2019-12-02 14:00:00,Timaru,0.0,0.0,0.0,0.0,0.0,0.0,ebbing,deep,sandy,1,urban,0,0,0,0.0,0.0,,,,6.0,2.3,,,,235,-44.38436715,171.2472789,12,49,0,0,14,0,Unknown,Unknown,Unknown,18.0,0.0
2795,Timaru Coast Caroline Bay at Virtue Avenue,2019-12-09 14:00:00,Timaru,0.0,0.0,0.0,0.0,0.0,27.6,ebbing,deep,sandy,1,urban,0,0,0,0.0,0.0,,,,0.9,2.2,,,,235,-44.38436715,171.2472789,12,50,0,0,14,0,Unknown,Unknown,Unknown,13.666666666666666,0.0
2796,Timaru Coast Caroline Bay at Virtue Avenue,2019-12-16 14:00:00,Timaru,0.0,0.0,0.0,0.2,0.2,0.3,incoming,deep,sandy,1,urban,0,0,0,0.2,1.0,,,,-4.9,2.2,,,,235,-44.38436715,171.2472789,12,51,0,0,14,0,Unknown,Unknown,Unknown,11.5,0.0
2797,Timaru Coast Caroline Bay at Virtue Avenue,2019-12-23 08:00:00,Timaru,0.0,0.0,0.0,0.0,0.0,1.7,incoming,deep,sandy,1,urban,0,0,0,0.0,0.0,,,,-5.3,2.4,,,,235,-44.38436715,171.2472789,12,52,0,0,8,1,Unknown,Unknown,Unknown,10.2,0.0
2798,Timaru Coast Caroline Bay at Virtue Avenue,2020-01-06 08:00:00,Timaru,0.0,0.0,0.0,0.0,0.4,0.6,incoming,deep,sandy,1,urban,0,0,0,0.2,2.0,,,,-3.6,2.1,,,,235,-44.38436715,171.2472789,1,2,0,0,8,0,Unknown,Unknown,Unknown,5.0,0.0
2799,Timaru Coast Caroline Bay at Virtue Avenue,2020-01-13 14:00:00,Timaru,0.0,0.0,0.0,0.0,0.0,0.0,incoming,deep,sandy,1,urban,0,0,0,0.0,0.0,,,,-3.5,2.4,,,,235,-44.38436715,171.2472789,1,3,0,0,14,0,Unknown,Unknown,Unknown,6.0,0.0
2800,Timaru Coast Caroline Bay at Virtue Avenue,2020-01-20 13:00:00,Timaru,0.0,0.0,0.0,0.0,0.0,0.0,ebbing,deep,sandy,1,urban,0,0,0,0.0,0.0,,,,1.4,2.3,,,,235,-44.38436715,171.2472789,1,4,0,0,13,0,Unknown,Unknown,Unknown,6.0,0.0
2801,Timaru Coast Caroline Bay at Virtue Avenue,2020-01-27 13:00:00,Timaru,0.0,0.0,0.0,0.0,0.0,0.0,incoming,deep,sandy,1,urban,0,0,0,0.0,0.0,,,,-4.0,2.2,,,,235,-44.38436715,171.2472789,1,5,0,0,13,0,Unknown,Unknown,Unknown,6.0,0.0
2802,Timaru Coast Caroline Bay at Virtue Avenue,2020-02-03 13:00:00,Timaru,0.0,0.0,0.0,0.2,0.3,0.3,ebbing,deep,sandy,1,urban,0,0,0,0.2,2.0,,,,2.8,2.0,,,,235,-44.38436715,171.2472789,2,6,0,0,13,1,Unknown,Unknown,Unknown,6.0,0.0
2803,Timaru Coast Caroline Bay at Virtue Avenue,2020-02-10 13:00:00,Timaru,0.0,0.0,0.0,0.0,0.4,1.3,incoming,deep,sandy,1,urban,0,0,0,0.4,1.0,,,,-2.9,2.5,,,,235,-44.38436715,171.2472789,2,7,0,0,13,0,Unknown,Unknown,Unknown,6.0,0.0
2804,Timaru Coast Caroline Bay at Virtue Avenue,2020-02-19 11:00:00,Timaru,0.1,0.1,0.1,0.1,0.1,0.1,incoming,deep,sandy,1,urban,0,0,0,0.1,1.0,,,,-1.8,2.2,,,,235,-44.38436715,171.2472789,2,8,2,0,11,0,Unknown,Unknown,Unknown,8.0,0.0
2805,Timaru Coast Caroline Bay at Virtue Avenue,2020-02-27 16:00:00,Timaru,0.0,0.0,0.0,0.0,0.0,0.0,incoming,deep,sandy,1,urban,0,0,0,0.0,0.0,,,,-1.9,2.1,,,,235,-44.38436715,171.2472789,2,9,3,0,16,0,Unknown,Unknown,Unknown,9.0,0.0
2806,Timaru Coast Caroline Bay at Virtue Avenue,2020-03-02 08:00:00,Timaru,0.0,0.0,0.0,0.0,0.0,0.5,incoming,deep,sandy,1,urban,0,0,0,0.0,0.0,,,,-0.7,2.0,,,,235,-44.38436715,171.2472789,3,10,0,0,8,0,Unknown,Unknown,Unknown,9.0,0.0
2807,Timaru Coast Caroline Bay at Virtue Avenue,2020-11-09 14:00:00,Timaru,0.0,0.0,0.0,0.0,19.5,19.5,ebbing,deep,sandy,1,urban,0,0,0,1.4,17.0,,,,4.6,2.2,,,,235,-44.38436715,171.2472789,11,46,0,0,14,0,Unknown,Unknown,Unknown,,0.0
2808,Timaru Coast Caroline Bay at Virtue Avenue,2020-11-23 14:00:00,Timaru,0.0,0.0,0.0,0.0,0.0,0.0,ebbing,deep,sandy,1,urban,0,0,0,0.0,0.0,,,,3.8,2.3,,,,235,-44.38436715,171.2472789,11,48,0,0,14,0,Unknown,Unknown,Unknown,5.0,0.0
2809,Timaru Coast Caroline Bay at Virtue Avenue,2020-12-03 13:00:00,Timaru,0.0,0.0,0.0,0.0,0.0,2.2,incoming,deep,sandy,1,urban,0,0,0,0.0,0.0,,,,-4.1,2.1,,,,235,-44.38436715,171.2472789,12,49,3,0,13,0,Unknown,Unknown,Unknown,5.0,0.0
2810,Timaru Coast Caroline Bay at Virtue Avenue,2020-12-07 09:00:00,Timaru,0.0,0.0,0.0,0.0,5.4,5.4,ebbing,deep,sandy,1,urban,0,0,0,2.2,17.0,,,,0.6,2.2,,,,235,-44.38436715,171.2472789,12,50,0,0,9,0,Unknown,Unknown,Unknown,5.0,0.0
2811,Timaru Coast Caroline Bay at Virtue Avenue,2020-12-14 13:00:00,Timaru,0.0,0.0,0.0,0.0,0.0,0.0,incoming,deep,sandy,1,urban,0,0,0,0.0,0.0,,,,-2.0,2.5,,,,235,-44.38436715,171.2472789,12,51,0,0,13,0,Unknown,Unknown,Unknown,5.0,0.0
2812,Timaru Coast Caroline Bay at Virtue Avenue,2020-12-21 15:00:00,Timaru,1.2,2.4,4.8,5.4,5.4,5.4,incoming,deep,sandy,1,urban,0,0,0,0.6,13.0,,,,-6.1,2.2,,,,235,-44.38436715,171.2472789,12,52,0,0,15,1,Unknown,Unknown,Unknown,6.0,0.0
2813,Timaru Coast Caroline Bay at Virtue Avenue,2020-12-29 08:00:00,Timaru,0.0,0.0,0.0,0.0,0.0,0.0,ebbing,deep,sandy,1,urban,0,0,0,0.0,0.0,,,,5.0,2.2,,,,235,-44.38436715,171.2472789,12,53,1,0,8,1,Unknown,Unknown,Unknown,17.6,0.0
2814,Timaru Coast Caroline Bay at Virtue Avenue,2021-01-05 08:00:00,Timaru,0.6,1.0,1.0,1.0,3.4,11.3,ebbing,deep,sandy,1,urban,0,0,0,2.4,4.0,,,,0.2,2.3,,,,235,-44.38436715,171.2472789,1,1,1,0,8,1,Unknown,Unknown,Unknown,29.0,0.0
2815,Timaru Coast Caroline Bay at Virtue Avenue,2021-01-11 08:00:00,Timaru,0.0,0.0,0.0,0.0,1.0,1.0,incoming,deep,sandy,1,urban,0,0,0,0.4,3.0,,,,-5.4,2.4,,,,235,-44.38436715,171.2472789,1,2,0,0,8,0,Unknown,Unknown,Unknown,29.0,0.0
2816,Timaru Coast Caroline Bay at Virtue Avenue,2021-01-13 14:00:00,Timaru,0.0,0.0,0.0,0.0,0.0,0.0,incoming,deep,sandy,1,urban,0,0,0,0.0,0.0,,,,-1.8,2.4,,,,235,-44.38436715,171.2472789,1,2,2,0,14,0,Unknown,Unknown,Unknown,68.6,0.0
2817,Timaru Coast Caroline Bay at Virtue Avenue,2021-01-14 08:00:00,Timaru,0.0,0.0,0.0,0.0,0.0,0.0,ebbing,deep,sandy,1,urban,0,0,0,0.0,0.0,,,,3.7,2.5,,,,235,-44.38436715,171.2472789,1,2,3,0,8,0,Unknown,Unknown,Unknown,67.6,0.0
2818,Timaru Coast Caroline Bay at Virtue Avenue,2021-01-15 08:00:00,Timaru,0.0,0.0,0.0,0.0,0.0,0.0,ebbing,deep,sandy,1,urban,0,0,0,0.0,0.0,,,,3.1,2.5,,,,235,-44.38436715,171.2472789,1,2,4,0,8,0,Unknown,Unknown,Unknown,67.4,0.0
2819,Timaru Coast Caroline Bay at Virtue Avenue,2021-01-18 08:00:00,Timaru,0.0,0.0,4.3,8.6,8.6,8.6,ebbing,deep,sandy,1,urban,0,0,0,2.1,18.0,,,,0.7,2.3,,,,235,-44.38436715,171.2472789,1,3,0,0,8,0,Unknown,Unknown,Unknown,57.0,0.0
2820,Timaru Coast Caroline Bay at Virtue Avenue,2021-01-25 08:00:00,Timaru,0.0,0.0,0.0,0.0,0.0,0.0,incoming,deep,sandy,1,urban,0,0,0,0.0,0.0,,,,-5.0,2.1,,,,235,-44.38436715,171.2472789,1,4,0,0,8,0,Unknown,Unknown,Unknown,70.8,0.0
2821,Timaru Coast Caroline Bay at Virtue Avenue,2021-02-01 08:00:00,Timaru,0.0,0.0,0.0,0.0,0.0,0.0,ebbing,deep,sandy,1,urban,0,0,0,0.0,0.0,,,,2.3,2.4,,,,235,-44.38436715,171.2472789,2,5,0,0,8,1,Unknown,Unknown,Unknown,42.8,0.0
2822,Timaru Coast Caroline Bay at Virtue Avenue,2021-02-09 13:00:00,Timaru,0.0,0.0,0.0,0.0,0.0,0.0,incoming,deep,sandy,1,urban,0,0,0,0.0,0.0,,,,-0.1,2.3,,,,235,-44.38436715,171.2472789,2,6,1,0,13,1,Unknown,Unknown,Unknown,45.8,0.0
2823,Timaru Coast Caroline Bay at Virtue Avenue,2021-02-15 08:00:00,Timaru,0.0,0.0,0.0,0.0,0.0,3.4,ebbing,deep,sandy,1,urban,0,0,0,0.0,0.0,,,,2.3,2.3,,,,235,-44.38436715,171.2472789,2,7,0,0,8,0,Unknown,Unknown,Unknown,37.4,0.0
2824,Timaru Coast Caroline Bay at Virtue Avenue,2021-02-17 14:00:00,Timaru,0.0,0.0,0.0,0.0,9.8,9.8,ebbing,deep,sandy,1,urban,0,0,0,2.5,9.0,,,,6.2,2.1,,,,235,-44.38436715,171.2472789,2,7,2,0,14,0,Unknown,Unknown,Unknown,41.6,0.0
2825,Timaru Coast Caroline Bay at Virtue Avenue,2021-02-18 08:00:00,Timaru,0.0,0.0,0.0,0.0,0.0,9.8,incoming,deep,sandy,1,urban,0,0,0,0.0,0.0,,,,-0.2,2.1,,,,235,-44.38436715,171.2472789,2,7,3,0,8,0,Unknown,Unknown,Unknown,28.8,0.0
2826,Timaru Coast Caroline Bay at Virtue Avenue,2021-02-19 08:00:00,Timaru,0.0,0.0,0.0,0.0,0.0,0.0,incoming,deep,sandy,1,urban,0,0,0,0.0,0.0,,,,-1.2,2.0,,,,235,-44.38436715,171.2472789,2,7,4,0,8,0,Unknown,Unknown,Unknown,24.4,0.0
2827,Timaru Coast Caroline Bay at Virtue Avenue,2021-02-23 13:00:00,Timaru,0.0,0.0,0.0,0.0,0.0,0.0,ebbing,deep,sandy,1,urban,0,0,0,0.0,0.0,,,,0.4,2.1,,,,235,-44.38436715,171.2472789,2,8,1,0,13,0,Unknown,Unknown,Unknown,30.8,0.0
2828,Timaru Coast Caroline Bay at Virtue Avenue,2021-11-23 08:00:00,Timaru,0.0,0.5,5.3,5.3,7.8,7.8,ebbing,deep,sandy,1,urban,0,0,0,3.4,14.0,,,,2.5,2.2,,,,235,-44.38436715,171.2472789,11,47,1,0,8,0,Unknown,Unknown,Unknown,,0.0
2829,Timaru Coast Caroline Bay at Virtue Avenue,2021-11-29 13:00:00,Timaru,0.0,0.1,0.1,0.1,7.4,19.9,ebbing,deep,sandy,1,urban,0,0,0,4.0,8.0,,,,2.1,2.2,,,,235,-44.38436715,171.2472789,11,48,0,0,13,0,Unknown,Unknown,Unknown,185.0,0.0
2830,Timaru Coast Caroline Bay at Virtue Avenue,2021-12-06 14:00:00,Timaru,0.0,0.0,0.6,11.5,12.3,12.4,incoming,deep,sandy,1,urban,0,0,0,4.3,13.0,,,,-2.9,2.5,,,,235,-44.38436715,171.2472789,12,49,0,0,14,0,Unknown,Unknown,Unknown,95.0,0.0
2831,Timaru Coast Caroline Bay at Virtue Avenue,2021-12-13 09:00:00,Timaru,0.0,0.0,0.0,0.0,8.4,10.8,incoming,deep,sandy,1,urban,0,0,0,2.7,11.0,,,,-2.7,2.3,,,,235,-44.38436715,171.2472789,12,50,0,0,9,0,Unknown,Unknown,Unknown,65.0,0.0
2832,Timaru Coast Caroline Bay at Virtue Avenue,2021-12-20 11:00:00,Timaru,0.0,0.0,0.0,0.0,0.0,12.9,incoming,deep,sandy,1,urban,0,0,0,0.0,0.0,,,,-5.5,2.1,,,,235,-44.38436715,171.2472789,12,51,0,0,11,1,Unknown,Unknown,Unknown,50.0,0.0
2833,Timaru Coast Caroline Bay at Virtue Avenue,2021-12-29 07:00:00,Timaru,0.5,0.5,0.7,3.0,12.0,12.0,incoming,deep,sandy,1,urban,0,0,0,1.4,25.0,,,,-3.8,2.2,,,,235,-44.38436715,171.2472789,12,52,2,0,7,1,Unknown,Unknown,Unknown,44.0,0.0
2834,Timaru Coast Caroline Bay at Virtue Avenue,2022-01-05 08:00:00,Timaru,0.0,0.0,0.0,0.0,0.0,0.0,ebbing,deep,sandy,1,urban,0,0,0,0.0,0.0,,,,2.7,2.6,,,,235,-44.38436715,171.2472789,1,1,2,0,8,1,Unknown,Unknown,Unknown,8.0,0.0
2835,Timaru Coast Caroline Bay at Virtue Avenue,2022-01-11 13:00:00,Timaru,0.0,0.0,0.0,0.0,0.0,0.0,ebbing,deep,sandy,1,urban,0,0,0,0.0,0.0,,,,2.1,2.2,,,,235,-44.38436715,171.2472789,1,2,1,0,13,0,Unknown,Unknown,Unknown,21.8,0.0
2836,Timaru Coast Caroline Bay at Virtue Avenue,2022-01-18 09:00:00,Timaru,0.0,0.0,0.0,0.0,0.0,0.0,ebbing,deep,sandy,1,urban,0,0,0,0.0,0.0,,,,5.0,2.2,,,,235,-44.38436715,171.2472789,1,3,1,0,9,0,Unknown,Unknown,Unknown,22.8,0.0
2837,Timaru Coast Caroline Bay at Virtue Avenue,2022-01-24 08:00:00,Timaru,1.7,1.7,2.5,3.3,9.8,9.8,incoming,deep,sandy,1,urban,0,0,0,2.0,14.0,,,,-0.1,2.2,,,,235,-44.38436715,171.2472789,1,4,0,0,8,0,Unknown,Unknown,Unknown,23.8,0.0
2838,Timaru Coast Caroline Bay at Virtue Avenue,2022-01-31 08:00:00,Timaru,0.0,0.0,0.0,0.0,0.0,0.0,ebbing,deep,sandy,1,urban,0,0,0,0.0,0.0,,,,5.9,2.5,,,,235,-44.38436715,171.2472789,1,5,0,0,8,1,Unknown,Unknown,Unknown,36.8,0.0
2839,Timaru Coast Caroline Bay at Virtue Avenue,2022-02-09 14:00:00,Timaru,0.3,0.3,0.3,0.3,0.3,0.5,ebbing,deep,sandy,1,urban,0,0,0,0.3,1.0,,,,3.5,2.1,,,,235,-44.38436715,171.2472789,2,6,2,0,14,1,Unknown,Unknown,Unknown,37.8,0.0
2840,Timaru Coast Caroline Bay at Virtue Avenue,2022-02-14 08:00:00,Timaru,0.0,0.0,0.0,0.4,13.2,14.9,incoming,deep,sandy,1,urban,0,0,0,2.9,16.0,,,,-5.9,2.1,,,,235,-44.38436715,171.2472789,2,7,0,0,8,0,Unknown,Unknown,Unknown,27.0,0.0
2841,Timaru Coast Caroline Bay at Virtue Avenue,2022-02-22 13:00:00,Timaru,0.0,0.1,0.1,0.1,0.1,7.8,ebbing,deep,sandy,1,urban,0,0,0,0.1,1.0,,,,5.3,2.2,,,,235,-44.38436715,171.2472789,2,8,1,0,13,0,Unknown,Unknown,Unknown,27.0,0.0
2842,Timaru Coast Caroline Bay at Virtue Avenue,2022-03-11 14:00:00,Timaru,0.0,0.0,0.0,0.0,0.5,0.7,ebbing,deep,sandy,1,urban,0,0,0,0.1,5.0,,,,4.0,2.0,,,,235,-44.38436715,171.2472789,3,10,4,0,14,0,Unknown,Unknown,Unknown,27.0,0.0
2843,Timaru Coast Caroline Bay at Virtue Avenue,2022-03-14 08:00:00,Timaru,0.0,0.0,0.0,0.0,0.0,0.0,incoming,deep,sandy,1,urban,0,0,0,0.0,0.0,,,,-4.8,2.1,,,,235,-44.38436715,171.2472789,3,11,0,0,8,0,Unknown,Unknown,Unknown,32.0,0.0
2844,Timaru Coast Caroline Bay at Virtue Avenue,2022-03-15 08:00:00,Timaru,0.0,0.0,0.0,0.0,0.0,0.0,incoming,deep,sandy,1,urban,0,0,0,0.0,0.0,,,,-5.2,2.1,,,,235,-44.38436715,171.2472789,3,11,1,0,8,0,Unknown,Unknown,Unknown,34.0,0.0
2845,Timaru Coast at yacht club jetty,2013-11-21 08:00:00,Timaru,0.0,0.0,0.0,0.0,0.0,0.0,ebbing,deep,sandy,1,urban,1,0,0,0.0,0.0,,,,2.4,2.2,,,,203,-44.38607239,171.2557524,11,47,3,0,8,0,Unknown,Unknown,Unknown,,0.0
2846,Timaru Coast at yacht club jetty,2013-11-27 08:00:00,Timaru,0.0,0.0,2.3,4.3,11.7,11.8,incoming,deep,sandy,1,urban,1,0,0,2.2,17.0,,,,-2.3,2.1,,,,203,-44.38607239,171.2557524,11,48,2,0,8,0,Unknown,Unknown,Unknown,10.0,0.0
2847,Timaru Coast at yacht club jetty,2013-12-04 09:00:00,Timaru,0.0,0.0,0.0,0.0,0.0,0.0,ebbing,deep,sandy,1,urban,1,0,0,0.0,0.0,,,,5.8,2.6,,,,203,-44.38607239,171.2557524,12,49,2,0,9,0,Unknown,Unknown,Unknown,7.5,0.0
2848,Timaru Coast at yacht club jetty,2013-12-11 08:00:00,Timaru,0.6,0.7,1.0,1.1,1.8,1.8,incoming,deep,sandy,1,urban,1,0,0,0.3,11.0,,,,-2.7,2.4,,,,203,-44.38607239,171.2557524,12,50,2,0,8,0,Unknown,Unknown,Unknown,6.666666666666667,0.0
2849,Timaru Coast at yacht club jetty,2013-12-18 08:00:00,Timaru,0.0,0.0,0.0,0.1,1.7,1.7,ebbing,deep,sandy,1,urban,1,0,0,0.5,9.0,,,,4.1,2.3,,,,203,-44.38607239,171.2557524,12,51,2,0,8,0,Unknown,Unknown,Unknown,6.25,0.0
2850,Timaru Coast at yacht club jetty,2013-12-22 18:00:00,Timaru,0.0,0.0,0.0,9.2,18.7,18.7,incoming,deep,sandy,1,urban,1,0,0,2.7,13.0,,,,-0.8,2.1,,,,203,-44.38607239,171.2557524,12,51,6,1,18,1,Unknown,Unknown,Unknown,7.0,0.0
2851,Timaru Coast at yacht club jetty,2014-01-08 08:00:00,Timaru,0.1,0.1,0.1,1.3,1.3,1.8,incoming,deep,sandy,1,urban,1,0,0,0.5,6.0,,,,-1.1,2.4,,,,203,-44.38607239,171.2557524,1,2,2,0,8,0,Unknown,Unknown,Unknown,6.0,0.0
2852,Timaru Coast at yacht club jetty,2014-01-15 08:00:00,Timaru,0.0,0.0,0.0,0.0,0.9,6.8,ebbing,deep,sandy,1,urban,1,0,0,0.9,1.0,,,,5.2,2.3,,,,203,-44.38607239,171.2557524,1,3,2,0,8,0,Unknown,Unknown,Unknown,6.0,0.0
2853,Timaru Coast at yacht club jetty,2014-01-22 08:00:00,Timaru,0.0,0.0,0.0,0.4,5.6,5.6,ebbing,deep,sandy,1,urban,1,0,0,0.9,11.0,,,,0.6,2.1,,,,203,-44.38607239,171.2557524,1,4,2,0,8,0,Unknown,Unknown,Unknown,6.0,0.0
2854,Timaru Coast at yacht club jetty,2014-01-29 08:00:00,Timaru,0.0,0.0,0.0,0.0,0.0,4.4,incoming,deep,sandy,1,urban,1,0,0,0.0,0.0,,,,-5.7,2.5,,,,203,-44.38607239,171.2557524,1,5,2,0,8,0,Unknown,Unknown,Unknown,6.0,0.0
2855,Timaru Coast at yacht club jetty,2014-02-07 08:00:00,Timaru,0.0,0.0,0.0,0.0,0.0,0.0,incoming,deep,sandy,1,urban,1,0,0,0.0,0.0,,,,-1.8,2.2,,,,203,-44.38607239,171.2557524,2,6,4,0,8,1,Unknown,Unknown,Unknown,5.0,0.0
2856,Timaru Coast at yacht club jetty,2014-02-12 08:00:00,Timaru,0.0,0.0,0.0,0.0,0.0,0.3,incoming,deep,sandy,1,urban,1,0,0,0.0,0.0,,,,-6.1,2.2,,,,203,-44.38607239,171.2557524,2,7,2,0,8,0,Unknown,Unknown,Unknown,5.0,0.0
2857,Timaru Coast at yacht club jetty,2014-02-19 08:00:00,Timaru,0.0,0.0,0.0,0.0,0.0,0.0,ebbing,deep,sandy,1,urban,1,0,0,0.0,0.0,,,,1.8,2.2,,,,203,-44.38607239,171.2557524,2,8,2,0,8,0,Unknown,Unknown,Unknown,5.0,0.0
2858,Timaru Coast at yacht club jetty,2014-02-24 07:00:00,Timaru,0.0,0.0,0.0,0.7,1.1,1.2,incoming,deep,sandy,1,urban,1,0,0,0.4,6.0,,,,-3.2,2.2,,,,203,-44.38607239,171.2557524,2,9,0,0,7,0,Unknown,Unknown,Unknown,5.0,0.0
2859,Timaru Coast at yacht club jetty,2014-03-05 08:00:00,Timaru,0.0,0.0,0.0,0.0,0.0,5.0,ebbing,deep,sandy,1,urban,1,0,0,0.0,0.0,,,,1.4,2.4,,,,203,-44.38607239,171.2557524,3,10,2,0,8,0,Unknown,Unknown,Unknown,8.0,0.0
2860,Timaru Coast at yacht club jetty,2014-11-10 09:00:00,Timaru,0.0,0.0,0.0,0.0,0.0,0.0,ebbing,deep,sandy,1,urban,1,0,0,0.0,0.0,,,,3.4,2.4,,,,203,-44.38607239,171.2557524,11,46,0,0,9,0,Unknown,Unknown,Unknown,,0.0
2861,Timaru Coast at yacht club jetty,2014-11-26 08:00:00,Timaru,0.0,0.0,0.0,0.6,0.8,0.9,ebbing,deep,sandy,1,urban,1,0,0,0.6,2.0,,,,2.2,2.4,,,,203,-44.38607239,171.2557524,11,48,2,0,8,0,Unknown,Unknown,Unknown,5.0,0.0
2862,Timaru Coast at yacht club jetty,2014-12-03 08:00:00,Timaru,0.0,0.0,0.0,0.0,0.0,0.3,incoming,deep,sandy,1,urban,1,0,0,0.0,0.0,,,,-5.0,2.4,,,,203,-44.38607239,171.2557524,12,49,2,0,8,0,Unknown,Unknown,Unknown,5.0,0.0
2863,Timaru Coast at yacht club jetty,2014-12-10 08:00:00,Timaru,0.2,0.2,0.2,0.8,0.8,0.8,ebbing,deep,sandy,1,urban,1,0,0,0.3,4.0,,,,2.1,2.3,,,,203,-44.38607239,171.2557524,12,50,2,0,8,0,Unknown,Unknown,Unknown,6.666666666666667,0.0
2864,Timaru Coast at yacht club jetty,2014-12-17 08:00:00,Timaru,0.0,0.0,0.0,0.0,0.0,0.0,incoming,deep,sandy,1,urban,1,0,0,0.0,0.0,,,,-3.7,2.1,,,,203,-44.38607239,171.2557524,12,51,2,0,8,0,Unknown,Unknown,Unknown,6.25,0.0
2865,Timaru Coast at yacht club jetty,2014-12-22 07:00:00,Timaru,0.0,0.0,0.9,6.7,6.9,6.9,ebbing,deep,sandy,1,urban,1,0,0,2.1,10.0,,,,4.5,2.4,,,,203,-44.38607239,171.2557524,12,52,0,0,7,1,Unknown,Unknown,Unknown,6.0,0.0
2866,Timaru Coast at yacht club jetty,2015-01-07 08:00:00,Timaru,0.0,0.0,0.0,0.0,0.0,0.0,ebbing,deep,sandy,1,urban,1,0,0,0.0,0.0,,,,3.2,2.3,,,,203,-44.38607239,171.2557524,1,2,2,0,8,0,Unknown,Unknown,Unknown,72.2,0.14285714285714285
2867,Timaru Coast at yacht club jetty,2015-01-14 08:00:00,Timaru,0.0,0.2,0.7,0.7,1.1,3.4,incoming,deep,sandy,1,urban,1,0,0,0.3,6.0,,,,-2.1,2.1,,,,203,-44.38607239,171.2557524,1,3,2,0,8,0,Unknown,Unknown,Unknown,72.2,0.125
2868,Timaru Coast at yacht club jetty,2015-01-21 08:00:00,Timaru,0.0,0.0,0.0,0.1,0.6,0.6,ebbing,deep,sandy,1,urban,1,0,0,0.5,2.0,,,,4.4,2.6,,,,203,-44.38607239,171.2557524,1,4,2,0,8,0,Unknown,Unknown,Unknown,71.2,0.1111111111111111
2869,Timaru Coast at yacht club jetty,2015-01-28 08:00:00,Timaru,0.0,0.0,0.0,0.0,0.0,0.0,incoming,deep,sandy,1,urban,1,0,0,0.0,0.0,,,,-2.2,2.3,,,,203,-44.38607239,171.2557524,1,5,2,0,8,0,Unknown,Unknown,Unknown,71.2,0.1
2870,Timaru Coast at yacht club jetty,2015-02-03 08:00:00,Timaru,0.0,0.0,0.0,0.2,0.2,0.4,ebbing,deep,sandy,1,urban,1,0,0,0.2,1.0,,,,4.7,2.3,,,,203,-44.38607239,171.2557524,2,6,1,0,8,1,Unknown,Unknown,Unknown,71.2,0.09090909090909091
2871,Timaru Coast at yacht club jetty,2015-02-11 08:00:00,Timaru,0.0,0.0,0.0,0.0,10.1,10.1,incoming,deep,sandy,1,urban,1,0,0,4.9,6.0,,,,-0.7,2.0,,,,203,-44.38607239,171.2557524,2,7,2,0,8,0,Unknown,Unknown,Unknown,5.0,0.08333333333333333
2872,Timaru Coast at yacht club jetty,2015-02-18 08:00:00,Timaru,0.0,0.0,0.0,0.0,0.0,0.0,ebbing,deep,sandy,1,urban,1,0,0,0.0,0.0,,,,5.7,2.6,,,,203,-44.38607239,171.2557524,2,8,2,0,8,0,Unknown,Unknown,Unknown,5.0,0.07692307692307693
2873,Timaru Coast at yacht club jetty,2015-02-26 08:00:00,Timaru,0.0,0.0,0.0,0.1,0.1,0.1,incoming,deep,sandy,1,urban,1,0,0,0.1,1.0,,,,-1.9,2.3,,,,203,-44.38607239,171.2557524,2,9,3,0,8,0,Unknown,Unknown,Unknown,5.0,0.07142857142857142
2874,Timaru Coast at yacht club jetty,2015-03-04 07:00:00,Timaru,0.3,0.4,0.4,0.6,4.2,4.2,ebbing,deep,sandy,1,urban,1,0,0,1.0,11.0,,,,4.9,2.3,,,,203,-44.38607239,171.2557524,3,10,2,0,7,0,Unknown,Unknown,Unknown,5.0,0.06666666666666667
2875,Timaru Coast at yacht club jetty,2015-11-18 08:00:00,Timaru,0.0,0.0,0.0,0.0,0.0,0.7,incoming,deep,sandy,1,urban,1,0,0,0.0,0.0,,,,-0.5,2.3,,,,203,-44.38607239,171.2557524,11,47,2,0,8,0,Unknown,Unknown,Unknown,,0.0
2876,Timaru Coast at yacht club jetty,2015-11-25 08:00:00,Timaru,0.0,0.0,0.0,0.0,0.0,0.0,ebbing,deep,sandy,1,urban,1,0,0,0.0,0.0,,,,5.9,2.6,,,,203,-44.38607239,171.2557524,11,48,2,0,8,0,Unknown,Unknown,Unknown,5.0,0.0
2877,Timaru Coast at yacht club jetty,2015-12-02 08:00:00,Timaru,0.0,0.0,0.0,0.0,0.0,0.0,incoming,deep,sandy,1,urban,1,0,0,0.0,0.0,,,,-0.5,2.3,,,,203,-44.38607239,171.2557524,12,49,2,0,8,0,Unknown,Unknown,Unknown,5.0,0.0
2878,Timaru Coast at yacht club jetty,2015-12-09 08:00:00,Timaru,0.0,0.0,0.0,0.0,1.7,1.7,incoming,deep,sandy,1,urban,1,0,0,1.6,2.0,,,,-6.0,2.2,,,,203,-44.38607239,171.2557524,12,50,2,0,8,0,Unknown,Unknown,Unknown,5.0,0.0
2879,Timaru Coast at yacht club jetty,2015-12-16 08:00:00,Timaru,0.2,3.1,7.7,7.7,7.7,11.3,ebbing,deep,sandy,1,urban,1,0,0,1.3,10.0,,,,1.2,2.3,,,,203,-44.38607239,171.2557524,12,51,2,0,8,0,Unknown,Unknown,Unknown,5.0,0.0
2880,Timaru Coast at yacht club jetty,2015-12-22 08:00:00,Timaru,0.7,0.7,1.1,1.1,1.2,1.2,incoming,deep,sandy,1,urban,1,0,0,0.4,6.0,,,,-4.8,2.4,,,,203,-44.38607239,171.2557524,12,52,1,0,8,1,Unknown,Unknown,Unknown,12.2,0.0
2881,Timaru Coast at yacht club jetty,2015-12-29 15:00:00,Timaru,0.0,0.0,0.0,0.0,0.0,0.0,incoming,deep,sandy,1,urban,1,0,0,0.0,0.0,,,,-3.9,2.3,,,,203,-44.38607239,171.2557524,12,53,1,0,15,1,Unknown,Unknown,Unknown,12.2,0.0
2882,Timaru Coast at yacht club jetty,2016-01-07 08:00:00,Timaru,0.0,0.0,0.0,0.0,0.0,0.0,incoming,deep,sandy,1,urban,1,0,0,0.0,0.0,,,,-5.7,2.2,,,,203,-44.38607239,171.2557524,1,1,3,0,8,0,Unknown,Unknown,Unknown,12.2,0.0
2883,Timaru Coast at yacht club jetty,2016-01-14 08:00:00,Timaru,0.0,0.0,0.0,1.0,7.0,7.0,ebbing,deep,sandy,1,urban,1,0,0,2.3,9.0,,,,1.3,2.4,,,,203,-44.38607239,171.2557524,1,2,3,0,8,0,Unknown,Unknown,Unknown,12.2,0.0
2884,Timaru Coast at yacht club jetty,2016-01-20 08:00:00,Timaru,0.0,0.0,2.6,81.0,84.7,90.6,incoming,deep,sandy,1,urban,1,0,0,19.5,21.0,,,,-4.3,2.4,,,,203,-44.38607239,171.2557524,1,3,2,0,8,0,Unknown,Unknown,Unknown,12.2,0.0
2885,Timaru Coast at yacht club jetty,2016-01-22 12:00:00,Timaru,0.0,0.0,0.0,0.0,0.0,69.8,incoming,deep,sandy,1,urban,1,0,0,0.0,0.0,,,,-1.8,2.4,,,,203,-44.38607239,171.2557524,1,3,4,0,12,0,Unknown,Unknown,Unknown,49.2,0.0
2886,Timaru Coast at yacht club jetty,2016-01-27 08:00:00,Timaru,0.5,1.0,2.7,2.7,2.7,2.7,ebbing,deep,sandy,1,urban,1,0,0,0.6,8.0,,,,2.3,2.3,,,,203,-44.38607239,171.2557524,1,4,2,0,8,0,Unknown,Unknown,Unknown,49.2,0.0
2887,Timaru Coast at yacht club jetty,2016-02-03 07:00:00,Timaru,0.0,0.0,0.0,0.0,0.0,0.0,incoming,deep,sandy,1,urban,1,0,0,0.0,0.0,,,,-3.9,2.1,,,,203,-44.38607239,171.2557524,2,5,2,0,7,1,Unknown,Unknown,Unknown,52.2,0.0
2888,Timaru Coast at yacht club jetty,2016-02-05 13:00:00,Timaru,0.0,0.0,0.0,0.3,0.3,0.3,ebbing,deep,sandy,1,urban,1,0,0,0.2,2.0,,,,0.5,2.2,,,,203,-44.38607239,171.2557524,2,5,4,0,13,1,Unknown,Unknown,Unknown,243.0,0.07142857142857142
2889,Timaru Coast at yacht club jetty,2016-02-11 08:00:00,Timaru,0.0,0.0,0.0,0.0,0.0,0.0,ebbing,deep,sandy,1,urban,1,0,0,0.0,0.0,,,,2.6,2.5,,,,203,-44.38607239,171.2557524,2,6,3,0,8,0,Unknown,Unknown,Unknown,243.0,0.06666666666666667
2890,Timaru Coast at yacht club jetty,2016-02-19 12:00:00,Timaru,0.0,0.0,0.0,0.0,0.9,6.1,incoming,deep,sandy,1,urban,1,0,0,0.6,3.0,,,,-1.4,2.3,,,,203,-44.38607239,171.2557524,2,7,4,0,12,0,Unknown,Unknown,Unknown,198.8,0.0625
2891,Timaru Coast at yacht club jetty,2016-02-24 08:00:00,Timaru,0.0,0.0,0.0,0.0,0.8,0.8,ebbing,deep,sandy,1,urban,1,0,0,0.2,5.0,,,,3.7,2.3,,,,203,-44.38607239,171.2557524,2,8,2,0,8,0,Unknown,Unknown,Unknown,198.8,0.058823529411764705
2892,Timaru Coast at yacht club jetty,2016-11-14 11:00:00,Timaru,0.0,0.0,0.4,0.4,0.5,16.5,incoming,deep,sandy,1,urban,1,0,0,0.4,2.0,,,,-3.5,2.6,,,,203,-44.38607239,171.2557524,11,46,0,0,11,0,Unknown,Unknown,Unknown,,0.0
2893,Timaru Coast at yacht club jetty,2016-11-24 08:00:00,Timaru,1.5,2.7,5.5,5.7,5.7,5.7,incoming,deep,sandy,1,urban,1,0,0,0.8,13.0,,,,-4.0,2.3,,,,203,-44.38607239,171.2557524,11,47,3,0,8,0,Unknown,Unknown,Unknown,5.0,0.0
2894,Timaru Coast at yacht club jetty,2016-12-01 09:00:00,Timaru,0.9,0.9,2.2,2.2,4.1,4.1,ebbing,deep,sandy,1,urban,1,0,0,0.9,9.0,,,,4.6,2.2,,,,203,-44.38607239,171.2557524,12,48,3,0,9,0,Unknown,Unknown,Unknown,5.0,0.0
2895,Timaru Coast at yacht club jetty,2016-12-08 08:00:00,Timaru,0.3,1.3,4.0,4.3,6.1,6.1,incoming,deep,sandy,1,urban,1,0,0,1.2,16.0,,,,-2.2,2.3,,,,203,-44.38607239,171.2557524,12,49,3,0,8,0,Unknown,Unknown,Unknown,5.0,0.0
2896,Timaru Coast at yacht club jetty,2016-12-15 15:00:00,Timaru,0.0,0.0,0.0,0.0,1.0,1.0,incoming,deep,sandy,1,urban,1,0,0,0.2,6.0,,,,-1.5,2.6,,,,203,-44.38607239,171.2557524,12,50,3,0,15,0,Unknown,Unknown,Unknown,5.0,0.0
2897,Timaru Coast at yacht club jetty,2016-12-22 14:00:00,Timaru,0.0,0.0,0.0,0.0,0.0,0.0,ebbing,deep,sandy,1,urban,1,0,0,0.0,0.0,,,,3.5,2.2,,,,203,-44.38607239,171.2557524,12,51,3,0,14,1,Unknown,Unknown,Unknown,5.0,0.0
2898,Timaru Coast at yacht club jetty,2017-01-06 13:00:00,Timaru,0.0,0.0,0.0,0.0,0.0,12.0,ebbing,deep,sandy,1,urban,1,0,0,0.0,0.0,,,,3.2,2.3,,,,203,-44.38607239,171.2557524,1,1,4,0,13,0,Unknown,Unknown,Unknown,5.0,0.0
2899,Timaru Coast at yacht club jetty,2017-01-11 08:00:00,Timaru,0.0,0.0,0.0,0.0,0.0,2.0,ebbing,deep,sandy,1,urban,1,0,0,0.0,0.0,,,,6.2,2.6,,,,203,-44.38607239,171.2557524,1,2,2,0,8,0,Unknown,Unknown,Unknown,5.0,0.0
2900,Timaru Coast at yacht club jetty,2017-01-18 14:00:00,Timaru,4.2,5.3,5.3,5.3,5.3,5.3,ebbing,deep,sandy,1,urban,1,0,0,1.9,4.0,,,,6.2,2.3,,,,203,-44.38607239,171.2557524,1,3,2,0,14,0,Unknown,Unknown,Unknown,5.0,0.0
2901,Timaru Coast at yacht club jetty,2017-01-26 13:00:00,Timaru,0.0,0.0,0.0,0.0,0.0,0.0,incoming,deep,sandy,1,urban,1,0,0,0.0,0.0,,,,-1.1,2.2,,,,203,-44.38607239,171.2557524,1,4,3,0,13,0,Unknown,Unknown,Unknown,5.0,0.0
2902,Timaru Coast at yacht club jetty,2017-02-02 08:00:00,Timaru,0.0,0.0,0.0,0.0,0.0,0.0,ebbing,deep,sandy,1,urban,1,0,0,0.0,0.0,,,,0.8,2.3,,,,203,-44.38607239,171.2557524,2,5,3,0,8,1,Unknown,Unknown,Unknown,5.0,0.0
2903,Timaru Coast at yacht club jetty,2017-02-07 08:00:00,Timaru,3.9,4.5,9.2,9.3,9.3,9.3,incoming,deep,sandy,1,urban,1,0,0,3.2,9.0,,,,-3.7,2.4,,,,203,-44.38607239,171.2557524,2,6,1,0,8,1,Unknown,Unknown,Unknown,5.0,0.0
2904,Timaru Coast at yacht club jetty,2017-02-14 10:00:00,Timaru,0.0,0.0,0.0,0.2,1.8,1.8,ebbing,deep,sandy,1,urban,1,0,0,0.7,6.0,,,,4.2,2.4,,,,203,-44.38607239,171.2557524,2,7,1,0,10,0,Unknown,Unknown,Unknown,5.0,0.0
2905,Timaru Coast at yacht club jetty,2017-02-21 10:00:00,Timaru,0.1,0.1,0.1,0.1,0.4,0.4,incoming,deep,sandy,1,urban,1,0,0,0.1,4.0,,,,-1.7,2.1,,,,203,-44.38607239,171.2557524,2,8,1,0,10,0,Unknown,Unknown,Unknown,8.0,0.0
2906,Timaru Coast at yacht club jetty,2017-03-01 09:00:00,Timaru,0.0,0.0,0.0,0.0,0.0,0.0,ebbing,deep,sandy,1,urban,1,0,0,0.0,0.0,,,,4.0,2.4,,,,203,-44.38607239,171.2557524,3,9,2,0,9,0,Unknown,Unknown,Unknown,8.0,0.0
2907,Timaru Coast at yacht club jetty,2017-11-28 08:00:00,Timaru,0.0,0.0,0.0,0.0,0.0,0.0,incoming,deep,sandy,1,urban,1,0,0,0.0,0.0,,,,-2.9,2.2,,,,203,-44.38607239,171.2557524,11,48,1,0,8,0,Unknown,Unknown,Unknown,,0.0
2908,Timaru Coast at yacht club jetty,2017-12-04 08:00:00,Timaru,0.0,0.0,0.0,0.0,0.0,0.0,ebbing,deep,sandy,1,urban,1,0,0,0.0,0.0,,,,4.6,2.6,,,,203,-44.38607239,171.2557524,12,49,0,0,8,0,Unknown,Unknown,Unknown,5.0,0.0
2909,Timaru Coast at yacht club jetty,2017-12-11 08:00:00,Timaru,0.0,0.0,0.0,0.0,0.1,0.1,incoming,deep,sandy,1,urban,1,0,0,0.1,1.0,,,,-2.2,2.4,,,,203,-44.38607239,171.2557524,12,50,0,0,8,0,Unknown,Unknown,Unknown,5.0,0.0
2910,Timaru Coast at yacht club jetty,2017-12-18 08:00:00,Timaru,0.0,0.0,0.3,0.4,0.4,1.0,ebbing,deep,sandy,1,urban,1,0,0,0.2,3.0,,,,5.1,2.3,,,,203,-44.38607239,171.2557524,12,51,0,0,8,0,Unknown,Unknown,Unknown,5.0,0.0
2911,Timaru Coast at yacht club jetty,2017-12-28 08:00:00,Timaru,0.0,0.0,0.0,0.0,4.9,9.1,incoming,deep,sandy,1,urban,1,0,0,1.4,8.0,,,,-2.7,2.2,,,,203,-44.38607239,171.2557524,12,52,3,0,8,1,Unknown,Unknown,Unknown,6.25,0.0
2912,Timaru Coast at yacht club jetty,2018-01-03 08:00:00,Timaru,0.2,0.2,0.2,0.2,0.2,0.6,ebbing,deep,sandy,1,urban,1,0,0,0.2,1.0,,,,4.7,2.7,,,,203,-44.38607239,171.2557524,1,1,2,0,8,1,Unknown,Unknown,Unknown,6.0,0.0
2913,Timaru Coast at yacht club jetty,2018-01-08 09:00:00,Timaru,0.0,0.0,0.0,0.2,0.2,18.5,ebbing,deep,sandy,1,urban,1,0,0,0.2,1.0,,,,0.3,2.4,,,,203,-44.38607239,171.2557524,1,2,0,0,9,0,Unknown,Unknown,Unknown,6.0,0.0
2914,Timaru Coast at yacht club jetty,2018-01-15 09:00:00,Timaru,0.0,0.0,0.0,0.0,0.9,2.1,incoming,deep,sandy,1,urban,1,0,0,0.5,2.0,,,,-5.5,2.2,,,,203,-44.38607239,171.2557524,1,3,0,0,9,0,Unknown,Unknown,Unknown,7.0,0.0
2915,Timaru Coast at yacht club jetty,2018-01-22 09:00:00,Timaru,0.0,0.0,0.0,0.0,0.0,0.0,ebbing,deep,sandy,1,urban,1,0,0,0.0,0.0,,,,1.9,2.2,,,,203,-44.38607239,171.2557524,1,4,0,0,9,0,Unknown,Unknown,Unknown,8.0,0.0
2916,Timaru Coast at yacht club jetty,2018-01-29 08:00:00,Timaru,0.0,0.0,0.0,0.0,0.0,0.5,incoming,deep,sandy,1,urban,1,0,0,0.0,0.0,,,,-4.9,2.4,,,,203,-44.38607239,171.2557524,1,5,0,0,8,0,Unknown,Unknown,Unknown,7.0,0.0
2917,Timaru Coast at yacht club jetty,2018-02-07 09:00:00,Timaru,0.0,0.0,0.0,0.0,5.3,5.3,incoming,deep,sandy,1,urban,1,0,0,2.4,5.0,,,,-0.4,2.2,,,,203,-44.38607239,171.2557524,2,6,2,0,9,1,Unknown,Unknown,Unknown,7.0,0.0
2918,Timaru Coast at yacht club jetty,2018-02-12 09:00:00,Timaru,0.0,0.0,0.0,6.3,14.2,14.2,incoming,deep,sandy,1,urban,1,0,0,3.6,12.0,,,,-4.5,2.1,,,,203,-44.38607239,171.2557524,2,7,0,0,9,0,Unknown,Unknown,Unknown,7.0,0.0
2919,Timaru Coast at yacht club jetty,2018-02-19 13:00:00,Timaru,0.0,0.0,0.0,0.0,0.0,0.8,incoming,deep,sandy,1,urban,1,0,0,0.0,0.0,,,,-4.5,2.2,,,,203,-44.38607239,171.2557524,2,8,0,0,13,0,Unknown,Unknown,Unknown,9.0,0.0
2920,Timaru Coast at yacht club jetty,2018-03-05 08:00:00,Timaru,0.0,6.9,8.5,8.6,8.6,8.6,ebbing,deep,sandy,1,urban,1,0,0,4.0,5.0,,,,2.3,2.5,,,,203,-44.38607239,171.2557524,3,10,0,0,8,0,Unknown,Unknown,Unknown,8.0,0.0
2921,Timaru Coast at yacht club jetty,2018-03-13 08:00:00,Timaru,0.0,0.0,0.0,0.0,0.0,0.0,incoming,deep,sandy,1,urban,1,0,0,0.0,0.0,,,,-4.4,2.1,,,,203,-44.38607239,171.2557524,3,11,1,0,8,0,Unknown,Unknown,Unknown,26.6,0.0
2922,Timaru Coast at yacht club jetty,2018-11-12 08:00:00,Timaru,0.0,0.0,0.0,0.0,0.0,12.2,ebbing,deep,sandy,1,urban,1,0,0,0.0,0.0,,,,1.6,2.3,,,,203,-44.38607239,171.2557524,11,46,0,0,8,0,Unknown,Unknown,Unknown,,0.0
2923,Timaru Coast at yacht club jetty,2018-11-26 08:00:00,Timaru,0.0,0.0,0.0,4.1,13.3,13.3,ebbing,deep,sandy,1,urban,1,0,0,1.4,25.0,,,,3.2,2.5,,,,203,-44.38607239,171.2557524,11,48,0,0,8,0,Unknown,Unknown,Unknown,5.0,0.0
2924,Timaru Coast at yacht club jetty,2018-12-03 08:00:00,Timaru,0.0,0.0,0.0,0.0,0.0,0.0,incoming,deep,sandy,1,urban,1,0,0,0.0,0.0,,,,-3.8,2.4,,,,203,-44.38607239,171.2557524,12,49,0,0,8,0,Unknown,Unknown,Unknown,1307.5,0.3333333333333333
2925,Timaru Coast at yacht club jetty,2018-12-10 09:00:00,Timaru,0.2,1.6,1.6,1.6,1.6,1.6,ebbing,deep,sandy,1,urban,1,0,0,0.5,4.0,,,,3.4,2.3,,,,203,-44.38607239,171.2557524,12,50,0,0,9,0,Unknown,Unknown,Unknown,878.3333333333334,0.25
2926,Timaru Coast at yacht club jetty,2018-12-17 09:00:00,Timaru,0.0,0.0,0.0,0.0,0.0,0.0,incoming,deep,sandy,1,urban,1,0,0,0.0,0.0,,,,-2.2,2.1,,,,203,-44.38607239,171.2557524,12,51,0,0,9,0,Unknown,Unknown,Unknown,660.0,0.2
2927,Timaru Coast at yacht club jetty,2018-12-27 12:00:00,Timaru,0.1,3.0,3.1,3.1,3.1,3.1,ebbing,deep,sandy,1,urban,1,0,0,1.7,5.0,,,,4.8,2.5,,,,203,-44.38607239,171.2557524,12,52,3,0,12,1,Unknown,Unknown,Unknown,530.0,0.16666666666666666
2928,Timaru Coast at yacht club jetty,2019-01-07 08:00:00,Timaru,0.0,0.0,3.4,10.0,10.0,10.0,ebbing,deep,sandy,1,urban,1,0,0,3.9,8.0,,,,4.1,2.3,,,,203,-44.38607239,171.2557524,1,2,0,0,8,0,Unknown,Unknown,Unknown,530.0,0.14285714285714285
2929,Timaru Coast at yacht club jetty,2019-01-14 08:00:00,Timaru,0.5,1.2,6.9,9.3,9.4,16.4,incoming,deep,sandy,1,urban,1,0,0,2.5,12.0,,,,-1.0,2.1,,,,203,-44.38607239,171.2557524,1,3,0,0,8,0,Unknown,Unknown,Unknown,9.0,0.125
2930,Timaru Coast at yacht club jetty,2019-01-21 09:00:00,Timaru,0.0,0.0,0.0,0.0,0.3,0.3,ebbing,deep,sandy,1,urban,1,0,0,0.2,2.0,,,,5.8,2.6,,,,203,-44.38607239,171.2557524,1,4,0,0,9,0,Unknown,Unknown,Unknown,17.6,0.1111111111111111
2931,Timaru Coast at yacht club jetty,2019-01-28 09:00:00,Timaru,2.2,3.4,3.4,3.4,3.5,3.5,incoming,deep,sandy,1,urban,1,0,0,2.2,3.0,,,,-0.9,2.3,,,,203,-44.38607239,171.2557524,1,5,0,0,9,0,Unknown,Unknown,Unknown,17.6,0.1
2932,Timaru Coast at yacht club jetty,2019-01-30 12:00:00,Timaru,0.0,0.0,0.0,0.0,0.0,3.4,ebbing,deep,sandy,1,urban,1,0,0,0.0,0.0,,,,1.0,2.2,,,,203,-44.38607239,171.2557524,1,5,2,0,12,0,Unknown,Unknown,Unknown,465.6,0.18181818181818182
2933,Timaru Coast at yacht club jetty,2019-02-04 08:00:00,Timaru,0.0,0.0,0.0,0.0,0.0,5.0,ebbing,deep,sandy,1,urban,1,0,0,0.0,0.0,,,,4.6,2.3,,,,203,-44.38607239,171.2557524,2,6,0,0,8,1,Unknown,Unknown,Unknown,801.0,0.25
2934,Timaru Coast at yacht club jetty,2019-02-11 07:00:00,Timaru,0.0,0.0,0.0,0.0,0.0,0.0,incoming,deep,sandy,1,urban,1,0,0,0.0,0.0,,,,-0.4,2.1,,,,203,-44.38607239,171.2557524,2,7,0,0,7,0,Unknown,Unknown,Unknown,801.0,0.23076923076923078
2935,Timaru Coast at yacht club jetty,2019-02-20 08:00:00,Timaru,0.0,0.0,0.0,0.0,1.3,1.3,ebbing,deep,sandy,1,urban,1,0,0,0.8,2.0,,,,4.4,2.7,,,,203,-44.38607239,171.2557524,2,8,2,0,8,0,Unknown,Unknown,Unknown,789.4,0.21428571428571427
2936,Timaru Coast at yacht club jetty,2019-02-25 07:00:00,Timaru,0.0,0.1,0.6,3.3,8.0,8.2,incoming,deep,sandy,1,urban,1,0,0,1.3,17.0,,,,-1.4,2.3,,,,203,-44.38607239,171.2557524,2,9,0,0,7,0,Unknown,Unknown,Unknown,790.4,0.2
2937,Timaru Coast at yacht club jetty,2019-02-27 13:00:00,Timaru,0.0,0.0,0.0,0.0,0.0,1.0,ebbing,deep,sandy,1,urban,1,0,0,0.0,0.0,,,,3.1,2.2,,,,203,-44.38607239,171.2557524,2,9,2,0,13,0,Unknown,Unknown,Unknown,341.4,0.1875
2938,Timaru Coast at yacht club jetty,2019-02-28 08:00:00,Timaru,0.0,0.0,0.0,5.5,5.5,5.5,incoming,deep,sandy,1,urban,1,0,0,2.6,4.0,,,,-3.5,2.2,,,,203,-44.38607239,171.2557524,2,9,3,0,8,0,Unknown,Unknown,Unknown,6.0,0.17647058823529413
2939,Timaru Coast at yacht club jetty,2019-03-01 08:00:00,Timaru,0.0,0.0,0.0,0.0,5.5,5.5,incoming,deep,sandy,1,urban,1,0,0,2.6,4.0,,,,-4.3,2.2,,,,203,-44.38607239,171.2557524,3,9,4,0,8,0,Unknown,Unknown,Unknown,7.0,0.16666666666666666
2940,Timaru Coast at yacht club jetty,2019-03-04 09:00:00,Timaru,0.0,0.0,0.0,0.0,0.1,0.1,incoming,deep,sandy,1,urban,1,0,0,0.1,1.0,,,,-5.4,2.2,,,,203,-44.38607239,171.2557524,3,10,0,0,9,0,Unknown,Unknown,Unknown,7.0,0.15789473684210525
2941,Timaru Coast at yacht club jetty,2019-03-11 08:00:00,Timaru,0.0,0.0,0.5,1.6,1.6,1.6,ebbing,deep,sandy,1,urban,1,0,0,0.7,3.0,,,,1.4,2.1,,,,203,-44.38607239,171.2557524,3,11,0,0,8,0,Unknown,Unknown,Unknown,6.0,0.15
2942,Timaru Coast at yacht club jetty,2019-11-11 09:00:00,Timaru,0.2,3.4,8.7,10.2,10.2,10.2,incoming,deep,sandy,1,urban,1,0,0,1.6,12.0,,,,-5.7,2.2,,,,203,-44.38607239,171.2557524,11,46,0,0,9,0,Unknown,Unknown,Unknown,,0.0
2943,Timaru Coast at yacht club jetty,2019-11-25 09:00:00,Timaru,0.0,0.0,0.0,0.0,0.0,0.0,incoming,deep,sandy,1,urban,1,0,0,0.0,0.0,,,,-5.0,2.5,,,,203,-44.38607239,171.2557524,11,48,0,0,9,0,Unknown,Unknown,Unknown,10.0,0.0
2944,Timaru Coast at yacht club jetty,2019-12-02 13:00:00,Timaru,0.0,0.0,0.0,0.0,0.0,0.0,ebbing,deep,sandy,1,urban,1,0,0,0.0,0.0,,,,5.8,2.3,,,,203,-44.38607239,171.2557524,12,49,0,0,13,0,Unknown,Unknown,Unknown,7.5,0.0
2945,Timaru Coast at yacht club jetty,2019-12-09 14:00:00,Timaru,0.0,0.0,0.0,0.0,0.0,27.6,ebbing,deep,sandy,1,urban,1,0,0,0.0,0.0,,,,0.5,2.2,,,,203,-44.38607239,171.2557524,12,50,0,0,14,0,Unknown,Unknown,Unknown,6.666666666666667,0.0
2946,Timaru Coast at yacht club jetty,2019-12-16 13:00:00,Timaru,0.0,0.0,0.0,0.2,0.2,0.3,incoming,deep,sandy,1,urban,1,0,0,0.2,1.0,,,,-5.4,2.2,,,,203,-44.38607239,171.2557524,12,51,0,0,13,0,Unknown,Unknown,Unknown,6.25,0.0
2947,Timaru Coast at yacht club jetty,2019-12-23 07:00:00,Timaru,0.0,0.0,0.0,0.0,0.0,1.7,incoming,deep,sandy,1,urban,1,0,0,0.0,0.0,,,,-5.6,2.4,,,,203,-44.38607239,171.2557524,12,52,0,0,7,1,Unknown,Unknown,Unknown,6.0,0.0
2948,Timaru Coast at yacht club jetty,2020-01-06 09:00:00,Timaru,0.0,0.0,0.0,0.0,0.4,0.6,incoming,deep,sandy,1,urban,1,0,0,0.2,2.0,,,,-3.2,2.1,,,,203,-44.38607239,171.2557524,1,2,0,0,9,0,Unknown,Unknown,Unknown,5.0,0.0
2949,Timaru Coast at yacht club jetty,2020-01-13 13:00:00,Timaru,0.0,0.0,0.0,0.0,0.0,0.0,incoming,deep,sandy,1,urban,1,0,0,0.0,0.0,,,,-4.0,2.4,,,,203,-44.38607239,171.2557524,1,3,0,0,13,0,Unknown,Unknown,Unknown,5.0,0.0
2950,Timaru Coast at yacht club jetty,2020-01-20 13:00:00,Timaru,0.0,0.0,0.0,0.0,0.0,0.0,ebbing,deep,sandy,1,urban,1,0,0,0.0,0.0,,,,1.0,2.3,,,,203,-44.38607239,171.2557524,1,4,0,0,13,0,Unknown,Unknown,Unknown,5.0,0.0
2951,Timaru Coast at yacht club jetty,2020-01-27 13:00:00,Timaru,0.0,0.0,0.0,0.0,0.0,0.0,incoming,deep,sandy,1,urban,1,0,0,0.0,0.0,,,,-4.4,2.2,,,,203,-44.38607239,171.2557524,1,5,0,0,13,0,Unknown,Unknown,Unknown,5.0,0.0
2952,Timaru Coast at yacht club jetty,2020-02-03 13:00:00,Timaru,0.0,0.0,0.0,0.2,0.3,0.3,ebbing,deep,sandy,1,urban,1,0,0,0.2,2.0,,,,2.4,2.0,,,,203,-44.38607239,171.2557524,2,6,0,0,13,1,Unknown,Unknown,Unknown,5.0,0.0
2953,Timaru Coast at yacht club jetty,2020-02-10 13:00:00,Timaru,0.0,0.0,0.0,0.0,0.4,1.3,incoming,deep,sandy,1,urban,1,0,0,0.4,1.0,,,,-3.3,2.5,,,,203,-44.38607239,171.2557524,2,7,0,0,13,0,Unknown,Unknown,Unknown,5.0,0.0
2954,Timaru Coast at yacht club jetty,2020-02-19 11:00:00,Timaru,0.1,0.1,0.1,0.1,0.1,0.1,incoming,deep,sandy,1,urban,1,0,0,0.1,1.0,,,,-1.1,2.2,,,,203,-44.38607239,171.2557524,2,8,2,0,11,0,Unknown,Unknown,Unknown,5.0,0.0
2955,Timaru Coast at yacht club jetty,2020-02-26 13:00:00,Timaru,0.0,0.0,0.0,0.0,0.0,0.0,incoming,deep,sandy,1,urban,1,0,0,0.0,0.0,,,,-4.4,2.2,,,,203,-44.38607239,171.2557524,2,9,2,0,13,0,Unknown,Unknown,Unknown,5.0,0.0
2956,Timaru Coast at yacht club jetty,2020-03-02 09:00:00,Timaru,0.0,0.0,0.0,0.0,0.0,0.5,incoming,deep,sandy,1,urban,1,0,0,0.0,0.0,,,,-0.3,2.0,,,,203,-44.38607239,171.2557524,3,10,0,0,9,0,Unknown,Unknown,Unknown,5.0,0.0
2957,Timaru Coast at yacht club jetty,2020-11-09 14:00:00,Timaru,0.0,0.0,0.0,0.0,19.5,19.5,ebbing,deep,sandy,1,urban,1,0,0,1.4,17.0,,,,4.2,2.2,,,,203,-44.38607239,171.2557524,11,46,0,0,14,0,Unknown,Unknown,Unknown,,0.0
2958,Timaru Coast at yacht club jetty,2020-11-23 14:00:00,Timaru,0.0,0.0,0.0,0.0,0.0,0.0,ebbing,deep,sandy,1,urban,1,0,0,0.0,0.0,,,,3.4,2.3,,,,203,-44.38607239,171.2557524,11,48,0,0,14,0,Unknown,Unknown,Unknown,5.0,0.0
2959,Timaru Coast at yacht club jetty,2020-12-03 13:00:00,Timaru,0.0,0.0,0.0,0.0,0.0,2.2,incoming,deep,sandy,1,urban,1,0,0,0.0,0.0,,,,-4.5,2.1,,,,203,-44.38607239,171.2557524,12,49,3,0,13,0,Unknown,Unknown,Unknown,5.0,0.0
2960,Timaru Coast at yacht club jetty,2020-12-07 09:00:00,Timaru,0.0,0.0,0.0,0.0,5.4,5.4,ebbing,deep,sandy,1,urban,1,0,0,2.2,17.0,,,,1.1,2.2,,,,203,-44.38607239,171.2557524,12,50,0,0,9,0,Unknown,Unknown,Unknown,5.0,0.0
2961,Timaru Coast at yacht club jetty,2020-12-14 13:00:00,Timaru,0.0,0.0,0.0,0.0,0.0,0.0,incoming,deep,sandy,1,urban,1,0,0,0.0,0.0,,,,-1.6,2.5,,,,203,-44.38607239,171.2557524,12,51,0,0,13,0,Unknown,Unknown,Unknown,5.0,0.0
2962,Timaru Coast at yacht club jetty,2020-12-21 14:00:00,Timaru,1.2,2.4,5.0,5.0,5.0,5.0,ebbing,deep,sandy,1,urban,1,0,0,0.6,12.0,,,,5.1,2.3,,,,203,-44.38607239,171.2557524,12,52,0,0,14,1,Unknown,Unknown,Unknown,5.0,0.0
2963,Timaru Coast at yacht club jetty,2020-12-29 08:00:00,Timaru,0.0,0.0,0.0,0.0,0.0,0.0,ebbing,deep,sandy,1,urban,1,0,0,0.0,0.0,,,,5.4,2.2,,,,203,-44.38607239,171.2557524,12,53,1,0,8,1,Unknown,Unknown,Unknown,5.0,0.0
2964,Timaru Coast at yacht club jetty,2021-01-05 08:00:00,Timaru,0.6,1.0,1.0,1.0,3.4,11.3,incoming,deep,sandy,1,urban,1,0,0,2.4,4.0,,,,-0.1,2.3,,,,203,-44.38607239,171.2557524,1,1,1,0,8,1,Unknown,Unknown,Unknown,16.6,0.0
2965,Timaru Coast at yacht club jetty,2021-01-11 09:00:00,Timaru,0.0,0.0,0.0,0.0,1.0,1.0,incoming,deep,sandy,1,urban,1,0,0,0.4,3.0,,,,-5.0,2.4,,,,203,-44.38607239,171.2557524,1,2,0,0,9,0,Unknown,Unknown,Unknown,16.6,0.0
2966,Timaru Coast at yacht club jetty,2021-01-13 14:00:00,Timaru,0.0,0.0,0.0,0.0,0.0,0.0,incoming,deep,sandy,1,urban,1,0,0,0.0,0.0,,,,-1.3,2.4,,,,203,-44.38607239,171.2557524,1,2,2,0,14,0,Unknown,Unknown,Unknown,16.6,0.0
2967,Timaru Coast at yacht club jetty,2021-01-18 08:00:00,Timaru,0.0,0.0,4.3,8.6,8.6,8.6,ebbing,deep,sandy,1,urban,1,0,0,2.1,18.0,,,,1.1,2.3,,,,203,-44.38607239,171.2557524,1,3,0,0,8,0,Unknown,Unknown,Unknown,16.6,0.0
2968,Timaru Coast at yacht club jetty,2021-01-25 08:00:00,Timaru,0.0,0.0,0.0,0.0,0.0,0.0,incoming,deep,sandy,1,urban,1,0,0,0.0,0.0,,,,-4.6,2.1,,,,203,-44.38607239,171.2557524,1,4,0,0,8,0,Unknown,Unknown,Unknown,21.8,0.0
2969,Timaru Coast at yacht club jetty,2021-02-01 08:00:00,Timaru,0.0,0.0,0.0,0.0,0.0,0.0,ebbing,deep,sandy,1,urban,1,0,0,0.0,0.0,,,,2.8,2.4,,,,203,-44.38607239,171.2557524,2,5,0,0,8,1,Unknown,Unknown,Unknown,10.2,0.0
2970,Timaru Coast at yacht club jetty,2021-02-09 14:00:00,Timaru,0.0,0.0,0.0,0.0,0.0,0.0,ebbing,deep,sandy,1,urban,1,0,0,0.0,0.0,,,,0.3,2.3,,,,203,-44.38607239,171.2557524,2,6,1,0,14,1,Unknown,Unknown,Unknown,13.2,0.0
2971,Timaru Coast at yacht club jetty,2021-02-15 09:00:00,Timaru,0.0,0.0,0.0,0.0,0.0,1.0,ebbing,deep,sandy,1,urban,1,0,0,0.0,0.0,,,,2.8,2.3,,,,203,-44.38607239,171.2557524,2,7,0,0,9,0,Unknown,Unknown,Unknown,13.2,0.0
2972,Timaru Coast at yacht club jetty,2021-02-17 14:00:00,Timaru,0.0,0.0,0.0,0.0,9.8,9.8,incoming,deep,sandy,1,urban,1,0,0,2.5,9.0,,,,-5.8,2.1,,,,203,-44.38607239,171.2557524,2,7,2,0,14,0,Unknown,Unknown,Unknown,16.2,0.0
2973,Timaru Coast at yacht club jetty,2021-02-18 08:00:00,Timaru,0.0,0.0,0.0,0.0,0.0,9.8,incoming,deep,sandy,1,urban,1,0,0,0.0,0.0,,,,-0.6,2.1,,,,203,-44.38607239,171.2557524,2,7,3,0,8,0,Unknown,Unknown,Unknown,11.0,0.0
2974,Timaru Coast at yacht club jetty,2021-02-19 07:00:00,Timaru,0.0,0.0,0.0,0.0,0.0,0.0,incoming,deep,sandy,1,urban,1,0,0,0.0,0.0,,,,-1.6,2.0,,,,203,-44.38607239,171.2557524,2,7,4,0,7,0,Unknown,Unknown,Unknown,11.0,0.0
2975,Timaru Coast at yacht club jetty,2021-02-23 12:00:00,Timaru,0.0,0.0,0.0,0.0,0.0,0.0,incoming,deep,sandy,1,urban,1,0,0,0.0,0.0,,,,-0.1,2.1,,,,203,-44.38607239,171.2557524,2,8,1,0,12,0,Unknown,Unknown,Unknown,8.0,0.0
2976,Timaru Coast at yacht club jetty,2021-11-23 08:00:00,Timaru,0.0,0.5,5.3,5.3,7.8,7.8,ebbing,deep,sandy,1,urban,1,0,0,3.4,14.0,,,,1.8,2.2,,,,203,-44.38607239,171.2557524,11,47,1,0,8,0,Unknown,Unknown,Unknown,,0.0
2977,Timaru Coast at yacht club jetty,2021-11-29 12:00:00,Timaru,0.0,0.1,0.1,0.1,10.0,19.9,ebbing,deep,sandy,1,urban,1,0,0,4.0,9.0,,,,1.5,2.2,,,,203,-44.38607239,171.2557524,11,48,0,0,12,0,Unknown,Unknown,Unknown,5.0,0.0
2978,Timaru Coast at yacht club jetty,2021-12-06 13:00:00,Timaru,0.0,0.1,0.6,12.3,12.3,12.4,incoming,deep,sandy,1,urban,1,0,0,4.3,13.0,,,,-3.5,2.5,,,,203,-44.38607239,171.2557524,12,49,0,0,13,0,Unknown,Unknown,Unknown,5.0,0.0
2979,Timaru Coast at yacht club jetty,2021-12-13 08:00:00,Timaru,0.0,0.0,0.0,0.0,8.7,10.8,incoming,deep,sandy,1,urban,1,0,0,2.7,12.0,,,,-3.3,2.3,,,,203,-44.38607239,171.2557524,12,50,0,0,8,0,Unknown,Unknown,Unknown,5.0,0.0
2980,Timaru Coast at yacht club jetty,2021-12-20 11:00:00,Timaru,0.0,0.0,0.0,0.0,0.0,12.9,incoming,deep,sandy,1,urban,1,0,0,0.0,0.0,,,,-5.2,2.1,,,,203,-44.38607239,171.2557524,12,51,0,0,11,1,Unknown,Unknown,Unknown,5.0,0.0
2981,Timaru Coast at yacht club jetty,2021-12-29 07:00:00,Timaru,0.5,0.5,0.7,3.0,12.0,12.0,incoming,deep,sandy,1,urban,1,0,0,1.4,25.0,,,,-4.5,2.2,,,,203,-44.38607239,171.2557524,12,52,2,0,7,1,Unknown,Unknown,Unknown,8.0,0.0
2982,Timaru Coast at yacht club jetty,2022-01-05 07:00:00,Timaru,0.0,0.0,0.0,0.0,0.0,0.0,ebbing,deep,sandy,1,urban,1,0,0,0.0,0.0,,,,2.1,2.6,,,,203,-44.38607239,171.2557524,1,1,2,0,7,1,Unknown,Unknown,Unknown,8.0,0.0
2983,Timaru Coast at yacht club jetty,2022-01-11 13:00:00,Timaru,0.0,0.0,0.0,0.0,0.0,0.0,ebbing,deep,sandy,1,urban,1,0,0,0.0,0.0,,,,2.6,2.2,,,,203,-44.38607239,171.2557524,1,2,1,0,13,0,Unknown,Unknown,Unknown,8.0,0.0
2984,Timaru Coast at yacht club jetty,2022-01-18 08:00:00,Timaru,0.0,0.0,0.0,0.0,0.0,0.0,ebbing,deep,sandy,1,urban,1,0,0,0.0,0.0,,,,4.0,2.2,,,,203,-44.38607239,171.2557524,1,3,1,0,8,0,Unknown,Unknown,Unknown,8.0,0.0
2985,Timaru Coast at yacht club jetty,2022-01-24 08:00:00,Timaru,1.7,1.7,2.5,3.3,9.8,9.8,ebbing,deep,sandy,1,urban,1,0,0,2.0,14.0,,,,0.2,2.2,,,,203,-44.38607239,171.2557524,1,4,0,0,8,0,Unknown,Unknown,Unknown,8.0,0.0
2986,Timaru Coast at yacht club jetty,2022-01-31 08:00:00,Timaru,0.0,0.0,0.0,0.0,0.0,0.0,incoming,deep,sandy,1,urban,1,0,0,0.0,0.0,,,,-6.1,2.4,,,,203,-44.38607239,171.2557524,1,5,0,0,8,1,Unknown,Unknown,Unknown,18.8,0.0
2987,Timaru Coast at yacht club jetty,2022-02-09 13:00:00,Timaru,0.0,0.0,0.0,0.0,0.0,0.2,ebbing,deep,sandy,1,urban,1,0,0,0.0,0.0,,,,2.6,2.1,,,,203,-44.38607239,171.2557524,2,6,2,0,13,1,Unknown,Unknown,Unknown,18.8,0.0
2988,Timaru Coast at yacht club jetty,2022-02-14 08:00:00,Timaru,0.0,0.0,0.0,0.4,13.2,14.9,ebbing,deep,sandy,1,urban,1,0,0,2.9,16.0,,,,5.8,2.2,,,,203,-44.38607239,171.2557524,2,7,0,0,8,0,Unknown,Unknown,Unknown,19.8,0.0
2989,Timaru Coast at yacht club jetty,2022-02-22 12:00:00,Timaru,0.0,0.1,0.1,0.1,0.1,7.8,ebbing,deep,sandy,1,urban,1,0,0,0.1,1.0,,,,4.7,2.2,,,,203,-44.38607239,171.2557524,2,8,1,0,12,0,Unknown,Unknown,Unknown,19.8,0.0
2990,Timaru Coast at yacht club jetty,2022-03-11 15:00:00,Timaru,0.0,0.0,0.0,0.0,0.5,0.7,ebbing,deep,sandy,1,urban,1,0,0,0.1,5.0,,,,4.5,2.0,,,,203,-44.38607239,171.2557524,3,10,4,0,15,0,Unknown,Unknown,Unknown,20.8,0.0
2991,Timaru Coast at yacht club jetty,2022-03-14 07:00:00,Timaru,0.0,0.0,0.0,0.0,0.0,0.0,incoming,deep,sandy,1,urban,1,0,0,0.0,0.0,,,,-5.5,2.1,,,,203,-44.38607239,171.2557524,3,11,0,0,7,0,Unknown,Unknown,Unknown,14.2,0.0
2992,Timaru Coast at yacht club jetty,2022-03-15 07:00:00,Timaru,0.0,0.0,0.0,0.0,0.0,0.0,incoming,deep,sandy,1,urban,1,0,0,0.0,0.0,,,,-6.0,2.1,,,,203,-44.38607239,171.2557524,3,11,1,0,7,0,Unknown,Unknown,Unknown,14.2,0.0
2993,Wainui Beach Wainui Beach,2013-11-13 13:00:00,Akaroa,0.0,0.0,0.0,0.0,0.0,0.0,ebbing,deep,stony,3,grass,1,0,0,0.0,0.0,2.082757961,4.369099842,4.799814518,1.2,2.6,9.75726976,13.60951689,23.74586071,321,-43.812906,172.907887,11,46,2,0,13,0,Alongshore,Alongshore,Alongshore,,0.0
2994,Wainui Beach Wainui Beach,2013-11-26 12:00:00,Akaroa,0.0,0.0,0.4,7.4,7.4,7.4,ebbing,deep,stony,3,grass,1,0,0,2.0,10.0,1.716624108,2.211287249,2.777886529,1.8,2.1,207.5253562,195.1294468,184.5445009,321,-43.812906,172.907887,11,48,1,0,12,0,Alongshore,Alongshore,Onshore,5.0,0.0
2995,Wainui Beach Wainui Beach,2013-12-05 05:00:00,Akaroa,0.0,0.0,0.0,0.0,0.0,0.0,ebbing,deep,stony,3,grass,1,0,0,0.0,0.0,0.308413576,0.828300754,0.84021305,0.4,2.8,182.5577715,189.7571546,124.5764661,321,-43.812906,172.907887,12,49,3,0,5,0,Onshore,Alongshore,Onshore,12.5,0.0
2996,Wainui Beach Wainui Beach,2013-12-10 11:00:00,Akaroa,0.0,0.2,0.8,0.8,1.0,1.0,ebbing,deep,stony,3,grass,1,0,0,0.4,4.0,0.265653848,1.177052666,2.576075568,1.2,2.6,298.400321,302.7883959,197.3354268,321,-43.812906,172.907887,12,50,1,0,11,0,Offshore,Offshore,Alongshore,25.666666666666668,0.0
2997,Wainui Beach Wainui Beach,2013-12-17 16:00:00,Akaroa,0.0,0.6,3.6,14.0,14.0,14.0,ebbing,deep,stony,3,grass,1,0,0,10.0,7.0,4.302023156,4.036848039,4.680643133,0.2,2.4,229.6379157,226.5433725,181.0419114,321,-43.812906,172.907887,12,51,1,0,16,0,Alongshore,Alongshore,Onshore,24.25,0.0
2998,Wainui Beach Wainui Beach,2013-12-22 10:00:00,Akaroa,0.0,5.0,19.6,23.4,23.4,23.4,ebbing,deep,stony,3,grass,1,0,0,4.8,14.0,4.006224475,4.153759331,3.447572465,3.1,2.3,202.1027728,203.5420952,206.2744132,321,-43.812906,172.907887,12,51,6,1,10,1,Alongshore,Alongshore,Alongshore,46.4,0.0
2999,Wainui Beach Wainui Beach,2014-01-07 09:00:00,Akaroa,0.0,0.0,0.0,0.0,1.6,1.6,ebbing,deep,stony,3,grass,1,0,0,1.0,3.0,1.316059879,1.194556796,0.557126841,0.3,2.7,144.0779799,149.5240322,123.6153032,321,-43.812906,172.907887,1,2,1,0,9,0,Onshore,Onshore,Onshore,57.8,0.0
3000,Wainui Beach Wainui Beach,2014-01-14 15:00:00,Akaroa,0.0,0.0,0.0,0.0,0.2,0.2,ebbing,deep,stony,3,grass,1,0,0,0.2,1.0,1.947939343,4.960046257,6.919877592,0.5,2.3,161.9460735,176.6634247,185.3723589,321,-43.812906,172.907887,1,3,1,0,15,0,Onshore,Onshore,Onshore,54.8,0.0
3001,Wainui Beach Wainui Beach,2014-01-21 08:00:00,Akaroa,0.4,0.4,0.4,0.4,0.4,0.4,ebbing,deep,stony,3,grass,1,0,0,0.2,2.0,2.602479831,3.266327749,2.729173011,0.7,2.3,48.60155436,60.26605767,60.98823726,321,-43.812906,172.907887,1,4,1,0,8,0,Alongshore,Alongshore,Alongshore,50.6,0.0
3002,Wainui Beach Wainui Beach,2014-01-29 15:00:00,Akaroa,0.0,0.0,0.0,0.0,0.0,17.0,ebbing,deep,stony,3,grass,1,0,0,0.0,0.0,3.01377829,6.155220626,5.612194543,1.1,2.6,359.2554535,359.2734416,354.6271371,321,-43.812906,172.907887,1,5,2,0,15,0,Offshore,Offshore,Offshore,47.6,0.0
3003,Wainui Beach Wainui Beach,2014-02-04 07:00:00,Akaroa,0.0,0.0,0.0,0.0,0.0,1.0,ebbing,deep,stony,3,grass,1,0,0,0.0,0.0,0.957519004,1.420579402,1.356803855,0.1,2.7,112.5594045,121.1133594,109.7190262,321,-43.812906,172.907887,2,6,1,0,7,1,Onshore,Onshore,Onshore,21.6,0.0
3004,Wainui Beach Wainui Beach,2014-02-11 14:00:00,Akaroa,0.0,0.0,0.0,0.0,0.0,1.8,ebbing,deep,stony,3,grass,1,0,0,0.0,0.0,1.586236146,3.156440858,3.889696428,0.9,2.2,288.7685262,294.91509,309.6042547,321,-43.812906,172.907887,2,7,1,0,14,0,Offshore,Offshore,Offshore,10.2,0.0
3005,Wainui Beach Wainui Beach,2014-02-18 07:00:00,Akaroa,0.0,0.0,0.0,0.0,0.0,0.0,ebbing,deep,stony,3,grass,1,0,0,0.0,0.0,4.9813501,4.921192563,4.48880471,1.0,2.3,2.571883036,16.99237414,16.16834737,321,-43.812906,172.907887,2,8,1,0,7,0,Offshore,Alongshore,Alongshore,10.2,0.0
3006,Wainui Beach Wainui Beach,2014-02-25 14:00:00,Akaroa,0.0,0.0,0.0,0.0,4.8,20.8,ebbing,deep,stony,3,grass,1,0,0,1.6,5.0,1.149072652,1.062383399,1.999244947,2.0,2.4,52.35288585,21.30177969,52.11077213,321,-43.812906,172.907887,2,9,1,0,14,0,Alongshore,Alongshore,Alongshore,5.0,0.0
3007,Wainui Beach Wainui Beach,2014-03-10 11:00:00,Akaroa,0.0,0.0,0.0,0.0,0.0,0.0,ebbing,deep,stony,3,grass,1,0,0,0.0,0.0,0.754047592,1.325478439,2.766391099,0.1,2.2,4.590019308,25.1849951,93.46299392,321,-43.812906,172.907887,3,11,0,0,11,0,Offshore,Alongshore,Alongshore,5.0,0.0
3008,Wainui Beach Wainui Beach,2014-11-19 14:00:00,Akaroa,0.8,0.8,0.8,0.8,0.8,0.8,ebbing,deep,stony,3,grass,1,0,0,0.8,1.0,3.600680641,5.146970456,6.197723524,1.3,2.2,231.5508229,266.5657447,290.0776454,321,-43.812906,172.907887,11,47,2,0,14,0,Alongshore,Alongshore,Offshore,,0.0
3009,Wainui Beach Wainui Beach,2014-11-25 18:00:00,Akaroa,0.0,0.2,0.2,0.2,0.2,4.8,ebbing,deep,stony,3,grass,1,0,0,0.2,1.0,2.193003553,2.16088387,3.776773409,0.5,2.5,296.9451968,328.8719388,319.0289069,321,-43.812906,172.907887,11,48,1,0,18,0,Offshore,Offshore,Offshore,5.0,0.0
3010,Wainui Beach Wainui Beach,2014-12-09 06:00:00,Akaroa,0.0,0.0,0.0,0.0,0.0,0.0,ebbing,deep,stony,3,grass,1,0,0,0.0,0.0,2.173918188,1.548213181,1.638988743,0.7,2.6,80.95003485,77.10458988,48.20439553,321,-43.812906,172.907887,12,50,1,0,6,0,Alongshore,Alongshore,Alongshore,5.0,0.0
3011,Wainui Beach Wainui Beach,2014-12-16 11:00:00,Akaroa,0.0,0.0,0.0,0.0,0.0,0.0,incoming,deep,stony,3,grass,1,0,0,0.0,0.0,0.824903375,2.059181129,4.116800467,-0.4,2.1,321.8465347,342.8310283,345.8918898,321,-43.812906,172.907887,12,51,1,0,11,0,Offshore,Offshore,Offshore,5.0,0.0
3012,Wainui Beach Wainui Beach,2014-12-21 16:00:00,Akaroa,0.0,0.0,0.0,0.2,0.2,0.2,ebbing,deep,stony,3,grass,1,0,0,0.2,1.0,4.396874435,5.761920223,5.482919478,1.3,2.4,219.6363586,222.0947187,218.3073357,321,-43.812906,172.907887,12,51,6,1,16,1,Alongshore,Alongshore,Alongshore,5.0,0.0
3013,Wainui Beach Wainui Beach,2014-12-30 13:00:00,Akaroa,0.0,0.0,0.0,0.0,0.0,0.2,ebbing,deep,stony,3,grass,1,0,0,0.0,0.0,3.036801394,4.706248891,6.688170534,2.6,2.6,347.9784587,346.2794922,355.1888361,321,-43.812906,172.907887,12,1,1,0,13,1,Offshore,Offshore,Offshore,11.0,0.0
3014,Wainui Beach Wainui Beach,2015-01-05 17:00:00,Akaroa,0.0,0.0,0.0,0.0,0.0,0.0,ebbing,deep,stony,3,grass,1,0,0,0.0,0.0,1.937835491,2.553278325,3.145559258,0.7,2.5,78.81321529,77.98898849,127.2027532,321,-43.812906,172.907887,1,2,0,0,17,1,Alongshore,Alongshore,Onshore,11.0,0.0
3015,Wainui Beach Wainui Beach,2015-01-13 12:00:00,Akaroa,0.0,0.0,0.0,0.0,0.0,0.0,ebbing,deep,stony,3,grass,1,0,0,0.0,0.0,0.36561882,2.113216219,2.660761982,2.3,2.1,318.7362456,316.036618,330.6146216,321,-43.812906,172.907887,1,3,1,0,12,0,Offshore,Offshore,Offshore,11.0,0.0
3016,Wainui Beach Wainui Beach,2015-01-20 15:00:00,Akaroa,0.0,0.0,0.4,0.4,0.4,0.4,incoming,deep,stony,3,grass,1,0,0,0.4,1.0,4.530469624,5.579058277,5.559520725,0.0,2.6,222.1731516,221.6540719,216.889812,321,-43.812906,172.907887,1,4,1,0,15,0,Alongshore,Alongshore,Alongshore,11.0,0.0
3017,Wainui Beach Wainui Beach,2015-01-27 12:00:00,Akaroa,0.0,0.0,0.0,0.0,0.0,0.0,ebbing,deep,stony,3,grass,1,0,0,0.0,0.0,0.885346123,1.883848534,3.246377635,2.8,2.6,312.662405,334.6761023,26.71672887,321,-43.812906,172.907887,1,5,1,0,12,0,Offshore,Offshore,Alongshore,20.4,0.0
3018,Wainui Beach Wainui Beach,2015-02-03 15:00:00,Akaroa,0.2,2.6,2.6,2.6,2.6,3.6,incoming,deep,stony,3,grass,1,0,0,1.4,3.0,4.285425561,5.081542899,4.839562613,-0.4,2.4,213.2805648,205.9863426,217.5942623,321,-43.812906,172.907887,2,6,1,0,15,1,Alongshore,Alongshore,Alongshore,14.4,0.0
3019,Wainui Beach Wainui Beach,2015-02-10 11:00:00,Akaroa,0.0,0.0,0.2,1.6,1.6,1.6,ebbing,deep,stony,3,grass,1,0,0,0.8,4.0,2.520714012,3.161743445,5.2317444,2.6,2.2,224.006472,213.517511,205.3907124,321,-43.812906,172.907887,2,7,1,0,11,0,Alongshore,Alongshore,Alongshore,19.6,0.0
3020,Wainui Beach Wainui Beach,2015-02-17 12:00:00,Akaroa,0.0,0.0,0.0,0.0,0.0,0.0,incoming,deep,stony,3,grass,1,0,0,0.0,0.0,0.712076695,1.902151366,3.937632411,-2.2,2.5,298.5821147,299.0567359,304.3252754,321,-43.812906,172.907887,2,8,1,0,12,0,Offshore,Offshore,Offshore,19.6,0.0
3021,Wainui Beach Wainui Beach,2015-02-24 11:00:00,Akaroa,0.0,0.0,0.0,0.0,1.8,1.8,ebbing,deep,stony,3,grass,1,0,0,1.6,2.0,4.309879065,4.360631756,4.974569176,3.1,2.6,13.34476269,19.08532168,29.7002294,321,-43.812906,172.907887,2,9,1,0,11,0,Alongshore,Alongshore,Alongshore,19.6,0.0
3022,Wainui Beach Wainui Beach,2015-03-03 14:00:00,Akaroa,0.0,0.0,0.6,0.6,0.6,0.6,incoming,deep,stony,3,grass,1,0,0,0.6,1.0,0.659567292,2.366593911,2.669267415,-0.3,2.3,331.1176203,325.5638387,352.2511113,321,-43.812906,172.907887,3,10,1,0,14,0,Offshore,Offshore,Offshore,10.2,0.0
3023,Wainui Beach Wainui Beach,2015-11-18 08:00:00,Akaroa,0.0,2.8,2.8,2.8,2.8,2.8,incoming,deep,stony,3,grass,1,0,0,1.4,3.0,3.946685799,6.995052715,10.29767233,-0.2,2.5,216.2815102,211.357085,204.684088,321,-43.812906,172.907887,11,47,2,0,8,0,Alongshore,Alongshore,Alongshore,,0.0
3024,Wainui Beach Wainui Beach,2015-11-24 11:00:00,Akaroa,0.0,0.0,0.0,0.0,0.0,0.2,incoming,deep,stony,3,grass,1,0,0,0.0,0.0,5.316107561,7.050679401,7.200704315,-2.9,2.7,9.116950251,3.724475831,4.4328583,321,-43.812906,172.907887,11,48,1,0,11,0,Alongshore,Offshore,Offshore,5.0,0.0
3025,Wainui Beach Wainui Beach,2015-12-01 07:00:00,Akaroa,0.0,0.0,0.0,0.0,0.2,0.2,incoming,deep,stony,3,grass,1,0,0,0.2,1.0,1.855378148,0.474721464,0.830514575,-1.2,2.6,122.9129656,74.14787363,26.4640253,321,-43.812906,172.907887,12,49,1,0,7,0,Onshore,Alongshore,Alongshore,5.0,0.0
3026,Wainui Beach Wainui Beach,2015-12-08 12:00:00,Akaroa,0.0,0.0,0.0,1.0,1.0,3.6,incoming,deep,stony,3,grass,1,0,0,1.0,1.0,1.146473119,2.883415815,6.123110882,-1.6,2.1,241.6425746,245.0141987,215.0733667,321,-43.812906,172.907887,12,50,1,0,12,0,Alongshore,Alongshore,Alongshore,5.0,0.0
3027,Wainui Beach Wainui Beach,2015-12-15 06:00:00,Akaroa,0.0,0.0,0.0,0.0,12.6,12.6,incoming,deep,stony,3,grass,1,0,0,5.4,5.0,0.530641847,0.773750733,0.43657283,-0.6,2.5,328.2401186,109.4214658,58.05262954,321,-43.812906,172.907887,12,51,1,0,6,0,Offshore,Onshore,Alongshore,5.0,0.0
3028,Wainui Beach Wainui Beach,2015-12-22 10:00:00,Akaroa,0.0,0.2,0.2,0.2,0.2,0.2,incoming,deep,stony,3,grass,1,0,0,0.2,1.0,2.883576374,5.530038995,8.848998418,-2.5,2.6,141.305889,139.5467165,105.6557841,321,-43.812906,172.907887,12,52,1,0,10,1,Onshore,Onshore,Onshore,5.0,0.0
3029,Wainui Beach Wainui Beach,2015-12-29 06:00:00,Akaroa,0.0,0.0,0.0,0.0,0.0,0.0,incoming,deep,stony,3,grass,1,0,0,0.0,0.0,1.597135059,1.360508364,1.6881748,-0.5,2.6,167.1034386,138.9041535,65.04564665,321,-43.812906,172.907887,12,53,1,0,6,1,Onshore,Onshore,Alongshore,8.0,0.0
3030,Wainui Beach Wainui Beach,2016-01-06 10:00:00,Akaroa,0.0,0.0,0.0,0.0,0.0,23.0,incoming,deep,stony,3,grass,1,0,0,0.0,0.0,1.132301942,1.715751764,3.410663731,-3.0,2.1,19.26463673,34.32874094,66.68431808,321,-43.812906,172.907887,1,1,2,0,10,0,Alongshore,Alongshore,Alongshore,11.0,0.0
3031,Wainui Beach Wainui Beach,2016-01-12 05:00:00,Akaroa,0.0,0.0,0.0,0.0,0.0,0.0,ebbing,deep,stony,3,grass,1,0,0,0.0,0.0,1.992017344,1.05801795,1.364267191,0.2,2.6,190.7466256,148.8656719,47.0427512,321,-43.812906,172.907887,1,2,1,0,5,0,Alongshore,Onshore,Alongshore,11.0,0.0
3032,Wainui Beach Wainui Beach,2016-01-19 09:00:00,Akaroa,1.6,2.2,5.4,6.4,7.8,8.2,incoming,deep,stony,3,grass,1,0,0,1.8,10.0,0.440972352,0.842854414,1.322742783,-2.3,2.6,344.0766334,348.0116171,60.77809079,321,-43.812906,172.907887,1,3,1,0,9,0,Offshore,Offshore,Alongshore,11.0,0.0
3033,Wainui Beach Wainui Beach,2016-01-26 05:00:00,Akaroa,0.2,0.2,0.2,0.2,0.2,0.2,incoming,deep,stony,3,grass,1,0,0,0.2,1.0,2.026067834,2.256900365,1.591274059,-0.1,2.6,70.39677181,23.01821567,40.60282214,321,-43.812906,172.907887,1,4,1,0,5,0,Alongshore,Alongshore,Alongshore,11.0,0.0
3034,Wainui Beach Wainui Beach,2016-02-01 09:00:00,Akaroa,0.0,0.0,0.0,0.0,0.0,0.0,incoming,deep,stony,3,grass,1,0,0,0.0,0.0,0.774639957,0.654825052,0.476059814,-1.1,2.1,171.5684969,134.9047353,95.01636487,321,-43.812906,172.907887,2,5,0,0,9,1,Onshore,Onshore,Alongshore,8.0,0.0
3035,Wainui Beach Wainui Beach,2016-02-10 07:00:00,Akaroa,0.0,0.0,0.0,0.0,0.0,0.0,ebbing,deep,stony,3,grass,1,0,0,0.0,0.0,1.022939168,1.213530466,0.401098098,2.4,2.7,99.7482186,94.34516392,163.2674116,321,-43.812906,172.907887,2,6,2,0,7,0,Onshore,Alongshore,Onshore,5.0,0.0
3036,Wainui Beach Wainui Beach,2016-02-16 09:00:00,Akaroa,0.0,0.0,0.0,0.0,0.0,0.0,incoming,deep,stony,3,grass,1,0,0,0.0,0.0,0.763816736,1.286202948,1.257870232,-1.6,2.6,210.3425694,196.5633322,198.3167832,321,-43.812906,172.907887,2,7,1,0,9,0,Alongshore,Alongshore,Alongshore,5.0,0.0
3037,Wainui Beach Wainui Beach,2016-02-23 14:00:00,Akaroa,0.0,0.0,0.0,0.0,0.0,0.0,incoming,deep,stony,3,grass,1,0,0,0.0,0.0,1.310658968,2.905358715,3.663635191,-2.9,2.5,279.3558747,282.1192961,264.1880124,321,-43.812906,172.907887,2,8,1,0,14,0,Offshore,Offshore,Alongshore,5.0,0.0
3038,Wainui Beach Wainui Beach,2016-11-22 12:00:00,Akaroa,0.0,0.0,0.0,0.0,0.0,0.0,ebbing,deep,stony,3,grass,1,0,0,0.0,0.0,0.608353426,2.166985919,3.380366991,2.0,2.5,313.8493975,324.276545,349.3171742,321,-43.812906,172.907887,11,47,1,0,12,0,Offshore,Offshore,Offshore,,0.0
3039,Wainui Beach Wainui Beach,2016-11-29 15:00:00,Akaroa,0.0,0.0,0.0,0.0,0.4,1.2,incoming,deep,stony,3,grass,1,0,0,0.2,2.0,3.984315813,7.257780056,8.003131814,-0.7,2.3,304.9797425,327.0060168,341.7101824,321,-43.812906,172.907887,11,48,1,0,15,0,Offshore,Offshore,Offshore,5.0,0.0
3040,Wainui Beach Wainui Beach,2016-12-06 10:00:00,Akaroa,0.0,0.0,0.0,0.0,0.0,0.0,ebbing,deep,stony,3,grass,1,0,0,0.0,0.0,1.323984244,0.759202124,1.491923761,1.9,2.4,36.86398428,91.71126043,98.65254195,321,-43.812906,172.907887,12,49,1,0,10,0,Alongshore,Alongshore,Onshore,5.0,0.0
3041,Wainui Beach Wainui Beach,2016-12-13 15:00:00,Akaroa,0.0,0.0,0.0,0.0,17.2,43.0,incoming,deep,stony,3,grass,1,0,0,3.8,13.0,1.252961817,2.875278888,4.429156287,-0.4,2.7,24.13303194,351.3458368,328.8597935,321,-43.812906,172.907887,12,50,1,0,15,0,Alongshore,Offshore,Offshore,5.0,0.0
3042,Wainui Beach Wainui Beach,2016-12-20 08:00:00,Akaroa,0.0,0.0,0.0,0.0,0.0,0.0,incoming,deep,stony,3,grass,1,0,0,0.0,0.0,1.102313903,0.636247881,0.598727749,-0.8,2.5,253.0212139,189.0919351,155.5405567,321,-43.812906,172.907887,12,51,1,0,8,1,Alongshore,Alongshore,Onshore,5.0,0.0
3043,Wainui Beach Wainui Beach,2016-12-28 14:00:00,Akaroa,0.0,0.0,0.0,0.0,0.0,0.0,incoming,deep,stony,3,grass,1,0,0,0.0,0.0,2.830246621,4.379561931,4.498043868,-1.6,2.2,127.8888055,126.8689041,128.0542999,321,-43.812906,172.907887,12,52,2,0,14,1,Onshore,Onshore,Onshore,5.0,0.0
3044,Wainui Beach Wainui Beach,2017-01-05 08:00:00,Akaroa,0.6,0.8,1.0,13.0,16.8,16.8,incoming,deep,stony,3,grass,1,0,0,3.8,14.0,14.3024267,13.78462137,11.35859599,-1.0,2.4,224.9879609,227.525886,229.2444327,321,-43.812906,172.907887,1,1,3,0,8,1,Alongshore,Alongshore,Alongshore,6.0,0.0
3045,Wainui Beach Wainui Beach,2017-01-10 15:00:00,Akaroa,0.0,0.0,0.0,0.0,0.0,4.6,ebbing,deep,stony,3,grass,1,0,0,0.0,0.0,1.544300791,0.246637755,3.827579043,0.7,2.6,58.68980108,10.35817272,210.324432,321,-43.812906,172.907887,1,2,1,0,15,0,Alongshore,Alongshore,Alongshore,7.0,0.0
3046,Wainui Beach Wainui Beach,2017-01-17 07:00:00,Akaroa,0.0,0.0,0.0,0.0,0.0,0.0,incoming,deep,stony,3,grass,1,0,0,0.0,0.0,2.931230512,2.566570785,1.849238091,-0.1,2.6,78.91169315,68.79105299,39.76156541,321,-43.812906,172.907887,1,3,1,0,7,0,Alongshore,Alongshore,Alongshore,7.0,0.0
3047,Wainui Beach Wainui Beach,2017-01-23 14:00:00,Akaroa,0.0,0.0,2.0,39.2,64.0,64.0,ebbing,deep,stony,3,grass,1,0,0,7.6,30.0,13.91615568,10.9913736,8.33866041,1.1,2.1,226.7369482,229.9604675,232.4530931,321,-43.812906,172.907887,1,4,0,0,14,0,Alongshore,Alongshore,Alongshore,7.0,0.0
3048,Wainui Beach Wainui Beach,2017-01-31 07:00:00,Akaroa,0.0,0.0,0.0,0.0,0.0,0.0,ebbing,deep,stony,3,grass,1,0,0,0.0,0.0,2.00271578,3.129022141,3.067596091,0.9,2.5,113.4773866,112.0110919,96.86026864,321,-43.812906,172.907887,1,5,1,0,7,1,Onshore,Onshore,Onshore,10.0,0.0
3049,Wainui Beach Wainui Beach,2017-02-08 15:00:00,Akaroa,0.0,0.0,0.6,0.6,1.6,1.6,ebbing,deep,stony,3,grass,1,0,0,0.8,3.0,4.122009239,5.605472595,5.823916282,1.5,2.6,222.7782265,224.0406214,212.3140158,321,-43.812906,172.907887,2,6,2,0,15,1,Alongshore,Alongshore,Alongshore,9.0,0.0
3050,Wainui Beach Wainui Beach,2017-02-14 18:00:00,Akaroa,0.0,0.0,0.0,0.0,0.0,0.0,incoming,deep,stony,3,grass,1,0,0,0.0,0.0,4.365428692,2.377802075,3.431427102,-1.1,2.5,10.87682865,301.830255,268.4976574,321,-43.812906,172.907887,2,7,1,0,18,0,Alongshore,Offshore,Alongshore,8.0,0.0
3051,Wainui Beach Wainui Beach,2017-02-21 15:00:00,Akaroa,0.0,0.0,0.0,0.0,0.0,2.0,ebbing,deep,stony,3,grass,1,0,0,0.0,0.0,2.003261837,3.841868373,5.159895252,3.3,2.1,348.5614251,334.3411244,347.8708955,321,-43.812906,172.907887,2,8,1,0,15,0,Offshore,Offshore,Offshore,8.0,0.0
3052,Wainui Beach Wainui Beach,2017-03-06 10:00:00,Akaroa,0.0,0.0,0.0,0.0,0.0,0.0,incoming,deep,stony,3,grass,1,0,0,0.0,0.0,0.607142303,0.367977097,0.753197368,-0.7,2.5,312.0841137,199.3980971,110.0325199,321,-43.812906,172.907887,3,10,0,0,10,0,Offshore,Alongshore,Onshore,8.0,0.0
3053,Wainui Beach Wainui Beach,2017-11-14 12:00:00,Akaroa,0.0,0.0,0.0,0.0,0.0,1.2,incoming,deep,stony,3,grass,1,0,0,0.0,0.0,1.112929236,2.528025201,3.891935668,-0.5,2.5,280.5130034,288.1212052,291.7150236,321,-43.812906,172.907887,11,46,1,0,12,0,Offshore,Offshore,Offshore,,0.0
3054,Wainui Beach Wainui Beach,2017-11-29 13:00:00,Akaroa,0.0,0.0,0.0,0.0,0.0,0.0,ebbing,deep,stony,3,grass,1,0,0,0.0,0.0,0.45330361,2.120940467,2.790824035,1.4,2.3,281.5214328,290.0988289,305.5664955,321,-43.812906,172.907887,11,48,2,0,13,0,Offshore,Offshore,Offshore,5.0,0.0
3055,Wainui Beach Wainui Beach,2017-12-06 06:00:00,Akaroa,0.0,0.0,0.0,0.0,0.0,0.0,ebbing,deep,stony,3,grass,1,0,0,0.0,0.0,0.815216304,0.618055559,0.688777311,0.7,2.8,144.4464978,146.3088289,217.4168954,321,-43.812906,172.907887,12,49,2,0,6,0,Onshore,Onshore,Alongshore,5.0,0.0
3056,Wainui Beach Wainui Beach,2017-12-13 13:00:00,Akaroa,0.0,0.0,0.0,0.0,1.0,1.0,ebbing,deep,stony,3,grass,1,0,0,0.6,2.0,2.831640087,4.004365714,4.997982459,1.1,2.5,84.48015875,77.52733935,69.52193554,321,-43.812906,172.907887,12,50,2,0,13,0,Alongshore,Alongshore,Alongshore,6.666666666666667,0.0
3057,Wainui Beach Wainui Beach,2017-12-21 06:00:00,Akaroa,0.0,0.0,0.0,0.0,0.0,0.0,ebbing,deep,stony,3,grass,1,0,0,0.0,0.0,0.89442931,1.406076366,1.319008903,0.3,2.3,104.8044111,102.2174217,99.3617916,321,-43.812906,172.907887,12,51,3,0,6,1,Onshore,Onshore,Onshore,6.25,0.0
3058,Wainui Beach Wainui Beach,2017-12-27 08:00:00,Akaroa,0.0,0.2,0.4,1.2,7.8,7.8,incoming,deep,stony,3,grass,1,0,0,2.2,10.0,3.800213748,4.558350192,5.048435915,-3.0,2.3,202.1650646,198.5522932,195.9041632,321,-43.812906,172.907887,12,52,2,0,8,1,Alongshore,Alongshore,Alongshore,7.0,0.0
3059,Wainui Beach Wainui Beach,2018-01-10 11:00:00,Akaroa,1.6,3.2,3.2,3.2,3.2,3.4,ebbing,deep,stony,3,grass,1,0,0,1.0,5.0,1.564265927,3.091570821,4.50371225,0.6,2.4,216.7936373,208.1582121,194.0277073,321,-43.812906,172.907887,1,2,2,0,11,0,Alongshore,Alongshore,Alongshore,7.0,0.0
3060,Wainui Beach Wainui Beach,2018-01-15 14:00:00,Akaroa,0.0,0.0,0.0,0.0,0.0,0.0,incoming,deep,stony,3,grass,1,0,0,0.0,0.0,2.305799993,5.312421247,6.5671267,-0.8,2.2,356.3119189,348.8271854,352.2614072,321,-43.812906,172.907887,1,3,0,0,14,0,Offshore,Offshore,Offshore,7.0,0.0
3061,Wainui Beach Wainui Beach,2018-01-24 08:00:00,Akaroa,0.0,0.0,0.0,0.0,0.0,0.0,incoming,deep,stony,3,grass,1,0,0,0.0,0.0,0.702127657,0.58456602,0.142109722,-1.0,2.3,17.47571495,67.49167654,96.72338054,321,-43.812906,172.907887,1,4,2,0,8,0,Alongshore,Alongshore,Onshore,6.0,0.0
3062,Wainui Beach Wainui Beach,2018-01-29 14:00:00,Akaroa,0.0,0.0,0.0,0.0,0.0,0.0,incoming,deep,stony,3,grass,1,0,0,0.0,0.0,2.60686097,5.147293441,5.724482977,0.0,2.5,355.4863231,351.7175504,1.448258301,321,-43.812906,172.907887,1,5,0,0,14,0,Offshore,Offshore,Offshore,6.0,0.0
3063,Wainui Beach Wainui Beach,2018-02-09 11:00:00,Akaroa,0.0,0.0,0.0,0.0,0.0,0.0,incoming,deep,stony,3,grass,1,0,0,0.0,0.0,2.396408976,2.593471637,4.030397501,0.0,2.3,15.99154999,35.73319077,52.81246035,321,-43.812906,172.907887,2,6,4,0,11,1,Alongshore,Alongshore,Alongshore,6.0,0.0
3064,Wainui Beach Wainui Beach,2018-02-14 14:00:00,Akaroa,0.0,0.0,0.0,0.0,0.0,0.2,incoming,deep,stony,3,grass,1,0,0,0.0,0.0,1.088526526,3.603313395,4.803335976,-0.8,2.2,260.8717611,264.846688,257.8217597,321,-43.812906,172.907887,2,7,2,0,14,0,Alongshore,Alongshore,Alongshore,7.0,0.0
3065,Wainui Beach Wainui Beach,2018-02-23 09:00:00,Akaroa,0.0,0.0,0.0,0.4,18.6,178.6,incoming,deep,stony,3,grass,1,0,0,3.8,16.0,0.59218518,0.869419617,0.929180844,-1.0,2.4,221.1109854,207.7371145,189.8055748,321,-43.812906,172.907887,2,8,4,0,9,0,Alongshore,Alongshore,Alongshore,7.0,0.0
3066,Wainui Beach Wainui Beach,2018-03-09 10:00:00,Akaroa,1.2,1.2,1.2,1.2,1.2,4.8,incoming,deep,stony,3,grass,1,0,0,1.2,1.0,2.027645115,3.051447946,4.940011019,0.0,2.3,174.5097659,172.6649549,173.161909,321,-43.812906,172.907887,3,10,4,0,10,0,Onshore,Onshore,Onshore,8.0,0.0
3067,Wainui Beach Wainui Beach,2018-03-21 07:00:00,Akaroa,0.0,0.0,0.0,0.0,0.0,0.0,ebbing,deep,stony,3,grass,1,0,0,0.0,0.0,0.621657987,0.33821037,1.1679337,0.1,2.5,194.7556288,159.9170304,98.33760393,321,-43.812906,172.907887,3,12,2,0,7,0,Alongshore,Onshore,Onshore,17.4,0.0
3068,Wainui Beach Wainui Beach,2018-11-14 08:00:00,Akaroa,0.0,0.0,0.0,0.0,0.0,0.0,incoming,deep,stony,3,grass,1,0,0,0.0,0.0,0.415445476,0.812409301,0.321979744,-0.5,2.3,151.9512201,102.121976,100.0557177,321,-43.812906,172.907887,11,46,2,0,8,0,Onshore,Onshore,Onshore,,0.0
3069,Wainui Beach Wainui Beach,2018-11-19 13:00:00,Akaroa,0.0,0.0,0.4,27.6,28.0,28.6,ebbing,deep,stony,3,grass,1,0,0,11.4,11.0,1.795845247,3.613995571,6.62996602,0.6,2.2,232.1186806,245.2177008,223.7414554,321,-43.812906,172.907887,11,47,0,0,13,0,Alongshore,Alongshore,Alongshore,5.0,0.0
3070,Wainui Beach Wainui Beach,2018-11-29 08:00:00,Akaroa,0.0,0.0,0.0,0.2,21.6,24.8,incoming,deep,stony,3,grass,1,0,0,4.0,20.0,1.140459775,0.948937891,1.041883583,-0.3,2.7,40.47138597,62.11188172,74.24889454,321,-43.812906,172.907887,11,48,3,0,8,0,Alongshore,Alongshore,Alongshore,34.0,0.0
3071,Wainui Beach Wainui Beach,2018-12-03 14:00:00,Akaroa,0.6,1.4,2.4,3.2,5.2,5.8,ebbing,deep,stony,3,grass,1,0,0,0.6,21.0,4.977896711,5.582105214,6.329219415,1.1,2.6,51.33673791,45.61745473,40.53046783,321,-43.812906,172.907887,12,49,0,0,14,0,Alongshore,Alongshore,Alongshore,24.333333333333332,0.0
3072,Wainui Beach Wainui Beach,2018-12-11 07:00:00,Akaroa,0.0,0.0,0.0,0.0,0.0,0.0,ebbing,deep,stony,3,grass,1,0,0,0.0,0.0,1.612240788,1.568345127,1.954303515,0.2,2.4,51.02376665,61.2037814,54.06901016,321,-43.812906,172.907887,12,50,1,0,7,0,Alongshore,Alongshore,Alongshore,19.5,0.0
3073,Wainui Beach Wainui Beach,2018-12-17 12:00:00,Akaroa,0.0,0.0,0.0,0.0,0.0,0.0,ebbing,deep,stony,3,grass,1,0,0,0.0,0.0,1.143772005,2.107315054,3.513178893,1.2,2.1,310.4070689,306.7873153,335.1265669,321,-43.812906,172.907887,12,51,0,0,12,0,Offshore,Offshore,Offshore,23.6,0.0
3074,Wainui Beach Wainui Beach,2018-12-28 08:00:00,Akaroa,0.0,0.0,0.0,0.0,0.0,0.0,incoming,deep,stony,3,grass,1,0,0,0.0,0.0,1.292881034,1.816027969,2.693682897,-0.3,2.7,57.75282061,68.0314927,84.7886031,321,-43.812906,172.907887,12,52,4,0,8,1,Alongshore,Alongshore,Alongshore,23.6,0.0
3075,Wainui Beach Wainui Beach,2019-01-09 07:00:00,Akaroa,0.0,0.0,0.0,0.0,0.0,5.4,ebbing,deep,stony,3,grass,1,0,0,0.0,0.0,3.325904594,4.296182873,4.996173907,0.6,2.3,40.78021402,44.3756563,46.41772352,321,-43.812906,172.907887,1,2,2,0,7,0,Alongshore,Alongshore,Alongshore,12.0,0.0
3076,Wainui Beach Wainui Beach,2019-01-11 10:00:00,Akaroa,0.0,0.0,0.0,0.0,0.0,0.0,ebbing,deep,stony,3,grass,1,0,0,0.0,0.0,1.734429832,2.688258102,4.474247986,2.9,2.2,167.558507,172.9806893,164.6435113,321,-43.812906,172.907887,1,2,4,0,10,0,Onshore,Onshore,Onshore,66.0,0.0
3077,Wainui Beach Wainui Beach,2019-01-14 10:00:00,Akaroa,25.0,31.6,31.8,32.0,32.0,32.0,incoming,deep,stony,3,grass,1,0,0,14.6,8.0,8.841797238,8.867931283,8.398752826,-0.1,2.2,217.0131366,223.1877554,225.5623187,321,-43.812906,172.907887,1,3,0,0,10,0,Alongshore,Alongshore,Alongshore,66.0,0.0
3078,Wainui Beach Wainui Beach,2019-01-16 10:00:00,Akaroa,0.0,0.0,0.0,0.0,1.6,33.6,incoming,deep,stony,3,grass,1,0,0,1.6,1.0,0.720751639,1.415026276,2.432497369,-1.2,2.2,338.6750222,331.0569723,355.5157854,321,-43.812906,172.907887,1,3,2,0,10,0,Offshore,Offshore,Offshore,2058.0,0.09090909090909091
3079,Wainui Beach Wainui Beach,2019-01-25 07:00:00,Akaroa,0.0,0.0,0.0,0.0,9.4,9.6,incoming,deep,stony,3,grass,1,0,0,3.8,4.0,1.422488561,1.062892831,0.798024593,0.0,2.8,93.66890844,106.5861584,85.73899136,321,-43.812906,172.907887,1,4,4,0,7,0,Alongshore,Onshore,Alongshore,2058.0,0.08333333333333333
3080,Wainui Beach Wainui Beach,2019-01-30 10:00:00,Akaroa,0.0,0.0,0.0,0.0,0.0,0.0,incoming,deep,stony,3,grass,1,0,0,0.0,0.0,0.41476583,0.390438594,1.59323785,-1.8,2.4,319.5277829,344.9616438,157.0585513,321,-43.812906,172.907887,1,5,2,0,10,0,Offshore,Offshore,Onshore,2059.0,0.07692307692307693
3081,Wainui Beach Wainui Beach,2019-02-08 06:00:00,Akaroa,0.0,0.0,0.0,0.0,0.0,0.0,ebbing,deep,stony,3,grass,1,0,0,0.0,0.0,3.470915243,3.190757291,3.090249766,0.2,2.3,40.00152669,41.89341576,45.88195687,321,-43.812906,172.907887,2,6,4,0,6,1,Alongshore,Alongshore,Alongshore,2014.4,0.07142857142857142
3082,Wainui Beach Wainui Beach,2019-02-13 09:00:00,Akaroa,0.0,0.0,0.0,0.0,0.0,0.0,incoming,deep,stony,3,grass,1,0,0,0.0,0.0,0.492612213,0.286806065,1.202229346,-0.7,2.2,285.0141041,314.9091909,18.49819096,321,-43.812906,172.907887,2,7,2,0,9,0,Offshore,Offshore,Alongshore,2014.4,0.06666666666666667
3083,Wainui Beach Wainui Beach,2019-02-18 13:00:00,Akaroa,0.0,0.0,0.0,0.0,0.0,0.8,incoming,deep,stony,3,grass,1,0,0,0.0,0.0,0.607935843,2.209091315,3.424968629,-1.3,2.6,297.2020754,290.7174213,265.8056392,321,-43.812906,172.907887,2,8,0,0,13,0,Offshore,Offshore,Alongshore,16.4,0.0625
3084,Wainui Beach Wainui Beach,2019-02-25 09:00:00,Akaroa,0.2,0.2,2.0,22.2,22.2,22.2,ebbing,deep,stony,3,grass,1,0,0,6.8,12.0,4.581247236,4.217029405,4.141152021,0.3,2.6,176.9266242,177.9660224,176.6897349,321,-43.812906,172.907887,2,9,0,0,9,0,Onshore,Onshore,Onshore,16.4,0.058823529411764705
3085,Wainui Beach Wainui Beach,2019-02-27 09:00:00,Akaroa,0.0,0.0,0.0,0.0,0.0,22.2,incoming,deep,stony,3,grass,1,0,0,0.0,0.0,0.755284409,1.299281879,2.684243001,-1.0,2.4,351.7181596,7.391866186,58.26781769,321,-43.812906,172.907887,2,9,2,0,9,0,Offshore,Alongshore,Alongshore,105.8,0.1111111111111111
3086,Wainui Beach Wainui Beach,2019-11-18 07:00:00,Akaroa,0.0,0.0,0.0,0.0,0.0,0.0,incoming,deep,stony,3,grass,1,0,0,0.0,0.0,2.206187102,2.675901811,1.960913043,-1.1,2.5,358.1549022,11.8213347,44.67485445,321,-43.812906,172.907887,11,47,0,0,7,0,Offshore,Alongshore,Alongshore,,0.0
3087,Wainui Beach Wainui Beach,2019-12-05 09:00:00,Akaroa,0.0,0.0,0.0,0.0,0.0,0.0,incoming,deep,stony,3,grass,1,0,0,0.0,0.0,2.245702946,0.569207837,1.561464055,-2.0,2.2,357.2134381,102.0279121,354.0457161,321,-43.812906,172.907887,12,49,3,0,9,0,Offshore,Onshore,Offshore,5.0,0.0
3088,Wainui Beach Wainui Beach,2019-12-11 12:00:00,Akaroa,0.0,0.0,0.0,0.0,0.0,1.6,incoming,deep,stony,3,grass,1,0,0,0.0,0.0,0.244741433,1.848978833,3.122135103,-3.0,2.3,291.9223128,288.3705652,297.4438192,321,-43.812906,172.907887,12,50,2,0,12,0,Offshore,Offshore,Offshore,5.0,0.0
3089,Wainui Beach Wainui Beach,2019-12-18 11:00:00,Akaroa,0.2,5.2,26.2,39.8,46.4,46.4,ebbing,deep,stony,3,grass,1,0,0,5.2,24.0,10.9838788,11.98493846,13.81085952,2.9,2.6,227.4011866,222.3364621,223.5087151,321,-43.812906,172.907887,12,51,2,0,11,0,Alongshore,Alongshore,Alongshore,5.0,0.0
3090,Wainui Beach Wainui Beach,2019-12-20 11:00:00,Akaroa,0.0,0.0,0.0,0.0,0.0,39.8,ebbing,deep,stony,3,grass,1,0,0,0.0,0.0,8.394805749,9.826688897,10.53507594,0.7,2.6,250.5207501,281.2521988,306.1645732,321,-43.812906,172.907887,12,51,4,0,11,1,Alongshore,Offshore,Offshore,171.25,0.2
3091,Wainui Beach Wainui Beach,2020-01-03 08:00:00,Akaroa,0.0,0.0,0.0,0.0,0.0,0.0,incoming,deep,stony,3,grass,1,0,0,0.0,0.0,0.531217053,0.533132096,1.141224889,-1.6,2.1,197.6582513,174.8321343,99.35510756,321,-43.812906,172.907887,1,1,4,0,8,1,Alongshore,Onshore,Onshore,138.0,0.16666666666666666
3092,Wainui Beach Wainui Beach,2020-01-08 15:00:00,Akaroa,0.0,0.0,0.0,0.0,2.0,2.0,ebbing,deep,stony,3,grass,1,0,0,0.8,4.0,2.586435454,3.644283223,4.123699319,0.8,2.2,262.3320346,262.0456145,248.7473323,321,-43.812906,172.907887,1,2,2,0,15,0,Alongshore,Alongshore,Alongshore,139.0,0.14285714285714285
3093,Wainui Beach Wainui Beach,2020-01-16 11:00:00,Akaroa,0.0,0.0,0.0,0.0,0.0,0.0,ebbing,deep,stony,3,grass,1,0,0,0.0,0.0,0.659791083,1.914988273,3.602703892,2.5,2.6,28.74672756,21.70345809,21.77672862,321,-43.812906,172.907887,1,3,3,0,11,0,Alongshore,Alongshore,Alongshore,139.0,0.125
3094,Wainui Beach Wainui Beach,2020-01-22 11:00:00,Akaroa,0.0,0.0,0.0,0.0,0.0,0.0,incoming,deep,stony,3,grass,1,0,0,0.0,0.0,1.615567282,2.094821639,2.968619091,-2.9,2.5,303.7274201,330.6835883,6.496819037,321,-43.812906,172.907887,1,4,2,0,11,0,Offshore,Offshore,Alongshore,139.0,0.1111111111111111
3095,Wainui Beach Wainui Beach,2020-01-30 08:00:00,Akaroa,0.0,0.0,0.0,0.0,0.0,0.0,incoming,deep,stony,3,grass,1,0,0,0.0,0.0,3.573835326,1.802368441,0.802019332,0.0,2.2,126.4727176,202.2168067,227.3939148,321,-43.812906,172.907887,1,5,3,0,8,0,Onshore,Alongshore,Alongshore,6.0,0.1
3096,Wainui Beach Wainui Beach,2020-02-04 11:00:00,Akaroa,0.0,0.0,0.0,0.0,0.0,0.2,incoming,deep,stony,3,grass,1,0,0,0.0,0.0,4.982132458,6.862276937,8.521532837,-0.8,2.1,17.84815565,14.61753085,16.44142114,321,-43.812906,172.907887,2,6,1,0,11,1,Alongshore,Alongshore,Alongshore,9.0,0.09090909090909091
3097,Wainui Beach Wainui Beach,2020-02-12 06:00:00,Akaroa,0.0,0.0,0.0,0.0,0.0,0.0,ebbing,deep,stony,3,grass,1,0,0,0.0,0.0,1.487039097,0.835401787,1.367682796,0.2,2.7,68.86599588,110.7352427,224.4940292,321,-43.812906,172.907887,2,7,2,0,6,0,Alongshore,Onshore,Alongshore,15.2,0.08333333333333333
3098,Wainui Beach Wainui Beach,2020-02-20 10:00:00,Akaroa,0.0,0.0,0.0,0.0,0.0,0.0,incoming,deep,stony,3,grass,1,0,0,0.0,0.0,0.745629666,0.52623791,1.467099775,-3.1,2.4,32.31502254,103.5331155,137.9912223,321,-43.812906,172.907887,2,8,3,0,10,0,Alongshore,Onshore,Onshore,16.2,0.07692307692307693
3099,Wainui Beach Wainui Beach,2020-02-28 10:00:00,Akaroa,0.0,0.0,0.0,0.0,0.0,0.0,ebbing,deep,stony,3,grass,1,0,0,0.0,0.0,1.471493221,1.494895975,3.331888545,3.1,2.2,13.95133938,40.99851454,68.47167349,321,-43.812906,172.907887,2,9,4,0,10,0,Alongshore,Alongshore,Alongshore,16.2,0.07142857142857142
3100,Wainui Beach Wainui Beach,2020-03-04 10:00:00,Akaroa,0.0,0.8,1.2,1.8,1.8,1.8,incoming,deep,stony,3,grass,1,0,0,0.4,6.0,5.148842817,4.87896778,4.472856906,-1.2,2.1,199.2023421,198.9215794,204.5626098,321,-43.812906,172.907887,3,10,2,0,10,0,Alongshore,Alongshore,Alongshore,16.2,0.06666666666666667
3101,Wainui Beach Wainui Beach,2020-03-17 10:00:00,Akaroa,0.0,0.0,0.0,0.0,0.0,0.0,incoming,deep,stony,3,grass,1,0,0,0.0,0.0,4.626523585,4.174710389,4.299703523,-0.9,2.5,208.2137234,199.5979819,203.8379119,321,-43.812906,172.907887,3,12,1,0,10,0,Alongshore,Alongshore,Alongshore,16.2,0.0625
3102,Wainui Beach Wainui Beach,2020-11-10 10:00:00,Akaroa,0.0,0.0,0.0,0.0,6.0,73.8,incoming,deep,stony,3,grass,1,0,0,4.0,4.0,0.810759572,0.824995158,1.509663662,-0.9,2.4,357.5622078,6.936499884,77.6909649,321,-43.812906,172.907887,11,46,1,0,10,0,Offshore,Alongshore,Alongshore,,0.0
3103,Wainui Beach Wainui Beach,2020-11-23 10:00:00,Akaroa,0.0,0.0,0.0,0.2,13.6,13.6,incoming,deep,stony,3,grass,1,0,0,4.4,9.0,1.678238367,0.891189982,2.148107816,-0.9,2.4,268.5851964,275.1130692,222.097877,321,-43.812906,172.907887,11,48,0,0,10,0,Alongshore,Alongshore,Alongshore,41.0,0.0
3104,Wainui Beach Wainui Beach,2020-12-03 06:00:00,Akaroa,0.0,0.0,0.0,0.0,0.0,4.4,ebbing,deep,stony,3,grass,1,0,0,0.0,0.0,1.556743598,1.757632019,3.086922861,0.1,2.4,223.8689542,268.1041866,340.6530266,321,-43.812906,172.907887,12,49,3,0,6,0,Alongshore,Alongshore,Offshore,30.5,0.0
3105,Wainui Beach Wainui Beach,2020-12-10 13:00:00,Akaroa,0.0,0.0,0.0,0.0,0.0,0.0,ebbing,deep,stony,3,grass,1,0,0,0.0,0.0,1.831339251,4.197913693,5.375652456,0.9,2.5,245.1278717,251.8676095,240.9077566,321,-43.812906,172.907887,12,50,3,0,13,0,Alongshore,Alongshore,Alongshore,22.0,0.0
3106,Wainui Beach Wainui Beach,2020-12-17 06:00:00,Akaroa,0.0,0.0,0.0,0.0,0.0,0.0,incoming,deep,stony,3,grass,1,0,0,0.0,0.0,1.426821715,0.936715171,0.348914842,0.0,2.8,124.08674,83.41928493,55.66542415,321,-43.812906,172.907887,12,51,3,0,6,0,Onshore,Alongshore,Alongshore,17.75,0.0
3107,Wainui Beach Wainui Beach,2020-12-22 10:00:00,Akaroa,1.2,3.8,3.8,5.6,11.4,11.4,incoming,deep,stony,3,grass,1,0,0,2.4,15.0,1.390579861,1.410879675,1.264048312,-0.1,2.3,107.1042309,111.2040926,75.84735265,321,-43.812906,172.907887,12,52,1,0,10,1,Onshore,Onshore,Alongshore,15.2,0.0
3108,Wainui Beach Wainui Beach,2020-12-29 14:00:00,Akaroa,0.0,0.0,0.0,0.0,0.0,22.8,incoming,deep,stony,3,grass,1,0,0,0.0,0.0,1.056072332,2.928206286,3.718215024,-1.0,2.2,0.404392966,323.0410815,320.3949029,321,-43.812906,172.907887,12,53,1,0,14,1,Offshore,Offshore,Offshore,9.0,0.0
3109,Wainui Beach Wainui Beach,2021-01-11 11:00:00,Akaroa,0.0,0.0,0.0,0.0,1.6,2.6,incoming,deep,stony,3,grass,1,0,0,0.8,4.0,3.621140496,3.812354295,4.79337627,-3.2,2.6,249.4246489,239.5516863,221.5686923,321,-43.812906,172.907887,1,2,0,0,11,0,Alongshore,Alongshore,Alongshore,6.0,0.0
3110,Wainui Beach Wainui Beach,2021-01-19 08:00:00,Akaroa,0.0,0.0,0.0,0.0,2.6,2.6,incoming,deep,stony,3,grass,1,0,0,1.8,2.0,3.195027099,3.976525641,5.389365304,-0.3,2.3,19.79387648,31.41748536,34.02567323,321,-43.812906,172.907887,1,3,1,0,8,0,Alongshore,Alongshore,Alongshore,7.0,0.0
3111,Wainui Beach Wainui Beach,2021-01-26 11:00:00,Akaroa,0.0,0.0,0.0,0.0,0.0,0.0,incoming,deep,stony,3,grass,1,0,0,0.0,0.0,0.992903029,0.775154253,2.061384736,-3.4,2.1,317.3599882,358.532742,46.39045479,321,-43.812906,172.907887,1,4,1,0,11,0,Offshore,Offshore,Alongshore,7.0,0.0
3112,Wainui Beach Wainui Beach,2021-02-03 11:00:00,Akaroa,0.0,0.0,0.0,0.0,0.0,0.0,ebbing,deep,stony,3,grass,1,0,0,0.0,0.0,1.060210265,1.318262249,3.251297118,2.6,2.5,286.6468455,286.8794625,16.2133644,321,-43.812906,172.907887,2,5,2,0,11,1,Offshore,Offshore,Alongshore,7.0,0.0
3113,Wainui Beach Wainui Beach,2021-02-09 14:00:00,Akaroa,0.0,0.0,0.0,0.0,0.0,0.0,ebbing,deep,stony,3,grass,1,0,0,0.0,0.0,3.553464651,5.548429501,3.922109914,0.3,2.5,6.787904058,7.23903446,23.5119248,321,-43.812906,172.907887,2,6,1,0,14,1,Alongshore,Alongshore,Alongshore,6.0,0.0
3114,Wainui Beach Wainui Beach,2021-02-17 09:00:00,Akaroa,0.0,0.0,0.0,0.0,5.2,5.2,ebbing,deep,stony,3,grass,1,0,0,1.4,8.0,0.563427294,0.554791162,0.474403148,0.4,2.3,246.8245431,188.3731484,139.9281775,321,-43.812906,172.907887,2,7,2,0,9,0,Alongshore,Alongshore,Onshore,7.0,0.0
3115,Wainui Beach Wainui Beach,2021-02-23 15:00:00,Akaroa,0.0,0.0,0.0,0.0,0.0,0.0,ebbing,deep,stony,3,grass,1,0,0,0.0,0.0,5.904556052,8.329444701,7.959332785,2.7,2.1,7.004899394,8.880638164,4.815450951,321,-43.812906,172.907887,2,8,1,0,15,0,Alongshore,Alongshore,Offshore,7.0,0.0
3116,Wainui Beach Wainui Beach,2021-03-04 10:00:00,Akaroa,0.0,0.0,0.0,0.0,0.0,0.0,ebbing,deep,stony,3,grass,1,0,0,0.0,0.0,1.710150765,0.95177477,1.738715194,2.7,2.6,359.9325715,55.40957465,71.54784461,321,-43.812906,172.907887,3,9,3,0,10,0,Offshore,Alongshore,Alongshore,7.0,0.0
3117,Wainui Beach Wainui Beach,2021-11-26 08:00:00,Akaroa,0.0,0.0,0.0,0.0,0.0,0.2,incoming,deep,stony,3,grass,1,0,0,0.0,0.0,1.983703494,1.66929402,1.331493551,-0.9,2.2,185.6739748,111.9682385,91.46300615,321,-43.812906,172.907887,11,47,4,0,8,0,Onshore,Onshore,Alongshore,,0.0
3118,Wainui Beach Wainui Beach,2021-12-02 15:00:00,Akaroa,0.0,0.0,0.0,0.0,0.0,0.0,ebbing,deep,stony,3,grass,1,0,0,0.0,0.0,5.03709749,5.747530765,5.998569397,0.8,2.5,35.36663305,34.97974131,37.87081399,321,-43.812906,172.907887,12,48,3,0,15,0,Alongshore,Alongshore,Alongshore,5.0,0.0
3119,Wainui Beach Wainui Beach,2021-12-09 07:00:00,Akaroa,0.0,0.0,0.0,0.0,1.2,5.4,incoming,deep,stony,3,grass,1,0,0,0.6,3.0,0.898018395,0.869350612,0.460147115,-0.6,2.7,151.4804947,142.0678169,115.4580515,321,-43.812906,172.907887,12,49,3,0,7,0,Onshore,Onshore,Onshore,5.0,0.0
3120,Wainui Beach Wainui Beach,2021-12-15 14:00:00,Akaroa,8.4,14.6,18.0,18.0,18.0,18.0,ebbing,deep,stony,3,grass,1,0,0,3.4,10.0,2.073889058,1.912762075,3.036255364,0.6,2.3,327.4139366,82.97900687,95.36857396,321,-43.812906,172.907887,12,50,2,0,14,0,Offshore,Alongshore,Alongshore,5.0,0.0
3121,Wainui Beach Wainui Beach,2021-12-23 06:00:00,Akaroa,0.0,0.0,0.0,0.0,0.0,0.0,incoming,deep,stony,3,grass,1,0,0,0.0,0.0,2.211389879,3.562706907,6.110113136,-0.2,2.3,109.7066151,111.1763167,40.94383533,321,-43.812906,172.907887,12,51,3,0,6,1,Onshore,Onshore,Alongshore,8.75,0.0
3122,Wainui Beach Wainui Beach,2021-12-30 11:00:00,Akaroa,0.0,0.0,0.0,0.0,1.8,8.4,incoming,deep,stony,3,grass,1,0,0,0.8,6.0,0.898316367,0.974245886,2.365112441,-1.5,2.4,296.0315688,301.6569719,25.34585135,321,-43.812906,172.907887,12,52,3,0,11,1,Offshore,Offshore,Alongshore,15.2,0.0
3123,Wainui Beach Wainui Beach,2022-01-07 06:00:00,Akaroa,0.0,0.0,0.0,0.4,0.4,0.4,incoming,deep,stony,3,grass,1,0,0,0.2,2.0,5.098602943,5.87083757,6.194105614,-1.0,2.7,206.419697,203.7848899,200.2790348,321,-43.812906,172.907887,1,1,4,0,6,0,Alongshore,Alongshore,Alongshore,15.2,0.0
3124,Wainui Beach Wainui Beach,2022-01-10 12:00:00,Akaroa,0.0,0.0,0.0,0.0,0.0,0.0,ebbing,deep,stony,3,grass,1,0,0,0.0,0.0,0.436268519,2.116190362,3.897597846,1.8,2.4,301.7261186,313.8949912,312.777867,321,-43.812906,172.907887,1,2,0,0,12,0,Offshore,Offshore,Offshore,64.2,0.0
3125,Wainui Beach Wainui Beach,2022-01-12 10:00:00,Akaroa,0.0,0.0,0.0,0.0,0.0,0.0,incoming,deep,stony,3,grass,1,0,0,0.0,0.0,1.422385437,1.856148662,3.0654188,-1.6,2.2,151.9880631,159.3456027,144.0147246,321,-43.812906,172.907887,1,2,2,0,10,0,Onshore,Onshore,Onshore,69.2,0.0
3126,Wainui Beach Wainui Beach,2022-01-20 05:00:00,Akaroa,2.0,6.0,10.6,10.6,10.6,10.6,incoming,deep,stony,3,grass,1,0,0,2.0,10.0,5.270866498,5.027083773,4.475859113,-0.5,2.4,196.8002211,206.6360026,212.460017,321,-43.812906,172.907887,1,3,3,0,5,0,Alongshore,Alongshore,Alongshore,69.2,0.0
3127,Wainui Beach Wainui Beach,2022-01-24 10:00:00,Akaroa,0.0,0.0,0.0,0.0,0.4,0.4,ebbing,deep,stony,3,grass,1,0,0,0.2,2.0,0.465843904,0.994976527,2.464968298,1.6,2.4,8.636843492,18.1625076,47.43434009,321,-43.812906,172.907887,1,4,0,0,10,0,Alongshore,Alongshore,Alongshore,97.6,0.0
3128,Wainui Beach Wainui Beach,2022-01-26 09:00:00,Akaroa,0.0,0.0,0.0,0.0,0.0,0.0,incoming,deep,stony,3,grass,1,0,0,0.0,0.0,0.203089974,1.006199851,1.568964685,-1.4,2.4,253.977865,258.4849418,274.6396104,321,-43.812906,172.907887,1,4,2,0,9,0,Alongshore,Alongshore,Alongshore,98.6,0.0
3129,Wainui Beach Wainui Beach,2022-02-01 14:00:00,Akaroa,0.0,0.0,0.0,0.0,0.0,0.0,incoming,deep,stony,3,grass,1,0,0,0.0,0.0,3.382354166,4.629883239,5.966875518,-1.6,2.6,357.1000342,4.759584536,12.62151759,321,-43.812906,172.907887,2,5,1,0,14,1,Offshore,Offshore,Alongshore,50.6,0.0
3130,Wainui Beach Wainui Beach,2022-02-10 10:00:00,Akaroa,1.4,1.8,11.8,17.4,17.4,17.4,incoming,deep,stony,3,grass,1,0,0,3.0,14.0,2.722688908,1.819980813,0.59649006,-1.3,2.2,237.5640416,37.17865413,20.13070813,321,-43.812906,172.907887,2,6,3,0,10,0,Alongshore,Alongshore,Alongshore,45.6,0.0
3131,Wainui Beach Wainui Beach,2022-02-15 16:00:00,Akaroa,0.0,0.0,0.0,0.0,3.0,64.4,ebbing,deep,stony,3,grass,1,0,0,0.8,7.0,2.433960537,4.713959583,4.825111686,1.5,2.2,333.4608899,322.8613463,319.9775048,321,-43.812906,172.907887,2,7,1,0,16,0,Offshore,Offshore,Offshore,120.6,0.06666666666666667
3132,Wainui Beach Wainui Beach,2022-02-24 10:00:00,Akaroa,0.0,0.0,0.0,0.0,0.0,0.0,incoming,deep,stony,3,grass,1,0,0,0.0,0.0,2.075320023,2.474982896,3.230745012,-0.3,2.4,34.55690126,40.27807025,46.70539679,321,-43.812906,172.907887,2,8,3,0,10,0,Alongshore,Alongshore,Alongshore,86.0,0.0625
3133,Wainui Beach Wainui Beach,2022-03-10 10:00:00,Akaroa,0.0,0.0,0.0,0.0,0.0,0.0,ebbing,deep,stony,3,grass,1,0,0,0.0,0.0,1.554571426,1.904628369,2.849714432,0.5,2.1,21.44139592,31.31808622,40.83927582,321,-43.812906,172.907887,3,10,3,0,10,0,Alongshore,Alongshore,Alongshore,85.0,0.058823529411764705
