,0,1,2,3
0,0.1372830378723669,0.16175215211641494,0.0,0.0
1,0.1372830378723669,0.16175215211641494,0.0,0.0
2,0.04258495622015634,0.07437899570975809,0.0,0.1360402969719931
3,0.04258495622015634,0.07437899570975809,0.0,0.1360402969719931
4,0.06128133392017783,0.05508676258548999,0.0,0.10921607192695866
5,0.09574522992241265,0.08227357523553037,0.0,0.1511533912100964
6,0.08679722638737643,0.16282390634614188,0.08670872438331037,0.11897390020751625
7,0.08679722638737643,0.16282390634614188,0.08670872438331037,0.11897390020751625
8,0.08679722638737643,0.16282390634614188,0.08670872438331037,0.11897390020751625
9,0.08679722638737643,0.16282390634614188,0.08670872438331037,0.11897390020751625
10,0.1513410027296106,0.1953725573233122,0.0,0.392394658740004
11,0.1513410027296106,0.1953725573233122,0.0,0.392394658740004
12,0.1513410027296106,0.1953725573233122,0.0,0.392394658740004
13,0.09630600762592158,0.07951363313095369,0.0,0.15674704125473668
14,0.09630600762592158,0.07951363313095369,0.0,0.15674704125473668
15,0.09630600762592158,0.07951363313095369,0.0,0.15674704125473668
16,0.09630600762592158,0.07951363313095369,0.0,0.15674704125473668
17,0.11172378802684062,0.07487336321199359,0.0,0.1587701885414663
18,0.11172378802684062,0.07487336321199359,0.0,0.1587701885414663
19,0.11172378802684062,0.07487336321199359,0.0,0.1587701885414663
20,0.11172378802684062,0.07487336321199359,0.0,0.1587701885414663
21,0.1337392918545794,0.11472409496770487,0.0,0.2047146148893191
22,0.1337392918545794,0.11472409496770487,0.0,0.2047146148893191
23,0.1337392918545794,0.11472409496770487,0.0,0.2047146148893191
24,0.10579186898775274,0.09706049008101103,0.0,0.14416675112860147
25,0.10579186898775274,0.09706049008101103,0.0,0.14416675112860147
26,0.10579186898775274,0.09706049008101103,0.0,0.14416675112860147
27,0.3455812664465957,0.23084434055811917,0.0,0.49227719489134214
28,0.3455812664465957,0.23084434055811917,0.0,0.49227719489134214
29,0.4692914838947406,0.8504039556792146,0.0,0.0
30,0.4692914838947406,0.8504039556792146,0.0,0.0
31,0.4692914838947406,0.8504039556792146,0.0,0.0
32,0.4692914838947406,0.8504039556792146,0.0,0.0
33,0.10596649439703618,0.033449871821476775,0.0,0.09400537358400003
34,0.10596649439703618,0.033449871821476775,0.0,0.09400537358400003
35,0.10596649439703618,0.033449871821476775,0.0,0.09400537358400003
36,0.10596649439703618,0.033449871821476775,0.0,0.09400537358400003
37,0.10596649439703618,0.033449871821476775,0.0,0.09400537358400003
38,0.0882464766905061,0.08050434082903951,0.0,0.12877457186446076
39,0.0882464766905061,0.08050434082903951,0.0,0.12877457186446076
40,0.0882464766905061,0.08050434082903951,0.0,0.12877457186446076
41,0.07104418080757423,0.07779981851350354,0.03855289103319994,0.13601246628087407
42,0.07104418080757423,0.07779981851350354,0.03855289103319994,0.13601246628087407
43,0.07104418080757423,0.07779981851350354,0.03855289103319994,0.13601246628087407
44,0.07104418080757423,0.07779981851350354,0.03855289103319994,0.13601246628087407
45,0.7853858854237765,0.0,0.6015578864263006,0.31584390938752116
46,0.7853858854237765,0.0,0.6015578864263006,0.31584390938752116
47,0.7853858854237765,0.0,0.6015578864263006,0.31584390938752116
48,0.4220824080152278,0.41576758098879757,0.0,1.0526462350212642
49,0.4220824080152278,0.41576758098879757,0.0,1.0526462350212642
50,0.04670943577600171,0.04046286525012839,0.0,0.08048211037391699
51,0.6996698382875512,0.0,0.8199811703588303,0.29143334100202295
52,0.6996698382875512,0.0,0.8199811703588303,0.29143334100202295
53,0.6996698382875512,0.0,0.8199811703588303,0.29143334100202295
54,0.6996698382875512,0.0,0.8199811703588303,0.29143334100202295
55,0.6996698382875512,0.0,0.8199811703588303,0.29143334100202295
56,0.04670943577600171,0.04046286525012839,0.0,0.08048211037391699
57,0.04670943577600171,0.04046286525012839,0.0,0.08048211037391699
58,0.06501683977027589,0.057779054975485175,0.0,0.08523767206206158
59,0.06501683977027589,0.057779054975485175,0.0,0.08523767206206158
60,0.06501683977027589,0.057779054975485175,0.0,0.08523767206206158
61,0.06501683977027589,0.057779054975485175,0.0,0.08523767206206158
62,0.26412974777822007,0.1962155242325487,0.0,0.41559790196200125
63,0.26412974777822007,0.1962155242325487,0.0,0.41559790196200125
64,0.26412974777822007,0.1962155242325487,0.0,0.41559790196200125
65,0.08363620961271892,0.06976361639142199,0.032469796797219445,0.14109992387211961
66,0.08363620961271892,0.06976361639142199,0.032469796797219445,0.14109992387211961
67,0.04670943577600171,0.04046286525012839,0.0,0.08048211037391699
68,0.04670943577600171,0.04046286525012839,0.0,0.08048211037391699
69,0.04670943577600171,0.04046286525012839,0.0,0.08048211037391699
70,0.04670943577600171,0.04046286525012839,0.0,0.08048211037391699
71,0.04670943577600171,0.04046286525012839,0.0,0.08048211037391699
72,0.156267068290167,0.05612853748217734,0.0,0.10758151303033052
73,0.156267068290167,0.05612853748217734,0.0,0.10758151303033052
74,0.12917296066178874,0.11827653878283717,0.0,0.15282509569789032
75,0.12917296066178874,0.11827653878283717,0.0,0.15282509569789032
76,0.8215083754081894,1.703106860523724,0.0,0.0
77,0.8215083754081894,1.703106860523724,0.0,0.0
78,0.8215083754081894,1.703106860523724,0.0,0.0
79,0.8215083754081894,1.703106860523724,0.0,0.0
80,0.07822175619700461,0.06064390258915405,0.0979587961278726,0.09671058452307896
81,0.07822175619700461,0.06064390258915405,0.0979587961278726,0.09671058452307896
82,0.07822175619700461,0.06064390258915405,0.0979587961278726,0.09671058452307896
83,0.04670943577600171,0.04046286525012839,0.0,0.08048211037391699
84,0.04670943577600171,0.04046286525012839,0.0,0.08048211037391699
85,0.04670943577600171,0.04046286525012839,0.0,0.08048211037391699
86,0.04670943577600171,0.04046286525012839,0.0,0.08048211037391699
87,0.04670943577600171,0.04046286525012839,0.0,0.08048211037391699
88,0.04670943577600171,0.04046286525012839,0.0,0.08048211037391699
89,0.04670943577600171,0.04046286525012839,0.0,0.08048211037391699
90,0.041342095679037266,0.042831224075664,0.0381927295700494,0.08497914936259175
91,0.041342095679037266,0.042831224075664,0.0381927295700494,0.08497914936259175
92,0.041342095679037266,0.042831224075664,0.0381927295700494,0.08497914936259175
93,0.08946715289264223,0.077684985248163,0.0,0.1802897575082126
94,0.08946715289264223,0.077684985248163,0.0,0.1802897575082126
95,0.06219819603854205,0.04541484978067941,0.0,0.09535887463213144
96,0.06219819603854205,0.04541484978067941,0.0,0.09535887463213144
97,0.06219819603854205,0.04541484978067941,0.0,0.09535887463213144
98,0.06219819603854205,0.04541484978067941,0.0,0.09535887463213144
99,0.03783220270593705,0.06290783268433488,0.011771011189529322,0.12529254764781256
100,0.03783220270593705,0.06290783268433488,0.011771011189529322,0.12529254764781256
101,0.03783220270593705,0.06290783268433488,0.011771011189529322,0.12529254764781256
102,0.03783220270593705,0.06290783268433488,0.011771011189529322,0.12529254764781256
103,0.03783220270593705,0.06290783268433488,0.011771011189529322,0.12529254764781256
104,0.04670943577600171,0.04046286525012839,0.0,0.08048211037391699
105,0.04670943577600171,0.04046286525012839,0.0,0.08048211037391699
106,0.04670943577600171,0.04046286525012839,0.0,0.08048211037391699
107,0.04670943577600171,0.04046286525012839,0.0,0.08048211037391699
108,0.04670943577600171,0.04046286525012839,0.0,0.08048211037391699
109,0.04670943577600171,0.04046286525012839,0.0,0.08048211037391699
110,0.04670943577600171,0.04046286525012839,0.0,0.08048211037391699
111,0.04670943577600171,0.04046286525012839,0.0,0.08048211037391699
112,0.04670943577600171,0.04046286525012839,0.0,0.08048211037391699
113,0.04670943577600171,0.04046286525012839,0.0,0.08048211037391699
114,0.05466381795782301,0.039033049324511945,0.0,0.08859673786430448
115,0.05466381795782301,0.039033049324511945,0.0,0.08859673786430448
116,0.05466381795782301,0.039033049324511945,0.0,0.08859673786430448
117,0.05466381795782301,0.039033049324511945,0.0,0.08859673786430448
118,0.05466381795782301,0.039033049324511945,0.0,0.08859673786430448
119,0.044690358567911904,0.08318377036378292,0.0,0.15263121650408665
120,0.044690358567911904,0.08318377036378292,0.0,0.15263121650408665
121,0.044690358567911904,0.08318377036378292,0.0,0.15263121650408665
122,0.04670943577600171,0.04046286525012839,0.0,0.08048211037391699
123,0.04670943577600171,0.04046286525012839,0.0,0.08048211037391699
124,0.04670943577600171,0.04046286525012839,0.0,0.08048211037391699
125,0.08965048116532952,0.04598545213155714,0.0,0.18193305485892716
126,0.08965048116532952,0.04598545213155714,0.0,0.18193305485892716
127,0.08965048116532952,0.04598545213155714,0.0,0.18193305485892716
128,0.08965048116532952,0.04598545213155714,0.0,0.18193305485892716
129,0.08965048116532952,0.04598545213155714,0.0,0.18193305485892716
130,0.08965048116532952,0.04598545213155714,0.0,0.18193305485892716
131,0.050786626965494394,0.04816185980079152,0.0668992656726907,0.0851500580716725
132,0.050786626965494394,0.04816185980079152,0.0668992656726907,0.0851500580716725
133,0.050786626965494394,0.04816185980079152,0.0668992656726907,0.0851500580716725
134,0.04670943577600171,0.04046286525012839,0.0,0.08048211037391699
135,0.363833815784665,0.3120062880680821,0.0,0.5761480802830342
136,0.363833815784665,0.3120062880680821,0.0,0.5761480802830342
137,0.9641608479774973,0.831298124077378,0.0,1.6388885510951725
138,1.7689800961730358,1.2608437214245534,0.0,1.6384286355612354
139,1.7689800961730358,1.2608437214245534,0.0,1.6384286355612354
140,1.7689800961730358,1.2608437214245534,0.0,1.6384286355612354
141,1.7689800961730358,1.2608437214245534,0.0,1.6384286355612354
142,0.09341887155200342,0.08092573050025678,0.0,0.16096422074783398
143,0.7017706769740532,0.2209083131550782,0.0,0.8841487062399441
144,0.7017706769740532,0.2209083131550782,0.0,0.8841487062399441
145,0.7017706769740532,0.2209083131550782,0.0,0.8841487062399441
146,0.7017706769740532,0.2209083131550782,0.0,0.8841487062399441
147,0.7017706769740532,0.2209083131550782,0.0,0.8841487062399441
148,0.4857781320704179,0.4208137986013351,0.0,0.8370139478887367
149,0.04670943577600171,0.04046286525012839,0.0,0.08048211037391699
150,0.09341887155200342,0.08092573050025678,0.0,0.16096422074783398
151,0.04670943577600171,0.04046286525012839,0.0,0.08048211037391699
152,0.04670943577600171,0.04046286525012839,0.0,0.08048211037391699
153,0.04670943577600171,0.04046286525012839,0.0,0.08048211037391699
154,0.04670943577600171,0.04046286525012839,0.0,0.08048211037391699
155,0.04670943577600171,0.04046286525012839,0.0,0.08048211037391699
156,0.04670943577600171,0.04046286525012839,0.0,0.08048211037391699
157,0.04670943577600171,0.04046286525012839,0.0,0.08048211037391699
158,0.04670943577600171,0.04046286525012839,0.0,0.08048211037391699
159,0.04670943577600171,0.04046286525012839,0.0,0.08048211037391699
160,0.04670943577600171,0.04046286525012839,0.0,0.08048211037391699
161,0.04670943577600171,0.04046286525012839,0.0,0.08048211037391699
162,0.04670943577600171,0.04046286525012839,0.0,0.08048211037391699
163,0.04713433220035493,0.06053429827574679,0.10276742114715881,0.11216344189486775
164,0.04713433220035493,0.06053429827574679,0.10276742114715881,0.11216344189486775
165,0.04713433220035493,0.06053429827574679,0.10276742114715881,0.11216344189486775
166,0.04713433220035493,0.06053429827574679,0.10276742114715881,0.11216344189486775
167,0.1301641820092349,0.16864571726637234,0.09420292701248306,0.25113805682444595
168,0.1301641820092349,0.16864571726637234,0.09420292701248306,0.25113805682444595
169,0.1301641820092349,0.16864571726637234,0.09420292701248306,0.25113805682444595
170,0.1301641820092349,0.16864571726637234,0.09420292701248306,0.25113805682444595
171,0.044569205088922696,0.14237705166819417,0.002147619984962279,0.26202410150549654
172,0.044569205088922696,0.14237705166819417,0.002147619984962279,0.26202410150549654
173,0.044569205088922696,0.14237705166819417,0.002147619984962279,0.26202410150549654
174,0.17584390487661372,0.1607656893593034,0.0,0.2021667143980925
175,0.17584390487661372,0.1607656893593034,0.0,0.2021667143980925
176,0.17584390487661372,0.1607656893593034,0.0,0.2021667143980925
177,0.06873674768058285,0.062284071182702176,0.0,0.12335453004541036
178,0.06873674768058285,0.062284071182702176,0.0,0.12335453004541036
179,0.04419991552261325,0.06100489687839591,0.028935930665926007,0.0758719314260232
180,0.04419991552261325,0.06100489687839591,0.028935930665926007,0.0758719314260232
181,0.04419991552261325,0.06100489687839591,0.028935930665926007,0.0758719314260232
182,0.04419991552261325,0.06100489687839591,0.028935930665926007,0.0758719314260232
183,0.0392779069899137,0.15162114636540597,8.045792114215593e-06,0.2688383681285786
184,0.0392779069899137,0.15162114636540597,8.045792114215593e-06,0.2688383681285786
185,0.0392779069899137,0.15162114636540597,8.045792114215593e-06,0.2688383681285786
186,0.11654432774445565,0.0958560005336498,0.0,0.16350938411438298
187,0.11654432774445565,0.0958560005336498,0.0,0.16350938411438298
188,0.11654432774445565,0.0958560005336498,0.0,0.16350938411438298
189,0.04670943577600171,0.04046286525012839,0.0,0.08048211037391699
190,0.04419991552261325,0.06100489687839591,0.028935930665926007,0.0758719314260232
191,0.04419991552261325,0.06100489687839591,0.028935930665926007,0.0758719314260232
192,0.04419991552261325,0.06100489687839591,0.028935930665926007,0.0758719314260232
193,0.04419991552261325,0.06100489687839591,0.028935930665926007,0.0758719314260232
194,0.04881370609257139,0.04926811386138138,0.0,0.09707372796642899
195,0.04881370609257139,0.04926811386138138,0.0,0.09707372796642899
196,0.04881370609257139,0.04926811386138138,0.0,0.09707372796642899
197,0.05548212019984458,0.04874063797852965,0.0,0.08817850799010282
198,0.05548212019984458,0.04874063797852965,0.0,0.08817850799010282
199,0.05548212019984458,0.04874063797852965,0.0,0.08817850799010282
200,0.04670943577600171,0.04046286525012839,0.0,0.08048211037391699
201,0.18102526021992443,0.050185241207566254,0.0,0.09475185514347884
202,0.18102526021992443,0.050185241207566254,0.0,0.09475185514347884
203,0.18102526021992443,0.050185241207566254,0.0,0.09475185514347884
204,0.8547041944971239,0.5584577248770216,0.0,1.4207102754377101
205,0.8547041944971239,0.5584577248770216,0.0,1.4207102754377101
206,0.8547041944971239,0.5584577248770216,0.0,1.4207102754377101
207,0.8547041944971239,0.5584577248770216,0.0,1.4207102754377101
208,0.8547041944971239,0.5584577248770216,0.0,1.4207102754377101
209,0.8547041944971239,0.5584577248770216,0.0,1.4207102754377101
210,0.04670943577600171,0.04046286525012839,0.0,0.08048211037391699
211,0.04670943577600171,0.04046286525012839,0.0,0.08048211037391699
212,0.06788079170713891,0.07683248983163325,0.04004376686247802,0.11702896408188002
213,0.06788079170713891,0.07683248983163325,0.04004376686247802,0.11702896408188002
214,0.06788079170713891,0.07683248983163325,0.04004376686247802,0.11702896408188002
215,0.06788079170713891,0.07683248983163325,0.04004376686247802,0.11702896408188002
216,0.04881370609257139,0.04926811386138138,0.0,0.09707372796642899
217,0.04881370609257139,0.04926811386138138,0.0,0.09707372796642899
218,0.04881370609257139,0.04926811386138138,0.0,0.09707372796642899
219,0.06834536298294742,0.2704396546671196,0.1292473833871134,0.42717400554837265
220,0.06834536298294742,0.2704396546671196,0.1292473833871134,0.42717400554837265
221,0.06834536298294742,0.2704396546671196,0.1292473833871134,0.42717400554837265
222,0.04365012262670961,0.1461307758359557,0.07028512087143211,0.07545471267785085
223,0.04365012262670961,0.1461307758359557,0.07028512087143211,0.07545471267785085
224,0.04365012262670961,0.1461307758359557,0.07028512087143211,0.07545471267785085
225,0.04365012262670961,0.1461307758359557,0.07028512087143211,0.07545471267785085
226,0.04670943577600171,0.04046286525012839,0.0,0.08048211037391699
227,0.04670943577600171,0.04046286525012839,0.0,0.08048211037391699
228,0.04670943577600171,0.04046286525012839,0.0,0.08048211037391699
229,0.054406225513765755,0.14814445127052234,0.06960389155224479,0.08207326753265812
230,0.054406225513765755,0.14814445127052234,0.06960389155224479,0.08207326753265812
231,0.054406225513765755,0.14814445127052234,0.06960389155224479,0.08207326753265812
232,0.054406225513765755,0.14814445127052234,0.06960389155224479,0.08207326753265812
233,0.054406225513765755,0.14814445127052234,0.06960389155224479,0.08207326753265812
234,0.09049239767974392,0.08376704025715424,0.0,0.17203546166078398
235,0.09049239767974392,0.08376704025715424,0.0,0.17203546166078398
236,0.09049239767974392,0.08376704025715424,0.0,0.17203546166078398
237,1.3706225123801963,1.0620617866030608,0.3807838384042537,2.593186170340379
238,1.3706225123801963,1.0620617866030608,0.3807838384042537,2.593186170340379
239,1.3706225123801963,1.0620617866030608,0.3807838384042537,2.593186170340379
240,0.3830173733632142,0.3317954950510526,0.0,0.6599533050661195
241,0.5660605447008138,4.4804442415738735e-05,0.0,4.8115731444821375
242,0.5660605447008138,4.4804442415738735e-05,0.0,4.8115731444821375
243,0.5660605447008138,4.4804442415738735e-05,0.0,4.8115731444821375
244,0.5660605447008138,4.4804442415738735e-05,0.0,4.8115731444821375
245,0.26467907760621223,0.1063280528745601,0.0,0.19262962751067492
246,0.26467907760621223,0.1063280528745601,0.0,0.19262962751067492
247,0.06204030133160077,0.06786225357108999,0.17626841456553713,0.23088159080177592
248,0.06204030133160077,0.06786225357108999,0.17626841456553713,0.23088159080177592
249,0.06204030133160077,0.06786225357108999,0.17626841456553713,0.23088159080177592
250,0.06831306101219851,0.12272518475555795,0.059164129377137775,0.10597415386937382
251,0.06831306101219851,0.12272518475555795,0.059164129377137775,0.10597415386937382
252,0.06831306101219851,0.12272518475555795,0.059164129377137775,0.10597415386937382
253,0.06831306101219851,0.12272518475555795,0.059164129377137775,0.10597415386937382
254,0.04670943577600171,0.04046286525012839,0.0,0.08048211037391699
255,0.04670943577600171,0.04046286525012839,0.0,0.08048211037391699
256,0.04670943577600171,0.04046286525012839,0.0,0.08048211037391699
257,0.04670943577600171,0.04046286525012839,0.0,0.08048211037391699
258,0.08039754122785867,0.0719076464713138,0.0,0.11934597465794625
259,0.08039754122785867,0.0719076464713138,0.0,0.11934597465794625
260,0.08039754122785867,0.0719076464713138,0.0,0.11934597465794625
261,0.08039754122785867,0.0719076464713138,0.0,0.11934597465794625
262,0.057141806677070486,0.03666746905037856,0.0,0.11839596893007504
263,0.057141806677070486,0.03666746905037856,0.0,0.11839596893007504
264,0.057141806677070486,0.03666746905037856,0.0,0.11839596893007504
265,0.057141806677070486,0.03666746905037856,0.0,0.11839596893007504
266,0.3502582164969331,0.1551509097304723,0.3525357714287705,0.16535526049702487
267,0.3502582164969331,0.1551509097304723,0.3525357714287705,0.16535526049702487
268,0.3502582164969331,0.1551509097304723,0.3525357714287705,0.16535526049702487
269,0.3502582164969331,0.1551509097304723,0.3525357714287705,0.16535526049702487
270,0.07730722539514645,0.06680701799230439,0.0,0.1373085792962686
271,0.07810199650002557,0.04111619359115563,0.0,0.14353472412346713
272,0.07810199650002557,0.04111619359115563,0.0,0.14353472412346713
273,0.07810199650002557,0.04111619359115563,0.0,0.14353472412346713
274,0.07810199650002557,0.04111619359115563,0.0,0.14353472412346713
275,0.05261351122971684,0.04197580604470259,0.048965064828750474,0.07164251524056037
276,0.05261351122971684,0.04197580604470259,0.048965064828750474,0.07164251524056037
277,0.05261351122971684,0.04197580604470259,0.048965064828750474,0.07164251524056037
278,0.05338942569300671,0.04721090842557438,0.0,0.09789078370493735
279,0.05338942569300671,0.04721090842557438,0.0,0.09789078370493735
280,0.04670943577600171,0.04046286525012839,0.0,0.08048211037391699
281,0.04670943577600171,0.04046286525012839,0.0,0.08048211037391699
282,0.04670943577600171,0.04046286525012839,0.0,0.08048211037391699
283,0.04670943577600171,0.04046286525012839,0.0,0.08048211037391699
284,0.04743840582420883,0.060573588631527606,0.0,0.11559339411214518
285,0.04743840582420883,0.060573588631527606,0.0,0.11559339411214518
286,0.04743840582420883,0.060573588631527606,0.0,0.11559339411214518
287,0.04743840582420883,0.060573588631527606,0.0,0.11559339411214518
288,0.1483025372301104,0.1390519553233316,0.0,0.338537454248586
289,0.1483025372301104,0.1390519553233316,0.0,0.338537454248586
290,0.07329683045240423,0.3936813682006178,0.21005733395969806,0.21641916941591136
291,0.07329683045240423,0.3936813682006178,0.21005733395969806,0.21641916941591136
292,0.07329683045240423,0.3936813682006178,0.21005733395969806,0.21641916941591136
293,0.07329683045240423,0.3936813682006178,0.21005733395969806,0.21641916941591136
294,0.28107874495858776,0.22002471417324454,0.0,0.461227558794904
295,0.28107874495858776,0.22002471417324454,0.0,0.461227558794904
296,0.28107874495858776,0.22002471417324454,0.0,0.461227558794904
297,0.28107874495858776,0.22002471417324454,0.0,0.461227558794904
298,0.38501799101861717,0.290922950321417,0.0,0.5633937539661382
299,0.38501799101861717,0.290922950321417,0.0,0.5633937539661382
300,0.05777482038960619,0.05024772742441559,0.0,0.09967008820323683
301,0.05777482038960619,0.05024772742441559,0.0,0.09967008820323683
302,0.05777482038960619,0.05024772742441559,0.0,0.09967008820323683
303,0.04419991552261325,0.06100489687839591,0.028935930665926007,0.0758719314260232
304,0.04419991552261325,0.06100489687839591,0.028935930665926007,0.0758719314260232
305,0.04419991552261325,0.06100489687839591,0.028935930665926007,0.0758719314260232
306,0.04419991552261325,0.06100489687839591,0.028935930665926007,0.0758719314260232
307,0.04670943577600171,0.04046286525012839,0.0,0.08048211037391699
308,0.04670943577600171,0.04046286525012839,0.0,0.08048211037391699
309,0.17707109640156726,0.1729240693363394,0.0,0.4264299364126532
310,0.17707109640156726,0.1729240693363394,0.0,0.4264299364126532
311,0.17707109640156726,0.1729240693363394,0.0,0.4264299364126532
312,0.04670943577600171,0.04046286525012839,0.0,0.08048211037391699
313,0.04670943577600171,0.04046286525012839,0.0,0.08048211037391699
314,0.09341887155200342,0.08092573050025678,0.0,0.16096422074783398
315,0.04670943577600171,0.04046286525012839,0.0,0.08048211037391699
316,0.04670943577600171,0.04046286525012839,0.0,0.08048211037391699
317,0.04670943577600171,0.04046286525012839,0.0,0.08048211037391699
318,0.09341887155200342,0.08092573050025678,0.0,0.16096422074783398
319,0.09341887155200342,0.08092573050025678,0.0,0.16096422074783398
320,0.04670943577600171,0.04046286525012839,0.0,0.08048211037391699
321,0.04670943577600171,0.04046286525012839,0.0,0.08048211037391699
322,0.04670943577600171,0.04046286525012839,0.0,0.08048211037391699
323,0.08946715289264223,0.077684985248163,0.0,0.1802897575082126
324,0.08946715289264223,0.077684985248163,0.0,0.1802897575082126
325,0.1663523168870651,0.1824373748275101,0.09544250418734818,0.2681169042688289
326,0.1663523168870651,0.1824373748275101,0.09544250418734818,0.2681169042688289
327,0.1663523168870651,0.1824373748275101,0.09544250418734818,0.2681169042688289
328,0.1663523168870651,0.1824373748275101,0.09544250418734818,0.2681169042688289
329,0.1663523168870651,0.1824373748275101,0.09544250418734818,0.2681169042688289
330,0.05641913106984016,0.07213748684912828,0.3651106123436199,0.1249172911314634
331,0.05641913106984016,0.07213748684912828,0.3651106123436199,0.1249172911314634
332,0.05641913106984016,0.07213748684912828,0.3651106123436199,0.1249172911314634
333,0.05641913106984016,0.07213748684912828,0.3651106123436199,0.1249172911314634
334,0.09887788237823238,0.028735285894224954,0.0,0.11033378689638694
335,0.09887788237823238,0.028735285894224954,0.0,0.11033378689638694
336,0.09887788237823238,0.028735285894224954,0.0,0.11033378689638694
337,0.09887788237823238,0.028735285894224954,0.0,0.11033378689638694
338,0.04670943577600171,0.04046286525012839,0.0,0.08048211037391699
339,0.04670943577600171,0.04046286525012839,0.0,0.08048211037391699
340,0.04670943577600171,0.04046286525012839,0.0,0.08048211037391699
341,0.05548212019984458,0.04874063797852965,0.0,0.08817850799010282
342,0.05548212019984458,0.04874063797852965,0.0,0.08817850799010282
343,0.08330005371943669,0.4978314945041374,0.30616587988249994,0.0
344,0.08330005371943669,0.4978314945041374,0.30616587988249994,0.0
345,0.08330005371943669,0.4978314945041374,0.30616587988249994,0.0
346,0.08330005371943669,0.4978314945041374,0.30616587988249994,0.0
347,0.052969054913555566,0.05697886528778441,0.0,0.11029746299695463
348,0.052969054913555566,0.05697886528778441,0.0,0.11029746299695463
349,0.052969054913555566,0.05697886528778441,0.0,0.11029746299695463
350,0.04670943577600171,0.04046286525012839,0.0,0.08048211037391699
351,0.04670943577600171,0.04046286525012839,0.0,0.08048211037391699
352,0.04670943577600171,0.04046286525012839,0.0,0.08048211037391699
353,0.04670943577600171,0.04046286525012839,0.0,0.08048211037391699
354,0.04670943577600171,0.04046286525012839,0.0,0.08048211037391699
355,0.1145761334779529,0.09357950564197337,0.037381732895024763,0.21073362776042678
356,0.1145761334779529,0.09357950564197337,0.037381732895024763,0.21073362776042678
357,0.1145761334779529,0.09357950564197337,0.037381732895024763,0.21073362776042678
358,0.04670943577600171,0.04046286525012839,0.0,0.08048211037391699
359,0.04670943577600171,0.04046286525012839,0.0,0.08048211037391699
360,0.04670943577600171,0.04046286525012839,0.0,0.08048211037391699
361,0.09338732776907623,0.024949444001312316,0.0,0.19589512312825305
362,0.09338732776907623,0.024949444001312316,0.0,0.19589512312825305
363,0.09338732776907623,0.024949444001312316,0.0,0.19589512312825305
364,0.038859208366809776,0.058287258241432084,0.07240080675889679,0.11649253356146856
365,0.038859208366809776,0.058287258241432084,0.07240080675889679,0.11649253356146856
366,0.42035890797436365,0.34380775668758523,0.0,0.9055305611365303
367,0.42035890797436365,0.34380775668758523,0.0,0.9055305611365303
368,0.42035890797436365,0.34380775668758523,0.0,0.9055305611365303
369,0.04670943577600171,0.04046286525012839,0.0,0.08048211037391699
370,0.06305469353766603,0.05439975841159192,0.0,0.10403922371442362
371,0.06305469353766603,0.05439975841159192,0.0,0.10403922371442362
372,0.15157236665302662,0.09952678081781753,0.0,0.2065655329954504
373,0.15157236665302662,0.09952678081781753,0.0,0.2065655329954504
374,0.15157236665302662,0.09952678081781753,0.0,0.2065655329954504
375,0.15157236665302662,0.09952678081781753,0.0,0.2065655329954504
376,0.04670943577600171,0.04046286525012839,0.0,0.08048211037391699
377,0.04670943577600171,0.04046286525012839,0.0,0.08048211037391699
378,0.04670943577600171,0.04046286525012839,0.0,0.08048211037391699
379,0.10368252679619926,0.062104306794079175,0.0,0.1271831273205379
380,0.10368252679619926,0.062104306794079175,0.0,0.1271831273205379
381,0.10368252679619926,0.062104306794079175,0.0,0.1271831273205379
382,0.10368252679619926,0.062104306794079175,0.0,0.1271831273205379
383,0.04392555150941089,0.1035668038919172,0.049604292759974994,0.07566607555974023
384,0.04392555150941089,0.1035668038919172,0.049604292759974994,0.07566607555974023
385,0.04392555150941089,0.1035668038919172,0.049604292759974994,0.07566607555974023
386,0.04392555150941089,0.1035668038919172,0.049604292759974994,0.07566607555974023
387,0.04670943577600171,0.04046286525012839,0.0,0.08048211037391699
388,0.04670943577600171,0.04046286525012839,0.0,0.08048211037391699
389,0.04670943577600171,0.04046286525012839,0.0,0.08048211037391699
390,0.04670943577600171,0.04046286525012839,0.0,0.08048211037391699
391,0.04670943577600171,0.04046286525012839,0.0,0.08048211037391699
392,0.04670943577600171,0.04046286525012839,0.0,0.08048211037391699
393,0.04670943577600171,0.04046286525012839,0.0,0.08048211037391699
394,0.04670943577600171,0.04046286525012839,0.0,0.08048211037391699
395,0.03939686151644215,0.09919804555538086,0.0013076208147205278,0.17646150157104462
396,0.03939686151644215,0.09919804555538086,0.0013076208147205278,0.17646150157104462
397,0.04670943577600171,0.04046286525012839,0.0,0.08048211037391699
398,0.04670943577600171,0.04046286525012839,0.0,0.08048211037391699
399,0.06277888542348713,0.052407686745379045,0.0,0.10578414457737521
400,0.11844576802317175,6.41436685299515e-05,0.0,1.048186810812655
401,0.11844576802317175,6.41436685299515e-05,0.0,1.048186810812655
402,0.11844576802317175,6.41436685299515e-05,0.0,1.048186810812655
403,0.14497437569591817,0.20024763651938593,0.0,0.4332956966805991
404,0.14497437569591817,0.20024763651938593,0.0,0.4332956966805991
405,0.14497437569591817,0.20024763651938593,0.0,0.4332956966805991
406,1.3271403626009168,0.9965282222665802,0.0,1.7921442805378744
407,1.3271403626009168,0.9965282222665802,0.0,1.7921442805378744
408,1.3271403626009168,0.9965282222665802,0.0,1.7921442805378744
409,1.3271403626009168,0.9965282222665802,0.0,1.7921442805378744
410,1.3271403626009168,0.9965282222665802,0.0,1.7921442805378744
411,0.04670943577600171,0.04046286525012839,0.0,0.08048211037391699
412,0.07506621779164532,0.2692695715130895,0.1311741321096577,0.12370487429774034
413,0.07506621779164532,0.2692695715130895,0.1311741321096577,0.12370487429774034
414,0.07506621779164532,0.2692695715130895,0.1311741321096577,0.12370487429774034
415,0.044951617746538296,0.5675098050838149,0.013899640670921011,0.928538420768131
416,0.044951617746538296,0.5675098050838149,0.013899640670921011,0.928538420768131
417,0.19423769980709596,0.11464005465540408,0.0,0.30938481263380974
418,0.19423769980709596,0.11464005465540408,0.0,0.30938481263380974
419,0.19423769980709596,0.11464005465540408,0.0,0.30938481263380974
420,0.19423769980709596,0.11464005465540408,0.0,0.30938481263380974
421,0.052969054913555566,0.05697886528778441,0.0,0.11029746299695463
422,0.052969054913555566,0.05697886528778441,0.0,0.11029746299695463
423,0.0754217405263784,0.22878781353733196,0.10547155963767672,0.09492884641717958
424,0.0754217405263784,0.22878781353733196,0.10547155963767672,0.09492884641717958
425,0.0754217405263784,0.22878781353733196,0.10547155963767672,0.09492884641717958
426,4.303910788930721,3.2949629133072835,0.0,9.05735879759605
427,4.303910788930721,3.2949629133072835,0.0,9.05735879759605
428,4.303910788930721,3.2949629133072835,0.0,9.05735879759605
429,0.04670943577600171,0.04046286525012839,0.0,0.08048211037391699
430,0.47336323424853394,0.23560429062510851,0.0,1.362838112418371
431,0.47336323424853394,0.23560429062510851,0.0,1.362838112418371
432,0.47336323424853394,0.23560429062510851,0.0,1.362838112418371
433,0.3163069573486665,0.41459934484107386,0.0,0.7370172565790862
434,0.3163069573486665,0.41459934484107386,0.0,0.7370172565790862
435,0.3163069573486665,0.41459934484107386,0.0,0.7370172565790862
436,0.07541987357519817,0.06166820775456892,0.028031305557130952,0.13446417403991703
437,0.07541987357519817,0.06166820775456892,0.028031305557130952,0.13446417403991703
438,0.07541987357519817,0.06166820775456892,0.028031305557130952,0.13446417403991703
439,0.04670943577600171,0.04046286525012839,0.0,0.08048211037391699
440,0.04670943577600171,0.04046286525012839,0.0,0.08048211037391699
441,0.04670943577600171,0.04046286525012839,0.0,0.08048211037391699
442,0.10163117541169349,0.09241475477511928,0.0,0.09474781003907284
443,0.10163117541169349,0.09241475477511928,0.0,0.09474781003907284
444,0.10163117541169349,0.09241475477511928,0.0,0.09474781003907284
445,0.04872610622064756,0.05105416663561055,0.030562948224213002,0.10522364813479788
446,0.04872610622064756,0.05105416663561055,0.030562948224213002,0.10522364813479788
447,0.35675412374994503,0.31099799048551,0.0,0.5343734108281819
448,0.35675412374994503,0.31099799048551,0.0,0.5343734108281819
449,0.04670943577600171,0.04046286525012839,0.0,0.08048211037391699
450,0.04670943577600171,0.04046286525012839,0.0,0.08048211037391699
451,0.04670943577600171,0.04046286525012839,0.0,0.08048211037391699
452,0.04670943577600171,0.04046286525012839,0.0,0.08048211037391699
453,0.05261351122971684,0.04197580604470259,0.048965064828750474,0.07164251524056037
454,0.05261351122971684,0.04197580604470259,0.048965064828750474,0.07164251524056037
455,0.054781616675889405,0.04457936633650047,0.0,0.09481739478159669
456,0.054781616675889405,0.04457936633650047,0.0,0.09481739478159669
457,0.07586137980230358,0.060386195529977385,0.0580105331012885,0.1758150667107131
458,0.07586137980230358,0.060386195529977385,0.0580105331012885,0.1758150667107131
459,0.07586137980230358,0.060386195529977385,0.0580105331012885,0.1758150667107131
460,0.04670943577600171,0.04046286525012839,0.0,0.08048211037391699
461,0.04670943577600171,0.04046286525012839,0.0,0.08048211037391699
462,0.04670943577600171,0.04046286525012839,0.0,0.08048211037391699
463,0.09341887155200342,0.08092573050025678,0.0,0.16096422074783398
464,0.04670943577600171,0.04046286525012839,0.0,0.08048211037391699
465,0.04670943577600171,0.04046286525012839,0.0,0.08048211037391699
466,0.04670943577600171,0.04046286525012839,0.0,0.08048211037391699
467,0.04670943577600171,0.04046286525012839,0.0,0.08048211037391699
468,0.04670943577600171,0.04046286525012839,0.0,0.08048211037391699
469,0.04533376615772886,0.05176846191785743,0.0,0.09900202468224933
470,0.04533376615772886,0.05176846191785743,0.0,0.09900202468224933
471,0.04533376615772886,0.05176846191785743,0.0,0.09900202468224933
472,0.08946715289264223,0.077684985248163,0.0,0.1802897575082126
473,0.08946715289264223,0.077684985248163,0.0,0.1802897575082126
474,0.06277753892883645,0.05435700759152872,0.0,0.10692822224871405
475,0.04670943577600171,0.04046286525012839,0.0,0.08048211037391699
476,0.04670943577600171,0.04046286525012839,0.0,0.08048211037391699
477,0.04670943577600171,0.04046286525012839,0.0,0.08048211037391699
478,0.04670943577600171,0.04046286525012839,0.0,0.08048211037391699
479,0.04670943577600171,0.04046286525012839,0.0,0.08048211037391699
480,0.1208228592307433,0.10498137991742486,0.0,0.2534818581097349
481,0.11098590335592194,0.09019146141764824,0.0,0.1828343358936291
482,0.11098590335592194,0.09019146141764824,0.0,0.1828343358936291
483,0.05458199299813907,0.06012917307939856,0.0,0.07926685820357206
484,0.05458199299813907,0.06012917307939856,0.0,0.07926685820357206
485,0.05458199299813907,0.06012917307939856,0.0,0.07926685820357206
486,0.03939686151644215,0.09919804555538086,0.0013076208147205278,0.17646150157104462
487,0.03939686151644215,0.09919804555538086,0.0013076208147205278,0.17646150157104462
488,0.5360073127072639,0.4665094377908559,0.0,1.2086727449942347
489,0.5360073127072639,0.4665094377908559,0.0,1.2086727449942347
490,0.1169295627780792,0.10401000333419269,0.0,0.20238357240090574
491,0.1169295627780792,0.10401000333419269,0.0,0.20238357240090574
492,0.1169295627780792,0.10401000333419269,0.0,0.20238357240090574
493,1.9776987354884492,5.66138380661025,1.53579920692662,0.0
494,1.9776987354884492,5.66138380661025,1.53579920692662,0.0
495,1.9776987354884492,5.66138380661025,1.53579920692662,0.0
496,1.9776987354884492,5.66138380661025,1.53579920692662,0.0
497,0.06916736995114799,0.04646925899445975,0.10970753436677326,0.06297156622936045
498,0.06916736995114799,0.04646925899445975,0.10970753436677326,0.06297156622936045
499,0.06916736995114799,0.04646925899445975,0.10970753436677326,0.06297156622936045
500,0.04670943577600171,0.04046286525012839,0.0,0.08048211037391699
501,0.04670943577600171,0.04046286525012839,0.0,0.08048211037391699
502,0.04670943577600171,0.04046286525012839,0.0,0.08048211037391699
503,0.04670943577600171,0.04046286525012839,0.0,0.08048211037391699
504,0.0532380593311372,0.05301974515279332,0.029161992317832515,0.09241473038415308
505,0.0532380593311372,0.05301974515279332,0.029161992317832515,0.09241473038415308
506,0.0532380593311372,0.05301974515279332,0.029161992317832515,0.09241473038415308
507,0.10096443586391075,0.028266946662065803,0.0,0.11152781591040567
508,0.10096443586391075,0.028266946662065803,0.0,0.11152781591040567
509,0.10096443586391075,0.028266946662065803,0.0,0.11152781591040567
510,0.03939686151644215,0.09919804555538086,0.0013076208147205278,0.17646150157104462
511,0.03939686151644215,0.09919804555538086,0.0013076208147205278,0.17646150157104462
512,0.03939686151644215,0.09919804555538086,0.0013076208147205278,0.17646150157104462
513,0.04670943577600171,0.04046286525012839,0.0,0.08048211037391699
514,0.04670943577600171,0.04046286525012839,0.0,0.08048211037391699
515,0.07693358658445644,0.030361148605662056,0.0,0.06818054260636928
516,0.07693358658445644,0.030361148605662056,0.0,0.06818054260636928
517,0.07693358658445644,0.030361148605662056,0.0,0.06818054260636928
518,0.07693358658445644,0.030361148605662056,0.0,0.06818054260636928
519,0.42483699812045095,0.3697309689071442,0.0,0.949173770937289
520,0.42483699812045095,0.3697309689071442,0.0,0.949173770937289
521,0.05863555843212301,0.08754411998904352,0.0393559949271007,0.09892962863929604
522,0.05863555843212301,0.08754411998904352,0.0393559949271007,0.09892962863929604
523,0.05863555843212301,0.08754411998904352,0.0393559949271007,0.09892962863929604
524,0.1368549559713728,0.43193325666507437,0.13609980684338957,0.7774168811112595
525,0.1368549559713728,0.43193325666507437,0.13609980684338957,0.7774168811112595
526,0.1368549559713728,0.43193325666507437,0.13609980684338957,0.7774168811112595
527,0.1095020450549221,0.10389427275885951,0.0,0.24412293781030298
528,0.1095020450549221,0.10389427275885951,0.0,0.24412293781030298
529,0.09119447209064759,0.030365816970519554,0.0,0.12346569231489925
530,0.09119447209064759,0.030365816970519554,0.0,0.12346569231489925
531,0.09119447209064759,0.030365816970519554,0.0,0.12346569231489925
532,0.09119447209064759,0.030365816970519554,0.0,0.12346569231489925
533,0.04670943577600171,0.04046286525012839,0.0,0.08048211037391699
534,0.04670943577600171,0.04046286525012839,0.0,0.08048211037391699
535,0.04670943577600171,0.04046286525012839,0.0,0.08048211037391699
536,0.06216207583209847,0.055488637875755135,0.0,0.10558727179333043
537,0.06216207583209847,0.055488637875755135,0.0,0.10558727179333043
538,0.10096443586391075,0.028266946662065803,0.0,0.11152781591040567
539,0.10096443586391075,0.028266946662065803,0.0,0.11152781591040567
540,0.10096443586391075,0.028266946662065803,0.0,0.11152781591040567
541,0.05261351122971684,0.04197580604470259,0.048965064828750474,0.07164251524056037
542,0.05261351122971684,0.04197580604470259,0.048965064828750474,0.07164251524056037
543,0.05261351122971684,0.04197580604470259,0.048965064828750474,0.07164251524056037
544,0.40743572277195655,0.4048551723010589,0.0,1.0205439905402496
545,0.40743572277195655,0.4048551723010589,0.0,1.0205439905402496
546,0.40743572277195655,0.4048551723010589,0.0,1.0205439905402496
547,0.09341887155200342,0.08092573050025678,0.0,0.16096422074783398
548,0.40660294072342335,0.2265891387632996,0.7331204742171293,0.2924257130725113
549,0.40660294072342335,0.2265891387632996,0.7331204742171293,0.2924257130725113
550,0.40660294072342335,0.2265891387632996,0.7331204742171293,0.2924257130725113
551,0.049187617970773985,0.038095857606833095,0.0,0.11028164388052927
552,0.049187617970773985,0.038095857606833095,0.0,0.11028164388052927
553,0.049187617970773985,0.038095857606833095,0.0,0.11028164388052927
554,0.049187617970773985,0.038095857606833095,0.0,0.11028164388052927
555,0.06096199077661367,0.05287017830726309,0.0,0.1137513912376509
556,0.06096199077661367,0.05287017830726309,0.0,0.1137513912376509
557,0.06277888542348713,0.052407686745379045,0.0,0.10578414457737521
558,0.06277888542348713,0.052407686745379045,0.0,0.10578414457737521
559,0.04670943577600171,0.04046286525012839,0.0,0.08048211037391699
560,0.04670943577600171,0.04046286525012839,0.0,0.08048211037391699
561,0.04670943577600171,0.04046286525012839,0.0,0.08048211037391699
562,0.05021959301267134,0.0795893050440734,0.0,0.1473362908337576
563,0.05021959301267134,0.0795893050440734,0.0,0.1473362908337576
564,0.04670943577600171,0.04046286525012839,0.0,0.08048211037391699
565,0.04670943577600171,0.04046286525012839,0.0,0.08048211037391699
566,0.04670943577600171,0.04046286525012839,0.0,0.08048211037391699
567,0.04670943577600171,0.04046286525012839,0.0,0.08048211037391699
568,0.2726647459509393,0.13395628533998022,0.0,0.36166498607397324
569,0.2726647459509393,0.13395628533998022,0.0,0.36166498607397324
570,0.2726647459509393,0.13395628533998022,0.0,0.36166498607397324
571,0.2726647459509393,0.13395628533998022,0.0,0.36166498607397324
572,0.2726647459509393,0.13395628533998022,0.0,0.36166498607397324
573,0.08572287009157219,0.05096142760562574,0.17046054151801515,0.0542874345133978
574,0.08572287009157219,0.05096142760562574,0.17046054151801515,0.0542874345133978
575,0.04670943577600171,0.04046286525012839,0.0,0.08048211037391699
576,0.04670943577600171,0.04046286525012839,0.0,0.08048211037391699
577,0.04670943577600171,0.04046286525012839,0.0,0.08048211037391699
578,2.1285781686809266,2.4321727092916133e-06,0.0,2.867912086242673
579,2.1285781686809266,2.4321727092916133e-06,0.0,2.867912086242673
580,2.1285781686809266,2.4321727092916133e-06,0.0,2.867912086242673
581,0.0531437124480832,0.07244202742261185,0.0,0.12408643733100612
582,0.0531437124480832,0.07244202742261185,0.0,0.12408643733100612
583,0.0531437124480832,0.07244202742261185,0.0,0.12408643733100612
584,0.0531437124480832,0.07244202742261185,0.0,0.12408643733100612
585,0.04670943577600171,0.04046286525012839,0.0,0.08048211037391699
586,0.04670943577600171,0.04046286525012839,0.0,0.08048211037391699
587,0.059194972605242896,0.04067388443344916,0.0,0.17878672421831862
588,0.059194972605242896,0.04067388443344916,0.0,0.17878672421831862
589,0.059194972605242896,0.04067388443344916,0.0,0.17878672421831862
590,0.0898544680968838,0.15813508678086255,0.0,0.2256080113507449
591,0.0898544680968838,0.15813508678086255,0.0,0.2256080113507449
592,0.0898544680968838,0.15813508678086255,0.0,0.2256080113507449
593,0.0898544680968838,0.15813508678086255,0.0,0.2256080113507449
594,0.0898544680968838,0.15813508678086255,0.0,0.2256080113507449
595,0.04670943577600171,0.04046286525012839,0.0,0.08048211037391699
596,0.06096199077661367,0.05287017830726309,0.0,0.1137513912376509
597,0.06096199077661367,0.05287017830726309,0.0,0.1137513912376509
598,0.0949137472173136,0.08214529540081057,0.0,0.1598204316872852
599,0.048927479736164896,0.038487286907552695,0.04931229337214447,0.12224730441335473
600,0.048927479736164896,0.038487286907552695,0.04931229337214447,0.12224730441335473
601,0.048927479736164896,0.038487286907552695,0.04931229337214447,0.12224730441335473
602,0.06666117147777448,0.15918591895434575,0.07077952748316632,0.2607842384755476
603,0.06666117147777448,0.15918591895434575,0.07077952748316632,0.2607842384755476
604,0.06666117147777448,0.15918591895434575,0.07077952748316632,0.2607842384755476
605,0.2895985018112106,0.2508697645507959,0.0,0.4989890843182854
606,0.09341887155200342,0.08092573050025678,0.0,0.16096422074783398
607,0.04670943577600171,0.04046286525012839,0.0,0.08048211037391699
608,0.15843459126470083,0.07067238493421832,0.4375617005274538,0.01680841463700727
609,0.15843459126470083,0.07067238493421832,0.4375617005274538,0.01680841463700727
610,0.15843459126470083,0.07067238493421832,0.4375617005274538,0.01680841463700727
611,0.15843459126470083,0.07067238493421832,0.4375617005274538,0.01680841463700727
612,0.05176499421583724,0.04776001849454847,0.0,0.08938936027791841
613,0.05176499421583724,0.04776001849454847,0.0,0.08938936027791841
614,0.05176499421583724,0.04776001849454847,0.0,0.08938936027791841
615,0.05176499421583724,0.04776001849454847,0.0,0.08938936027791841
616,1.3129116080842824,1.318367279151729,0.0,3.279033880683249
617,1.3129116080842824,1.318367279151729,0.0,3.279033880683249
618,1.3129116080842824,1.318367279151729,0.0,3.279033880683249
619,0.047208821944191875,0.0708091520036172,0.073158937156088,0.1577193282324952
620,0.047208821944191875,0.0708091520036172,0.073158937156088,0.1577193282324952
621,0.047208821944191875,0.0708091520036172,0.073158937156088,0.1577193282324952
622,0.047208821944191875,0.0708091520036172,0.073158937156088,0.1577193282324952
623,0.09341887155200342,0.08092573050025678,0.0,0.16096422074783398
624,0.19869897760926344,0.18642188419687586,0.0,0.32846804010136293
625,0.19869897760926344,0.18642188419687586,0.0,0.32846804010136293
626,1.0408036525446749,0.0002466621760379117,0.0,1.987475485968754
627,1.0408036525446749,0.0002466621760379117,0.0,1.987475485968754
628,1.0408036525446749,0.0002466621760379117,0.0,1.987475485968754
629,1.0408036525446749,0.0002466621760379117,0.0,1.987475485968754
630,1.0408036525446749,0.0002466621760379117,0.0,1.987475485968754
631,1.0408036525446749,0.0002466621760379117,0.0,1.987475485968754
632,0.04670943577600171,0.04046286525012839,0.0,0.08048211037391699
633,0.04670943577600171,0.04046286525012839,0.0,0.08048211037391699
634,0.04670943577600171,0.04046286525012839,0.0,0.08048211037391699
635,0.04670943577600171,0.04046286525012839,0.0,0.08048211037391699
636,0.04670943577600171,0.04046286525012839,0.0,0.08048211037391699
637,0.09313120651498585,0.2651964480015891,0.0,0.0
638,0.09313120651498585,0.2651964480015891,0.0,0.0
639,0.09313120651498585,0.2651964480015891,0.0,0.0
640,0.164678471320918,0.10407336812529425,0.0,0.29607435552471756
641,0.164678471320918,0.10407336812529425,0.0,0.29607435552471756
642,0.164678471320918,0.10407336812529425,0.0,0.29607435552471756
643,0.390456163714817,0.33141770539675,0.0,0.3418771650140092
644,0.390456163714817,0.33141770539675,0.0,0.3418771650140092
645,0.390456163714817,0.33141770539675,0.0,0.3418771650140092
646,0.17158519458125032,0.18902053031536872,0.31178249400537855,0.2559122311379414
647,0.17158519458125032,0.18902053031536872,0.31178249400537855,0.2559122311379414
648,0.17158519458125032,0.18902053031536872,0.31178249400537855,0.2559122311379414
649,0.04670943577600171,0.04046286525012839,0.0,0.08048211037391699
650,0.22095575437138784,0.09745580924806439,0.6551535276524398,0.015793237221445676
651,0.22095575437138784,0.09745580924806439,0.6551535276524398,0.015793237221445676
652,0.36499191579127577,0.3358080498441192,0.0,1.4496760376441464
653,0.36499191579127577,0.3358080498441192,0.0,1.4496760376441464
654,0.36499191579127577,0.3358080498441192,0.0,1.4496760376441464
655,0.36499191579127577,0.3358080498441192,0.0,1.4496760376441464
656,0.36499191579127577,0.3358080498441192,0.0,1.4496760376441464
657,0.36499191579127577,0.3358080498441192,0.0,1.4496760376441464
658,0.3184076152290994,0.30786418748172767,0.0,0.5187058293268169
659,0.2750381202996976,0.23114150358154623,0.09805287413051687,0.49787624975149497
660,0.2750381202996976,0.23114150358154623,0.09805287413051687,0.49787624975149497
661,0.2750381202996976,0.23114150358154623,0.09805287413051687,0.49787624975149497
662,0.2750381202996976,0.23114150358154623,0.09805287413051687,0.49787624975149497
663,0.8361004711627125,1.4541394608040223,0.0,7.150314820233317
664,0.8361004711627125,1.4541394608040223,0.0,7.150314820233317
665,0.8361004711627125,1.4541394608040223,0.0,7.150314820233317
666,0.8361004711627125,1.4541394608040223,0.0,7.150314820233317
667,0.05015060178752846,0.03448665170296976,0.0,0.29489943529764
668,0.05015060178752846,0.03448665170296976,0.0,0.29489943529764
669,0.05015060178752846,0.03448665170296976,0.0,0.29489943529764
670,0.05015060178752846,0.03448665170296976,0.0,0.29489943529764
671,0.05015060178752846,0.03448665170296976,0.0,0.29489943529764
672,0.05015060178752846,0.03448665170296976,0.0,0.29489943529764
673,0.05015060178752846,0.03448665170296976,0.0,0.29489943529764
674,0.05015060178752846,0.03448665170296976,0.0,0.29489943529764
675,0.09504439653721894,0.08281915493521409,0.0,0.1514488837093639
676,0.09504439653721894,0.08281915493521409,0.0,0.1514488837093639
677,0.08106846841639123,0.07110646516550716,0.0311241619285065,0.1410005277518593
678,0.08106846841639123,0.07110646516550716,0.0311241619285065,0.1410005277518593
679,0.08106846841639123,0.07110646516550716,0.0311241619285065,0.1410005277518593
680,0.08106846841639123,0.07110646516550716,0.0311241619285065,0.1410005277518593
681,0.24733459695199883,0.0,0.47341934223378024,0.0782446081082389
682,0.24733459695199883,0.0,0.47341934223378024,0.0782446081082389
683,0.24733459695199883,0.0,0.47341934223378024,0.0782446081082389
684,0.24733459695199883,0.0,0.47341934223378024,0.0782446081082389
685,0.24733459695199883,0.0,0.47341934223378024,0.0782446081082389
686,0.05231383972508244,0.13758391913122153,2.4777648352513397e-05,0.23837412093370997
687,0.05231383972508244,0.13758391913122153,2.4777648352513397e-05,0.23837412093370997
688,0.05231383972508244,0.13758391913122153,2.4777648352513397e-05,0.23837412093370997
689,0.05231383972508244,0.13758391913122153,2.4777648352513397e-05,0.23837412093370997
690,1.9766622667625624,1.7000747990629548,0.0,2.877973459087935
691,1.9766622667625624,1.7000747990629548,0.0,2.877973459087935
692,4.696019218342057,0.005405383355325187,3.653285281098413,32.96055091633538
693,4.696019218342057,0.005405383355325187,3.653285281098413,32.96055091633538
694,0.19126716056553034,0.2312105839444832,0.0,0.0
695,0.19126716056553034,0.2312105839444832,0.0,0.0
696,0.19126716056553034,0.2312105839444832,0.0,0.0
697,0.19126716056553034,0.2312105839444832,0.0,0.0
698,0.19126716056553034,0.2312105839444832,0.0,0.0
699,0.09767911990397139,0.07259262145142956,0.0,0.15696126150781592
700,0.09767911990397139,0.07259262145142956,0.0,0.15696126150781592
701,0.09767911990397139,0.07259262145142956,0.0,0.15696126150781592
702,0.04670943577600171,0.04046286525012839,0.0,0.08048211037391699
703,0.06699342839766911,0.040357432009154016,0.0,0.07938356255865259
704,0.06699342839766911,0.040357432009154016,0.0,0.07938356255865259
705,0.21147932081664172,0.1715851800711062,0.06502933925035846,0.4109802656882013
706,0.21147932081664172,0.1715851800711062,0.06502933925035846,0.4109802656882013
707,0.21147932081664172,0.1715851800711062,0.06502933925035846,0.4109802656882013
708,0.5906029051797983,4.959993180968734,0.0,0.0
709,0.5906029051797983,4.959993180968734,0.0,0.0
710,0.5906029051797983,4.959993180968734,0.0,0.0
711,0.5906029051797983,4.959993180968734,0.0,0.0
712,0.18683774310400683,0.16185146100051356,0.0,0.32192844149566796
713,0.04670943577600171,0.04046286525012839,0.0,0.08048211037391699
714,0.04670943577600171,0.04046286525012839,0.0,0.08048211037391699
715,0.20251339287989883,0.16018217141913207,0.0,0.32380147393781183
716,0.20251339287989883,0.16018217141913207,0.0,0.32380147393781183
717,0.20251339287989883,0.16018217141913207,0.0,0.32380147393781183
718,0.09504439653721894,0.08281915493521409,0.0,0.1514488837093639
719,0.09504439653721894,0.08281915493521409,0.0,0.1514488837093639
720,0.10993987616470462,0.06528851513737928,0.0,0.25991002283252895
721,0.10993987616470462,0.06528851513737928,0.0,0.25991002283252895
722,0.10993987616470462,0.06528851513737928,0.0,0.25991002283252895
723,0.842154298976532,0.5905195738123821,0.0,1.6536433919309386
724,0.842154298976532,0.5905195738123821,0.0,1.6536433919309386
725,0.842154298976532,0.5905195738123821,0.0,1.6536433919309386
726,0.518964853581216,0.1891475803478598,0.0,0.2807844635060533
727,0.518964853581216,0.1891475803478598,0.0,0.2807844635060533
728,0.518964853581216,0.1891475803478598,0.0,0.2807844635060533
729,0.518964853581216,0.1891475803478598,0.0,0.2807844635060533
730,0.518964853581216,0.1891475803478598,0.0,0.2807844635060533
731,0.518964853581216,0.1891475803478598,0.0,0.2807844635060533
732,0.08946715289264223,0.077684985248163,0.0,0.1802897575082126
733,0.06128133392017783,0.05508676258548999,0.0,0.10921607192695866
734,0.06128133392017783,0.05508676258548999,0.0,0.10921607192695866
735,0.10251801870573675,0.07235307101018833,0.0,0.17049585768949546
736,0.10251801870573675,0.07235307101018833,0.0,0.17049585768949546
737,0.10251801870573675,0.07235307101018833,0.0,0.17049585768949546
738,0.10251801870573675,0.07235307101018833,0.0,0.17049585768949546
739,0.07845942364161958,0.04347142355446699,0.0,0.13163720284598387
740,0.07845942364161958,0.04347142355446699,0.0,0.13163720284598387
741,0.07845942364161958,0.04347142355446699,0.0,0.13163720284598387
742,0.07845942364161958,0.04347142355446699,0.0,0.13163720284598387
743,0.060960855595603665,0.05271673290938511,0.0,0.10009785258688733
744,0.060960855595603665,0.05271673290938511,0.0,0.10009785258688733
745,0.09341887155200342,0.08092573050025678,0.0,0.16096422074783398
746,0.18683774310400683,0.16185146100051356,0.0,0.32192844149566796
747,0.061928470405582414,0.05567049141577759,0.0,0.10568576739038589
748,0.061928470405582414,0.05567049141577759,0.0,0.10568576739038589
749,0.061928470405582414,0.05567049141577759,0.0,0.10568576739038589
750,0.04419991552261325,0.06100489687839591,0.028935930665926007,0.0758719314260232
751,0.04419991552261325,0.06100489687839591,0.028935930665926007,0.0758719314260232
752,0.04419991552261325,0.06100489687839591,0.028935930665926007,0.0758719314260232
753,0.04419991552261325,0.06100489687839591,0.028935930665926007,0.0758719314260232
754,0.04533376615772886,0.05176846191785743,0.0,0.09900202468224933
755,0.04533376615772886,0.05176846191785743,0.0,0.09900202468224933
756,0.04533376615772886,0.05176846191785743,0.0,0.09900202468224933
757,0.5825851515937682,1.8436598940533466,1.7142727652060497,2.5116782238867463
758,0.5825851515937682,1.8436598940533466,1.7142727652060497,2.5116782238867463
759,0.5825851515937682,1.8436598940533466,1.7142727652060497,2.5116782238867463
760,0.5825851515937682,1.8436598940533466,1.7142727652060497,2.5116782238867463
761,5.045671064979872,4.3840184595633955,0.0,11.33768605643386
762,5.045671064979872,4.3840184595633955,0.0,11.33768605643386
763,0.43656194000475884,0.363809500394525,0.3353991431013438,0.43269370723908773
764,0.43656194000475884,0.363809500394525,0.3353991431013438,0.43269370723908773
765,0.43656194000475884,0.363809500394525,0.3353991431013438,0.43269370723908773
766,0.06901780730409669,0.05992951000749737,0.0,0.12557923908681884
767,0.06901780730409669,0.05992951000749737,0.0,0.12557923908681884
768,20.28477867240708,17.841767557340358,0.0,35.42235340217989
769,0.08946715289264223,0.077684985248163,0.0,0.1802897575082126
770,0.08946715289264223,0.077684985248163,0.0,0.1802897575082126
771,0.018489147556881875,0.23867906021873986,0.09723849556466033,0.13568941456533232
772,0.018489147556881875,0.23867906021873986,0.09723849556466033,0.13568941456533232
773,0.018489147556881875,0.23867906021873986,0.09723849556466033,0.13568941456533232
774,0.018489147556881875,0.23867906021873986,0.09723849556466033,0.13568941456533232
775,2.913847928437153e-11,1.23722323719905,7.363561790906911e-05,1.984292495415258
776,2.913847928437153e-11,1.23722323719905,7.363561790906911e-05,1.984292495415258
777,2.913847928437153e-11,1.23722323719905,7.363561790906911e-05,1.984292495415258
778,2.913847928437153e-11,1.23722323719905,7.363561790906911e-05,1.984292495415258
779,2.913847928437153e-11,1.23722323719905,7.363561790906911e-05,1.984292495415258
780,2.913847928437153e-11,1.23722323719905,7.363561790906911e-05,1.984292495415258
781,0.13518091493145196,0.12843199582305997,0.0,0.25080562073863727
782,0.13518091493145196,0.12843199582305997,0.0,0.25080562073863727
783,0.13518091493145196,0.12843199582305997,0.0,0.25080562073863727
784,0.06305469353766603,0.05439975841159192,0.0,0.10403922371442362
785,0.06305469353766603,0.05439975841159192,0.0,0.10403922371442362
786,1.961934962414557,1.750133540339472,0.7564535883599932,3.2081740183226755
787,1.961934962414557,1.750133540339472,0.7564535883599932,3.2081740183226755
788,0.01918525763144064,0.8829147371314711,0.24260048021053066,0.0
789,0.01918525763144064,0.8829147371314711,0.24260048021053066,0.0
790,0.01918525763144064,0.8829147371314711,0.24260048021053066,0.0
791,0.01918525763144064,0.8829147371314711,0.24260048021053066,0.0
792,0.04670943577600171,0.04046286525012839,0.0,0.08048211037391699
793,0.08946715289264223,0.077684985248163,0.0,0.1802897575082126
794,0.08946715289264223,0.077684985248163,0.0,0.1802897575082126
795,0.08946715289264223,0.077684985248163,0.0,0.1802897575082126
796,0.03807687723754414,0.0695837119683106,0.019647230183265117,0.0908759485279037
797,0.03807687723754414,0.0695837119683106,0.019647230183265117,0.0908759485279037
798,0.03807687723754414,0.0695837119683106,0.019647230183265117,0.0908759485279037
799,0.03807687723754414,0.0695837119683106,0.019647230183265117,0.0908759485279037
800,0.03807687723754414,0.0695837119683106,0.019647230183265117,0.0908759485279037
801,0.03807687723754414,0.0695837119683106,0.019647230183265117,0.0908759485279037
802,0.03807687723754414,0.0695837119683106,0.019647230183265117,0.0908759485279037
803,1.3782742432139317,1.1956080022680555,0.0,2.9872583093781206
804,1.3782742432139317,1.1956080022680555,0.0,2.9872583093781206
805,0.1486529018698985,0.12691969234796271,0.05424245509670294,0.25333790792923633
806,0.1486529018698985,0.12691969234796271,0.05424245509670294,0.25333790792923633
807,0.17540258983293097,4.21093271935687,0.9154330704668778,2.5942443873035965
808,0.17540258983293097,4.21093271935687,0.9154330704668778,2.5942443873035965
809,0.17540258983293097,4.21093271935687,0.9154330704668778,2.5942443873035965
810,0.17540258983293097,4.21093271935687,0.9154330704668778,2.5942443873035965
811,0.04670943577600171,0.04046286525012839,0.0,0.08048211037391699
812,0.43306550717730136,0.4069256863256656,0.0,1.014383353301027
813,0.43306550717730136,0.4069256863256656,0.0,1.014383353301027
814,1.0176077501010745,0.0,0.0,0.00024197810767002899
815,1.0176077501010745,0.0,0.0,0.00024197810767002899
816,1.0176077501010745,0.0,0.0,0.00024197810767002899
817,1.0176077501010745,0.0,0.0,0.00024197810767002899
818,1.0176077501010745,0.0,0.0,0.00024197810767002899
819,0.04670943577600171,0.04046286525012839,0.0,0.08048211037391699
820,47.91874086117218,0.0,62.046148982500725,1.030639341627214e-05
821,47.91874086117218,0.0,62.046148982500725,1.030639341627214e-05
822,47.91874086117218,0.0,62.046148982500725,1.030639341627214e-05
823,47.91874086117218,0.0,62.046148982500725,1.030639341627214e-05
824,2.645368073720664,2.0489823546298496,0.0,2.6000224095902786
825,2.645368073720664,2.0489823546298496,0.0,2.6000224095902786
826,2.645368073720664,2.0489823546298496,0.0,2.6000224095902786
827,2.645368073720664,2.0489823546298496,0.0,2.6000224095902786
828,0.04218538937200961,0.09608636136939906,0.00045692228655041286,0.1892187845803454
829,0.04218538937200961,0.09608636136939906,0.00045692228655041286,0.1892187845803454
830,0.04218538937200961,0.09608636136939906,0.00045692228655041286,0.1892187845803454
831,0.04218538937200961,0.09608636136939906,0.00045692228655041286,0.1892187845803454
832,0.22110350824783623,0.31402909652987504,0.0,0.3327116567262621
833,0.22110350824783623,0.31402909652987504,0.0,0.3327116567262621
834,0.0949137472173136,0.08214529540081057,0.0,0.1598204316872852
835,0.0949137472173136,0.08214529540081057,0.0,0.1598204316872852
836,1.295912500992309,1.1230839637683645,0.0,1.9132516017298014
837,1.1659648779081524,0.8788560058875865,0.0,0.9865565863850836
838,1.1659648779081524,0.8788560058875865,0.0,0.9865565863850836
839,1.1659648779081524,0.8788560058875865,0.0,0.9865565863850836
840,1.1659648779081524,0.8788560058875865,0.0,0.9865565863850836
841,1.1659648779081524,0.8788560058875865,0.0,0.9865565863850836
842,0.15165587241714024,0.17192761211342666,0.0,0.3248471584326455
843,0.15165587241714024,0.17192761211342666,0.0,0.3248471584326455
844,0.15165587241714024,0.17192761211342666,0.0,0.3248471584326455
845,0.15165587241714024,0.17192761211342666,0.0,0.3248471584326455
846,0.15165587241714024,0.17192761211342666,0.0,0.3248471584326455
847,3.5524720420770692,3.249426413080216,0.0,11.650989828414591
848,3.5524720420770692,3.249426413080216,0.0,11.650989828414591
849,3.5524720420770692,3.249426413080216,0.0,11.650989828414591
850,3.5524720420770692,3.249426413080216,0.0,11.650989828414591
851,0.2940983508154518,0.1945277010056792,0.0,0.4533074757905861
852,0.2940983508154518,0.1945277010056792,0.0,0.4533074757905861
853,0.9873140144575961,3.2429137562546266,0.0,4.583109962271003
854,0.9873140144575961,3.2429137562546266,0.0,4.583109962271003
855,0.9873140144575961,3.2429137562546266,0.0,4.583109962271003
856,0.9873140144575961,3.2429137562546266,0.0,4.583109962271003
857,0.9873140144575961,3.2429137562546266,0.0,4.583109962271003
858,0.054781616675889405,0.04457936633650047,0.0,0.09481739478159669
859,0.054781616675889405,0.04457936633650047,0.0,0.09481739478159669
860,0.2613271071650905,0.0,1.0299607673301197,0.0
861,0.2613271071650905,0.0,1.0299607673301197,0.0
862,0.2613271071650905,0.0,1.0299607673301197,0.0
863,0.2613271071650905,0.0,1.0299607673301197,0.0
864,0.070014961140121,0.06766278873415321,0.0,0.13173336423764007
865,0.070014961140121,0.06766278873415321,0.0,0.13173336423764007
866,0.070014961140121,0.06766278873415321,0.0,0.13173336423764007
867,0.070014961140121,0.06766278873415321,0.0,0.13173336423764007
868,0.36939433393786053,0.0,1.098827603780925,0.0050480765355734375
869,0.36939433393786053,0.0,1.098827603780925,0.0050480765355734375
870,0.36939433393786053,0.0,1.098827603780925,0.0050480765355734375
871,0.08050533203079627,0.009319168651395076,0.0,0.49150787931094675
872,0.08050533203079627,0.009319168651395076,0.0,0.49150787931094675
873,0.08050533203079627,0.009319168651395076,0.0,0.49150787931094675
874,0.08050533203079627,0.009319168651395076,0.0,0.49150787931094675
875,0.2895985018112106,0.2508697645507959,0.0,0.4989890843182854
876,0.5033973177232938,0.0,2.2475635554028686,0.0
877,0.5033973177232938,0.0,2.2475635554028686,0.0
878,0.5033973177232938,0.0,2.2475635554028686,0.0
879,0.5033973177232938,0.0,2.2475635554028686,0.0
880,0.5033973177232938,0.0,2.2475635554028686,0.0
881,0.16740535296902245,0.09332833077665333,0.23637856625761378,0.15770420306267105
882,0.16740535296902245,0.09332833077665333,0.23637856625761378,0.15770420306267105
883,0.07707362616221264,0.06698885582871285,0.0,0.13740707380456868
884,2.62597290099217,1.0470806292309072,0.016715388858873876,1.4618042153970563
885,2.62597290099217,1.0470806292309072,0.016715388858873876,1.4618042153970563
886,2.62597290099217,1.0470806292309072,0.016715388858873876,1.4618042153970563
887,2.62597290099217,1.0470806292309072,0.016715388858873876,1.4618042153970563
888,0.07544476798453716,0.055505224392518974,0.11114925834166692,0.11091297873901002
889,0.07544476798453716,0.055505224392518974,0.11114925834166692,0.11091297873901002
890,0.07544476798453716,0.055505224392518974,0.11114925834166692,0.11091297873901002
891,0.5365777156970158,0.24813108852784432,0.0,1.1422557900268313
892,0.5365777156970158,0.24813108852784432,0.0,1.1422557900268313
893,0.5365777156970158,0.24813108852784432,0.0,1.1422557900268313
894,0.5365777156970158,0.24813108852784432,0.0,1.1422557900268313
895,0.5365777156970158,0.24813108852784432,0.0,1.1422557900268313
896,0.5365777156970158,0.24813108852784432,0.0,1.1422557900268313
897,0.38414936231073005,0.3182046597660071,0.0,0.6276130378516638
898,0.04670943577600171,0.04046286525012839,0.0,0.08048211037391699
899,0.04670943577600171,0.04046286525012839,0.0,0.08048211037391699
900,5.4463202114818,4.717970088164971,0.0,9.38421406959872
901,0.17847763959137788,0.14035971127014824,0.0,0.28910291232648566
902,0.3830173733632142,0.3317954950510526,0.0,0.6599533050661195
903,0.04670943577600171,0.04046286525012839,0.0,0.08048211037391699
904,0.04670943577600171,0.04046286525012839,0.0,0.08048211037391699
905,0.04670943577600171,0.04046286525012839,0.0,0.08048211037391699
906,0.04670943577600171,0.04046286525012839,0.0,0.08048211037391699
907,0.04670943577600171,0.04046286525012839,0.0,0.08048211037391699
908,0.04670943577600171,0.04046286525012839,0.0,0.08048211037391699
909,0.13785168654179264,0.1251677306530244,0.054793352821992804,0.23346403674394256
910,0.13785168654179264,0.1251677306530244,0.054793352821992804,0.23346403674394256
911,6.236922563775774e-05,0.7255347249907107,0.0,1.9395287535728463
912,6.236922563775774e-05,0.7255347249907107,0.0,1.9395287535728463
913,6.236922563775774e-05,0.7255347249907107,0.0,1.9395287535728463
914,6.236922563775774e-05,0.7255347249907107,0.0,1.9395287535728463
915,6.236922563775774e-05,0.7255347249907107,0.0,1.9395287535728463
916,4.442056880004583,4.201101320592322,0.0,8.231720474710409
917,4.442056880004583,4.201101320592322,0.0,8.231720474710409
918,1.908136698759395,2.2245313576669297,1.040741192054262,4.078836405792164
919,1.908136698759395,2.2245313576669297,1.040741192054262,4.078836405792164
920,0.04843657100065173,0.0495709638222321,0.024095347695896323,0.09509667991514806
921,0.04843657100065173,0.0495709638222321,0.024095347695896323,0.09509667991514806
922,0.04843657100065173,0.0495709638222321,0.024095347695896323,0.09509667991514806
923,0.06096199077661367,0.05287017830726309,0.0,0.1137513912376509
924,0.06096199077661367,0.05287017830726309,0.0,0.1137513912376509
925,0.04670943577600171,0.04046286525012839,0.0,0.08048211037391699
926,0.04670943577600171,0.04046286525012839,0.0,0.08048211037391699
927,1.5300850921800024,1.6743831435118286,0.7622229812800442,2.063507116334229
928,1.5300850921800024,1.6743831435118286,0.7622229812800442,2.063507116334229
929,1.5300850921800024,1.6743831435118286,0.7622229812800442,2.063507116334229
930,1.5300850921800024,1.6743831435118286,0.7622229812800442,2.063507116334229
931,1.5300850921800024,1.6743831435118286,0.7622229812800442,2.063507116334229
932,0.04670943577600171,0.04046286525012839,0.0,0.08048211037391699
933,0.04670943577600171,0.04046286525012839,0.0,0.08048211037391699
934,0.04462092300768175,0.049504638780386974,0.0,0.09632874061862869
935,0.04462092300768175,0.049504638780386974,0.0,0.09632874061862869
936,0.04462092300768175,0.049504638780386974,0.0,0.09632874061862869
937,0.04462092300768175,0.049504638780386974,0.0,0.09632874061862869
938,0.4429948472972654,0.4340274855454548,0.0,0.8466180723776533
939,0.07316142104474217,0.09945425110730377,0.0,0.09473958218183258
940,0.07316142104474217,0.09945425110730377,0.0,0.09473958218183258
941,0.07316142104474217,0.09945425110730377,0.0,0.09473958218183258
942,0.053883718621811315,0.044609131758469846,0.0,0.09025970668744755
943,0.053883718621811315,0.044609131758469846,0.0,0.09025970668744755
944,0.053883718621811315,0.044609131758469846,0.0,0.09025970668744755
945,0.053883718621811315,0.044609131758469846,0.0,0.09025970668744755
946,0.3756201594228816,0.32659305283012563,0.0,0.8196933887516359
947,0.3756201594228816,0.32659305283012563,0.0,0.8196933887516359
948,0.04670943577600171,0.04046286525012839,0.0,0.08048211037391699
949,0.04670943577600171,0.04046286525012839,0.0,0.08048211037391699
950,4.764730131709836,53.91266443446267,15.77110879817457,0.0
951,4.764730131709836,53.91266443446267,15.77110879817457,0.0
952,4.764730131709836,53.91266443446267,15.77110879817457,0.0
953,4.764730131709836,53.91266443446267,15.77110879817457,0.0
954,0.19836360520120233,0.17160637496589323,0.0,0.3906921668892799
955,0.19836360520120233,0.17160637496589323,0.0,0.3906921668892799
956,0.10899771358809517,1.439526809000469,1.2934008390735805,0.0
957,0.10899771358809517,1.439526809000469,1.2934008390735805,0.0
958,0.10899771358809517,1.439526809000469,1.2934008390735805,0.0
959,0.10899771358809517,1.439526809000469,1.2934008390735805,0.0
960,0.06812659312695364,0.06788737660445797,0.0,0.11747003357950848
961,0.06812659312695364,0.06788737660445797,0.0,0.11747003357950848
962,0.04670943577600171,0.04046286525012839,0.0,0.08048211037391699
963,0.04670943577600171,0.04046286525012839,0.0,0.08048211037391699
964,0.4264051237727099,0.37012580336699424,0.0,0.9229982217373242
965,0.4264051237727099,0.37012580336699424,0.0,0.9229982217373242
966,0.06509244731154014,0.8759779967117968,0.45239193378592335,0.0
967,0.06509244731154014,0.8759779967117968,0.45239193378592335,0.0
968,0.06509244731154014,0.8759779967117968,0.45239193378592335,0.0
969,0.06509244731154014,0.8759779967117968,0.45239193378592335,0.0
970,0.04670943577600171,0.04046286525012839,0.0,0.08048211037391699
971,0.09920184792753338,0.08379178608303776,0.26159280478858615,0.12457108606285593
972,0.09920184792753338,0.08379178608303776,0.26159280478858615,0.12457108606285593
973,0.09920184792753338,0.08379178608303776,0.26159280478858615,0.12457108606285593
974,0.09920184792753338,0.08379178608303776,0.26159280478858615,0.12457108606285593
975,0.06277753892883645,0.05435700759152872,0.0,0.10692822224871405
976,0.06277753892883645,0.05435700759152872,0.0,0.10692822224871405
977,0.24269035182228754,1.3199325847470638,0.800978389881797,0.0
978,0.24269035182228754,1.3199325847470638,0.800978389881797,0.0
979,0.24269035182228754,1.3199325847470638,0.800978389881797,0.0
980,0.24269035182228754,1.3199325847470638,0.800978389881797,0.0
981,0.08644444966333859,0.5047551081054238,0.16793850738128147,0.7866138249179352
982,0.08644444966333859,0.5047551081054238,0.16793850738128147,0.7866138249179352
983,0.08644444966333859,0.5047551081054238,0.16793850738128147,0.7866138249179352
984,0.2797835042980613,0.1502751255702413,0.0,0.6470558658637221
985,0.2797835042980613,0.1502751255702413,0.0,0.6470558658637221
986,0.2797835042980613,0.1502751255702413,0.0,0.6470558658637221
987,0.2797835042980613,0.1502751255702413,0.0,0.6470558658637221
988,0.09341887155200342,0.08092573050025678,0.0,0.16096422074783398
989,0.04670943577600171,0.04046286525012839,0.0,0.08048211037391699
990,0.04670943577600171,0.04046286525012839,0.0,0.08048211037391699
991,0.2882455764396091,0.2504372652048236,0.0,0.6296918952302362
992,0.2882455764396091,0.2504372652048236,0.0,0.6296918952302362
993,0.06428471435819338,0.17442476932208925,0.08982568242368226,0.0
994,0.06428471435819338,0.17442476932208925,0.08982568242368226,0.0
995,0.06428471435819338,0.17442476932208925,0.08982568242368226,0.0
996,0.06428471435819338,0.17442476932208925,0.08982568242368226,0.0
997,0.04670943577600171,0.04046286525012839,0.0,0.08048211037391699
998,0.04670943577600171,0.04046286525012839,0.0,0.08048211037391699
999,0.04670943577600171,0.04046286525012839,0.0,0.08048211037391699
1000,0.04670943577600171,0.04046286525012839,0.0,0.08048211037391699
1001,0.05166117375271564,0.05390039511149345,0.028770830592096442,0.1653165700464774
1002,0.05166117375271564,0.05390039511149345,0.028770830592096442,0.1653165700464774
1003,0.05166117375271564,0.05390039511149345,0.028770830592096442,0.1653165700464774
1004,0.05166117375271564,0.05390039511149345,0.028770830592096442,0.1653165700464774
1005,0.04670943577600171,0.04046286525012839,0.0,0.08048211037391699
1006,0.04670943577600171,0.04046286525012839,0.0,0.08048211037391699
1007,0.04670943577600171,0.04046286525012839,0.0,0.08048211037391699
1008,0.19836360520120233,0.17160637496589323,0.0,0.3906921668892799
1009,0.19836360520120233,0.17160637496589323,0.0,0.3906921668892799
1010,0.04670943577600171,0.04046286525012839,0.0,0.08048211037391699
1011,0.2528341520186155,0.06915084298750948,0.0,2.3574860399752726
1012,0.2528341520186155,0.06915084298750948,0.0,2.3574860399752726
1013,0.2528341520186155,0.06915084298750948,0.0,2.3574860399752726
1014,0.2528341520186155,0.06915084298750948,0.0,2.3574860399752726
1015,0.14932805655318251,0.12979632376375833,0.0,0.32002009650452523
1016,0.1080491220777804,0.03820681190175755,0.0,0.06476991796961305
1017,0.1080491220777804,0.03820681190175755,0.0,0.06476991796961305
1018,0.04670943577600171,0.04046286525012839,0.0,0.08048211037391699
1019,0.19105343547192152,0.10339574035682925,0.0,0.18317418867841295
1020,0.19105343547192152,0.10339574035682925,0.0,0.18317418867841295
1021,0.19105343547192152,0.10339574035682925,0.0,0.18317418867841295
1022,0.2063125145424343,1.168243573581632,0.46832312362223794,0.0
1023,0.2063125145424343,1.168243573581632,0.46832312362223794,0.0
1024,0.2063125145424343,1.168243573581632,0.46832312362223794,0.0
1025,0.2063125145424343,1.168243573581632,0.46832312362223794,0.0
1026,0.41744672019424806,0.32153383120987256,0.0,0.978973037598894
1027,0.41744672019424806,0.32153383120987256,0.0,0.978973037598894
1028,0.41744672019424806,0.32153383120987256,0.0,0.978973037598894
1029,0.41744672019424806,0.32153383120987256,0.0,0.978973037598894
1030,0.07983166457028854,0.06995105396640557,0.0319402786129082,0.13079777670941128
1031,0.07983166457028854,0.06995105396640557,0.0319402786129082,0.13079777670941128
1032,0.844636177044742,0.004274597214961826,0.0,2.1806240608815823
1033,0.844636177044742,0.004274597214961826,0.0,2.1806240608815823
1034,0.844636177044742,0.004274597214961826,0.0,2.1806240608815823
1035,0.1991592160570955,0.07610959326039578,0.5014492723211974,0.010099296777441466
1036,0.1991592160570955,0.07610959326039578,0.5014492723211974,0.010099296777441466
1037,0.1991592160570955,0.07610959326039578,0.5014492723211974,0.010099296777441466
1038,0.08261948936611474,0.07221264658122384,0.05253689873307234,0.32394530941383526
1039,0.08261948936611474,0.07221264658122384,0.05253689873307234,0.32394530941383526
1040,0.08261948936611474,0.07221264658122384,0.05253689873307234,0.32394530941383526
1041,0.05637504130582482,0.06511368258265555,0.0284044913855541,0.09841877108208337
1042,0.05637504130582482,0.06511368258265555,0.0284044913855541,0.09841877108208337
1043,0.05637504130582482,0.06511368258265555,0.0284044913855541,0.09841877108208337
1044,0.05637504130582482,0.06511368258265555,0.0284044913855541,0.09841877108208337
1045,0.05637504130582482,0.06511368258265555,0.0284044913855541,0.09841877108208337
1046,0.04670943577600171,0.04046286525012839,0.0,0.08048211037391699
1047,0.04670943577600171,0.04046286525012839,0.0,0.08048211037391699
1048,0.04670943577600171,0.04046286525012839,0.0,0.08048211037391699
1049,0.04598691422464787,0.045386730888168095,0.02382778383850697,0.08070788994600607
1050,0.04598691422464787,0.045386730888168095,0.02382778383850697,0.08070788994600607
1051,0.04598691422464787,0.045386730888168095,0.02382778383850697,0.08070788994600607
1052,0.04598691422464787,0.045386730888168095,0.02382778383850697,0.08070788994600607
1053,0.04598691422464787,0.045386730888168095,0.02382778383850697,0.08070788994600607
1054,0.04670943577600171,0.04046286525012839,0.0,0.08048211037391699
1055,0.04670943577600171,0.04046286525012839,0.0,0.08048211037391699
1056,0.04670943577600171,0.04046286525012839,0.0,0.08048211037391699
1057,0.04670943577600171,0.04046286525012839,0.0,0.08048211037391699
1058,0.04670943577600171,0.04046286525012839,0.0,0.08048211037391699
1059,0.18277645248101299,0.0,0.0,0.04770832812206649
1060,0.18277645248101299,0.0,0.0,0.04770832812206649
1061,0.18277645248101299,0.0,0.0,0.04770832812206649
1062,0.18277645248101299,0.0,0.0,0.04770832812206649
1063,0.04670943577600171,0.04046286525012839,0.0,0.08048211037391699
1064,0.2895985018112106,0.2508697645507959,0.0,0.4989890843182854
1065,0.06305469353766603,0.05439975841159192,0.0,0.10403922371442362
1066,0.06305469353766603,0.05439975841159192,0.0,0.10403922371442362
1067,0.05216446048665069,0.045366324543923496,0.0,0.09477976203774789
1068,0.05216446048665069,0.045366324543923496,0.0,0.09477976203774789
1069,0.6844933264968849,1.0116268043342544,0.5738385689589415,1.1721199635479624
1070,0.6844933264968849,1.0116268043342544,0.5738385689589415,1.1721199635479624
1071,0.6844933264968849,1.0116268043342544,0.5738385689589415,1.1721199635479624
1072,0.6844933264968849,1.0116268043342544,0.5738385689589415,1.1721199635479624
1073,0.04670943577600171,0.04046286525012839,0.0,0.08048211037391699
1074,0.04670943577600171,0.04046286525012839,0.0,0.08048211037391699
1075,0.04670943577600171,0.04046286525012839,0.0,0.08048211037391699
1076,0.09341887155200342,0.08092573050025678,0.0,0.16096422074783398
1077,0.18683774310400683,0.16185146100051356,0.0,0.32192844149566796
1078,0.04670943577600171,0.04046286525012839,0.0,0.08048211037391699
1079,0.519257449307121,0.32920754798185403,0.610456889280147,0.0
1080,0.519257449307121,0.32920754798185403,0.610456889280147,0.0
1081,0.519257449307121,0.32920754798185403,0.610456889280147,0.0
1082,0.519257449307121,0.32920754798185403,0.610456889280147,0.0
1083,0.18683774310400683,0.16185146100051356,0.0,0.32192844149566796
1084,0.2597403732908689,0.22562229325159083,0.0,0.5631536793792199
1085,0.2597403732908689,0.22562229325159083,0.0,0.5631536793792199
1086,0.14811732423991314,0.11148566449943535,0.30249099000281093,0.0
1087,0.14811732423991314,0.11148566449943535,0.30249099000281093,0.0
1088,0.14811732423991314,0.11148566449943535,0.30249099000281093,0.0
1089,0.14811732423991314,0.11148566449943535,0.30249099000281093,0.0
1090,0.14811732423991314,0.11148566449943535,0.30249099000281093,0.0
1091,0.06096199077661367,0.05287017830726309,0.0,0.1137513912376509
1092,0.09162790162624913,0.04513450129103515,0.0,0.1767234886185281
1093,0.09162790162624913,0.04513450129103515,0.0,0.1767234886185281
1094,0.09162790162624913,0.04513450129103515,0.0,0.1767234886185281
1095,0.09162790162624913,0.04513450129103515,0.0,0.1767234886185281
1096,0.09162790162624913,0.04513450129103515,0.0,0.1767234886185281
1097,0.04670943577600171,0.04046286525012839,0.0,0.08048211037391699
1098,0.04670943577600171,0.04046286525012839,0.0,0.08048211037391699
1099,0.04670943577600171,0.04046286525012839,0.0,0.08048211037391699
1100,0.12698059815798443,0.21466469896083742,0.5387356082724466,0.674019514704361
1101,0.12698059815798443,0.21466469896083742,0.5387356082724466,0.674019514704361
1102,0.12698059815798443,0.21466469896083742,0.5387356082724466,0.674019514704361
1103,0.12698059815798443,0.21466469896083742,0.5387356082724466,0.674019514704361
1104,0.12698059815798443,0.21466469896083742,0.5387356082724466,0.674019514704361
1105,0.12698059815798443,0.21466469896083742,0.5387356082724466,0.674019514704361
1106,0.12698059815798443,0.21466469896083742,0.5387356082724466,0.674019514704361
1107,0.06827998660286791,0.06172440048262368,0.0,0.12276877380921221
1108,0.06827998660286791,0.06172440048262368,0.0,0.12276877380921221
1109,0.08946715289264223,0.077684985248163,0.0,0.1802897575082126
1110,0.02184395217387505,0.11179041531137707,0.2594487365957948,0.13168218845024318
1111,0.02184395217387505,0.11179041531137707,0.2594487365957948,0.13168218845024318
1112,0.02184395217387505,0.11179041531137707,0.2594487365957948,0.13168218845024318
1113,0.02184395217387505,0.11179041531137707,0.2594487365957948,0.13168218845024318
1114,0.22200421537510998,0.19819963786557546,0.08697489330166507,0.36617550859835124
1115,0.22200421537510998,0.19819963786557546,0.08697489330166507,0.36617550859835124
1116,0.583251621559803,0.0,1.6703358595405577,0.0
1117,0.583251621559803,0.0,1.6703358595405577,0.0
1118,0.583251621559803,0.0,1.6703358595405577,0.0
1119,0.583251621559803,0.0,1.6703358595405577,0.0
1120,0.07479282919607336,0.11712657331712187,0.0,0.30240086319556136
1121,0.07479282919607336,0.11712657331712187,0.0,0.30240086319556136
1122,0.07479282919607336,0.11712657331712187,0.0,0.30240086319556136
1123,0.07479282919607336,0.11712657331712187,0.0,0.30240086319556136
1124,0.07479282919607336,0.11712657331712187,0.0,0.30240086319556136
1125,0.08946715289264223,0.077684985248163,0.0,0.1802897575082126
1126,0.08946715289264223,0.077684985248163,0.0,0.1802897575082126
1127,0.04670943577600171,0.04046286525012839,0.0,0.08048211037391699
1128,0.16543964333183922,0.14391476293753402,0.0,0.3436759912525835
1129,0.12763965820887346,0.291102868774,0.0,0.34589381946703884
1130,0.12763965820887346,0.291102868774,0.0,0.34589381946703884
1131,0.12763965820887346,0.291102868774,0.0,0.34589381946703884
1132,0.12763965820887346,0.291102868774,0.0,0.34589381946703884
1133,0.12763965820887346,0.291102868774,0.0,0.34589381946703884
1134,0.12763965820887346,0.291102868774,0.0,0.34589381946703884
1135,0.12763965820887346,0.291102868774,0.0,0.34589381946703884
1136,0.04670943577600171,0.04046286525012839,0.0,0.08048211037391699
1137,0.33630097713180607,0.3014691276840315,0.0,0.5854204234002435
1138,0.06409015043056052,0.055994881872343076,0.0,0.1204770512450125
1139,0.06409015043056052,0.055994881872343076,0.0,0.1204770512450125
1140,0.06409015043056052,0.055994881872343076,0.0,0.1204770512450125
1141,0.6399009759980265,0.5280309606261804,0.0,1.0604125303843066
1142,0.03506559067211792,0.20705977967513575,0.0,0.5691101492920108
1143,0.03506559067211792,0.20705977967513575,0.0,0.5691101492920108
1144,0.03506559067211792,0.20705977967513575,0.0,0.5691101492920108
1145,0.03506559067211792,0.20705977967513575,0.0,0.5691101492920108
1146,3.558411639949632,2.5569881630873477,0.0,8.716988451029355
1147,3.558411639949632,2.5569881630873477,0.0,8.716988451029355
1148,3.558411639949632,2.5569881630873477,0.0,8.716988451029355
1149,0.26752937034213875,0.23320032250195438,0.10802913319775029,0.43698326750710126
1150,0.03634276291227067,0.06516882933627023,0.0,0.2488271745864103
1151,0.03634276291227067,0.06516882933627023,0.0,0.2488271745864103
1152,0.03634276291227067,0.06516882933627023,0.0,0.2488271745864103
1153,0.03634276291227067,0.06516882933627023,0.0,0.2488271745864103
1154,4.28813386206704,3.0794530899644883,0.0,10.51510551835249
1155,4.28813386206704,3.0794530899644883,0.0,10.51510551835249
1156,0.11690185012549247,0.10766536563390164,0.0,0.20139328001765455
1157,0.11690185012549247,0.10766536563390164,0.0,0.20139328001765455
1158,8.475253222506587e-10,0.7230172553731824,0.11767004033390287,0.25021396103067794
1159,8.475253222506587e-10,0.7230172553731824,0.11767004033390287,0.25021396103067794
1160,8.475253222506587e-10,0.7230172553731824,0.11767004033390287,0.25021396103067794
1161,8.475253222506587e-10,0.7230172553731824,0.11767004033390287,0.25021396103067794
1162,0.06282108649636788,0.05458161074165103,0.0,0.10413772012639864
1163,0.09341887155200342,0.08092573050025678,0.0,0.16096422074783398
1164,0.06016979020519178,0.12485203264902368,1.5055091744251142e-05,0.21469867810240098
1165,0.06016979020519178,0.12485203264902368,1.5055091744251142e-05,0.21469867810240098
1166,0.9905544941946128,1.8819669087920494,0.0,2.412504928141593
1167,0.9905544941946128,1.8819669087920494,0.0,2.412504928141593
1168,0.9905544941946128,1.8819669087920494,0.0,2.412504928141593
1169,0.06819107049946324,0.06909115864330677,0.0,0.09575225732399144
1170,0.06819107049946324,0.06909115864330677,0.0,0.09575225732399144
1171,0.06819107049946324,0.06909115864330677,0.0,0.09575225732399144
1172,1.9126949811307667,1.4490139512268707,0.0,3.0418848137660337
1173,1.9126949811307667,1.4490139512268707,0.0,3.0418848137660337
1174,0.07299176999407336,0.03418642554716072,0.0,0.07729990100721783
1175,0.07299176999407336,0.03418642554716072,0.0,0.07729990100721783
1176,0.07299176999407336,0.03418642554716072,0.0,0.07729990100721783
1177,0.07299176999407336,0.03418642554716072,0.0,0.07729990100721783
1178,0.07299176999407336,0.03418642554716072,0.0,0.07729990100721783
1179,0.07299176999407336,0.03418642554716072,0.0,0.07729990100721783
1180,0.07299176999407336,0.03418642554716072,0.0,0.07729990100721783
1181,0.18153012946710828,0.14063498686106976,0.0,0.3570013383071135
1182,0.18153012946710828,0.14063498686106976,0.0,0.3570013383071135
1183,0.18153012946710828,0.14063498686106976,0.0,0.3570013383071135
1184,0.24595798039057687,0.20690223644456165,0.0,0.40498160563044583
1185,0.24595798039057687,0.20690223644456165,0.0,0.40498160563044583
1186,0.05857671159802339,0.08747824728932724,0.0,0.1426652187722347
1187,0.05857671159802339,0.08747824728932724,0.0,0.1426652187722347
1188,0.05857671159802339,0.08747824728932724,0.0,0.1426652187722347
1189,0.05857671159802339,0.08747824728932724,0.0,0.1426652187722347
1190,0.05857671159802339,0.08747824728932724,0.0,0.1426652187722347
1191,0.10929691596128494,0.0952263175058116,0.0,0.18471833411313215
1192,0.10929691596128494,0.0952263175058116,0.0,0.18471833411313215
1193,0.05410560193220418,0.08041014742308655,0.035237677994221006,0.09103663730415097
1194,0.05410560193220418,0.08041014742308655,0.035237677994221006,0.09103663730415097
1195,0.05410560193220418,0.08041014742308655,0.035237677994221006,0.09103663730415097
1196,0.18683774310400683,0.16185146100051356,0.0,0.32192844149566796
1197,0.1555447709700956,2.64794915565032,1.3655580845813042,0.0
1198,0.1555447709700956,2.64794915565032,1.3655580845813042,0.0
1199,0.1555447709700956,2.64794915565032,1.3655580845813042,0.0
1200,0.1555447709700956,2.64794915565032,1.3655580845813042,0.0
1201,0.4027264700766451,0.17995565557223528,0.0,0.3458810391861023
1202,0.4027264700766451,0.17995565557223528,0.0,0.3458810391861023
1203,0.4027264700766451,0.17995565557223528,0.0,0.3458810391861023
1204,0.04670943577600171,0.04046286525012839,0.0,0.08048211037391699
1205,0.06305469353766603,0.05439975841159192,0.0,0.10403922371442362
1206,0.06305469353766603,0.05439975841159192,0.0,0.10403922371442362
1207,0.04670943577600171,0.04046286525012839,0.0,0.08048211037391699
1208,0.04670943577600171,0.04046286525012839,0.0,0.08048211037391699
1209,0.09341887155200342,0.08092573050025678,0.0,0.16096422074783398
1210,0.04670943577600171,0.04046286525012839,0.0,0.08048211037391699
1211,0.04670943577600171,0.04046286525012839,0.0,0.08048211037391699
1212,0.04670943577600171,0.04046286525012839,0.0,0.08048211037391699
1213,0.04670943577600171,0.04046286525012839,0.0,0.08048211037391699
1214,0.7847185210368287,0.6797761362021568,0.0,1.3520994542818054
1215,0.04670943577600171,0.04046286525012839,0.0,0.08048211037391699
1216,0.04670943577600171,0.04046286525012839,0.0,0.08048211037391699
1217,0.07111052164190144,0.061459137439978245,0.0,0.11586701907622693
1218,0.07111052164190144,0.061459137439978245,0.0,0.11586701907622693
1219,0.301025055568373,0.26238308979946634,0.0,0.5945887834807787
1220,0.301025055568373,0.26238308979946634,0.0,0.5945887834807787
1221,0.04670943577600171,0.04046286525012839,0.0,0.08048211037391699
1222,0.11991272039297328,0.1034517422595342,0.0,0.18663674210864298
1223,0.6715840052592563,0.5898713156375448,0.26593885460097505,1.0945941113778879
1224,0.04670943577600171,0.04046286525012839,0.0,0.08048211037391699
1225,0.04670943577600171,0.04046286525012839,0.0,0.08048211037391699
1226,0.5614212596270094,8.001979100489129e-06,0.0,0.9559243133225497
1227,0.5614212596270094,8.001979100489129e-06,0.0,0.9559243133225497
1228,0.5614212596270094,8.001979100489129e-06,0.0,0.9559243133225497
1229,0.5614212596270094,8.001979100489129e-06,0.0,0.9559243133225497
1230,0.2792138808231836,0.38535818012751916,0.28133022662874774,1.0334956581552845
1231,0.2792138808231836,0.38535818012751916,0.28133022662874774,1.0334956581552845
1232,0.2792138808231836,0.38535818012751916,0.28133022662874774,1.0334956581552845
1233,0.2792138808231836,0.38535818012751916,0.28133022662874774,1.0334956581552845
1234,5.6238160674306075,4.871728976115456,0.0,9.690046089019605
1235,0.04485272617577599,3.5286754006287326,1.0325638088897109,2.6609817834376943
1236,0.04485272617577599,3.5286754006287326,1.0325638088897109,2.6609817834376943
1237,0.04485272617577599,3.5286754006287326,1.0325638088897109,2.6609817834376943
1238,0.04485272617577599,3.5286754006287326,1.0325638088897109,2.6609817834376943
1239,0.5885388907776217,0.5098321021516176,0.0,1.0140745907113542
1240,1.532126989396525,1.5080959688380489,0.0,3.1827529545607267
1241,1.532126989396525,1.5080959688380489,0.0,3.1827529545607267
1242,1.532126989396525,1.5080959688380489,0.0,3.1827529545607267
1243,0.04670943577600171,0.04046286525012839,0.0,0.08048211037391699
1244,0.0003150626747679367,9.939968194633272,3.021442815493651,2.660583058671154
1245,0.0003150626747679367,9.939968194633272,3.021442815493651,2.660583058671154
1246,0.0003150626747679367,9.939968194633272,3.021442815493651,2.660583058671154
1247,0.0003150626747679367,9.939968194633272,3.021442815493651,2.660583058671154
1248,0.07827292396241117,0.06654364416338922,0.0316356461536729,0.18501792340263093
1249,0.07827292396241117,0.06654364416338922,0.0316356461536729,0.18501792340263093
1250,0.07827292396241117,0.06654364416338922,0.0316356461536729,0.18501792340263093
1251,0.21203950393073515,0.18438925615421206,0.0,0.46640417408908774
1252,0.21203950393073515,0.18438925615421206,0.0,0.46640417408908774
1253,5.209980624955461,3.284589761566776,0.0,6.419104928448832
1254,5.209980624955461,3.284589761566776,0.0,6.419104928448832
1255,5.209980624955461,3.284589761566776,0.0,6.419104928448832
1256,14.453767208639784,36.20685759463291,11.199096165398345,22.292745280384157
1257,14.453767208639784,36.20685759463291,11.199096165398345,22.292745280384157
1258,14.453767208639784,36.20685759463291,11.199096165398345,22.292745280384157
1259,14.453767208639784,36.20685759463291,11.199096165398345,22.292745280384157
1260,0.2955260261346055,0.43073777914975897,0.0,0.0
1261,0.2955260261346055,0.43073777914975897,0.0,0.0
1262,0.2955260261346055,0.43073777914975897,0.0,0.0
1263,0.2955260261346055,0.43073777914975897,0.0,0.0
1264,0.2955260261346055,0.43073777914975897,0.0,0.0
1265,0.2955260261346055,0.43073777914975897,0.0,0.0
1266,0.07730722539514645,0.06680701799230439,0.0,0.1373085792962686
1267,0.07730722539514645,0.06680701799230439,0.0,0.1373085792962686
1268,0.2911742951356117,1.3793802291809298,0.1986950637026492,1.0080365518073826
1269,0.2911742951356117,1.3793802291809298,0.1986950637026492,1.0080365518073826
1270,0.2911742951356117,1.3793802291809298,0.1986950637026492,1.0080365518073826
1271,0.2911742951356117,1.3793802291809298,0.1986950637026492,1.0080365518073826
1272,0.7240740818529163,0.7247103632649515,0.0,1.8457087158885173
1273,0.7240740818529163,0.7247103632649515,0.0,1.8457087158885173
1274,0.32941898026214866,0.09898344804852749,0.0,0.5566861098982111
1275,0.32941898026214866,0.09898344804852749,0.0,0.5566861098982111
1276,0.32941898026214866,0.09898344804852749,0.0,0.5566861098982111
1277,0.32941898026214866,0.09898344804852749,0.0,0.5566861098982111
1278,0.09341887155200342,0.08092573050025678,0.0,0.16096422074783398
1279,0.4902077975917453,0.39704042290815594,0.0,0.7946065390879616
1280,0.4902077975917453,0.39704042290815594,0.0,0.7946065390879616
1281,1.0407504851667573,1.1024211822425063,0.9973722956094253,0.0
1282,1.0407504851667573,1.1024211822425063,0.9973722956094253,0.0
1283,1.0407504851667573,1.1024211822425063,0.9973722956094253,0.0
1284,1.0407504851667573,1.1024211822425063,0.9973722956094253,0.0
1285,1.0407504851667573,1.1024211822425063,0.9973722956094253,0.0
1286,1.0407504851667573,1.1024211822425063,0.9973722956094253,0.0
1287,0.2650639950818836,0.08356310026284523,0.0,0.33303197166101123
1288,0.2650639950818836,0.08356310026284523,0.0,0.33303197166101123
1289,0.2650639950818836,0.08356310026284523,0.0,0.33303197166101123
1290,0.06277753892883645,0.05435700759152872,0.0,0.10692822224871405
1291,1.0940325699515236,0.40321058908015,0.0,1.274045474615486
1292,1.0940325699515236,0.40321058908015,0.0,1.274045474615486
1293,1.0940325699515236,0.40321058908015,0.0,1.274045474615486
1294,1.0940325699515236,0.40321058908015,0.0,1.274045474615486
1295,1.0940325699515236,0.40321058908015,0.0,1.274045474615486
1296,0.13693445566271864,0.11909986924676574,0.0,0.2771377120152671
1297,0.13693445566271864,0.11909986924676574,0.0,0.2771377120152671
1298,0.058711568102705676,0.05480467155218662,0.0,0.11251195298587528
1299,0.058711568102705676,0.05480467155218662,0.0,0.11251195298587528
1300,0.06277753892883645,0.05435700759152872,0.0,0.10692822224871405
1301,0.06277753892883645,0.05435700759152872,0.0,0.10692822224871405
1302,0.07916635005843345,0.06851852054039716,0.0,0.12769481069893063
1303,1.0808857471798143,0.924368769886529,1.883318170211098,0.33997196358600507
1304,1.0808857471798143,0.924368769886529,1.883318170211098,0.33997196358600507
1305,1.0808857471798143,0.924368769886529,1.883318170211098,0.33997196358600507
1306,1.0808857471798143,0.924368769886529,1.883318170211098,0.33997196358600507
1307,0.09341887155200342,0.08092573050025678,0.0,0.16096422074783398
1308,0.18904712510762126,0.22202528770743657,0.0,0.49008173073343103
1309,0.18904712510762126,0.22202528770743657,0.0,0.49008173073343103
1310,0.18904712510762126,0.22202528770743657,0.0,0.49008173073343103
1311,0.18904712510762126,0.22202528770743657,0.0,0.49008173073343103
1312,0.23607317137582384,0.0,0.5455484616090487,0.2694691527896454
1313,0.23607317137582384,0.0,0.5455484616090487,0.2694691527896454
1314,0.23607317137582384,0.0,0.5455484616090487,0.2694691527896454
1315,0.23607317137582384,0.0,0.5455484616090487,0.2694691527896454
1316,11.325494940083246,9.854443284419723,0.0,26.174414987908616
1317,11.325494940083246,9.854443284419723,0.0,26.174414987908616
1318,0.06682845903695246,0.05829925736941059,0.0,0.10683497840596626
1319,0.06682845903695246,0.05829925736941059,0.0,0.10683497840596626
1320,0.06682845903695246,0.05829925736941059,0.0,0.10683497840596626
1321,5.956062507390391e-12,0.03359005229161408,0.760734688648651,1.5911670184610975
1322,5.956062507390391e-12,0.03359005229161408,0.760734688648651,1.5911670184610975
1323,5.956062507390391e-12,0.03359005229161408,0.760734688648651,1.5911670184610975
1324,5.956062507390391e-12,0.03359005229161408,0.760734688648651,1.5911670184610975
1325,5.956062507390391e-12,0.03359005229161408,0.760734688648651,1.5911670184610975
1326,0.3830173733632142,0.3317954950510526,0.0,0.6599533050661195
1327,0.21670490623920874,0.19050829136118108,0.0,0.3857257697505382
1328,0.21670490623920874,0.19050829136118108,0.0,0.3857257697505382
1329,0.21670490623920874,0.19050829136118108,0.0,0.3857257697505382
1330,0.10948563364154242,0.09676920094171317,0.0,0.18855441230102793
1331,0.10948563364154242,0.09676920094171317,0.0,0.18855441230102793
1332,5.948920972699363,3.070400838343935,0.0,0.0
1333,5.948920972699363,3.070400838343935,0.0,0.0
1334,5.948920972699363,3.070400838343935,0.0,0.0
1335,5.948920972699363,3.070400838343935,0.0,0.0
1336,5.948920972699363,3.070400838343935,0.0,0.0
1337,0.06305469353766603,0.05439975841159192,0.0,0.10403922371442362
1338,0.24918327555947228,0.19291693158322468,0.0,0.40043190332995254
1339,2.0803701973241826,0.00012377958402668362,0.0,1.8130168470530992
1340,2.0803701973241826,0.00012377958402668362,0.0,1.8130168470530992
1341,2.0803701973241826,0.00012377958402668362,0.0,1.8130168470530992
1342,2.0803701973241826,0.00012377958402668362,0.0,1.8130168470530992
1343,0.37125371364156506,0.3222068215727406,0.0,0.7803085590462968
1344,0.0904330795917475,0.07605647419296588,0.039135255739209715,0.14653728595741272
1345,0.0904330795917475,0.07605647419296588,0.039135255739209715,0.14653728595741272
1346,0.0904330795917475,0.07605647419296588,0.039135255739209715,0.14653728595741272
1347,0.07734943172245594,0.06898090900479235,0.0,0.13566219164528415
1348,0.07734943172245594,0.06898090900479235,0.0,0.13566219164528415
1349,0.2492319738290035,0.13527000928413582,0.0,0.3445976685174571
1350,0.2492319738290035,0.13527000928413582,0.0,0.3445976685174571
1351,0.2492319738290035,0.13527000928413582,0.0,0.3445976685174571
1352,0.2492319738290035,0.13527000928413582,0.0,0.3445976685174571
1353,0.04533376615772886,0.05176846191785743,0.0,0.09900202468224933
1354,0.04533376615772886,0.05176846191785743,0.0,0.09900202468224933
1355,0.04533376615772886,0.05176846191785743,0.0,0.09900202468224933
1356,0.04533376615772886,0.05176846191785743,0.0,0.09900202468224933
1357,0.27760147992236794,0.2414637212248435,0.0,0.6194420444039945
1358,0.27760147992236794,0.2414637212248435,0.0,0.6194420444039945
1359,0.31314082908205904,0.11139099362311261,0.0,0.38051536629875804
1360,0.31314082908205904,0.11139099362311261,0.0,0.38051536629875804
1361,0.31314082908205904,0.11139099362311261,0.0,0.38051536629875804
1362,0.31314082908205904,0.11139099362311261,0.0,0.38051536629875804
1363,0.31314082908205904,0.11139099362311261,0.0,0.38051536629875804
1364,0.31314082908205904,0.11139099362311261,0.0,0.38051536629875804
1365,0.04533376615772886,0.05176846191785743,0.0,0.09900202468224933
1366,0.04533376615772886,0.05176846191785743,0.0,0.09900202468224933
1367,0.04533376615772886,0.05176846191785743,0.0,0.09900202468224933
1368,0.6831315530938337,0.47911692660167693,0.0,1.1886589121956614
1369,0.6831315530938337,0.47911692660167693,0.0,1.1886589121956614
1370,0.6831315530938337,0.47911692660167693,0.0,1.1886589121956614
1371,0.11098319886872551,0.09409010529211559,0.0,0.18512247056164177
1372,0.11098319886872551,0.09409010529211559,0.0,0.18512247056164177
1373,0.04670943577600171,0.04046286525012839,0.0,0.08048211037391699
1374,0.04670943577600171,0.04046286525012839,0.0,0.08048211037391699
1375,0.3830173733632142,0.3317954950510526,0.0,0.6599533050661195
1376,2.6377164097186396,2.3018968963151454,0.0,4.1603602391235555
1377,2.6377164097186396,2.3018968963151454,0.0,4.1603602391235555
1378,0.04670943577600171,0.04046286525012839,0.0,0.08048211037391699
1379,0.3830173733632142,0.3317954950510526,0.0,0.6599533050661195
1380,0.04670943577600171,0.04046286525012839,0.0,0.08048211037391699
1381,0.04670943577600171,0.04046286525012839,0.0,0.08048211037391699
1382,0.18683774310400683,0.16185146100051356,0.0,0.32192844149566796
1383,0.04670943577600171,0.04046286525012839,0.0,0.08048211037391699
1384,0.06901780730409669,0.05992951000749737,0.0,0.12557923908681884
1385,0.06901780730409669,0.05992951000749737,0.0,0.12557923908681884
1386,0.04670943577600171,0.04046286525012839,0.0,0.08048211037391699
1387,0.3830173733632142,0.3317954950510526,0.0,0.6599533050661195
1388,0.4857781320704179,0.4208137986013351,0.0,0.8370139478887367
1389,0.04670943577600171,0.04046286525012839,0.0,0.08048211037391699
1390,0.04670943577600171,0.04046286525012839,0.0,0.08048211037391699
1391,0.04670943577600171,0.04046286525012839,0.0,0.08048211037391699
1392,0.04670943577600171,0.04046286525012839,0.0,0.08048211037391699
1393,0.3830173733632142,0.3317954950510526,0.0,0.6599533050661195
1394,0.09341887155200342,0.08092573050025678,0.0,0.16096422074783398
1395,0.04670943577600171,0.04046286525012839,0.0,0.08048211037391699
1396,0.04670943577600171,0.04046286525012839,0.0,0.08048211037391699
1397,0.0748434852148772,0.0695603990006708,0.11786643920202464,0.10866567101853322
1398,0.0748434852148772,0.0695603990006708,0.11786643920202464,0.10866567101853322
1399,0.0748434852148772,0.0695603990006708,0.11786643920202464,0.10866567101853322
1400,0.0748434852148772,0.0695603990006708,0.11786643920202464,0.10866567101853322
1401,0.0748434852148772,0.0695603990006708,0.11786643920202464,0.10866567101853322
1402,1.708992680674477,2.2448443806803846,1.5225851977647624,3.1325598178565657
1403,1.708992680674477,2.2448443806803846,1.5225851977647624,3.1325598178565657
1404,1.708992680674477,2.2448443806803846,1.5225851977647624,3.1325598178565657
1405,1.708992680674477,2.2448443806803846,1.5225851977647624,3.1325598178565657
1406,0.04670943577600171,0.04046286525012839,0.0,0.08048211037391699
1407,0.21203950393073515,0.18438925615421206,0.0,0.46640417408908774
1408,0.1386294328456556,0.12601699590637966,0.0,0.24602235823593183
1409,0.1386294328456556,0.12601699590637966,0.0,0.24602235823593183
1410,0.01511122940960992,6.27055646990426e-05,0.0,2.1490672565655253
1411,0.01511122940960992,6.27055646990426e-05,0.0,2.1490672565655253
1412,0.01511122940960992,6.27055646990426e-05,0.0,2.1490672565655253
1413,0.01511122940960992,6.27055646990426e-05,0.0,2.1490672565655253
1414,0.01511122940960992,6.27055646990426e-05,0.0,2.1490672565655253
1415,0.04670943577600171,0.04046286525012839,0.0,0.08048211037391699
1416,0.19983146530240356,0.18743733289726272,0.0,0.366705013521219
1417,0.19983146530240356,0.18743733289726272,0.0,0.366705013521219
1418,0.12761625573079327,0.054912206493644075,0.0,0.1621109769607207
1419,0.12761625573079327,0.054912206493644075,0.0,0.1621109769607207
1420,0.12761625573079327,0.054912206493644075,0.0,0.1621109769607207
1421,0.12761625573079327,0.054912206493644075,0.0,0.1621109769607207
1422,0.12761625573079327,0.054912206493644075,0.0,0.1621109769607207
1423,0.14932805655318251,0.12979632376375833,0.0,0.32002009650452523
1424,0.14932805655318251,0.12979632376375833,0.0,0.32002009650452523
1425,0.04670943577600171,0.04046286525012839,0.0,0.08048211037391699
1426,0.04670943577600171,0.04046286525012839,0.0,0.08048211037391699
1427,0.05831694362355674,0.05710568850720235,0.0,0.11570018208722718
1428,0.05831694362355674,0.05710568850720235,0.0,0.11570018208722718
1429,0.05831694362355674,0.05710568850720235,0.0,0.11570018208722718
1430,0.05831694362355674,0.05710568850720235,0.0,0.11570018208722718
1431,0.05831694362355674,0.05710568850720235,0.0,0.11570018208722718
1432,0.08734493800036523,0.039486771521991676,0.1017251091348442,0.06586132434126034
1433,0.08734493800036523,0.039486771521991676,0.1017251091348442,0.06586132434126034
1434,0.08734493800036523,0.039486771521991676,0.1017251091348442,0.06586132434126034
1435,0.08734493800036523,0.039486771521991676,0.1017251091348442,0.06586132434126034
1436,0.08734493800036523,0.039486771521991676,0.1017251091348442,0.06586132434126034
1437,0.1299141299436819,0.4742701966122105,0.04235170967303264,0.4666470164395098
1438,0.1299141299436819,0.4742701966122105,0.04235170967303264,0.4666470164395098
1439,0.1299141299436819,0.4742701966122105,0.04235170967303264,0.4666470164395098
1440,0.1299141299436819,0.4742701966122105,0.04235170967303264,0.4666470164395098
1441,0.17095911358648208,0.16597592889967688,0.0,0.40428162146255764
1442,0.17095911358648208,0.16597592889967688,0.0,0.40428162146255764
1443,0.17095911358648208,0.16597592889967688,0.0,0.40428162146255764
1444,0.17095911358648208,0.16597592889967688,0.0,0.40428162146255764
1445,0.34515200150055675,0.2083584706233649,0.0,0.41026672385481283
1446,0.34515200150055675,0.2083584706233649,0.0,0.41026672385481283
1447,0.34515200150055675,0.2083584706233649,0.0,0.41026672385481283
1448,0.34515200150055675,0.2083584706233649,0.0,0.41026672385481283
1449,1.6513224469874137,0.000555847527002644,5.475768482351488,17.332572252404564
1450,1.6513224469874137,0.000555847527002644,5.475768482351488,17.332572252404564
1451,1.6513224469874137,0.000555847527002644,5.475768482351488,17.332572252404564
1452,0.21101452316594418,0.19370280025649667,0.30455407109680604,0.6773720096214865
1453,0.21101452316594418,0.19370280025649667,0.30455407109680604,0.6773720096214865
1454,0.04670943577600171,0.04046286525012839,0.0,0.08048211037391699
1455,0.7892949300853287,0.7099557071069748,0.0,1.199774523974719
1456,0.04670943577600171,0.04046286525012839,0.0,0.08048211037391699
1457,0.04670943577600171,0.04046286525012839,0.0,0.08048211037391699
1458,1.7161195091060656e-14,0.24583186039948934,0.6634636288498549,0.9320242273432459
1459,1.7161195091060656e-14,0.24583186039948934,0.6634636288498549,0.9320242273432459
1460,1.7161195091060656e-14,0.24583186039948934,0.6634636288498549,0.9320242273432459
1461,1.7161195091060656e-14,0.24583186039948934,0.6634636288498549,0.9320242273432459
1462,1.7161195091060656e-14,0.24583186039948934,0.6634636288498549,0.9320242273432459
1463,1.7161195091060656e-14,0.24583186039948934,0.6634636288498549,0.9320242273432459
1464,0.04670943577600171,0.04046286525012839,0.0,0.08048211037391699
1465,0.06029907329462612,0.05220024011480319,0.0,0.09423028512810529
1466,0.06029907329462612,0.05220024011480319,0.0,0.09423028512810529
1467,0.06128133392017783,0.05508676258548999,0.0,0.10921607192695866
1468,0.24586126824425691,1.6177994803479583,0.0,0.0
1469,0.24586126824425691,1.6177994803479583,0.0,0.0
1470,0.24586126824425691,1.6177994803479583,0.0,0.0
1471,0.24586126824425691,1.6177994803479583,0.0,0.0
1472,0.33908596352583786,0.28288383633730924,0.0,0.6505774256054453
1473,0.3841613151385328,0.3010506473919509,0.0,0.6175453273752297
1474,0.3841613151385328,0.3010506473919509,0.0,0.6175453273752297
1475,0.3841613151385328,0.3010506473919509,0.0,0.6175453273752297
1476,0.04670943577600171,0.04046286525012839,0.0,0.08048211037391699
1477,0.213577680937227,0.17764197929975822,0.0,0.41304929116346734
1478,0.17933009091464422,0.17578075868444626,0.21818254238022436,0.1631732362515185
1479,0.17933009091464422,0.17578075868444626,0.21818254238022436,0.1631732362515185
1480,0.17933009091464422,0.17578075868444626,0.21818254238022436,0.1631732362515185
1481,0.17933009091464422,0.17578075868444626,0.21818254238022436,0.1631732362515185
1482,0.17933009091464422,0.17578075868444626,0.21818254238022436,0.1631732362515185
1483,0.06277753892883645,0.05435700759152872,0.0,0.10692822224871405
1484,0.04670943577600171,0.04046286525012839,0.0,0.08048211037391699
1485,0.028196268238898935,0.21162440320791215,0.043356437471014496,0.13516609072793273
1486,0.028196268238898935,0.21162440320791215,0.043356437471014496,0.13516609072793273
1487,0.028196268238898935,0.21162440320791215,0.043356437471014496,0.13516609072793273
1488,0.028196268238898935,0.21162440320791215,0.043356437471014496,0.13516609072793273
1489,0.09341887155200342,0.08092573050025678,0.0,0.16096422074783398
1490,0.04670943577600171,0.04046286525012839,0.0,0.08048211037391699
1491,0.1690835137951447,0.15179652150731557,0.0,0.2587948290768551
1492,0.11623782679178594,0.09762079752934733,0.0,0.21905215173495823
1493,0.2841773905480709,0.24187249945560904,0.0,0.5159273027601011
1494,0.2841773905480709,0.24187249945560904,0.0,0.5159273027601011
1495,0.06096199077661367,0.05287017830726309,0.0,0.1137513912376509
1496,0.06096199077661367,0.05287017830726309,0.0,0.1137513912376509
1497,0.0698300264742031,0.060925905423900764,0.0,0.11531720848413446
1498,0.0698300264742031,0.060925905423900764,0.0,0.11531720848413446
1499,0.0698300264742031,0.060925905423900764,0.0,0.11531720848413446
1500,0.0698300264742031,0.060925905423900764,0.0,0.11531720848413446
1501,0.0698300264742031,0.060925905423900764,0.0,0.11531720848413446
1502,0.3938057183148478,0.30431893489126083,0.0,0.6304384286127453
1503,0.42208587031949796,0.3669858301280612,0.0,0.691042278070447
1504,0.42208587031949796,0.3669858301280612,0.0,0.691042278070447
1505,72.92348372919524,0.0,0.0,0.0
1506,72.92348372919524,0.0,0.0,0.0
1507,72.92348372919524,0.0,0.0,0.0
1508,72.92348372919524,0.0,0.0,0.0
1509,72.92348372919524,0.0,0.0,0.0
1510,72.92348372919524,0.0,0.0,0.0
1511,3.897533482124096,7.418567713899867,0.0,0.0
1512,3.897533482124096,7.418567713899867,0.0,0.0
1513,3.897533482124096,7.418567713899867,0.0,0.0
1514,3.897533482124096,7.418567713899867,0.0,0.0
1515,3.897533482124096,7.418567713899867,0.0,0.0
1516,0.4868663436426478,0.9607845247255118,0.0,0.0
1517,0.4868663436426478,0.9607845247255118,0.0,0.0
1518,0.4868663436426478,0.9607845247255118,0.0,0.0
1519,0.4868663436426478,0.9607845247255118,0.0,0.0
1520,0.25614498470246416,0.2504987074808989,0.0,0.865295962881378
1521,0.25614498470246416,0.2504987074808989,0.0,0.865295962881378
1522,0.25614498470246416,0.2504987074808989,0.0,0.865295962881378
1523,0.25614498470246416,0.2504987074808989,0.0,0.865295962881378
1524,0.25614498470246416,0.2504987074808989,0.0,0.865295962881378
1525,0.2669036579938989,0.0,0.0,0.10742129014215024
1526,0.2669036579938989,0.0,0.0,0.10742129014215024
1527,0.2669036579938989,0.0,0.0,0.10742129014215024
1528,0.2669036579938989,0.0,0.0,0.10742129014215024
1529,3.483095089680885,0.0019776990982279417,0.0,30.68597334265905
1530,3.483095089680885,0.0019776990982279417,0.0,30.68597334265905
1531,3.483095089680885,0.0019776990982279417,0.0,30.68597334265905
1532,3.483095089680885,0.0019776990982279417,0.0,30.68597334265905
1533,3.483095089680885,0.0019776990982279417,0.0,30.68597334265905
1534,0.28783876894667154,0.09600746262586585,0.0,0.3094916850148651
1535,0.28783876894667154,0.09600746262586585,0.0,0.3094916850148651
1536,0.04670943577600171,0.04046286525012839,0.0,0.08048211037391699
1537,0.04670943577600171,0.04046286525012839,0.0,0.08048211037391699
1538,0.03476164920586139,0.20089463986592768,0.021304927681030667,0.24061576988326439
1539,0.03476164920586139,0.20089463986592768,0.021304927681030667,0.24061576988326439
1540,0.03476164920586139,0.20089463986592768,0.021304927681030667,0.24061576988326439
1541,0.03476164920586139,0.20089463986592768,0.021304927681030667,0.24061576988326439
1542,0.03476164920586139,0.20089463986592768,0.021304927681030667,0.24061576988326439
1543,1.0211247892797677,0.014345966710398762,0.0,2.3770751059428723
1544,1.0211247892797677,0.014345966710398762,0.0,2.3770751059428723
1545,1.0211247892797677,0.014345966710398762,0.0,2.3770751059428723
1546,1.0211247892797677,0.014345966710398762,0.0,2.3770751059428723
1547,1.0211247892797677,0.014345966710398762,0.0,2.3770751059428723
1548,0.04670943577600171,0.04046286525012839,0.0,0.08048211037391699
1549,0.04670943577600171,0.04046286525012839,0.0,0.08048211037391699
1550,0.21402243483723155,0.18678382096472518,0.0,0.37057229064585406
1551,0.21402243483723155,0.18678382096472518,0.0,0.37057229064585406
1552,0.04670943577600171,0.04046286525012839,0.0,0.08048211037391699
1553,0.07327607645360365,0.04197775634331358,0.03999017786020352,0.07700912812391977
1554,0.07327607645360365,0.04197775634331358,0.03999017786020352,0.07700912812391977
1555,0.07327607645360365,0.04197775634331358,0.03999017786020352,0.07700912812391977
1556,0.10997061789647211,0.18743219894881027,0.26919287480222953,0.3410105337688909
1557,0.10997061789647211,0.18743219894881027,0.26919287480222953,0.3410105337688909
1558,0.04670943577600171,0.04046286525012839,0.0,0.08048211037391699
1559,0.04670943577600171,0.04046286525012839,0.0,0.08048211037391699
1560,0.09341887155200342,0.08092573050025678,0.0,0.16096422074783398
1561,0.3830173733632142,0.3317954950510526,0.0,0.6599533050661195
1562,0.04670943577600171,0.04046286525012839,0.0,0.08048211037391699
1563,0.05005458906858339,0.06537873151142959,0.03500031266433288,0.0995135346427059
1564,0.05005458906858339,0.06537873151142959,0.03500031266433288,0.0995135346427059
1565,0.05005458906858339,0.06537873151142959,0.03500031266433288,0.0995135346427059
1566,0.05005458906858339,0.06537873151142959,0.03500031266433288,0.0995135346427059
1567,0.05005458906858339,0.06537873151142959,0.03500031266433288,0.0995135346427059
1568,0.3830173733632142,0.3317954950510526,0.0,0.6599533050661195
1569,0.27107302260887745,0.08515667084897019,0.0,0.3899198381026127
1570,0.27107302260887745,0.08515667084897019,0.0,0.3899198381026127
1571,0.11843357872636574,0.19423080881865587,0.0,0.32324690510974347
1572,0.11843357872636574,0.19423080881865587,0.0,0.32324690510974347
1573,0.11843357872636574,0.19423080881865587,0.0,0.32324690510974347
1574,0.24515003258345672,0.11201028778759382,0.0,0.7640409223546469
1575,0.24515003258345672,0.11201028778759382,0.0,0.7640409223546469
1576,0.24515003258345672,0.11201028778759382,0.0,0.7640409223546469
1577,0.24515003258345672,0.11201028778759382,0.0,0.7640409223546469
1578,8.630385543120184,1.0308113042423972,0.0,9.001490280780363
1579,8.630385543120184,1.0308113042423972,0.0,9.001490280780363
1580,8.630385543120184,1.0308113042423972,0.0,9.001490280780363
1581,8.630385543120184,1.0308113042423972,0.0,9.001490280780363
1582,2.677723073520724,2.896505137268471,0.0,5.81275264791767
1583,2.677723073520724,2.896505137268471,0.0,5.81275264791767
1584,2.677723073520724,2.896505137268471,0.0,5.81275264791767
1585,1.5873993363895045,0.8325813390632093,0.0,2.4059709179040327
1586,1.5873993363895045,0.8325813390632093,0.0,2.4059709179040327
1587,1.5873993363895045,0.8325813390632093,0.0,2.4059709179040327
1588,1.5873993363895045,0.8325813390632093,0.0,2.4059709179040327
1589,0.4857781320704179,0.4208137986013351,0.0,0.8370139478887367
1590,0.04670943577600171,0.04046286525012839,0.0,0.08048211037391699
1591,0.1386294328456556,0.12601699590637966,0.0,0.24602235823593183
1592,0.3148838310685788,0.08356038497362807,0.0,0.3386343999487937
1593,0.3148838310685788,0.08356038497362807,0.0,0.3386343999487937
1594,0.04670943577600171,0.04046286525012839,0.0,0.08048211037391699
1595,0.04670943577600171,0.04046286525012839,0.0,0.08048211037391699
1596,0.04670943577600171,0.04046286525012839,0.0,0.08048211037391699
1597,0.09341887155200342,0.08092573050025678,0.0,0.16096422074783398
