q_0.2,q_0.35,q_0.5,q_0.6,q_0.7,q_0.75,q_0.8,q_0.85,q_0.9,q_0.925,q_0.95,q_0.975,predictions,prob_exceed_280,risk_label
5.0,5.0,5.0,7.0,7.0,7.0,7.0,7.0,7.0,14.0,14.0,50.0,7.0,0.0,SAFE
6.0,8.0,10.0,15.0,15.0,23.0,23.0,23.0,27.0,35.0,35.0,81.0,23.0,0.0,SAFE
5.0,5.0,15.0,27.0,54.0,54.0,54.0,54.0,54.0,54.0,54.0,66.0,54.0,0.0,SAFE
5.0,5.0,6.0,6.0,6.0,10.0,10.0,10.0,10.0,10.0,24.0,107.0,10.0,0.0,SAFE
10.0,12.0,12.0,12.0,12.0,19.0,19.0,19.0,19.0,140.0,140.0,243.0,19.0,0.0,SAFE
15.0,65.0,65.0,158.0,158.0,158.0,158.0,187.0,187.0,187.0,187.0,347.0,158.0,0.03546875000000005,SAFE
5.0,6.0,10.0,10.0,16.0,16.0,31.0,133.0,146.0,152.0,152.0,152.0,24.0,0.0,SAFE
5.0,5.0,5.0,7.0,7.0,7.0,7.0,7.0,11.0,26.0,26.0,80.0,7.0,0.0,SAFE
5.0,5.0,5.0,5.0,6.0,8.0,8.0,8.0,16.0,16.0,41.0,143.0,8.0,0.0,SAFE
5.0,6.0,6.0,6.0,6.0,6.0,6.0,6.0,29.0,29.0,29.0,130.0,6.0,0.0,SAFE
5.0,5.0,5.0,7.0,7.0,7.0,9.0,9.0,22.0,22.0,83.0,156.0,8.0,0.0,SAFE
5.0,5.0,5.0,5.0,6.0,6.0,10.0,10.0,10.0,20.0,20.0,67.0,8.0,0.0,SAFE
5.0,5.0,5.0,5.0,5.0,8.0,8.0,28.0,35.0,35.0,35.0,53.0,8.0,0.0,SAFE
5.0,5.0,5.0,5.0,7.0,7.0,7.0,7.0,12.0,12.0,12.0,24.0,7.0,0.0,SAFE
5.0,5.0,5.0,5.0,6.0,6.0,6.0,16.0,16.0,16.0,16.0,41.0,6.0,0.0,SAFE
5.0,5.0,5.0,5.0,6.0,6.0,6.0,6.0,8.0,8.0,9.0,53.0,6.0,0.0,SAFE
5.0,5.0,5.0,5.0,5.0,12.0,12.0,18.0,18.0,18.0,18.0,57.0,12.0,0.0,SAFE
5.0,5.0,6.0,6.0,6.0,15.0,47.0,47.0,47.0,47.0,47.0,47.0,31.0,0.0,SAFE
5.0,5.0,5.0,5.0,5.0,6.0,7.0,8.0,8.0,8.0,16.0,41.0,6.0,0.0,SAFE
5.0,5.0,5.0,5.0,5.0,7.0,11.0,11.0,11.0,11.0,17.0,54.0,9.0,0.0,SAFE
5.0,5.0,5.0,5.0,6.0,6.0,6.0,6.0,6.0,6.0,11.0,60.0,6.0,0.0,SAFE
5.0,5.0,5.0,6.0,8.0,8.0,8.0,8.0,8.0,8.0,13.0,42.0,8.0,0.0,SAFE
5.0,5.0,5.0,5.0,6.0,6.0,12.0,12.0,12.0,12.0,17.0,48.0,9.0,0.0,SAFE
5.0,5.0,6.0,7.0,13.0,15.0,44.0,44.0,44.0,44.0,48.0,66.0,30.0,0.0,SAFE
5.0,5.0,6.0,6.0,6.0,6.0,6.0,6.0,6.0,6.0,10.0,60.0,6.0,0.0,SAFE
5.0,5.0,5.0,5.0,5.0,5.0,6.0,6.0,6.0,14.0,14.0,43.0,6.0,0.0,SAFE
6.0,11.0,27.0,49.0,49.0,49.0,49.0,54.0,54.0,62.0,62.0,115.0,49.0,0.0,SAFE
5.0,5.0,6.0,6.0,7.0,25.0,25.0,25.0,31.0,31.0,31.0,85.0,25.0,0.0,SAFE
5.0,5.0,5.0,5.0,14.0,14.0,14.0,14.0,14.0,14.0,14.0,43.0,14.0,0.0,SAFE
5.0,7.0,9.0,26.0,34.0,57.0,57.0,123.0,169.0,169.0,169.0,169.0,57.0,0.0,SAFE
5.0,5.0,5.0,5.0,5.0,5.0,6.0,6.0,12.0,12.0,12.0,99.0,6.0,0.0,SAFE
5.0,5.0,5.0,5.0,6.0,6.0,6.0,13.0,13.0,29.0,63.0,83.0,6.0,0.0,SAFE
5.0,5.0,6.0,6.0,6.0,6.0,6.0,6.0,32.0,32.0,120.0,167.0,6.0,0.0,SAFE
5.0,5.0,6.0,6.0,7.0,7.0,7.0,27.0,42.0,42.0,53.0,89.0,7.0,0.0,SAFE
5.0,5.0,6.0,8.0,10.0,10.0,11.0,15.0,15.0,20.0,20.0,36.0,10.0,0.0,SAFE
5.0,5.0,5.0,5.0,5.0,9.0,9.0,9.0,9.0,9.0,18.0,62.0,9.0,0.0,SAFE
5.0,5.0,5.0,5.0,5.0,6.0,6.0,16.0,21.0,24.0,24.0,32.0,6.0,0.0,SAFE
5.0,5.0,5.0,5.0,12.0,12.0,12.0,14.0,14.0,14.0,14.0,100.0,12.0,0.0,SAFE
5.0,5.0,5.0,5.0,6.0,6.0,8.0,13.0,13.0,13.0,13.0,56.0,7.0,0.0,SAFE
5.0,5.0,6.0,6.0,8.0,8.0,10.0,10.0,13.0,13.0,13.0,39.0,8.0,0.0,SAFE
5.0,5.0,5.0,5.0,5.0,5.0,7.0,11.0,13.0,13.0,16.0,43.0,6.0,0.0,SAFE
11.0,18.0,39.0,39.0,39.0,39.0,39.0,39.0,39.0,69.0,69.0,147.0,39.0,0.0,SAFE
5.0,5.0,5.0,5.0,6.0,6.0,18.0,19.0,19.0,19.0,19.0,77.0,12.0,0.0,SAFE
5.0,5.0,6.0,7.0,10.0,10.0,11.0,13.0,13.0,13.0,13.0,19.0,11.0,0.0,SAFE
5.0,5.0,7.0,8.0,9.0,17.0,17.0,44.0,44.0,123.0,123.0,123.0,17.0,0.0,SAFE
5.0,5.0,5.0,6.0,6.0,6.0,6.0,8.0,8.0,8.0,11.0,56.0,6.0,0.0,SAFE
5.0,5.0,5.0,5.0,5.0,5.0,9.0,10.0,10.0,20.0,20.0,42.0,7.0,0.0,SAFE
5.0,5.0,5.0,6.0,6.0,6.0,9.0,61.0,61.0,61.0,62.0,115.0,8.0,0.0,SAFE
5.0,5.0,5.0,5.0,5.0,12.0,32.0,32.0,32.0,32.0,32.0,58.0,22.0,0.0,SAFE
5.0,5.0,5.0,5.0,5.0,5.0,5.0,8.0,8.0,8.0,10.0,60.0,5.0,0.0,SAFE
6.0,6.0,6.0,6.0,6.0,6.0,23.0,23.0,23.0,29.0,44.0,49.0,15.0,0.0,SAFE
5.0,5.0,5.0,5.0,6.0,6.0,6.0,6.0,10.0,10.0,10.0,44.0,6.0,0.0,SAFE
5.0,5.0,5.0,5.0,7.0,10.0,10.0,10.0,11.0,11.0,21.0,137.0,10.0,0.0,SAFE
10.0,12.0,12.0,26.0,26.0,26.0,40.0,40.0,40.0,66.0,149.0,149.0,33.0,0.0,SAFE
5.0,5.0,5.0,5.0,5.0,5.0,6.0,6.0,12.0,12.0,12.0,43.0,6.0,0.0,SAFE
5.0,5.0,5.0,5.0,6.0,6.0,6.0,6.0,6.0,12.0,12.0,71.0,6.0,0.0,SAFE
9.0,9.0,9.0,9.0,21.0,24.0,52.0,52.0,52.0,68.0,102.0,215.0,38.0,0.0,SAFE
5.0,5.0,5.0,6.0,9.0,9.0,9.0,10.0,20.0,20.0,20.0,32.0,9.0,0.0,SAFE
6.0,6.0,6.0,6.0,9.0,15.0,15.0,15.0,15.0,15.0,17.0,59.0,15.0,0.0,SAFE
5.0,5.0,5.0,5.0,6.0,6.0,10.0,10.0,20.0,20.0,24.0,71.0,8.0,0.0,SAFE
5.0,5.0,5.0,5.0,7.0,9.0,9.0,9.0,11.0,11.0,11.0,39.0,9.0,0.0,SAFE
5.0,5.0,6.0,6.0,6.0,6.0,6.0,12.0,12.0,12.0,12.0,52.0,6.0,0.0,SAFE
5.0,5.0,5.0,7.0,7.0,7.0,7.0,7.0,7.0,7.0,9.0,57.0,7.0,0.0,SAFE
5.0,5.0,5.0,5.0,5.0,6.0,8.0,22.0,22.0,48.0,48.0,56.0,7.0,0.0,SAFE
5.0,5.0,13.0,21.0,73.0,75.0,85.0,96.0,145.0,145.0,145.0,145.0,80.0,0.0,SAFE
6.0,6.0,6.0,7.0,12.0,18.0,32.0,32.0,32.0,32.0,32.0,80.0,25.0,0.0,SAFE
5.0,5.0,5.0,6.0,6.0,6.0,6.0,13.0,42.0,42.0,42.0,65.0,6.0,0.0,SAFE
5.0,6.0,10.0,10.0,10.0,10.0,13.0,17.0,17.0,17.0,17.0,80.0,12.0,0.0,SAFE
6.0,11.0,92.0,364.0,381.0,435.0,460.0,460.0,460.0,596.0,596.0,596.0,448.0,0.4308823529411765,EXCEED
5.0,5.0,5.0,5.0,5.0,6.0,6.0,7.0,32.0,32.0,32.0,129.0,6.0,0.0,SAFE
5.0,7.0,13.0,22.0,22.0,29.0,35.0,37.0,38.0,38.0,38.0,65.0,32.0,0.0,SAFE
5.0,5.0,5.0,6.0,6.0,6.0,18.0,18.0,38.0,38.0,142.0,243.0,12.0,0.0,SAFE
5.0,5.0,5.0,5.0,5.0,8.0,18.0,18.0,18.0,18.0,18.0,88.0,13.0,0.0,SAFE
5.0,5.0,5.0,5.0,5.0,24.0,24.0,24.0,24.0,24.0,28.0,132.0,24.0,0.0,SAFE
9.0,23.0,34.0,54.0,54.0,105.0,105.0,105.0,105.0,105.0,105.0,105.0,105.0,0.0,SAFE
6.0,8.0,35.0,40.0,40.0,77.0,77.0,77.0,77.0,77.0,77.0,132.0,77.0,0.0,SAFE
5.0,5.0,5.0,6.0,10.0,10.0,10.0,10.0,10.0,10.0,10.0,50.0,10.0,0.0,SAFE
5.0,5.0,6.0,6.0,12.0,12.0,12.0,12.0,12.0,12.0,12.0,66.0,12.0,0.0,SAFE
28.0,53.0,71.0,72.0,92.0,92.0,99.0,99.0,116.0,116.0,168.0,168.0,96.0,0.0,SAFE
5.0,5.0,5.0,5.0,5.0,5.0,14.0,14.0,14.0,14.0,35.0,84.0,9.0,0.0,SAFE
5.0,5.0,8.0,9.0,13.0,13.0,66.0,108.0,108.0,171.0,196.0,196.0,40.0,0.0,SAFE
5.0,5.0,5.0,5.0,5.0,5.0,5.0,6.0,6.0,6.0,14.0,72.0,5.0,0.0,SAFE
5.0,5.0,5.0,5.0,6.0,6.0,6.0,16.0,16.0,16.0,16.0,72.0,6.0,0.0,SAFE
5.0,5.0,5.0,5.0,7.0,11.0,11.0,11.0,11.0,37.0,39.0,86.0,11.0,0.0,SAFE
5.0,5.0,5.0,5.0,5.0,5.0,5.0,5.0,10.0,14.0,14.0,26.0,5.0,0.0,SAFE
93.0,576.0,1328.0,1328.0,2348.0,2348.0,2348.0,2348.0,2348.0,2348.0,2348.0,2348.0,2348.0,0.7419254658385093,EXCEED
5.0,5.0,5.0,5.0,6.0,6.0,7.0,9.0,12.0,12.0,21.0,179.0,6.0,0.0,SAFE
5.0,10.0,23.0,53.0,53.0,60.0,63.0,77.0,79.0,79.0,79.0,79.0,62.0,0.0,SAFE
5.0,5.0,5.0,8.0,8.0,8.0,8.0,8.0,14.0,14.0,38.0,111.0,8.0,0.0,SAFE
5.0,5.0,5.0,5.0,5.0,5.0,5.0,5.0,5.0,5.0,33.0,86.0,5.0,0.0,SAFE
5.0,5.0,5.0,5.0,7.0,7.0,7.0,28.0,28.0,28.0,29.0,144.0,7.0,0.0,SAFE
5.0,5.0,5.0,5.0,7.0,7.0,7.0,8.0,8.0,8.0,8.0,39.0,7.0,0.0,SAFE
15.0,36.0,36.0,36.0,55.0,55.0,55.0,55.0,98.0,179.0,179.0,306.0,55.0,0.030118110236220463,SAFE
5.0,5.0,6.0,11.0,11.0,48.0,59.0,165.0,196.0,196.0,196.0,196.0,54.0,0.0,SAFE
19.0,85.0,308.0,333.0,392.0,392.0,418.0,418.0,418.0,439.0,502.0,502.0,405.0,0.5188340807174888,EXCEED
12.0,22.0,64.0,64.0,80.0,146.0,146.0,146.0,146.0,146.0,146.0,146.0,146.0,0.0,SAFE
5.0,5.0,5.0,6.0,6.0,6.0,6.0,6.0,10.0,28.0,38.0,97.0,6.0,0.0,SAFE
5.0,5.0,5.0,6.0,14.0,14.0,14.0,14.0,14.0,24.0,38.0,121.0,14.0,0.0,SAFE
6.0,7.0,10.0,10.0,10.0,10.0,12.0,30.0,30.0,30.0,30.0,79.0,11.0,0.0,SAFE
57.0,260.0,269.0,269.0,744.0,891.0,891.0,891.0,931.0,931.0,1272.0,1272.0,891.0,0.39768421052631586,EXCEED
7.0,11.0,17.0,28.0,30.0,30.0,36.0,53.0,54.0,54.0,86.0,86.0,33.0,0.0,SAFE
5.0,5.0,5.0,5.0,5.0,5.0,19.0,19.0,19.0,19.0,19.0,77.0,12.0,0.0,SAFE
5.0,5.0,6.0,6.0,6.0,6.0,7.0,8.0,8.0,8.0,59.0,111.0,7.0,0.0,SAFE
5.0,5.0,5.0,5.0,5.0,5.0,5.0,5.0,8.0,22.0,42.0,69.0,5.0,0.0,SAFE
5.0,5.0,5.0,5.0,6.0,6.0,6.0,6.0,7.0,7.0,11.0,72.0,6.0,0.0,SAFE
5.0,5.0,5.0,6.0,6.0,6.0,6.0,9.0,11.0,12.0,12.0,50.0,6.0,0.0,SAFE
5.0,5.0,5.0,5.0,6.0,6.0,6.0,8.0,8.0,8.0,8.0,42.0,6.0,0.0,SAFE
5.0,5.0,5.0,9.0,11.0,21.0,26.0,26.0,26.0,32.0,32.0,72.0,23.0,0.0,SAFE
5.0,5.0,5.0,5.0,5.0,5.0,8.0,8.0,8.0,8.0,8.0,40.0,6.0,0.0,SAFE
5.0,5.0,5.0,5.0,5.0,6.0,6.0,12.0,12.0,12.0,12.0,53.0,6.0,0.0,SAFE
6.0,6.0,11.0,16.0,16.0,20.0,34.0,34.0,48.0,48.0,48.0,85.0,27.0,0.0,SAFE
5.0,5.0,5.0,5.0,6.0,6.0,6.0,6.0,12.0,40.0,56.0,56.0,6.0,0.0,SAFE
10.0,24.0,24.0,30.0,65.0,65.0,82.0,82.0,82.0,82.0,149.0,149.0,74.0,0.0,SAFE
5.0,5.0,5.0,5.0,8.0,8.0,17.0,17.0,17.0,17.0,21.0,114.0,13.0,0.0,SAFE
5.0,6.0,6.0,8.0,8.0,12.0,12.0,12.0,12.0,12.0,12.0,56.0,12.0,0.0,SAFE
5.0,5.0,5.0,10.0,10.0,15.0,15.0,32.0,32.0,33.0,103.0,127.0,15.0,0.0,SAFE
5.0,5.0,6.0,6.0,8.0,13.0,28.0,28.0,28.0,28.0,31.0,59.0,21.0,0.0,SAFE
6.0,9.0,42.0,42.0,42.0,76.0,76.0,76.0,76.0,76.0,76.0,127.0,76.0,0.0,SAFE
5.0,5.0,6.0,6.0,6.0,6.0,20.0,20.0,30.0,30.0,30.0,57.0,13.0,0.0,SAFE
5.0,5.0,5.0,5.0,5.0,9.0,9.0,9.0,20.0,20.0,20.0,61.0,9.0,0.0,SAFE
5.0,5.0,5.0,5.0,8.0,8.0,8.0,8.0,35.0,35.0,35.0,87.0,8.0,0.0,SAFE
5.0,6.0,6.0,8.0,12.0,12.0,12.0,12.0,13.0,13.0,13.0,53.0,12.0,0.0,SAFE
5.0,5.0,5.0,7.0,7.0,7.0,7.0,10.0,10.0,10.0,12.0,21.0,7.0,0.0,SAFE
5.0,5.0,6.0,6.0,6.0,6.0,6.0,17.0,17.0,17.0,17.0,42.0,6.0,0.0,SAFE
5.0,5.0,5.0,5.0,5.0,7.0,7.0,7.0,7.0,7.0,9.0,65.0,7.0,0.0,SAFE
5.0,5.0,5.0,5.0,5.0,5.0,5.0,6.0,6.0,6.0,8.0,12.0,5.0,0.0,SAFE
5.0,5.0,6.0,10.0,24.0,31.0,42.0,43.0,88.0,120.0,120.0,120.0,36.0,0.0,SAFE
5.0,5.0,5.0,6.0,6.0,8.0,8.0,10.0,10.0,10.0,10.0,78.0,8.0,0.0,SAFE
5.0,5.0,5.0,5.0,5.0,5.0,5.0,5.0,8.0,14.0,14.0,65.0,5.0,0.0,SAFE
5.0,6.0,10.0,15.0,52.0,58.0,58.0,58.0,58.0,58.0,58.0,97.0,58.0,0.0,SAFE
19.0,78.0,407.0,750.0,750.0,863.0,1129.0,1476.0,1476.0,1924.0,1924.0,1955.0,996.0,0.5579027355623101,EXCEED
7.0,15.0,17.0,42.0,53.0,74.0,74.0,74.0,74.0,76.0,76.0,76.0,74.0,0.0,SAFE
5.0,5.0,5.0,5.0,5.0,5.0,5.0,5.0,11.0,39.0,39.0,79.0,5.0,0.0,SAFE
5.0,17.0,24.0,24.0,28.0,28.0,28.0,28.0,29.0,34.0,34.0,244.0,28.0,0.0,SAFE
5.0,10.0,11.0,11.0,11.0,11.0,11.0,43.0,90.0,90.0,90.0,90.0,11.0,0.0,SAFE
5.0,7.0,8.0,8.0,8.0,8.0,8.0,8.0,10.0,10.0,19.0,94.0,8.0,0.0,SAFE
22.0,60.0,60.0,153.0,173.0,195.0,216.0,216.0,216.0,216.0,409.0,409.0,206.0,0.06673151750972761,SAFE
6.0,6.0,7.0,10.0,15.0,15.0,21.0,24.0,24.0,24.0,24.0,74.0,18.0,0.0,SAFE
5.0,5.0,5.0,6.0,6.0,6.0,8.0,8.0,29.0,39.0,39.0,39.0,7.0,0.0,SAFE
19.0,61.0,212.0,212.0,340.0,340.0,610.0,616.0,616.0,616.0,616.0,616.0,475.0,0.347265625,EXCEED
10.0,34.0,34.0,102.0,287.0,287.0,637.0,786.0,1028.0,1243.0,1243.0,1274.0,462.0,0.3037837837837838,EXCEED
5.0,5.0,6.0,6.0,6.0,6.0,29.0,29.0,29.0,31.0,65.0,225.0,18.0,0.0,SAFE
5.0,6.0,6.0,6.0,6.0,8.0,13.0,13.0,13.0,13.0,13.0,83.0,10.0,0.0,SAFE
5.0,6.0,6.0,6.0,6.0,12.0,26.0,26.0,26.0,26.0,26.0,100.0,19.0,0.0,SAFE
5.0,5.0,5.0,6.0,19.0,19.0,19.0,19.0,19.0,19.0,19.0,67.0,19.0,0.0,SAFE
12.0,35.0,40.0,40.0,74.0,74.0,74.0,78.0,78.0,78.0,213.0,213.0,74.0,0.0,SAFE
5.0,5.0,5.0,6.0,6.0,6.0,7.0,7.0,23.0,23.0,23.0,64.0,6.0,0.0,SAFE
5.0,5.0,5.0,5.0,5.0,8.0,8.0,12.0,12.0,22.0,22.0,34.0,8.0,0.0,SAFE
5.0,5.0,5.0,5.0,5.0,5.0,11.0,11.0,11.0,11.0,14.0,57.0,8.0,0.0,SAFE
5.0,5.0,22.0,22.0,35.0,55.0,124.0,124.0,124.0,124.0,124.0,124.0,90.0,0.0,SAFE
5.0,5.0,5.0,5.0,5.0,13.0,13.0,20.0,20.0,20.0,42.0,53.0,13.0,0.0,SAFE
5.0,5.0,5.0,6.0,6.0,6.0,8.0,8.0,8.0,8.0,17.0,108.0,7.0,0.0,SAFE
5.0,5.0,5.0,6.0,7.0,7.0,7.0,7.0,18.0,18.0,18.0,71.0,7.0,0.0,SAFE
5.0,5.0,5.0,5.0,5.0,5.0,8.0,8.0,8.0,20.0,20.0,71.0,6.0,0.0,SAFE
75.0,289.0,1574.0,3866.0,3866.0,4296.0,4296.0,4866.0,5337.0,5483.0,5500.0,5500.0,4296.0,0.6563084112149533,EXCEED
5.0,17.0,18.0,18.0,20.0,48.0,48.0,48.0,140.0,140.0,200.0,313.0,48.0,0.03230088495575223,SAFE
5.0,5.0,6.0,9.0,9.0,9.0,30.0,30.0,39.0,39.0,39.0,118.0,20.0,0.0,SAFE
5.0,5.0,8.0,8.0,13.0,13.0,13.0,13.0,13.0,35.0,35.0,35.0,13.0,0.0,SAFE
10.0,16.0,16.0,21.0,21.0,57.0,72.0,72.0,72.0,72.0,165.0,295.0,64.0,0.027884615384615397,SAFE
5.0,6.0,6.0,6.0,6.0,6.0,8.0,52.0,52.0,52.0,52.0,52.0,7.0,0.0,SAFE
5.0,5.0,5.0,7.0,7.0,7.0,7.0,7.0,11.0,11.0,11.0,25.0,7.0,0.0,SAFE
5.0,5.0,5.0,6.0,6.0,10.0,10.0,10.0,10.0,18.0,18.0,28.0,10.0,0.0,SAFE
5.0,5.0,16.0,22.0,24.0,24.0,24.0,31.0,46.0,46.0,57.0,197.0,24.0,0.0,SAFE
5.0,5.0,15.0,16.0,40.0,44.0,68.0,122.0,140.0,140.0,140.0,140.0,56.0,0.0,SAFE
79.0,223.0,573.0,592.0,592.0,647.0,798.0,798.0,798.0,1020.0,1126.0,1248.0,722.0,0.6255714285714287,EXCEED
61.0,188.0,401.0,401.0,401.0,410.0,429.0,429.0,429.0,449.0,449.0,449.0,420.0,0.5852112676056338,EXCEED
11.0,28.0,90.0,167.0,218.0,253.0,253.0,253.0,253.0,253.0,253.0,253.0,253.0,0.0,SAFE
5.0,5.0,5.0,5.0,8.0,13.0,13.0,13.0,18.0,20.0,20.0,77.0,13.0,0.0,SAFE
8.0,8.0,9.0,10.0,10.0,13.0,14.0,57.0,57.0,57.0,57.0,183.0,14.0,0.0,SAFE
9.0,35.0,35.0,35.0,35.0,35.0,71.0,71.0,71.0,71.0,71.0,77.0,53.0,0.0,SAFE
5.0,5.0,5.0,6.0,6.0,6.0,12.0,12.0,12.0,13.0,84.0,84.0,9.0,0.0,SAFE
16.0,35.0,39.0,39.0,39.0,39.0,90.0,90.0,210.0,210.0,210.0,210.0,64.0,0.0,SAFE
5.0,5.0,5.0,5.0,5.0,6.0,6.0,7.0,18.0,18.0,47.0,72.0,6.0,0.0,SAFE
5.0,5.0,6.0,6.0,8.0,13.0,13.0,13.0,13.0,13.0,23.0,76.0,13.0,0.0,SAFE
5.0,5.0,5.0,6.0,6.0,6.0,6.0,6.0,6.0,8.0,24.0,59.0,6.0,0.0,SAFE
5.0,7.0,7.0,7.0,15.0,15.0,19.0,20.0,54.0,54.0,101.0,157.0,17.0,0.0,SAFE
5.0,9.0,10.0,14.0,18.0,25.0,28.0,28.0,52.0,52.0,52.0,71.0,27.0,0.0,SAFE
5.0,6.0,6.0,7.0,8.0,10.0,13.0,13.0,13.0,14.0,48.0,48.0,12.0,0.0,SAFE
6.0,9.0,11.0,11.0,12.0,13.0,15.0,23.0,23.0,59.0,59.0,59.0,14.0,0.0,SAFE
7.0,8.0,14.0,20.0,20.0,31.0,73.0,73.0,73.0,73.0,73.0,73.0,52.0,0.0,SAFE
17.0,47.0,74.0,166.0,168.0,168.0,204.0,204.0,204.0,260.0,260.0,365.0,186.0,0.045142180094786766,SAFE
5.0,5.0,5.0,5.0,6.0,16.0,16.0,36.0,61.0,61.0,61.0,231.0,16.0,0.0,SAFE
5.0,8.0,8.0,10.0,11.0,11.0,11.0,11.0,22.0,28.0,48.0,110.0,11.0,0.0,SAFE
5.0,5.0,5.0,5.0,5.0,5.0,5.0,5.0,6.0,6.0,20.0,69.0,5.0,0.0,SAFE
8.0,15.0,32.0,32.0,54.0,54.0,120.0,120.0,120.0,120.0,152.0,156.0,87.0,0.0,SAFE
5.0,5.0,6.0,6.0,6.0,6.0,10.0,13.0,19.0,29.0,29.0,90.0,8.0,0.0,SAFE
9.0,11.0,11.0,11.0,28.0,36.0,36.0,36.0,36.0,36.0,59.0,164.0,36.0,0.0,SAFE
5.0,5.0,5.0,5.0,5.0,5.0,5.0,5.0,15.0,15.0,15.0,39.0,5.0,0.0,SAFE
15.0,33.0,61.0,100.0,126.0,126.0,128.0,128.0,128.0,128.0,246.0,246.0,127.0,0.0,SAFE
5.0,5.0,5.0,6.0,6.0,6.0,6.0,6.0,6.0,6.0,8.0,65.0,6.0,0.0,SAFE
5.0,5.0,5.0,5.0,5.0,9.0,9.0,9.0,9.0,9.0,9.0,21.0,9.0,0.0,SAFE
5.0,5.0,5.0,5.0,5.0,6.0,6.0,6.0,7.0,10.0,10.0,59.0,6.0,0.0,SAFE
19.0,54.0,82.0,103.0,161.0,231.0,241.0,258.0,342.0,342.0,658.0,658.0,236.0,0.13698224852071006,SAFE
8.0,8.0,11.0,14.0,14.0,14.0,42.0,42.0,42.0,42.0,42.0,64.0,28.0,0.0,SAFE
10.0,10.0,11.0,13.0,13.0,13.0,13.0,18.0,18.0,40.0,148.0,163.0,13.0,0.0,SAFE
5.0,12.0,12.0,12.0,12.0,14.0,22.0,50.0,55.0,55.0,92.0,190.0,18.0,0.0,SAFE
64.0,73.0,83.0,98.0,704.0,732.0,986.0,1395.0,1790.0,1790.0,2336.0,2512.0,859.0,0.36996699669967004,EXCEED
27.0,60.0,62.0,82.0,82.0,129.0,139.0,286.0,286.0,286.0,450.0,450.0,134.0,0.1518771331058021,SAFE
15.0,26.0,43.0,43.0,58.0,77.0,84.0,84.0,84.0,84.0,202.0,251.0,81.0,0.0,SAFE
100.0,176.0,296.0,296.0,296.0,425.0,742.0,828.0,828.0,1056.0,1056.0,1056.0,584.0,0.5203601108033241,EXCEED
5.0,5.0,5.0,5.0,5.0,5.0,6.0,6.0,6.0,17.0,41.0,119.0,6.0,0.0,SAFE
6.0,9.0,10.0,46.0,46.0,63.0,98.0,98.0,188.0,188.0,188.0,224.0,81.0,0.0,SAFE
5.0,5.0,5.0,6.0,6.0,6.0,6.0,6.0,7.0,29.0,42.0,109.0,6.0,0.0,SAFE
5.0,5.0,5.0,5.0,5.0,5.0,5.0,5.0,14.0,14.0,17.0,83.0,5.0,0.0,SAFE
7.0,7.0,7.0,10.0,24.0,24.0,27.0,27.0,27.0,27.0,27.0,49.0,26.0,0.0,SAFE
5.0,5.0,11.0,11.0,12.0,12.0,16.0,16.0,16.0,68.0,68.0,139.0,14.0,0.0,SAFE
5.0,5.0,7.0,8.0,8.0,10.0,14.0,14.0,19.0,19.0,19.0,70.0,12.0,0.0,SAFE
5.0,5.0,6.0,6.0,6.0,10.0,10.0,51.0,57.0,57.0,57.0,92.0,10.0,0.0,SAFE
5.0,5.0,6.0,7.0,10.0,10.0,19.0,64.0,64.0,64.0,64.0,64.0,14.0,0.0,SAFE
5.0,5.0,5.0,5.0,9.0,9.0,9.0,9.0,9.0,9.0,82.0,82.0,9.0,0.0,SAFE
5.0,5.0,5.0,5.0,7.0,7.0,7.0,7.0,7.0,8.0,11.0,52.0,7.0,0.0,SAFE
5.0,5.0,5.0,6.0,6.0,6.0,8.0,8.0,8.0,65.0,65.0,65.0,7.0,0.0,SAFE
5.0,5.0,5.0,5.0,6.0,6.0,6.0,6.0,25.0,25.0,38.0,50.0,6.0,0.0,SAFE
6.0,10.0,10.0,10.0,20.0,20.0,25.0,35.0,35.0,35.0,37.0,52.0,22.0,0.0,SAFE
5.0,9.0,20.0,20.0,38.0,56.0,56.0,130.0,130.0,130.0,130.0,141.0,56.0,0.0,SAFE
5.0,5.0,5.0,6.0,6.0,6.0,6.0,6.0,6.0,6.0,6.0,113.0,6.0,0.0,SAFE
5.0,5.0,5.0,5.0,5.0,5.0,8.0,13.0,13.0,13.0,13.0,127.0,7.0,0.0,SAFE
5.0,5.0,5.0,5.0,6.0,6.0,12.0,12.0,12.0,12.0,22.0,111.0,9.0,0.0,SAFE
5.0,5.0,6.0,6.0,6.0,6.0,6.0,6.0,24.0,24.0,24.0,104.0,6.0,0.0,SAFE
5.0,5.0,5.0,5.0,5.0,5.0,6.0,6.0,6.0,6.0,12.0,57.0,6.0,0.0,SAFE
5.0,5.0,5.0,5.0,6.0,7.0,9.0,18.0,18.0,18.0,59.0,72.0,8.0,0.0,SAFE
5.0,5.0,5.0,5.0,8.0,12.0,12.0,12.0,12.0,16.0,37.0,76.0,12.0,0.0,SAFE
5.0,5.0,5.0,6.0,6.0,6.0,6.0,17.0,17.0,17.0,49.0,113.0,6.0,0.0,SAFE
5.0,8.0,8.0,8.0,9.0,11.0,11.0,21.0,30.0,35.0,35.0,70.0,11.0,0.0,SAFE
5.0,5.0,5.0,6.0,7.0,7.0,7.0,7.0,7.0,18.0,18.0,49.0,7.0,0.0,SAFE
5.0,5.0,5.0,5.0,5.0,5.0,6.0,6.0,6.0,6.0,9.0,75.0,6.0,0.0,SAFE
5.0,20.0,53.0,129.0,228.0,228.0,228.0,228.0,228.0,238.0,238.0,238.0,228.0,0.0,SAFE
5.0,5.0,5.0,6.0,6.0,6.0,7.0,14.0,42.0,67.0,67.0,91.0,6.0,0.0,SAFE
5.0,5.0,5.0,13.0,14.0,33.0,316.0,316.0,391.0,391.0,391.0,462.0,174.0,0.20628318584070793,EXCEED
6.0,6.0,7.0,10.0,10.0,11.0,11.0,11.0,24.0,24.0,24.0,79.0,11.0,0.0,SAFE
5.0,5.0,5.0,10.0,10.0,10.0,10.0,24.0,47.0,47.0,132.0,132.0,10.0,0.0,SAFE
5.0,5.0,5.0,6.0,6.0,14.0,17.0,22.0,43.0,52.0,84.0,112.0,16.0,0.0,SAFE
5.0,5.0,5.0,5.0,9.0,9.0,9.0,10.0,24.0,36.0,37.0,46.0,9.0,0.0,SAFE
5.0,5.0,8.0,8.0,8.0,11.0,11.0,11.0,11.0,11.0,70.0,70.0,11.0,0.0,SAFE
5.0,5.0,6.0,8.0,8.0,8.0,10.0,11.0,27.0,27.0,27.0,27.0,9.0,0.0,SAFE
5.0,5.0,5.0,8.0,8.0,8.0,13.0,18.0,18.0,18.0,18.0,50.0,11.0,0.0,SAFE
5.0,5.0,5.0,5.0,8.0,8.0,8.0,8.0,8.0,8.0,21.0,58.0,8.0,0.0,SAFE
5.0,5.0,11.0,18.0,26.0,26.0,26.0,26.0,26.0,26.0,33.0,69.0,26.0,0.0,SAFE
5.0,5.0,5.0,5.0,6.0,6.0,6.0,6.0,9.0,9.0,9.0,43.0,6.0,0.0,SAFE
10.0,10.0,10.0,10.0,37.0,37.0,37.0,37.0,37.0,37.0,106.0,547.0,37.0,0.04013605442176871,SAFE
5.0,5.0,5.0,5.0,5.0,6.0,6.0,6.0,6.0,6.0,57.0,113.0,6.0,0.0,SAFE
5.0,5.0,5.0,5.0,5.0,5.0,7.0,7.0,7.0,8.0,8.0,50.0,6.0,0.0,SAFE
5.0,5.0,5.0,5.0,5.0,5.0,5.0,5.0,7.0,37.0,48.0,121.0,5.0,0.0,SAFE
5.0,5.0,6.0,6.0,6.0,6.0,6.0,8.0,26.0,26.0,37.0,172.0,6.0,0.0,SAFE
5.0,5.0,5.0,6.0,6.0,6.0,6.0,7.0,7.0,32.0,47.0,63.0,6.0,0.0,SAFE
5.0,5.0,5.0,6.0,7.0,12.0,12.0,12.0,12.0,12.0,12.0,28.0,12.0,0.0,SAFE
10.0,29.0,45.0,49.0,120.0,120.0,120.0,120.0,120.0,120.0,120.0,132.0,120.0,0.0,SAFE
5.0,5.0,5.0,5.0,5.0,6.0,6.0,20.0,20.0,20.0,83.0,148.0,6.0,0.0,SAFE
5.0,5.0,5.0,5.0,5.0,7.0,8.0,16.0,16.0,16.0,16.0,64.0,8.0,0.0,SAFE
5.0,5.0,5.0,6.0,6.0,8.0,8.0,8.0,12.0,12.0,12.0,48.0,8.0,0.0,SAFE
5.0,6.0,10.0,10.0,10.0,20.0,26.0,26.0,40.0,40.0,40.0,71.0,23.0,0.0,SAFE
86.0,227.0,227.0,227.0,250.0,486.0,566.0,566.0,628.0,628.0,628.0,628.0,526.0,0.29364406779661023,EXCEED
5.0,5.0,6.0,22.0,22.0,22.0,22.0,22.0,49.0,49.0,185.0,185.0,22.0,0.0,SAFE
8.0,8.0,55.0,93.0,118.0,118.0,118.0,118.0,118.0,126.0,126.0,162.0,118.0,0.0,SAFE
5.0,8.0,8.0,13.0,50.0,244.0,297.0,558.0,786.0,786.0,786.0,786.0,270.0,0.2160377358490566,EXCEED
5.0,5.0,6.0,6.0,8.0,8.0,20.0,54.0,94.0,94.0,187.0,187.0,14.0,0.0,SAFE
5.0,5.0,6.0,9.0,9.0,11.0,11.0,17.0,17.0,17.0,27.0,67.0,11.0,0.0,SAFE
5.0,5.0,7.0,7.0,10.0,21.0,21.0,32.0,32.0,32.0,120.0,120.0,21.0,0.0,SAFE
5.0,5.0,6.0,10.0,10.0,10.0,10.0,18.0,18.0,18.0,22.0,100.0,10.0,0.0,SAFE
5.0,5.0,5.0,6.0,6.0,14.0,14.0,14.0,14.0,14.0,14.0,78.0,14.0,0.0,SAFE
5.0,5.0,5.0,5.0,5.0,20.0,20.0,20.0,20.0,22.0,56.0,139.0,20.0,0.0,SAFE
5.0,5.0,20.0,22.0,29.0,29.0,49.0,49.0,49.0,49.0,55.0,106.0,39.0,0.0,SAFE
5.0,5.0,8.0,14.0,14.0,14.0,14.0,17.0,26.0,26.0,43.0,112.0,14.0,0.0,SAFE
5.0,5.0,5.0,5.0,6.0,6.0,12.0,13.0,13.0,13.0,21.0,51.0,9.0,0.0,SAFE
5.0,5.0,5.0,6.0,6.0,7.0,7.0,7.0,7.0,7.0,7.0,53.0,7.0,0.0,SAFE
5.0,5.0,6.0,6.0,9.0,10.0,10.0,10.0,10.0,13.0,13.0,51.0,10.0,0.0,SAFE
5.0,5.0,5.0,5.0,5.0,6.0,6.0,6.0,17.0,17.0,17.0,113.0,6.0,0.0,SAFE
5.0,5.0,5.0,6.0,22.0,22.0,22.0,22.0,50.0,94.0,201.0,321.0,22.0,0.03354166666666669,SAFE
5.0,5.0,5.0,6.0,9.0,10.0,10.0,10.0,10.0,13.0,14.0,69.0,10.0,0.0,SAFE
5.0,5.0,5.0,5.0,9.0,9.0,9.0,9.0,9.0,42.0,54.0,54.0,9.0,0.0,SAFE
8.0,8.0,8.0,9.0,10.0,17.0,30.0,30.0,30.0,181.0,181.0,339.0,24.0,0.034335443037974755,SAFE
6.0,6.0,6.0,8.0,8.0,8.0,8.0,26.0,26.0,26.0,55.0,62.0,8.0,0.0,SAFE
5.0,5.0,5.0,5.0,6.0,6.0,8.0,8.0,8.0,8.0,11.0,61.0,7.0,0.0,SAFE
5.0,5.0,5.0,5.0,5.0,6.0,6.0,9.0,14.0,52.0,52.0,52.0,6.0,0.0,SAFE
5.0,5.0,5.0,5.0,6.0,6.0,11.0,21.0,21.0,21.0,88.0,136.0,8.0,0.0,SAFE
5.0,5.0,5.0,5.0,7.0,7.0,7.0,7.0,7.0,37.0,37.0,74.0,7.0,0.0,SAFE
5.0,5.0,5.0,5.0,5.0,5.0,5.0,6.0,7.0,7.0,8.0,48.0,5.0,0.0,SAFE
8.0,8.0,8.0,9.0,23.0,23.0,38.0,49.0,73.0,73.0,73.0,73.0,30.0,0.0,SAFE
5.0,5.0,6.0,6.0,6.0,6.0,6.0,13.0,13.0,13.0,156.0,156.0,6.0,0.0,SAFE
7.0,7.0,14.0,14.0,14.0,18.0,18.0,18.0,28.0,28.0,33.0,84.0,18.0,0.0,SAFE
5.0,6.0,12.0,12.0,20.0,20.0,20.0,36.0,36.0,36.0,39.0,83.0,20.0,0.0,SAFE
5.0,5.0,6.0,9.0,11.0,15.0,15.0,15.0,21.0,56.0,63.0,129.0,15.0,0.0,SAFE
5.0,5.0,5.0,9.0,13.0,13.0,13.0,13.0,13.0,16.0,30.0,85.0,13.0,0.0,SAFE
5.0,5.0,5.0,6.0,8.0,12.0,12.0,13.0,13.0,13.0,36.0,78.0,12.0,0.0,SAFE
5.0,8.0,9.0,10.0,12.0,12.0,12.0,25.0,25.0,25.0,25.0,49.0,12.0,0.0,SAFE
9.0,21.0,21.0,21.0,21.0,34.0,34.0,44.0,44.0,106.0,106.0,216.0,34.0,0.0,SAFE
5.0,5.0,5.0,5.0,5.0,5.0,5.0,16.0,26.0,26.0,31.0,39.0,5.0,0.0,SAFE
12.0,25.0,92.0,96.0,144.0,215.0,225.0,225.0,225.0,225.0,225.0,225.0,220.0,0.0,SAFE
5.0,6.0,12.0,22.0,87.0,87.0,163.0,163.0,163.0,163.0,163.0,308.0,125.0,0.029814305364511684,SAFE
5.0,6.0,6.0,6.0,9.0,25.0,30.0,30.0,30.0,30.0,244.0,244.0,28.0,0.0,SAFE
5.0,5.0,5.0,5.0,5.0,5.0,5.0,5.0,5.0,13.0,15.0,74.0,5.0,0.0,SAFE
9.0,82.0,82.0,588.0,1088.0,1676.0,1955.0,1955.0,2097.0,2097.0,2097.0,2097.0,1816.0,0.4608695652173913,EXCEED
9.0,11.0,17.0,17.0,26.0,26.0,42.0,42.0,42.0,65.0,120.0,120.0,34.0,0.0,SAFE
5.0,5.0,5.0,82.0,198.0,198.0,198.0,252.0,252.0,252.0,252.0,509.0,198.0,0.047233009708737894,SAFE
5.0,5.0,5.0,5.0,5.0,17.0,44.0,44.0,44.0,44.0,55.0,98.0,30.0,0.0,SAFE
5.0,5.0,5.0,5.0,18.0,18.0,60.0,60.0,60.0,85.0,108.0,128.0,39.0,0.0,SAFE
7.0,10.0,10.0,10.0,10.0,10.0,37.0,64.0,64.0,64.0,91.0,459.0,24.0,0.03716032608695652,SAFE
15.0,33.0,94.0,128.0,128.0,206.0,222.0,222.0,295.0,298.0,433.0,552.0,214.0,0.11020408163265305,SAFE
5.0,5.0,6.0,9.0,9.0,9.0,28.0,28.0,28.0,31.0,31.0,73.0,18.0,0.0,SAFE
14.0,44.0,152.0,986.0,990.0,1040.0,1232.0,1361.0,1361.0,1361.0,1361.0,1361.0,1136.0,0.48465227817745804,EXCEED
5.0,14.0,15.0,54.0,175.0,273.0,425.0,454.0,506.0,506.0,506.0,506.0,349.0,0.2476973684210526,EXCEED
5.0,7.0,11.0,11.0,13.0,18.0,18.0,31.0,36.0,36.0,73.0,128.0,18.0,0.0,SAFE
5.0,5.0,6.0,6.0,6.0,6.0,6.0,41.0,60.0,60.0,91.0,137.0,6.0,0.0,SAFE
6.0,6.0,6.0,10.0,10.0,19.0,19.0,20.0,20.0,20.0,42.0,120.0,19.0,0.0,SAFE
7.0,9.0,39.0,39.0,44.0,51.0,253.0,253.0,344.0,344.0,344.0,344.0,152.0,0.13520547945205486,SAFE
5.0,5.0,5.0,5.0,10.0,10.0,10.0,37.0,83.0,83.0,83.0,104.0,10.0,0.0,SAFE
8.0,14.0,29.0,76.0,105.0,132.0,141.0,148.0,159.0,208.0,208.0,208.0,136.0,0.0,SAFE
5.0,11.0,17.0,46.0,50.0,66.0,66.0,66.0,66.0,76.0,76.0,82.0,66.0,0.0,SAFE
5.0,6.0,6.0,6.0,6.0,9.0,9.0,9.0,55.0,55.0,55.0,155.0,9.0,0.0,SAFE
5.0,6.0,12.0,20.0,42.0,42.0,44.0,84.0,84.0,84.0,84.0,87.0,43.0,0.0,SAFE
5.0,5.0,5.0,8.0,8.0,12.0,12.0,12.0,42.0,63.0,63.0,133.0,12.0,0.0,SAFE
5.0,5.0,5.0,5.0,6.0,10.0,11.0,11.0,11.0,11.0,11.0,74.0,10.0,0.0,SAFE
5.0,5.0,5.0,5.0,7.0,9.0,9.0,9.0,9.0,9.0,10.0,72.0,9.0,0.0,SAFE
5.0,5.0,5.0,6.0,6.0,6.0,6.0,6.0,9.0,9.0,9.0,133.0,6.0,0.0,SAFE
5.0,5.0,5.0,5.0,5.0,5.0,6.0,6.0,6.0,9.0,9.0,103.0,6.0,0.0,SAFE
5.0,5.0,5.0,5.0,5.0,5.0,5.0,11.0,12.0,89.0,217.0,267.0,5.0,0.0,SAFE
5.0,5.0,5.0,5.0,5.0,5.0,5.0,5.0,5.0,7.0,39.0,110.0,5.0,0.0,SAFE
5.0,5.0,5.0,6.0,6.0,6.0,6.0,14.0,15.0,19.0,38.0,71.0,6.0,0.0,SAFE
5.0,5.0,5.0,5.0,7.0,7.0,7.0,7.0,7.0,7.0,16.0,58.0,7.0,0.0,SAFE
5.0,6.0,6.0,6.0,6.0,6.0,6.0,6.0,6.0,6.0,6.0,55.0,6.0,0.0,SAFE
5.0,5.0,5.0,5.0,5.0,6.0,6.0,6.0,16.0,16.0,16.0,55.0,6.0,0.0,SAFE
5.0,5.0,5.0,5.0,5.0,5.0,5.0,5.0,5.0,26.0,43.0,89.0,5.0,0.0,SAFE
5.0,5.0,5.0,5.0,5.0,5.0,5.0,5.0,5.0,13.0,13.0,68.0,5.0,0.0,SAFE
5.0,5.0,5.0,5.0,5.0,6.0,6.0,6.0,6.0,6.0,10.0,77.0,6.0,0.0,SAFE
5.0,5.0,5.0,6.0,6.0,6.0,6.0,13.0,13.0,13.0,35.0,117.0,6.0,0.0,SAFE
5.0,5.0,5.0,5.0,6.0,6.0,6.0,8.0,8.0,10.0,11.0,69.0,6.0,0.0,SAFE
5.0,5.0,5.0,5.0,5.0,5.0,6.0,15.0,15.0,15.0,26.0,125.0,6.0,0.0,SAFE
5.0,5.0,5.0,7.0,7.0,7.0,7.0,7.0,7.0,13.0,14.0,55.0,7.0,0.0,SAFE
5.0,5.0,5.0,5.0,5.0,5.0,6.0,6.0,8.0,28.0,53.0,128.0,6.0,0.0,SAFE
5.0,5.0,5.0,5.0,5.0,6.0,6.0,8.0,18.0,18.0,41.0,69.0,6.0,0.0,SAFE
5.0,5.0,5.0,5.0,5.0,6.0,6.0,7.0,7.0,7.0,7.0,40.0,6.0,0.0,SAFE
5.0,5.0,5.0,5.0,5.0,5.0,5.0,15.0,15.0,15.0,22.0,52.0,5.0,0.0,SAFE
5.0,5.0,5.0,6.0,11.0,11.0,11.0,11.0,11.0,18.0,36.0,79.0,11.0,0.0,SAFE
5.0,8.0,10.0,16.0,20.0,24.0,41.0,44.0,66.0,66.0,66.0,129.0,32.0,0.0,SAFE
5.0,5.0,5.0,5.0,7.0,7.0,7.0,10.0,10.0,10.0,10.0,111.0,7.0,0.0,SAFE
5.0,5.0,7.0,7.0,7.0,31.0,31.0,31.0,31.0,31.0,31.0,127.0,31.0,0.0,SAFE
5.0,5.0,5.0,5.0,17.0,17.0,23.0,23.0,24.0,24.0,24.0,86.0,20.0,0.0,SAFE
5.0,5.0,5.0,7.0,7.0,7.0,7.0,7.0,7.0,9.0,51.0,68.0,7.0,0.0,SAFE
5.0,5.0,5.0,5.0,7.0,7.0,9.0,9.0,17.0,25.0,83.0,149.0,8.0,0.0,SAFE
5.0,5.0,5.0,6.0,6.0,8.0,8.0,8.0,8.0,9.0,16.0,54.0,8.0,0.0,SAFE
5.0,5.0,5.0,5.0,5.0,5.0,5.0,5.0,5.0,5.0,8.0,53.0,5.0,0.0,SAFE
5.0,5.0,8.0,8.0,8.0,8.0,8.0,54.0,54.0,54.0,86.0,143.0,8.0,0.0,SAFE
5.0,5.0,7.0,12.0,14.0,14.0,24.0,28.0,34.0,34.0,34.0,42.0,19.0,0.0,SAFE
5.0,5.0,5.0,5.0,5.0,6.0,14.0,14.0,21.0,21.0,21.0,67.0,10.0,0.0,SAFE
5.0,5.0,5.0,6.0,6.0,6.0,17.0,17.0,37.0,37.0,37.0,53.0,12.0,0.0,SAFE
5.0,5.0,5.0,5.0,5.0,5.0,8.0,8.0,8.0,8.0,8.0,74.0,6.0,0.0,SAFE
5.0,5.0,5.0,6.0,9.0,11.0,11.0,11.0,12.0,13.0,22.0,72.0,11.0,0.0,SAFE
5.0,5.0,5.0,5.0,6.0,6.0,6.0,8.0,11.0,11.0,19.0,71.0,6.0,0.0,SAFE
8.0,27.0,34.0,34.0,155.0,155.0,157.0,157.0,157.0,157.0,157.0,157.0,156.0,0.0,SAFE
5.0,8.0,8.0,14.0,30.0,64.0,64.0,64.0,64.0,64.0,64.0,82.0,64.0,0.0,SAFE
5.0,5.0,6.0,8.0,8.0,11.0,18.0,18.0,46.0,60.0,97.0,247.0,14.0,0.0,SAFE
5.0,5.0,6.0,6.0,9.0,10.0,10.0,19.0,29.0,29.0,29.0,76.0,10.0,0.0,SAFE
5.0,10.0,11.0,41.0,41.0,85.0,163.0,235.0,291.0,291.0,364.0,446.0,124.0,0.10982142857142851,SAFE
5.0,5.0,10.0,10.0,10.0,10.0,21.0,21.0,51.0,208.0,208.0,208.0,16.0,0.0,SAFE
5.0,6.0,10.0,19.0,31.0,32.0,32.0,117.0,117.0,117.0,117.0,120.0,32.0,0.0,SAFE
5.0,5.0,7.0,18.0,27.0,27.0,27.0,36.0,36.0,134.0,134.0,182.0,27.0,0.0,SAFE
5.0,5.0,5.0,5.0,7.0,7.0,7.0,12.0,12.0,12.0,12.0,74.0,7.0,0.0,SAFE
5.0,5.0,5.0,5.0,6.0,6.0,11.0,11.0,57.0,109.0,143.0,242.0,9.0,0.0,SAFE
5.0,5.0,5.0,5.0,6.0,6.0,6.0,6.0,9.0,28.0,110.0,194.0,6.0,0.0,SAFE
5.0,5.0,5.0,6.0,8.0,8.0,8.0,30.0,30.0,30.0,80.0,229.0,8.0,0.0,SAFE
5.0,5.0,5.0,5.0,5.0,5.0,7.0,7.0,10.0,10.0,10.0,81.0,6.0,0.0,SAFE
5.0,5.0,5.0,6.0,6.0,8.0,8.0,14.0,14.0,14.0,14.0,58.0,8.0,0.0,SAFE
5.0,17.0,27.0,33.0,33.0,33.0,33.0,114.0,114.0,140.0,140.0,140.0,33.0,0.0,SAFE
5.0,5.0,5.0,5.0,6.0,6.0,7.0,8.0,10.0,10.0,98.0,98.0,7.0,0.0,SAFE
5.0,5.0,5.0,5.0,10.0,18.0,18.0,49.0,49.0,49.0,49.0,157.0,18.0,0.0,SAFE
5.0,5.0,5.0,6.0,6.0,7.0,7.0,7.0,11.0,14.0,19.0,46.0,7.0,0.0,SAFE
16.0,20.0,35.0,109.0,109.0,109.0,121.0,121.0,174.0,174.0,174.0,351.0,115.0,0.0350282485875707,SAFE
5.0,6.0,7.0,16.0,43.0,55.0,55.0,55.0,55.0,55.0,55.0,64.0,55.0,0.0,SAFE
5.0,5.0,5.0,68.0,68.0,68.0,68.0,139.0,139.0,139.0,139.0,223.0,68.0,0.0,SAFE
5.0,5.0,5.0,8.0,26.0,26.0,53.0,78.0,78.0,78.0,78.0,95.0,40.0,0.0,SAFE
5.0,5.0,5.0,5.0,5.0,6.0,6.0,8.0,20.0,20.0,20.0,92.0,6.0,0.0,SAFE
5.0,5.0,5.0,5.0,6.0,6.0,12.0,12.0,14.0,16.0,80.0,148.0,9.0,0.0,SAFE
5.0,6.0,10.0,10.0,12.0,17.0,28.0,28.0,28.0,37.0,146.0,166.0,22.0,0.0,SAFE
7.0,16.0,40.0,40.0,40.0,40.0,40.0,80.0,80.0,162.0,162.0,191.0,40.0,0.0,SAFE
5.0,5.0,6.0,6.0,6.0,12.0,32.0,32.0,32.0,39.0,61.0,126.0,22.0,0.0,SAFE
5.0,5.0,5.0,5.0,6.0,6.0,6.0,6.0,6.0,6.0,6.0,60.0,6.0,0.0,SAFE
6.0,6.0,9.0,80.0,80.0,85.0,85.0,85.0,85.0,86.0,88.0,98.0,85.0,0.0,SAFE
5.0,5.0,5.0,5.0,5.0,11.0,11.0,11.0,34.0,34.0,129.0,256.0,11.0,0.0,SAFE
5.0,6.0,6.0,8.0,9.0,13.0,13.0,13.0,20.0,21.0,21.0,92.0,13.0,0.0,SAFE
7.0,7.0,11.0,40.0,40.0,73.0,80.0,182.0,212.0,212.0,212.0,212.0,76.0,0.0,SAFE
5.0,8.0,8.0,8.0,8.0,8.0,32.0,32.0,32.0,32.0,183.0,183.0,20.0,0.0,SAFE
5.0,6.0,6.0,6.0,6.0,7.0,32.0,32.0,32.0,32.0,202.0,202.0,19.0,0.0,SAFE
5.0,10.0,21.0,44.0,51.0,51.0,60.0,128.0,128.0,128.0,128.0,128.0,56.0,0.0,SAFE
8.0,16.0,20.0,20.0,47.0,47.0,47.0,47.0,106.0,107.0,107.0,182.0,47.0,0.0,SAFE
5.0,5.0,5.0,5.0,5.0,5.0,5.0,7.0,7.0,7.0,13.0,78.0,5.0,0.0,SAFE
5.0,6.0,31.0,52.0,64.0,64.0,64.0,64.0,64.0,64.0,64.0,147.0,64.0,0.0,SAFE
5.0,5.0,5.0,5.0,5.0,6.0,7.0,7.0,14.0,14.0,14.0,73.0,6.0,0.0,SAFE
6.0,6.0,6.0,6.0,6.0,6.0,6.0,11.0,11.0,11.0,11.0,73.0,6.0,0.0,SAFE
5.0,5.0,5.0,7.0,10.0,10.0,18.0,18.0,22.0,22.0,26.0,80.0,14.0,0.0,SAFE
5.0,5.0,5.0,8.0,33.0,33.0,33.0,33.0,33.0,95.0,95.0,95.0,33.0,0.0,SAFE
5.0,5.0,5.0,42.0,42.0,42.0,42.0,42.0,42.0,42.0,45.0,271.0,42.0,0.0,SAFE
5.0,5.0,5.0,6.0,6.0,6.0,6.0,12.0,12.0,35.0,35.0,72.0,6.0,0.0,SAFE
5.0,5.0,5.0,5.0,5.0,5.0,5.0,16.0,16.0,16.0,58.0,58.0,5.0,0.0,SAFE
5.0,5.0,5.0,5.0,5.0,6.0,6.0,6.0,7.0,8.0,26.0,105.0,6.0,0.0,SAFE
5.0,5.0,5.0,6.0,6.0,6.0,12.0,12.0,37.0,50.0,50.0,55.0,9.0,0.0,SAFE
5.0,5.0,5.0,7.0,7.0,7.0,7.0,8.0,8.0,31.0,50.0,84.0,7.0,0.0,SAFE
5.0,5.0,5.0,5.0,6.0,6.0,6.0,6.0,6.0,9.0,9.0,66.0,6.0,0.0,SAFE
5.0,5.0,5.0,5.0,6.0,6.0,7.0,7.0,7.0,7.0,35.0,73.0,7.0,0.0,SAFE
5.0,6.0,23.0,31.0,98.0,98.0,127.0,145.0,162.0,162.0,162.0,162.0,113.0,0.0,SAFE
5.0,10.0,17.0,29.0,29.0,36.0,36.0,36.0,36.0,36.0,36.0,68.0,36.0,0.0,SAFE
5.0,5.0,5.0,5.0,5.0,15.0,15.0,15.0,66.0,84.0,84.0,92.0,15.0,0.0,SAFE
5.0,5.0,6.0,9.0,26.0,26.0,38.0,66.0,98.0,112.0,112.0,112.0,32.0,0.0,SAFE
5.0,5.0,5.0,6.0,6.0,6.0,6.0,28.0,28.0,28.0,28.0,99.0,6.0,0.0,SAFE
5.0,5.0,5.0,6.0,6.0,6.0,6.0,6.0,14.0,14.0,18.0,68.0,6.0,0.0,SAFE
5.0,5.0,8.0,8.0,8.0,10.0,10.0,42.0,47.0,47.0,59.0,96.0,10.0,0.0,SAFE
5.0,5.0,6.0,6.0,6.0,8.0,10.0,11.0,11.0,11.0,11.0,122.0,9.0,0.0,SAFE
5.0,5.0,5.0,13.0,13.0,13.0,13.0,13.0,13.0,30.0,30.0,129.0,13.0,0.0,SAFE
8.0,8.0,36.0,70.0,192.0,192.0,192.0,192.0,192.0,192.0,192.0,285.0,192.0,0.026350308641975295,SAFE
5.0,5.0,5.0,5.0,8.0,8.0,8.0,8.0,8.0,28.0,66.0,121.0,8.0,0.0,SAFE
5.0,14.0,14.0,16.0,16.0,16.0,21.0,23.0,23.0,34.0,34.0,117.0,18.0,0.0,SAFE
5.0,5.0,5.0,6.0,6.0,6.0,8.0,17.0,17.0,17.0,17.0,75.0,7.0,0.0,SAFE
5.0,7.0,10.0,14.0,14.0,14.0,14.0,14.0,30.0,30.0,30.0,71.0,14.0,0.0,SAFE
5.0,5.0,6.0,7.0,10.0,11.0,11.0,11.0,11.0,21.0,21.0,85.0,11.0,0.0,SAFE
5.0,5.0,5.0,5.0,5.0,5.0,5.0,9.0,9.0,9.0,9.0,58.0,5.0,0.0,SAFE
5.0,5.0,5.0,5.0,5.0,5.0,5.0,5.0,5.0,5.0,27.0,140.0,5.0,0.0,SAFE
5.0,5.0,5.0,5.0,5.0,17.0,17.0,17.0,17.0,33.0,38.0,97.0,17.0,0.0,SAFE
5.0,5.0,8.0,8.0,91.0,91.0,91.0,91.0,230.0,230.0,230.0,230.0,91.0,0.0,SAFE
5.0,6.0,6.0,32.0,32.0,32.0,32.0,32.0,32.0,32.0,32.0,113.0,32.0,0.0,SAFE
5.0,5.0,6.0,6.0,7.0,7.0,8.0,18.0,18.0,18.0,26.0,57.0,8.0,0.0,SAFE
7.0,7.0,7.0,21.0,21.0,26.0,48.0,48.0,80.0,92.0,92.0,92.0,37.0,0.0,SAFE
5.0,5.0,5.0,8.0,8.0,8.0,9.0,9.0,9.0,28.0,28.0,84.0,8.0,0.0,SAFE
5.0,5.0,5.0,13.0,13.0,13.0,40.0,40.0,40.0,40.0,101.0,133.0,27.0,0.0,SAFE
5.0,5.0,5.0,5.0,5.0,9.0,9.0,9.0,25.0,30.0,32.0,70.0,9.0,0.0,SAFE
5.0,5.0,5.0,5.0,6.0,6.0,8.0,9.0,11.0,11.0,15.0,86.0,7.0,0.0,SAFE
5.0,5.0,6.0,6.0,9.0,20.0,20.0,22.0,22.0,40.0,40.0,93.0,20.0,0.0,SAFE
20.0,20.0,32.0,125.0,125.0,125.0,125.0,125.0,125.0,125.0,125.0,216.0,125.0,0.0,SAFE
5.0,5.0,5.0,5.0,5.0,8.0,8.0,8.0,8.0,10.0,69.0,77.0,8.0,0.0,SAFE
5.0,5.0,5.0,9.0,10.0,10.0,10.0,10.0,10.0,38.0,72.0,72.0,10.0,0.0,SAFE
5.0,9.0,27.0,34.0,154.0,154.0,154.0,163.0,163.0,182.0,182.0,182.0,154.0,0.0,SAFE
5.0,5.0,6.0,8.0,12.0,12.0,12.0,12.0,40.0,40.0,63.0,144.0,12.0,0.0,SAFE
5.0,8.0,8.0,9.0,17.0,76.0,95.0,180.0,199.0,199.0,199.0,392.0,86.0,0.03950777202072542,SAFE
11.0,13.0,15.0,15.0,15.0,15.0,40.0,40.0,40.0,55.0,131.0,381.0,28.0,0.03510000000000002,SAFE
5.0,5.0,6.0,6.0,6.0,9.0,9.0,9.0,34.0,67.0,100.0,134.0,9.0,0.0,SAFE
6.0,18.0,107.0,137.0,374.0,374.0,563.0,563.0,934.0,992.0,1062.0,1079.0,469.0,0.33978947368421053,EXCEED
5.0,7.0,32.0,33.0,59.0,59.0,63.0,122.0,122.0,171.0,171.0,171.0,61.0,0.0,SAFE
5.0,5.0,5.0,9.0,10.0,31.0,34.0,34.0,60.0,60.0,60.0,60.0,33.0,0.0,SAFE
5.0,6.0,6.0,6.0,6.0,10.0,10.0,10.0,16.0,16.0,16.0,137.0,10.0,0.0,SAFE
5.0,5.0,5.0,12.0,12.0,18.0,18.0,37.0,37.0,37.0,76.0,113.0,18.0,0.0,SAFE
5.0,7.0,10.0,14.0,18.0,18.0,34.0,34.0,34.0,34.0,84.0,97.0,26.0,0.0,SAFE
5.0,5.0,5.0,8.0,8.0,8.0,10.0,17.0,17.0,17.0,17.0,34.0,9.0,0.0,SAFE
5.0,5.0,6.0,8.0,8.0,8.0,16.0,16.0,16.0,16.0,16.0,93.0,12.0,0.0,SAFE
5.0,5.0,6.0,6.0,8.0,8.0,8.0,20.0,20.0,20.0,20.0,113.0,8.0,0.0,SAFE
18.0,26.0,55.0,55.0,55.0,209.0,270.0,270.0,270.0,270.0,270.0,270.0,239.0,0.0,SAFE
18.0,32.0,52.0,52.0,52.0,235.0,273.0,273.0,273.0,273.0,273.0,273.0,254.0,0.0,SAFE
5.0,5.0,5.0,5.0,5.0,5.0,5.0,5.0,5.0,14.0,14.0,74.0,5.0,0.0,SAFE
5.0,5.0,8.0,8.0,10.0,10.0,10.0,32.0,32.0,32.0,32.0,101.0,10.0,0.0,SAFE
5.0,6.0,6.0,6.0,6.0,6.0,6.0,6.0,13.0,17.0,17.0,65.0,6.0,0.0,SAFE
5.0,5.0,5.0,7.0,10.0,11.0,13.0,24.0,24.0,24.0,24.0,113.0,12.0,0.0,SAFE
5.0,6.0,6.0,6.0,6.0,6.0,6.0,7.0,7.0,7.0,12.0,70.0,6.0,0.0,SAFE
5.0,8.0,15.0,41.0,49.0,49.0,49.0,49.0,53.0,53.0,53.0,199.0,49.0,0.0,SAFE
5.0,5.0,5.0,5.0,6.0,6.0,6.0,21.0,21.0,59.0,59.0,59.0,6.0,0.0,SAFE
5.0,5.0,5.0,5.0,5.0,6.0,6.0,8.0,8.0,8.0,8.0,71.0,6.0,0.0,SAFE
5.0,6.0,6.0,10.0,23.0,56.0,56.0,104.0,104.0,107.0,108.0,108.0,56.0,0.0,SAFE
5.0,5.0,5.0,6.0,9.0,9.0,9.0,9.0,14.0,17.0,17.0,101.0,9.0,0.0,SAFE
5.0,5.0,6.0,6.0,10.0,10.0,10.0,10.0,10.0,24.0,24.0,32.0,10.0,0.0,SAFE
5.0,5.0,5.0,5.0,5.0,5.0,5.0,13.0,14.0,18.0,18.0,75.0,5.0,0.0,SAFE
5.0,5.0,5.0,5.0,5.0,5.0,7.0,9.0,9.0,9.0,18.0,50.0,6.0,0.0,SAFE
5.0,8.0,12.0,14.0,14.0,16.0,16.0,16.0,16.0,16.0,16.0,47.0,16.0,0.0,SAFE
45.0,45.0,45.0,83.0,83.0,94.0,105.0,105.0,105.0,105.0,105.0,187.0,99.0,0.0,SAFE
5.0,5.0,5.0,5.0,5.0,5.0,10.0,10.0,20.0,30.0,30.0,106.0,7.0,0.0,SAFE
5.0,5.0,5.0,5.0,6.0,7.0,9.0,13.0,13.0,13.0,13.0,43.0,8.0,0.0,SAFE
5.0,5.0,5.0,5.0,7.0,7.0,7.0,7.0,7.0,40.0,40.0,53.0,7.0,0.0,SAFE
5.0,5.0,5.0,5.0,5.0,5.0,8.0,42.0,42.0,42.0,42.0,80.0,6.0,0.0,SAFE
5.0,5.0,5.0,5.0,6.0,6.0,12.0,12.0,12.0,46.0,166.0,166.0,9.0,0.0,SAFE
5.0,5.0,5.0,5.0,6.0,6.0,7.0,19.0,27.0,27.0,27.0,67.0,6.0,0.0,SAFE
5.0,5.0,5.0,5.0,5.0,7.0,9.0,19.0,19.0,19.0,19.0,63.0,8.0,0.0,SAFE
5.0,5.0,6.0,6.0,6.0,6.0,6.0,6.0,6.0,36.0,36.0,80.0,6.0,0.0,SAFE
5.0,8.0,23.0,26.0,118.0,195.0,328.0,350.0,364.0,364.0,482.0,482.0,262.0,0.21804511278195482,EXCEED
5.0,6.0,32.0,44.0,44.0,46.0,71.0,86.0,86.0,86.0,86.0,86.0,58.0,0.0,SAFE
5.0,5.0,5.0,6.0,6.0,6.0,26.0,26.0,27.0,27.0,27.0,257.0,16.0,0.0,SAFE
5.0,5.0,5.0,9.0,10.0,10.0,12.0,12.0,13.0,38.0,38.0,87.0,11.0,0.0,SAFE
5.0,5.0,7.0,7.0,7.0,11.0,21.0,21.0,21.0,21.0,21.0,94.0,16.0,0.0,SAFE
5.0,5.0,5.0,5.0,6.0,6.0,6.0,10.0,18.0,18.0,18.0,91.0,6.0,0.0,SAFE
8.0,9.0,19.0,21.0,21.0,21.0,23.0,23.0,28.0,28.0,28.0,112.0,22.0,0.0,SAFE
5.0,5.0,5.0,5.0,5.0,6.0,6.0,6.0,20.0,20.0,20.0,67.0,6.0,0.0,SAFE
5.0,5.0,5.0,5.0,6.0,7.0,7.0,7.0,47.0,123.0,123.0,140.0,7.0,0.0,SAFE
5.0,5.0,5.0,5.0,5.0,5.0,5.0,10.0,10.0,18.0,18.0,84.0,5.0,0.0,SAFE
10.0,10.0,21.0,23.0,23.0,23.0,23.0,38.0,38.0,38.0,47.0,255.0,23.0,0.0,SAFE
5.0,5.0,5.0,5.0,5.0,6.0,6.0,6.0,6.0,6.0,11.0,67.0,6.0,0.0,SAFE
5.0,5.0,5.0,7.0,7.0,7.0,7.0,7.0,7.0,7.0,37.0,65.0,7.0,0.0,SAFE
5.0,5.0,5.0,5.0,5.0,6.0,6.0,8.0,19.0,19.0,19.0,79.0,6.0,0.0,SAFE
5.0,5.0,5.0,5.0,5.0,6.0,8.0,18.0,32.0,32.0,32.0,56.0,7.0,0.0,SAFE
5.0,5.0,5.0,5.0,5.0,5.0,5.0,30.0,30.0,30.0,30.0,48.0,5.0,0.0,SAFE
5.0,5.0,5.0,5.0,5.0,16.0,24.0,24.0,24.0,63.0,105.0,516.0,20.0,0.03935523114355233,SAFE
5.0,5.0,6.0,6.0,12.0,19.0,19.0,19.0,19.0,19.0,19.0,72.0,19.0,0.0,SAFE
6.0,6.0,6.0,6.0,6.0,6.0,6.0,17.0,17.0,17.0,17.0,62.0,6.0,0.0,SAFE
5.0,5.0,5.0,5.0,16.0,22.0,22.0,50.0,53.0,73.0,128.0,128.0,22.0,0.0,SAFE
5.0,5.0,7.0,7.0,7.0,7.0,7.0,17.0,28.0,28.0,28.0,33.0,7.0,0.0,SAFE
5.0,5.0,5.0,5.0,5.0,5.0,5.0,29.0,29.0,29.0,29.0,52.0,5.0,0.0,SAFE
6.0,10.0,15.0,20.0,20.0,21.0,21.0,21.0,22.0,22.0,22.0,53.0,21.0,0.0,SAFE
5.0,5.0,5.0,5.0,5.0,10.0,10.0,10.0,54.0,54.0,58.0,180.0,10.0,0.0,SAFE
5.0,5.0,5.0,5.0,5.0,5.0,5.0,15.0,19.0,30.0,30.0,75.0,5.0,0.0,SAFE
5.0,5.0,5.0,6.0,6.0,7.0,7.0,7.0,13.0,18.0,23.0,102.0,7.0,0.0,SAFE
50.0,55.0,55.0,55.0,153.0,153.0,153.0,323.0,323.0,323.0,362.0,398.0,153.0,0.16257367387033395,SAFE
5.0,5.0,8.0,8.0,8.0,8.0,8.0,8.0,8.0,42.0,42.0,98.0,8.0,0.0,SAFE
5.0,5.0,5.0,6.0,8.0,8.0,8.0,8.0,12.0,54.0,82.0,232.0,8.0,0.0,SAFE
5.0,7.0,7.0,10.0,10.0,15.0,15.0,15.0,15.0,47.0,130.0,130.0,15.0,0.0,SAFE
5.0,5.0,5.0,5.0,7.0,7.0,24.0,24.0,24.0,24.0,24.0,63.0,16.0,0.0,SAFE
5.0,5.0,5.0,5.0,5.0,5.0,19.0,19.0,19.0,56.0,56.0,83.0,12.0,0.0,SAFE
6.0,6.0,6.0,6.0,6.0,19.0,19.0,42.0,42.0,42.0,42.0,59.0,19.0,0.0,SAFE
5.0,5.0,5.0,5.0,7.0,7.0,9.0,9.0,9.0,12.0,13.0,57.0,8.0,0.0,SAFE
5.0,5.0,6.0,6.0,7.0,7.0,12.0,12.0,12.0,12.0,12.0,58.0,9.0,0.0,SAFE
5.0,7.0,10.0,14.0,14.0,18.0,35.0,35.0,35.0,35.0,48.0,188.0,26.0,0.0,SAFE
5.0,5.0,5.0,6.0,6.0,6.0,11.0,21.0,21.0,21.0,21.0,53.0,8.0,0.0,SAFE
5.0,7.0,8.0,12.0,12.0,19.0,20.0,20.0,22.0,22.0,27.0,45.0,20.0,0.0,SAFE
5.0,5.0,5.0,5.0,6.0,6.0,8.0,8.0,36.0,43.0,48.0,155.0,7.0,0.0,SAFE
5.0,5.0,5.0,5.0,5.0,5.0,5.0,22.0,22.0,22.0,134.0,134.0,5.0,0.0,SAFE
5.0,5.0,6.0,6.0,11.0,11.0,11.0,11.0,22.0,50.0,50.0,144.0,11.0,0.0,SAFE
5.0,5.0,5.0,7.0,7.0,7.0,8.0,8.0,8.0,26.0,26.0,112.0,8.0,0.0,SAFE
6.0,8.0,8.0,10.0,29.0,29.0,29.0,31.0,31.0,37.0,37.0,37.0,29.0,0.0,SAFE
5.0,6.0,6.0,7.0,7.0,12.0,23.0,65.0,83.0,83.0,83.0,83.0,18.0,0.0,SAFE
6.0,6.0,60.0,121.0,185.0,310.0,320.0,320.0,352.0,352.0,373.0,373.0,315.0,0.262,EXCEED
9.0,10.0,22.0,22.0,22.0,22.0,22.0,22.0,22.0,22.0,22.0,111.0,22.0,0.0,SAFE
6.0,6.0,7.0,7.0,7.0,7.0,7.0,12.0,12.0,12.0,18.0,113.0,7.0,0.0,SAFE
47.0,214.0,463.0,624.0,836.0,937.0,1209.0,1365.0,1672.0,1672.0,1971.0,2447.0,1073.0,0.6102409638554217,EXCEED
5.0,5.0,5.0,5.0,5.0,5.0,9.0,9.0,14.0,14.0,14.0,76.0,7.0,0.0,SAFE
5.0,5.0,5.0,5.0,5.0,9.0,10.0,10.0,10.0,16.0,16.0,64.0,10.0,0.0,SAFE
6.0,7.0,11.0,11.0,11.0,12.0,12.0,26.0,26.0,26.0,26.0,191.0,12.0,0.0,SAFE
8.0,9.0,10.0,10.0,10.0,18.0,18.0,18.0,30.0,30.0,30.0,71.0,18.0,0.0,SAFE
5.0,6.0,10.0,12.0,12.0,17.0,36.0,36.0,36.0,36.0,38.0,90.0,26.0,0.0,SAFE
5.0,6.0,8.0,10.0,10.0,10.0,14.0,19.0,24.0,24.0,24.0,150.0,12.0,0.0,SAFE
5.0,5.0,5.0,5.0,5.0,6.0,6.0,15.0,15.0,15.0,15.0,88.0,6.0,0.0,SAFE
6.0,9.0,13.0,13.0,52.0,52.0,109.0,120.0,132.0,132.0,132.0,205.0,80.0,0.0,SAFE
6.0,6.0,6.0,6.0,15.0,34.0,34.0,60.0,60.0,60.0,60.0,206.0,34.0,0.0,SAFE
12.0,20.0,45.0,56.0,56.0,146.0,146.0,169.0,169.0,169.0,169.0,169.0,146.0,0.0,SAFE
9.0,9.0,10.0,11.0,43.0,43.0,43.0,43.0,43.0,291.0,343.0,366.0,43.0,0.07610797743755027,SAFE
5.0,5.0,6.0,6.0,12.0,12.0,15.0,56.0,56.0,93.0,93.0,93.0,13.0,0.0,SAFE
5.0,6.0,6.0,6.0,6.0,8.0,8.0,33.0,33.0,33.0,33.0,80.0,8.0,0.0,SAFE
5.0,5.0,5.0,6.0,9.0,14.0,50.0,50.0,56.0,286.0,286.0,615.0,32.0,0.07565217391304346,SAFE
5.0,6.0,10.0,18.0,18.0,18.0,30.0,39.0,42.0,42.0,42.0,105.0,24.0,0.0,SAFE
7.0,10.0,13.0,13.0,13.0,33.0,89.0,89.0,89.0,89.0,89.0,89.0,61.0,0.0,SAFE
11.0,11.0,18.0,18.0,32.0,59.0,115.0,115.0,115.0,129.0,129.0,138.0,87.0,0.0,SAFE
5.0,5.0,5.0,6.0,6.0,7.0,10.0,10.0,10.0,20.0,20.0,99.0,8.0,0.0,SAFE
5.0,6.0,6.0,6.0,7.0,7.0,11.0,11.0,28.0,97.0,117.0,117.0,9.0,0.0,SAFE
5.0,5.0,6.0,6.0,11.0,15.0,15.0,15.0,20.0,59.0,59.0,115.0,15.0,0.0,SAFE
5.0,5.0,6.0,6.0,7.0,7.0,7.0,7.0,7.0,30.0,30.0,54.0,7.0,0.0,SAFE
7.0,7.0,14.0,14.0,14.0,40.0,40.0,48.0,48.0,51.0,79.0,150.0,40.0,0.0,SAFE
5.0,5.0,6.0,6.0,6.0,9.0,9.0,9.0,20.0,28.0,28.0,126.0,9.0,0.0,SAFE
5.0,5.0,5.0,9.0,9.0,17.0,17.0,33.0,88.0,88.0,88.0,88.0,17.0,0.0,SAFE
5.0,5.0,10.0,13.0,13.0,19.0,19.0,19.0,19.0,40.0,40.0,65.0,19.0,0.0,SAFE
30.0,65.0,238.0,238.0,331.0,533.0,533.0,1010.0,1356.0,1631.0,1631.0,1631.0,533.0,0.3548387096774194,EXCEED
5.0,5.0,5.0,6.0,8.0,8.0,8.0,8.0,8.0,8.0,84.0,84.0,8.0,0.0,SAFE
5.0,5.0,14.0,14.0,14.0,40.0,40.0,41.0,41.0,41.0,41.0,65.0,40.0,0.0,SAFE
5.0,6.0,6.0,6.0,6.0,6.0,6.0,6.0,7.0,10.0,53.0,69.0,6.0,0.0,SAFE
5.0,6.0,6.0,6.0,6.0,6.0,19.0,19.0,19.0,19.0,19.0,67.0,12.0,0.0,SAFE
5.0,7.0,10.0,15.0,30.0,30.0,30.0,66.0,66.0,75.0,87.0,97.0,30.0,0.0,SAFE
5.0,6.0,9.0,9.0,16.0,26.0,26.0,26.0,26.0,26.0,37.0,156.0,26.0,0.0,SAFE
7.0,12.0,15.0,37.0,69.0,91.0,134.0,176.0,176.0,176.0,176.0,176.0,112.0,0.0,SAFE
6.0,7.0,10.0,13.0,13.0,13.0,44.0,63.0,63.0,68.0,200.0,561.0,28.0,0.04445983379501384,SAFE
5.0,5.0,5.0,6.0,8.0,8.0,8.0,8.0,8.0,8.0,12.0,46.0,8.0,0.0,SAFE
5.0,5.0,5.0,5.0,5.0,7.0,16.0,16.0,16.0,22.0,22.0,54.0,12.0,0.0,SAFE
5.0,5.0,5.0,5.0,5.0,5.0,8.0,9.0,9.0,48.0,48.0,103.0,6.0,0.0,SAFE
5.0,5.0,5.0,5.0,6.0,6.0,6.0,6.0,22.0,24.0,24.0,66.0,6.0,0.0,SAFE
5.0,5.0,5.0,5.0,5.0,6.0,7.0,7.0,7.0,7.0,10.0,76.0,7.0,0.0,SAFE
5.0,5.0,5.0,5.0,10.0,10.0,12.0,12.0,15.0,16.0,16.0,70.0,12.0,0.0,SAFE
5.0,10.0,13.0,16.0,16.0,23.0,23.0,23.0,24.0,24.0,33.0,194.0,23.0,0.0,SAFE
5.0,5.0,5.0,5.0,6.0,6.0,9.0,9.0,9.0,9.0,9.0,65.0,7.0,0.0,SAFE
8.0,8.0,10.0,13.0,13.0,13.0,42.0,42.0,42.0,47.0,47.0,56.0,27.0,0.0,SAFE
5.0,5.0,7.0,7.0,23.0,36.0,36.0,47.0,47.0,47.0,73.0,211.0,36.0,0.0,SAFE
5.0,5.0,5.0,5.0,6.0,6.0,35.0,35.0,35.0,35.0,35.0,57.0,21.0,0.0,SAFE
6.0,6.0,8.0,13.0,13.0,20.0,20.0,30.0,30.0,44.0,44.0,63.0,20.0,0.0,SAFE
5.0,5.0,5.0,5.0,5.0,5.0,8.0,10.0,10.0,10.0,12.0,119.0,6.0,0.0,SAFE
5.0,5.0,6.0,7.0,7.0,7.0,39.0,39.0,39.0,39.0,39.0,52.0,23.0,0.0,SAFE
8.0,8.0,10.0,10.0,11.0,11.0,13.0,30.0,43.0,94.0,94.0,366.0,12.0,0.03288990825688076,SAFE
5.0,16.0,16.0,16.0,16.0,16.0,16.0,16.0,78.0,78.0,84.0,158.0,16.0,0.0,SAFE
5.0,5.0,5.0,5.0,6.0,6.0,6.0,6.0,10.0,12.0,12.0,71.0,6.0,0.0,SAFE
5.0,8.0,8.0,8.0,8.0,10.0,10.0,56.0,56.0,56.0,56.0,56.0,10.0,0.0,SAFE
5.0,8.0,12.0,12.0,12.0,15.0,15.0,15.0,15.0,40.0,40.0,182.0,15.0,0.0,SAFE
6.0,6.0,10.0,10.0,30.0,33.0,98.0,98.0,171.0,180.0,216.0,218.0,66.0,0.0,SAFE
10.0,23.0,33.0,57.0,107.0,171.0,210.0,210.0,210.0,210.0,210.0,541.0,190.0,0.044712990936555896,SAFE
5.0,9.0,44.0,84.0,116.0,182.0,182.0,182.0,219.0,219.0,219.0,219.0,182.0,0.0,SAFE
14.0,142.0,241.0,274.0,327.0,327.0,327.0,488.0,488.0,504.0,618.0,618.0,327.0,0.38875000000000004,EXCEED
8.0,10.0,20.0,21.0,22.0,22.0,44.0,88.0,212.0,212.0,212.0,421.0,33.0,0.04186602870813405,SAFE
133.0,1017.0,1017.0,1241.0,2430.0,2616.0,2619.0,2700.0,2700.0,2700.0,2700.0,2700.0,2618.0,0.7750565610859729,EXCEED
5.0,10.0,11.0,11.0,11.0,30.0,42.0,42.0,42.0,42.0,48.0,64.0,36.0,0.0,SAFE
5.0,10.0,26.0,74.0,92.0,161.0,161.0,161.0,200.0,200.0,200.0,200.0,161.0,0.0,SAFE
8.0,10.0,10.0,11.0,26.0,26.0,26.0,26.0,26.0,26.0,109.0,191.0,26.0,0.0,SAFE
5.0,6.0,6.0,15.0,39.0,108.0,108.0,154.0,154.0,162.0,162.0,162.0,108.0,0.0,SAFE
5.0,9.0,10.0,19.0,19.0,19.0,19.0,48.0,48.0,48.0,48.0,90.0,19.0,0.0,SAFE
6.0,13.0,44.0,44.0,92.0,95.0,95.0,95.0,95.0,95.0,208.0,208.0,95.0,0.0,SAFE
6.0,6.0,11.0,14.0,14.0,20.0,20.0,20.0,20.0,81.0,81.0,81.0,20.0,0.0,SAFE
8.0,8.0,26.0,33.0,33.0,69.0,253.0,360.0,465.0,595.0,595.0,595.0,161.0,0.18738317757009348,EXCEED
6.0,10.0,10.0,10.0,14.0,17.0,17.0,17.0,17.0,17.0,18.0,173.0,17.0,0.0,SAFE
53.0,74.0,80.0,89.0,89.0,207.0,207.0,207.0,207.0,331.0,331.0,1058.0,207.0,0.08526156941649898,SAFE
5.0,17.0,25.0,87.0,87.0,87.0,87.0,87.0,92.0,92.0,92.0,169.0,87.0,0.0,SAFE
5.0,5.0,6.0,6.0,16.0,16.0,18.0,19.0,19.0,19.0,19.0,83.0,17.0,0.0,SAFE
5.0,5.0,5.0,5.0,5.0,5.0,21.0,21.0,21.0,21.0,39.0,83.0,13.0,0.0,SAFE
9.0,18.0,20.0,74.0,202.0,202.0,228.0,236.0,254.0,254.0,254.0,254.0,215.0,0.0,SAFE
5.0,8.0,9.0,9.0,9.0,9.0,47.0,47.0,47.0,47.0,106.0,153.0,28.0,0.0,SAFE
6.0,6.0,10.0,14.0,14.0,42.0,42.0,49.0,98.0,98.0,98.0,167.0,42.0,0.0,SAFE
5.0,5.0,8.0,10.0,16.0,16.0,18.0,18.0,25.0,51.0,51.0,113.0,17.0,0.0,SAFE
6.0,6.0,6.0,6.0,6.0,6.0,8.0,16.0,16.0,16.0,35.0,62.0,7.0,0.0,SAFE
8.0,12.0,17.0,30.0,30.0,30.0,44.0,44.0,44.0,72.0,72.0,102.0,37.0,0.0,SAFE
6.0,6.0,8.0,24.0,138.0,176.0,346.0,852.0,1688.0,2137.0,2549.0,2575.0,261.0,0.2194117647058823,EXCEED
5.0,11.0,12.0,67.0,102.0,111.0,111.0,111.0,111.0,111.0,111.0,112.0,111.0,0.0,SAFE
6.0,12.0,12.0,27.0,92.0,92.0,141.0,141.0,151.0,187.0,187.0,187.0,116.0,0.0,SAFE
5.0,5.0,6.0,9.0,19.0,19.0,19.0,23.0,48.0,56.0,166.0,303.0,19.0,0.02919708029197088,SAFE
5.0,10.0,10.0,29.0,98.0,118.0,180.0,311.0,362.0,400.0,408.0,408.0,149.0,0.1618320610687023,SAFE
5.0,6.0,12.0,12.0,16.0,38.0,38.0,64.0,64.0,64.0,64.0,206.0,38.0,0.0,SAFE
5.0,5.0,6.0,6.0,6.0,8.0,8.0,8.0,8.0,14.0,27.0,108.0,8.0,0.0,SAFE
5.0,6.0,9.0,11.0,11.0,11.0,18.0,38.0,38.0,38.0,38.0,109.0,14.0,0.0,SAFE
5.0,5.0,5.0,8.0,8.0,24.0,24.0,24.0,45.0,45.0,49.0,122.0,24.0,0.0,SAFE
5.0,5.0,6.0,6.0,6.0,8.0,10.0,17.0,17.0,17.0,17.0,78.0,9.0,0.0,SAFE
5.0,5.0,11.0,12.0,16.0,39.0,47.0,47.0,47.0,49.0,70.0,181.0,43.0,0.0,SAFE
5.0,5.0,5.0,5.0,8.0,8.0,24.0,24.0,24.0,93.0,98.0,98.0,16.0,0.0,SAFE
5.0,6.0,9.0,13.0,22.0,31.0,44.0,44.0,44.0,44.0,51.0,72.0,38.0,0.0,SAFE
5.0,5.0,6.0,6.0,8.0,8.0,30.0,41.0,41.0,41.0,51.0,135.0,19.0,0.0,SAFE
6.0,6.0,11.0,17.0,20.0,31.0,31.0,31.0,31.0,31.0,33.0,51.0,31.0,0.0,SAFE
5.0,5.0,7.0,7.0,7.0,7.0,7.0,10.0,10.0,44.0,123.0,123.0,7.0,0.0,SAFE
57.0,134.0,212.0,578.0,888.0,888.0,888.0,985.0,985.0,985.0,985.0,985.0,888.0,0.48142076502732245,EXCEED
9.0,27.0,51.0,51.0,80.0,106.0,106.0,128.0,128.0,128.0,128.0,242.0,106.0,0.0,SAFE
5.0,7.0,11.0,14.0,15.0,20.0,33.0,33.0,33.0,33.0,33.0,88.0,26.0,0.0,SAFE
5.0,5.0,7.0,7.0,10.0,10.0,21.0,21.0,21.0,21.0,21.0,90.0,15.0,0.0,SAFE
21.0,58.0,127.0,185.0,290.0,321.0,321.0,321.0,630.0,630.0,630.0,630.0,321.0,0.30952380952380953,EXCEED
5.0,5.0,5.0,5.0,5.0,7.0,7.0,37.0,37.0,37.0,37.0,74.0,7.0,0.0,SAFE
5.0,5.0,5.0,8.0,8.0,8.0,8.0,11.0,11.0,11.0,14.0,68.0,8.0,0.0,SAFE
5.0,5.0,6.0,6.0,10.0,10.0,10.0,31.0,75.0,75.0,115.0,115.0,10.0,0.0,SAFE
5.0,5.0,8.0,8.0,8.0,10.0,10.0,13.0,25.0,25.0,27.0,103.0,10.0,0.0,SAFE
5.0,5.0,9.0,14.0,16.0,16.0,25.0,25.0,25.0,25.0,25.0,40.0,20.0,0.0,SAFE
5.0,5.0,7.0,14.0,14.0,27.0,27.0,27.0,52.0,52.0,142.0,252.0,27.0,0.0,SAFE
5.0,8.0,10.0,10.0,10.0,10.0,21.0,52.0,94.0,94.0,94.0,94.0,16.0,0.0,SAFE
21.0,64.0,96.0,161.0,161.0,161.0,161.0,252.0,341.0,341.0,341.0,414.0,161.0,0.13421052631578945,SAFE
5.0,5.0,5.0,9.0,9.0,9.0,9.0,9.0,10.0,10.0,30.0,75.0,9.0,0.0,SAFE
5.0,7.0,8.0,8.0,8.0,8.0,12.0,12.0,116.0,116.0,270.0,270.0,10.0,0.0,SAFE
7.0,7.0,7.0,10.0,12.0,12.0,13.0,48.0,133.0,133.0,133.0,133.0,12.0,0.0,SAFE
6.0,6.0,11.0,22.0,42.0,42.0,65.0,65.0,66.0,72.0,146.0,146.0,54.0,0.0,SAFE
5.0,5.0,5.0,5.0,14.0,14.0,14.0,14.0,14.0,14.0,19.0,84.0,14.0,0.0,SAFE
6.0,6.0,9.0,18.0,18.0,18.0,18.0,18.0,28.0,28.0,69.0,116.0,18.0,0.0,SAFE
5.0,9.0,45.0,45.0,51.0,51.0,87.0,87.0,87.0,156.0,156.0,522.0,69.0,0.041530054644808745,SAFE
5.0,5.0,5.0,5.0,5.0,5.0,5.0,5.0,18.0,24.0,24.0,105.0,5.0,0.0,SAFE
6.0,6.0,6.0,6.0,15.0,15.0,15.0,29.0,29.0,29.0,29.0,149.0,15.0,0.0,SAFE
8.0,10.0,10.0,13.0,16.0,16.0,16.0,32.0,148.0,148.0,148.0,148.0,16.0,0.0,SAFE
5.0,5.0,5.0,5.0,5.0,5.0,5.0,6.0,6.0,6.0,8.0,61.0,5.0,0.0,SAFE
5.0,8.0,9.0,12.0,35.0,35.0,35.0,35.0,35.0,35.0,35.0,64.0,35.0,0.0,SAFE
5.0,5.0,5.0,6.0,6.0,10.0,10.0,10.0,10.0,10.0,28.0,63.0,10.0,0.0,SAFE
11.0,11.0,41.0,46.0,52.0,107.0,107.0,107.0,107.0,114.0,114.0,347.0,107.0,0.03217344753747331,SAFE
5.0,8.0,8.0,10.0,10.0,11.0,11.0,12.0,15.0,17.0,26.0,65.0,11.0,0.0,SAFE
8.0,8.0,9.0,10.0,10.0,14.0,14.0,28.0,28.0,134.0,134.0,134.0,14.0,0.0,SAFE
5.0,6.0,10.0,16.0,18.0,24.0,24.0,83.0,83.0,83.0,83.0,83.0,24.0,0.0,SAFE
14.0,16.0,47.0,54.0,54.0,91.0,91.0,91.0,91.0,91.0,213.0,306.0,91.0,0.03198924731182795,SAFE
61.0,108.0,164.0,164.0,481.0,490.0,490.0,687.0,687.0,687.0,687.0,687.0,490.0,0.3633070866141732,EXCEED
15.0,30.0,41.0,79.0,79.0,79.0,79.0,79.0,79.0,79.0,79.0,159.0,79.0,0.0,SAFE
5.0,5.0,6.0,8.0,20.0,20.0,21.0,42.0,42.0,52.0,52.0,68.0,20.0,0.0,SAFE
5.0,5.0,6.0,13.0,13.0,13.0,38.0,38.0,38.0,45.0,45.0,46.0,26.0,0.0,SAFE
5.0,5.0,6.0,11.0,11.0,11.0,11.0,11.0,14.0,49.0,49.0,58.0,11.0,0.0,SAFE
5.0,5.0,5.0,5.0,6.0,6.0,6.0,10.0,10.0,10.0,11.0,57.0,6.0,0.0,SAFE
5.0,5.0,5.0,6.0,6.0,6.0,6.0,6.0,7.0,7.0,15.0,93.0,6.0,0.0,SAFE
5.0,5.0,5.0,6.0,11.0,11.0,11.0,11.0,18.0,44.0,44.0,64.0,11.0,0.0,SAFE
5.0,5.0,5.0,5.0,5.0,5.0,5.0,5.0,8.0,8.0,8.0,48.0,5.0,0.0,SAFE
5.0,5.0,5.0,6.0,10.0,19.0,19.0,69.0,76.0,76.0,76.0,116.0,19.0,0.0,SAFE
5.0,5.0,5.0,7.0,7.0,7.0,7.0,29.0,29.0,29.0,29.0,29.0,7.0,0.0,SAFE
5.0,5.0,5.0,5.0,5.0,5.0,5.0,6.0,17.0,23.0,23.0,24.0,5.0,0.0,SAFE
5.0,5.0,5.0,5.0,5.0,9.0,9.0,9.0,9.0,9.0,28.0,41.0,9.0,0.0,SAFE
5.0,5.0,5.0,8.0,10.0,10.0,10.0,41.0,41.0,41.0,41.0,41.0,10.0,0.0,SAFE
5.0,5.0,5.0,5.0,5.0,5.0,5.0,5.0,5.0,6.0,16.0,44.0,5.0,0.0,SAFE
52.0,108.0,108.0,135.0,140.0,140.0,174.0,174.0,174.0,174.0,174.0,196.0,157.0,0.0,SAFE
5.0,5.0,5.0,5.0,5.0,5.0,9.0,19.0,19.0,19.0,19.0,63.0,7.0,0.0,SAFE
5.0,5.0,5.0,5.0,5.0,5.0,5.0,16.0,16.0,16.0,18.0,31.0,5.0,0.0,SAFE
5.0,5.0,5.0,5.0,5.0,5.0,7.0,8.0,8.0,18.0,18.0,33.0,6.0,0.0,SAFE
5.0,5.0,5.0,5.0,6.0,6.0,6.0,8.0,8.0,30.0,32.0,37.0,6.0,0.0,SAFE
5.0,5.0,5.0,12.0,12.0,12.0,12.0,12.0,12.0,12.0,26.0,41.0,12.0,0.0,SAFE
5.0,5.0,5.0,5.0,5.0,5.0,8.0,8.0,9.0,10.0,10.0,33.0,6.0,0.0,SAFE
5.0,5.0,5.0,5.0,5.0,5.0,5.0,5.0,5.0,15.0,15.0,40.0,5.0,0.0,SAFE
5.0,5.0,6.0,6.0,6.0,6.0,6.0,6.0,6.0,8.0,8.0,52.0,6.0,0.0,SAFE
5.0,5.0,6.0,7.0,7.0,7.0,7.0,20.0,20.0,28.0,28.0,44.0,7.0,0.0,SAFE
5.0,5.0,5.0,5.0,5.0,7.0,7.0,7.0,7.0,7.0,10.0,32.0,7.0,0.0,SAFE
5.0,5.0,7.0,10.0,23.0,23.0,23.0,24.0,24.0,24.0,24.0,36.0,23.0,0.0,SAFE
5.0,5.0,7.0,11.0,13.0,23.0,23.0,24.0,24.0,24.0,34.0,41.0,23.0,0.0,SAFE
5.0,5.0,5.0,5.0,6.0,6.0,6.0,6.0,6.0,10.0,10.0,25.0,6.0,0.0,SAFE
5.0,5.0,6.0,6.0,6.0,6.0,10.0,10.0,10.0,10.0,10.0,63.0,8.0,0.0,SAFE
5.0,5.0,5.0,5.0,5.0,5.0,5.0,7.0,7.0,8.0,8.0,49.0,5.0,0.0,SAFE
5.0,5.0,5.0,5.0,6.0,6.0,6.0,6.0,12.0,12.0,12.0,77.0,6.0,0.0,SAFE
5.0,5.0,5.0,5.0,5.0,5.0,5.0,10.0,10.0,15.0,15.0,38.0,5.0,0.0,SAFE
5.0,5.0,5.0,5.0,7.0,7.0,7.0,7.0,20.0,30.0,53.0,110.0,7.0,0.0,SAFE
5.0,5.0,5.0,5.0,5.0,5.0,5.0,5.0,9.0,33.0,33.0,35.0,5.0,0.0,SAFE
5.0,9.0,10.0,11.0,14.0,14.0,14.0,14.0,20.0,32.0,32.0,77.0,14.0,0.0,SAFE
5.0,5.0,5.0,7.0,13.0,13.0,13.0,15.0,15.0,15.0,21.0,67.0,13.0,0.0,SAFE
5.0,5.0,5.0,5.0,6.0,6.0,6.0,12.0,12.0,12.0,16.0,39.0,6.0,0.0,SAFE
5.0,5.0,5.0,5.0,5.0,5.0,5.0,6.0,6.0,11.0,11.0,38.0,5.0,0.0,SAFE
5.0,6.0,9.0,9.0,9.0,9.0,9.0,9.0,12.0,12.0,20.0,134.0,9.0,0.0,SAFE
5.0,5.0,5.0,5.0,6.0,6.0,6.0,22.0,22.0,22.0,22.0,45.0,6.0,0.0,SAFE
5.0,5.0,5.0,5.0,5.0,5.0,5.0,5.0,6.0,10.0,10.0,45.0,5.0,0.0,SAFE
5.0,5.0,5.0,5.0,6.0,6.0,7.0,22.0,22.0,22.0,22.0,37.0,6.0,0.0,SAFE
5.0,5.0,5.0,5.0,7.0,7.0,7.0,7.0,7.0,7.0,10.0,64.0,7.0,0.0,SAFE
5.0,5.0,5.0,5.0,5.0,6.0,13.0,32.0,32.0,32.0,32.0,32.0,10.0,0.0,SAFE
5.0,5.0,5.0,5.0,5.0,6.0,10.0,10.0,14.0,23.0,23.0,41.0,8.0,0.0,SAFE
5.0,5.0,5.0,5.0,5.0,6.0,6.0,24.0,24.0,24.0,24.0,49.0,6.0,0.0,SAFE
5.0,5.0,5.0,5.0,5.0,5.0,7.0,7.0,13.0,17.0,23.0,33.0,6.0,0.0,SAFE
5.0,5.0,5.0,5.0,6.0,6.0,7.0,7.0,7.0,7.0,8.0,30.0,6.0,0.0,SAFE
28.0,54.0,54.0,103.0,117.0,117.0,117.0,239.0,239.0,239.0,254.0,254.0,117.0,0.0,SAFE
5.0,5.0,5.0,6.0,6.0,6.0,6.0,6.0,6.0,8.0,13.0,57.0,6.0,0.0,SAFE
5.0,5.0,5.0,5.0,5.0,10.0,12.0,30.0,30.0,30.0,30.0,60.0,11.0,0.0,SAFE
5.0,5.0,5.0,5.0,5.0,5.0,15.0,15.0,15.0,15.0,60.0,60.0,10.0,0.0,SAFE
5.0,5.0,5.0,5.0,5.0,5.0,5.0,35.0,35.0,35.0,35.0,51.0,5.0,0.0,SAFE
5.0,5.0,5.0,5.0,5.0,5.0,5.0,5.0,9.0,16.0,16.0,73.0,5.0,0.0,SAFE
5.0,5.0,5.0,5.0,5.0,5.0,5.0,18.0,18.0,18.0,18.0,43.0,5.0,0.0,SAFE
5.0,5.0,5.0,5.0,5.0,5.0,5.0,5.0,5.0,5.0,15.0,25.0,5.0,0.0,SAFE
5.0,5.0,5.0,5.0,5.0,6.0,6.0,6.0,6.0,6.0,6.0,44.0,6.0,0.0,SAFE
5.0,5.0,7.0,8.0,12.0,24.0,24.0,66.0,66.0,66.0,66.0,78.0,24.0,0.0,SAFE
5.0,5.0,5.0,5.0,6.0,8.0,17.0,17.0,17.0,17.0,17.0,29.0,12.0,0.0,SAFE
5.0,5.0,5.0,5.0,5.0,5.0,5.0,5.0,6.0,6.0,8.0,94.0,5.0,0.0,SAFE
5.0,5.0,5.0,5.0,6.0,6.0,22.0,22.0,22.0,22.0,22.0,64.0,14.0,0.0,SAFE
5.0,5.0,5.0,5.0,5.0,5.0,5.0,8.0,14.0,37.0,37.0,39.0,5.0,0.0,SAFE
5.0,5.0,6.0,6.0,6.0,8.0,10.0,10.0,14.0,30.0,30.0,40.0,9.0,0.0,SAFE
6.0,6.0,6.0,6.0,6.0,6.0,6.0,14.0,14.0,20.0,20.0,82.0,6.0,0.0,SAFE
5.0,6.0,6.0,6.0,6.0,6.0,6.0,6.0,29.0,44.0,104.0,104.0,6.0,0.0,SAFE
5.0,5.0,5.0,7.0,7.0,12.0,12.0,12.0,12.0,12.0,12.0,44.0,12.0,0.0,SAFE
8.0,8.0,31.0,113.0,191.0,191.0,246.0,246.0,246.0,246.0,246.0,246.0,218.0,0.0,SAFE
5.0,5.0,5.0,5.0,6.0,6.0,12.0,12.0,12.0,12.0,18.0,84.0,9.0,0.0,SAFE
6.0,6.0,10.0,11.0,11.0,11.0,11.0,14.0,14.0,18.0,18.0,67.0,11.0,0.0,SAFE
48.0,137.0,262.0,511.0,525.0,541.0,611.0,860.0,860.0,860.0,860.0,860.0,576.0,0.4927710843373494,EXCEED
5.0,6.0,8.0,8.0,11.0,11.0,11.0,20.0,48.0,48.0,48.0,166.0,11.0,0.0,SAFE
5.0,5.0,6.0,6.0,8.0,8.0,8.0,11.0,11.0,11.0,11.0,66.0,8.0,0.0,SAFE
5.0,5.0,5.0,5.0,8.0,22.0,22.0,22.0,22.0,36.0,106.0,300.0,22.0,0.02757731958762888,SAFE
5.0,5.0,5.0,5.0,5.0,5.0,5.0,23.0,23.0,23.0,23.0,47.0,5.0,0.0,SAFE
5.0,5.0,5.0,6.0,6.0,6.0,6.0,7.0,16.0,20.0,20.0,43.0,6.0,0.0,SAFE
5.0,6.0,6.0,12.0,16.0,16.0,35.0,35.0,35.0,35.0,35.0,35.0,25.0,0.0,SAFE
5.0,5.0,5.0,5.0,6.0,8.0,8.0,12.0,12.0,12.0,12.0,69.0,8.0,0.0,SAFE
7.0,7.0,13.0,13.0,13.0,26.0,57.0,57.0,57.0,57.0,57.0,57.0,42.0,0.0,SAFE
5.0,5.0,5.0,6.0,6.0,6.0,6.0,6.0,15.0,26.0,26.0,38.0,6.0,0.0,SAFE
6.0,6.0,11.0,16.0,16.0,16.0,16.0,20.0,20.0,36.0,36.0,36.0,16.0,0.0,SAFE
5.0,5.0,5.0,6.0,8.0,8.0,10.0,14.0,14.0,20.0,20.0,28.0,9.0,0.0,SAFE
5.0,5.0,5.0,5.0,6.0,6.0,6.0,21.0,21.0,21.0,21.0,41.0,6.0,0.0,SAFE
5.0,5.0,5.0,5.0,5.0,5.0,5.0,22.0,22.0,31.0,66.0,66.0,5.0,0.0,SAFE
5.0,5.0,5.0,7.0,7.0,7.0,8.0,8.0,13.0,17.0,17.0,37.0,7.0,0.0,SAFE
9.0,14.0,44.0,44.0,122.0,196.0,196.0,223.0,283.0,283.0,283.0,283.0,196.0,0.10230125523012545,SAFE
6.0,8.0,11.0,11.0,13.0,27.0,27.0,27.0,27.0,44.0,44.0,215.0,27.0,0.0,SAFE
16.0,31.0,93.0,129.0,129.0,160.0,170.0,172.0,172.0,195.0,195.0,195.0,165.0,0.0,SAFE
6.0,6.0,9.0,13.0,30.0,34.0,49.0,52.0,52.0,65.0,65.0,93.0,42.0,0.0,SAFE
5.0,5.0,5.0,5.0,5.0,5.0,19.0,19.0,28.0,28.0,28.0,60.0,12.0,0.0,SAFE
5.0,5.0,5.0,5.0,7.0,7.0,7.0,10.0,12.0,12.0,15.0,114.0,7.0,0.0,SAFE
5.0,6.0,12.0,23.0,26.0,26.0,75.0,75.0,92.0,92.0,96.0,96.0,51.0,0.0,SAFE
5.0,6.0,13.0,44.0,51.0,70.0,70.0,74.0,95.0,95.0,95.0,126.0,70.0,0.0,SAFE
5.0,5.0,5.0,10.0,10.0,10.0,33.0,33.0,33.0,33.0,33.0,77.0,22.0,0.0,SAFE
6.0,6.0,12.0,14.0,20.0,46.0,46.0,50.0,52.0,52.0,52.0,52.0,46.0,0.0,SAFE
5.0,5.0,6.0,6.0,6.0,6.0,7.0,14.0,14.0,16.0,16.0,54.0,6.0,0.0,SAFE
28.0,209.0,474.0,521.0,784.0,784.0,784.0,1601.0,2372.0,2372.0,2372.0,2372.0,784.0,0.609811320754717,EXCEED
5.0,10.0,10.0,15.0,26.0,26.0,26.0,26.0,26.0,42.0,42.0,49.0,26.0,0.0,SAFE
5.0,6.0,9.0,11.0,11.0,13.0,15.0,15.0,37.0,66.0,78.0,78.0,14.0,0.0,SAFE
5.0,12.0,90.0,113.0,113.0,113.0,113.0,125.0,147.0,147.0,147.0,147.0,113.0,0.0,SAFE
5.0,5.0,6.0,6.0,6.0,6.0,8.0,8.0,8.0,8.0,67.0,84.0,7.0,0.0,SAFE
5.0,5.0,6.0,6.0,7.0,9.0,21.0,21.0,21.0,21.0,21.0,66.0,15.0,0.0,SAFE
8.0,8.0,10.0,10.0,10.0,21.0,21.0,22.0,22.0,22.0,22.0,67.0,21.0,0.0,SAFE
10.0,30.0,30.0,30.0,34.0,44.0,44.0,44.0,44.0,44.0,44.0,150.0,44.0,0.0,SAFE
7.0,7.0,10.0,10.0,17.0,17.0,17.0,23.0,60.0,60.0,60.0,79.0,17.0,0.0,SAFE
5.0,5.0,5.0,5.0,5.0,6.0,6.0,6.0,6.0,6.0,10.0,29.0,6.0,0.0,SAFE
5.0,5.0,5.0,5.0,5.0,5.0,5.0,19.0,19.0,19.0,19.0,42.0,5.0,0.0,SAFE
5.0,5.0,5.0,7.0,7.0,7.0,7.0,7.0,25.0,25.0,36.0,76.0,7.0,0.0,SAFE
5.0,5.0,5.0,7.0,7.0,7.0,7.0,25.0,25.0,25.0,25.0,25.0,7.0,0.0,SAFE
5.0,5.0,6.0,6.0,8.0,8.0,24.0,24.0,24.0,24.0,24.0,105.0,16.0,0.0,SAFE
5.0,5.0,5.0,7.0,9.0,9.0,11.0,11.0,11.0,11.0,11.0,38.0,10.0,0.0,SAFE
5.0,5.0,8.0,8.0,8.0,8.0,8.0,8.0,8.0,8.0,8.0,60.0,8.0,0.0,SAFE
5.0,5.0,6.0,7.0,7.0,11.0,11.0,16.0,16.0,20.0,20.0,34.0,11.0,0.0,SAFE
5.0,5.0,5.0,5.0,5.0,5.0,5.0,6.0,6.0,6.0,7.0,48.0,5.0,0.0,SAFE
5.0,12.0,12.0,12.0,12.0,24.0,24.0,24.0,27.0,27.0,238.0,496.0,24.0,0.04593023255813955,SAFE
5.0,5.0,5.0,5.0,6.0,6.0,6.0,30.0,30.0,30.0,30.0,37.0,6.0,0.0,SAFE
5.0,5.0,5.0,5.0,6.0,6.0,7.0,18.0,18.0,26.0,26.0,42.0,6.0,0.0,SAFE
5.0,5.0,5.0,5.0,5.0,7.0,8.0,8.0,21.0,21.0,21.0,44.0,8.0,0.0,SAFE
5.0,5.0,5.0,5.0,5.0,5.0,5.0,24.0,24.0,24.0,24.0,44.0,5.0,0.0,SAFE
5.0,5.0,5.0,6.0,7.0,7.0,12.0,29.0,29.0,29.0,29.0,29.0,10.0,0.0,SAFE
5.0,8.0,8.0,9.0,17.0,17.0,17.0,17.0,17.0,46.0,46.0,207.0,17.0,0.0,SAFE
5.0,5.0,5.0,5.0,5.0,5.0,5.0,7.0,7.0,8.0,8.0,44.0,5.0,0.0,SAFE
5.0,5.0,5.0,5.0,6.0,6.0,6.0,20.0,20.0,20.0,20.0,24.0,6.0,0.0,SAFE
5.0,5.0,6.0,8.0,11.0,11.0,11.0,11.0,30.0,30.0,103.0,103.0,11.0,0.0,SAFE
5.0,5.0,5.0,5.0,5.0,5.0,7.0,8.0,9.0,17.0,23.0,73.0,6.0,0.0,SAFE
5.0,6.0,6.0,6.0,6.0,6.0,7.0,13.0,69.0,69.0,74.0,74.0,7.0,0.0,SAFE
5.0,6.0,13.0,20.0,20.0,24.0,24.0,31.0,45.0,45.0,45.0,64.0,24.0,0.0,SAFE
123.0,443.0,972.0,972.0,981.0,1069.0,1135.0,1754.0,2001.0,2276.0,2311.0,3436.0,1102.0,0.72640625,EXCEED
5.0,5.0,5.0,5.0,7.0,7.0,7.0,10.0,10.0,10.0,10.0,58.0,7.0,0.0,SAFE
5.0,10.0,11.0,16.0,16.0,16.0,16.0,16.0,16.0,19.0,132.0,132.0,16.0,0.0,SAFE
5.0,6.0,26.0,49.0,69.0,74.0,123.0,123.0,123.0,123.0,123.0,123.0,99.0,0.0,SAFE
5.0,6.0,8.0,8.0,8.0,9.0,39.0,39.0,39.0,39.0,86.0,86.0,24.0,0.0,SAFE
5.0,5.0,5.0,6.0,6.0,40.0,42.0,75.0,110.0,110.0,236.0,236.0,41.0,0.0,SAFE
8.0,12.0,12.0,14.0,14.0,24.0,39.0,90.0,90.0,90.0,160.0,509.0,32.0,0.04140401146131811,SAFE
5.0,5.0,5.0,5.0,5.0,7.0,12.0,12.0,12.0,17.0,36.0,66.0,9.0,0.0,SAFE
6.0,8.0,9.0,11.0,11.0,11.0,18.0,18.0,18.0,18.0,22.0,42.0,14.0,0.0,SAFE
86.0,86.0,86.0,97.0,174.0,174.0,279.0,279.0,435.0,435.0,435.0,435.0,227.0,0.14968000000000004,SAFE
5.0,5.0,7.0,9.0,9.0,9.0,9.0,9.0,11.0,16.0,16.0,89.0,9.0,0.0,SAFE
5.0,5.0,9.0,9.0,9.0,9.0,14.0,15.0,15.0,15.0,29.0,44.0,12.0,0.0,SAFE
5.0,5.0,5.0,5.0,8.0,8.0,8.0,8.0,8.0,48.0,48.0,75.0,8.0,0.0,SAFE
5.0,5.0,6.0,10.0,11.0,29.0,155.0,161.0,161.0,161.0,161.0,161.0,92.0,0.0,SAFE
5.0,6.0,19.0,19.0,42.0,42.0,42.0,65.0,65.0,65.0,65.0,65.0,42.0,0.0,SAFE
5.0,5.0,5.0,7.0,7.0,7.0,7.0,7.0,25.0,25.0,25.0,51.0,7.0,0.0,SAFE
5.0,5.0,5.0,5.0,5.0,6.0,15.0,15.0,15.0,19.0,19.0,51.0,10.0,0.0,SAFE
5.0,5.0,7.0,7.0,7.0,7.0,7.0,7.0,9.0,20.0,20.0,95.0,7.0,0.0,SAFE
5.0,5.0,5.0,6.0,9.0,9.0,57.0,57.0,57.0,66.0,66.0,66.0,33.0,0.0,SAFE
5.0,5.0,5.0,6.0,6.0,6.0,6.0,18.0,62.0,62.0,62.0,62.0,6.0,0.0,SAFE
5.0,5.0,5.0,6.0,6.0,6.0,6.0,6.0,10.0,10.0,10.0,47.0,6.0,0.0,SAFE
5.0,5.0,7.0,12.0,20.0,20.0,22.0,22.0,25.0,25.0,25.0,39.0,21.0,0.0,SAFE
5.0,5.0,5.0,5.0,5.0,5.0,5.0,17.0,17.0,17.0,17.0,17.0,5.0,0.0,SAFE
7.0,10.0,13.0,13.0,13.0,13.0,13.0,13.0,13.0,13.0,42.0,83.0,13.0,0.0,SAFE
48.0,268.0,945.0,1474.0,1798.0,1970.0,2029.0,2281.0,2281.0,2281.0,2281.0,2281.0,2000.0,0.6473412112259971,EXCEED
7.0,10.0,20.0,20.0,46.0,46.0,60.0,66.0,66.0,66.0,97.0,146.0,53.0,0.0,SAFE
5.0,5.0,6.0,6.0,6.0,11.0,11.0,11.0,11.0,11.0,74.0,123.0,11.0,0.0,SAFE
20.0,76.0,82.0,82.0,82.0,82.0,82.0,82.0,82.0,140.0,370.0,412.0,82.0,0.05978260869565222,SAFE
5.0,5.0,6.0,6.0,7.0,13.0,29.0,57.0,57.0,57.0,57.0,78.0,21.0,0.0,SAFE
5.0,8.0,8.0,56.0,176.0,430.0,818.0,838.0,1368.0,1448.0,1524.0,1531.0,624.0,0.27952755905511817,EXCEED
5.0,5.0,6.0,6.0,6.0,6.0,53.0,53.0,53.0,59.0,114.0,197.0,29.0,0.0,SAFE
5.0,5.0,6.0,6.0,15.0,27.0,28.0,28.0,28.0,28.0,28.0,120.0,27.0,0.0,SAFE
10.0,11.0,18.0,18.0,32.0,52.0,52.0,66.0,66.0,66.0,68.0,68.0,52.0,0.0,SAFE
5.0,5.0,5.0,5.0,5.0,5.0,5.0,10.0,10.0,10.0,12.0,39.0,5.0,0.0,SAFE
14.0,56.0,103.0,103.0,103.0,103.0,103.0,141.0,141.0,141.0,192.0,254.0,103.0,0.0,SAFE
5.0,8.0,11.0,11.0,11.0,11.0,20.0,20.0,20.0,20.0,20.0,57.0,16.0,0.0,SAFE
5.0,5.0,6.0,8.0,8.0,15.0,22.0,22.0,22.0,22.0,54.0,123.0,18.0,0.0,SAFE
5.0,5.0,5.0,5.0,6.0,6.0,12.0,12.0,18.0,18.0,19.0,59.0,9.0,0.0,SAFE
5.0,5.0,5.0,5.0,5.0,5.0,7.0,11.0,11.0,11.0,11.0,74.0,6.0,0.0,SAFE
5.0,5.0,6.0,12.0,17.0,17.0,17.0,20.0,41.0,41.0,41.0,41.0,17.0,0.0,SAFE
9.0,9.0,9.0,9.0,10.0,10.0,53.0,53.0,53.0,53.0,53.0,63.0,32.0,0.0,SAFE
5.0,5.0,5.0,5.0,5.0,5.0,5.0,7.0,7.0,7.0,80.0,113.0,5.0,0.0,SAFE
5.0,5.0,5.0,5.0,5.0,5.0,5.0,8.0,9.0,14.0,14.0,39.0,5.0,0.0,SAFE
5.0,5.0,5.0,7.0,20.0,20.0,28.0,28.0,28.0,60.0,60.0,60.0,24.0,0.0,SAFE
5.0,6.0,10.0,10.0,13.0,16.0,24.0,24.0,35.0,35.0,35.0,36.0,20.0,0.0,SAFE
5.0,5.0,5.0,5.0,6.0,6.0,6.0,7.0,7.0,16.0,16.0,30.0,6.0,0.0,SAFE
5.0,7.0,8.0,11.0,17.0,17.0,17.0,17.0,17.0,17.0,17.0,45.0,17.0,0.0,SAFE
5.0,5.0,5.0,5.0,5.0,5.0,5.0,10.0,10.0,10.0,24.0,50.0,5.0,0.0,SAFE
5.0,10.0,10.0,24.0,46.0,50.0,50.0,50.0,73.0,73.0,73.0,73.0,50.0,0.0,SAFE
5.0,5.0,7.0,7.0,7.0,7.0,7.0,22.0,40.0,48.0,48.0,166.0,7.0,0.0,SAFE
5.0,5.0,5.0,6.0,9.0,9.0,9.0,9.0,9.0,9.0,30.0,39.0,9.0,0.0,SAFE
15.0,22.0,22.0,22.0,22.0,22.0,48.0,84.0,84.0,97.0,97.0,151.0,35.0,0.0,SAFE
45.0,137.0,263.0,263.0,263.0,263.0,263.0,328.0,328.0,328.0,328.0,328.0,263.0,0.18672839506172834,EXCEED
10.0,10.0,12.0,12.0,12.0,20.0,20.0,20.0,27.0,36.0,36.0,126.0,20.0,0.0,SAFE
5.0,6.0,8.0,8.0,11.0,14.0,14.0,14.0,14.0,14.0,14.0,61.0,14.0,0.0,SAFE
5.0,5.0,5.0,5.0,8.0,8.0,8.0,8.0,8.0,22.0,62.0,79.0,8.0,0.0,SAFE
5.0,6.0,6.0,10.0,10.0,10.0,16.0,16.0,16.0,60.0,60.0,60.0,13.0,0.0,SAFE
5.0,5.0,6.0,8.0,8.0,8.0,8.0,29.0,29.0,29.0,31.0,129.0,8.0,0.0,SAFE
5.0,5.0,5.0,5.0,6.0,6.0,7.0,7.0,7.0,12.0,12.0,72.0,6.0,0.0,SAFE
6.0,8.0,9.0,13.0,13.0,13.0,13.0,13.0,13.0,13.0,18.0,97.0,13.0,0.0,SAFE
5.0,5.0,5.0,8.0,8.0,8.0,10.0,12.0,12.0,23.0,30.0,192.0,9.0,0.0,SAFE
5.0,5.0,5.0,5.0,6.0,6.0,6.0,6.0,15.0,15.0,54.0,77.0,6.0,0.0,SAFE
5.0,5.0,5.0,6.0,7.0,8.0,9.0,12.0,12.0,30.0,90.0,90.0,8.0,0.0,SAFE
5.0,5.0,5.0,5.0,5.0,5.0,5.0,5.0,6.0,16.0,82.0,82.0,5.0,0.0,SAFE
5.0,5.0,5.0,6.0,7.0,7.0,7.0,20.0,22.0,22.0,39.0,91.0,7.0,0.0,SAFE
5.0,5.0,5.0,5.0,5.0,9.0,9.0,9.0,11.0,28.0,100.0,100.0,9.0,0.0,SAFE
5.0,5.0,5.0,5.0,7.0,7.0,7.0,7.0,7.0,12.0,30.0,72.0,7.0,0.0,SAFE
6.0,6.0,10.0,10.0,10.0,10.0,10.0,10.0,25.0,25.0,25.0,61.0,10.0,0.0,SAFE
59.0,86.0,102.0,102.0,146.0,146.0,146.0,146.0,146.0,146.0,146.0,174.0,146.0,0.0,SAFE
5.0,5.0,6.0,6.0,6.0,6.0,9.0,9.0,9.0,23.0,61.0,99.0,8.0,0.0,SAFE
5.0,5.0,5.0,5.0,5.0,14.0,14.0,16.0,16.0,22.0,46.0,46.0,14.0,0.0,SAFE
5.0,5.0,5.0,5.0,5.0,5.0,9.0,9.0,17.0,17.0,17.0,75.0,7.0,0.0,SAFE
5.0,5.0,5.0,5.0,5.0,6.0,10.0,10.0,10.0,24.0,24.0,55.0,8.0,0.0,SAFE
5.0,5.0,5.0,5.0,7.0,23.0,23.0,23.0,23.0,23.0,45.0,45.0,23.0,0.0,SAFE
5.0,5.0,6.0,6.0,6.0,6.0,7.0,17.0,18.0,18.0,18.0,67.0,6.0,0.0,SAFE
5.0,5.0,5.0,8.0,8.0,14.0,14.0,14.0,16.0,16.0,20.0,45.0,14.0,0.0,SAFE
5.0,5.0,5.0,5.0,6.0,9.0,9.0,9.0,9.0,9.0,66.0,112.0,9.0,0.0,SAFE
5.0,7.0,7.0,11.0,24.0,41.0,47.0,47.0,47.0,47.0,47.0,47.0,44.0,0.0,SAFE
8.0,8.0,8.0,8.0,8.0,8.0,8.0,20.0,20.0,26.0,34.0,34.0,8.0,0.0,SAFE
5.0,5.0,5.0,5.0,8.0,8.0,8.0,8.0,20.0,20.0,20.0,71.0,8.0,0.0,SAFE
5.0,5.0,5.0,7.0,7.0,7.0,12.0,12.0,14.0,14.0,182.0,182.0,9.0,0.0,SAFE
5.0,5.0,5.0,5.0,5.0,5.0,5.0,11.0,11.0,32.0,32.0,64.0,5.0,0.0,SAFE
5.0,6.0,6.0,8.0,8.0,8.0,8.0,8.0,8.0,22.0,22.0,76.0,8.0,0.0,SAFE
5.0,5.0,5.0,6.0,7.0,8.0,8.0,9.0,9.0,14.0,24.0,62.0,8.0,0.0,SAFE
5.0,5.0,9.0,9.0,20.0,20.0,20.0,35.0,35.0,35.0,78.0,88.0,20.0,0.0,SAFE
5.0,5.0,5.0,6.0,6.0,6.0,7.0,7.0,7.0,52.0,74.0,99.0,6.0,0.0,SAFE
6.0,6.0,6.0,12.0,12.0,12.0,20.0,20.0,20.0,41.0,71.0,101.0,16.0,0.0,SAFE
5.0,5.0,5.0,5.0,6.0,14.0,14.0,34.0,34.0,34.0,34.0,73.0,14.0,0.0,SAFE
5.0,5.0,5.0,6.0,22.0,22.0,22.0,22.0,22.0,42.0,70.0,70.0,22.0,0.0,SAFE
5.0,5.0,5.0,6.0,6.0,6.0,6.0,27.0,27.0,27.0,75.0,230.0,6.0,0.0,SAFE
5.0,5.0,5.0,5.0,8.0,8.0,8.0,20.0,20.0,20.0,20.0,62.0,8.0,0.0,SAFE
5.0,5.0,5.0,5.0,5.0,7.0,10.0,12.0,12.0,13.0,13.0,56.0,8.0,0.0,SAFE
5.0,8.0,8.0,8.0,8.0,8.0,8.0,14.0,14.0,14.0,41.0,90.0,8.0,0.0,SAFE
5.0,6.0,6.0,12.0,12.0,12.0,14.0,16.0,26.0,26.0,26.0,47.0,13.0,0.0,SAFE
5.0,5.0,5.0,5.0,5.0,5.0,5.0,5.0,6.0,13.0,102.0,102.0,5.0,0.0,SAFE
5.0,5.0,8.0,8.0,8.0,10.0,10.0,20.0,43.0,43.0,43.0,79.0,10.0,0.0,SAFE
5.0,6.0,6.0,9.0,10.0,14.0,14.0,20.0,20.0,70.0,70.0,135.0,14.0,0.0,SAFE
5.0,5.0,5.0,5.0,6.0,6.0,10.0,10.0,16.0,16.0,18.0,71.0,8.0,0.0,SAFE
7.0,8.0,8.0,11.0,13.0,13.0,13.0,25.0,25.0,32.0,32.0,149.0,13.0,0.0,SAFE
5.0,5.0,5.0,7.0,7.0,7.0,8.0,68.0,68.0,68.0,68.0,68.0,7.0,0.0,SAFE
5.0,5.0,5.0,5.0,5.0,5.0,6.0,8.0,8.0,21.0,56.0,91.0,6.0,0.0,SAFE
5.0,5.0,5.0,7.0,7.0,9.0,19.0,60.0,60.0,66.0,66.0,66.0,14.0,0.0,SAFE
27.0,27.0,37.0,37.0,79.0,79.0,79.0,262.0,370.0,400.0,400.0,400.0,79.0,0.14166666666666672,SAFE
5.0,6.0,6.0,8.0,8.0,8.0,8.0,8.0,8.0,38.0,38.0,82.0,8.0,0.0,SAFE
5.0,5.0,5.0,5.0,6.0,6.0,17.0,32.0,32.0,32.0,61.0,165.0,12.0,0.0,SAFE
5.0,5.0,5.0,5.0,5.0,11.0,11.0,11.0,11.0,13.0,14.0,50.0,11.0,0.0,SAFE
5.0,5.0,9.0,18.0,26.0,35.0,41.0,44.0,44.0,44.0,44.0,56.0,38.0,0.0,SAFE
5.0,5.0,5.0,5.0,5.0,22.0,22.0,22.0,22.0,31.0,90.0,90.0,22.0,0.0,SAFE
5.0,5.0,8.0,8.0,8.0,10.0,10.0,11.0,11.0,11.0,42.0,53.0,10.0,0.0,SAFE
5.0,5.0,5.0,5.0,6.0,6.0,6.0,66.0,66.0,75.0,75.0,75.0,6.0,0.0,SAFE
5.0,5.0,7.0,10.0,10.0,20.0,20.0,77.0,77.0,77.0,77.0,77.0,20.0,0.0,SAFE
5.0,8.0,18.0,18.0,49.0,103.0,253.0,435.0,643.0,797.0,1032.0,1076.0,178.0,0.19258241758241756,EXCEED
5.0,5.0,5.0,7.0,7.0,14.0,14.0,18.0,18.0,22.0,69.0,86.0,14.0,0.0,SAFE
5.0,6.0,6.0,10.0,10.0,10.0,16.0,16.0,16.0,16.0,30.0,91.0,13.0,0.0,SAFE
5.0,5.0,5.0,5.0,7.0,8.0,10.0,10.0,10.0,30.0,30.0,122.0,9.0,0.0,SAFE
5.0,5.0,5.0,5.0,5.0,6.0,9.0,9.0,46.0,46.0,68.0,68.0,8.0,0.0,SAFE
5.0,5.0,5.0,5.0,6.0,6.0,6.0,48.0,50.0,63.0,63.0,67.0,6.0,0.0,SAFE
12.0,12.0,25.0,55.0,64.0,80.0,347.0,601.0,828.0,1027.0,1183.0,1187.0,214.0,0.21254681647940066,EXCEED
5.0,5.0,8.0,8.0,8.0,8.0,28.0,70.0,70.0,116.0,235.0,507.0,18.0,0.045863970588235325,SAFE
5.0,6.0,6.0,6.0,13.0,13.0,34.0,34.0,34.0,34.0,34.0,365.0,24.0,0.031427707199032096,SAFE
6.0,30.0,30.0,30.0,30.0,30.0,40.0,40.0,45.0,45.0,55.0,55.0,35.0,0.0,SAFE
5.0,7.0,11.0,11.0,11.0,11.0,11.0,35.0,35.0,82.0,82.0,91.0,11.0,0.0,SAFE
5.0,14.0,15.0,15.0,100.0,100.0,259.0,259.0,259.0,259.0,259.0,259.0,180.0,0.0,SAFE
5.0,5.0,5.0,5.0,5.0,5.0,7.0,48.0,48.0,48.0,73.0,74.0,6.0,0.0,SAFE
6.0,6.0,15.0,33.0,33.0,55.0,58.0,65.0,79.0,106.0,106.0,106.0,56.0,0.0,SAFE
32.0,216.0,309.0,496.0,610.0,610.0,810.0,993.0,1452.0,1452.0,1452.0,1452.0,710.0,0.5467741935483871,EXCEED
5.0,5.0,5.0,5.0,5.0,7.0,7.0,7.0,7.0,12.0,22.0,49.0,7.0,0.0,SAFE
5.0,5.0,5.0,6.0,10.0,10.0,10.0,10.0,13.0,22.0,22.0,62.0,10.0,0.0,SAFE
5.0,5.0,7.0,7.0,11.0,11.0,13.0,58.0,58.0,206.0,206.0,221.0,12.0,0.0,SAFE
5.0,8.0,17.0,21.0,21.0,21.0,24.0,24.0,24.0,24.0,24.0,48.0,23.0,0.0,SAFE
7.0,7.0,14.0,23.0,23.0,23.0,23.0,23.0,23.0,27.0,84.0,99.0,23.0,0.0,SAFE
5.0,5.0,6.0,9.0,9.0,9.0,18.0,18.0,42.0,48.0,48.0,48.0,13.0,0.0,SAFE
5.0,5.0,6.0,6.0,9.0,10.0,10.0,10.0,15.0,16.0,18.0,46.0,10.0,0.0,SAFE
5.0,7.0,7.0,8.0,13.0,23.0,30.0,30.0,30.0,30.0,55.0,76.0,26.0,0.0,SAFE
8.0,8.0,9.0,10.0,15.0,15.0,15.0,20.0,20.0,24.0,49.0,49.0,15.0,0.0,SAFE
5.0,7.0,17.0,68.0,68.0,91.0,91.0,101.0,101.0,101.0,101.0,101.0,91.0,0.0,SAFE
8.0,8.0,8.0,16.0,18.0,24.0,24.0,29.0,40.0,40.0,40.0,78.0,24.0,0.0,SAFE
5.0,5.0,5.0,5.0,5.0,5.0,5.0,22.0,22.0,22.0,22.0,68.0,5.0,0.0,SAFE
5.0,7.0,8.0,10.0,10.0,10.0,13.0,13.0,14.0,111.0,111.0,111.0,12.0,0.0,SAFE
6.0,6.0,10.0,13.0,13.0,13.0,13.0,13.0,22.0,22.0,24.0,64.0,13.0,0.0,SAFE
11.0,14.0,51.0,105.0,227.0,366.0,454.0,512.0,512.0,778.0,778.0,778.0,410.0,0.28093525179856116,EXCEED
6.0,8.0,10.0,10.0,10.0,16.0,16.0,49.0,49.0,49.0,108.0,108.0,16.0,0.0,SAFE
8.0,18.0,90.0,153.0,240.0,240.0,258.0,258.0,321.0,321.0,321.0,321.0,249.0,0.1328685258964144,SAFE
6.0,6.0,10.0,10.0,10.0,10.0,21.0,21.0,23.0,57.0,57.0,190.0,16.0,0.0,SAFE
5.0,5.0,5.0,6.0,6.0,6.0,10.0,13.0,13.0,13.0,128.0,128.0,8.0,0.0,SAFE
5.0,5.0,5.0,5.0,6.0,6.0,7.0,7.0,7.0,21.0,59.0,114.0,7.0,0.0,SAFE
6.0,10.0,12.0,24.0,24.0,43.0,74.0,74.0,83.0,83.0,83.0,97.0,59.0,0.0,SAFE
5.0,5.0,13.0,13.0,13.0,13.0,13.0,25.0,25.0,25.0,48.0,125.0,13.0,0.0,SAFE
5.0,6.0,7.0,9.0,18.0,25.0,25.0,45.0,45.0,45.0,58.0,113.0,25.0,0.0,SAFE
8.0,8.0,22.0,24.0,65.0,69.0,190.0,190.0,190.0,190.0,190.0,230.0,130.0,0.0,SAFE
5.0,6.0,6.0,6.0,6.0,8.0,8.0,34.0,34.0,34.0,77.0,77.0,8.0,0.0,SAFE
5.0,5.0,5.0,5.0,5.0,6.0,7.0,16.0,16.0,40.0,40.0,78.0,6.0,0.0,SAFE
33.0,102.0,485.0,625.0,1100.0,1100.0,1333.0,1979.0,2448.0,2448.0,2448.0,2448.0,1217.0,0.5802872062663186,EXCEED
5.0,5.0,6.0,8.0,8.0,8.0,10.0,10.0,13.0,16.0,16.0,76.0,9.0,0.0,SAFE
5.0,5.0,13.0,13.0,13.0,23.0,23.0,23.0,23.0,23.0,35.0,52.0,23.0,0.0,SAFE
5.0,5.0,5.0,5.0,6.0,6.0,6.0,12.0,19.0,24.0,41.0,98.0,6.0,0.0,SAFE
5.0,5.0,5.0,6.0,6.0,6.0,9.0,21.0,21.0,50.0,50.0,77.0,8.0,0.0,SAFE
5.0,5.0,6.0,6.0,6.0,32.0,32.0,32.0,32.0,32.0,102.0,102.0,32.0,0.0,SAFE
5.0,5.0,6.0,6.0,6.0,10.0,10.0,18.0,18.0,18.0,65.0,108.0,10.0,0.0,SAFE
5.0,10.0,11.0,15.0,77.0,77.0,136.0,349.0,349.0,349.0,349.0,349.0,106.0,0.16622889305816135,SAFE
5.0,5.0,9.0,9.0,9.0,18.0,19.0,19.0,25.0,145.0,199.0,233.0,18.0,0.0,SAFE
5.0,5.0,10.0,10.0,11.0,11.0,11.0,11.0,11.0,12.0,19.0,107.0,11.0,0.0,SAFE
5.0,5.0,5.0,6.0,6.0,6.0,6.0,6.0,6.0,13.0,27.0,69.0,6.0,0.0,SAFE
5.0,5.0,8.0,8.0,8.0,8.0,8.0,8.0,38.0,38.0,70.0,86.0,8.0,0.0,SAFE
5.0,5.0,10.0,10.0,10.0,12.0,12.0,12.0,15.0,23.0,56.0,56.0,12.0,0.0,SAFE
5.0,5.0,6.0,6.0,13.0,14.0,14.0,80.0,80.0,80.0,80.0,83.0,14.0,0.0,SAFE
6.0,6.0,7.0,9.0,9.0,14.0,16.0,22.0,41.0,41.0,41.0,62.0,15.0,0.0,SAFE
5.0,10.0,13.0,20.0,30.0,30.0,30.0,30.0,30.0,30.0,53.0,53.0,30.0,0.0,SAFE
5.0,5.0,6.0,6.0,6.0,6.0,11.0,11.0,11.0,11.0,17.0,78.0,8.0,0.0,SAFE
5.0,5.0,5.0,6.0,7.0,10.0,10.0,22.0,22.0,22.0,22.0,141.0,10.0,0.0,SAFE
10.0,10.0,10.0,15.0,15.0,31.0,31.0,31.0,31.0,31.0,88.0,155.0,31.0,0.0,SAFE
5.0,5.0,6.0,7.0,7.0,10.0,10.0,13.0,13.0,50.0,50.0,61.0,10.0,0.0,SAFE
5.0,5.0,5.0,5.0,5.0,5.0,5.0,10.0,10.0,16.0,17.0,53.0,5.0,0.0,SAFE
5.0,5.0,5.0,5.0,5.0,8.0,13.0,13.0,13.0,64.0,64.0,170.0,11.0,0.0,SAFE
5.0,5.0,5.0,6.0,6.0,6.0,10.0,10.0,18.0,18.0,28.0,60.0,8.0,0.0,SAFE
5.0,6.0,8.0,8.0,10.0,10.0,21.0,21.0,21.0,84.0,84.0,188.0,15.0,0.0,SAFE
6.0,19.0,22.0,22.0,22.0,38.0,53.0,62.0,62.0,175.0,175.0,175.0,46.0,0.0,SAFE
5.0,5.0,5.0,5.0,5.0,5.0,9.0,9.0,11.0,14.0,72.0,88.0,7.0,0.0,SAFE
5.0,5.0,5.0,5.0,5.0,6.0,6.0,8.0,12.0,12.0,12.0,65.0,6.0,0.0,SAFE
5.0,7.0,9.0,11.0,11.0,11.0,11.0,24.0,24.0,31.0,102.0,102.0,11.0,0.0,SAFE
5.0,5.0,5.0,5.0,5.0,5.0,8.0,13.0,60.0,95.0,95.0,144.0,7.0,0.0,SAFE
5.0,5.0,7.0,9.0,9.0,9.0,13.0,17.0,34.0,34.0,47.0,47.0,11.0,0.0,SAFE
8.0,10.0,18.0,34.0,77.0,94.0,94.0,94.0,103.0,103.0,334.0,369.0,94.0,0.05584415584415592,SAFE
138.0,1014.0,1077.0,1247.0,1418.0,1418.0,1542.0,1996.0,2314.0,2314.0,3611.0,3913.0,1480.0,0.7756849315068493,EXCEED
5.0,5.0,6.0,6.0,11.0,11.0,11.0,11.0,11.0,22.0,92.0,92.0,11.0,0.0,SAFE
7.0,7.0,26.0,54.0,86.0,86.0,86.0,86.0,86.0,86.0,86.0,86.0,86.0,0.0,SAFE
5.0,6.0,6.0,8.0,24.0,24.0,38.0,38.0,38.0,48.0,48.0,72.0,31.0,0.0,SAFE
5.0,5.0,6.0,9.0,27.0,52.0,52.0,52.0,124.0,124.0,124.0,124.0,52.0,0.0,SAFE
5.0,6.0,9.0,22.0,22.0,31.0,35.0,42.0,42.0,42.0,42.0,127.0,33.0,0.0,SAFE
8.0,8.0,8.0,8.0,8.0,56.0,56.0,56.0,84.0,84.0,235.0,501.0,56.0,0.045770676691729406,SAFE
5.0,6.0,10.0,16.0,16.0,16.0,16.0,16.0,16.0,80.0,83.0,223.0,16.0,0.0,SAFE
9.0,9.0,13.0,27.0,30.0,50.0,50.0,64.0,64.0,137.0,137.0,425.0,50.0,0.0375868055555556,SAFE
98.0,419.0,419.0,419.0,520.0,520.0,1102.0,1102.0,1102.0,1102.0,1102.0,1102.0,811.0,0.7148648648648649,EXCEED
14.0,14.0,49.0,73.0,99.0,102.0,121.0,121.0,121.0,121.0,219.0,219.0,111.0,0.0,SAFE
6.0,6.0,14.0,73.0,76.0,76.0,76.0,76.0,80.0,80.0,80.0,103.0,76.0,0.0,SAFE
7.0,7.0,11.0,28.0,82.0,82.0,82.0,129.0,140.0,143.0,143.0,143.0,82.0,0.0,SAFE
5.0,5.0,9.0,24.0,33.0,34.0,71.0,102.0,102.0,202.0,274.0,339.0,52.0,0.0476923076923077,SAFE
8.0,8.0,22.0,22.0,22.0,22.0,22.0,27.0,37.0,59.0,74.0,74.0,22.0,0.0,SAFE
5.0,7.0,15.0,18.0,27.0,72.0,75.0,75.0,75.0,96.0,96.0,283.0,73.0,0.025399999999999978,SAFE
5.0,5.0,5.0,6.0,6.0,6.0,7.0,17.0,17.0,17.0,27.0,87.0,6.0,0.0,SAFE
6.0,10.0,27.0,27.0,31.0,34.0,34.0,50.0,50.0,50.0,50.0,112.0,34.0,0.0,SAFE
6.0,9.0,9.0,21.0,107.0,107.0,125.0,146.0,221.0,221.0,221.0,221.0,116.0,0.0,SAFE
5.0,5.0,5.0,8.0,8.0,8.0,27.0,27.0,27.0,27.0,34.0,78.0,17.0,0.0,SAFE
6.0,6.0,9.0,10.0,10.0,16.0,16.0,16.0,16.0,22.0,112.0,142.0,16.0,0.0,SAFE
9.0,10.0,16.0,24.0,60.0,60.0,60.0,72.0,86.0,86.0,86.0,93.0,60.0,0.0,SAFE
5.0,5.0,12.0,15.0,19.0,19.0,23.0,26.0,26.0,26.0,69.0,166.0,21.0,0.0,SAFE
5.0,5.0,10.0,10.0,28.0,28.0,28.0,28.0,28.0,28.0,57.0,86.0,28.0,0.0,SAFE
53.0,533.0,1091.0,1592.0,2626.0,2934.0,2934.0,2934.0,2934.0,2934.0,2968.0,3319.0,2934.0,0.7290625,EXCEED
6.0,10.0,38.0,77.0,175.0,175.0,175.0,276.0,313.0,313.0,313.0,471.0,175.0,0.14454545454545453,SAFE
5.0,5.0,10.0,13.0,13.0,29.0,29.0,29.0,29.0,80.0,80.0,112.0,29.0,0.0,SAFE
29.0,168.0,178.0,366.0,390.0,390.0,446.0,472.0,472.0,472.0,757.0,1378.0,418.0,0.4457446808510639,EXCEED
5.0,20.0,22.0,56.0,56.0,107.0,107.0,107.0,107.0,107.0,108.0,157.0,107.0,0.0,SAFE
5.0,5.0,5.0,5.0,6.0,6.0,20.0,28.0,28.0,28.0,28.0,95.0,13.0,0.0,SAFE
5.0,6.0,6.0,10.0,61.0,77.0,204.0,204.0,297.0,323.0,378.0,378.0,140.0,0.10913978494623655,SAFE
5.0,6.0,8.0,10.0,39.0,62.0,77.0,162.0,162.0,163.0,163.0,163.0,70.0,0.0,SAFE
11.0,11.0,14.0,14.0,14.0,59.0,59.0,59.0,59.0,59.0,278.0,278.0,59.0,0.0,SAFE
5.0,6.0,18.0,39.0,45.0,45.0,84.0,84.0,84.0,84.0,84.0,151.0,65.0,0.0,SAFE
5.0,5.0,5.0,6.0,7.0,7.0,7.0,7.0,36.0,36.0,80.0,98.0,7.0,0.0,SAFE
23.0,109.0,228.0,232.0,342.0,342.0,342.0,342.0,342.0,396.0,396.0,396.0,342.0,0.35628415300546457,EXCEED
5.0,7.0,16.0,42.0,56.0,56.0,72.0,72.0,98.0,98.0,98.0,98.0,64.0,0.0,SAFE
5.0,5.0,5.0,5.0,5.0,7.0,10.0,10.0,10.0,10.0,33.0,86.0,8.0,0.0,SAFE
5.0,8.0,13.0,13.0,13.0,13.0,28.0,28.0,31.0,31.0,71.0,144.0,21.0,0.0,SAFE
5.0,6.0,8.0,8.0,8.0,8.0,10.0,25.0,48.0,48.0,56.0,56.0,9.0,0.0,SAFE
5.0,5.0,10.0,20.0,20.0,36.0,36.0,36.0,36.0,36.0,36.0,90.0,36.0,0.0,SAFE
5.0,5.0,5.0,6.0,6.0,6.0,6.0,6.0,21.0,21.0,21.0,61.0,6.0,0.0,SAFE
14.0,18.0,20.0,37.0,37.0,37.0,37.0,37.0,37.0,57.0,112.0,128.0,37.0,0.0,SAFE
5.0,5.0,12.0,16.0,16.0,16.0,16.0,30.0,30.0,30.0,72.0,72.0,16.0,0.0,SAFE
5.0,5.0,5.0,6.0,6.0,7.0,7.0,8.0,42.0,53.0,76.0,76.0,7.0,0.0,SAFE
5.0,5.0,5.0,5.0,5.0,14.0,14.0,20.0,20.0,62.0,62.0,74.0,14.0,0.0,SAFE
8.0,9.0,19.0,20.0,38.0,38.0,49.0,49.0,132.0,132.0,132.0,132.0,44.0,0.0,SAFE
5.0,5.0,5.0,5.0,6.0,6.0,6.0,11.0,11.0,53.0,53.0,72.0,6.0,0.0,SAFE
5.0,7.0,7.0,7.0,7.0,10.0,10.0,10.0,10.0,14.0,25.0,51.0,10.0,0.0,SAFE
5.0,5.0,5.0,7.0,7.0,7.0,8.0,8.0,8.0,15.0,20.0,68.0,8.0,0.0,SAFE
10.0,10.0,15.0,23.0,70.0,70.0,70.0,70.0,70.0,120.0,120.0,120.0,70.0,0.0,SAFE
5.0,5.0,7.0,7.0,7.0,8.0,8.0,24.0,36.0,36.0,60.0,60.0,8.0,0.0,SAFE
7.0,8.0,8.0,11.0,11.0,12.0,12.0,12.0,12.0,12.0,22.0,51.0,12.0,0.0,SAFE
12.0,44.0,44.0,101.0,101.0,101.0,101.0,101.0,101.0,101.0,101.0,287.0,101.0,0.025940860215053818,SAFE
45.0,97.0,238.0,238.0,238.0,238.0,238.0,560.0,560.0,560.0,560.0,560.0,238.0,0.19342839429634218,EXCEED
15.0,40.0,40.0,45.0,45.0,45.0,45.0,45.0,86.0,86.0,92.0,163.0,45.0,0.0,SAFE
5.0,5.0,5.0,5.0,6.0,6.0,6.0,6.0,7.0,8.0,9.0,109.0,6.0,0.0,SAFE
5.0,6.0,6.0,8.0,9.0,9.0,9.0,12.0,12.0,24.0,96.0,138.0,9.0,0.0,SAFE
5.0,6.0,6.0,6.0,7.0,7.0,7.0,8.0,13.0,23.0,57.0,89.0,7.0,0.0,SAFE
6.0,7.0,15.0,21.0,31.0,31.0,31.0,39.0,39.0,39.0,39.0,118.0,31.0,0.0,SAFE
5.0,6.0,8.0,10.0,10.0,10.0,10.0,12.0,12.0,12.0,12.0,108.0,10.0,0.0,SAFE
7.0,10.0,19.0,36.0,52.0,54.0,54.0,86.0,104.0,104.0,104.0,118.0,54.0,0.0,SAFE
5.0,5.0,5.0,5.0,5.0,14.0,14.0,30.0,30.0,30.0,30.0,218.0,14.0,0.0,SAFE
5.0,5.0,5.0,7.0,7.0,7.0,10.0,10.0,10.0,78.0,78.0,100.0,8.0,0.0,SAFE
5.0,5.0,5.0,6.0,6.0,6.0,41.0,41.0,41.0,41.0,41.0,106.0,24.0,0.0,SAFE
5.0,5.0,5.0,6.0,6.0,6.0,6.0,6.0,12.0,12.0,46.0,144.0,6.0,0.0,SAFE
5.0,5.0,6.0,8.0,8.0,10.0,10.0,21.0,21.0,21.0,21.0,46.0,10.0,0.0,SAFE
5.0,5.0,5.0,5.0,6.0,6.0,6.0,6.0,11.0,23.0,64.0,103.0,6.0,0.0,SAFE
5.0,5.0,5.0,5.0,5.0,5.0,5.0,6.0,18.0,18.0,18.0,75.0,5.0,0.0,SAFE
5.0,6.0,10.0,10.0,10.0,14.0,14.0,19.0,42.0,42.0,42.0,125.0,14.0,0.0,SAFE
54.0,73.0,73.0,96.0,96.0,96.0,185.0,185.0,185.0,185.0,185.0,301.0,141.0,0.02952586206896557,SAFE
5.0,5.0,5.0,5.0,5.0,5.0,5.0,5.0,16.0,23.0,56.0,122.0,5.0,0.0,SAFE
6.0,8.0,8.0,8.0,10.0,25.0,25.0,25.0,25.0,25.0,72.0,72.0,25.0,0.0,SAFE
5.0,5.0,5.0,5.0,5.0,5.0,13.0,13.0,13.0,13.0,23.0,108.0,9.0,0.0,SAFE
5.0,5.0,5.0,6.0,6.0,6.0,6.0,29.0,29.0,29.0,29.0,105.0,6.0,0.0,SAFE
5.0,8.0,8.0,8.0,8.0,68.0,68.0,122.0,125.0,125.0,125.0,196.0,68.0,0.0,SAFE
5.0,5.0,5.0,5.0,5.0,9.0,9.0,9.0,9.0,30.0,55.0,80.0,9.0,0.0,SAFE
5.0,5.0,7.0,10.0,10.0,20.0,20.0,20.0,24.0,24.0,33.0,89.0,20.0,0.0,SAFE
5.0,5.0,5.0,6.0,9.0,9.0,9.0,31.0,45.0,104.0,104.0,122.0,9.0,0.0,SAFE
5.0,8.0,18.0,24.0,176.0,235.0,371.0,512.0,579.0,579.0,579.0,605.0,303.0,0.23345588235294112,EXCEED
5.0,5.0,9.0,9.0,9.0,17.0,43.0,75.0,75.0,75.0,75.0,80.0,30.0,0.0,SAFE
5.0,5.0,6.0,6.0,7.0,7.0,94.0,157.0,157.0,157.0,157.0,157.0,50.0,0.0,SAFE
7.0,7.0,10.0,13.0,14.0,14.0,22.0,22.0,43.0,56.0,71.0,108.0,18.0,0.0,SAFE
6.0,6.0,13.0,13.0,13.0,30.0,35.0,35.0,35.0,35.0,130.0,130.0,33.0,0.0,SAFE
5.0,5.0,5.0,5.0,5.0,6.0,6.0,6.0,6.0,7.0,18.0,80.0,6.0,0.0,SAFE
8.0,11.0,23.0,28.0,28.0,28.0,37.0,37.0,74.0,74.0,96.0,96.0,32.0,0.0,SAFE
5.0,5.0,5.0,5.0,5.0,11.0,15.0,43.0,43.0,43.0,43.0,114.0,13.0,0.0,SAFE
5.0,5.0,5.0,7.0,7.0,14.0,31.0,49.0,49.0,49.0,108.0,126.0,22.0,0.0,SAFE
5.0,5.0,5.0,5.0,5.0,6.0,6.0,6.0,28.0,28.0,58.0,110.0,6.0,0.0,SAFE
7.0,7.0,7.0,14.0,14.0,14.0,25.0,68.0,68.0,68.0,177.0,227.0,20.0,0.0,SAFE
5.0,5.0,5.0,5.0,5.0,5.0,11.0,12.0,12.0,12.0,18.0,116.0,8.0,0.0,SAFE
5.0,10.0,13.0,18.0,18.0,22.0,30.0,30.0,30.0,30.0,30.0,87.0,26.0,0.0,SAFE
5.0,5.0,6.0,6.0,14.0,14.0,14.0,15.0,27.0,43.0,65.0,108.0,14.0,0.0,SAFE
5.0,5.0,5.0,5.0,5.0,5.0,5.0,5.0,24.0,24.0,24.0,89.0,5.0,0.0,SAFE
5.0,5.0,5.0,5.0,5.0,5.0,6.0,14.0,14.0,14.0,18.0,53.0,6.0,0.0,SAFE
5.0,15.0,45.0,92.0,110.0,110.0,114.0,142.0,164.0,318.0,318.0,324.0,112.0,0.08116883116883111,SAFE
5.0,5.0,6.0,9.0,9.0,10.0,10.0,24.0,24.0,24.0,76.0,152.0,10.0,0.0,SAFE
5.0,5.0,5.0,5.0,13.0,28.0,28.0,28.0,42.0,42.0,42.0,90.0,28.0,0.0,SAFE
5.0,5.0,6.0,6.0,6.0,6.0,6.0,9.0,21.0,21.0,41.0,100.0,6.0,0.0,SAFE
6.0,6.0,19.0,32.0,87.0,105.0,147.0,168.0,216.0,216.0,216.0,216.0,126.0,0.0,SAFE
5.0,5.0,6.0,6.0,7.0,7.0,7.0,12.0,12.0,24.0,39.0,81.0,7.0,0.0,SAFE
5.0,5.0,5.0,5.0,12.0,12.0,41.0,41.0,41.0,41.0,61.0,84.0,27.0,0.0,SAFE
5.0,5.0,5.0,5.0,5.0,10.0,10.0,11.0,15.0,15.0,21.0,88.0,10.0,0.0,SAFE
6.0,8.0,10.0,10.0,12.0,12.0,22.0,22.0,23.0,84.0,84.0,84.0,16.0,0.0,SAFE
5.0,5.0,5.0,5.0,5.0,6.0,6.0,8.0,15.0,28.0,51.0,103.0,6.0,0.0,SAFE
5.0,5.0,5.0,5.0,29.0,29.0,29.0,29.0,29.0,55.0,80.0,131.0,29.0,0.0,SAFE
5.0,5.0,5.0,6.0,6.0,11.0,11.0,11.0,14.0,21.0,63.0,110.0,11.0,0.0,SAFE
51.0,136.0,233.0,265.0,349.0,555.0,555.0,555.0,555.0,555.0,555.0,595.0,555.0,0.3821428571428571,EXCEED
5.0,5.0,7.0,7.0,16.0,16.0,16.0,50.0,68.0,68.0,68.0,140.0,16.0,0.0,SAFE
5.0,5.0,6.0,7.0,7.0,7.0,7.0,7.0,7.0,13.0,50.0,115.0,7.0,0.0,SAFE
5.0,5.0,5.0,5.0,5.0,5.0,6.0,8.0,15.0,55.0,56.0,166.0,6.0,0.0,SAFE
5.0,5.0,6.0,6.0,6.0,6.0,6.0,6.0,27.0,27.0,27.0,101.0,6.0,0.0,SAFE
5.0,6.0,6.0,12.0,12.0,12.0,12.0,18.0,18.0,18.0,18.0,90.0,12.0,0.0,SAFE
5.0,5.0,5.0,5.0,14.0,14.0,14.0,18.0,18.0,71.0,76.0,108.0,14.0,0.0,SAFE
7.0,7.0,11.0,11.0,13.0,22.0,22.0,22.0,36.0,36.0,36.0,94.0,22.0,0.0,SAFE
5.0,5.0,5.0,5.0,6.0,6.0,6.0,26.0,26.0,97.0,97.0,97.0,6.0,0.0,SAFE
5.0,5.0,5.0,5.0,5.0,6.0,6.0,6.0,19.0,21.0,21.0,89.0,6.0,0.0,SAFE
5.0,12.0,13.0,20.0,47.0,50.0,50.0,150.0,153.0,172.0,172.0,244.0,50.0,0.0,SAFE
5.0,5.0,6.0,6.0,7.0,15.0,15.0,29.0,29.0,31.0,62.0,124.0,15.0,0.0,SAFE
6.0,6.0,21.0,21.0,21.0,25.0,25.0,40.0,40.0,40.0,40.0,98.0,25.0,0.0,SAFE
5.0,5.0,6.0,6.0,6.0,7.0,9.0,14.0,14.0,25.0,37.0,68.0,8.0,0.0,SAFE
5.0,5.0,5.0,5.0,5.0,6.0,9.0,9.0,44.0,62.0,85.0,85.0,8.0,0.0,SAFE
5.0,5.0,5.0,5.0,5.0,6.0,6.0,6.0,16.0,25.0,194.0,194.0,6.0,0.0,SAFE
12.0,12.0,24.0,33.0,56.0,56.0,161.0,320.0,320.0,497.0,497.0,569.0,109.0,0.16246056782334384,SAFE
5.0,5.0,6.0,6.0,6.0,6.0,9.0,20.0,59.0,78.0,78.0,166.0,7.0,0.0,SAFE
5.0,8.0,30.0,30.0,30.0,55.0,55.0,167.0,167.0,167.0,167.0,350.0,55.0,0.034549795361528024,SAFE
5.0,8.0,10.0,61.0,115.0,115.0,115.0,130.0,130.0,140.0,140.0,140.0,115.0,0.0,SAFE
8.0,66.0,215.0,247.0,445.0,496.0,510.0,583.0,593.0,612.0,630.0,630.0,503.0,0.3833333333333333,EXCEED
8.0,25.0,36.0,36.0,36.0,36.0,48.0,48.0,48.0,48.0,48.0,163.0,42.0,0.0,SAFE
6.0,6.0,14.0,24.0,24.0,24.0,24.0,37.0,37.0,37.0,43.0,124.0,24.0,0.0,SAFE
44.0,264.0,536.0,683.0,1031.0,1232.0,2283.0,2441.0,3568.0,4104.0,4279.0,4351.0,1758.0,0.6411764705882352,EXCEED
5.0,5.0,5.0,11.0,19.0,19.0,19.0,19.0,28.0,28.0,120.0,120.0,19.0,0.0,SAFE
5.0,5.0,5.0,7.0,14.0,20.0,22.0,22.0,22.0,22.0,59.0,87.0,21.0,0.0,SAFE
5.0,5.0,5.0,18.0,18.0,18.0,18.0,31.0,34.0,60.0,72.0,87.0,18.0,0.0,SAFE
8.0,9.0,15.0,16.0,16.0,21.0,25.0,65.0,65.0,65.0,65.0,65.0,23.0,0.0,SAFE
5.0,5.0,6.0,6.0,10.0,10.0,13.0,60.0,60.0,60.0,89.0,160.0,12.0,0.0,SAFE
5.0,5.0,5.0,5.0,5.0,5.0,7.0,24.0,24.0,24.0,50.0,50.0,6.0,0.0,SAFE
5.0,5.0,5.0,8.0,8.0,8.0,33.0,33.0,33.0,33.0,45.0,104.0,21.0,0.0,SAFE
7.0,9.0,26.0,34.0,157.0,189.0,297.0,297.0,297.0,297.0,297.0,299.0,243.0,0.20794824399260625,EXCEED
16.0,20.0,55.0,76.0,76.0,76.0,151.0,160.0,160.0,160.0,160.0,160.0,114.0,0.0,SAFE
6.0,6.0,7.0,7.0,15.0,24.0,24.0,24.0,24.0,30.0,151.0,400.0,24.0,0.0370481927710844,SAFE
5.0,34.0,34.0,54.0,109.0,109.0,109.0,109.0,109.0,109.0,144.0,156.0,109.0,0.0,SAFE
5.0,6.0,6.0,10.0,10.0,12.0,12.0,20.0,29.0,29.0,29.0,113.0,12.0,0.0,SAFE
5.0,5.0,5.0,5.0,5.0,5.0,5.0,5.0,5.0,7.0,18.0,90.0,5.0,0.0,SAFE
5.0,5.0,5.0,8.0,8.0,17.0,17.0,17.0,122.0,257.0,257.0,498.0,17.0,0.04761410788381748,SAFE
5.0,6.0,6.0,6.0,6.0,22.0,22.0,22.0,28.0,28.0,28.0,81.0,22.0,0.0,SAFE
8.0,12.0,32.0,102.0,139.0,188.0,188.0,188.0,188.0,188.0,188.0,188.0,188.0,0.0,SAFE
7.0,22.0,59.0,95.0,104.0,152.0,152.0,165.0,298.0,298.0,298.0,298.0,152.0,0.10676691729323307,SAFE
5.0,5.0,8.0,25.0,26.0,50.0,50.0,50.0,50.0,86.0,86.0,157.0,50.0,0.0,SAFE
5.0,6.0,10.0,11.0,12.0,26.0,26.0,26.0,26.0,36.0,36.0,92.0,26.0,0.0,SAFE
5.0,6.0,6.0,20.0,20.0,66.0,91.0,91.0,91.0,94.0,121.0,126.0,78.0,0.0,SAFE
5.0,5.0,5.0,6.0,6.0,6.0,11.0,11.0,11.0,12.0,41.0,93.0,9.0,0.0,SAFE
11.0,32.0,125.0,125.0,125.0,125.0,270.0,270.0,270.0,270.0,345.0,345.0,198.0,0.07173913043478253,SAFE
6.0,6.0,10.0,13.0,29.0,40.0,44.0,61.0,61.0,61.0,224.0,224.0,42.0,0.0,SAFE
5.0,5.0,7.0,7.0,9.0,10.0,18.0,18.0,32.0,33.0,97.0,169.0,14.0,0.0,SAFE
5.0,5.0,6.0,7.0,8.0,8.0,8.0,8.0,14.0,14.0,27.0,115.0,8.0,0.0,SAFE
32.0,283.0,1314.0,1680.0,1947.0,1947.0,1947.0,2578.0,2843.0,2941.0,2941.0,2941.0,1947.0,0.651792828685259,EXCEED
9.0,17.0,44.0,75.0,89.0,89.0,89.0,89.0,89.0,89.0,234.0,234.0,89.0,0.0,SAFE
6.0,6.0,11.0,13.0,13.0,17.0,17.0,20.0,20.0,20.0,54.0,98.0,17.0,0.0,SAFE
5.0,10.0,19.0,19.0,19.0,92.0,92.0,92.0,92.0,191.0,191.0,191.0,92.0,0.0,SAFE
5.0,5.0,5.0,7.0,7.0,29.0,29.0,29.0,46.0,110.0,189.0,189.0,29.0,0.0,SAFE
5.0,6.0,12.0,20.0,20.0,20.0,20.0,51.0,51.0,51.0,51.0,129.0,20.0,0.0,SAFE
6.0,7.0,10.0,66.0,85.0,88.0,88.0,268.0,342.0,400.0,400.0,400.0,88.0,0.14189189189189189,SAFE
5.0,5.0,5.0,6.0,12.0,12.0,12.0,12.0,12.0,43.0,58.0,466.0,12.0,0.036397058823529393,SAFE
11.0,16.0,16.0,32.0,37.0,37.0,70.0,120.0,143.0,143.0,192.0,192.0,54.0,0.0,SAFE
9.0,10.0,19.0,64.0,118.0,149.0,162.0,177.0,222.0,222.0,222.0,222.0,156.0,0.0,SAFE
6.0,6.0,18.0,41.0,42.0,46.0,69.0,85.0,85.0,85.0,124.0,326.0,58.0,0.03069306930693072,SAFE
5.0,5.0,6.0,6.0,6.0,6.0,15.0,15.0,15.0,15.0,20.0,85.0,10.0,0.0,SAFE
5.0,5.0,5.0,6.0,8.0,8.0,11.0,11.0,11.0,21.0,21.0,224.0,9.0,0.0,SAFE
5.0,5.0,6.0,6.0,8.0,8.0,11.0,49.0,49.0,49.0,49.0,125.0,9.0,0.0,SAFE
5.0,5.0,6.0,8.0,12.0,12.0,12.0,12.0,39.0,39.0,87.0,87.0,12.0,0.0,SAFE
5.0,5.0,5.0,5.0,6.0,6.0,6.0,6.0,10.0,10.0,10.0,99.0,6.0,0.0,SAFE
5.0,5.0,5.0,6.0,11.0,11.0,11.0,11.0,19.0,24.0,33.0,102.0,11.0,0.0,SAFE
5.0,6.0,6.0,18.0,22.0,22.0,23.0,46.0,46.0,46.0,65.0,94.0,22.0,0.0,SAFE
6.0,6.0,7.0,10.0,10.0,10.0,18.0,22.0,22.0,44.0,52.0,109.0,14.0,0.0,SAFE
5.0,7.0,10.0,10.0,13.0,27.0,27.0,27.0,27.0,37.0,37.0,86.0,27.0,0.0,SAFE
5.0,10.0,20.0,20.0,24.0,43.0,43.0,43.0,70.0,70.0,70.0,203.0,43.0,0.0,SAFE
5.0,5.0,6.0,10.0,22.0,27.0,51.0,51.0,51.0,51.0,51.0,93.0,39.0,0.0,SAFE
5.0,5.0,5.0,9.0,11.0,14.0,14.0,17.0,17.0,25.0,26.0,70.0,14.0,0.0,SAFE
5.0,5.0,5.0,5.0,6.0,6.0,8.0,8.0,12.0,12.0,38.0,98.0,7.0,0.0,SAFE
5.0,7.0,9.0,10.0,10.0,11.0,16.0,35.0,35.0,35.0,44.0,80.0,14.0,0.0,SAFE
8.0,8.0,12.0,12.0,13.0,13.0,13.0,24.0,24.0,88.0,88.0,120.0,13.0,0.0,SAFE
8.0,28.0,51.0,141.0,176.0,176.0,176.0,412.0,412.0,491.0,491.0,491.0,176.0,0.1779193205944798,SAFE
5.0,5.0,8.0,8.0,9.0,9.0,9.0,9.0,9.0,10.0,15.0,93.0,9.0,0.0,SAFE
5.0,5.0,5.0,6.0,6.0,6.0,8.0,8.0,16.0,16.0,63.0,110.0,7.0,0.0,SAFE
5.0,5.0,5.0,5.0,8.0,8.0,20.0,20.0,20.0,20.0,85.0,89.0,14.0,0.0,SAFE
5.0,5.0,9.0,46.0,46.0,52.0,52.0,72.0,72.0,72.0,76.0,169.0,52.0,0.0,SAFE
6.0,6.0,12.0,12.0,17.0,23.0,34.0,52.0,52.0,93.0,191.0,191.0,28.0,0.0,SAFE
7.0,7.0,10.0,24.0,65.0,70.0,109.0,127.0,152.0,152.0,246.0,246.0,90.0,0.0,SAFE
10.0,10.0,17.0,22.0,35.0,36.0,44.0,44.0,283.0,380.0,500.0,500.0,40.0,0.10062893081761004,SAFE
134.0,1021.0,1819.0,1873.0,2266.0,2568.0,2568.0,3191.0,3191.0,3191.0,3191.0,3191.0,2568.0,0.7753100338218715,EXCEED
9.0,11.0,11.0,11.0,11.0,11.0,26.0,85.0,96.0,96.0,96.0,168.0,18.0,0.0,SAFE
5.0,11.0,13.0,30.0,30.0,30.0,46.0,46.0,46.0,46.0,59.0,108.0,38.0,0.0,SAFE
8.0,11.0,27.0,35.0,35.0,35.0,36.0,36.0,42.0,82.0,82.0,167.0,35.0,0.0,SAFE
5.0,13.0,19.0,67.0,99.0,99.0,99.0,157.0,157.0,157.0,157.0,157.0,99.0,0.0,SAFE
5.0,9.0,12.0,24.0,32.0,32.0,40.0,43.0,43.0,45.0,45.0,93.0,36.0,0.0,SAFE
6.0,15.0,41.0,41.0,41.0,138.0,138.0,138.0,274.0,369.0,369.0,369.0,138.0,0.09842657342657335,SAFE
6.0,7.0,11.0,22.0,37.0,111.0,111.0,111.0,111.0,111.0,111.0,145.0,111.0,0.0,SAFE
5.0,5.0,5.0,10.0,14.0,16.0,79.0,155.0,189.0,189.0,212.0,236.0,48.0,0.0,SAFE
51.0,77.0,77.0,78.0,136.0,136.0,193.0,193.0,412.0,412.0,412.0,986.0,164.0,0.13016717325227967,SAFE
5.0,5.0,5.0,5.0,5.0,31.0,31.0,31.0,32.0,32.0,97.0,119.0,31.0,0.0,SAFE
7.0,7.0,21.0,25.0,38.0,38.0,42.0,42.0,50.0,50.0,50.0,107.0,40.0,0.0,SAFE
5.0,5.0,6.0,6.0,6.0,8.0,11.0,11.0,11.0,11.0,30.0,110.0,9.0,0.0,SAFE
9.0,10.0,11.0,17.0,17.0,23.0,28.0,86.0,86.0,86.0,324.0,367.0,26.0,0.05462833099579245,SAFE
8.0,8.0,18.0,19.0,108.0,134.0,134.0,381.0,428.0,428.0,428.0,428.0,134.0,0.17048681541582145,SAFE
5.0,5.0,6.0,6.0,6.0,6.0,14.0,14.0,18.0,52.0,75.0,92.0,10.0,0.0,SAFE
7.0,7.0,9.0,12.0,12.0,12.0,12.0,29.0,45.0,45.0,45.0,104.0,12.0,0.0,SAFE
9.0,18.0,21.0,21.0,52.0,52.0,52.0,53.0,142.0,142.0,142.0,142.0,52.0,0.0,SAFE
5.0,8.0,15.0,63.0,195.0,263.0,544.0,1109.0,1518.0,1518.0,1555.0,1795.0,404.0,0.2469750889679715,EXCEED
5.0,6.0,6.0,6.0,6.0,6.0,12.0,12.0,12.0,12.0,21.0,94.0,9.0,0.0,SAFE
6.0,11.0,18.0,21.0,22.0,22.0,33.0,44.0,44.0,44.0,44.0,85.0,28.0,0.0,SAFE
5.0,5.0,6.0,6.0,11.0,11.0,26.0,28.0,28.0,149.0,151.0,151.0,18.0,0.0,SAFE
5.0,5.0,5.0,5.0,9.0,9.0,9.0,9.0,9.0,13.0,77.0,124.0,9.0,0.0,SAFE
5.0,8.0,11.0,25.0,52.0,53.0,69.0,95.0,95.0,95.0,95.0,98.0,61.0,0.0,SAFE
10.0,10.0,17.0,31.0,40.0,62.0,62.0,82.0,82.0,82.0,82.0,198.0,62.0,0.0,SAFE
5.0,5.0,10.0,16.0,17.0,17.0,17.0,17.0,17.0,17.0,17.0,78.0,17.0,0.0,SAFE
5.0,5.0,5.0,5.0,5.0,39.0,44.0,44.0,44.0,44.0,91.0,134.0,41.0,0.0,SAFE
5.0,5.0,5.0,7.0,7.0,7.0,13.0,26.0,72.0,72.0,120.0,272.0,10.0,0.0,SAFE
5.0,5.0,6.0,6.0,10.0,17.0,21.0,75.0,75.0,75.0,172.0,189.0,19.0,0.0,SAFE
5.0,7.0,8.0,8.0,19.0,19.0,23.0,52.0,52.0,58.0,68.0,161.0,21.0,0.0,SAFE
5.0,6.0,11.0,19.0,39.0,52.0,52.0,79.0,79.0,79.0,79.0,79.0,52.0,0.0,SAFE
5.0,5.0,5.0,6.0,6.0,14.0,14.0,84.0,84.0,153.0,196.0,196.0,14.0,0.0,SAFE
54.0,494.0,1484.0,1937.0,2234.0,2234.0,2234.0,2234.0,2234.0,2234.0,2288.0,2288.0,2234.0,0.7229545454545454,EXCEED
24.0,68.0,90.0,90.0,183.0,184.0,276.0,276.0,276.0,276.0,276.0,693.0,230.0,0.049760191846522805,SAFE
5.0,13.0,13.0,13.0,40.0,40.0,40.0,90.0,90.0,90.0,162.0,162.0,40.0,0.0,SAFE
5.0,12.0,12.0,36.0,36.0,86.0,117.0,151.0,162.0,162.0,162.0,162.0,102.0,0.0,SAFE
23.0,94.0,223.0,424.0,829.0,1286.0,1286.0,2997.0,3806.0,4485.0,4760.0,4880.0,1286.0,0.4716417910447761,EXCEED
6.0,9.0,12.0,15.0,24.0,44.0,47.0,56.0,140.0,211.0,211.0,378.0,46.0,0.03967065868263475,SAFE
5.0,5.0,5.0,5.0,8.0,8.0,8.0,34.0,34.0,34.0,34.0,59.0,8.0,0.0,SAFE
8.0,14.0,55.0,103.0,161.0,161.0,238.0,238.0,238.0,238.0,238.0,238.0,199.0,0.0,SAFE
5.0,5.0,7.0,9.0,11.0,11.0,11.0,11.0,14.0,15.0,34.0,72.0,11.0,0.0,SAFE
5.0,5.0,5.0,6.0,6.0,9.0,9.0,9.0,14.0,16.0,16.0,101.0,9.0,0.0,SAFE
10.0,17.0,22.0,22.0,57.0,80.0,80.0,101.0,148.0,148.0,148.0,184.0,80.0,0.0,SAFE
14.0,14.0,22.0,74.0,76.0,110.0,110.0,110.0,113.0,113.0,113.0,400.0,110.0,0.035452961672473915,SAFE
105.0,276.0,330.0,333.0,386.0,520.0,649.0,696.0,696.0,696.0,696.0,696.0,584.0,0.6388888888888888,EXCEED
7.0,20.0,37.0,127.0,169.0,224.0,224.0,224.0,242.0,242.0,242.0,242.0,224.0,0.0,SAFE
5.0,5.0,5.0,10.0,10.0,10.0,10.0,10.0,10.0,19.0,24.0,115.0,10.0,0.0,SAFE
5.0,6.0,6.0,6.0,6.0,6.0,6.0,6.0,11.0,46.0,46.0,117.0,6.0,0.0,SAFE
5.0,6.0,6.0,7.0,7.0,7.0,7.0,55.0,55.0,55.0,55.0,137.0,7.0,0.0,SAFE
5.0,5.0,5.0,10.0,10.0,10.0,10.0,20.0,20.0,23.0,23.0,68.0,10.0,0.0,SAFE
5.0,6.0,6.0,6.0,6.0,32.0,32.0,32.0,32.0,61.0,98.0,183.0,32.0,0.0,SAFE
53.0,84.0,620.0,792.0,792.0,821.0,821.0,821.0,821.0,821.0,821.0,821.0,821.0,0.5951492537313433,EXCEED
5.0,5.0,5.0,5.0,5.0,16.0,16.0,19.0,78.0,78.0,79.0,104.0,16.0,0.0,SAFE
24.0,168.0,539.0,542.0,542.0,542.0,542.0,542.0,737.0,737.0,737.0,737.0,542.0,0.6047169811320755,EXCEED
5.0,7.0,7.0,7.0,7.0,7.0,41.0,41.0,41.0,194.0,194.0,194.0,24.0,0.0,SAFE
5.0,5.0,16.0,16.0,16.0,16.0,16.0,16.0,16.0,16.0,38.0,108.0,16.0,0.0,SAFE
6.0,25.0,30.0,30.0,30.0,41.0,48.0,48.0,249.0,249.0,249.0,249.0,44.0,0.0,SAFE
5.0,5.0,7.0,7.0,20.0,31.0,31.0,31.0,48.0,48.0,63.0,148.0,31.0,0.0,SAFE
5.0,5.0,5.0,5.0,7.0,7.0,7.0,10.0,14.0,15.0,18.0,121.0,7.0,0.0,SAFE
5.0,7.0,9.0,9.0,9.0,9.0,9.0,16.0,16.0,16.0,16.0,98.0,9.0,0.0,SAFE
13.0,62.0,149.0,248.0,248.0,248.0,356.0,356.0,356.0,356.0,356.0,356.0,302.0,0.23503086419753083,EXCEED
6.0,7.0,41.0,63.0,82.0,98.0,98.0,98.0,98.0,158.0,158.0,158.0,98.0,0.0,SAFE
6.0,6.0,31.0,64.0,64.0,64.0,64.0,64.0,64.0,64.0,64.0,129.0,64.0,0.0,SAFE
5.0,5.0,5.0,7.0,8.0,8.0,74.0,74.0,74.0,74.0,112.0,136.0,41.0,0.0,SAFE
5.0,6.0,6.0,6.0,11.0,11.0,11.0,20.0,20.0,20.0,20.0,91.0,11.0,0.0,SAFE
22.0,80.0,233.0,441.0,746.0,746.0,857.0,1006.0,1006.0,1658.0,2188.0,2188.0,802.0,0.4774038461538461,EXCEED
5.0,5.0,7.0,37.0,37.0,37.0,44.0,44.0,296.0,296.0,296.0,296.0,41.0,0.10318091451292244,SAFE
5.0,6.0,6.0,8.0,8.0,8.0,8.0,9.0,10.0,12.0,15.0,68.0,8.0,0.0,SAFE
12.0,29.0,30.0,30.0,42.0,55.0,55.0,55.0,95.0,195.0,195.0,195.0,55.0,0.0,SAFE
5.0,6.0,6.0,6.0,6.0,9.0,18.0,24.0,24.0,24.0,24.0,90.0,14.0,0.0,SAFE
5.0,5.0,5.0,5.0,5.0,18.0,18.0,25.0,25.0,25.0,25.0,100.0,18.0,0.0,SAFE
11.0,19.0,57.0,178.0,407.0,461.0,625.0,671.0,761.0,824.0,824.0,824.0,543.0,0.35545851528384287,EXCEED
6.0,10.0,12.0,12.0,21.0,37.0,37.0,37.0,37.0,37.0,121.0,142.0,37.0,0.0,SAFE
8.0,9.0,20.0,20.0,35.0,62.0,62.0,74.0,155.0,202.0,202.0,202.0,62.0,0.0,SAFE
5.0,6.0,6.0,6.0,6.0,9.0,10.0,22.0,22.0,93.0,93.0,93.0,10.0,0.0,SAFE
47.0,720.0,1615.0,2742.0,3456.0,3456.0,3746.0,3746.0,3786.0,3805.0,3805.0,3805.0,3601.0,0.7480683506686479,EXCEED
5.0,11.0,14.0,85.0,116.0,116.0,137.0,137.0,166.0,166.0,166.0,166.0,126.0,0.0,SAFE
5.0,6.0,7.0,7.0,8.0,24.0,40.0,40.0,40.0,197.0,197.0,197.0,32.0,0.0,SAFE
19.0,192.0,428.0,617.0,617.0,617.0,745.0,935.0,1498.0,1498.0,1498.0,1498.0,681.0,0.5940677966101695,EXCEED
11.0,35.0,67.0,67.0,67.0,154.0,154.0,154.0,292.0,292.0,292.0,1073.0,154.0,0.10435835351089584,SAFE
53.0,409.0,1066.0,1230.0,1230.0,1255.0,1322.0,1322.0,1322.0,1476.0,1612.0,1612.0,1288.0,0.7043539325842697,EXCEED
19.0,56.0,56.0,121.0,121.0,121.0,121.0,192.0,192.0,192.0,192.0,1007.0,121.0,0.047293774915670106,SAFE
5.0,5.0,6.0,17.0,17.0,17.0,32.0,32.0,32.0,32.0,32.0,103.0,25.0,0.0,SAFE
5.0,7.0,7.0,10.0,10.0,11.0,11.0,11.0,20.0,20.0,72.0,107.0,11.0,0.0,SAFE
5.0,5.0,5.0,5.0,5.0,5.0,5.0,9.0,13.0,20.0,35.0,103.0,5.0,0.0,SAFE
5.0,5.0,8.0,61.0,77.0,170.0,170.0,196.0,196.0,240.0,240.0,240.0,170.0,0.0,SAFE
5.0,5.0,8.0,8.0,17.0,51.0,54.0,92.0,92.0,92.0,92.0,199.0,52.0,0.0,SAFE
5.0,5.0,5.0,6.0,6.0,19.0,19.0,19.0,19.0,19.0,22.0,86.0,19.0,0.0,SAFE
5.0,5.0,5.0,5.0,14.0,14.0,14.0,14.0,14.0,14.0,25.0,140.0,14.0,0.0,SAFE
5.0,7.0,8.0,11.0,11.0,11.0,11.0,53.0,53.0,53.0,53.0,102.0,11.0,0.0,SAFE
5.0,5.0,6.0,6.0,6.0,6.0,10.0,12.0,12.0,13.0,63.0,136.0,8.0,0.0,SAFE
5.0,5.0,7.0,18.0,31.0,78.0,78.0,245.0,328.0,416.0,422.0,424.0,78.0,0.1289156626506024,SAFE
5.0,5.0,7.0,7.0,19.0,25.0,28.0,82.0,82.0,82.0,82.0,140.0,26.0,0.0,SAFE
5.0,5.0,5.0,5.0,5.0,11.0,11.0,16.0,16.0,19.0,138.0,138.0,11.0,0.0,SAFE
5.0,5.0,6.0,6.0,6.0,8.0,10.0,10.0,10.0,19.0,48.0,73.0,9.0,0.0,SAFE
5.0,7.0,7.0,7.0,7.0,7.0,12.0,12.0,39.0,54.0,54.0,161.0,10.0,0.0,SAFE
5.0,5.0,6.0,6.0,6.0,6.0,6.0,6.0,10.0,11.0,20.0,94.0,6.0,0.0,SAFE
5.0,5.0,6.0,8.0,8.0,8.0,14.0,14.0,22.0,22.0,22.0,69.0,11.0,0.0,SAFE
61.0,140.0,140.0,302.0,302.0,336.0,336.0,408.0,408.0,408.0,408.0,408.0,336.0,0.413312693498452,EXCEED
5.0,6.0,7.0,15.0,32.0,35.0,35.0,35.0,39.0,112.0,112.0,148.0,35.0,0.0,SAFE
5.0,5.0,5.0,6.0,6.0,11.0,11.0,21.0,21.0,21.0,174.0,174.0,11.0,0.0,SAFE
5.0,5.0,5.0,8.0,8.0,8.0,8.0,29.0,29.0,29.0,153.0,169.0,8.0,0.0,SAFE
5.0,5.0,5.0,7.0,7.0,7.0,11.0,14.0,14.0,14.0,14.0,82.0,9.0,0.0,SAFE
5.0,5.0,5.0,7.0,13.0,13.0,13.0,13.0,13.0,14.0,14.0,67.0,13.0,0.0,SAFE
6.0,6.0,7.0,9.0,9.0,9.0,11.0,52.0,52.0,52.0,66.0,77.0,10.0,0.0,SAFE
5.0,5.0,5.0,5.0,5.0,5.0,5.0,5.0,12.0,17.0,17.0,81.0,5.0,0.0,SAFE
5.0,5.0,5.0,6.0,6.0,6.0,9.0,20.0,20.0,20.0,31.0,44.0,8.0,0.0,SAFE
5.0,5.0,5.0,5.0,5.0,8.0,9.0,10.0,12.0,12.0,41.0,82.0,8.0,0.0,SAFE
5.0,5.0,5.0,5.0,7.0,7.0,17.0,17.0,17.0,46.0,46.0,46.0,12.0,0.0,SAFE
5.0,5.0,5.0,7.0,7.0,10.0,10.0,10.0,14.0,14.0,57.0,68.0,10.0,0.0,SAFE
5.0,5.0,7.0,7.0,7.0,7.0,7.0,8.0,19.0,19.0,28.0,57.0,7.0,0.0,SAFE
5.0,5.0,5.0,7.0,13.0,13.0,13.0,21.0,23.0,57.0,232.0,232.0,13.0,0.0,SAFE
5.0,5.0,5.0,5.0,6.0,6.0,6.0,6.0,8.0,8.0,12.0,92.0,6.0,0.0,SAFE
5.0,8.0,8.0,11.0,43.0,43.0,43.0,43.0,43.0,43.0,43.0,93.0,43.0,0.0,SAFE
5.0,5.0,5.0,5.0,5.0,5.0,5.0,5.0,6.0,10.0,10.0,77.0,5.0,0.0,SAFE
5.0,5.0,5.0,5.0,5.0,6.0,8.0,8.0,14.0,27.0,49.0,149.0,7.0,0.0,SAFE
5.0,5.0,5.0,6.0,7.0,7.0,7.0,7.0,9.0,28.0,51.0,77.0,7.0,0.0,SAFE
5.0,5.0,5.0,6.0,10.0,10.0,12.0,12.0,19.0,28.0,66.0,66.0,11.0,0.0,SAFE
5.0,5.0,7.0,7.0,7.0,7.0,7.0,25.0,25.0,25.0,25.0,82.0,7.0,0.0,SAFE
5.0,6.0,8.0,8.0,14.0,14.0,14.0,14.0,37.0,46.0,46.0,79.0,14.0,0.0,SAFE
5.0,5.0,12.0,12.0,17.0,18.0,28.0,28.0,28.0,28.0,49.0,100.0,23.0,0.0,SAFE
5.0,5.0,8.0,8.0,8.0,8.0,8.0,17.0,17.0,17.0,17.0,71.0,8.0,0.0,SAFE
5.0,6.0,6.0,6.0,6.0,6.0,6.0,8.0,8.0,11.0,13.0,69.0,6.0,0.0,SAFE
5.0,5.0,5.0,19.0,19.0,19.0,19.0,19.0,33.0,33.0,33.0,115.0,19.0,0.0,SAFE
5.0,5.0,5.0,5.0,5.0,5.0,28.0,28.0,28.0,28.0,33.0,43.0,17.0,0.0,SAFE
5.0,5.0,5.0,5.0,5.0,5.0,5.0,5.0,17.0,17.0,84.0,84.0,5.0,0.0,SAFE
5.0,5.0,8.0,8.0,11.0,11.0,26.0,26.0,82.0,82.0,82.0,82.0,19.0,0.0,SAFE
5.0,5.0,6.0,23.0,23.0,23.0,23.0,26.0,40.0,56.0,56.0,87.0,23.0,0.0,SAFE
5.0,5.0,5.0,5.0,6.0,6.0,11.0,11.0,14.0,14.0,14.0,53.0,8.0,0.0,SAFE
5.0,5.0,5.0,5.0,5.0,25.0,25.0,25.0,30.0,54.0,54.0,72.0,25.0,0.0,SAFE
5.0,5.0,5.0,6.0,6.0,6.0,20.0,21.0,21.0,34.0,34.0,81.0,13.0,0.0,SAFE
5.0,5.0,5.0,5.0,5.0,12.0,13.0,20.0,20.0,44.0,44.0,131.0,12.0,0.0,SAFE
5.0,5.0,5.0,8.0,8.0,12.0,12.0,49.0,49.0,49.0,63.0,69.0,12.0,0.0,SAFE
48.0,95.0,357.0,702.0,702.0,778.0,778.0,778.0,778.0,778.0,778.0,778.0,778.0,0.5440839694656489,EXCEED
5.0,5.0,5.0,6.0,6.0,6.0,17.0,17.0,37.0,37.0,102.0,105.0,12.0,0.0,SAFE
5.0,5.0,6.0,8.0,8.0,11.0,11.0,11.0,11.0,14.0,15.0,85.0,11.0,0.0,SAFE
5.0,5.0,5.0,13.0,13.0,13.0,13.0,13.0,66.0,70.0,184.0,184.0,13.0,0.0,SAFE
11.0,22.0,30.0,103.0,143.0,159.0,159.0,248.0,366.0,366.0,385.0,605.0,159.0,0.1363829787234042,SAFE
5.0,8.0,8.0,31.0,31.0,31.0,31.0,31.0,87.0,87.0,87.0,152.0,31.0,0.0,SAFE
5.0,5.0,5.0,5.0,5.0,19.0,32.0,32.0,58.0,58.0,90.0,112.0,26.0,0.0,SAFE
5.0,5.0,10.0,10.0,11.0,11.0,11.0,11.0,11.0,11.0,18.0,54.0,11.0,0.0,SAFE
5.0,5.0,5.0,6.0,6.0,6.0,6.0,6.0,6.0,36.0,45.0,74.0,6.0,0.0,SAFE
5.0,5.0,12.0,12.0,12.0,12.0,12.0,12.0,16.0,16.0,16.0,76.0,12.0,0.0,SAFE
5.0,5.0,14.0,30.0,30.0,46.0,62.0,76.0,76.0,101.0,287.0,287.0,54.0,0.05094086021505384,SAFE
5.0,5.0,5.0,5.0,5.0,6.0,8.0,8.0,8.0,20.0,20.0,58.0,7.0,0.0,SAFE
5.0,7.0,7.0,7.0,8.0,8.0,10.0,10.0,16.0,16.0,16.0,77.0,9.0,0.0,SAFE
5.0,5.0,5.0,5.0,5.0,7.0,7.0,7.0,13.0,52.0,52.0,119.0,7.0,0.0,SAFE
5.0,5.0,5.0,5.0,5.0,5.0,11.0,11.0,11.0,56.0,56.0,80.0,8.0,0.0,SAFE
5.0,5.0,5.0,9.0,10.0,16.0,16.0,32.0,32.0,72.0,72.0,72.0,16.0,0.0,SAFE
9.0,13.0,20.0,20.0,22.0,26.0,44.0,66.0,66.0,94.0,94.0,124.0,35.0,0.0,SAFE
6.0,6.0,6.0,30.0,112.0,122.0,122.0,158.0,158.0,158.0,158.0,158.0,122.0,0.0,SAFE
5.0,5.0,5.0,17.0,17.0,17.0,26.0,26.0,26.0,26.0,40.0,89.0,21.0,0.0,SAFE
5.0,32.0,32.0,100.0,100.0,100.0,234.0,234.0,234.0,234.0,270.0,270.0,167.0,0.0,SAFE
5.0,7.0,7.0,7.0,7.0,7.0,10.0,10.0,10.0,10.0,64.0,172.0,8.0,0.0,SAFE
5.0,5.0,5.0,5.0,6.0,10.0,12.0,12.0,16.0,16.0,102.0,102.0,11.0,0.0,SAFE
65.0,146.0,229.0,464.0,759.0,902.0,1229.0,1229.0,1322.0,1322.0,1322.0,1324.0,1066.0,0.47829787234042553,EXCEED
6.0,10.0,10.0,22.0,69.0,69.0,148.0,148.0,148.0,148.0,148.0,148.0,108.0,0.0,SAFE
5.0,6.0,8.0,11.0,11.0,11.0,11.0,12.0,14.0,50.0,50.0,76.0,11.0,0.0,SAFE
5.0,6.0,48.0,48.0,71.0,106.0,106.0,494.0,494.0,941.0,1002.0,1200.0,106.0,0.17757069408740356,SAFE
7.0,11.0,13.0,21.0,21.0,22.0,22.0,22.0,23.0,25.0,87.0,141.0,22.0,0.0,SAFE
5.0,5.0,14.0,15.0,22.0,22.0,22.0,34.0,34.0,34.0,34.0,126.0,22.0,0.0,SAFE
5.0,5.0,5.0,5.0,5.0,6.0,14.0,32.0,32.0,32.0,63.0,85.0,10.0,0.0,SAFE
5.0,5.0,5.0,5.0,11.0,11.0,11.0,11.0,27.0,39.0,80.0,86.0,11.0,0.0,SAFE
5.0,5.0,5.0,5.0,10.0,10.0,10.0,16.0,16.0,16.0,22.0,51.0,10.0,0.0,SAFE
5.0,6.0,6.0,8.0,8.0,12.0,23.0,58.0,58.0,66.0,66.0,69.0,18.0,0.0,SAFE
5.0,5.0,5.0,5.0,8.0,8.0,8.0,24.0,24.0,24.0,37.0,70.0,8.0,0.0,SAFE
11.0,23.0,31.0,34.0,34.0,51.0,51.0,93.0,93.0,93.0,93.0,93.0,51.0,0.0,SAFE
5.0,6.0,7.0,12.0,15.0,15.0,15.0,15.0,20.0,35.0,35.0,105.0,15.0,0.0,SAFE
5.0,5.0,5.0,5.0,5.0,12.0,12.0,12.0,12.0,12.0,12.0,68.0,12.0,0.0,SAFE
5.0,6.0,9.0,12.0,12.0,13.0,13.0,33.0,89.0,89.0,89.0,89.0,13.0,0.0,SAFE
5.0,6.0,7.0,10.0,13.0,13.0,13.0,65.0,65.0,65.0,65.0,220.0,13.0,0.0,SAFE
13.0,15.0,69.0,141.0,238.0,238.0,370.0,484.0,544.0,544.0,544.0,544.0,304.0,0.23422053231939166,EXCEED
6.0,8.0,46.0,46.0,46.0,68.0,68.0,68.0,68.0,68.0,68.0,140.0,68.0,0.0,SAFE
19.0,32.0,99.0,183.0,183.0,183.0,280.0,280.0,280.0,297.0,297.0,297.0,232.0,0.20017123287671224,EXCEED
5.0,5.0,5.0,5.0,5.0,7.0,8.0,8.0,29.0,35.0,135.0,135.0,8.0,0.0,SAFE
5.0,5.0,5.0,5.0,7.0,8.0,8.0,8.0,8.0,88.0,88.0,88.0,8.0,0.0,SAFE
5.0,5.0,5.0,8.0,8.0,8.0,8.0,31.0,31.0,31.0,40.0,131.0,8.0,0.0,SAFE
5.0,6.0,8.0,12.0,12.0,12.0,12.0,40.0,47.0,47.0,47.0,127.0,12.0,0.0,SAFE
5.0,5.0,44.0,44.0,44.0,51.0,54.0,54.0,54.0,70.0,70.0,146.0,52.0,0.0,SAFE
5.0,5.0,5.0,5.0,6.0,6.0,7.0,25.0,25.0,25.0,51.0,142.0,6.0,0.0,SAFE
5.0,7.0,16.0,30.0,51.0,51.0,63.0,63.0,63.0,63.0,88.0,88.0,57.0,0.0,SAFE
5.0,8.0,8.0,13.0,20.0,20.0,24.0,25.0,46.0,46.0,106.0,106.0,22.0,0.0,SAFE
36.0,352.0,1312.0,4119.0,4336.0,4422.0,5335.0,6136.0,6136.0,6136.0,6136.0,6136.0,4878.0,0.6841772151898734,EXCEED
5.0,18.0,24.0,124.0,124.0,124.0,124.0,135.0,135.0,135.0,135.0,135.0,124.0,0.0,SAFE
5.0,6.0,6.0,16.0,16.0,29.0,30.0,30.0,38.0,119.0,119.0,119.0,29.0,0.0,SAFE
5.0,53.0,86.0,106.0,106.0,150.0,150.0,150.0,150.0,150.0,150.0,150.0,150.0,0.0,SAFE
6.0,6.0,10.0,12.0,16.0,16.0,16.0,16.0,16.0,17.0,41.0,108.0,16.0,0.0,SAFE
5.0,5.0,5.0,5.0,5.0,5.0,8.0,18.0,29.0,29.0,42.0,73.0,6.0,0.0,SAFE
5.0,5.0,5.0,10.0,10.0,10.0,10.0,33.0,75.0,82.0,98.0,98.0,10.0,0.0,SAFE
12.0,24.0,45.0,72.0,72.0,90.0,90.0,90.0,90.0,95.0,206.0,206.0,90.0,0.0,SAFE
5.0,5.0,6.0,6.0,12.0,19.0,19.0,136.0,136.0,136.0,236.0,236.0,19.0,0.0,SAFE
5.0,5.0,5.0,7.0,7.0,7.0,9.0,10.0,10.0,61.0,61.0,85.0,8.0,0.0,SAFE
5.0,5.0,5.0,5.0,5.0,5.0,9.0,9.0,9.0,9.0,12.0,81.0,7.0,0.0,SAFE
5.0,5.0,5.0,6.0,10.0,10.0,14.0,49.0,49.0,49.0,49.0,90.0,12.0,0.0,SAFE
5.0,5.0,6.0,7.0,7.0,7.0,8.0,8.0,16.0,25.0,54.0,71.0,8.0,0.0,SAFE
5.0,9.0,20.0,46.0,46.0,49.0,49.0,130.0,132.0,132.0,132.0,132.0,49.0,0.0,SAFE
5.0,7.0,20.0,20.0,20.0,20.0,20.0,30.0,30.0,30.0,65.0,138.0,20.0,0.0,SAFE
5.0,6.0,6.0,13.0,13.0,25.0,25.0,25.0,25.0,124.0,124.0,124.0,25.0,0.0,SAFE
5.0,6.0,6.0,7.0,7.0,19.0,33.0,33.0,72.0,72.0,137.0,169.0,26.0,0.0,SAFE
5.0,5.0,5.0,6.0,6.0,6.0,6.0,6.0,6.0,18.0,18.0,74.0,6.0,0.0,SAFE
10.0,17.0,38.0,38.0,38.0,38.0,38.0,38.0,43.0,43.0,48.0,137.0,38.0,0.0,SAFE
5.0,5.0,5.0,6.0,6.0,6.0,10.0,10.0,10.0,20.0,20.0,69.0,8.0,0.0,SAFE
5.0,5.0,5.0,5.0,5.0,5.0,9.0,38.0,38.0,38.0,38.0,87.0,7.0,0.0,SAFE
5.0,5.0,6.0,12.0,16.0,16.0,16.0,16.0,16.0,26.0,67.0,84.0,16.0,0.0,SAFE
5.0,6.0,6.0,11.0,12.0,16.0,16.0,16.0,16.0,27.0,27.0,77.0,16.0,0.0,SAFE
5.0,5.0,6.0,7.0,10.0,10.0,13.0,13.0,13.0,35.0,36.0,36.0,12.0,0.0,SAFE
9.0,19.0,84.0,391.0,391.0,391.0,449.0,450.0,450.0,452.0,452.0,475.0,420.0,0.43622559652928417,EXCEED
5.0,8.0,10.0,10.0,10.0,18.0,18.0,18.0,18.0,23.0,84.0,87.0,18.0,0.0,SAFE
5.0,5.0,5.0,6.0,6.0,10.0,14.0,17.0,36.0,62.0,70.0,139.0,12.0,0.0,SAFE
5.0,8.0,8.0,10.0,11.0,11.0,11.0,11.0,14.0,14.0,22.0,111.0,11.0,0.0,SAFE
5.0,6.0,6.0,26.0,26.0,37.0,37.0,37.0,37.0,37.0,100.0,100.0,37.0,0.0,SAFE
5.0,5.0,5.0,11.0,37.0,37.0,37.0,73.0,132.0,132.0,231.0,231.0,37.0,0.0,SAFE
8.0,8.0,9.0,13.0,13.0,32.0,32.0,32.0,107.0,107.0,107.0,107.0,32.0,0.0,SAFE
5.0,5.0,5.0,9.0,15.0,22.0,22.0,98.0,110.0,157.0,199.0,199.0,22.0,0.0,SAFE
151.0,696.0,1257.0,3906.0,3906.0,3993.0,4501.0,4501.0,5182.0,5182.0,5182.0,5182.0,4247.0,0.7644954128440367,EXCEED
6.0,12.0,38.0,96.0,96.0,103.0,103.0,106.0,106.0,109.0,109.0,109.0,103.0,0.0,SAFE
5.0,15.0,31.0,107.0,116.0,116.0,116.0,116.0,157.0,157.0,157.0,157.0,116.0,0.0,SAFE
5.0,5.0,10.0,11.0,11.0,11.0,11.0,41.0,150.0,150.0,150.0,150.0,11.0,0.0,SAFE
5.0,5.0,5.0,10.0,36.0,42.0,42.0,61.0,108.0,108.0,108.0,158.0,42.0,0.0,SAFE
5.0,5.0,5.0,9.0,11.0,29.0,41.0,88.0,88.0,120.0,198.0,198.0,35.0,0.0,SAFE
6.0,10.0,10.0,72.0,72.0,72.0,72.0,72.0,72.0,104.0,104.0,204.0,72.0,0.0,SAFE
5.0,5.0,7.0,10.0,10.0,19.0,19.0,19.0,26.0,35.0,35.0,263.0,19.0,0.0,SAFE
6.0,8.0,9.0,9.0,9.0,9.0,10.0,40.0,40.0,40.0,40.0,80.0,10.0,0.0,SAFE
102.0,479.0,991.0,991.0,1044.0,1044.0,1269.0,1269.0,1269.0,1269.0,1269.0,1269.0,1156.0,0.7291777188328913,EXCEED
17.0,23.0,60.0,60.0,70.0,70.0,83.0,83.0,83.0,144.0,144.0,177.0,77.0,0.0,SAFE
7.0,9.0,10.0,40.0,40.0,43.0,56.0,56.0,79.0,79.0,79.0,102.0,50.0,0.0,SAFE
6.0,6.0,8.0,11.0,20.0,20.0,32.0,32.0,61.0,61.0,61.0,102.0,26.0,0.0,SAFE
5.0,15.0,38.0,113.0,113.0,113.0,113.0,113.0,168.0,236.0,236.0,236.0,113.0,0.0,SAFE
5.0,5.0,5.0,9.0,18.0,18.0,18.0,18.0,43.0,48.0,88.0,154.0,18.0,0.0,SAFE
5.0,5.0,8.0,9.0,9.0,9.0,9.0,9.0,46.0,46.0,102.0,133.0,9.0,0.0,SAFE
5.0,5.0,5.0,5.0,8.0,8.0,11.0,11.0,47.0,47.0,47.0,83.0,10.0,0.0,SAFE
5.0,7.0,14.0,14.0,14.0,14.0,15.0,15.0,18.0,18.0,18.0,138.0,14.0,0.0,SAFE
5.0,5.0,5.0,9.0,15.0,15.0,15.0,15.0,72.0,72.0,72.0,105.0,15.0,0.0,SAFE
5.0,5.0,5.0,5.0,5.0,6.0,7.0,71.0,71.0,71.0,71.0,71.0,6.0,0.0,SAFE
5.0,5.0,6.0,29.0,68.0,126.0,126.0,146.0,230.0,329.0,390.0,390.0,126.0,0.08737373737373733,SAFE
5.0,5.0,5.0,6.0,10.0,10.0,10.0,22.0,22.0,22.0,23.0,101.0,10.0,0.0,SAFE
5.0,6.0,9.0,10.0,10.0,13.0,13.0,13.0,13.0,13.0,94.0,123.0,13.0,0.0,SAFE
5.0,26.0,26.0,26.0,26.0,26.0,108.0,162.0,162.0,162.0,162.0,346.0,67.0,0.0339430894308943,SAFE
59.0,484.0,1715.0,4972.0,5180.0,5180.0,5180.0,5180.0,5190.0,5190.0,5190.0,5190.0,5180.0,0.722,EXCEED
35.0,171.0,484.0,842.0,1201.0,1252.0,1283.0,1319.0,1319.0,1319.0,1327.0,1327.0,1268.0,0.5977635782747603,EXCEED
7.0,55.0,75.0,169.0,206.0,206.0,215.0,215.0,222.0,222.0,222.0,222.0,210.0,0.0,SAFE
6.0,12.0,35.0,75.0,75.0,76.0,76.0,76.0,94.0,94.0,94.0,111.0,76.0,0.0,SAFE
31.0,157.0,257.0,439.0,439.0,439.0,554.0,745.0,745.0,745.0,745.0,745.0,496.0,0.4873394495412844,EXCEED
5.0,5.0,5.0,17.0,17.0,17.0,53.0,53.0,53.0,70.0,70.0,70.0,35.0,0.0,SAFE
5.0,6.0,12.0,12.0,12.0,30.0,30.0,30.0,268.0,268.0,341.0,469.0,30.0,0.07103448275862068,SAFE
5.0,5.0,5.0,6.0,10.0,10.0,13.0,13.0,13.0,13.0,18.0,98.0,11.0,0.0,SAFE
25.0,28.0,28.0,94.0,94.0,269.0,269.0,269.0,269.0,653.0,653.0,653.0,269.0,0.09926805465191935,SAFE
12.0,12.0,12.0,21.0,21.0,21.0,21.0,21.0,21.0,21.0,31.0,85.0,21.0,0.0,SAFE
100.0,171.0,282.0,615.0,615.0,615.0,615.0,615.0,615.0,615.0,615.0,615.0,615.0,0.5027027027027027,EXCEED
7.0,20.0,47.0,90.0,90.0,90.0,90.0,93.0,94.0,94.0,94.0,133.0,90.0,0.0,SAFE
7.0,9.0,9.0,20.0,20.0,20.0,20.0,20.0,21.0,22.0,31.0,87.0,20.0,0.0,SAFE
11.0,22.0,53.0,53.0,53.0,53.0,53.0,53.0,53.0,53.0,53.0,94.0,53.0,0.0,SAFE
12.0,14.0,51.0,77.0,83.0,83.0,83.0,83.0,83.0,83.0,83.0,124.0,83.0,0.0,SAFE
5.0,8.0,12.0,20.0,33.0,33.0,36.0,60.0,60.0,60.0,60.0,78.0,34.0,0.0,SAFE
5.0,5.0,7.0,7.0,7.0,7.0,9.0,35.0,35.0,35.0,46.0,229.0,8.0,0.0,SAFE
49.0,277.0,1159.0,1963.0,1963.0,1963.0,1963.0,1963.0,2250.0,2250.0,2250.0,2250.0,1963.0,0.6494897959183674,EXCEED
5.0,7.0,9.0,27.0,29.0,29.0,34.0,59.0,86.0,86.0,86.0,174.0,32.0,0.0,SAFE
22.0,164.0,198.0,198.0,382.0,472.0,472.0,579.0,579.0,579.0,630.0,630.0,472.0,0.35543478260869565,EXCEED
5.0,5.0,6.0,7.0,10.0,10.0,10.0,10.0,95.0,98.0,150.0,150.0,10.0,0.0,SAFE
5.0,7.0,18.0,18.0,18.0,18.0,18.0,18.0,18.0,18.0,55.0,88.0,18.0,0.0,SAFE
5.0,8.0,30.0,30.0,31.0,31.0,39.0,39.0,39.0,47.0,75.0,168.0,35.0,0.0,SAFE
5.0,5.0,10.0,71.0,71.0,80.0,174.0,174.0,189.0,189.0,189.0,189.0,127.0,0.0,SAFE
5.0,5.0,5.0,5.0,6.0,6.0,6.0,6.0,22.0,30.0,30.0,113.0,6.0,0.0,SAFE
7.0,68.0,68.0,119.0,206.0,206.0,280.0,280.0,280.0,280.0,280.0,280.0,243.0,0.20011235955056172,EXCEED
5.0,5.0,6.0,6.0,6.0,6.0,6.0,33.0,33.0,33.0,74.0,124.0,6.0,0.0,SAFE
5.0,5.0,5.0,5.0,5.0,10.0,10.0,64.0,64.0,83.0,83.0,83.0,10.0,0.0,SAFE
22.0,86.0,168.0,244.0,339.0,354.0,354.0,727.0,878.0,878.0,1478.0,1478.0,354.0,0.3621052631578947,EXCEED
5.0,6.0,6.0,13.0,13.0,13.0,13.0,13.0,21.0,30.0,169.0,237.0,13.0,0.0,SAFE
5.0,5.0,5.0,5.0,5.0,5.0,5.0,7.0,7.0,61.0,61.0,121.0,5.0,0.0,SAFE
7.0,7.0,7.0,13.0,46.0,46.0,46.0,46.0,112.0,112.0,112.0,391.0,46.0,0.03495813397129188,SAFE
7.0,7.0,9.0,15.0,15.0,15.0,15.0,34.0,34.0,34.0,53.0,78.0,15.0,0.0,SAFE
5.0,5.0,6.0,6.0,7.0,7.0,8.0,8.0,8.0,9.0,9.0,103.0,7.0,0.0,SAFE
9.0,13.0,27.0,91.0,91.0,114.0,114.0,125.0,128.0,128.0,128.0,128.0,114.0,0.0,SAFE
5.0,5.0,5.0,16.0,16.0,16.0,26.0,26.0,26.0,31.0,107.0,109.0,21.0,0.0,SAFE
5.0,5.0,5.0,10.0,12.0,12.0,12.0,12.0,16.0,30.0,30.0,69.0,12.0,0.0,SAFE
48.0,505.0,1272.0,4438.0,4602.0,4650.0,4778.0,4778.0,4974.0,4974.0,4974.0,4978.0,4714.0,0.7238512035010941,EXCEED
5.0,5.0,9.0,9.0,9.0,11.0,11.0,23.0,23.0,37.0,37.0,55.0,11.0,0.0,SAFE
5.0,5.0,9.0,10.0,10.0,11.0,30.0,30.0,38.0,54.0,54.0,71.0,20.0,0.0,SAFE
24.0,220.0,374.0,955.0,955.0,955.0,974.0,1375.0,1375.0,1375.0,1417.0,1417.0,964.0,0.5915584415584416,EXCEED
11.0,84.0,94.0,135.0,228.0,228.0,228.0,228.0,228.0,368.0,368.0,368.0,228.0,0.09064731080437882,SAFE
41.0,323.0,1149.0,1604.0,1604.0,1604.0,1730.0,1730.0,1730.0,1730.0,1750.0,1750.0,1667.0,0.6728723404255319,EXCEED
17.0,114.0,114.0,133.0,133.0,133.0,192.0,192.0,192.0,192.0,299.0,299.0,162.0,0.05441860465116277,SAFE
5.0,5.0,5.0,5.0,5.0,5.0,5.0,5.0,5.0,5.0,5.0,65.0,5.0,0.0,SAFE
7.0,13.0,28.0,32.0,32.0,41.0,50.0,50.0,54.0,54.0,54.0,54.0,45.0,0.0,SAFE
6.0,6.0,16.0,26.0,40.0,40.0,70.0,70.0,70.0,70.0,70.0,70.0,55.0,0.0,SAFE
5.0,5.0,5.0,7.0,7.0,7.0,53.0,53.0,53.0,100.0,100.0,100.0,30.0,0.0,SAFE
12.0,13.0,13.0,29.0,29.0,29.0,51.0,51.0,51.0,232.0,232.0,407.0,40.0,0.04314285714285715,SAFE
21.0,98.0,185.0,185.0,185.0,185.0,233.0,261.0,261.0,261.0,261.0,261.0,209.0,0.0,SAFE
5.0,5.0,5.0,5.0,5.0,5.0,5.0,32.0,32.0,32.0,32.0,35.0,5.0,0.0,SAFE
5.0,6.0,7.0,10.0,12.0,12.0,12.0,14.0,14.0,14.0,14.0,127.0,12.0,0.0,SAFE
7.0,7.0,9.0,10.0,10.0,10.0,10.0,12.0,30.0,30.0,30.0,101.0,10.0,0.0,SAFE
5.0,5.0,6.0,6.0,6.0,6.0,6.0,13.0,48.0,48.0,73.0,259.0,6.0,0.0,SAFE
5.0,5.0,5.0,5.0,5.0,5.0,5.0,5.0,5.0,6.0,8.0,49.0,5.0,0.0,SAFE
5.0,5.0,5.0,5.0,6.0,6.0,9.0,25.0,25.0,25.0,25.0,40.0,7.0,0.0,SAFE
5.0,5.0,5.0,5.0,5.0,8.0,8.0,8.0,8.0,14.0,14.0,47.0,8.0,0.0,SAFE
5.0,5.0,5.0,5.0,5.0,5.0,7.0,7.0,15.0,18.0,18.0,41.0,6.0,0.0,SAFE
5.0,5.0,5.0,5.0,5.0,5.0,5.0,6.0,6.0,11.0,11.0,22.0,5.0,0.0,SAFE
5.0,5.0,5.0,5.0,5.0,9.0,9.0,9.0,9.0,10.0,10.0,48.0,9.0,0.0,SAFE
5.0,6.0,8.0,8.0,10.0,57.0,57.0,57.0,57.0,57.0,57.0,57.0,57.0,0.0,SAFE
5.0,5.0,5.0,10.0,12.0,12.0,16.0,16.0,17.0,17.0,17.0,34.0,14.0,0.0,SAFE
5.0,5.0,5.0,5.0,5.0,7.0,7.0,9.0,9.0,9.0,9.0,34.0,7.0,0.0,SAFE
5.0,5.0,5.0,6.0,6.0,8.0,8.0,8.0,8.0,17.0,17.0,32.0,8.0,0.0,SAFE
5.0,5.0,6.0,6.0,6.0,6.0,7.0,12.0,36.0,36.0,36.0,100.0,6.0,0.0,SAFE
5.0,5.0,5.0,5.0,6.0,6.0,6.0,6.0,6.0,6.0,9.0,24.0,6.0,0.0,SAFE
5.0,5.0,6.0,6.0,7.0,10.0,10.0,10.0,10.0,14.0,14.0,42.0,10.0,0.0,SAFE
5.0,5.0,5.0,5.0,5.0,5.0,13.0,13.0,28.0,28.0,28.0,51.0,9.0,0.0,SAFE
5.0,5.0,5.0,5.0,5.0,5.0,5.0,5.0,5.0,5.0,11.0,23.0,5.0,0.0,SAFE
5.0,8.0,8.0,19.0,19.0,19.0,33.0,33.0,33.0,33.0,42.0,751.0,26.0,0.04160789844851909,SAFE
5.0,5.0,5.0,5.0,5.0,5.0,30.0,30.0,30.0,30.0,30.0,32.0,18.0,0.0,SAFE
5.0,5.0,5.0,5.0,5.0,7.0,7.0,7.0,7.0,7.0,7.0,42.0,7.0,0.0,SAFE
5.0,5.0,5.0,6.0,7.0,7.0,8.0,8.0,8.0,9.0,9.0,44.0,7.0,0.0,SAFE
5.0,5.0,5.0,5.0,5.0,5.0,6.0,6.0,16.0,27.0,27.0,38.0,6.0,0.0,SAFE
5.0,5.0,6.0,6.0,6.0,12.0,12.0,16.0,17.0,58.0,58.0,169.0,12.0,0.0,SAFE
5.0,5.0,6.0,6.0,6.0,6.0,6.0,19.0,19.0,19.0,20.0,29.0,6.0,0.0,SAFE
5.0,5.0,5.0,6.0,6.0,6.0,6.0,7.0,7.0,7.0,7.0,54.0,6.0,0.0,SAFE
5.0,5.0,5.0,5.0,9.0,9.0,9.0,10.0,10.0,10.0,10.0,32.0,9.0,0.0,SAFE
5.0,5.0,5.0,5.0,14.0,14.0,26.0,26.0,26.0,26.0,36.0,36.0,20.0,0.0,SAFE
5.0,5.0,5.0,7.0,7.0,7.0,7.0,7.0,23.0,23.0,23.0,38.0,7.0,0.0,SAFE
5.0,5.0,5.0,5.0,5.0,5.0,5.0,5.0,5.0,6.0,10.0,37.0,5.0,0.0,SAFE
5.0,5.0,5.0,5.0,5.0,5.0,5.0,5.0,12.0,12.0,12.0,36.0,5.0,0.0,SAFE
5.0,5.0,5.0,5.0,5.0,5.0,5.0,5.0,6.0,6.0,10.0,32.0,5.0,0.0,SAFE
12.0,22.0,56.0,56.0,68.0,68.0,80.0,80.0,80.0,80.0,80.0,271.0,74.0,0.0,SAFE
5.0,5.0,5.0,6.0,6.0,14.0,14.0,14.0,74.0,74.0,74.0,74.0,14.0,0.0,SAFE
5.0,5.0,5.0,7.0,7.0,7.0,7.0,10.0,10.0,10.0,10.0,32.0,7.0,0.0,SAFE
5.0,6.0,11.0,14.0,14.0,14.0,14.0,27.0,47.0,47.0,47.0,53.0,14.0,0.0,SAFE
5.0,6.0,6.0,8.0,8.0,10.0,10.0,10.0,24.0,24.0,24.0,43.0,10.0,0.0,SAFE
5.0,5.0,5.0,5.0,5.0,5.0,6.0,6.0,16.0,16.0,16.0,28.0,6.0,0.0,SAFE
5.0,5.0,5.0,8.0,8.0,11.0,12.0,12.0,27.0,27.0,27.0,27.0,11.0,0.0,SAFE
5.0,5.0,5.0,5.0,6.0,6.0,19.0,19.0,19.0,19.0,19.0,23.0,12.0,0.0,SAFE
5.0,5.0,5.0,5.0,5.0,5.0,5.0,5.0,7.0,7.0,7.0,33.0,5.0,0.0,SAFE
5.0,5.0,5.0,8.0,13.0,13.0,13.0,31.0,31.0,31.0,31.0,33.0,13.0,0.0,SAFE
5.0,5.0,5.0,5.0,5.0,6.0,6.0,12.0,12.0,12.0,12.0,30.0,6.0,0.0,SAFE
5.0,5.0,5.0,5.0,5.0,6.0,6.0,6.0,6.0,6.0,9.0,56.0,6.0,0.0,SAFE
13.0,22.0,22.0,57.0,57.0,57.0,70.0,70.0,70.0,71.0,71.0,120.0,64.0,0.0,SAFE
5.0,5.0,5.0,5.0,5.0,5.0,5.0,5.0,5.0,7.0,26.0,26.0,5.0,0.0,SAFE
5.0,5.0,5.0,5.0,6.0,6.0,6.0,6.0,14.0,14.0,14.0,43.0,6.0,0.0,SAFE
19.0,19.0,28.0,77.0,86.0,95.0,95.0,129.0,129.0,129.0,129.0,177.0,95.0,0.0,SAFE
5.0,5.0,5.0,6.0,6.0,6.0,6.0,10.0,10.0,10.0,10.0,44.0,6.0,0.0,SAFE
5.0,5.0,5.0,5.0,5.0,5.0,6.0,6.0,22.0,22.0,22.0,60.0,5.0,0.0,SAFE
5.0,5.0,5.0,5.0,5.0,5.0,6.0,6.0,13.0,13.0,13.0,78.0,5.0,0.0,SAFE
5.0,5.0,5.0,5.0,5.0,6.0,6.0,10.0,10.0,10.0,10.0,26.0,6.0,0.0,SAFE
6.0,6.0,7.0,11.0,18.0,19.0,19.0,19.0,24.0,24.0,24.0,57.0,19.0,0.0,SAFE
5.0,5.0,5.0,5.0,6.0,6.0,6.0,6.0,9.0,19.0,24.0,53.0,6.0,0.0,SAFE
5.0,5.0,5.0,6.0,6.0,6.0,6.0,6.0,11.0,11.0,11.0,41.0,6.0,0.0,SAFE
5.0,5.0,6.0,8.0,12.0,12.0,12.0,12.0,12.0,14.0,14.0,31.0,12.0,0.0,SAFE
5.0,5.0,5.0,5.0,7.0,7.0,18.0,23.0,28.0,28.0,28.0,32.0,12.0,0.0,SAFE
5.0,5.0,7.0,8.0,14.0,14.0,16.0,23.0,23.0,23.0,26.0,40.0,15.0,0.0,SAFE
5.0,5.0,6.0,6.0,6.0,6.0,12.0,12.0,12.0,12.0,18.0,42.0,9.0,0.0,SAFE
5.0,24.0,55.0,97.0,153.0,159.0,159.0,229.0,229.0,229.0,229.0,229.0,159.0,0.0,SAFE
5.0,5.0,5.0,5.0,5.0,5.0,5.0,8.0,12.0,12.0,12.0,121.0,5.0,0.0,SAFE
5.0,6.0,6.0,8.0,8.0,8.0,17.0,28.0,28.0,28.0,28.0,57.0,12.0,0.0,SAFE
5.0,6.0,6.0,8.0,8.0,8.0,11.0,11.0,11.0,11.0,11.0,48.0,9.0,0.0,SAFE
5.0,5.0,5.0,5.0,5.0,5.0,14.0,16.0,16.0,48.0,48.0,60.0,10.0,0.0,SAFE
5.0,6.0,9.0,9.0,9.0,10.0,10.0,10.0,31.0,31.0,31.0,87.0,10.0,0.0,SAFE
10.0,15.0,20.0,22.0,22.0,22.0,81.0,81.0,81.0,81.0,81.0,86.0,51.0,0.0,SAFE
5.0,5.0,37.0,83.0,83.0,83.0,83.0,83.0,83.0,83.0,102.0,139.0,83.0,0.0,SAFE
5.0,5.0,6.0,6.0,6.0,6.0,6.0,8.0,22.0,55.0,55.0,55.0,6.0,0.0,SAFE
5.0,5.0,5.0,5.0,5.0,6.0,6.0,9.0,9.0,9.0,9.0,57.0,6.0,0.0,SAFE
20.0,28.0,28.0,51.0,51.0,51.0,51.0,51.0,97.0,97.0,97.0,235.0,51.0,0.0,SAFE
5.0,5.0,6.0,6.0,20.0,20.0,27.0,34.0,34.0,34.0,34.0,40.0,23.0,0.0,SAFE
5.0,9.0,44.0,44.0,85.0,85.0,85.0,118.0,118.0,118.0,118.0,168.0,85.0,0.0,SAFE
5.0,5.0,5.0,5.0,5.0,6.0,6.0,6.0,20.0,20.0,20.0,46.0,6.0,0.0,SAFE
5.0,5.0,5.0,5.0,5.0,5.0,5.0,6.0,8.0,8.0,8.0,52.0,5.0,0.0,SAFE
5.0,5.0,7.0,9.0,12.0,15.0,18.0,18.0,44.0,44.0,44.0,49.0,17.0,0.0,SAFE
5.0,5.0,6.0,6.0,8.0,10.0,20.0,20.0,20.0,40.0,40.0,43.0,15.0,0.0,SAFE
86.0,759.0,1881.0,2808.0,2808.0,2808.0,3049.0,3334.0,3334.0,3334.0,3334.0,3334.0,2928.0,0.7567607726597325,EXCEED
5.0,6.0,6.0,10.0,10.0,10.0,10.0,63.0,63.0,63.0,63.0,138.0,10.0,0.0,SAFE
5.0,5.0,8.0,8.0,8.0,8.0,20.0,20.0,20.0,20.0,20.0,68.0,14.0,0.0,SAFE
5.0,5.0,6.0,9.0,9.0,9.0,10.0,10.0,63.0,95.0,95.0,95.0,9.0,0.0,SAFE
5.0,5.0,6.0,6.0,6.0,6.0,6.0,16.0,18.0,18.0,42.0,75.0,6.0,0.0,SAFE
5.0,5.0,6.0,8.0,8.0,37.0,37.0,37.0,37.0,37.0,37.0,147.0,37.0,0.0,SAFE
5.0,5.0,5.0,5.0,7.0,12.0,12.0,13.0,23.0,24.0,24.0,41.0,12.0,0.0,SAFE
17.0,41.0,72.0,78.0,125.0,160.0,160.0,160.0,160.0,160.0,160.0,160.0,160.0,0.0,SAFE
5.0,5.0,5.0,6.0,6.0,12.0,17.0,46.0,61.0,61.0,61.0,85.0,14.0,0.0,SAFE
5.0,5.0,5.0,5.0,5.0,5.0,6.0,6.0,10.0,10.0,31.0,41.0,5.0,0.0,SAFE
5.0,5.0,5.0,5.0,6.0,10.0,10.0,17.0,17.0,17.0,21.0,35.0,10.0,0.0,SAFE
52.0,340.0,368.0,505.0,563.0,563.0,563.0,996.0,996.0,1141.0,1141.0,1141.0,563.0,0.68125,EXCEED
6.0,10.0,10.0,13.0,17.0,17.0,17.0,22.0,22.0,48.0,48.0,49.0,17.0,0.0,SAFE
5.0,5.0,6.0,6.0,6.0,11.0,12.0,19.0,19.0,19.0,19.0,77.0,12.0,0.0,SAFE
5.0,5.0,6.0,7.0,12.0,12.0,12.0,12.0,12.0,12.0,12.0,63.0,12.0,0.0,SAFE
5.0,5.0,5.0,5.0,5.0,5.0,5.0,5.0,5.0,5.0,54.0,75.0,5.0,0.0,SAFE
5.0,5.0,6.0,6.0,6.0,6.0,12.0,12.0,12.0,12.0,22.0,72.0,9.0,0.0,SAFE
5.0,5.0,5.0,7.0,7.0,7.0,8.0,8.0,25.0,25.0,25.0,37.0,8.0,0.0,SAFE
5.0,5.0,7.0,11.0,11.0,13.0,13.0,13.0,13.0,13.0,13.0,34.0,13.0,0.0,SAFE
5.0,5.0,6.0,6.0,6.0,6.0,6.0,7.0,10.0,12.0,12.0,31.0,6.0,0.0,SAFE
5.0,5.0,5.0,5.0,6.0,6.0,6.0,6.0,7.0,7.0,7.0,26.0,6.0,0.0,SAFE
5.0,5.0,5.0,5.0,5.0,6.0,6.0,6.0,6.0,6.0,8.0,38.0,6.0,0.0,SAFE
5.0,5.0,5.0,5.0,6.0,6.0,22.0,22.0,22.0,22.0,22.0,77.0,14.0,0.0,SAFE
5.0,5.0,5.0,10.0,10.0,18.0,18.0,26.0,26.0,26.0,26.0,26.0,18.0,0.0,SAFE
10.0,12.0,14.0,14.0,14.0,14.0,14.0,14.0,51.0,51.0,68.0,68.0,14.0,0.0,SAFE
5.0,5.0,6.0,6.0,6.0,6.0,22.0,22.0,22.0,22.0,22.0,27.0,14.0,0.0,SAFE
5.0,5.0,8.0,18.0,24.0,26.0,31.0,32.0,103.0,103.0,103.0,103.0,28.0,0.0,SAFE
5.0,6.0,8.0,15.0,15.0,15.0,32.0,48.0,48.0,48.0,48.0,49.0,23.0,0.0,SAFE
5.0,5.0,6.0,8.0,8.0,8.0,18.0,19.0,23.0,23.0,23.0,44.0,13.0,0.0,SAFE
15.0,28.0,67.0,67.0,94.0,130.0,143.0,143.0,143.0,340.0,340.0,340.0,137.0,0.0826271186440678,SAFE
5.0,5.0,5.0,5.0,5.0,5.0,5.0,18.0,18.0,30.0,30.0,48.0,5.0,0.0,SAFE
5.0,5.0,6.0,6.0,7.0,7.0,7.0,19.0,27.0,27.0,27.0,38.0,7.0,0.0,SAFE
5.0,5.0,5.0,5.0,5.0,6.0,10.0,10.0,20.0,20.0,20.0,84.0,8.0,0.0,SAFE
5.0,5.0,5.0,5.0,5.0,5.0,5.0,12.0,12.0,12.0,12.0,49.0,5.0,0.0,SAFE
5.0,5.0,5.0,6.0,6.0,6.0,6.0,11.0,22.0,60.0,60.0,60.0,6.0,0.0,SAFE
5.0,5.0,5.0,5.0,5.0,6.0,6.0,10.0,17.0,17.0,17.0,35.0,6.0,0.0,SAFE
5.0,5.0,5.0,5.0,6.0,8.0,8.0,9.0,9.0,9.0,9.0,22.0,8.0,0.0,SAFE
5.0,5.0,5.0,5.0,5.0,5.0,5.0,7.0,19.0,19.0,19.0,28.0,5.0,0.0,SAFE
5.0,5.0,5.0,7.0,8.0,8.0,8.0,8.0,8.0,8.0,8.0,47.0,8.0,0.0,SAFE
5.0,5.0,5.0,6.0,10.0,14.0,14.0,22.0,22.0,22.0,22.0,33.0,14.0,0.0,SAFE
5.0,5.0,5.0,5.0,5.0,5.0,5.0,6.0,6.0,6.0,6.0,29.0,5.0,0.0,SAFE
5.0,7.0,10.0,13.0,13.0,15.0,15.0,15.0,15.0,44.0,44.0,44.0,15.0,0.0,SAFE
31.0,197.0,197.0,197.0,197.0,197.0,205.0,302.0,302.0,302.0,302.0,302.0,201.0,0.16141975308641976,SAFE
7.0,8.0,9.0,10.0,11.0,38.0,38.0,38.0,38.0,38.0,38.0,89.0,38.0,0.0,SAFE
5.0,7.0,9.0,11.0,19.0,26.0,34.0,34.0,51.0,56.0,56.0,60.0,30.0,0.0,SAFE
5.0,7.0,18.0,20.0,48.0,48.0,48.0,128.0,128.0,128.0,128.0,128.0,48.0,0.0,SAFE
5.0,5.0,5.0,7.0,7.0,7.0,7.0,10.0,20.0,67.0,67.0,67.0,7.0,0.0,SAFE
5.0,5.0,5.0,8.0,8.0,8.0,8.0,8.0,22.0,27.0,27.0,66.0,8.0,0.0,SAFE
41.0,100.0,226.0,255.0,255.0,285.0,285.0,285.0,285.0,315.0,315.0,315.0,285.0,0.2586776859504132,EXCEED
5.0,5.0,5.0,5.0,5.0,8.0,8.0,8.0,10.0,10.0,10.0,61.0,8.0,0.0,SAFE
5.0,5.0,8.0,10.0,10.0,10.0,38.0,38.0,38.0,38.0,38.0,69.0,24.0,0.0,SAFE
5.0,5.0,5.0,5.0,7.0,8.0,8.0,8.0,8.0,19.0,19.0,126.0,8.0,0.0,SAFE
22.0,69.0,303.0,374.0,744.0,935.0,935.0,935.0,935.0,935.0,979.0,979.0,935.0,0.5147435897435897,EXCEED
8.0,8.0,9.0,12.0,40.0,124.0,144.0,144.0,144.0,338.0,338.0,413.0,134.0,0.08246140651801026,SAFE
5.0,5.0,6.0,6.0,6.0,6.0,6.0,6.0,6.0,8.0,9.0,71.0,6.0,0.0,SAFE
5.0,5.0,5.0,5.0,7.0,7.0,23.0,23.0,23.0,23.0,23.0,54.0,15.0,0.0,SAFE
5.0,5.0,5.0,5.0,5.0,5.0,5.0,9.0,12.0,12.0,12.0,55.0,5.0,0.0,SAFE
5.0,5.0,5.0,5.0,5.0,10.0,18.0,18.0,18.0,18.0,23.0,28.0,14.0,0.0,SAFE
5.0,5.0,5.0,5.0,5.0,5.0,5.0,5.0,6.0,62.0,62.0,62.0,5.0,0.0,SAFE
5.0,5.0,5.0,6.0,6.0,9.0,9.0,9.0,9.0,22.0,22.0,25.0,9.0,0.0,SAFE
5.0,7.0,7.0,14.0,21.0,34.0,34.0,34.0,35.0,35.0,35.0,37.0,34.0,0.0,SAFE
5.0,5.0,6.0,14.0,14.0,42.0,42.0,42.0,42.0,60.0,60.0,60.0,42.0,0.0,SAFE
5.0,5.0,6.0,8.0,9.0,10.0,14.0,14.0,22.0,22.0,22.0,31.0,12.0,0.0,SAFE
5.0,5.0,7.0,10.0,17.0,17.0,22.0,22.0,24.0,28.0,28.0,37.0,19.0,0.0,SAFE
5.0,5.0,6.0,8.0,8.0,8.0,8.0,8.0,10.0,10.0,10.0,48.0,8.0,0.0,SAFE
5.0,5.0,5.0,5.0,5.0,8.0,8.0,8.0,8.0,15.0,22.0,71.0,8.0,0.0,SAFE
74.0,837.0,2053.0,3189.0,3189.0,3189.0,3369.0,3798.0,3798.0,3798.0,3798.0,3798.0,3279.0,0.7595019659239843,EXCEED
5.0,8.0,8.0,8.0,9.0,42.0,42.0,42.0,42.0,108.0,108.0,183.0,42.0,0.0,SAFE
5.0,7.0,10.0,18.0,21.0,73.0,73.0,73.0,73.0,73.0,73.0,73.0,73.0,0.0,SAFE
5.0,5.0,5.0,6.0,6.0,6.0,6.0,14.0,14.0,14.0,14.0,67.0,6.0,0.0,SAFE
5.0,5.0,6.0,6.0,6.0,60.0,60.0,60.0,60.0,70.0,250.0,250.0,60.0,0.0,SAFE
5.0,8.0,8.0,8.0,8.0,9.0,26.0,33.0,33.0,33.0,104.0,104.0,18.0,0.0,SAFE
5.0,5.0,6.0,6.0,6.0,6.0,6.0,11.0,11.0,11.0,16.0,16.0,6.0,0.0,SAFE
5.0,5.0,5.0,5.0,5.0,5.0,9.0,10.0,10.0,10.0,10.0,59.0,7.0,0.0,SAFE
5.0,5.0,17.0,25.0,27.0,29.0,29.0,29.0,29.0,29.0,190.0,190.0,29.0,0.0,SAFE
5.0,5.0,5.0,14.0,18.0,18.0,29.0,49.0,69.0,73.0,78.0,78.0,24.0,0.0,SAFE
85.0,210.0,647.0,853.0,1193.0,1193.0,1236.0,1441.0,1442.0,1442.0,1442.0,1442.0,1214.0,0.6259725400457666,EXCEED
66.0,270.0,362.0,384.0,384.0,400.0,400.0,400.0,400.0,400.0,400.0,400.0,400.0,0.633695652173913,EXCEED
11.0,32.0,84.0,172.0,184.0,184.0,204.0,296.0,296.0,340.0,340.0,340.0,194.0,0.1584699453551912,SAFE
5.0,5.0,5.0,5.0,6.0,6.0,6.0,10.0,11.0,11.0,11.0,69.0,6.0,0.0,SAFE
5.0,5.0,5.0,5.0,12.0,12.0,13.0,48.0,48.0,48.0,48.0,56.0,12.0,0.0,SAFE
8.0,34.0,34.0,34.0,34.0,34.0,60.0,60.0,60.0,60.0,60.0,60.0,47.0,0.0,SAFE
5.0,5.0,5.0,6.0,6.0,14.0,14.0,14.0,14.0,14.0,14.0,22.0,14.0,0.0,SAFE
20.0,26.0,26.0,51.0,51.0,51.0,123.0,123.0,123.0,123.0,123.0,232.0,87.0,0.0,SAFE
5.0,5.0,5.0,5.0,5.0,5.0,5.0,6.0,7.0,9.0,13.0,38.0,5.0,0.0,SAFE
5.0,5.0,7.0,10.0,11.0,12.0,12.0,13.0,28.0,28.0,28.0,28.0,12.0,0.0,SAFE
5.0,5.0,6.0,7.0,8.0,16.0,16.0,16.0,16.0,16.0,16.0,41.0,16.0,0.0,SAFE
13.0,24.0,72.0,72.0,72.0,127.0,127.0,127.0,205.0,205.0,205.0,492.0,127.0,0.04348837209302325,SAFE
5.0,5.0,5.0,5.0,5.0,5.0,6.0,6.0,10.0,10.0,10.0,68.0,6.0,0.0,SAFE
5.0,5.0,5.0,6.0,6.0,6.0,6.0,6.0,18.0,18.0,21.0,56.0,6.0,0.0,SAFE
5.0,6.0,6.0,6.0,6.0,6.0,6.0,10.0,10.0,10.0,19.0,56.0,6.0,0.0,SAFE
7.0,9.0,14.0,18.0,24.0,31.0,74.0,74.0,74.0,74.0,74.0,74.0,53.0,0.0,SAFE
7.0,19.0,34.0,91.0,104.0,147.0,147.0,148.0,148.0,218.0,218.0,218.0,147.0,0.0,SAFE
5.0,5.0,19.0,21.0,21.0,26.0,26.0,26.0,26.0,26.0,43.0,106.0,26.0,0.0,SAFE
5.0,6.0,6.0,6.0,8.0,10.0,17.0,17.0,17.0,17.0,17.0,44.0,13.0,0.0,SAFE
5.0,6.0,10.0,10.0,11.0,14.0,14.0,30.0,30.0,30.0,30.0,59.0,14.0,0.0,SAFE
20.0,40.0,66.0,96.0,96.0,98.0,154.0,154.0,154.0,154.0,154.0,154.0,126.0,0.0,SAFE
5.0,5.0,5.0,5.0,6.0,6.0,6.0,6.0,24.0,24.0,45.0,47.0,6.0,0.0,SAFE
17.0,24.0,33.0,92.0,92.0,168.0,168.0,168.0,168.0,168.0,168.0,168.0,168.0,0.0,SAFE
5.0,5.0,5.0,5.0,6.0,6.0,7.0,7.0,7.0,7.0,7.0,41.0,7.0,0.0,SAFE
7.0,7.0,7.0,26.0,36.0,36.0,36.0,55.0,61.0,61.0,78.0,145.0,36.0,0.0,SAFE
5.0,5.0,5.0,8.0,8.0,8.0,8.0,11.0,11.0,11.0,11.0,35.0,8.0,0.0,SAFE
5.0,5.0,5.0,5.0,5.0,13.0,13.0,13.0,18.0,18.0,18.0,18.0,13.0,0.0,SAFE
5.0,5.0,5.0,5.0,5.0,6.0,6.0,6.0,6.0,9.0,20.0,29.0,6.0,0.0,SAFE
24.0,49.0,73.0,138.0,217.0,460.0,460.0,604.0,1150.0,1150.0,1150.0,1150.0,460.0,0.2870103092783506,EXCEED
7.0,14.0,20.0,22.0,36.0,36.0,44.0,44.0,189.0,189.0,189.0,189.0,40.0,0.0,SAFE
15.0,68.0,97.0,115.0,115.0,115.0,236.0,236.0,236.0,346.0,346.0,1316.0,176.0,0.09009077155824508,SAFE
9.0,59.0,139.0,226.0,226.0,274.0,274.0,274.0,274.0,336.0,336.0,392.0,274.0,0.0976530612244898,SAFE
74.0,185.0,415.0,441.0,1714.0,2734.0,2734.0,3206.0,6478.0,6822.0,6872.0,6872.0,2734.0,0.5880434782608696,EXCEED
34.0,144.0,229.0,323.0,378.0,378.0,455.0,455.0,1168.0,1408.0,1408.0,1408.0,416.0,0.4457446808510639,EXCEED
24.0,100.0,408.0,614.0,1078.0,1310.0,1718.0,2189.0,2270.0,2270.0,2270.0,2270.0,1514.0,0.5623376623376624,EXCEED
103.0,376.0,472.0,499.0,878.0,1192.0,1192.0,1192.0,2270.0,2270.0,2270.0,2270.0,1192.0,0.7027472527472527,EXCEED
5.0,5.0,5.0,5.0,5.0,7.0,7.0,7.0,13.0,13.0,13.0,61.0,7.0,0.0,SAFE
7.0,10.0,11.0,11.0,11.0,11.0,11.0,11.0,12.0,21.0,39.0,48.0,11.0,0.0,SAFE
5.0,5.0,5.0,5.0,5.0,5.0,5.0,6.0,6.0,6.0,26.0,48.0,5.0,0.0,SAFE
7.0,7.0,7.0,7.0,9.0,12.0,12.0,23.0,23.0,23.0,23.0,70.0,12.0,0.0,SAFE
9.0,16.0,35.0,65.0,74.0,205.0,205.0,205.0,205.0,205.0,205.0,205.0,205.0,0.0,SAFE
11.0,12.0,12.0,12.0,12.0,12.0,79.0,79.0,79.0,79.0,110.0,260.0,45.0,0.0,SAFE
5.0,5.0,5.0,5.0,5.0,6.0,6.0,7.0,7.0,9.0,10.0,35.0,6.0,0.0,SAFE
5.0,5.0,5.0,5.0,5.0,5.0,5.0,5.0,10.0,10.0,10.0,69.0,5.0,0.0,SAFE
5.0,5.0,5.0,6.0,6.0,6.0,6.0,20.0,20.0,20.0,20.0,63.0,6.0,0.0,SAFE
5.0,6.0,6.0,10.0,10.0,10.0,12.0,12.0,12.0,29.0,86.0,181.0,11.0,0.0,SAFE
5.0,5.0,5.0,5.0,5.0,5.0,6.0,6.0,10.0,12.0,12.0,30.0,5.0,0.0,SAFE
5.0,5.0,5.0,5.0,6.0,6.0,6.0,6.0,13.0,13.0,13.0,48.0,6.0,0.0,SAFE
5.0,5.0,5.0,5.0,5.0,5.0,5.0,13.0,14.0,14.0,14.0,24.0,5.0,0.0,SAFE
5.0,5.0,6.0,8.0,9.0,31.0,31.0,31.0,31.0,31.0,31.0,40.0,31.0,0.0,SAFE
5.0,5.0,5.0,5.0,5.0,6.0,6.0,6.0,6.0,6.0,28.0,28.0,6.0,0.0,SAFE
5.0,5.0,9.0,18.0,48.0,48.0,48.0,48.0,48.0,48.0,48.0,95.0,48.0,0.0,SAFE
5.0,7.0,8.0,12.0,12.0,36.0,36.0,36.0,36.0,36.0,36.0,39.0,36.0,0.0,SAFE
5.0,5.0,5.0,5.0,5.0,5.0,5.0,5.0,35.0,35.0,35.0,48.0,5.0,0.0,SAFE
5.0,5.0,5.0,5.0,5.0,5.0,5.0,13.0,13.0,29.0,29.0,44.0,5.0,0.0,SAFE
5.0,5.0,6.0,7.0,11.0,11.0,11.0,20.0,20.0,30.0,30.0,38.0,11.0,0.0,SAFE
5.0,5.0,5.0,5.0,5.0,5.0,5.0,8.0,8.0,8.0,8.0,41.0,5.0,0.0,SAFE
5.0,5.0,5.0,5.0,5.0,6.0,10.0,14.0,14.0,18.0,18.0,28.0,8.0,0.0,SAFE
5.0,5.0,5.0,6.0,6.0,6.0,6.0,6.0,6.0,6.0,7.0,43.0,6.0,0.0,SAFE
5.0,5.0,6.0,6.0,6.0,6.0,6.0,6.0,18.0,18.0,18.0,37.0,6.0,0.0,SAFE
5.0,5.0,5.0,5.0,5.0,5.0,5.0,5.0,5.0,5.0,5.0,13.0,5.0,0.0,SAFE
5.0,8.0,9.0,10.0,11.0,11.0,19.0,19.0,19.0,19.0,172.0,172.0,15.0,0.0,SAFE
5.0,5.0,5.0,5.0,7.0,7.0,7.0,14.0,14.0,14.0,14.0,27.0,7.0,0.0,SAFE
5.0,5.0,5.0,5.0,5.0,5.0,6.0,6.0,7.0,7.0,7.0,32.0,5.0,0.0,SAFE
5.0,5.0,6.0,6.0,8.0,8.0,8.0,8.0,8.0,8.0,8.0,39.0,8.0,0.0,SAFE
5.0,5.0,5.0,5.0,5.0,6.0,6.0,14.0,14.0,28.0,28.0,69.0,6.0,0.0,SAFE
7.0,7.0,19.0,52.0,52.0,54.0,95.0,95.0,95.0,95.0,95.0,133.0,74.0,0.0,SAFE
5.0,5.0,5.0,6.0,6.0,6.0,6.0,23.0,23.0,23.0,23.0,85.0,6.0,0.0,SAFE
5.0,5.0,5.0,5.0,5.0,11.0,11.0,12.0,16.0,16.0,41.0,49.0,11.0,0.0,SAFE
5.0,5.0,5.0,5.0,5.0,6.0,6.0,10.0,10.0,10.0,10.0,53.0,6.0,0.0,SAFE
5.0,6.0,11.0,16.0,16.0,18.0,18.0,23.0,48.0,48.0,48.0,48.0,18.0,0.0,SAFE
5.0,5.0,5.0,5.0,5.0,5.0,5.0,6.0,38.0,38.0,38.0,39.0,5.0,0.0,SAFE
5.0,5.0,5.0,5.0,5.0,6.0,6.0,6.0,6.0,6.0,9.0,38.0,6.0,0.0,SAFE
5.0,5.0,5.0,5.0,5.0,5.0,5.0,5.0,12.0,17.0,17.0,39.0,5.0,0.0,SAFE
5.0,5.0,5.0,5.0,6.0,6.0,7.0,7.0,7.0,7.0,9.0,32.0,7.0,0.0,SAFE
10.0,10.0,10.0,14.0,24.0,24.0,30.0,30.0,30.0,30.0,77.0,222.0,27.0,0.0,SAFE
5.0,5.0,5.0,5.0,5.0,5.0,9.0,9.0,17.0,17.0,17.0,35.0,7.0,0.0,SAFE
5.0,5.0,5.0,5.0,7.0,7.0,7.0,7.0,7.0,7.0,7.0,7.0,7.0,0.0,SAFE
5.0,6.0,6.0,7.0,13.0,13.0,13.0,13.0,56.0,56.0,56.0,56.0,13.0,0.0,SAFE
5.0,6.0,6.0,6.0,7.0,10.0,10.0,12.0,13.0,13.0,13.0,29.0,10.0,0.0,SAFE
5.0,5.0,5.0,5.0,5.0,5.0,5.0,6.0,6.0,6.0,6.0,24.0,5.0,0.0,SAFE
5.0,5.0,5.0,5.0,5.0,6.0,6.0,6.0,6.0,6.0,7.0,61.0,6.0,0.0,SAFE
5.0,5.0,5.0,5.0,5.0,8.0,8.0,14.0,14.0,14.0,14.0,28.0,8.0,0.0,SAFE
5.0,5.0,5.0,5.0,5.0,5.0,5.0,5.0,5.0,6.0,7.0,28.0,5.0,0.0,SAFE
5.0,6.0,7.0,7.0,8.0,8.0,8.0,12.0,12.0,12.0,12.0,44.0,8.0,0.0,SAFE
5.0,5.0,5.0,5.0,5.0,5.0,5.0,7.0,8.0,8.0,8.0,32.0,5.0,0.0,SAFE
5.0,5.0,5.0,5.0,5.0,5.0,6.0,6.0,6.0,6.0,7.0,37.0,5.0,0.0,SAFE
11.0,15.0,22.0,45.0,45.0,45.0,45.0,45.0,45.0,58.0,58.0,127.0,45.0,0.0,SAFE
5.0,5.0,5.0,5.0,6.0,7.0,7.0,7.0,7.0,7.0,26.0,38.0,7.0,0.0,SAFE
5.0,5.0,5.0,5.0,5.0,5.0,5.0,9.0,14.0,14.0,14.0,61.0,5.0,0.0,SAFE
16.0,16.0,16.0,16.0,18.0,31.0,50.0,50.0,50.0,50.0,258.0,420.0,41.0,0.046604938271604945,SAFE
5.0,5.0,5.0,5.0,5.0,5.0,6.0,7.0,7.0,7.0,9.0,35.0,6.0,0.0,SAFE
5.0,5.0,5.0,5.0,7.0,7.0,7.0,23.0,24.0,24.0,24.0,60.0,7.0,0.0,SAFE
5.0,5.0,5.0,5.0,5.0,5.0,6.0,6.0,6.0,6.0,25.0,53.0,5.0,0.0,SAFE
5.0,5.0,5.0,5.0,5.0,7.0,7.0,7.0,7.0,7.0,17.0,27.0,7.0,0.0,SAFE
5.0,5.0,5.0,5.0,6.0,6.0,7.0,8.0,8.0,8.0,17.0,26.0,7.0,0.0,SAFE
5.0,5.0,5.0,5.0,5.0,7.0,8.0,9.0,15.0,15.0,15.0,55.0,8.0,0.0,SAFE
5.0,5.0,5.0,5.0,5.0,5.0,5.0,5.0,5.0,15.0,18.0,34.0,5.0,0.0,SAFE
5.0,5.0,6.0,7.0,9.0,10.0,11.0,20.0,20.0,20.0,20.0,25.0,10.0,0.0,SAFE
5.0,5.0,5.0,5.0,5.0,7.0,26.0,26.0,26.0,26.0,26.0,32.0,17.0,0.0,SAFE
5.0,5.0,5.0,6.0,6.0,6.0,6.0,9.0,9.0,10.0,10.0,38.0,6.0,0.0,SAFE
5.0,5.0,7.0,7.0,10.0,10.0,10.0,10.0,15.0,15.0,19.0,45.0,10.0,0.0,SAFE
5.0,6.0,8.0,43.0,56.0,56.0,99.0,99.0,135.0,135.0,166.0,166.0,77.0,0.0,SAFE
5.0,5.0,5.0,5.0,6.0,11.0,11.0,12.0,12.0,12.0,12.0,43.0,11.0,0.0,SAFE
5.0,5.0,5.0,5.0,5.0,5.0,5.0,5.0,8.0,8.0,8.0,36.0,5.0,0.0,SAFE
5.0,5.0,5.0,5.0,5.0,5.0,5.0,5.0,6.0,9.0,9.0,9.0,5.0,0.0,SAFE
5.0,5.0,5.0,5.0,5.0,5.0,6.0,6.0,12.0,12.0,15.0,42.0,6.0,0.0,SAFE
5.0,5.0,5.0,5.0,5.0,5.0,5.0,8.0,8.0,8.0,8.0,49.0,5.0,0.0,SAFE
6.0,6.0,6.0,11.0,11.0,11.0,32.0,32.0,32.0,32.0,32.0,49.0,22.0,0.0,SAFE
5.0,5.0,8.0,8.0,8.0,31.0,31.0,31.0,71.0,71.0,95.0,144.0,31.0,0.0,SAFE
5.0,5.0,5.0,5.0,5.0,5.0,5.0,5.0,8.0,12.0,12.0,17.0,5.0,0.0,SAFE
5.0,5.0,5.0,5.0,5.0,5.0,5.0,5.0,6.0,7.0,18.0,56.0,5.0,0.0,SAFE
12.0,25.0,40.0,43.0,45.0,45.0,45.0,108.0,108.0,108.0,108.0,167.0,45.0,0.0,SAFE
5.0,9.0,9.0,10.0,28.0,28.0,28.0,28.0,28.0,28.0,28.0,38.0,28.0,0.0,SAFE
5.0,7.0,10.0,12.0,12.0,30.0,30.0,30.0,46.0,46.0,112.0,112.0,30.0,0.0,SAFE
5.0,5.0,5.0,5.0,6.0,6.0,6.0,8.0,8.0,8.0,11.0,28.0,6.0,0.0,SAFE
5.0,5.0,5.0,5.0,5.0,5.0,7.0,7.0,7.0,7.0,7.0,38.0,6.0,0.0,SAFE
5.0,5.0,5.0,5.0,5.0,6.0,6.0,6.0,6.0,12.0,38.0,38.0,6.0,0.0,SAFE
5.0,5.0,5.0,5.0,5.0,5.0,6.0,6.0,6.0,6.0,7.0,36.0,6.0,0.0,SAFE
83.0,570.0,1557.0,3786.0,5156.0,5156.0,6374.0,7829.0,8139.0,8139.0,8139.0,8328.0,5765.0,0.7393223819301848,EXCEED
5.0,5.0,5.0,5.0,5.0,6.0,6.0,59.0,59.0,59.0,59.0,123.0,6.0,0.0,SAFE
5.0,5.0,6.0,6.0,10.0,10.0,10.0,32.0,32.0,32.0,32.0,53.0,10.0,0.0,SAFE
5.0,5.0,5.0,7.0,7.0,7.0,7.0,16.0,24.0,24.0,48.0,56.0,7.0,0.0,SAFE
5.0,5.0,6.0,6.0,8.0,8.0,11.0,11.0,13.0,13.0,47.0,54.0,9.0,0.0,SAFE
5.0,8.0,12.0,20.0,20.0,24.0,28.0,28.0,46.0,46.0,124.0,124.0,26.0,0.0,SAFE
5.0,5.0,6.0,6.0,9.0,15.0,15.0,15.0,15.0,37.0,37.0,37.0,15.0,0.0,SAFE
15.0,34.0,64.0,96.0,96.0,98.0,101.0,136.0,136.0,177.0,177.0,177.0,100.0,0.0,SAFE
5.0,5.0,5.0,5.0,5.0,5.0,5.0,5.0,8.0,8.0,9.0,94.0,5.0,0.0,SAFE
5.0,5.0,5.0,5.0,5.0,5.0,8.0,8.0,8.0,8.0,12.0,46.0,6.0,0.0,SAFE
5.0,5.0,5.0,5.0,5.0,5.0,5.0,11.0,12.0,12.0,12.0,37.0,5.0,0.0,SAFE
54.0,188.0,188.0,188.0,238.0,238.0,314.0,625.0,625.0,625.0,625.0,625.0,276.0,0.2222222222222222,EXCEED
5.0,5.0,5.0,5.0,6.0,6.0,15.0,15.0,15.0,15.0,15.0,65.0,10.0,0.0,SAFE
5.0,5.0,6.0,16.0,16.0,22.0,37.0,37.0,48.0,48.0,48.0,55.0,30.0,0.0,SAFE
5.0,5.0,5.0,5.0,6.0,6.0,6.0,6.0,10.0,10.0,10.0,79.0,6.0,0.0,SAFE
5.0,5.0,5.0,5.0,5.0,5.0,6.0,6.0,6.0,6.0,21.0,70.0,6.0,0.0,SAFE
5.0,5.0,5.0,5.0,9.0,9.0,9.0,9.0,9.0,9.0,12.0,67.0,9.0,0.0,SAFE
5.0,5.0,5.0,6.0,6.0,6.0,6.0,9.0,15.0,15.0,15.0,25.0,6.0,0.0,SAFE
5.0,5.0,5.0,6.0,6.0,6.0,6.0,6.0,6.0,10.0,10.0,33.0,6.0,0.0,SAFE
5.0,5.0,5.0,5.0,7.0,7.0,7.0,7.0,8.0,12.0,12.0,40.0,7.0,0.0,SAFE
5.0,5.0,5.0,5.0,5.0,5.0,5.0,5.0,5.0,5.0,5.0,23.0,5.0,0.0,SAFE
5.0,5.0,5.0,5.0,5.0,5.0,5.0,5.0,5.0,5.0,6.0,51.0,5.0,0.0,SAFE
5.0,5.0,5.0,5.0,11.0,11.0,11.0,11.0,14.0,14.0,14.0,78.0,11.0,0.0,SAFE
5.0,5.0,6.0,6.0,6.0,8.0,8.0,8.0,17.0,17.0,17.0,17.0,8.0,0.0,SAFE
10.0,10.0,10.0,17.0,17.0,17.0,17.0,17.0,32.0,32.0,32.0,86.0,17.0,0.0,SAFE
5.0,6.0,19.0,57.0,57.0,57.0,57.0,57.0,57.0,57.0,57.0,57.0,57.0,0.0,SAFE
5.0,5.0,5.0,5.0,5.0,7.0,8.0,8.0,8.0,8.0,8.0,55.0,8.0,0.0,SAFE
5.0,6.0,6.0,10.0,10.0,10.0,10.0,21.0,21.0,21.0,34.0,34.0,10.0,0.0,SAFE
5.0,6.0,6.0,11.0,13.0,19.0,41.0,48.0,48.0,48.0,48.0,48.0,30.0,0.0,SAFE
6.0,6.0,9.0,9.0,9.0,93.0,93.0,93.0,93.0,93.0,118.0,133.0,93.0,0.0,SAFE
5.0,5.0,5.0,5.0,5.0,7.0,7.0,7.0,11.0,11.0,11.0,52.0,7.0,0.0,SAFE
5.0,5.0,5.0,7.0,9.0,10.0,100.0,100.0,100.0,100.0,100.0,100.0,55.0,0.0,SAFE
5.0,5.0,5.0,5.0,5.0,8.0,8.0,10.0,16.0,16.0,16.0,48.0,8.0,0.0,SAFE
5.0,5.0,5.0,5.0,5.0,5.0,12.0,12.0,12.0,24.0,24.0,64.0,9.0,0.0,SAFE
5.0,5.0,5.0,5.0,5.0,5.0,5.0,5.0,6.0,6.0,6.0,6.0,5.0,0.0,SAFE
5.0,5.0,5.0,5.0,6.0,6.0,6.0,6.0,6.0,6.0,6.0,37.0,6.0,0.0,SAFE
5.0,5.0,5.0,6.0,6.0,6.0,6.0,6.0,6.0,6.0,6.0,12.0,6.0,0.0,SAFE
5.0,5.0,5.0,5.0,5.0,6.0,6.0,9.0,15.0,15.0,15.0,16.0,6.0,0.0,SAFE
5.0,5.0,5.0,7.0,7.0,7.0,7.0,7.0,12.0,12.0,27.0,49.0,7.0,0.0,SAFE
5.0,5.0,5.0,5.0,6.0,6.0,13.0,20.0,20.0,20.0,20.0,149.0,10.0,0.0,SAFE
5.0,5.0,5.0,5.0,5.0,5.0,5.0,5.0,13.0,13.0,13.0,26.0,5.0,0.0,SAFE
5.0,5.0,5.0,5.0,6.0,6.0,8.0,8.0,8.0,42.0,42.0,42.0,7.0,0.0,SAFE
22.0,28.0,28.0,63.0,63.0,63.0,124.0,124.0,177.0,177.0,177.0,193.0,93.0,0.0,SAFE
5.0,5.0,6.0,6.0,6.0,11.0,11.0,11.0,11.0,57.0,58.0,59.0,11.0,0.0,SAFE
5.0,5.0,5.0,6.0,10.0,10.0,12.0,12.0,24.0,24.0,26.0,67.0,11.0,0.0,SAFE
5.0,5.0,6.0,6.0,10.0,10.0,15.0,38.0,38.0,38.0,38.0,71.0,12.0,0.0,SAFE
5.0,5.0,5.0,5.0,5.0,8.0,8.0,8.0,8.0,34.0,34.0,41.0,8.0,0.0,SAFE
33.0,79.0,152.0,159.0,164.0,164.0,199.0,199.0,199.0,320.0,320.0,320.0,182.0,0.08331043956043949,SAFE
5.0,5.0,5.0,5.0,6.0,6.0,6.0,6.0,11.0,17.0,17.0,57.0,6.0,0.0,SAFE
5.0,5.0,5.0,6.0,6.0,9.0,9.0,13.0,18.0,18.0,18.0,62.0,9.0,0.0,SAFE
5.0,5.0,5.0,6.0,6.0,9.0,9.0,9.0,39.0,39.0,39.0,39.0,9.0,0.0,SAFE
17.0,37.0,70.0,119.0,203.0,203.0,203.0,203.0,250.0,296.0,296.0,320.0,203.0,0.08351648351648344,SAFE
5.0,5.0,5.0,5.0,6.0,6.0,6.0,6.0,15.0,15.0,15.0,82.0,6.0,0.0,SAFE
5.0,5.0,5.0,6.0,7.0,7.0,7.0,7.0,7.0,8.0,39.0,39.0,7.0,0.0,SAFE
5.0,8.0,8.0,16.0,38.0,38.0,54.0,64.0,64.0,64.0,64.0,106.0,46.0,0.0,SAFE
5.0,5.0,6.0,6.0,10.0,10.0,13.0,17.0,19.0,19.0,20.0,50.0,12.0,0.0,SAFE
5.0,5.0,5.0,5.0,5.0,5.0,6.0,6.0,18.0,18.0,18.0,19.0,5.0,0.0,SAFE
5.0,5.0,5.0,5.0,5.0,5.0,5.0,5.0,5.0,10.0,10.0,37.0,5.0,0.0,SAFE
5.0,5.0,5.0,5.0,5.0,5.0,5.0,6.0,7.0,8.0,8.0,21.0,5.0,0.0,SAFE
5.0,5.0,6.0,6.0,7.0,16.0,16.0,16.0,16.0,16.0,16.0,38.0,16.0,0.0,SAFE
5.0,5.0,6.0,6.0,6.0,7.0,7.0,18.0,21.0,21.0,21.0,31.0,7.0,0.0,SAFE
5.0,5.0,5.0,5.0,5.0,5.0,6.0,6.0,17.0,17.0,17.0,38.0,6.0,0.0,SAFE
5.0,5.0,5.0,5.0,5.0,6.0,6.0,6.0,16.0,16.0,16.0,46.0,6.0,0.0,SAFE
5.0,5.0,5.0,5.0,5.0,5.0,5.0,5.0,8.0,8.0,13.0,26.0,5.0,0.0,SAFE
5.0,5.0,5.0,5.0,5.0,5.0,5.0,5.0,5.0,10.0,10.0,10.0,5.0,0.0,SAFE
69.0,499.0,1578.0,3618.0,5332.0,5332.0,5992.0,7444.0,7836.0,7836.0,7836.0,8422.0,5662.0,0.7263953488372092,EXCEED
5.0,5.0,5.0,29.0,29.0,29.0,32.0,38.0,38.0,38.0,38.0,240.0,31.0,0.0,SAFE
5.0,5.0,5.0,8.0,8.0,11.0,11.0,11.0,11.0,11.0,14.0,89.0,11.0,0.0,SAFE
5.0,5.0,5.0,5.0,6.0,6.0,6.0,6.0,8.0,8.0,15.0,68.0,6.0,0.0,SAFE
5.0,5.0,14.0,29.0,31.0,31.0,31.0,36.0,54.0,54.0,54.0,182.0,31.0,0.0,SAFE
5.0,5.0,5.0,5.0,5.0,7.0,7.0,13.0,13.0,13.0,13.0,24.0,7.0,0.0,SAFE
5.0,6.0,12.0,19.0,33.0,46.0,46.0,55.0,68.0,68.0,68.0,74.0,46.0,0.0,SAFE
5.0,5.0,5.0,5.0,5.0,11.0,11.0,14.0,14.0,14.0,14.0,80.0,11.0,0.0,SAFE
5.0,5.0,5.0,5.0,5.0,5.0,5.0,5.0,5.0,12.0,12.0,27.0,5.0,0.0,SAFE
5.0,5.0,5.0,5.0,5.0,9.0,11.0,23.0,23.0,23.0,23.0,31.0,10.0,0.0,SAFE
5.0,5.0,5.0,5.0,5.0,5.0,7.0,7.0,8.0,8.0,11.0,32.0,6.0,0.0,SAFE
6.0,6.0,17.0,24.0,24.0,24.0,24.0,24.0,24.0,26.0,68.0,68.0,24.0,0.0,SAFE
5.0,5.0,5.0,5.0,5.0,5.0,7.0,7.0,14.0,14.0,14.0,38.0,6.0,0.0,SAFE
5.0,5.0,5.0,5.0,5.0,5.0,6.0,7.0,12.0,12.0,12.0,48.0,6.0,0.0,SAFE
5.0,5.0,5.0,5.0,5.0,17.0,17.0,17.0,17.0,17.0,17.0,29.0,17.0,0.0,SAFE
5.0,5.0,5.0,5.0,5.0,5.0,5.0,5.0,14.0,14.0,14.0,39.0,5.0,0.0,SAFE
5.0,5.0,5.0,5.0,5.0,5.0,6.0,6.0,6.0,6.0,7.0,26.0,5.0,0.0,SAFE
5.0,5.0,5.0,5.0,6.0,6.0,6.0,6.0,7.0,15.0,15.0,42.0,6.0,0.0,SAFE
5.0,5.0,5.0,5.0,5.0,7.0,7.0,13.0,13.0,13.0,16.0,20.0,7.0,0.0,SAFE
5.0,5.0,8.0,8.0,23.0,23.0,23.0,23.0,23.0,23.0,23.0,23.0,23.0,0.0,SAFE
5.0,5.0,5.0,5.0,11.0,11.0,11.0,32.0,32.0,32.0,55.0,128.0,11.0,0.0,SAFE
5.0,5.0,5.0,5.0,6.0,6.0,6.0,6.0,6.0,9.0,11.0,28.0,6.0,0.0,SAFE
5.0,5.0,5.0,6.0,6.0,6.0,6.0,6.0,10.0,10.0,10.0,38.0,6.0,0.0,SAFE
5.0,5.0,5.0,5.0,5.0,5.0,5.0,5.0,18.0,18.0,18.0,33.0,5.0,0.0,SAFE
23.0,32.0,32.0,35.0,35.0,76.0,156.0,268.0,328.0,328.0,328.0,738.0,116.0,0.1400552486187845,SAFE
32.0,74.0,86.0,159.0,160.0,160.0,164.0,248.0,554.0,554.0,554.0,625.0,162.0,0.14477693144722525,SAFE
19.0,35.0,101.0,139.0,204.0,204.0,282.0,282.0,282.0,282.0,282.0,880.0,243.0,0.20114942528735624,EXCEED
94.0,138.0,198.0,198.0,236.0,252.0,438.0,438.0,583.0,962.0,962.0,962.0,345.0,0.24249329758713134,EXCEED
5.0,5.0,5.0,5.0,5.0,5.0,5.0,5.0,5.0,10.0,10.0,47.0,5.0,0.0,SAFE
7.0,13.0,17.0,19.0,28.0,28.0,28.0,28.0,28.0,28.0,28.0,56.0,28.0,0.0,SAFE
7.0,9.0,12.0,12.0,16.0,16.0,21.0,25.0,28.0,28.0,28.0,38.0,18.0,0.0,SAFE
5.0,5.0,5.0,11.0,11.0,11.0,29.0,38.0,38.0,38.0,38.0,152.0,20.0,0.0,SAFE
6.0,6.0,6.0,6.0,36.0,36.0,36.0,36.0,36.0,36.0,62.0,219.0,36.0,0.0,SAFE
20.0,34.0,77.0,111.0,111.0,111.0,111.0,111.0,111.0,111.0,111.0,370.0,111.0,0.0336746987951807,SAFE
6.0,7.0,9.0,9.0,14.0,14.0,14.0,36.0,36.0,36.0,36.0,52.0,14.0,0.0,SAFE
5.0,5.0,5.0,5.0,5.0,26.0,26.0,26.0,26.0,26.0,26.0,69.0,26.0,0.0,SAFE
5.0,7.0,9.0,9.0,10.0,13.0,71.0,71.0,71.0,71.0,71.0,71.0,42.0,0.0,SAFE
5.0,5.0,6.0,6.0,6.0,6.0,6.0,6.0,8.0,8.0,49.0,49.0,6.0,0.0,SAFE
5.0,5.0,5.0,5.0,5.0,5.0,6.0,6.0,14.0,14.0,19.0,28.0,5.0,0.0,SAFE
5.0,5.0,5.0,5.0,5.0,5.0,9.0,26.0,26.0,26.0,26.0,58.0,7.0,0.0,SAFE
5.0,5.0,7.0,8.0,11.0,18.0,18.0,18.0,18.0,18.0,18.0,18.0,18.0,0.0,SAFE
5.0,5.0,5.0,5.0,5.0,5.0,8.0,10.0,30.0,30.0,35.0,44.0,6.0,0.0,SAFE
5.0,5.0,5.0,5.0,5.0,5.0,5.0,8.0,14.0,20.0,20.0,37.0,5.0,0.0,SAFE
5.0,5.0,5.0,5.0,5.0,5.0,8.0,8.0,8.0,8.0,8.0,74.0,6.0,0.0,SAFE
6.0,6.0,9.0,10.0,10.0,14.0,26.0,30.0,30.0,30.0,46.0,46.0,20.0,0.0,SAFE
5.0,5.0,5.0,5.0,5.0,5.0,9.0,11.0,11.0,11.0,18.0,40.0,7.0,0.0,SAFE
5.0,5.0,5.0,7.0,8.0,10.0,18.0,18.0,18.0,18.0,18.0,43.0,14.0,0.0,SAFE
5.0,5.0,5.0,5.0,6.0,6.0,6.0,6.0,12.0,30.0,30.0,50.0,6.0,0.0,SAFE
5.0,6.0,6.0,7.0,10.0,10.0,11.0,17.0,17.0,17.0,17.0,20.0,11.0,0.0,SAFE
5.0,5.0,5.0,6.0,6.0,6.0,6.0,6.0,7.0,30.0,52.0,52.0,6.0,0.0,SAFE
5.0,5.0,5.0,5.0,5.0,5.0,11.0,13.0,13.0,69.0,69.0,69.0,8.0,0.0,SAFE
5.0,5.0,5.0,11.0,11.0,75.0,75.0,75.0,75.0,75.0,75.0,75.0,75.0,0.0,SAFE
5.0,5.0,5.0,5.0,6.0,6.0,6.0,6.0,6.0,11.0,11.0,24.0,6.0,0.0,SAFE
5.0,7.0,7.0,7.0,7.0,12.0,19.0,19.0,19.0,71.0,134.0,134.0,15.0,0.0,SAFE
5.0,5.0,5.0,6.0,6.0,7.0,7.0,12.0,12.0,12.0,25.0,60.0,7.0,0.0,SAFE
5.0,5.0,6.0,10.0,10.0,10.0,10.0,22.0,22.0,22.0,22.0,39.0,10.0,0.0,SAFE
5.0,7.0,9.0,22.0,22.0,22.0,25.0,42.0,50.0,50.0,50.0,89.0,23.0,0.0,SAFE
5.0,5.0,5.0,5.0,5.0,5.0,5.0,24.0,24.0,24.0,24.0,48.0,5.0,0.0,SAFE
5.0,5.0,5.0,5.0,5.0,5.0,5.0,21.0,21.0,21.0,38.0,168.0,5.0,0.0,SAFE
5.0,5.0,5.0,5.0,5.0,6.0,6.0,7.0,21.0,21.0,41.0,83.0,6.0,0.0,SAFE
5.0,5.0,5.0,5.0,5.0,6.0,8.0,8.0,8.0,8.0,8.0,29.0,7.0,0.0,SAFE
5.0,5.0,5.0,5.0,6.0,6.0,8.0,8.0,22.0,22.0,22.0,44.0,6.0,0.0,SAFE
5.0,5.0,5.0,24.0,24.0,24.0,24.0,24.0,24.0,24.0,24.0,40.0,24.0,0.0,SAFE
5.0,5.0,5.0,13.0,18.0,18.0,28.0,68.0,68.0,68.0,80.0,80.0,23.0,0.0,SAFE
5.0,5.0,5.0,5.0,5.0,6.0,8.0,8.0,8.0,8.0,15.0,64.0,7.0,0.0,SAFE
5.0,5.0,5.0,5.0,5.0,5.0,6.0,6.0,11.0,11.0,11.0,62.0,6.0,0.0,SAFE
5.0,5.0,5.0,5.0,5.0,5.0,5.0,6.0,6.0,6.0,24.0,52.0,5.0,0.0,SAFE
12.0,21.0,27.0,30.0,31.0,38.0,38.0,130.0,130.0,130.0,130.0,130.0,38.0,0.0,SAFE
5.0,5.0,5.0,5.0,7.0,11.0,11.0,29.0,29.0,63.0,80.0,104.0,11.0,0.0,SAFE
5.0,6.0,6.0,6.0,6.0,6.0,6.0,14.0,14.0,14.0,32.0,32.0,6.0,0.0,SAFE
5.0,5.0,7.0,9.0,12.0,38.0,38.0,59.0,146.0,172.0,172.0,172.0,38.0,0.0,SAFE
5.0,6.0,6.0,6.0,9.0,9.0,9.0,45.0,45.0,45.0,45.0,56.0,9.0,0.0,SAFE
5.0,5.0,5.0,5.0,5.0,6.0,6.0,6.0,22.0,26.0,26.0,129.0,6.0,0.0,SAFE
5.0,5.0,5.0,6.0,6.0,6.0,6.0,12.0,12.0,34.0,34.0,69.0,6.0,0.0,SAFE
5.0,5.0,5.0,5.0,5.0,5.0,9.0,12.0,12.0,44.0,44.0,110.0,7.0,0.0,SAFE
5.0,5.0,5.0,5.0,6.0,10.0,10.0,10.0,27.0,27.0,27.0,36.0,10.0,0.0,SAFE
5.0,5.0,5.0,5.0,5.0,5.0,5.0,5.0,6.0,7.0,7.0,42.0,5.0,0.0,SAFE
5.0,5.0,8.0,8.0,14.0,14.0,14.0,14.0,14.0,14.0,24.0,38.0,14.0,0.0,SAFE
5.0,5.0,5.0,5.0,5.0,5.0,5.0,5.0,5.0,9.0,12.0,44.0,5.0,0.0,SAFE
5.0,5.0,5.0,5.0,5.0,5.0,6.0,6.0,11.0,11.0,11.0,117.0,6.0,0.0,SAFE
10.0,22.0,34.0,90.0,90.0,90.0,90.0,90.0,90.0,92.0,92.0,108.0,90.0,0.0,SAFE
5.0,5.0,6.0,6.0,9.0,9.0,18.0,73.0,73.0,73.0,73.0,73.0,14.0,0.0,SAFE
5.0,5.0,5.0,5.0,6.0,6.0,6.0,6.0,6.0,10.0,10.0,54.0,6.0,0.0,SAFE
10.0,10.0,12.0,12.0,14.0,14.0,38.0,38.0,76.0,76.0,116.0,264.0,26.0,0.0,SAFE
5.0,5.0,5.0,6.0,6.0,6.0,6.0,6.0,6.0,6.0,8.0,66.0,6.0,0.0,SAFE
5.0,5.0,5.0,5.0,5.0,5.0,13.0,13.0,13.0,13.0,37.0,82.0,9.0,0.0,SAFE
5.0,5.0,5.0,5.0,5.0,8.0,8.0,17.0,17.0,20.0,26.0,55.0,8.0,0.0,SAFE
5.0,5.0,5.0,5.0,5.0,5.0,5.0,7.0,22.0,22.0,22.0,23.0,5.0,0.0,SAFE
5.0,5.0,5.0,5.0,6.0,6.0,6.0,9.0,11.0,11.0,11.0,55.0,6.0,0.0,SAFE
5.0,5.0,5.0,5.0,5.0,5.0,9.0,20.0,20.0,20.0,20.0,52.0,7.0,0.0,SAFE
5.0,5.0,5.0,5.0,7.0,7.0,7.0,10.0,10.0,11.0,11.0,52.0,7.0,0.0,SAFE
5.0,5.0,8.0,8.0,10.0,12.0,17.0,23.0,59.0,75.0,75.0,75.0,14.0,0.0,SAFE
5.0,5.0,5.0,5.0,5.0,6.0,8.0,9.0,9.0,9.0,14.0,44.0,7.0,0.0,SAFE
5.0,5.0,5.0,5.0,6.0,6.0,9.0,18.0,18.0,18.0,18.0,38.0,7.0,0.0,SAFE
5.0,5.0,5.0,5.0,5.0,5.0,5.0,5.0,15.0,15.0,15.0,33.0,5.0,0.0,SAFE
10.0,21.0,38.0,226.0,226.0,419.0,654.0,784.0,956.0,1055.0,1058.0,1058.0,536.0,0.2860103626943006,EXCEED
5.0,5.0,5.0,5.0,5.0,5.0,5.0,6.0,6.0,8.0,23.0,115.0,5.0,0.0,SAFE
7.0,10.0,10.0,12.0,13.0,13.0,13.0,13.0,18.0,18.0,18.0,64.0,13.0,0.0,SAFE
5.0,5.0,5.0,5.0,5.0,8.0,9.0,9.0,9.0,12.0,12.0,125.0,9.0,0.0,SAFE
5.0,5.0,5.0,5.0,5.0,7.0,7.0,23.0,23.0,23.0,23.0,76.0,7.0,0.0,SAFE
5.0,5.0,5.0,5.0,5.0,5.0,15.0,17.0,17.0,21.0,21.0,119.0,10.0,0.0,SAFE
9.0,21.0,31.0,31.0,31.0,31.0,39.0,62.0,62.0,62.0,62.0,62.0,35.0,0.0,SAFE
5.0,5.0,5.0,12.0,23.0,23.0,23.0,23.0,23.0,23.0,44.0,122.0,23.0,0.0,SAFE
5.0,8.0,8.0,9.0,11.0,11.0,11.0,14.0,14.0,14.0,14.0,14.0,11.0,0.0,SAFE
5.0,5.0,5.0,5.0,15.0,15.0,15.0,15.0,15.0,15.0,15.0,61.0,15.0,0.0,SAFE
41.0,44.0,44.0,66.0,110.0,110.0,178.0,189.0,189.0,189.0,190.0,190.0,144.0,0.0,SAFE
6.0,14.0,14.0,18.0,56.0,56.0,56.0,56.0,56.0,56.0,56.0,92.0,56.0,0.0,SAFE
6.0,6.0,6.0,18.0,18.0,34.0,34.0,34.0,103.0,183.0,183.0,183.0,34.0,0.0,SAFE
5.0,5.0,5.0,5.0,6.0,6.0,6.0,6.0,8.0,9.0,15.0,50.0,6.0,0.0,SAFE
5.0,5.0,5.0,5.0,9.0,21.0,30.0,30.0,62.0,62.0,66.0,66.0,26.0,0.0,SAFE
5.0,5.0,5.0,6.0,6.0,10.0,11.0,11.0,11.0,13.0,13.0,35.0,10.0,0.0,SAFE
5.0,5.0,5.0,5.0,5.0,6.0,9.0,9.0,16.0,16.0,21.0,33.0,8.0,0.0,SAFE
98.0,293.0,888.0,888.0,1741.0,1741.0,1741.0,1741.0,1741.0,1741.0,1741.0,1741.0,1741.0,0.66,EXCEED
5.0,5.0,5.0,5.0,11.0,11.0,11.0,11.0,11.0,16.0,21.0,102.0,11.0,0.0,SAFE
5.0,12.0,12.0,12.0,12.0,15.0,15.0,15.0,20.0,20.0,20.0,57.0,15.0,0.0,SAFE
7.0,8.0,8.0,11.0,11.0,11.0,11.0,11.0,16.0,16.0,16.0,88.0,11.0,0.0,SAFE
5.0,5.0,5.0,5.0,5.0,5.0,16.0,16.0,16.0,16.0,21.0,65.0,11.0,0.0,SAFE
5.0,5.0,5.0,5.0,6.0,6.0,6.0,6.0,6.0,6.0,10.0,122.0,6.0,0.0,SAFE
5.0,5.0,5.0,5.0,5.0,6.0,6.0,12.0,22.0,22.0,38.0,38.0,6.0,0.0,SAFE
13.0,18.0,18.0,30.0,30.0,30.0,30.0,30.0,30.0,31.0,36.0,133.0,30.0,0.0,SAFE
5.0,5.0,5.0,5.0,5.0,5.0,18.0,80.0,83.0,129.0,129.0,129.0,12.0,0.0,SAFE
5.0,5.0,5.0,5.0,5.0,5.0,5.0,5.0,10.0,10.0,18.0,53.0,5.0,0.0,SAFE
5.0,5.0,5.0,5.0,5.0,7.0,7.0,7.0,14.0,14.0,14.0,38.0,7.0,0.0,SAFE
52.0,410.0,410.0,589.0,678.0,692.0,746.0,1200.0,1200.0,1200.0,1200.0,1200.0,719.0,0.7046025104602511,EXCEED
6.0,6.0,6.0,6.0,6.0,24.0,24.0,24.0,24.0,46.0,60.0,60.0,24.0,0.0,SAFE
5.0,5.0,5.0,5.0,6.0,6.0,26.0,26.0,36.0,36.0,42.0,67.0,16.0,0.0,SAFE
5.0,5.0,6.0,6.0,6.0,6.0,42.0,42.0,42.0,42.0,42.0,94.0,24.0,0.0,SAFE
5.0,6.0,6.0,6.0,6.0,6.0,9.0,16.0,16.0,24.0,24.0,86.0,7.0,0.0,SAFE
5.0,5.0,5.0,6.0,8.0,8.0,12.0,12.0,12.0,12.0,15.0,60.0,10.0,0.0,SAFE
5.0,5.0,5.0,6.0,6.0,6.0,6.0,8.0,20.0,20.0,20.0,30.0,6.0,0.0,SAFE
5.0,5.0,6.0,6.0,6.0,6.0,11.0,14.0,40.0,40.0,40.0,71.0,8.0,0.0,SAFE
5.0,5.0,5.0,5.0,6.0,6.0,6.0,7.0,12.0,12.0,12.0,42.0,6.0,0.0,SAFE
5.0,5.0,5.0,5.0,5.0,5.0,5.0,5.0,9.0,18.0,18.0,35.0,5.0,0.0,SAFE
5.0,5.0,5.0,5.0,5.0,5.0,5.0,6.0,6.0,6.0,10.0,43.0,5.0,0.0,SAFE
5.0,5.0,5.0,5.0,5.0,6.0,6.0,26.0,26.0,26.0,26.0,89.0,6.0,0.0,SAFE
5.0,5.0,5.0,5.0,5.0,5.0,5.0,5.0,24.0,24.0,24.0,24.0,5.0,0.0,SAFE
10.0,13.0,27.0,27.0,27.0,27.0,27.0,28.0,28.0,28.0,28.0,57.0,27.0,0.0,SAFE
5.0,5.0,5.0,5.0,5.0,6.0,6.0,6.0,8.0,8.0,9.0,43.0,6.0,0.0,SAFE
5.0,5.0,5.0,5.0,6.0,8.0,8.0,16.0,16.0,22.0,22.0,61.0,8.0,0.0,SAFE
5.0,6.0,6.0,6.0,6.0,6.0,6.0,14.0,14.0,14.0,14.0,43.0,6.0,0.0,SAFE
5.0,5.0,5.0,6.0,6.0,6.0,13.0,13.0,16.0,16.0,26.0,31.0,9.0,0.0,SAFE
5.0,5.0,8.0,8.0,23.0,62.0,62.0,62.0,62.0,62.0,62.0,102.0,62.0,0.0,SAFE
5.0,5.0,5.0,5.0,5.0,5.0,5.0,5.0,10.0,11.0,28.0,42.0,5.0,0.0,SAFE
5.0,5.0,7.0,7.0,11.0,11.0,21.0,21.0,21.0,21.0,21.0,42.0,16.0,0.0,SAFE
5.0,6.0,6.0,13.0,15.0,25.0,65.0,121.0,163.0,163.0,163.0,167.0,45.0,0.0,SAFE
6.0,6.0,26.0,75.0,256.0,256.0,445.0,990.0,1449.0,1609.0,1643.0,1661.0,350.0,0.24365079365079367,EXCEED
5.0,5.0,5.0,5.0,5.0,6.0,16.0,16.0,20.0,20.0,20.0,33.0,11.0,0.0,SAFE
34.0,101.0,544.0,885.0,1128.0,1506.0,2070.0,2070.0,2070.0,2070.0,2070.0,2070.0,1788.0,0.589390519187359,EXCEED
5.0,5.0,6.0,6.0,7.0,7.0,16.0,16.0,159.0,159.0,160.0,160.0,12.0,0.0,SAFE
5.0,5.0,6.0,12.0,12.0,13.0,13.0,13.0,13.0,13.0,13.0,46.0,13.0,0.0,SAFE
5.0,5.0,6.0,6.0,6.0,6.0,6.0,19.0,19.0,19.0,19.0,87.0,6.0,0.0,SAFE
5.0,6.0,6.0,6.0,6.0,28.0,28.0,28.0,28.0,28.0,86.0,108.0,28.0,0.0,SAFE
5.0,5.0,5.0,5.0,8.0,8.0,8.0,8.0,24.0,26.0,26.0,78.0,8.0,0.0,SAFE
6.0,6.0,8.0,11.0,18.0,18.0,22.0,24.0,36.0,36.0,75.0,75.0,20.0,0.0,SAFE
5.0,5.0,6.0,6.0,10.0,10.0,18.0,18.0,18.0,18.0,18.0,67.0,14.0,0.0,SAFE
5.0,5.0,5.0,5.0,5.0,5.0,5.0,5.0,5.0,8.0,8.0,48.0,5.0,0.0,SAFE
5.0,5.0,10.0,10.0,12.0,12.0,12.0,12.0,46.0,46.0,46.0,46.0,12.0,0.0,SAFE
29.0,63.0,338.0,338.0,338.0,358.0,437.0,437.0,437.0,1075.0,1075.0,1075.0,398.0,0.531492718446602,EXCEED
6.0,8.0,9.0,10.0,10.0,41.0,41.0,41.0,41.0,41.0,41.0,75.0,41.0,0.0,SAFE
5.0,7.0,7.0,10.0,10.0,10.0,11.0,12.0,22.0,38.0,38.0,65.0,10.0,0.0,SAFE
5.0,6.0,10.0,15.0,24.0,24.0,62.0,62.0,85.0,85.0,85.0,85.0,43.0,0.0,SAFE
5.0,5.0,5.0,5.0,5.0,10.0,10.0,10.0,10.0,34.0,34.0,57.0,10.0,0.0,SAFE
5.0,5.0,5.0,6.0,13.0,20.0,20.0,25.0,25.0,28.0,28.0,72.0,20.0,0.0,SAFE
30.0,61.0,113.0,113.0,113.0,113.0,113.0,139.0,139.0,139.0,139.0,174.0,113.0,0.0,SAFE
5.0,5.0,6.0,6.0,12.0,12.0,12.0,12.0,13.0,13.0,13.0,76.0,12.0,0.0,SAFE
7.0,8.0,9.0,38.0,38.0,38.0,56.0,125.0,125.0,125.0,125.0,125.0,47.0,0.0,SAFE
19.0,44.0,72.0,72.0,185.0,185.0,185.0,185.0,337.0,337.0,337.0,337.0,185.0,0.11869851729818781,SAFE
10.0,13.0,20.0,20.0,23.0,23.0,48.0,48.0,92.0,92.0,132.0,435.0,36.0,0.037788778877887785,SAFE
5.0,5.0,5.0,5.0,5.0,5.0,8.0,10.0,10.0,12.0,12.0,67.0,7.0,0.0,SAFE
5.0,5.0,5.0,6.0,6.0,7.0,7.0,7.0,9.0,9.0,9.0,63.0,7.0,0.0,SAFE
5.0,5.0,5.0,5.0,16.0,16.0,16.0,16.0,16.0,16.0,16.0,58.0,16.0,0.0,SAFE
5.0,5.0,5.0,5.0,5.0,6.0,6.0,6.0,22.0,22.0,22.0,54.0,6.0,0.0,SAFE
5.0,5.0,5.0,5.0,5.0,5.0,6.0,6.0,8.0,14.0,14.0,53.0,5.0,0.0,SAFE
5.0,5.0,5.0,5.0,5.0,5.0,5.0,7.0,22.0,22.0,22.0,68.0,5.0,0.0,SAFE
5.0,6.0,6.0,7.0,7.0,7.0,14.0,14.0,14.0,14.0,15.0,43.0,11.0,0.0,SAFE
5.0,5.0,5.0,5.0,6.0,9.0,9.0,9.0,56.0,56.0,56.0,56.0,9.0,0.0,SAFE
5.0,5.0,5.0,6.0,10.0,17.0,18.0,22.0,22.0,22.0,48.0,48.0,18.0,0.0,SAFE
5.0,5.0,5.0,5.0,5.0,6.0,6.0,8.0,8.0,8.0,31.0,39.0,6.0,0.0,SAFE
5.0,5.0,5.0,5.0,5.0,6.0,7.0,7.0,7.0,12.0,47.0,50.0,6.0,0.0,SAFE
5.0,5.0,5.0,5.0,6.0,7.0,7.0,8.0,44.0,44.0,44.0,44.0,7.0,0.0,SAFE
68.0,375.0,1408.0,1408.0,2354.0,2380.0,3031.0,3031.0,3452.0,4151.0,4151.0,4241.0,2706.0,0.6964169381107492,EXCEED
5.0,6.0,17.0,28.0,28.0,28.0,28.0,28.0,28.0,28.0,80.0,230.0,28.0,0.0,SAFE
5.0,5.0,5.0,5.0,6.0,26.0,26.0,26.0,26.0,26.0,103.0,103.0,26.0,0.0,SAFE
5.0,5.0,5.0,7.0,7.0,7.0,7.0,12.0,36.0,36.0,36.0,36.0,7.0,0.0,SAFE
14.0,20.0,24.0,24.0,33.0,54.0,106.0,106.0,106.0,160.0,200.0,309.0,80.0,0.031651376146789034,SAFE
6.0,8.0,9.0,9.0,9.0,9.0,9.0,56.0,56.0,56.0,56.0,56.0,9.0,0.0,SAFE
5.0,5.0,6.0,9.0,10.0,11.0,11.0,16.0,22.0,22.0,22.0,22.0,11.0,0.0,SAFE
6.0,8.0,8.0,10.0,12.0,12.0,12.0,20.0,38.0,38.0,38.0,38.0,12.0,0.0,SAFE
5.0,5.0,5.0,5.0,15.0,15.0,15.0,15.0,40.0,40.0,61.0,199.0,15.0,0.0,SAFE
5.0,5.0,6.0,6.0,10.0,10.0,10.0,21.0,24.0,24.0,24.0,104.0,10.0,0.0,SAFE
75.0,181.0,565.0,630.0,656.0,656.0,834.0,834.0,834.0,834.0,834.0,865.0,745.0,0.611328125,EXCEED
63.0,198.0,386.0,386.0,436.0,436.0,436.0,436.0,436.0,436.0,436.0,565.0,436.0,0.5845744680851064,EXCEED
10.0,28.0,58.0,115.0,115.0,117.0,117.0,117.0,117.0,117.0,128.0,128.0,117.0,0.0,SAFE
5.0,5.0,6.0,7.0,11.0,12.0,12.0,12.0,12.0,12.0,12.0,60.0,12.0,0.0,SAFE
6.0,6.0,7.0,7.0,7.0,7.0,7.0,7.0,7.0,15.0,26.0,57.0,7.0,0.0,SAFE
5.0,5.0,5.0,5.0,5.0,8.0,8.0,12.0,12.0,12.0,34.0,61.0,8.0,0.0,SAFE
5.0,5.0,5.0,5.0,5.0,5.0,6.0,6.0,6.0,7.0,7.0,34.0,6.0,0.0,SAFE
18.0,29.0,29.0,29.0,36.0,41.0,63.0,63.0,63.0,63.0,72.0,160.0,52.0,0.0,SAFE
5.0,5.0,5.0,5.0,6.0,6.0,6.0,6.0,10.0,10.0,10.0,59.0,6.0,0.0,SAFE
5.0,5.0,5.0,5.0,6.0,6.0,8.0,11.0,11.0,11.0,26.0,62.0,7.0,0.0,SAFE
5.0,5.0,6.0,6.0,6.0,6.0,8.0,12.0,12.0,12.0,12.0,63.0,7.0,0.0,SAFE
5.0,5.0,5.0,5.0,5.0,5.0,30.0,30.0,30.0,30.0,114.0,241.0,17.0,0.0,SAFE
5.0,8.0,8.0,14.0,19.0,44.0,44.0,44.0,52.0,52.0,52.0,81.0,44.0,0.0,SAFE
5.0,5.0,5.0,5.0,5.0,6.0,6.0,6.0,15.0,15.0,15.0,20.0,6.0,0.0,SAFE
6.0,6.0,7.0,12.0,12.0,12.0,18.0,25.0,25.0,25.0,25.0,30.0,15.0,0.0,SAFE
7.0,9.0,23.0,24.0,35.0,35.0,46.0,54.0,64.0,64.0,64.0,64.0,40.0,0.0,SAFE
21.0,57.0,57.0,117.0,171.0,172.0,172.0,172.0,210.0,210.0,287.0,287.0,172.0,0.05227272727272736,SAFE
5.0,5.0,5.0,5.0,5.0,6.0,6.0,30.0,30.0,30.0,53.0,116.0,6.0,0.0,SAFE
5.0,8.0,8.0,10.0,10.0,11.0,11.0,11.0,11.0,39.0,65.0,66.0,11.0,0.0,SAFE
7.0,8.0,8.0,19.0,21.0,26.0,49.0,66.0,66.0,66.0,66.0,66.0,38.0,0.0,SAFE
17.0,30.0,30.0,39.0,39.0,39.0,103.0,103.0,103.0,103.0,103.0,227.0,71.0,0.0,SAFE
5.0,6.0,8.0,9.0,10.0,27.0,35.0,35.0,35.0,35.0,35.0,58.0,31.0,0.0,SAFE
14.0,22.0,50.0,50.0,50.0,50.0,50.0,50.0,106.0,106.0,106.0,464.0,50.0,0.03783720930232559,SAFE
5.0,5.0,5.0,5.0,8.0,8.0,9.0,20.0,20.0,20.0,20.0,64.0,8.0,0.0,SAFE
21.0,31.0,31.0,95.0,106.0,106.0,106.0,106.0,106.0,106.0,308.0,308.0,106.0,0.05341191066997519,SAFE
5.0,5.0,5.0,5.0,6.0,6.0,6.0,6.0,10.0,10.0,45.0,75.0,6.0,0.0,SAFE
5.0,5.0,5.0,5.0,5.0,5.0,5.0,7.0,20.0,20.0,21.0,21.0,5.0,0.0,SAFE
5.0,5.0,5.0,5.0,5.0,5.0,5.0,5.0,8.0,17.0,23.0,44.0,5.0,0.0,SAFE
22.0,43.0,55.0,71.0,118.0,214.0,214.0,214.0,214.0,400.0,482.0,482.0,214.0,0.09112903225806446,SAFE
5.0,5.0,5.0,5.0,17.0,17.0,17.0,17.0,17.0,17.0,17.0,49.0,17.0,0.0,SAFE
8.0,10.0,12.0,16.0,16.0,16.0,16.0,16.0,16.0,18.0,48.0,231.0,16.0,0.0,SAFE
5.0,5.0,5.0,5.0,26.0,26.0,26.0,26.0,26.0,26.0,90.0,108.0,26.0,0.0,SAFE
68.0,163.0,177.0,192.0,192.0,253.0,820.0,827.0,827.0,827.0,827.0,1718.0,536.0,0.24761904761904763,EXCEED
21.0,34.0,34.0,34.0,34.0,34.0,121.0,121.0,121.0,121.0,140.0,308.0,77.0,0.029166666666666674,SAFE
17.0,19.0,20.0,20.0,49.0,70.0,70.0,70.0,70.0,92.0,206.0,239.0,70.0,0.0,SAFE
110.0,172.0,252.0,252.0,252.0,474.0,651.0,651.0,651.0,810.0,810.0,810.0,562.0,0.2936936936936937,EXCEED
5.0,6.0,6.0,8.0,8.0,8.0,8.0,8.0,11.0,12.0,12.0,117.0,8.0,0.0,SAFE
5.0,5.0,6.0,6.0,6.0,6.0,6.0,8.0,76.0,76.0,222.0,316.0,6.0,0.03457446808510645,SAFE
6.0,6.0,8.0,25.0,25.0,25.0,27.0,39.0,39.0,39.0,278.0,278.0,26.0,0.0,SAFE
6.0,8.0,17.0,48.0,56.0,134.0,134.0,134.0,134.0,134.0,134.0,134.0,134.0,0.0,SAFE
5.0,7.0,10.0,21.0,22.0,22.0,22.0,22.0,22.0,22.0,32.0,109.0,22.0,0.0,SAFE
8.0,8.0,11.0,12.0,18.0,18.0,32.0,32.0,32.0,32.0,72.0,236.0,25.0,0.0,SAFE
5.0,5.0,5.0,5.0,5.0,5.0,10.0,16.0,27.0,27.0,27.0,86.0,8.0,0.0,SAFE
5.0,5.0,5.0,5.0,5.0,8.0,8.0,8.0,8.0,9.0,65.0,113.0,8.0,0.0,SAFE
5.0,5.0,6.0,11.0,14.0,14.0,28.0,28.0,67.0,72.0,198.0,213.0,21.0,0.0,SAFE
5.0,5.0,5.0,5.0,9.0,9.0,9.0,9.0,24.0,24.0,70.0,121.0,9.0,0.0,SAFE
6.0,6.0,8.0,8.0,9.0,10.0,10.0,10.0,10.0,18.0,18.0,50.0,10.0,0.0,SAFE
5.0,5.0,5.0,6.0,6.0,6.0,6.0,6.0,81.0,81.0,81.0,115.0,6.0,0.0,SAFE
5.0,5.0,5.0,5.0,5.0,5.0,5.0,5.0,18.0,18.0,18.0,315.0,5.0,0.027949438202247268,SAFE
5.0,7.0,7.0,7.0,8.0,21.0,21.0,21.0,41.0,41.0,41.0,105.0,21.0,0.0,SAFE
59.0,59.0,117.0,179.0,179.0,202.0,202.0,233.0,261.0,332.0,332.0,332.0,202.0,0.09334112149532703,SAFE
6.0,6.0,10.0,10.0,10.0,17.0,17.0,22.0,22.0,26.0,118.0,118.0,17.0,0.0,SAFE
5.0,5.0,5.0,6.0,10.0,10.0,10.0,10.0,18.0,22.0,151.0,151.0,10.0,0.0,SAFE
5.0,5.0,12.0,26.0,26.0,95.0,104.0,115.0,224.0,224.0,298.0,374.0,100.0,0.056040268456375886,SAFE
5.0,5.0,6.0,6.0,6.0,6.0,6.0,46.0,46.0,46.0,124.0,124.0,6.0,0.0,SAFE
5.0,6.0,7.0,7.0,7.0,7.0,7.0,8.0,8.0,8.0,19.0,116.0,7.0,0.0,SAFE
7.0,17.0,26.0,48.0,92.0,124.0,124.0,198.0,262.0,262.0,290.0,690.0,124.0,0.058771929824561364,SAFE
5.0,6.0,6.0,9.0,19.0,19.0,89.0,156.0,325.0,346.0,625.0,651.0,54.0,0.11331360946745561,SAFE
6.0,6.0,15.0,32.0,32.0,33.0,42.0,42.0,49.0,62.0,62.0,108.0,37.0,0.0,SAFE
6.0,6.0,6.0,10.0,10.0,22.0,22.0,22.0,22.0,57.0,57.0,82.0,22.0,0.0,SAFE
5.0,5.0,5.0,6.0,6.0,6.0,8.0,8.0,29.0,29.0,82.0,85.0,7.0,0.0,SAFE
5.0,8.0,8.0,16.0,16.0,16.0,33.0,33.0,33.0,76.0,76.0,146.0,24.0,0.0,SAFE
9.0,18.0,20.0,20.0,20.0,22.0,24.0,30.0,104.0,104.0,280.0,332.0,23.0,0.050000000000000044,SAFE
5.0,5.0,6.0,6.0,15.0,15.0,15.0,20.0,20.0,44.0,44.0,146.0,15.0,0.0,SAFE
5.0,5.0,7.0,10.0,11.0,14.0,19.0,19.0,34.0,45.0,46.0,104.0,16.0,0.0,SAFE
5.0,5.0,5.0,5.0,5.0,5.0,14.0,14.0,14.0,14.0,15.0,72.0,10.0,0.0,SAFE
5.0,7.0,7.0,7.0,7.0,53.0,53.0,53.0,53.0,53.0,53.0,89.0,53.0,0.0,SAFE
5.0,5.0,5.0,5.0,5.0,6.0,6.0,6.0,22.0,26.0,87.0,105.0,6.0,0.0,SAFE
5.0,6.0,14.0,19.0,52.0,52.0,136.0,137.0,137.0,229.0,229.0,229.0,94.0,0.0,SAFE
5.0,6.0,6.0,6.0,6.0,6.0,6.0,7.0,88.0,88.0,138.0,138.0,6.0,0.0,SAFE
5.0,7.0,10.0,10.0,14.0,19.0,33.0,43.0,146.0,146.0,560.0,560.0,26.0,0.06689759036144571,SAFE
5.0,5.0,5.0,5.0,7.0,7.0,37.0,37.0,37.0,37.0,37.0,114.0,22.0,0.0,SAFE
5.0,11.0,11.0,11.0,11.0,11.0,46.0,46.0,46.0,46.0,46.0,249.0,29.0,0.0,SAFE
5.0,5.0,5.0,5.0,9.0,9.0,9.0,19.0,34.0,83.0,83.0,83.0,9.0,0.0,SAFE
5.0,5.0,5.0,5.0,6.0,6.0,6.0,33.0,33.0,33.0,33.0,93.0,6.0,0.0,SAFE
5.0,5.0,5.0,7.0,15.0,22.0,22.0,40.0,40.0,40.0,40.0,89.0,22.0,0.0,SAFE
5.0,5.0,5.0,11.0,11.0,11.0,16.0,156.0,156.0,156.0,188.0,482.0,14.0,0.042176870748299344,SAFE
5.0,6.0,6.0,21.0,38.0,38.0,38.0,38.0,38.0,38.0,38.0,103.0,38.0,0.0,SAFE
5.0,5.0,5.0,8.0,8.0,8.0,8.0,8.0,8.0,12.0,156.0,156.0,8.0,0.0,SAFE
5.0,5.0,6.0,16.0,39.0,39.0,39.0,42.0,122.0,122.0,122.0,122.0,39.0,0.0,SAFE
5.0,5.0,5.0,5.0,10.0,11.0,11.0,16.0,22.0,27.0,59.0,162.0,11.0,0.0,SAFE
5.0,5.0,5.0,5.0,6.0,6.0,28.0,36.0,36.0,36.0,36.0,174.0,17.0,0.0,SAFE
6.0,10.0,10.0,10.0,12.0,12.0,20.0,20.0,20.0,20.0,20.0,179.0,16.0,0.0,SAFE
5.0,5.0,5.0,6.0,6.0,6.0,6.0,11.0,25.0,46.0,106.0,106.0,6.0,0.0,SAFE
5.0,5.0,5.0,6.0,6.0,10.0,13.0,70.0,70.0,70.0,176.0,176.0,12.0,0.0,SAFE
5.0,5.0,5.0,6.0,12.0,12.0,12.0,12.0,24.0,24.0,181.0,235.0,12.0,0.0,SAFE
48.0,140.0,281.0,400.0,451.0,537.0,537.0,537.0,537.0,537.0,547.0,547.0,537.0,0.5010638297872341,EXCEED
6.0,7.0,11.0,11.0,11.0,13.0,13.0,13.0,79.0,110.0,110.0,110.0,13.0,0.0,SAFE
5.0,6.0,6.0,6.0,9.0,9.0,9.0,9.0,9.0,52.0,52.0,105.0,9.0,0.0,SAFE
5.0,5.0,7.0,7.0,7.0,7.0,14.0,14.0,14.0,202.0,202.0,349.0,11.0,0.03673469387755102,SAFE
5.0,7.0,11.0,18.0,18.0,19.0,26.0,26.0,28.0,28.0,188.0,188.0,22.0,0.0,SAFE
5.0,5.0,9.0,11.0,17.0,17.0,17.0,18.0,80.0,80.0,99.0,118.0,17.0,0.0,SAFE
5.0,5.0,5.0,5.0,5.0,5.0,8.0,8.0,8.0,33.0,96.0,96.0,6.0,0.0,SAFE
5.0,5.0,7.0,7.0,12.0,12.0,12.0,21.0,178.0,187.0,187.0,187.0,12.0,0.0,SAFE
5.0,5.0,5.0,5.0,5.0,5.0,8.0,8.0,8.0,10.0,184.0,184.0,6.0,0.0,SAFE
5.0,5.0,6.0,6.0,6.0,6.0,11.0,11.0,12.0,15.0,20.0,98.0,8.0,0.0,SAFE
5.0,8.0,17.0,27.0,32.0,32.0,56.0,56.0,64.0,64.0,178.0,282.0,44.0,0.02548076923076925,SAFE
5.0,8.0,8.0,11.0,11.0,20.0,29.0,29.0,29.0,29.0,29.0,57.0,24.0,0.0,SAFE
5.0,5.0,6.0,6.0,6.0,6.0,6.0,6.0,9.0,17.0,22.0,81.0,6.0,0.0,SAFE
5.0,5.0,9.0,10.0,10.0,11.0,11.0,11.0,71.0,71.0,98.0,98.0,11.0,0.0,SAFE
5.0,5.0,5.0,5.0,6.0,32.0,32.0,34.0,34.0,140.0,230.0,230.0,32.0,0.0,SAFE
5.0,5.0,8.0,8.0,8.0,8.0,11.0,11.0,63.0,63.0,169.0,169.0,10.0,0.0,SAFE
5.0,7.0,10.0,26.0,52.0,52.0,74.0,132.0,132.0,157.0,157.0,157.0,63.0,0.0,SAFE
6.0,12.0,45.0,45.0,45.0,45.0,59.0,59.0,59.0,73.0,240.0,240.0,52.0,0.0,SAFE
5.0,7.0,8.0,69.0,117.0,117.0,175.0,175.0,227.0,227.0,227.0,236.0,146.0,0.0,SAFE
8.0,64.0,158.0,216.0,361.0,563.0,586.0,611.0,612.0,617.0,617.0,617.0,574.0,0.3558620689655173,EXCEED
5.0,5.0,5.0,5.0,10.0,10.0,19.0,19.0,74.0,297.0,384.0,384.0,14.0,0.07690582959641246,SAFE
5.0,7.0,10.0,13.0,18.0,18.0,28.0,28.0,28.0,28.0,28.0,104.0,23.0,0.0,SAFE
47.0,260.0,421.0,646.0,803.0,997.0,1434.0,1434.0,1986.0,2110.0,2435.0,2488.0,1216.0,0.6313664596273292,EXCEED
5.0,9.0,9.0,9.0,9.0,9.0,9.0,10.0,63.0,63.0,63.0,92.0,9.0,0.0,SAFE
5.0,5.0,5.0,6.0,6.0,8.0,8.0,8.0,22.0,124.0,124.0,124.0,8.0,0.0,SAFE
7.0,7.0,20.0,24.0,24.0,24.0,24.0,33.0,58.0,116.0,116.0,116.0,24.0,0.0,SAFE
8.0,8.0,26.0,29.0,29.0,29.0,50.0,50.0,54.0,72.0,72.0,85.0,39.0,0.0,SAFE
5.0,6.0,18.0,27.0,29.0,67.0,67.0,67.0,67.0,67.0,197.0,197.0,67.0,0.0,SAFE
5.0,6.0,10.0,10.0,14.0,23.0,23.0,30.0,30.0,30.0,184.0,259.0,23.0,0.0,SAFE
5.0,6.0,6.0,6.0,8.0,8.0,12.0,25.0,25.0,25.0,25.0,104.0,10.0,0.0,SAFE
6.0,10.0,36.0,91.0,105.0,175.0,485.0,718.0,1019.0,1019.0,1022.0,1033.0,330.0,0.23306451612903223,EXCEED
17.0,41.0,87.0,87.0,87.0,106.0,149.0,149.0,149.0,216.0,216.0,496.0,128.0,0.04425133689839578,SAFE
8.0,12.0,24.0,28.0,62.0,62.0,62.0,103.0,186.0,186.0,486.0,744.0,62.0,0.0671666666666666,SAFE
11.0,24.0,81.0,95.0,124.0,158.0,158.0,158.0,204.0,252.0,326.0,326.0,158.0,0.0656040268456376,SAFE
5.0,6.0,12.0,21.0,21.0,21.0,21.0,46.0,80.0,80.0,192.0,192.0,21.0,0.0,SAFE
5.0,7.0,7.0,7.0,7.0,14.0,14.0,14.0,14.0,43.0,43.0,115.0,14.0,0.0,SAFE
5.0,7.0,15.0,43.0,64.0,173.0,375.0,762.0,1635.0,1819.0,2414.0,2611.0,274.0,0.2235148514851485,EXCEED
5.0,5.0,9.0,9.0,9.0,40.0,40.0,40.0,40.0,40.0,42.0,107.0,40.0,0.0,SAFE
5.0,9.0,17.0,84.0,84.0,118.0,120.0,120.0,181.0,181.0,181.0,223.0,119.0,0.0,SAFE
8.0,22.0,33.0,117.0,126.0,126.0,155.0,155.0,155.0,225.0,225.0,225.0,141.0,0.0,SAFE
12.0,33.0,56.0,56.0,76.0,76.0,76.0,78.0,322.0,322.0,322.0,442.0,76.0,0.10860655737704916,SAFE
6.0,10.0,22.0,66.0,66.0,98.0,98.0,98.0,160.0,160.0,280.0,495.0,98.0,0.050000000000000044,SAFE
5.0,7.0,10.0,10.0,11.0,11.0,11.0,19.0,19.0,19.0,20.0,91.0,11.0,0.0,SAFE
5.0,5.0,6.0,6.0,8.0,8.0,12.0,12.0,22.0,114.0,162.0,162.0,10.0,0.0,SAFE
5.0,5.0,5.0,7.0,7.0,7.0,22.0,22.0,22.0,22.0,48.0,98.0,15.0,0.0,SAFE
5.0,17.0,135.0,135.0,135.0,228.0,228.0,228.0,228.0,228.0,228.0,228.0,228.0,0.0,SAFE
6.0,6.0,9.0,10.0,10.0,13.0,13.0,13.0,32.0,32.0,140.0,140.0,13.0,0.0,SAFE
5.0,5.0,9.0,11.0,13.0,16.0,16.0,66.0,66.0,66.0,184.0,184.0,16.0,0.0,SAFE
5.0,7.0,15.0,28.0,57.0,146.0,202.0,409.0,721.0,1015.0,1015.0,1015.0,174.0,0.1811594202898551,EXCEED
5.0,5.0,7.0,7.0,7.0,7.0,7.0,22.0,26.0,26.0,117.0,385.0,7.0,0.03479477611940296,SAFE
5.0,5.0,5.0,6.0,6.0,6.0,12.0,12.0,38.0,38.0,38.0,100.0,9.0,0.0,SAFE
30.0,585.0,1436.0,1897.0,2033.0,2033.0,2033.0,2942.0,3385.0,4644.0,4756.0,4756.0,2033.0,0.7324324324324325,EXCEED
11.0,16.0,67.0,125.0,125.0,171.0,198.0,258.0,260.0,260.0,260.0,260.0,184.0,0.0,SAFE
5.0,8.0,8.0,13.0,34.0,34.0,34.0,48.0,48.0,48.0,48.0,163.0,34.0,0.0,SAFE
5.0,6.0,10.0,11.0,14.0,14.0,20.0,23.0,68.0,68.0,68.0,120.0,17.0,0.0,SAFE
6.0,10.0,12.0,38.0,38.0,108.0,119.0,119.0,119.0,119.0,238.0,238.0,114.0,0.0,SAFE
5.0,6.0,6.0,6.0,6.0,6.0,10.0,21.0,113.0,117.0,158.0,992.0,8.0,0.04634292565947251,SAFE
5.0,5.0,6.0,7.0,7.0,7.0,48.0,48.0,72.0,72.0,72.0,208.0,27.0,0.0,SAFE
5.0,5.0,6.0,6.0,24.0,24.0,24.0,79.0,79.0,79.0,364.0,364.0,24.0,0.05740794856808884,SAFE
9.0,21.0,23.0,24.0,33.0,33.0,47.0,80.0,80.0,130.0,130.0,130.0,40.0,0.0,SAFE
7.0,10.0,19.0,41.0,42.0,42.0,46.0,58.0,65.0,142.0,172.0,821.0,44.0,0.04583975346687219,SAFE
6.0,6.0,9.0,9.0,12.0,13.0,24.0,24.0,24.0,24.0,24.0,81.0,18.0,0.0,SAFE
5.0,6.0,10.0,10.0,12.0,15.0,15.0,15.0,34.0,34.0,34.0,101.0,15.0,0.0,SAFE
5.0,5.0,6.0,6.0,11.0,11.0,33.0,67.0,67.0,78.0,78.0,119.0,22.0,0.0,SAFE
5.0,5.0,8.0,31.0,31.0,78.0,305.0,398.0,643.0,700.0,700.0,700.0,192.0,0.20550660792951536,EXCEED
5.0,5.0,13.0,13.0,13.0,13.0,13.0,52.0,52.0,202.0,209.0,287.0,13.0,0.027243589743589758,SAFE
5.0,6.0,10.0,12.0,12.0,12.0,12.0,12.0,12.0,12.0,83.0,104.0,12.0,0.0,SAFE
6.0,6.0,14.0,20.0,20.0,21.0,30.0,40.0,40.0,40.0,85.0,149.0,26.0,0.0,SAFE
5.0,10.0,10.0,10.0,12.0,12.0,20.0,20.0,28.0,28.0,164.0,230.0,16.0,0.0,SAFE
5.0,5.0,5.0,5.0,6.0,9.0,17.0,17.0,17.0,17.0,17.0,123.0,13.0,0.0,SAFE
8.0,8.0,9.0,10.0,11.0,16.0,16.0,27.0,27.0,27.0,27.0,74.0,16.0,0.0,SAFE
6.0,40.0,40.0,89.0,89.0,120.0,120.0,120.0,120.0,130.0,130.0,230.0,120.0,0.0,SAFE
5.0,5.0,5.0,5.0,5.0,11.0,11.0,11.0,24.0,24.0,24.0,91.0,11.0,0.0,SAFE
5.0,5.0,7.0,10.0,16.0,16.0,16.0,16.0,16.0,20.0,20.0,115.0,16.0,0.0,SAFE
5.0,5.0,5.0,7.0,20.0,20.0,20.0,20.0,58.0,58.0,94.0,182.0,20.0,0.0,SAFE
5.0,5.0,6.0,6.0,6.0,6.0,6.0,30.0,30.0,96.0,102.0,102.0,6.0,0.0,SAFE
5.0,5.0,7.0,7.0,8.0,8.0,15.0,20.0,67.0,67.0,325.0,325.0,12.0,0.05436046511627912,SAFE
6.0,41.0,49.0,49.0,100.0,100.0,100.0,100.0,100.0,100.0,161.0,345.0,100.0,0.03383152173913051,SAFE
5.0,5.0,5.0,5.0,5.0,7.0,10.0,10.0,19.0,30.0,61.0,112.0,8.0,0.0,SAFE
5.0,5.0,5.0,5.0,5.0,7.0,19.0,26.0,26.0,57.0,57.0,77.0,13.0,0.0,SAFE
5.0,6.0,6.0,7.0,13.0,16.0,16.0,99.0,105.0,159.0,188.0,227.0,16.0,0.0,SAFE
5.0,5.0,5.0,5.0,8.0,10.0,10.0,10.0,39.0,63.0,122.0,122.0,10.0,0.0,SAFE
6.0,8.0,56.0,61.0,108.0,150.0,439.0,780.0,1634.0,1749.0,1972.0,1972.0,294.0,0.22750865051903113,EXCEED
12.0,21.0,106.0,177.0,293.0,572.0,575.0,1308.0,2864.0,3231.0,3452.0,3452.0,574.0,0.3112068965517242,EXCEED
143.0,1108.0,2174.0,3052.0,3052.0,3052.0,3052.0,3052.0,3391.0,3451.0,3664.0,4125.0,3052.0,0.7787046632124353,EXCEED
7.0,12.0,88.0,230.0,376.0,376.0,401.0,450.0,453.0,454.0,454.0,454.0,388.0,0.36575342465753424,EXCEED
5.0,14.0,70.0,70.0,83.0,114.0,114.0,114.0,341.0,341.0,341.0,646.0,114.0,0.11345588235294113,SAFE
10.0,16.0,107.0,190.0,384.0,384.0,391.0,459.0,459.0,459.0,459.0,614.0,388.0,0.3537275064267352,EXCEED
5.0,10.0,71.0,162.0,255.0,268.0,345.0,345.0,350.0,350.0,350.0,350.0,306.0,0.2422077922077922,EXCEED
5.0,5.0,14.0,20.0,20.0,20.0,66.0,66.0,122.0,122.0,122.0,122.0,43.0,0.0,SAFE
7.0,14.0,14.0,14.0,75.0,93.0,93.0,93.0,93.0,318.0,318.0,318.0,93.0,0.07919606386929068,SAFE
7.0,7.0,8.0,15.0,18.0,20.0,20.0,46.0,46.0,131.0,131.0,131.0,20.0,0.0,SAFE
8.0,8.0,26.0,26.0,30.0,30.0,33.0,105.0,149.0,149.0,280.0,280.0,31.0,0.0,SAFE
54.0,108.0,249.0,259.0,259.0,259.0,272.0,272.0,272.0,310.0,310.0,310.0,265.0,0.09451754385964906,SAFE
9.0,15.0,21.0,37.0,37.0,37.0,42.0,42.0,59.0,128.0,185.0,340.0,40.0,0.0346774193548387,SAFE
5.0,5.0,5.0,5.0,8.0,8.0,8.0,8.0,12.0,31.0,65.0,101.0,8.0,0.0,SAFE
6.0,6.0,12.0,12.0,12.0,12.0,14.0,72.0,72.0,75.0,118.0,118.0,13.0,0.0,SAFE
7.0,9.0,39.0,211.0,211.0,211.0,322.0,806.0,1223.0,1408.0,1428.0,1428.0,266.0,0.2189189189189189,EXCEED
5.0,7.0,58.0,70.0,118.0,150.0,150.0,150.0,264.0,264.0,264.0,264.0,150.0,0.0,SAFE
5.0,8.0,32.0,32.0,32.0,35.0,35.0,35.0,143.0,198.0,261.0,261.0,35.0,0.0,SAFE
5.0,6.0,7.0,8.0,8.0,8.0,8.0,8.0,43.0,43.0,131.0,179.0,8.0,0.0,SAFE
9.0,25.0,77.0,185.0,185.0,216.0,216.0,232.0,232.0,232.0,232.0,232.0,216.0,0.0,SAFE
5.0,16.0,31.0,37.0,81.0,81.0,81.0,108.0,545.0,545.0,545.0,1304.0,81.0,0.1303053435114504,SAFE
5.0,6.0,10.0,12.0,12.0,28.0,28.0,28.0,28.0,62.0,152.0,152.0,28.0,0.0,SAFE
5.0,5.0,5.0,11.0,15.0,15.0,24.0,34.0,34.0,62.0,223.0,223.0,20.0,0.0,SAFE
9.0,11.0,20.0,69.0,69.0,69.0,114.0,147.0,147.0,147.0,147.0,183.0,92.0,0.0,SAFE
5.0,8.0,12.0,17.0,17.0,21.0,21.0,23.0,23.0,23.0,200.0,282.0,21.0,0.025609756097561,SAFE
8.0,8.0,19.0,21.0,21.0,21.0,27.0,42.0,42.0,52.0,52.0,265.0,24.0,0.0,SAFE
52.0,500.0,1347.0,2108.0,2108.0,2108.0,2108.0,2817.0,2817.0,2817.0,3266.0,3606.0,2108.0,0.7236607142857143,EXCEED
27.0,45.0,73.0,144.0,297.0,297.0,297.0,297.0,297.0,542.0,617.0,617.0,297.0,0.31134289439374185,EXCEED
6.0,22.0,36.0,61.0,61.0,61.0,61.0,62.0,92.0,128.0,167.0,195.0,61.0,0.0,SAFE
8.0,8.0,10.0,10.0,10.0,22.0,22.0,40.0,46.0,46.0,126.0,126.0,22.0,0.0,SAFE
21.0,64.0,132.0,132.0,225.0,306.0,316.0,496.0,1070.0,1070.0,1152.0,1392.0,311.0,0.2660493827160494,EXCEED
5.0,10.0,13.0,30.0,49.0,75.0,75.0,129.0,143.0,143.0,143.0,144.0,75.0,0.0,SAFE
5.0,10.0,31.0,47.0,71.0,98.0,148.0,148.0,150.0,150.0,157.0,157.0,123.0,0.0,SAFE
6.0,12.0,12.0,14.0,14.0,14.0,14.0,40.0,40.0,40.0,40.0,117.0,14.0,0.0,SAFE
5.0,5.0,6.0,6.0,8.0,8.0,16.0,21.0,21.0,21.0,21.0,77.0,12.0,0.0,SAFE
5.0,5.0,6.0,6.0,34.0,34.0,61.0,61.0,283.0,283.0,283.0,387.0,48.0,0.10074962518740627,SAFE
5.0,5.0,6.0,8.0,13.0,13.0,13.0,38.0,216.0,216.0,314.0,396.0,13.0,0.05862944162436545,SAFE
20.0,61.0,95.0,209.0,209.0,209.0,209.0,326.0,338.0,376.0,376.0,383.0,209.0,0.16970021413276226,SAFE
5.0,8.0,8.0,53.0,53.0,53.0,53.0,53.0,58.0,94.0,94.0,94.0,53.0,0.0,SAFE
5.0,15.0,41.0,42.0,42.0,42.0,44.0,47.0,101.0,101.0,101.0,167.0,43.0,0.0,SAFE
5.0,5.0,5.0,7.0,10.0,10.0,16.0,16.0,20.0,119.0,146.0,171.0,13.0,0.0,SAFE
5.0,6.0,6.0,6.0,7.0,22.0,22.0,34.0,64.0,64.0,64.0,113.0,22.0,0.0,SAFE
5.0,5.0,20.0,20.0,20.0,20.0,20.0,20.0,20.0,20.0,120.0,120.0,20.0,0.0,SAFE
13.0,41.0,71.0,89.0,91.0,91.0,91.0,91.0,116.0,116.0,385.0,385.0,91.0,0.059758364312267664,SAFE
6.0,8.0,90.0,399.0,399.0,399.0,399.0,460.0,460.0,540.0,540.0,1960.0,399.0,0.43846153846153846,EXCEED
5.0,5.0,6.0,6.0,6.0,6.0,10.0,10.0,94.0,94.0,270.0,270.0,8.0,0.0,SAFE
5.0,5.0,5.0,7.0,7.0,7.0,14.0,14.0,23.0,23.0,37.0,97.0,10.0,0.0,SAFE
6.0,13.0,14.0,59.0,71.0,86.0,208.0,371.0,384.0,408.0,408.0,408.0,147.0,0.17791411042944782,SAFE
5.0,5.0,11.0,32.0,32.0,32.0,32.0,52.0,52.0,52.0,83.0,125.0,32.0,0.0,SAFE
5.0,5.0,5.0,12.0,12.0,12.0,12.0,12.0,12.0,12.0,21.0,88.0,12.0,0.0,SAFE
6.0,6.0,7.0,7.0,7.0,7.0,7.0,14.0,14.0,14.0,43.0,94.0,7.0,0.0,SAFE
5.0,5.0,5.0,12.0,12.0,12.0,12.0,12.0,16.0,16.0,16.0,106.0,12.0,0.0,SAFE
8.0,8.0,32.0,32.0,66.0,71.0,71.0,71.0,71.0,71.0,170.0,170.0,71.0,0.0,SAFE
6.0,10.0,10.0,10.0,16.0,16.0,31.0,74.0,74.0,264.0,264.0,264.0,24.0,0.0,SAFE
7.0,9.0,12.0,26.0,26.0,33.0,33.0,33.0,76.0,76.0,126.0,126.0,33.0,0.0,SAFE
52.0,642.0,1455.0,3871.0,3871.0,4180.0,4180.0,4889.0,4889.0,4913.0,4913.0,4913.0,4180.0,0.7420338983050847,EXCEED
6.0,6.0,6.0,18.0,22.0,77.0,86.0,86.0,86.0,153.0,218.0,218.0,81.0,0.0,SAFE
14.0,91.0,149.0,153.0,153.0,153.0,158.0,158.0,158.0,158.0,174.0,906.0,155.0,0.04637978142076504,SAFE
44.0,408.0,763.0,763.0,1006.0,1006.0,1006.0,1006.0,1006.0,1244.0,1244.0,1328.0,1006.0,0.7027472527472527,EXCEED
16.0,41.0,57.0,57.0,57.0,57.0,57.0,275.0,313.0,329.0,329.0,329.0,57.0,0.143421052631579,SAFE
6.0,7.0,10.0,10.0,10.0,15.0,15.0,15.0,29.0,29.0,29.0,95.0,15.0,0.0,SAFE
5.0,5.0,8.0,12.0,12.0,12.0,12.0,14.0,14.0,22.0,67.0,88.0,12.0,0.0,SAFE
5.0,5.0,5.0,5.0,7.0,7.0,7.0,7.0,21.0,54.0,54.0,70.0,7.0,0.0,SAFE
6.0,6.0,10.0,12.0,12.0,12.0,18.0,18.0,18.0,22.0,45.0,120.0,15.0,0.0,SAFE
5.0,5.0,6.0,6.0,10.0,10.0,11.0,11.0,14.0,14.0,18.0,94.0,10.0,0.0,SAFE
6.0,7.0,7.0,7.0,7.0,7.0,7.0,8.0,8.0,13.0,55.0,107.0,7.0,0.0,SAFE
6.0,6.0,8.0,10.0,12.0,12.0,12.0,12.0,15.0,26.0,32.0,58.0,12.0,0.0,SAFE
5.0,5.0,5.0,5.0,6.0,6.0,7.0,7.0,7.0,9.0,53.0,76.0,6.0,0.0,SAFE
5.0,5.0,5.0,7.0,8.0,8.0,8.0,8.0,14.0,14.0,27.0,62.0,8.0,0.0,SAFE
5.0,5.0,6.0,7.0,7.0,7.0,11.0,12.0,12.0,40.0,78.0,78.0,9.0,0.0,SAFE
5.0,7.0,9.0,10.0,11.0,11.0,11.0,11.0,11.0,44.0,58.0,79.0,11.0,0.0,SAFE
5.0,5.0,5.0,5.0,8.0,8.0,13.0,13.0,13.0,26.0,46.0,92.0,10.0,0.0,SAFE
5.0,5.0,5.0,5.0,5.0,15.0,15.0,15.0,15.0,15.0,17.0,79.0,15.0,0.0,SAFE
5.0,5.0,5.0,6.0,10.0,20.0,20.0,20.0,20.0,24.0,24.0,71.0,20.0,0.0,SAFE
58.0,92.0,124.0,267.0,381.0,381.0,381.0,401.0,401.0,401.0,401.0,401.0,381.0,0.3885630498533724,EXCEED
6.0,6.0,11.0,49.0,72.0,95.0,99.0,149.0,427.0,427.0,427.0,580.0,97.0,0.1264105642256903,SAFE
5.0,8.0,25.0,41.0,60.0,60.0,60.0,66.0,66.0,66.0,154.0,177.0,60.0,0.0,SAFE
5.0,5.0,5.0,5.0,5.0,6.0,6.0,17.0,17.0,17.0,36.0,72.0,6.0,0.0,SAFE
5.0,5.0,5.0,6.0,7.0,7.0,33.0,33.0,33.0,46.0,46.0,102.0,20.0,0.0,SAFE
5.0,5.0,6.0,6.0,6.0,6.0,6.0,6.0,6.0,12.0,12.0,73.0,6.0,0.0,SAFE
5.0,5.0,5.0,6.0,6.0,7.0,11.0,11.0,11.0,16.0,21.0,76.0,9.0,0.0,SAFE
5.0,5.0,5.0,5.0,5.0,16.0,16.0,16.0,16.0,18.0,71.0,176.0,16.0,0.0,SAFE
5.0,5.0,5.0,5.0,5.0,5.0,5.0,7.0,41.0,41.0,41.0,72.0,5.0,0.0,SAFE
5.0,5.0,5.0,6.0,8.0,11.0,11.0,11.0,18.0,18.0,26.0,28.0,11.0,0.0,SAFE
6.0,6.0,8.0,8.0,10.0,13.0,13.0,13.0,13.0,15.0,43.0,88.0,13.0,0.0,SAFE
5.0,6.0,6.0,9.0,23.0,23.0,24.0,24.0,24.0,26.0,26.0,55.0,24.0,0.0,SAFE
9.0,14.0,14.0,14.0,14.0,14.0,14.0,14.0,14.0,72.0,72.0,72.0,14.0,0.0,SAFE
5.0,5.0,6.0,6.0,6.0,6.0,6.0,6.0,11.0,11.0,21.0,73.0,6.0,0.0,SAFE
5.0,5.0,5.0,5.0,5.0,7.0,7.0,7.0,23.0,23.0,60.0,60.0,7.0,0.0,SAFE
5.0,5.0,5.0,5.0,5.0,7.0,12.0,12.0,12.0,12.0,14.0,58.0,10.0,0.0,SAFE
5.0,9.0,10.0,10.0,10.0,10.0,10.0,21.0,21.0,21.0,21.0,92.0,10.0,0.0,SAFE
5.0,5.0,6.0,6.0,6.0,6.0,20.0,20.0,20.0,20.0,20.0,74.0,13.0,0.0,SAFE
5.0,5.0,5.0,6.0,6.0,8.0,12.0,12.0,22.0,22.0,45.0,84.0,10.0,0.0,SAFE
5.0,6.0,6.0,12.0,26.0,26.0,31.0,63.0,63.0,63.0,63.0,67.0,28.0,0.0,SAFE
6.0,6.0,10.0,10.0,10.0,18.0,21.0,42.0,42.0,42.0,60.0,60.0,20.0,0.0,SAFE
5.0,5.0,5.0,5.0,5.0,5.0,5.0,6.0,14.0,14.0,16.0,93.0,5.0,0.0,SAFE
5.0,6.0,14.0,19.0,25.0,25.0,25.0,28.0,28.0,28.0,55.0,95.0,25.0,0.0,SAFE
5.0,5.0,6.0,6.0,10.0,10.0,10.0,10.0,16.0,18.0,31.0,78.0,10.0,0.0,SAFE
5.0,5.0,5.0,6.0,7.0,7.0,7.0,7.0,7.0,11.0,21.0,86.0,7.0,0.0,SAFE
5.0,5.0,6.0,6.0,6.0,18.0,18.0,18.0,18.0,18.0,18.0,80.0,18.0,0.0,SAFE
5.0,5.0,6.0,6.0,6.0,18.0,18.0,18.0,18.0,18.0,39.0,98.0,18.0,0.0,SAFE
5.0,5.0,6.0,7.0,9.0,9.0,11.0,11.0,11.0,11.0,11.0,52.0,10.0,0.0,SAFE
5.0,6.0,6.0,15.0,20.0,22.0,22.0,22.0,23.0,63.0,102.0,102.0,22.0,0.0,SAFE
5.0,5.0,10.0,10.0,28.0,28.0,70.0,70.0,112.0,135.0,135.0,158.0,49.0,0.0,SAFE
5.0,5.0,7.0,8.0,11.0,11.0,11.0,11.0,39.0,39.0,39.0,111.0,11.0,0.0,SAFE
8.0,8.0,10.0,20.0,20.0,20.0,29.0,29.0,29.0,54.0,54.0,157.0,24.0,0.0,SAFE
5.0,5.0,5.0,6.0,6.0,6.0,6.0,14.0,14.0,15.0,26.0,123.0,6.0,0.0,SAFE
6.0,6.0,10.0,10.0,10.0,21.0,21.0,21.0,21.0,29.0,35.0,81.0,21.0,0.0,SAFE
5.0,5.0,5.0,6.0,8.0,8.0,10.0,10.0,13.0,36.0,36.0,94.0,9.0,0.0,SAFE
5.0,5.0,5.0,5.0,5.0,7.0,7.0,7.0,10.0,26.0,40.0,175.0,7.0,0.0,SAFE
5.0,5.0,5.0,9.0,9.0,9.0,9.0,9.0,25.0,25.0,41.0,58.0,9.0,0.0,SAFE
17.0,35.0,56.0,76.0,112.0,112.0,188.0,249.0,249.0,249.0,249.0,285.0,150.0,0.028496503496503567,SAFE
5.0,8.0,21.0,21.0,25.0,29.0,31.0,69.0,69.0,69.0,69.0,94.0,30.0,0.0,SAFE
5.0,5.0,5.0,5.0,5.0,5.0,6.0,6.0,14.0,18.0,108.0,118.0,5.0,0.0,SAFE
5.0,11.0,23.0,23.0,23.0,23.0,23.0,142.0,142.0,142.0,261.0,433.0,23.0,0.047238372093023284,SAFE
5.0,5.0,7.0,7.0,8.0,20.0,20.0,50.0,50.0,50.0,50.0,86.0,20.0,0.0,SAFE
6.0,6.0,17.0,20.0,26.0,54.0,54.0,63.0,63.0,98.0,98.0,157.0,54.0,0.0,SAFE
5.0,5.0,5.0,5.0,5.0,5.0,20.0,51.0,51.0,51.0,51.0,89.0,13.0,0.0,SAFE
5.0,5.0,5.0,6.0,6.0,6.0,6.0,7.0,10.0,10.0,32.0,70.0,6.0,0.0,SAFE
5.0,5.0,5.0,6.0,6.0,6.0,6.0,17.0,17.0,17.0,21.0,58.0,6.0,0.0,SAFE
8.0,8.0,11.0,17.0,39.0,45.0,83.0,83.0,83.0,108.0,108.0,149.0,64.0,0.0,SAFE
5.0,5.0,5.0,6.0,6.0,6.0,6.0,8.0,8.0,16.0,24.0,85.0,6.0,0.0,SAFE
5.0,5.0,6.0,7.0,12.0,12.0,12.0,12.0,12.0,14.0,14.0,79.0,12.0,0.0,SAFE
5.0,5.0,7.0,7.0,7.0,7.0,11.0,11.0,50.0,50.0,52.0,63.0,9.0,0.0,SAFE
5.0,5.0,5.0,5.0,6.0,6.0,6.0,6.0,8.0,32.0,32.0,68.0,6.0,0.0,SAFE
5.0,8.0,12.0,25.0,29.0,31.0,62.0,62.0,62.0,62.0,75.0,75.0,46.0,0.0,SAFE
5.0,5.0,6.0,6.0,8.0,8.0,9.0,9.0,9.0,9.0,17.0,130.0,8.0,0.0,SAFE
6.0,10.0,79.0,79.0,126.0,126.0,126.0,196.0,196.0,196.0,196.0,196.0,126.0,0.0,SAFE
5.0,6.0,6.0,11.0,12.0,12.0,12.0,30.0,30.0,30.0,46.0,95.0,12.0,0.0,SAFE
5.0,5.0,5.0,6.0,6.0,10.0,22.0,22.0,22.0,22.0,43.0,221.0,16.0,0.0,SAFE
5.0,11.0,42.0,59.0,104.0,104.0,210.0,210.0,210.0,210.0,210.0,210.0,157.0,0.0,SAFE
5.0,5.0,18.0,18.0,18.0,18.0,18.0,18.0,18.0,18.0,67.0,94.0,18.0,0.0,SAFE
5.0,6.0,7.0,8.0,8.0,12.0,16.0,16.0,29.0,29.0,29.0,69.0,14.0,0.0,SAFE
48.0,115.0,396.0,440.0,730.0,730.0,1181.0,1298.0,1308.0,1328.0,1328.0,1328.0,956.0,0.5619217081850534,EXCEED
5.0,11.0,13.0,22.0,22.0,22.0,22.0,22.0,30.0,30.0,32.0,87.0,22.0,0.0,SAFE
5.0,6.0,6.0,10.0,10.0,10.0,14.0,14.0,14.0,40.0,44.0,87.0,12.0,0.0,SAFE
5.0,5.0,5.0,5.0,5.0,24.0,24.0,24.0,24.0,53.0,170.0,324.0,24.0,0.03214285714285714,SAFE
5.0,5.0,7.0,7.0,15.0,15.0,15.0,15.0,15.0,24.0,28.0,129.0,15.0,0.0,SAFE
5.0,5.0,5.0,5.0,7.0,11.0,11.0,11.0,11.0,36.0,150.0,209.0,11.0,0.0,SAFE
5.0,5.0,5.0,6.0,6.0,7.0,12.0,32.0,32.0,63.0,63.0,63.0,10.0,0.0,SAFE
5.0,5.0,5.0,5.0,5.0,10.0,10.0,20.0,20.0,20.0,24.0,79.0,10.0,0.0,SAFE
5.0,7.0,7.0,7.0,10.0,10.0,19.0,19.0,19.0,90.0,90.0,123.0,14.0,0.0,SAFE
6.0,6.0,6.0,8.0,12.0,12.0,12.0,12.0,26.0,43.0,72.0,72.0,12.0,0.0,SAFE
5.0,8.0,50.0,54.0,54.0,66.0,66.0,124.0,124.0,189.0,189.0,227.0,66.0,0.0,SAFE
5.0,8.0,9.0,10.0,10.0,11.0,11.0,12.0,12.0,12.0,29.0,83.0,11.0,0.0,SAFE
5.0,5.0,6.0,8.0,8.0,8.0,9.0,10.0,10.0,13.0,23.0,90.0,8.0,0.0,SAFE
7.0,7.0,15.0,27.0,31.0,46.0,123.0,125.0,125.0,170.0,170.0,170.0,84.0,0.0,SAFE
5.0,5.0,6.0,8.0,8.0,10.0,10.0,64.0,64.0,64.0,64.0,82.0,10.0,0.0,SAFE
7.0,10.0,32.0,77.0,77.0,77.0,115.0,115.0,115.0,115.0,115.0,371.0,96.0,0.03387978142076509,SAFE
5.0,13.0,26.0,73.0,90.0,105.0,118.0,137.0,137.0,137.0,137.0,137.0,112.0,0.0,SAFE
5.0,5.0,5.0,9.0,9.0,12.0,12.0,12.0,12.0,31.0,100.0,111.0,12.0,0.0,SAFE
6.0,10.0,12.0,16.0,30.0,36.0,36.0,94.0,94.0,94.0,94.0,94.0,36.0,0.0,SAFE
5.0,5.0,5.0,6.0,6.0,6.0,7.0,13.0,17.0,17.0,51.0,108.0,7.0,0.0,SAFE
5.0,8.0,8.0,13.0,19.0,19.0,19.0,54.0,54.0,54.0,54.0,92.0,19.0,0.0,SAFE
5.0,5.0,11.0,11.0,11.0,11.0,44.0,44.0,44.0,140.0,140.0,140.0,27.0,0.0,SAFE
5.0,5.0,6.0,7.0,7.0,8.0,8.0,8.0,26.0,26.0,44.0,81.0,8.0,0.0,SAFE
5.0,9.0,12.0,30.0,78.0,78.0,136.0,136.0,136.0,136.0,136.0,136.0,107.0,0.0,SAFE
5.0,5.0,5.0,6.0,6.0,7.0,9.0,29.0,32.0,32.0,32.0,91.0,8.0,0.0,SAFE
22.0,118.0,281.0,736.0,736.0,736.0,1728.0,1728.0,1728.0,2082.0,2082.0,2082.0,1232.0,0.500920245398773,EXCEED
6.0,6.0,6.0,9.0,9.0,11.0,11.0,11.0,11.0,13.0,25.0,98.0,11.0,0.0,SAFE
5.0,5.0,15.0,15.0,15.0,60.0,60.0,60.0,60.0,144.0,144.0,144.0,60.0,0.0,SAFE
5.0,5.0,6.0,8.0,8.0,8.0,8.0,8.0,8.0,12.0,48.0,127.0,8.0,0.0,SAFE
5.0,5.0,5.0,6.0,6.0,6.0,6.0,6.0,10.0,10.0,10.0,78.0,6.0,0.0,SAFE
5.0,5.0,7.0,7.0,8.0,9.0,9.0,24.0,49.0,49.0,54.0,54.0,9.0,0.0,SAFE
6.0,7.0,9.0,13.0,15.0,15.0,15.0,66.0,66.0,156.0,156.0,520.0,15.0,0.04150618982118304,SAFE
6.0,9.0,14.0,14.0,38.0,38.0,75.0,126.0,126.0,126.0,126.0,128.0,56.0,0.0,SAFE
5.0,5.0,5.0,6.0,7.0,7.0,35.0,35.0,35.0,35.0,35.0,79.0,21.0,0.0,SAFE
5.0,7.0,8.0,8.0,8.0,14.0,14.0,14.0,14.0,14.0,14.0,85.0,14.0,0.0,SAFE
5.0,5.0,5.0,8.0,8.0,13.0,13.0,13.0,23.0,23.0,23.0,91.0,13.0,0.0,SAFE
5.0,5.0,6.0,9.0,10.0,22.0,22.0,22.0,22.0,35.0,35.0,35.0,22.0,0.0,SAFE
5.0,8.0,9.0,10.0,10.0,10.0,13.0,33.0,33.0,33.0,33.0,73.0,12.0,0.0,SAFE
5.0,5.0,6.0,8.0,8.0,8.0,8.0,8.0,8.0,14.0,20.0,62.0,8.0,0.0,SAFE
6.0,10.0,12.0,20.0,21.0,27.0,27.0,27.0,35.0,35.0,65.0,76.0,27.0,0.0,SAFE
6.0,6.0,10.0,10.0,11.0,14.0,14.0,58.0,58.0,58.0,58.0,95.0,14.0,0.0,SAFE
5.0,6.0,6.0,13.0,13.0,13.0,13.0,20.0,20.0,20.0,20.0,84.0,13.0,0.0,SAFE
5.0,8.0,8.0,8.0,43.0,48.0,48.0,56.0,56.0,56.0,56.0,113.0,48.0,0.0,SAFE
5.0,7.0,8.0,8.0,11.0,12.0,12.0,12.0,12.0,32.0,32.0,72.0,12.0,0.0,SAFE
5.0,5.0,5.0,6.0,6.0,6.0,6.0,6.0,17.0,32.0,32.0,60.0,6.0,0.0,SAFE
5.0,5.0,5.0,8.0,8.0,9.0,10.0,12.0,12.0,12.0,38.0,59.0,10.0,0.0,SAFE
5.0,5.0,5.0,6.0,6.0,6.0,8.0,8.0,13.0,34.0,34.0,61.0,7.0,0.0,SAFE
6.0,6.0,10.0,10.0,31.0,33.0,41.0,43.0,43.0,43.0,43.0,72.0,37.0,0.0,SAFE
5.0,5.0,9.0,9.0,9.0,9.0,9.0,53.0,94.0,94.0,117.0,367.0,9.0,0.03370000000000006,SAFE
5.0,6.0,7.0,10.0,10.0,10.0,10.0,10.0,18.0,18.0,39.0,67.0,10.0,0.0,SAFE
5.0,5.0,5.0,5.0,5.0,5.0,5.0,6.0,6.0,13.0,21.0,79.0,5.0,0.0,SAFE
5.0,6.0,6.0,7.0,7.0,7.0,12.0,12.0,12.0,22.0,22.0,70.0,9.0,0.0,SAFE
6.0,7.0,9.0,24.0,110.0,111.0,278.0,327.0,552.0,560.0,564.0,564.0,194.0,0.19795918367346932,EXCEED
5.0,6.0,18.0,18.0,90.0,129.0,129.0,129.0,129.0,151.0,365.0,991.0,129.0,0.0599299065420561,SAFE
6.0,9.0,14.0,43.0,56.0,60.0,71.0,71.0,71.0,71.0,71.0,235.0,65.0,0.0,SAFE
5.0,8.0,8.0,36.0,36.0,36.0,36.0,49.0,146.0,344.0,344.0,344.0,36.0,0.08308080808080809,SAFE
160.0,802.0,1020.0,1098.0,1098.0,1098.0,1638.0,1638.0,1638.0,1638.0,1648.0,2657.0,1368.0,0.7719626168224298,EXCEED
5.0,11.0,32.0,32.0,33.0,33.0,49.0,49.0,49.0,49.0,49.0,95.0,41.0,0.0,SAFE
7.0,7.0,34.0,65.0,79.0,79.0,79.0,79.0,94.0,94.0,94.0,104.0,79.0,0.0,SAFE
6.0,8.0,21.0,21.0,28.0,28.0,28.0,107.0,114.0,116.0,116.0,148.0,28.0,0.0,SAFE
5.0,6.0,7.0,12.0,12.0,32.0,32.0,32.0,32.0,32.0,32.0,81.0,32.0,0.0,SAFE
6.0,6.0,14.0,30.0,104.0,168.0,278.0,363.0,716.0,740.0,766.0,862.0,223.0,0.19882352941176462,EXCEED
5.0,5.0,7.0,7.0,16.0,16.0,16.0,66.0,66.0,90.0,90.0,213.0,16.0,0.0,SAFE
8.0,18.0,50.0,56.0,86.0,86.0,86.0,86.0,86.0,209.0,209.0,209.0,86.0,0.0,SAFE
6.0,7.0,12.0,33.0,41.0,44.0,45.0,45.0,45.0,62.0,62.0,251.0,44.0,0.0,SAFE
5.0,6.0,10.0,10.0,11.0,11.0,11.0,24.0,74.0,74.0,74.0,156.0,11.0,0.0,SAFE
83.0,290.0,888.0,900.0,900.0,998.0,998.0,1253.0,1454.0,1454.0,1454.0,1454.0,998.0,0.6572463768115943,EXCEED
16.0,16.0,52.0,86.0,86.0,131.0,178.0,289.0,332.0,341.0,341.0,341.0,154.0,0.15405405405405403,SAFE
6.0,14.0,20.0,20.0,21.0,21.0,21.0,27.0,28.0,72.0,72.0,112.0,21.0,0.0,SAFE
6.0,8.0,14.0,22.0,22.0,22.0,22.0,34.0,34.0,72.0,72.0,128.0,22.0,0.0,SAFE
5.0,5.0,5.0,10.0,10.0,10.0,10.0,33.0,56.0,56.0,56.0,83.0,10.0,0.0,SAFE
5.0,13.0,23.0,73.0,176.0,176.0,179.0,188.0,188.0,188.0,188.0,188.0,178.0,0.0,SAFE
6.0,8.0,20.0,20.0,20.0,36.0,36.0,58.0,58.0,58.0,140.0,140.0,36.0,0.0,SAFE
6.0,8.0,10.0,12.0,12.0,12.0,12.0,35.0,35.0,85.0,91.0,141.0,12.0,0.0,SAFE
5.0,9.0,10.0,13.0,13.0,15.0,23.0,23.0,42.0,42.0,42.0,83.0,19.0,0.0,SAFE
5.0,5.0,18.0,20.0,20.0,53.0,53.0,53.0,53.0,82.0,82.0,142.0,53.0,0.0,SAFE
6.0,6.0,9.0,17.0,28.0,40.0,70.0,121.0,121.0,121.0,121.0,121.0,55.0,0.0,SAFE
6.0,6.0,10.0,10.0,11.0,11.0,11.0,14.0,14.0,17.0,26.0,104.0,11.0,0.0,SAFE
5.0,5.0,10.0,28.0,28.0,64.0,67.0,72.0,72.0,81.0,115.0,116.0,66.0,0.0,SAFE
6.0,6.0,9.0,12.0,12.0,12.0,12.0,12.0,31.0,31.0,31.0,92.0,12.0,0.0,SAFE
5.0,5.0,5.0,9.0,9.0,9.0,9.0,9.0,9.0,13.0,64.0,87.0,9.0,0.0,SAFE
5.0,5.0,15.0,15.0,36.0,36.0,36.0,36.0,120.0,120.0,197.0,197.0,36.0,0.0,SAFE
53.0,367.0,1113.0,2097.0,2952.0,2952.0,3332.0,3332.0,3332.0,3332.0,3332.0,3332.0,3142.0,0.6915605095541402,EXCEED
30.0,92.0,94.0,139.0,239.0,396.0,396.0,442.0,442.0,442.0,662.0,662.0,396.0,0.2869009584664537,EXCEED
6.0,6.0,9.0,17.0,28.0,36.0,96.0,96.0,96.0,96.0,96.0,116.0,66.0,0.0,SAFE
6.0,10.0,13.0,31.0,31.0,31.0,31.0,31.0,32.0,35.0,63.0,139.0,31.0,0.0,SAFE
16.0,57.0,77.0,77.0,77.0,77.0,77.0,84.0,195.0,261.0,380.0,380.0,77.0,0.07100840336134451,SAFE
5.0,7.0,10.0,11.0,12.0,37.0,37.0,37.0,37.0,37.0,37.0,72.0,37.0,0.0,SAFE
5.0,5.0,5.0,5.0,18.0,18.0,38.0,38.0,38.0,217.0,217.0,250.0,28.0,0.0,SAFE
5.0,6.0,7.0,10.0,10.0,10.0,30.0,30.0,30.0,30.0,30.0,104.0,20.0,0.0,SAFE
26.0,58.0,75.0,75.0,75.0,75.0,83.0,83.0,83.0,154.0,154.0,259.0,79.0,0.0,SAFE
6.0,9.0,11.0,11.0,11.0,11.0,12.0,12.0,16.0,16.0,23.0,68.0,11.0,0.0,SAFE
99.0,262.0,392.0,392.0,622.0,625.0,633.0,685.0,744.0,744.0,744.0,744.0,629.0,0.6292307692307693,EXCEED
8.0,88.0,95.0,111.0,111.0,111.0,111.0,111.0,111.0,111.0,111.0,128.0,111.0,0.0,SAFE
5.0,5.0,9.0,25.0,32.0,33.0,66.0,86.0,90.0,90.0,90.0,111.0,50.0,0.0,SAFE
5.0,5.0,5.0,6.0,6.0,6.0,6.0,12.0,34.0,49.0,49.0,107.0,6.0,0.0,SAFE
6.0,6.0,6.0,6.0,6.0,9.0,9.0,9.0,91.0,91.0,91.0,107.0,9.0,0.0,SAFE
6.0,8.0,9.0,11.0,11.0,11.0,19.0,20.0,20.0,20.0,38.0,60.0,15.0,0.0,SAFE
5.0,5.0,5.0,5.0,27.0,27.0,27.0,27.0,44.0,44.0,44.0,183.0,27.0,0.0,SAFE
35.0,35.0,134.0,360.0,360.0,360.0,468.0,538.0,538.0,630.0,630.0,913.0,414.0,0.43539823008849554,EXCEED
5.0,5.0,5.0,7.0,7.0,7.0,12.0,13.0,13.0,22.0,122.0,122.0,10.0,0.0,SAFE
11.0,14.0,14.0,14.0,14.0,70.0,88.0,94.0,94.0,94.0,168.0,408.0,79.0,0.03833333333333333,SAFE
5.0,5.0,8.0,8.0,8.0,8.0,10.0,10.0,12.0,12.0,28.0,88.0,9.0,0.0,SAFE
8.0,8.0,14.0,31.0,31.0,31.0,31.0,31.0,32.0,37.0,76.0,76.0,31.0,0.0,SAFE
5.0,5.0,6.0,6.0,6.0,7.0,7.0,10.0,11.0,14.0,27.0,87.0,7.0,0.0,SAFE
5.0,5.0,6.0,12.0,12.0,15.0,15.0,15.0,26.0,26.0,50.0,50.0,15.0,0.0,SAFE
9.0,36.0,36.0,85.0,85.0,85.0,85.0,135.0,135.0,135.0,135.0,181.0,85.0,0.0,SAFE
5.0,5.0,6.0,6.0,10.0,10.0,36.0,36.0,36.0,36.0,36.0,122.0,23.0,0.0,SAFE
5.0,5.0,5.0,5.0,7.0,7.0,7.0,7.0,23.0,30.0,30.0,97.0,7.0,0.0,SAFE
5.0,5.0,5.0,6.0,6.0,6.0,6.0,6.0,20.0,20.0,22.0,86.0,6.0,0.0,SAFE
5.0,5.0,13.0,15.0,28.0,35.0,35.0,35.0,35.0,35.0,35.0,63.0,35.0,0.0,SAFE
5.0,5.0,8.0,22.0,22.0,22.0,22.0,22.0,39.0,93.0,93.0,125.0,22.0,0.0,SAFE
5.0,6.0,21.0,21.0,30.0,31.0,53.0,53.0,53.0,53.0,97.0,97.0,42.0,0.0,SAFE
5.0,5.0,7.0,7.0,7.0,18.0,18.0,18.0,18.0,18.0,18.0,90.0,18.0,0.0,SAFE
5.0,7.0,11.0,20.0,25.0,28.0,32.0,32.0,33.0,55.0,139.0,139.0,30.0,0.0,SAFE
5.0,5.0,9.0,10.0,31.0,35.0,35.0,40.0,40.0,40.0,69.0,88.0,35.0,0.0,SAFE
6.0,9.0,10.0,10.0,14.0,33.0,39.0,39.0,39.0,39.0,49.0,75.0,36.0,0.0,SAFE
5.0,8.0,8.0,9.0,10.0,14.0,14.0,20.0,20.0,20.0,30.0,95.0,14.0,0.0,SAFE
5.0,5.0,6.0,6.0,6.0,6.0,7.0,7.0,7.0,19.0,114.0,114.0,7.0,0.0,SAFE
10.0,16.0,36.0,36.0,36.0,56.0,56.0,205.0,205.0,750.0,750.0,1501.0,56.0,0.09655647382920107,SAFE
5.0,5.0,10.0,11.0,16.0,19.0,48.0,48.0,117.0,117.0,117.0,147.0,34.0,0.0,SAFE
5.0,7.0,12.0,18.0,20.0,20.0,20.0,22.0,24.0,24.0,51.0,82.0,20.0,0.0,SAFE
5.0,5.0,5.0,6.0,6.0,6.0,6.0,17.0,18.0,18.0,34.0,64.0,6.0,0.0,SAFE
5.0,5.0,5.0,6.0,13.0,15.0,15.0,15.0,30.0,146.0,146.0,146.0,15.0,0.0,SAFE
5.0,5.0,5.0,5.0,5.0,5.0,7.0,7.0,7.0,10.0,19.0,75.0,6.0,0.0,SAFE
8.0,9.0,11.0,20.0,22.0,22.0,26.0,26.0,26.0,26.0,26.0,85.0,24.0,0.0,SAFE
6.0,9.0,10.0,14.0,14.0,14.0,14.0,16.0,16.0,24.0,34.0,69.0,14.0,0.0,SAFE
5.0,5.0,6.0,6.0,28.0,30.0,30.0,34.0,34.0,46.0,52.0,91.0,30.0,0.0,SAFE
5.0,5.0,6.0,6.0,6.0,6.0,6.0,8.0,8.0,13.0,24.0,111.0,6.0,0.0,SAFE
11.0,11.0,37.0,61.0,98.0,105.0,105.0,105.0,105.0,105.0,109.0,119.0,105.0,0.0,SAFE
6.0,6.0,10.0,12.0,15.0,15.0,21.0,25.0,78.0,78.0,81.0,84.0,18.0,0.0,SAFE
5.0,5.0,5.0,6.0,6.0,6.0,10.0,10.0,28.0,37.0,100.0,100.0,8.0,0.0,SAFE
5.0,5.0,6.0,6.0,6.0,6.0,6.0,41.0,41.0,41.0,94.0,94.0,6.0,0.0,SAFE
5.0,6.0,12.0,20.0,38.0,38.0,74.0,97.0,136.0,136.0,136.0,136.0,56.0,0.0,SAFE
5.0,5.0,6.0,9.0,10.0,14.0,22.0,22.0,34.0,34.0,34.0,108.0,18.0,0.0,SAFE
34.0,316.0,392.0,855.0,1463.0,1463.0,1463.0,1610.0,1610.0,1610.0,1610.0,1610.0,1463.0,0.6691489361702128,EXCEED
6.0,8.0,12.0,12.0,12.0,21.0,30.0,40.0,40.0,101.0,101.0,231.0,26.0,0.0,SAFE
6.0,6.0,14.0,19.0,67.0,82.0,287.0,411.0,722.0,722.0,734.0,734.0,184.0,0.2017073170731707,EXCEED
26.0,48.0,136.0,136.0,217.0,217.0,265.0,265.0,265.0,265.0,699.0,944.0,241.0,0.07414985590778089,SAFE
22.0,63.0,88.0,88.0,344.0,348.0,349.0,361.0,436.0,436.0,436.0,488.0,348.0,0.3249512670565302,EXCEED
29.0,98.0,148.0,148.0,302.0,302.0,316.0,316.0,316.0,316.0,316.0,629.0,309.0,0.31456310679611654,EXCEED
13.0,40.0,77.0,77.0,93.0,115.0,133.0,174.0,174.0,174.0,189.0,190.0,124.0,0.0,SAFE
5.0,6.0,6.0,8.0,10.0,10.0,12.0,12.0,12.0,12.0,12.0,100.0,11.0,0.0,SAFE
5.0,5.0,10.0,21.0,28.0,31.0,42.0,42.0,42.0,42.0,42.0,127.0,37.0,0.0,SAFE
6.0,7.0,8.0,10.0,10.0,10.0,10.0,10.0,14.0,23.0,35.0,85.0,10.0,0.0,SAFE
5.0,5.0,5.0,16.0,28.0,28.0,28.0,85.0,85.0,85.0,85.0,167.0,28.0,0.0,SAFE
5.0,6.0,10.0,12.0,12.0,12.0,19.0,21.0,21.0,21.0,21.0,109.0,16.0,0.0,SAFE
5.0,8.0,14.0,14.0,16.0,16.0,33.0,33.0,34.0,34.0,86.0,240.0,24.0,0.0,SAFE
5.0,5.0,7.0,8.0,12.0,12.0,12.0,12.0,25.0,25.0,55.0,91.0,12.0,0.0,SAFE
5.0,5.0,6.0,6.0,6.0,6.0,6.0,8.0,8.0,11.0,12.0,98.0,6.0,0.0,SAFE
5.0,5.0,6.0,7.0,17.0,28.0,28.0,91.0,91.0,91.0,91.0,249.0,28.0,0.0,SAFE
5.0,5.0,8.0,8.0,8.0,8.0,12.0,12.0,22.0,22.0,88.0,100.0,10.0,0.0,SAFE
5.0,5.0,5.0,7.0,9.0,9.0,22.0,22.0,22.0,22.0,23.0,64.0,16.0,0.0,SAFE
5.0,5.0,5.0,5.0,5.0,6.0,6.0,6.0,14.0,20.0,20.0,100.0,6.0,0.0,SAFE
5.0,5.0,5.0,5.0,6.0,9.0,9.0,16.0,16.0,16.0,41.0,79.0,9.0,0.0,SAFE
5.0,6.0,6.0,6.0,6.0,8.0,8.0,17.0,22.0,22.0,22.0,107.0,8.0,0.0,SAFE
54.0,54.0,78.0,138.0,138.0,138.0,138.0,138.0,138.0,367.0,367.0,367.0,138.0,0.08452034883720927,SAFE
5.0,5.0,5.0,6.0,6.0,10.0,10.0,10.0,17.0,24.0,24.0,125.0,10.0,0.0,SAFE
5.0,5.0,5.0,8.0,10.0,26.0,26.0,26.0,26.0,26.0,26.0,56.0,26.0,0.0,SAFE
5.0,6.0,6.0,7.0,11.0,11.0,11.0,15.0,15.0,15.0,31.0,98.0,11.0,0.0,SAFE
5.0,5.0,6.0,8.0,10.0,10.0,11.0,30.0,30.0,30.0,30.0,117.0,11.0,0.0,SAFE
5.0,6.0,10.0,10.0,10.0,10.0,12.0,12.0,25.0,34.0,60.0,76.0,11.0,0.0,SAFE
5.0,5.0,5.0,6.0,14.0,14.0,14.0,14.0,14.0,14.0,15.0,92.0,14.0,0.0,SAFE
5.0,5.0,10.0,16.0,20.0,30.0,30.0,32.0,32.0,32.0,32.0,71.0,30.0,0.0,SAFE
5.0,7.0,7.0,15.0,34.0,41.0,41.0,41.0,41.0,41.0,41.0,130.0,41.0,0.0,SAFE
5.0,8.0,10.0,10.0,11.0,11.0,43.0,43.0,43.0,50.0,65.0,136.0,27.0,0.0,SAFE
5.0,20.0,20.0,21.0,26.0,26.0,26.0,36.0,36.0,68.0,68.0,268.0,26.0,0.0,SAFE
5.0,5.0,5.0,7.0,7.0,7.0,9.0,9.0,9.0,14.0,44.0,86.0,8.0,0.0,SAFE
5.0,5.0,5.0,6.0,6.0,6.0,14.0,14.0,16.0,33.0,33.0,132.0,10.0,0.0,SAFE
5.0,5.0,5.0,5.0,5.0,5.0,6.0,8.0,8.0,24.0,24.0,100.0,6.0,0.0,SAFE
8.0,9.0,22.0,24.0,44.0,172.0,172.0,172.0,172.0,172.0,172.0,172.0,172.0,0.0,SAFE
6.0,7.0,12.0,12.0,32.0,32.0,32.0,105.0,105.0,105.0,105.0,152.0,32.0,0.0,SAFE
5.0,6.0,7.0,10.0,10.0,10.0,14.0,14.0,14.0,14.0,61.0,94.0,12.0,0.0,SAFE
5.0,5.0,7.0,7.0,12.0,24.0,26.0,26.0,26.0,26.0,62.0,163.0,25.0,0.0,SAFE
5.0,5.0,5.0,7.0,7.0,7.0,7.0,8.0,10.0,27.0,100.0,100.0,7.0,0.0,SAFE
10.0,10.0,22.0,27.0,54.0,54.0,125.0,125.0,152.0,152.0,152.0,179.0,89.0,0.0,SAFE
5.0,5.0,5.0,7.0,7.0,7.0,10.0,10.0,10.0,10.0,33.0,105.0,9.0,0.0,SAFE
5.0,5.0,6.0,6.0,6.0,6.0,6.0,65.0,65.0,65.0,93.0,101.0,6.0,0.0,SAFE
5.0,5.0,5.0,7.0,7.0,7.0,7.0,14.0,20.0,20.0,22.0,123.0,7.0,0.0,SAFE
5.0,5.0,12.0,15.0,20.0,20.0,20.0,22.0,22.0,22.0,23.0,95.0,20.0,0.0,SAFE
5.0,7.0,22.0,27.0,27.0,27.0,27.0,27.0,27.0,27.0,31.0,88.0,27.0,0.0,SAFE
5.0,7.0,8.0,22.0,22.0,22.0,37.0,37.0,37.0,188.0,188.0,768.0,30.0,0.046034482758620765,SAFE
5.0,5.0,10.0,11.0,39.0,43.0,46.0,51.0,55.0,73.0,73.0,73.0,44.0,0.0,SAFE
8.0,8.0,9.0,25.0,25.0,32.0,63.0,63.0,63.0,63.0,63.0,108.0,48.0,0.0,SAFE
5.0,5.0,19.0,36.0,83.0,86.0,92.0,108.0,108.0,138.0,138.0,138.0,89.0,0.0,SAFE
6.0,6.0,6.0,7.0,7.0,7.0,7.0,7.0,24.0,24.0,48.0,48.0,7.0,0.0,SAFE
5.0,5.0,5.0,5.0,5.0,6.0,12.0,12.0,12.0,13.0,38.0,82.0,9.0,0.0,SAFE
6.0,6.0,10.0,11.0,12.0,12.0,12.0,52.0,52.0,52.0,52.0,97.0,12.0,0.0,SAFE
5.0,5.0,5.0,6.0,6.0,6.0,6.0,7.0,31.0,31.0,32.0,205.0,6.0,0.0,SAFE
5.0,5.0,5.0,5.0,5.0,25.0,25.0,25.0,25.0,41.0,41.0,101.0,25.0,0.0,SAFE
5.0,5.0,5.0,7.0,9.0,11.0,13.0,13.0,24.0,24.0,30.0,121.0,12.0,0.0,SAFE
55.0,133.0,287.0,433.0,533.0,674.0,674.0,674.0,674.0,749.0,749.0,749.0,674.0,0.5068181818181818,EXCEED
5.0,5.0,6.0,6.0,15.0,16.0,16.0,54.0,57.0,64.0,64.0,102.0,16.0,0.0,SAFE
5.0,6.0,7.0,7.0,7.0,9.0,10.0,10.0,53.0,92.0,92.0,112.0,9.0,0.0,SAFE
5.0,5.0,5.0,5.0,11.0,11.0,11.0,11.0,11.0,21.0,21.0,90.0,11.0,0.0,SAFE
6.0,6.0,10.0,13.0,13.0,13.0,13.0,13.0,13.0,21.0,30.0,82.0,13.0,0.0,SAFE
5.0,5.0,7.0,7.0,7.0,7.0,23.0,28.0,74.0,74.0,74.0,137.0,15.0,0.0,SAFE
5.0,5.0,9.0,9.0,9.0,9.0,9.0,9.0,36.0,36.0,36.0,110.0,9.0,0.0,SAFE
5.0,5.0,5.0,7.0,10.0,10.0,10.0,10.0,29.0,29.0,29.0,94.0,10.0,0.0,SAFE
5.0,5.0,5.0,5.0,5.0,5.0,5.0,5.0,9.0,23.0,27.0,83.0,5.0,0.0,SAFE
5.0,5.0,9.0,10.0,11.0,11.0,12.0,12.0,12.0,16.0,23.0,95.0,11.0,0.0,SAFE
5.0,7.0,11.0,11.0,20.0,28.0,28.0,70.0,70.0,70.0,70.0,93.0,28.0,0.0,SAFE
5.0,5.0,13.0,13.0,13.0,18.0,18.0,33.0,33.0,33.0,33.0,82.0,18.0,0.0,SAFE
5.0,6.0,6.0,6.0,6.0,10.0,10.0,14.0,20.0,22.0,22.0,67.0,10.0,0.0,SAFE
5.0,5.0,7.0,7.0,7.0,12.0,18.0,21.0,21.0,21.0,21.0,92.0,15.0,0.0,SAFE
5.0,5.0,5.0,6.0,6.0,7.0,8.0,8.0,17.0,18.0,18.0,101.0,8.0,0.0,SAFE
5.0,5.0,9.0,10.0,12.0,13.0,25.0,25.0,25.0,25.0,25.0,80.0,19.0,0.0,SAFE
5.0,6.0,6.0,6.0,6.0,6.0,12.0,66.0,66.0,82.0,82.0,142.0,9.0,0.0,SAFE
6.0,12.0,67.0,67.0,93.0,93.0,93.0,93.0,249.0,249.0,249.0,249.0,93.0,0.0,SAFE
5.0,5.0,6.0,30.0,30.0,56.0,60.0,61.0,61.0,66.0,66.0,89.0,58.0,0.0,SAFE
9.0,53.0,182.0,182.0,350.0,350.0,350.0,350.0,487.0,504.0,649.0,649.0,350.0,0.34170403587443954,EXCEED
5.0,6.0,20.0,25.0,25.0,25.0,25.0,25.0,25.0,25.0,25.0,100.0,25.0,0.0,SAFE
6.0,6.0,8.0,8.0,8.0,8.0,8.0,8.0,15.0,26.0,26.0,97.0,8.0,0.0,SAFE
44.0,254.0,531.0,545.0,706.0,995.0,1307.0,1307.0,1395.0,1395.0,1395.0,1395.0,1151.0,0.6359205776173286,EXCEED
5.0,5.0,7.0,7.0,7.0,10.0,10.0,10.0,10.0,12.0,27.0,115.0,10.0,0.0,SAFE
5.0,6.0,6.0,6.0,6.0,7.0,7.0,16.0,16.0,16.0,16.0,80.0,7.0,0.0,SAFE
5.0,5.0,5.0,10.0,32.0,32.0,32.0,32.0,32.0,32.0,32.0,142.0,32.0,0.0,SAFE
6.0,6.0,6.0,6.0,11.0,11.0,11.0,11.0,49.0,49.0,49.0,99.0,11.0,0.0,SAFE
5.0,5.0,8.0,8.0,8.0,11.0,11.0,11.0,15.0,30.0,72.0,95.0,11.0,0.0,SAFE
5.0,5.0,6.0,6.0,6.0,6.0,6.0,22.0,22.0,22.0,22.0,79.0,6.0,0.0,SAFE
5.0,6.0,8.0,8.0,8.0,10.0,10.0,10.0,11.0,16.0,16.0,92.0,10.0,0.0,SAFE
6.0,10.0,28.0,52.0,97.0,106.0,142.0,260.0,260.0,260.0,260.0,260.0,124.0,0.0,SAFE
8.0,8.0,29.0,74.0,74.0,74.0,74.0,74.0,74.0,74.0,74.0,272.0,74.0,0.0,SAFE
11.0,20.0,62.0,96.0,134.0,197.0,197.0,197.0,201.0,201.0,201.0,201.0,197.0,0.0,SAFE
5.0,5.0,8.0,20.0,29.0,57.0,163.0,163.0,209.0,209.0,209.0,209.0,110.0,0.0,SAFE
9.0,14.0,14.0,32.0,32.0,32.0,32.0,32.0,46.0,46.0,46.0,169.0,32.0,0.0,SAFE
5.0,7.0,10.0,11.0,11.0,11.0,11.0,11.0,32.0,32.0,32.0,98.0,11.0,0.0,SAFE
5.0,5.0,5.0,12.0,24.0,24.0,24.0,184.0,184.0,401.0,401.0,401.0,24.0,0.08895705521472386,SAFE
5.0,6.0,11.0,12.0,20.0,26.0,46.0,46.0,46.0,46.0,84.0,103.0,36.0,0.0,SAFE
9.0,17.0,35.0,116.0,125.0,125.0,125.0,125.0,125.0,198.0,198.0,198.0,125.0,0.0,SAFE
6.0,14.0,22.0,22.0,54.0,54.0,155.0,155.0,155.0,155.0,234.0,234.0,104.0,0.0,SAFE
5.0,5.0,9.0,12.0,12.0,12.0,12.0,12.0,12.0,12.0,12.0,273.0,12.0,0.0,SAFE
5.0,8.0,14.0,14.0,49.0,65.0,65.0,69.0,90.0,90.0,90.0,102.0,65.0,0.0,SAFE
5.0,5.0,6.0,6.0,12.0,16.0,16.0,16.0,30.0,52.0,52.0,130.0,16.0,0.0,SAFE
5.0,5.0,5.0,5.0,5.0,7.0,7.0,7.0,7.0,14.0,44.0,91.0,7.0,0.0,SAFE
5.0,6.0,52.0,52.0,52.0,52.0,52.0,52.0,52.0,154.0,154.0,154.0,52.0,0.0,SAFE
5.0,6.0,12.0,13.0,20.0,30.0,30.0,37.0,43.0,43.0,43.0,144.0,30.0,0.0,SAFE
5.0,7.0,17.0,19.0,25.0,51.0,72.0,72.0,72.0,80.0,80.0,112.0,62.0,0.0,SAFE
5.0,5.0,6.0,6.0,11.0,19.0,19.0,19.0,19.0,19.0,38.0,101.0,19.0,0.0,SAFE
27.0,465.0,1181.0,1902.0,2558.0,3207.0,3570.0,5130.0,6540.0,6540.0,6543.0,6543.0,3388.0,0.7133561643835616,EXCEED
9.0,16.0,115.0,135.0,285.0,285.0,288.0,288.0,344.0,344.0,344.0,344.0,287.0,0.30333333333333334,EXCEED
6.0,8.0,14.0,20.0,55.0,55.0,55.0,91.0,110.0,110.0,110.0,156.0,55.0,0.0,SAFE
5.0,7.0,30.0,75.0,177.0,177.0,177.0,235.0,235.0,235.0,235.0,235.0,177.0,0.0,SAFE
5.0,5.0,6.0,16.0,63.0,66.0,66.0,66.0,104.0,104.0,134.0,134.0,66.0,0.0,SAFE
6.0,12.0,69.0,177.0,263.0,311.0,312.0,312.0,312.0,315.0,315.0,315.0,311.0,0.2822916666666667,EXCEED
5.0,6.0,12.0,12.0,15.0,15.0,16.0,16.0,22.0,59.0,59.0,124.0,15.0,0.0,SAFE
6.0,9.0,13.0,25.0,48.0,48.0,48.0,48.0,48.0,48.0,84.0,84.0,48.0,0.0,SAFE
5.0,5.0,8.0,9.0,9.0,9.0,9.0,11.0,15.0,16.0,36.0,76.0,9.0,0.0,SAFE
6.0,6.0,12.0,28.0,28.0,52.0,55.0,55.0,59.0,77.0,81.0,211.0,54.0,0.0,SAFE
12.0,15.0,27.0,86.0,86.0,86.0,116.0,250.0,250.0,250.0,250.0,250.0,101.0,0.0,SAFE
13.0,18.0,31.0,31.0,44.0,44.0,44.0,44.0,106.0,154.0,154.0,206.0,44.0,0.0,SAFE
6.0,8.0,19.0,31.0,68.0,78.0,78.0,90.0,90.0,90.0,90.0,156.0,78.0,0.0,SAFE
5.0,6.0,8.0,9.0,9.0,9.0,22.0,22.0,22.0,22.0,22.0,100.0,16.0,0.0,SAFE
5.0,5.0,5.0,6.0,6.0,6.0,7.0,8.0,18.0,19.0,29.0,86.0,7.0,0.0,SAFE
5.0,7.0,15.0,15.0,15.0,19.0,19.0,19.0,37.0,62.0,62.0,121.0,19.0,0.0,SAFE
5.0,5.0,6.0,6.0,6.0,16.0,25.0,25.0,46.0,46.0,46.0,92.0,20.0,0.0,SAFE
5.0,5.0,8.0,8.0,8.0,8.0,8.0,8.0,8.0,11.0,15.0,81.0,8.0,0.0,SAFE
6.0,6.0,19.0,21.0,21.0,21.0,29.0,60.0,60.0,60.0,60.0,77.0,25.0,0.0,SAFE
5.0,10.0,11.0,12.0,13.0,14.0,18.0,18.0,20.0,20.0,25.0,90.0,16.0,0.0,SAFE
5.0,5.0,6.0,6.0,10.0,10.0,10.0,10.0,11.0,11.0,17.0,119.0,10.0,0.0,SAFE
8.0,8.0,12.0,13.0,20.0,24.0,24.0,24.0,24.0,37.0,49.0,86.0,24.0,0.0,SAFE
5.0,17.0,20.0,31.0,31.0,31.0,90.0,116.0,116.0,126.0,126.0,231.0,61.0,0.0,SAFE
5.0,5.0,5.0,8.0,10.0,10.0,10.0,10.0,28.0,28.0,37.0,84.0,10.0,0.0,SAFE
6.0,6.0,11.0,19.0,31.0,32.0,32.0,44.0,50.0,50.0,50.0,91.0,32.0,0.0,SAFE
5.0,5.0,5.0,5.0,12.0,12.0,12.0,31.0,31.0,120.0,120.0,120.0,12.0,0.0,SAFE
5.0,5.0,6.0,7.0,8.0,8.0,8.0,8.0,19.0,22.0,24.0,91.0,8.0,0.0,SAFE
8.0,8.0,14.0,14.0,52.0,52.0,54.0,162.0,175.0,175.0,175.0,175.0,53.0,0.0,SAFE
5.0,6.0,11.0,11.0,11.0,11.0,21.0,23.0,23.0,23.0,23.0,109.0,16.0,0.0,SAFE
9.0,24.0,57.0,73.0,139.0,139.0,139.0,221.0,221.0,221.0,221.0,221.0,139.0,0.0,SAFE
5.0,5.0,5.0,6.0,8.0,8.0,12.0,12.0,14.0,45.0,68.0,121.0,10.0,0.0,SAFE
5.0,5.0,7.0,9.0,9.0,9.0,9.0,12.0,14.0,14.0,26.0,101.0,9.0,0.0,SAFE
5.0,5.0,9.0,34.0,34.0,93.0,155.0,155.0,420.0,420.0,576.0,576.0,124.0,0.1264150943396226,SAFE
5.0,5.0,6.0,15.0,15.0,32.0,32.0,32.0,32.0,41.0,52.0,138.0,32.0,0.0,SAFE
5.0,5.0,6.0,6.0,6.0,8.0,9.0,9.0,19.0,26.0,26.0,138.0,8.0,0.0,SAFE
6.0,6.0,14.0,14.0,40.0,109.0,158.0,158.0,498.0,498.0,498.0,498.0,133.0,0.13198529411764703,SAFE
8.0,10.0,18.0,49.0,155.0,155.0,332.0,893.0,1053.0,1091.0,1091.0,1091.0,244.0,0.21468926553672318,EXCEED
5.0,5.0,6.0,6.0,8.0,8.0,8.0,8.0,8.0,8.0,122.0,122.0,8.0,0.0,SAFE
141.0,1184.0,2020.0,3252.0,3252.0,3588.0,3588.0,3588.0,3648.0,3649.0,3649.0,3649.0,3588.0,0.7800095877277085,EXCEED
5.0,9.0,18.0,18.0,18.0,18.0,28.0,44.0,44.0,44.0,44.0,72.0,23.0,0.0,SAFE
7.0,12.0,40.0,64.0,98.0,98.0,118.0,118.0,159.0,159.0,159.0,159.0,108.0,0.0,SAFE
8.0,13.0,20.0,20.0,20.0,20.0,26.0,38.0,170.0,170.0,170.0,170.0,23.0,0.0,SAFE
5.0,17.0,76.0,166.0,210.0,222.0,231.0,231.0,242.0,242.0,242.0,242.0,226.0,0.0,SAFE
5.0,5.0,12.0,12.0,15.0,15.0,15.0,39.0,39.0,39.0,59.0,147.0,15.0,0.0,SAFE
5.0,7.0,20.0,20.0,28.0,38.0,38.0,38.0,73.0,73.0,85.0,215.0,38.0,0.0,SAFE
7.0,14.0,206.0,206.0,206.0,254.0,290.0,305.0,305.0,305.0,305.0,305.0,272.0,0.2138888888888889,EXCEED
6.0,12.0,35.0,35.0,36.0,36.0,111.0,111.0,111.0,181.0,181.0,181.0,73.0,0.0,SAFE
5.0,5.0,6.0,6.0,6.0,48.0,50.0,50.0,50.0,50.0,76.0,123.0,49.0,0.0,SAFE
5.0,5.0,8.0,8.0,8.0,8.0,14.0,14.0,27.0,28.0,60.0,170.0,11.0,0.0,SAFE
46.0,76.0,76.0,76.0,84.0,84.0,145.0,145.0,145.0,145.0,145.0,175.0,114.0,0.0,SAFE
5.0,7.0,9.0,9.0,9.0,23.0,34.0,50.0,66.0,92.0,92.0,117.0,28.0,0.0,SAFE
5.0,5.0,5.0,8.0,8.0,8.0,19.0,41.0,41.0,41.0,71.0,83.0,14.0,0.0,SAFE
6.0,6.0,13.0,20.0,21.0,21.0,25.0,25.0,32.0,32.0,32.0,88.0,23.0,0.0,SAFE
9.0,17.0,17.0,17.0,17.0,46.0,137.0,137.0,219.0,219.0,219.0,268.0,92.0,0.0,SAFE
10.0,10.0,24.0,28.0,37.0,37.0,37.0,56.0,56.0,196.0,196.0,196.0,37.0,0.0,SAFE
5.0,5.0,5.0,6.0,8.0,8.0,31.0,31.0,31.0,31.0,47.0,81.0,20.0,0.0,SAFE
7.0,7.0,8.0,8.0,10.0,10.0,14.0,21.0,52.0,52.0,52.0,123.0,12.0,0.0,SAFE
5.0,12.0,31.0,34.0,41.0,58.0,58.0,73.0,73.0,73.0,73.0,127.0,58.0,0.0,SAFE
6.0,7.0,10.0,10.0,12.0,12.0,29.0,142.0,302.0,302.0,302.0,302.0,20.0,0.10687499999999994,SAFE
6.0,6.0,14.0,14.0,29.0,64.0,64.0,92.0,92.0,92.0,92.0,96.0,64.0,0.0,SAFE
5.0,5.0,8.0,20.0,23.0,24.0,24.0,30.0,31.0,31.0,32.0,106.0,24.0,0.0,SAFE
9.0,10.0,12.0,18.0,34.0,36.0,39.0,53.0,53.0,53.0,117.0,117.0,38.0,0.0,SAFE
5.0,8.0,15.0,25.0,26.0,26.0,36.0,36.0,36.0,51.0,51.0,109.0,31.0,0.0,SAFE
5.0,5.0,5.0,8.0,8.0,8.0,34.0,34.0,115.0,115.0,115.0,483.0,21.0,0.03879076086956523,SAFE
56.0,523.0,846.0,1232.0,1646.0,1646.0,1646.0,1646.0,1646.0,1646.0,1646.0,1646.0,1646.0,0.728051391862955,EXCEED
32.0,55.0,236.0,474.0,640.0,669.0,669.0,669.0,689.0,731.0,731.0,731.0,669.0,0.48151260504201676,EXCEED
5.0,8.0,8.0,18.0,18.0,27.0,27.0,80.0,80.0,80.0,80.0,179.0,27.0,0.0,SAFE
5.0,5.0,6.0,7.0,13.0,18.0,21.0,44.0,44.0,44.0,44.0,142.0,20.0,0.0,SAFE
19.0,61.0,172.0,194.0,238.0,339.0,339.0,601.0,876.0,876.0,1080.0,1080.0,339.0,0.27920792079207923,EXCEED
5.0,8.0,8.0,11.0,11.0,11.0,14.0,48.0,48.0,48.0,48.0,102.0,13.0,0.0,SAFE
5.0,5.0,8.0,8.0,8.0,8.0,8.0,8.0,21.0,21.0,21.0,105.0,8.0,0.0,SAFE
5.0,5.0,6.0,13.0,14.0,24.0,42.0,70.0,70.0,70.0,70.0,114.0,33.0,0.0,SAFE
5.0,5.0,8.0,8.0,10.0,10.0,12.0,12.0,19.0,19.0,19.0,92.0,11.0,0.0,SAFE
6.0,6.0,13.0,13.0,13.0,29.0,29.0,129.0,168.0,168.0,168.0,168.0,29.0,0.0,SAFE
5.0,7.0,12.0,20.0,20.0,22.0,22.0,58.0,58.0,58.0,58.0,68.0,22.0,0.0,SAFE
94.0,244.0,333.0,401.0,449.0,699.0,699.0,699.0,699.0,699.0,699.0,699.0,699.0,0.5893258426966292,EXCEED
9.0,106.0,173.0,173.0,228.0,228.0,228.0,233.0,233.0,233.0,233.0,233.0,228.0,0.0,SAFE
5.0,5.0,5.0,8.0,8.0,12.0,12.0,28.0,28.0,28.0,28.0,108.0,12.0,0.0,SAFE
5.0,5.0,5.0,5.0,5.0,6.0,6.0,60.0,60.0,60.0,79.0,112.0,6.0,0.0,SAFE
5.0,5.0,5.0,5.0,16.0,40.0,40.0,40.0,40.0,40.0,49.0,164.0,40.0,0.0,SAFE
5.0,5.0,5.0,6.0,7.0,7.0,7.0,8.0,9.0,17.0,25.0,60.0,7.0,0.0,SAFE
5.0,5.0,5.0,5.0,21.0,21.0,21.0,23.0,23.0,23.0,50.0,91.0,21.0,0.0,SAFE
56.0,145.0,644.0,1268.0,1365.0,1365.0,1365.0,1479.0,1493.0,1493.0,1502.0,1502.0,1365.0,0.6094188376753507,EXCEED
5.0,7.0,11.0,19.0,19.0,19.0,20.0,28.0,28.0,28.0,69.0,107.0,20.0,0.0,SAFE
18.0,128.0,227.0,227.0,227.0,227.0,227.0,227.0,227.0,227.0,620.0,620.0,227.0,0.07163798597833015,SAFE
5.0,6.0,16.0,16.0,16.0,16.0,16.0,16.0,16.0,16.0,37.0,110.0,16.0,0.0,SAFE
6.0,31.0,52.0,103.0,103.0,145.0,207.0,245.0,245.0,245.0,245.0,245.0,176.0,0.0,SAFE
7.0,11.0,11.0,11.0,24.0,24.0,24.0,24.0,24.0,24.0,48.0,122.0,24.0,0.0,SAFE
7.0,7.0,20.0,20.0,25.0,25.0,25.0,25.0,28.0,28.0,81.0,112.0,25.0,0.0,SAFE
5.0,5.0,5.0,6.0,20.0,20.0,20.0,30.0,30.0,30.0,30.0,89.0,20.0,0.0,SAFE
5.0,5.0,27.0,27.0,27.0,27.0,27.0,27.0,27.0,132.0,132.0,132.0,27.0,0.0,SAFE
9.0,20.0,40.0,40.0,74.0,74.0,74.0,74.0,160.0,160.0,383.0,383.0,74.0,0.061573033707865155,SAFE
5.0,5.0,5.0,65.0,65.0,65.0,65.0,65.0,87.0,87.0,87.0,322.0,65.0,0.02947443181818188,SAFE
5.0,5.0,6.0,6.0,6.0,6.0,15.0,17.0,21.0,28.0,28.0,122.0,10.0,0.0,SAFE
6.0,7.0,14.0,29.0,48.0,64.0,66.0,66.0,66.0,66.0,88.0,104.0,65.0,0.0,SAFE
17.0,36.0,297.0,434.0,709.0,1441.0,1760.0,3528.0,4765.0,5220.0,5679.0,5790.0,1600.0,0.5097701149425288,EXCEED
5.0,17.0,25.0,66.0,194.0,194.0,194.0,285.0,294.0,294.0,294.0,294.0,194.0,0.15274725274725276,SAFE
5.0,10.0,10.0,26.0,26.0,26.0,26.0,26.0,26.0,90.0,90.0,115.0,26.0,0.0,SAFE
5.0,5.0,8.0,8.0,19.0,25.0,25.0,37.0,56.0,56.0,56.0,78.0,25.0,0.0,SAFE
12.0,26.0,26.0,55.0,55.0,65.0,65.0,65.0,107.0,107.0,558.0,558.0,65.0,0.06542081949058698,SAFE
5.0,9.0,11.0,20.0,33.0,33.0,33.0,33.0,72.0,72.0,94.0,94.0,33.0,0.0,SAFE
5.0,5.0,9.0,15.0,17.0,17.0,17.0,19.0,21.0,24.0,24.0,93.0,17.0,0.0,SAFE
10.0,10.0,54.0,207.0,290.0,290.0,296.0,296.0,533.0,537.0,537.0,537.0,293.0,0.31257485029940124,EXCEED
5.0,8.0,14.0,22.0,22.0,26.0,26.0,26.0,26.0,58.0,63.0,90.0,26.0,0.0,SAFE
8.0,8.0,25.0,64.0,64.0,109.0,187.0,271.0,334.0,344.0,344.0,344.0,148.0,0.1428571428571429,SAFE
5.0,6.0,6.0,6.0,6.0,6.0,21.0,43.0,95.0,95.0,95.0,228.0,14.0,0.0,SAFE
5.0,5.0,5.0,6.0,8.0,8.0,9.0,9.0,29.0,29.0,44.0,109.0,8.0,0.0,SAFE
56.0,532.0,979.0,1726.0,2192.0,2192.0,3127.0,3127.0,3502.0,3502.0,3522.0,3522.0,2660.0,0.7294117647058824,EXCEED
5.0,6.0,9.0,22.0,22.0,39.0,39.0,79.0,79.0,122.0,122.0,144.0,39.0,0.0,SAFE
5.0,5.0,6.0,6.0,7.0,7.0,66.0,66.0,66.0,66.0,66.0,110.0,37.0,0.0,SAFE
10.0,67.0,167.0,167.0,167.0,428.0,428.0,428.0,449.0,449.0,592.0,592.0,428.0,0.27835249042145593,EXCEED
10.0,10.0,14.0,14.0,98.0,98.0,204.0,204.0,244.0,244.0,244.0,485.0,151.0,0.04626556016597516,SAFE
34.0,173.0,496.0,858.0,858.0,993.0,1152.0,1152.0,1201.0,1201.0,1368.0,1368.0,1072.0,0.6003095975232198,EXCEED
16.0,20.0,27.0,34.0,37.0,37.0,37.0,37.0,37.0,109.0,109.0,168.0,37.0,0.0,SAFE
5.0,5.0,7.0,7.0,18.0,18.0,18.0,27.0,62.0,62.0,94.0,147.0,18.0,0.0,SAFE
5.0,5.0,16.0,32.0,32.0,41.0,41.0,41.0,41.0,148.0,190.0,190.0,41.0,0.0,SAFE
5.0,7.0,10.0,28.0,28.0,28.0,28.0,44.0,64.0,64.0,68.0,87.0,28.0,0.0,SAFE
5.0,7.0,12.0,12.0,28.0,28.0,28.0,28.0,75.0,111.0,111.0,120.0,28.0,0.0,SAFE
7.0,7.0,13.0,13.0,13.0,13.0,13.0,13.0,50.0,50.0,50.0,112.0,13.0,0.0,SAFE
7.0,9.0,34.0,77.0,114.0,219.0,277.0,295.0,295.0,295.0,295.0,295.0,248.0,0.19166666666666665,EXCEED
5.0,5.0,9.0,9.0,9.0,33.0,33.0,68.0,74.0,74.0,132.0,132.0,33.0,0.0,SAFE
5.0,6.0,10.0,10.0,18.0,22.0,22.0,38.0,38.0,103.0,103.0,149.0,22.0,0.0,SAFE
5.0,5.0,7.0,7.0,12.0,12.0,20.0,28.0,28.0,28.0,28.0,107.0,16.0,0.0,SAFE
5.0,5.0,6.0,6.0,6.0,6.0,30.0,30.0,30.0,36.0,96.0,180.0,18.0,0.0,SAFE
5.0,9.0,9.0,9.0,69.0,69.0,69.0,69.0,69.0,69.0,69.0,132.0,69.0,0.0,SAFE
6.0,6.0,11.0,20.0,23.0,23.0,24.0,24.0,77.0,96.0,96.0,96.0,24.0,0.0,SAFE
5.0,5.0,5.0,6.0,6.0,6.0,6.0,6.0,6.0,18.0,18.0,65.0,6.0,0.0,SAFE
5.0,5.0,5.0,5.0,6.0,6.0,6.0,6.0,10.0,74.0,74.0,121.0,6.0,0.0,SAFE
5.0,5.0,5.0,5.0,5.0,6.0,6.0,7.0,7.0,9.0,15.0,58.0,6.0,0.0,SAFE
5.0,6.0,6.0,7.0,8.0,8.0,8.0,19.0,19.0,19.0,71.0,71.0,8.0,0.0,SAFE
20.0,28.0,115.0,222.0,222.0,222.0,248.0,248.0,248.0,248.0,248.0,248.0,235.0,0.0,SAFE
5.0,5.0,5.0,9.0,9.0,9.0,10.0,10.0,71.0,108.0,126.0,126.0,9.0,0.0,SAFE
7.0,12.0,12.0,37.0,46.0,46.0,46.0,93.0,93.0,108.0,108.0,189.0,46.0,0.0,SAFE
5.0,6.0,6.0,6.0,6.0,6.0,14.0,14.0,14.0,16.0,34.0,114.0,10.0,0.0,SAFE
5.0,6.0,6.0,6.0,8.0,8.0,8.0,11.0,23.0,41.0,95.0,228.0,8.0,0.0,SAFE
5.0,5.0,12.0,21.0,21.0,21.0,21.0,38.0,38.0,73.0,400.0,400.0,21.0,0.059174311926605494,SAFE
5.0,6.0,10.0,10.0,15.0,15.0,15.0,15.0,15.0,85.0,85.0,85.0,15.0,0.0,SAFE
5.0,5.0,8.0,8.0,10.0,10.0,11.0,11.0,96.0,96.0,116.0,116.0,10.0,0.0,SAFE
5.0,5.0,5.0,6.0,10.0,13.0,24.0,24.0,87.0,87.0,87.0,99.0,18.0,0.0,SAFE
5.0,5.0,5.0,7.0,7.0,7.0,7.0,7.0,7.0,26.0,26.0,47.0,7.0,0.0,SAFE
5.0,5.0,5.0,8.0,10.0,10.0,18.0,18.0,18.0,18.0,54.0,126.0,14.0,0.0,SAFE
5.0,5.0,6.0,9.0,14.0,14.0,16.0,16.0,27.0,29.0,29.0,29.0,15.0,0.0,SAFE
12.0,20.0,20.0,20.0,91.0,91.0,91.0,91.0,91.0,91.0,91.0,268.0,91.0,0.0,SAFE
5.0,5.0,5.0,12.0,14.0,14.0,14.0,14.0,19.0,19.0,33.0,41.0,14.0,0.0,SAFE
5.0,5.0,8.0,8.0,8.0,8.0,8.0,16.0,33.0,97.0,154.0,154.0,8.0,0.0,SAFE
6.0,7.0,11.0,13.0,13.0,16.0,16.0,16.0,16.0,33.0,33.0,83.0,16.0,0.0,SAFE
5.0,6.0,6.0,10.0,10.0,10.0,10.0,11.0,11.0,19.0,70.0,111.0,10.0,0.0,SAFE
6.0,8.0,15.0,28.0,52.0,52.0,69.0,78.0,78.0,78.0,78.0,78.0,60.0,0.0,SAFE
7.0,7.0,11.0,11.0,12.0,12.0,22.0,22.0,22.0,22.0,22.0,122.0,17.0,0.0,SAFE
6.0,6.0,6.0,6.0,8.0,12.0,12.0,20.0,20.0,20.0,35.0,78.0,12.0,0.0,SAFE
5.0,5.0,5.0,7.0,7.0,7.0,7.0,10.0,10.0,17.0,18.0,168.0,7.0,0.0,SAFE
5.0,5.0,5.0,5.0,8.0,8.0,8.0,8.0,19.0,19.0,30.0,117.0,8.0,0.0,SAFE
5.0,7.0,8.0,10.0,21.0,21.0,21.0,21.0,21.0,21.0,21.0,67.0,21.0,0.0,SAFE
5.0,8.0,17.0,18.0,19.0,33.0,33.0,52.0,65.0,65.0,65.0,65.0,33.0,0.0,SAFE
5.0,5.0,5.0,5.0,5.0,5.0,12.0,12.0,12.0,12.0,19.0,129.0,8.0,0.0,SAFE
5.0,5.0,6.0,6.0,8.0,28.0,28.0,35.0,35.0,35.0,78.0,150.0,28.0,0.0,SAFE
5.0,5.0,6.0,6.0,7.0,7.0,13.0,62.0,62.0,62.0,63.0,83.0,10.0,0.0,SAFE
6.0,6.0,7.0,38.0,38.0,38.0,38.0,38.0,58.0,70.0,70.0,89.0,38.0,0.0,SAFE
5.0,5.0,5.0,9.0,9.0,9.0,16.0,16.0,32.0,67.0,81.0,81.0,12.0,0.0,SAFE
5.0,5.0,5.0,7.0,12.0,12.0,12.0,12.0,22.0,22.0,66.0,147.0,12.0,0.0,SAFE
5.0,5.0,6.0,6.0,6.0,9.0,9.0,18.0,18.0,18.0,19.0,59.0,9.0,0.0,SAFE
7.0,11.0,89.0,101.0,116.0,151.0,151.0,151.0,151.0,151.0,151.0,195.0,151.0,0.0,SAFE
5.0,5.0,8.0,8.0,16.0,16.0,17.0,22.0,38.0,38.0,56.0,89.0,16.0,0.0,SAFE
5.0,6.0,6.0,10.0,10.0,24.0,46.0,46.0,46.0,66.0,106.0,110.0,35.0,0.0,SAFE
6.0,11.0,11.0,22.0,32.0,34.0,34.0,46.0,61.0,61.0,61.0,81.0,34.0,0.0,SAFE
5.0,5.0,5.0,5.0,6.0,12.0,12.0,32.0,32.0,32.0,32.0,82.0,12.0,0.0,SAFE
5.0,5.0,8.0,8.0,8.0,11.0,11.0,11.0,25.0,25.0,41.0,89.0,11.0,0.0,SAFE
5.0,7.0,11.0,11.0,11.0,11.0,16.0,16.0,21.0,21.0,21.0,87.0,14.0,0.0,SAFE
5.0,5.0,5.0,9.0,11.0,11.0,17.0,29.0,29.0,52.0,74.0,75.0,14.0,0.0,SAFE
5.0,6.0,6.0,18.0,28.0,28.0,34.0,34.0,46.0,46.0,46.0,133.0,31.0,0.0,SAFE
5.0,5.0,7.0,13.0,13.0,13.0,13.0,13.0,13.0,13.0,87.0,90.0,13.0,0.0,SAFE
5.0,5.0,7.0,7.0,7.0,14.0,14.0,16.0,22.0,22.0,46.0,60.0,14.0,0.0,SAFE
5.0,6.0,10.0,10.0,13.0,29.0,29.0,29.0,29.0,63.0,78.0,128.0,29.0,0.0,SAFE
5.0,5.0,5.0,6.0,6.0,6.0,6.0,6.0,15.0,15.0,15.0,57.0,6.0,0.0,SAFE
5.0,5.0,7.0,10.0,10.0,10.0,10.0,68.0,68.0,71.0,94.0,160.0,10.0,0.0,SAFE
5.0,5.0,5.0,5.0,6.0,6.0,6.0,19.0,19.0,19.0,19.0,89.0,6.0,0.0,SAFE
5.0,6.0,6.0,13.0,13.0,13.0,13.0,13.0,76.0,76.0,76.0,120.0,13.0,0.0,SAFE
5.0,8.0,11.0,14.0,14.0,14.0,14.0,14.0,14.0,14.0,23.0,90.0,14.0,0.0,SAFE
5.0,6.0,6.0,7.0,7.0,12.0,13.0,16.0,16.0,16.0,16.0,69.0,12.0,0.0,SAFE
5.0,7.0,10.0,15.0,24.0,24.0,24.0,25.0,58.0,58.0,147.0,151.0,24.0,0.0,SAFE
5.0,8.0,15.0,31.0,31.0,31.0,42.0,43.0,43.0,43.0,116.0,116.0,36.0,0.0,SAFE
7.0,7.0,15.0,34.0,67.0,99.0,169.0,182.0,182.0,182.0,182.0,182.0,134.0,0.0,SAFE
6.0,7.0,16.0,39.0,71.0,97.0,201.0,203.0,361.0,361.0,361.0,361.0,149.0,0.12563291139240507,SAFE
5.0,8.0,23.0,24.0,24.0,24.0,29.0,29.0,29.0,29.0,85.0,174.0,27.0,0.0,SAFE
6.0,6.0,8.0,8.0,10.0,20.0,20.0,24.0,24.0,24.0,25.0,121.0,20.0,0.0,SAFE
5.0,7.0,10.0,10.0,56.0,56.0,95.0,110.0,110.0,130.0,130.0,151.0,76.0,0.0,SAFE
6.0,11.0,38.0,126.0,126.0,139.0,163.0,181.0,181.0,181.0,181.0,181.0,151.0,0.0,SAFE
8.0,8.0,12.0,70.0,70.0,70.0,72.0,72.0,72.0,72.0,72.0,98.0,71.0,0.0,SAFE
6.0,7.0,17.0,21.0,37.0,37.0,37.0,37.0,78.0,78.0,78.0,78.0,37.0,0.0,SAFE
6.0,7.0,46.0,76.0,76.0,167.0,190.0,280.0,280.0,280.0,280.0,280.0,178.0,0.0,SAFE
10.0,10.0,11.0,11.0,14.0,22.0,24.0,24.0,50.0,50.0,84.0,181.0,23.0,0.0,SAFE
8.0,8.0,12.0,12.0,12.0,38.0,38.0,38.0,39.0,39.0,39.0,110.0,38.0,0.0,SAFE
5.0,5.0,6.0,6.0,7.0,7.0,8.0,15.0,15.0,16.0,106.0,195.0,8.0,0.0,SAFE
5.0,5.0,6.0,6.0,6.0,12.0,18.0,18.0,18.0,29.0,48.0,80.0,15.0,0.0,SAFE
5.0,5.0,5.0,5.0,12.0,12.0,12.0,12.0,16.0,16.0,69.0,177.0,12.0,0.0,SAFE
5.0,5.0,5.0,9.0,9.0,9.0,9.0,9.0,9.0,28.0,28.0,70.0,9.0,0.0,SAFE
5.0,7.0,9.0,10.0,10.0,10.0,11.0,11.0,11.0,52.0,52.0,61.0,11.0,0.0,SAFE
5.0,10.0,15.0,31.0,31.0,31.0,40.0,44.0,57.0,57.0,159.0,159.0,36.0,0.0,SAFE
7.0,7.0,12.0,16.0,16.0,16.0,16.0,16.0,16.0,49.0,81.0,122.0,16.0,0.0,SAFE
5.0,5.0,5.0,5.0,5.0,6.0,6.0,13.0,16.0,16.0,23.0,138.0,6.0,0.0,SAFE
6.0,6.0,11.0,94.0,94.0,256.0,256.0,569.0,788.0,866.0,896.0,908.0,256.0,0.19623999999999997,EXCEED
5.0,9.0,10.0,16.0,16.0,16.0,16.0,16.0,53.0,203.0,203.0,239.0,16.0,0.0,SAFE
10.0,14.0,28.0,51.0,54.0,79.0,79.0,79.0,79.0,79.0,206.0,377.0,79.0,0.03918128654970765,SAFE
5.0,8.0,8.0,10.0,10.0,11.0,37.0,37.0,37.0,182.0,186.0,186.0,24.0,0.0,SAFE
5.0,6.0,6.0,7.0,8.0,8.0,8.0,20.0,20.0,20.0,84.0,102.0,8.0,0.0,SAFE
5.0,6.0,7.0,20.0,20.0,27.0,27.0,27.0,27.0,27.0,27.0,85.0,27.0,0.0,SAFE
5.0,8.0,19.0,198.0,272.0,272.0,354.0,354.0,410.0,463.0,473.0,473.0,312.0,0.24481707317073176,EXCEED
6.0,6.0,31.0,56.0,68.0,87.0,103.0,108.0,108.0,108.0,108.0,108.0,95.0,0.0,SAFE
6.0,7.0,27.0,32.0,45.0,45.0,49.0,49.0,49.0,49.0,87.0,93.0,47.0,0.0,SAFE
5.0,5.0,6.0,6.0,7.0,8.0,18.0,18.0,18.0,18.0,113.0,113.0,13.0,0.0,SAFE
6.0,7.0,10.0,10.0,10.0,11.0,11.0,11.0,19.0,19.0,19.0,59.0,11.0,0.0,SAFE
5.0,5.0,12.0,12.0,15.0,19.0,19.0,32.0,32.0,136.0,136.0,224.0,19.0,0.0,SAFE
6.0,13.0,29.0,30.0,30.0,31.0,67.0,67.0,67.0,67.0,67.0,88.0,49.0,0.0,SAFE
5.0,5.0,9.0,11.0,11.0,11.0,11.0,29.0,62.0,134.0,134.0,140.0,11.0,0.0,SAFE
5.0,5.0,26.0,33.0,39.0,39.0,39.0,49.0,107.0,107.0,107.0,464.0,39.0,0.03788515406162474,SAFE
5.0,5.0,5.0,5.0,5.0,10.0,29.0,29.0,29.0,29.0,29.0,142.0,20.0,0.0,SAFE
5.0,5.0,6.0,6.0,14.0,14.0,14.0,14.0,14.0,14.0,15.0,78.0,14.0,0.0,SAFE
5.0,6.0,13.0,20.0,22.0,22.0,36.0,76.0,76.0,76.0,76.0,76.0,29.0,0.0,SAFE
6.0,11.0,13.0,13.0,13.0,13.0,14.0,15.0,15.0,15.0,15.0,106.0,14.0,0.0,SAFE
6.0,6.0,11.0,22.0,26.0,26.0,26.0,26.0,26.0,28.0,29.0,72.0,26.0,0.0,SAFE
7.0,8.0,10.0,13.0,14.0,14.0,21.0,29.0,29.0,54.0,54.0,85.0,18.0,0.0,SAFE
26.0,219.0,928.0,1672.0,1672.0,1672.0,1672.0,1672.0,1672.0,1672.0,1672.0,1672.0,1672.0,0.6370944992947813,EXCEED
9.0,10.0,10.0,19.0,20.0,20.0,38.0,38.0,47.0,47.0,147.0,147.0,30.0,0.0,SAFE
10.0,22.0,22.0,28.0,47.0,47.0,47.0,47.0,71.0,71.0,100.0,297.0,47.0,0.027157360406091402,SAFE
5.0,5.0,7.0,18.0,18.0,53.0,53.0,53.0,53.0,256.0,256.0,256.0,53.0,0.0,SAFE
5.0,7.0,7.0,10.0,40.0,40.0,48.0,48.0,104.0,104.0,116.0,116.0,44.0,0.0,SAFE
8.0,14.0,16.0,22.0,30.0,30.0,30.0,30.0,30.0,30.0,38.0,134.0,30.0,0.0,SAFE
12.0,12.0,110.0,156.0,232.0,232.0,343.0,386.0,397.0,400.0,400.0,400.0,287.0,0.22825112107623313,EXCEED
6.0,9.0,10.0,11.0,13.0,21.0,21.0,22.0,163.0,163.0,176.0,176.0,21.0,0.0,SAFE
9.0,14.0,91.0,181.0,282.0,292.0,292.0,302.0,302.0,302.0,302.0,302.0,292.0,0.301980198019802,EXCEED
10.0,10.0,29.0,31.0,40.0,40.0,104.0,114.0,175.0,175.0,175.0,175.0,72.0,0.0,SAFE
47.0,105.0,586.0,1536.0,1536.0,1536.0,1536.0,1536.0,1536.0,1536.0,1536.0,1705.0,1536.0,0.5954261954261955,EXCEED
6.0,8.0,14.0,14.0,33.0,33.0,33.0,80.0,114.0,117.0,117.0,130.0,33.0,0.0,SAFE
5.0,15.0,20.0,30.0,30.0,40.0,40.0,40.0,40.0,40.0,40.0,107.0,40.0,0.0,SAFE
5.0,5.0,6.0,6.0,11.0,11.0,19.0,25.0,25.0,25.0,175.0,175.0,15.0,0.0,SAFE
5.0,8.0,8.0,10.0,11.0,15.0,15.0,15.0,16.0,16.0,32.0,76.0,15.0,0.0,SAFE
5.0,7.0,7.0,7.0,8.0,8.0,10.0,10.0,46.0,46.0,72.0,185.0,9.0,0.0,SAFE
5.0,6.0,9.0,10.0,10.0,10.0,20.0,20.0,20.0,20.0,29.0,61.0,15.0,0.0,SAFE
5.0,5.0,6.0,7.0,7.0,20.0,20.0,20.0,20.0,20.0,20.0,86.0,20.0,0.0,SAFE
14.0,14.0,216.0,390.0,390.0,397.0,500.0,635.0,691.0,691.0,691.0,691.0,448.0,0.4632183908045977,EXCEED
6.0,13.0,17.0,44.0,44.0,44.0,66.0,66.0,66.0,66.0,66.0,361.0,55.0,0.03186440677966107,SAFE
5.0,5.0,5.0,5.0,5.0,5.0,12.0,12.0,12.0,18.0,31.0,90.0,8.0,0.0,SAFE
6.0,9.0,10.0,10.0,17.0,40.0,40.0,40.0,40.0,40.0,190.0,190.0,40.0,0.0,SAFE
5.0,5.0,6.0,6.0,14.0,14.0,16.0,16.0,19.0,34.0,136.0,136.0,15.0,0.0,SAFE
5.0,5.0,6.0,11.0,11.0,94.0,94.0,99.0,188.0,188.0,188.0,188.0,94.0,0.0,SAFE
6.0,10.0,23.0,39.0,54.0,79.0,105.0,136.0,136.0,136.0,136.0,142.0,92.0,0.0,SAFE
8.0,12.0,41.0,66.0,66.0,66.0,72.0,72.0,72.0,72.0,72.0,113.0,69.0,0.0,SAFE
6.0,9.0,27.0,41.0,59.0,74.0,104.0,142.0,142.0,142.0,142.0,142.0,89.0,0.0,SAFE
5.0,6.0,26.0,50.0,71.0,88.0,131.0,134.0,134.0,164.0,164.0,164.0,110.0,0.0,SAFE
6.0,8.0,35.0,69.0,74.0,84.0,88.0,88.0,98.0,98.0,206.0,206.0,86.0,0.0,SAFE
6.0,8.0,20.0,42.0,50.0,50.0,50.0,50.0,50.0,50.0,75.0,101.0,50.0,0.0,SAFE
9.0,10.0,17.0,40.0,42.0,42.0,45.0,57.0,58.0,58.0,60.0,179.0,43.0,0.0,SAFE
6.0,22.0,110.0,110.0,110.0,233.0,233.0,233.0,238.0,238.0,245.0,266.0,233.0,0.0,SAFE
5.0,5.0,6.0,6.0,15.0,15.0,15.0,15.0,19.0,39.0,200.0,200.0,15.0,0.0,SAFE
5.0,6.0,10.0,10.0,10.0,10.0,10.0,20.0,20.0,27.0,77.0,192.0,10.0,0.0,SAFE
5.0,6.0,9.0,12.0,12.0,16.0,19.0,31.0,31.0,31.0,31.0,121.0,18.0,0.0,SAFE
5.0,5.0,5.0,8.0,13.0,22.0,22.0,27.0,27.0,27.0,41.0,108.0,22.0,0.0,SAFE
5.0,5.0,5.0,7.0,7.0,11.0,11.0,20.0,20.0,20.0,34.0,117.0,11.0,0.0,SAFE
5.0,7.0,9.0,10.0,10.0,10.0,14.0,14.0,20.0,29.0,84.0,84.0,12.0,0.0,SAFE
5.0,5.0,5.0,6.0,6.0,10.0,21.0,21.0,21.0,36.0,36.0,74.0,16.0,0.0,SAFE
5.0,6.0,6.0,13.0,13.0,13.0,20.0,20.0,20.0,20.0,20.0,69.0,17.0,0.0,SAFE
7.0,8.0,13.0,64.0,78.0,78.0,119.0,146.0,146.0,146.0,146.0,146.0,98.0,0.0,SAFE
5.0,8.0,11.0,12.0,12.0,17.0,20.0,20.0,142.0,142.0,162.0,162.0,18.0,0.0,SAFE
5.0,5.0,5.0,10.0,11.0,15.0,15.0,15.0,15.0,50.0,50.0,117.0,15.0,0.0,SAFE
6.0,6.0,15.0,20.0,22.0,22.0,22.0,25.0,25.0,25.0,33.0,104.0,22.0,0.0,SAFE
6.0,7.0,14.0,18.0,23.0,23.0,23.0,29.0,29.0,29.0,29.0,98.0,23.0,0.0,SAFE
5.0,10.0,11.0,24.0,24.0,24.0,30.0,30.0,30.0,98.0,98.0,98.0,27.0,0.0,SAFE
5.0,6.0,12.0,36.0,44.0,48.0,48.0,48.0,48.0,48.0,51.0,97.0,48.0,0.0,SAFE
5.0,6.0,12.0,12.0,12.0,17.0,22.0,22.0,42.0,47.0,47.0,63.0,19.0,0.0,SAFE
5.0,5.0,7.0,19.0,19.0,19.0,19.0,29.0,29.0,29.0,90.0,137.0,19.0,0.0,SAFE
5.0,5.0,10.0,10.0,15.0,30.0,30.0,54.0,62.0,62.0,91.0,158.0,30.0,0.0,SAFE
5.0,5.0,5.0,5.0,5.0,14.0,14.0,14.0,14.0,72.0,72.0,125.0,14.0,0.0,SAFE
5.0,5.0,5.0,5.0,5.0,12.0,12.0,12.0,12.0,12.0,69.0,94.0,12.0,0.0,SAFE
6.0,6.0,7.0,18.0,27.0,30.0,32.0,35.0,35.0,35.0,66.0,111.0,31.0,0.0,SAFE
6.0,7.0,10.0,10.0,12.0,12.0,17.0,17.0,17.0,55.0,55.0,55.0,15.0,0.0,SAFE
11.0,11.0,20.0,22.0,24.0,24.0,87.0,102.0,102.0,102.0,102.0,102.0,56.0,0.0,SAFE
5.0,5.0,5.0,8.0,10.0,10.0,28.0,28.0,62.0,62.0,62.0,99.0,19.0,0.0,SAFE
5.0,5.0,5.0,6.0,12.0,12.0,28.0,28.0,28.0,34.0,93.0,127.0,20.0,0.0,SAFE
5.0,5.0,6.0,7.0,14.0,20.0,20.0,20.0,25.0,25.0,25.0,103.0,20.0,0.0,SAFE
5.0,7.0,10.0,16.0,16.0,16.0,16.0,22.0,22.0,22.0,73.0,120.0,16.0,0.0,SAFE
5.0,5.0,5.0,8.0,8.0,18.0,18.0,18.0,18.0,18.0,18.0,99.0,18.0,0.0,SAFE
5.0,9.0,10.0,23.0,35.0,62.0,62.0,77.0,81.0,81.0,87.0,87.0,62.0,0.0,SAFE
5.0,5.0,5.0,8.0,13.0,21.0,21.0,21.0,51.0,52.0,52.0,93.0,21.0,0.0,SAFE
5.0,5.0,5.0,5.0,10.0,15.0,15.0,15.0,25.0,25.0,26.0,75.0,15.0,0.0,SAFE
5.0,10.0,13.0,39.0,46.0,60.0,70.0,70.0,70.0,76.0,76.0,76.0,65.0,0.0,SAFE
5.0,8.0,13.0,13.0,24.0,24.0,46.0,46.0,81.0,81.0,81.0,93.0,35.0,0.0,SAFE
5.0,5.0,5.0,5.0,5.0,10.0,10.0,30.0,30.0,30.0,30.0,74.0,10.0,0.0,SAFE
5.0,6.0,6.0,6.0,6.0,6.0,12.0,12.0,58.0,58.0,83.0,155.0,9.0,0.0,SAFE
6.0,18.0,87.0,232.0,232.0,349.0,371.0,371.0,371.0,371.0,371.0,520.0,360.0,0.2794871794871795,EXCEED
5.0,7.0,10.0,35.0,85.0,156.0,156.0,349.0,594.0,624.0,624.0,624.0,156.0,0.16782945736434107,SAFE
5.0,14.0,40.0,70.0,70.0,84.0,94.0,108.0,118.0,118.0,118.0,277.0,89.0,0.0,SAFE
17.0,155.0,328.0,588.0,588.0,588.0,678.0,678.0,708.0,1064.0,1064.0,1064.0,633.0,0.5416184971098266,EXCEED
5.0,7.0,13.0,21.0,42.0,42.0,93.0,93.0,93.0,93.0,218.0,221.0,67.0,0.0,SAFE
6.0,8.0,15.0,46.0,52.0,55.0,71.0,71.0,79.0,79.0,79.0,150.0,63.0,0.0,SAFE
6.0,9.0,13.0,13.0,13.0,13.0,13.0,13.0,13.0,13.0,22.0,106.0,13.0,0.0,SAFE
8.0,18.0,63.0,232.0,400.0,400.0,458.0,458.0,512.0,521.0,543.0,543.0,429.0,0.3715133531157271,EXCEED
5.0,8.0,12.0,13.0,19.0,19.0,19.0,19.0,19.0,273.0,294.0,294.0,19.0,0.06686046511627908,SAFE
5.0,6.0,23.0,33.0,39.0,52.0,70.0,70.0,91.0,91.0,95.0,115.0,61.0,0.0,SAFE
5.0,7.0,31.0,45.0,79.0,122.0,124.0,137.0,179.0,181.0,181.0,181.0,123.0,0.0,SAFE
5.0,5.0,8.0,8.0,8.0,8.0,12.0,12.0,52.0,52.0,98.0,130.0,10.0,0.0,SAFE
21.0,359.0,531.0,2762.0,2762.0,2873.0,3480.0,3511.0,3909.0,3909.0,3909.0,3909.0,3176.0,0.6850591715976331,EXCEED
5.0,5.0,6.0,8.0,13.0,13.0,13.0,37.0,37.0,37.0,84.0,134.0,13.0,0.0,SAFE
6.0,17.0,41.0,52.0,64.0,64.0,64.0,64.0,64.0,64.0,159.0,159.0,64.0,0.0,SAFE
37.0,77.0,77.0,77.0,232.0,232.0,394.0,394.0,394.0,394.0,394.0,995.0,313.0,0.23533045089561455,EXCEED
5.0,5.0,20.0,20.0,20.0,20.0,33.0,33.0,35.0,39.0,182.0,182.0,27.0,0.0,SAFE
7.0,17.0,50.0,94.0,96.0,96.0,96.0,156.0,156.0,156.0,156.0,156.0,96.0,0.0,SAFE
7.0,10.0,21.0,48.0,48.0,65.0,100.0,100.0,105.0,105.0,105.0,105.0,82.0,0.0,SAFE
7.0,9.0,31.0,56.0,56.0,63.0,63.0,83.0,83.0,100.0,109.0,124.0,63.0,0.0,SAFE
5.0,6.0,6.0,12.0,16.0,16.0,16.0,16.0,16.0,28.0,28.0,137.0,16.0,0.0,SAFE
8.0,8.0,38.0,71.0,94.0,127.0,197.0,197.0,197.0,197.0,277.0,383.0,162.0,0.04929245283018868,SAFE
5.0,5.0,5.0,5.0,10.0,10.0,10.0,31.0,31.0,31.0,31.0,208.0,10.0,0.0,SAFE
5.0,5.0,5.0,5.0,5.0,12.0,12.0,12.0,12.0,88.0,119.0,119.0,12.0,0.0,SAFE
6.0,7.0,10.0,13.0,16.0,16.0,77.0,106.0,106.0,106.0,106.0,157.0,46.0,0.0,SAFE
16.0,46.0,66.0,66.0,66.0,97.0,165.0,216.0,216.0,216.0,216.0,323.0,131.0,0.03500000000000003,SAFE
6.0,6.0,6.0,26.0,26.0,52.0,52.0,191.0,191.0,191.0,191.0,191.0,52.0,0.0,SAFE
5.0,5.0,5.0,9.0,9.0,9.0,9.0,9.0,9.0,9.0,36.0,94.0,9.0,0.0,SAFE
21.0,59.0,126.0,148.0,148.0,148.0,148.0,148.0,148.0,148.0,148.0,273.0,148.0,0.0,SAFE
5.0,5.0,5.0,6.0,6.0,6.0,6.0,15.0,15.0,15.0,28.0,166.0,6.0,0.0,SAFE
5.0,10.0,33.0,63.0,63.0,100.0,100.0,100.0,100.0,100.0,100.0,142.0,100.0,0.0,SAFE
5.0,5.0,10.0,12.0,12.0,12.0,33.0,43.0,43.0,70.0,70.0,106.0,22.0,0.0,SAFE
5.0,46.0,46.0,68.0,68.0,68.0,68.0,153.0,153.0,153.0,494.0,494.0,68.0,0.06568914956011729,SAFE
7.0,10.0,12.0,12.0,12.0,12.0,28.0,28.0,28.0,131.0,131.0,131.0,20.0,0.0,SAFE
8.0,8.0,20.0,45.0,45.0,124.0,124.0,124.0,124.0,124.0,124.0,124.0,124.0,0.0,SAFE
5.0,5.0,15.0,28.0,38.0,38.0,38.0,38.0,38.0,38.0,38.0,78.0,38.0,0.0,SAFE
5.0,6.0,8.0,10.0,12.0,35.0,104.0,104.0,146.0,146.0,146.0,146.0,69.0,0.0,SAFE
5.0,5.0,7.0,15.0,15.0,25.0,54.0,54.0,54.0,54.0,55.0,114.0,40.0,0.0,SAFE
5.0,5.0,10.0,19.0,41.0,50.0,50.0,66.0,66.0,66.0,100.0,185.0,50.0,0.0,SAFE
5.0,5.0,8.0,8.0,8.0,8.0,13.0,17.0,48.0,48.0,48.0,81.0,10.0,0.0,SAFE
5.0,5.0,5.0,5.0,7.0,11.0,12.0,12.0,22.0,22.0,98.0,120.0,12.0,0.0,SAFE
5.0,8.0,10.0,10.0,10.0,11.0,16.0,16.0,30.0,38.0,100.0,100.0,14.0,0.0,SAFE
5.0,10.0,11.0,13.0,14.0,14.0,14.0,16.0,16.0,47.0,47.0,81.0,14.0,0.0,SAFE
5.0,8.0,11.0,22.0,30.0,32.0,32.0,46.0,46.0,167.0,167.0,167.0,32.0,0.0,SAFE
5.0,7.0,7.0,10.0,10.0,10.0,32.0,32.0,32.0,32.0,195.0,241.0,21.0,0.0,SAFE
5.0,5.0,5.0,10.0,10.0,11.0,11.0,11.0,41.0,188.0,188.0,294.0,11.0,0.028286384976525802,SAFE
5.0,5.0,8.0,8.0,25.0,43.0,43.0,43.0,43.0,144.0,144.0,163.0,43.0,0.0,SAFE
5.0,5.0,6.0,10.0,14.0,14.0,14.0,14.0,17.0,17.0,17.0,75.0,14.0,0.0,SAFE
9.0,9.0,22.0,40.0,40.0,51.0,56.0,171.0,171.0,171.0,171.0,171.0,54.0,0.0,SAFE
5.0,5.0,6.0,15.0,24.0,42.0,42.0,66.0,66.0,74.0,74.0,112.0,42.0,0.0,SAFE
5.0,6.0,10.0,22.0,33.0,52.0,52.0,57.0,83.0,83.0,83.0,93.0,52.0,0.0,SAFE
5.0,5.0,6.0,6.0,6.0,6.0,8.0,8.0,13.0,15.0,16.0,94.0,7.0,0.0,SAFE
5.0,5.0,5.0,5.0,5.0,6.0,6.0,8.0,11.0,13.0,42.0,95.0,6.0,0.0,SAFE
5.0,5.0,9.0,27.0,27.0,27.0,27.0,29.0,45.0,45.0,45.0,139.0,27.0,0.0,SAFE
5.0,5.0,7.0,10.0,16.0,16.0,16.0,22.0,22.0,36.0,36.0,101.0,16.0,0.0,SAFE
5.0,5.0,6.0,7.0,7.0,7.0,18.0,18.0,23.0,25.0,101.0,124.0,12.0,0.0,SAFE
8.0,8.0,19.0,64.0,125.0,178.0,448.0,697.0,899.0,899.0,899.0,899.0,313.0,0.23111111111111104,EXCEED
18.0,166.0,295.0,295.0,508.0,508.0,508.0,508.0,614.0,614.0,798.0,798.0,508.0,0.5174418604651163,EXCEED
19.0,38.0,38.0,40.0,40.0,40.0,40.0,40.0,47.0,128.0,128.0,170.0,40.0,0.0,SAFE
5.0,5.0,5.0,5.0,5.0,5.0,5.0,6.0,21.0,60.0,184.0,184.0,5.0,0.0,SAFE
6.0,17.0,28.0,63.0,84.0,84.0,106.0,106.0,142.0,142.0,142.0,142.0,95.0,0.0,SAFE
5.0,6.0,7.0,11.0,26.0,26.0,26.0,26.0,26.0,26.0,42.0,88.0,26.0,0.0,SAFE
16.0,40.0,125.0,128.0,128.0,136.0,183.0,207.0,220.0,220.0,220.0,220.0,160.0,0.0,SAFE
5.0,5.0,5.0,6.0,6.0,9.0,15.0,15.0,15.0,16.0,16.0,116.0,12.0,0.0,SAFE
5.0,5.0,17.0,24.0,24.0,24.0,24.0,24.0,24.0,94.0,100.0,100.0,24.0,0.0,SAFE
5.0,8.0,10.0,16.0,16.0,16.0,24.0,24.0,24.0,24.0,99.0,154.0,20.0,0.0,SAFE
5.0,6.0,13.0,64.0,64.0,159.0,159.0,159.0,194.0,251.0,251.0,251.0,159.0,0.0,SAFE
6.0,8.0,12.0,26.0,46.0,59.0,59.0,59.0,59.0,59.0,59.0,119.0,59.0,0.0,SAFE
8.0,52.0,52.0,52.0,52.0,52.0,52.0,52.0,52.0,52.0,86.0,190.0,52.0,0.0,SAFE
7.0,16.0,74.0,95.0,95.0,95.0,97.0,97.0,97.0,122.0,171.0,404.0,96.0,0.0383047210300429,SAFE
5.0,5.0,9.0,10.0,10.0,10.0,13.0,22.0,22.0,98.0,98.0,192.0,12.0,0.0,SAFE
5.0,5.0,6.0,8.0,19.0,19.0,19.0,26.0,26.0,26.0,26.0,135.0,19.0,0.0,SAFE
6.0,8.0,20.0,32.0,34.0,34.0,42.0,55.0,61.0,61.0,61.0,97.0,38.0,0.0,SAFE
5.0,5.0,5.0,6.0,6.0,6.0,6.0,11.0,12.0,42.0,42.0,94.0,6.0,0.0,SAFE
5.0,5.0,5.0,10.0,13.0,13.0,16.0,16.0,16.0,134.0,134.0,134.0,15.0,0.0,SAFE
5.0,5.0,5.0,6.0,10.0,10.0,10.0,10.0,12.0,12.0,12.0,55.0,10.0,0.0,SAFE
5.0,5.0,5.0,5.0,7.0,9.0,12.0,12.0,15.0,15.0,15.0,72.0,10.0,0.0,SAFE
5.0,5.0,5.0,9.0,10.0,35.0,66.0,66.0,186.0,193.0,193.0,193.0,50.0,0.0,SAFE
5.0,5.0,5.0,5.0,6.0,6.0,45.0,45.0,45.0,45.0,51.0,144.0,25.0,0.0,SAFE
5.0,5.0,5.0,5.0,5.0,7.0,7.0,9.0,34.0,34.0,34.0,126.0,7.0,0.0,SAFE
6.0,10.0,13.0,18.0,20.0,20.0,45.0,45.0,45.0,45.0,45.0,139.0,32.0,0.0,SAFE
5.0,7.0,10.0,10.0,22.0,22.0,30.0,30.0,30.0,30.0,30.0,61.0,26.0,0.0,SAFE
5.0,8.0,8.0,20.0,21.0,31.0,42.0,43.0,43.0,43.0,43.0,44.0,36.0,0.0,SAFE
5.0,7.0,8.0,12.0,41.0,41.0,41.0,41.0,55.0,55.0,55.0,55.0,41.0,0.0,SAFE
5.0,5.0,5.0,6.0,6.0,12.0,12.0,12.0,12.0,22.0,22.0,57.0,12.0,0.0,SAFE
5.0,5.0,5.0,6.0,6.0,8.0,11.0,11.0,11.0,74.0,76.0,76.0,10.0,0.0,SAFE
5.0,5.0,5.0,14.0,14.0,17.0,23.0,23.0,23.0,23.0,23.0,59.0,20.0,0.0,SAFE
5.0,7.0,9.0,13.0,14.0,30.0,43.0,60.0,60.0,60.0,60.0,62.0,36.0,0.0,SAFE
5.0,5.0,5.0,5.0,6.0,6.0,23.0,23.0,23.0,23.0,23.0,59.0,15.0,0.0,SAFE
5.0,6.0,6.0,15.0,15.0,15.0,24.0,50.0,50.0,66.0,66.0,78.0,19.0,0.0,SAFE
5.0,5.0,5.0,5.0,5.0,5.0,10.0,10.0,19.0,54.0,54.0,60.0,7.0,0.0,SAFE
5.0,5.0,5.0,6.0,6.0,6.0,6.0,10.0,10.0,18.0,18.0,49.0,6.0,0.0,SAFE
5.0,5.0,5.0,6.0,6.0,6.0,6.0,8.0,8.0,8.0,37.0,74.0,6.0,0.0,SAFE
5.0,5.0,5.0,5.0,6.0,6.0,6.0,6.0,9.0,15.0,15.0,45.0,6.0,0.0,SAFE
20.0,57.0,111.0,129.0,129.0,129.0,129.0,137.0,137.0,137.0,234.0,234.0,129.0,0.0,SAFE
5.0,5.0,5.0,5.0,6.0,6.0,10.0,15.0,15.0,15.0,15.0,59.0,8.0,0.0,SAFE
5.0,6.0,10.0,17.0,17.0,50.0,80.0,80.0,98.0,125.0,125.0,125.0,65.0,0.0,SAFE
5.0,6.0,7.0,10.0,10.0,30.0,30.0,30.0,30.0,30.0,30.0,71.0,30.0,0.0,SAFE
7.0,9.0,26.0,42.0,42.0,42.0,47.0,47.0,47.0,47.0,47.0,69.0,44.0,0.0,SAFE
5.0,7.0,7.0,10.0,13.0,13.0,13.0,13.0,13.0,25.0,25.0,60.0,13.0,0.0,SAFE
5.0,5.0,5.0,5.0,5.0,5.0,10.0,10.0,10.0,12.0,20.0,86.0,8.0,0.0,SAFE
5.0,5.0,6.0,6.0,8.0,8.0,11.0,11.0,11.0,34.0,34.0,34.0,10.0,0.0,SAFE
13.0,13.0,13.0,69.0,69.0,69.0,69.0,69.0,69.0,69.0,69.0,234.0,69.0,0.0,SAFE
5.0,5.0,5.0,5.0,6.0,6.0,6.0,17.0,63.0,63.0,63.0,69.0,6.0,0.0,SAFE
5.0,5.0,5.0,5.0,5.0,5.0,5.0,5.0,5.0,10.0,10.0,37.0,5.0,0.0,SAFE
5.0,6.0,6.0,7.0,8.0,10.0,10.0,10.0,12.0,22.0,22.0,31.0,10.0,0.0,SAFE
5.0,5.0,5.0,5.0,5.0,6.0,6.0,6.0,10.0,11.0,48.0,56.0,6.0,0.0,SAFE
5.0,5.0,5.0,5.0,8.0,8.0,8.0,11.0,11.0,11.0,15.0,37.0,8.0,0.0,SAFE
5.0,5.0,7.0,16.0,36.0,54.0,91.0,121.0,121.0,121.0,121.0,121.0,72.0,0.0,SAFE
5.0,5.0,5.0,9.0,10.0,10.0,18.0,18.0,18.0,59.0,59.0,83.0,14.0,0.0,SAFE
5.0,5.0,5.0,5.0,8.0,10.0,10.0,12.0,12.0,13.0,33.0,62.0,10.0,0.0,SAFE
5.0,6.0,6.0,8.0,11.0,11.0,11.0,11.0,31.0,31.0,31.0,50.0,11.0,0.0,SAFE
5.0,6.0,6.0,6.0,6.0,7.0,7.0,7.0,8.0,76.0,76.0,76.0,7.0,0.0,SAFE
5.0,5.0,6.0,6.0,6.0,6.0,6.0,12.0,12.0,12.0,13.0,19.0,6.0,0.0,SAFE
5.0,5.0,6.0,6.0,6.0,6.0,75.0,75.0,75.0,75.0,75.0,128.0,40.0,0.0,SAFE
5.0,6.0,6.0,6.0,10.0,10.0,17.0,18.0,18.0,30.0,34.0,67.0,14.0,0.0,SAFE
5.0,5.0,5.0,7.0,7.0,7.0,9.0,17.0,24.0,26.0,26.0,38.0,8.0,0.0,SAFE
5.0,5.0,5.0,6.0,6.0,6.0,6.0,7.0,7.0,7.0,17.0,38.0,6.0,0.0,SAFE
5.0,5.0,5.0,9.0,9.0,9.0,11.0,11.0,11.0,22.0,22.0,46.0,10.0,0.0,SAFE
5.0,7.0,10.0,19.0,24.0,24.0,35.0,84.0,102.0,129.0,129.0,129.0,30.0,0.0,SAFE
6.0,6.0,9.0,13.0,13.0,13.0,26.0,26.0,26.0,26.0,30.0,90.0,19.0,0.0,SAFE
5.0,5.0,5.0,6.0,6.0,14.0,21.0,26.0,26.0,26.0,26.0,48.0,18.0,0.0,SAFE
5.0,5.0,5.0,5.0,5.0,5.0,5.0,5.0,5.0,5.0,7.0,57.0,5.0,0.0,SAFE
8.0,8.0,11.0,15.0,20.0,20.0,20.0,21.0,25.0,26.0,26.0,60.0,20.0,0.0,SAFE
5.0,5.0,5.0,5.0,5.0,5.0,6.0,9.0,9.0,9.0,26.0,26.0,6.0,0.0,SAFE
5.0,5.0,7.0,7.0,11.0,11.0,11.0,12.0,12.0,12.0,12.0,80.0,11.0,0.0,SAFE
5.0,5.0,5.0,5.0,5.0,5.0,7.0,14.0,14.0,14.0,21.0,36.0,6.0,0.0,SAFE
5.0,5.0,5.0,5.0,13.0,20.0,20.0,20.0,20.0,20.0,20.0,67.0,20.0,0.0,SAFE
5.0,5.0,5.0,5.0,8.0,8.0,8.0,12.0,27.0,27.0,48.0,48.0,8.0,0.0,SAFE
5.0,5.0,5.0,5.0,5.0,21.0,21.0,21.0,27.0,37.0,37.0,37.0,21.0,0.0,SAFE
5.0,5.0,5.0,6.0,8.0,8.0,11.0,18.0,24.0,24.0,63.0,78.0,10.0,0.0,SAFE
5.0,5.0,5.0,6.0,6.0,6.0,6.0,10.0,20.0,20.0,20.0,42.0,6.0,0.0,SAFE
5.0,7.0,9.0,10.0,12.0,13.0,13.0,13.0,40.0,40.0,40.0,41.0,13.0,0.0,SAFE
5.0,5.0,5.0,5.0,9.0,11.0,11.0,11.0,11.0,40.0,40.0,40.0,11.0,0.0,SAFE
5.0,5.0,5.0,5.0,5.0,9.0,9.0,10.0,10.0,12.0,12.0,39.0,9.0,0.0,SAFE
5.0,5.0,5.0,6.0,6.0,6.0,26.0,26.0,26.0,40.0,43.0,43.0,16.0,0.0,SAFE
5.0,5.0,5.0,6.0,6.0,6.0,7.0,7.0,7.0,36.0,36.0,38.0,6.0,0.0,SAFE
5.0,5.0,5.0,5.0,6.0,6.0,7.0,10.0,10.0,14.0,29.0,57.0,6.0,0.0,SAFE
5.0,5.0,5.0,5.0,6.0,6.0,6.0,7.0,7.0,17.0,17.0,31.0,6.0,0.0,SAFE
5.0,5.0,5.0,5.0,8.0,8.0,8.0,8.0,8.0,8.0,14.0,64.0,8.0,0.0,SAFE
5.0,5.0,6.0,6.0,20.0,20.0,60.0,60.0,72.0,72.0,72.0,200.0,40.0,0.0,SAFE
5.0,5.0,5.0,22.0,24.0,41.0,71.0,123.0,123.0,123.0,123.0,127.0,56.0,0.0,SAFE
5.0,5.0,5.0,5.0,5.0,6.0,6.0,26.0,26.0,29.0,29.0,43.0,6.0,0.0,SAFE
5.0,5.0,6.0,6.0,6.0,6.0,6.0,6.0,8.0,8.0,23.0,57.0,6.0,0.0,SAFE
5.0,5.0,5.0,7.0,9.0,9.0,15.0,15.0,15.0,63.0,63.0,94.0,12.0,0.0,SAFE
5.0,6.0,6.0,6.0,6.0,38.0,58.0,58.0,62.0,72.0,72.0,86.0,48.0,0.0,SAFE
6.0,6.0,26.0,26.0,41.0,92.0,135.0,135.0,135.0,146.0,146.0,163.0,114.0,0.0,SAFE
5.0,5.0,5.0,6.0,6.0,6.0,6.0,6.0,16.0,16.0,16.0,38.0,6.0,0.0,SAFE
5.0,5.0,6.0,6.0,11.0,13.0,14.0,19.0,22.0,22.0,22.0,47.0,14.0,0.0,SAFE
5.0,8.0,9.0,26.0,93.0,109.0,265.0,304.0,418.0,421.0,421.0,421.0,187.0,0.1807692307692308,EXCEED
28.0,39.0,39.0,249.0,249.0,280.0,280.0,280.0,280.0,280.0,418.0,418.0,280.0,0.07496382054992756,SAFE
5.0,5.0,5.0,6.0,6.0,6.0,6.0,8.0,8.0,10.0,13.0,68.0,6.0,0.0,SAFE
5.0,5.0,11.0,11.0,11.0,11.0,22.0,22.0,22.0,50.0,50.0,110.0,16.0,0.0,SAFE
5.0,6.0,6.0,13.0,27.0,27.0,27.0,70.0,70.0,70.0,81.0,142.0,27.0,0.0,SAFE
5.0,5.0,5.0,5.0,5.0,6.0,6.0,6.0,18.0,24.0,24.0,88.0,6.0,0.0,SAFE
5.0,5.0,5.0,5.0,5.0,5.0,12.0,15.0,15.0,15.0,15.0,27.0,9.0,0.0,SAFE
5.0,5.0,6.0,6.0,6.0,6.0,9.0,9.0,18.0,18.0,18.0,54.0,8.0,0.0,SAFE
30.0,99.0,190.0,190.0,190.0,190.0,190.0,342.0,342.0,342.0,385.0,385.0,190.0,0.1704864154250657,SAFE
5.0,5.0,5.0,6.0,6.0,6.0,26.0,26.0,39.0,39.0,39.0,85.0,16.0,0.0,SAFE
5.0,5.0,9.0,9.0,10.0,10.0,10.0,10.0,18.0,20.0,51.0,118.0,10.0,0.0,SAFE
6.0,8.0,12.0,12.0,27.0,27.0,27.0,27.0,27.0,48.0,50.0,93.0,27.0,0.0,SAFE
5.0,5.0,5.0,5.0,5.0,6.0,6.0,6.0,6.0,18.0,18.0,48.0,6.0,0.0,SAFE
9.0,22.0,50.0,50.0,74.0,78.0,87.0,154.0,154.0,154.0,154.0,163.0,82.0,0.0,SAFE
8.0,9.0,16.0,16.0,16.0,20.0,20.0,26.0,51.0,51.0,51.0,53.0,20.0,0.0,SAFE
10.0,11.0,11.0,18.0,18.0,18.0,18.0,31.0,31.0,31.0,118.0,148.0,18.0,0.0,SAFE
47.0,288.0,408.0,408.0,408.0,454.0,588.0,624.0,624.0,624.0,624.0,624.0,521.0,0.6549792531120332,EXCEED
5.0,5.0,5.0,6.0,6.0,6.0,6.0,19.0,19.0,19.0,19.0,90.0,6.0,0.0,SAFE
5.0,8.0,36.0,68.0,116.0,131.0,155.0,163.0,166.0,166.0,166.0,166.0,143.0,0.0,SAFE
7.0,21.0,32.0,32.0,34.0,73.0,73.0,73.0,73.0,73.0,73.0,73.0,73.0,0.0,SAFE
5.0,5.0,6.0,6.0,7.0,7.0,8.0,9.0,9.0,9.0,63.0,114.0,8.0,0.0,SAFE
5.0,5.0,5.0,5.0,5.0,5.0,6.0,6.0,17.0,17.0,30.0,74.0,5.0,0.0,SAFE
5.0,5.0,5.0,5.0,5.0,5.0,5.0,5.0,6.0,6.0,13.0,81.0,5.0,0.0,SAFE
6.0,6.0,6.0,6.0,6.0,6.0,13.0,13.0,13.0,13.0,26.0,66.0,9.0,0.0,SAFE
5.0,5.0,5.0,6.0,6.0,6.0,6.0,6.0,9.0,13.0,25.0,53.0,6.0,0.0,SAFE
5.0,5.0,6.0,6.0,6.0,6.0,6.0,13.0,13.0,30.0,38.0,110.0,6.0,0.0,SAFE
5.0,5.0,5.0,5.0,5.0,5.0,5.0,5.0,8.0,8.0,42.0,62.0,5.0,0.0,SAFE
5.0,6.0,6.0,8.0,10.0,18.0,18.0,20.0,38.0,38.0,38.0,38.0,18.0,0.0,SAFE
5.0,5.0,14.0,18.0,44.0,67.0,67.0,67.0,67.0,67.0,67.0,67.0,67.0,0.0,SAFE
5.0,7.0,8.0,14.0,15.0,20.0,20.0,20.0,58.0,58.0,58.0,80.0,20.0,0.0,SAFE
5.0,5.0,5.0,6.0,7.0,14.0,14.0,14.0,14.0,14.0,31.0,205.0,14.0,0.0,SAFE
6.0,6.0,6.0,10.0,14.0,14.0,14.0,20.0,20.0,102.0,102.0,224.0,14.0,0.0,SAFE
5.0,7.0,8.0,10.0,22.0,22.0,22.0,22.0,22.0,28.0,28.0,72.0,22.0,0.0,SAFE
5.0,5.0,5.0,5.0,8.0,8.0,8.0,8.0,16.0,30.0,37.0,53.0,8.0,0.0,SAFE
5.0,8.0,11.0,11.0,11.0,14.0,14.0,14.0,14.0,14.0,43.0,245.0,14.0,0.0,SAFE
5.0,5.0,5.0,5.0,5.0,7.0,7.0,7.0,19.0,19.0,19.0,69.0,7.0,0.0,SAFE
5.0,5.0,5.0,5.0,5.0,5.0,5.0,16.0,16.0,16.0,16.0,25.0,5.0,0.0,SAFE
5.0,5.0,5.0,5.0,5.0,5.0,8.0,8.0,8.0,8.0,33.0,40.0,7.0,0.0,SAFE
5.0,5.0,5.0,5.0,8.0,8.0,8.0,8.0,16.0,16.0,16.0,29.0,8.0,0.0,SAFE
5.0,7.0,7.0,13.0,13.0,14.0,14.0,14.0,14.0,14.0,14.0,34.0,14.0,0.0,SAFE
7.0,7.0,9.0,10.0,10.0,10.0,15.0,16.0,18.0,18.0,18.0,91.0,12.0,0.0,SAFE
5.0,5.0,6.0,6.0,12.0,12.0,14.0,22.0,22.0,22.0,22.0,68.0,13.0,0.0,SAFE
5.0,5.0,5.0,5.0,5.0,5.0,5.0,5.0,5.0,10.0,10.0,33.0,5.0,0.0,SAFE
5.0,6.0,6.0,6.0,6.0,6.0,7.0,7.0,7.0,7.0,24.0,29.0,6.0,0.0,SAFE
5.0,5.0,5.0,5.0,5.0,5.0,5.0,5.0,19.0,19.0,19.0,32.0,5.0,0.0,SAFE
5.0,6.0,6.0,6.0,6.0,7.0,16.0,16.0,16.0,16.0,16.0,42.0,12.0,0.0,SAFE
5.0,5.0,5.0,5.0,5.0,6.0,6.0,6.0,6.0,18.0,33.0,37.0,6.0,0.0,SAFE
5.0,7.0,7.0,7.0,11.0,11.0,13.0,28.0,28.0,28.0,28.0,43.0,12.0,0.0,SAFE
7.0,7.0,7.0,10.0,10.0,10.0,12.0,12.0,12.0,14.0,62.0,62.0,11.0,0.0,SAFE
5.0,5.0,6.0,7.0,7.0,7.0,7.0,9.0,9.0,9.0,41.0,41.0,7.0,0.0,SAFE
5.0,5.0,6.0,6.0,6.0,6.0,6.0,6.0,8.0,8.0,54.0,54.0,6.0,0.0,SAFE
5.0,5.0,5.0,6.0,6.0,6.0,6.0,6.0,12.0,12.0,31.0,41.0,6.0,0.0,SAFE
5.0,6.0,6.0,6.0,6.0,6.0,6.0,6.0,6.0,10.0,10.0,31.0,6.0,0.0,SAFE
8.0,8.0,10.0,10.0,14.0,15.0,17.0,17.0,17.0,25.0,25.0,38.0,16.0,0.0,SAFE
5.0,5.0,5.0,5.0,5.0,8.0,8.0,8.0,8.0,8.0,8.0,49.0,8.0,0.0,SAFE
5.0,6.0,8.0,8.0,12.0,12.0,12.0,20.0,33.0,33.0,33.0,84.0,12.0,0.0,SAFE
5.0,5.0,6.0,6.0,13.0,13.0,13.0,13.0,13.0,20.0,20.0,41.0,13.0,0.0,SAFE
10.0,10.0,10.0,10.0,13.0,20.0,21.0,48.0,48.0,48.0,48.0,56.0,20.0,0.0,SAFE
5.0,5.0,5.0,8.0,8.0,8.0,8.0,16.0,16.0,16.0,16.0,60.0,8.0,0.0,SAFE
5.0,5.0,10.0,10.0,72.0,72.0,100.0,100.0,100.0,100.0,142.0,384.0,86.0,0.03574380165289259,SAFE
5.0,5.0,5.0,6.0,6.0,6.0,22.0,22.0,27.0,27.0,45.0,96.0,14.0,0.0,SAFE
5.0,5.0,5.0,5.0,6.0,13.0,13.0,13.0,13.0,13.0,13.0,31.0,13.0,0.0,SAFE
5.0,6.0,6.0,10.0,10.0,12.0,14.0,14.0,14.0,14.0,14.0,37.0,13.0,0.0,SAFE
5.0,6.0,6.0,7.0,8.0,8.0,9.0,9.0,9.0,9.0,25.0,79.0,8.0,0.0,SAFE
5.0,5.0,6.0,7.0,7.0,7.0,7.0,7.0,7.0,7.0,7.0,32.0,7.0,0.0,SAFE
6.0,8.0,8.0,9.0,10.0,10.0,10.0,13.0,75.0,75.0,75.0,75.0,10.0,0.0,SAFE
26.0,102.0,123.0,187.0,508.0,530.0,530.0,695.0,1247.0,1680.0,2076.0,2963.0,530.0,0.3710280373831776,EXCEED
5.0,8.0,8.0,10.0,10.0,10.0,10.0,12.0,12.0,12.0,12.0,65.0,10.0,0.0,SAFE
11.0,11.0,11.0,11.0,11.0,22.0,22.0,22.0,22.0,49.0,49.0,86.0,22.0,0.0,SAFE
7.0,9.0,16.0,20.0,20.0,20.0,23.0,54.0,54.0,54.0,54.0,54.0,22.0,0.0,SAFE
5.0,5.0,6.0,6.0,8.0,8.0,8.0,8.0,11.0,11.0,56.0,56.0,8.0,0.0,SAFE
5.0,7.0,10.0,14.0,21.0,24.0,24.0,24.0,39.0,39.0,39.0,60.0,24.0,0.0,SAFE
8.0,8.0,28.0,28.0,64.0,106.0,106.0,112.0,174.0,175.0,175.0,175.0,106.0,0.0,SAFE
5.0,5.0,9.0,9.0,9.0,10.0,10.0,21.0,21.0,21.0,58.0,203.0,10.0,0.0,SAFE
5.0,5.0,5.0,6.0,6.0,7.0,8.0,8.0,14.0,30.0,30.0,82.0,7.0,0.0,SAFE
5.0,5.0,5.0,5.0,6.0,9.0,9.0,9.0,9.0,9.0,9.0,26.0,9.0,0.0,SAFE
5.0,5.0,5.0,5.0,5.0,5.0,5.0,17.0,17.0,17.0,17.0,24.0,5.0,0.0,SAFE
5.0,5.0,6.0,8.0,8.0,8.0,8.0,12.0,12.0,49.0,49.0,49.0,8.0,0.0,SAFE
5.0,5.0,5.0,7.0,7.0,7.0,7.0,12.0,12.0,20.0,20.0,28.0,7.0,0.0,SAFE
6.0,6.0,7.0,13.0,21.0,21.0,21.0,21.0,27.0,27.0,27.0,45.0,21.0,0.0,SAFE
5.0,5.0,6.0,6.0,7.0,7.0,7.0,9.0,31.0,31.0,31.0,39.0,7.0,0.0,SAFE
5.0,5.0,5.0,6.0,8.0,10.0,10.0,10.0,14.0,14.0,14.0,29.0,10.0,0.0,SAFE
5.0,5.0,5.0,5.0,6.0,6.0,7.0,10.0,15.0,15.0,15.0,41.0,6.0,0.0,SAFE
5.0,5.0,6.0,6.0,6.0,6.0,6.0,20.0,25.0,25.0,25.0,67.0,6.0,0.0,SAFE
5.0,5.0,12.0,12.0,25.0,40.0,40.0,46.0,49.0,49.0,49.0,49.0,40.0,0.0,SAFE
5.0,5.0,5.0,5.0,7.0,7.0,7.0,7.0,7.0,7.0,7.0,38.0,7.0,0.0,SAFE
5.0,5.0,5.0,7.0,8.0,8.0,8.0,10.0,10.0,44.0,66.0,66.0,8.0,0.0,SAFE
5.0,5.0,8.0,8.0,8.0,8.0,8.0,8.0,8.0,8.0,27.0,54.0,8.0,0.0,SAFE
5.0,6.0,6.0,10.0,19.0,19.0,20.0,72.0,86.0,86.0,86.0,86.0,20.0,0.0,SAFE
5.0,5.0,6.0,6.0,6.0,6.0,6.0,8.0,44.0,44.0,44.0,249.0,6.0,0.0,SAFE
5.0,5.0,5.0,5.0,5.0,6.0,6.0,24.0,24.0,24.0,24.0,68.0,6.0,0.0,SAFE
5.0,6.0,15.0,19.0,19.0,19.0,19.0,53.0,53.0,53.0,53.0,66.0,19.0,0.0,SAFE
5.0,5.0,5.0,6.0,6.0,10.0,10.0,14.0,14.0,14.0,14.0,55.0,10.0,0.0,SAFE
13.0,26.0,33.0,65.0,127.0,134.0,144.0,144.0,256.0,256.0,256.0,256.0,139.0,0.0,SAFE
5.0,5.0,5.0,5.0,6.0,6.0,6.0,7.0,7.0,7.0,15.0,47.0,6.0,0.0,SAFE
5.0,5.0,5.0,5.0,5.0,5.0,5.0,7.0,16.0,16.0,16.0,85.0,5.0,0.0,SAFE
5.0,5.0,5.0,6.0,6.0,6.0,6.0,8.0,8.0,8.0,12.0,66.0,6.0,0.0,SAFE
5.0,5.0,6.0,6.0,31.0,31.0,31.0,31.0,31.0,31.0,31.0,122.0,31.0,0.0,SAFE
5.0,5.0,5.0,5.0,6.0,6.0,25.0,45.0,45.0,45.0,45.0,62.0,15.0,0.0,SAFE
5.0,5.0,5.0,6.0,6.0,6.0,7.0,10.0,24.0,24.0,32.0,43.0,6.0,0.0,SAFE
5.0,5.0,6.0,6.0,6.0,11.0,11.0,11.0,20.0,20.0,20.0,41.0,11.0,0.0,SAFE
5.0,5.0,5.0,6.0,6.0,6.0,6.0,6.0,13.0,14.0,28.0,36.0,6.0,0.0,SAFE
5.0,5.0,5.0,5.0,5.0,5.0,10.0,10.0,10.0,10.0,19.0,34.0,8.0,0.0,SAFE
6.0,8.0,11.0,17.0,22.0,24.0,28.0,28.0,28.0,31.0,31.0,99.0,26.0,0.0,SAFE
8.0,35.0,37.0,40.0,40.0,40.0,40.0,41.0,57.0,57.0,57.0,118.0,40.0,0.0,SAFE
5.0,5.0,6.0,6.0,7.0,7.0,8.0,18.0,56.0,56.0,56.0,117.0,8.0,0.0,SAFE
6.0,6.0,6.0,6.0,13.0,13.0,13.0,16.0,16.0,16.0,132.0,132.0,13.0,0.0,SAFE
14.0,24.0,24.0,24.0,24.0,40.0,40.0,40.0,40.0,40.0,226.0,259.0,40.0,0.0,SAFE
18.0,59.0,76.0,101.0,150.0,150.0,150.0,150.0,150.0,150.0,261.0,267.0,150.0,0.0,SAFE
5.0,5.0,8.0,10.0,18.0,18.0,20.0,52.0,52.0,52.0,52.0,100.0,19.0,0.0,SAFE
5.0,6.0,10.0,10.0,10.0,11.0,12.0,12.0,16.0,48.0,50.0,120.0,12.0,0.0,SAFE
5.0,5.0,7.0,10.0,10.0,21.0,29.0,37.0,37.0,37.0,38.0,73.0,25.0,0.0,SAFE
5.0,5.0,6.0,6.0,6.0,9.0,9.0,9.0,13.0,23.0,115.0,118.0,9.0,0.0,SAFE
5.0,6.0,15.0,20.0,20.0,20.0,20.0,20.0,22.0,29.0,30.0,68.0,20.0,0.0,SAFE
5.0,5.0,6.0,6.0,6.0,7.0,7.0,7.0,14.0,17.0,17.0,91.0,7.0,0.0,SAFE
5.0,6.0,11.0,14.0,20.0,22.0,22.0,29.0,37.0,67.0,67.0,67.0,22.0,0.0,SAFE
5.0,7.0,9.0,9.0,9.0,10.0,10.0,10.0,33.0,33.0,33.0,46.0,10.0,0.0,SAFE
5.0,5.0,5.0,6.0,7.0,7.0,7.0,8.0,12.0,44.0,44.0,44.0,7.0,0.0,SAFE
5.0,5.0,5.0,8.0,12.0,19.0,26.0,26.0,26.0,26.0,26.0,129.0,22.0,0.0,SAFE
6.0,8.0,12.0,20.0,41.0,48.0,48.0,58.0,58.0,58.0,60.0,77.0,48.0,0.0,SAFE
5.0,6.0,9.0,19.0,33.0,40.0,54.0,59.0,60.0,66.0,66.0,78.0,47.0,0.0,SAFE
5.0,6.0,6.0,7.0,8.0,8.0,15.0,21.0,21.0,21.0,23.0,83.0,11.0,0.0,SAFE
5.0,5.0,5.0,5.0,5.0,8.0,8.0,8.0,20.0,20.0,23.0,92.0,8.0,0.0,SAFE
5.0,5.0,7.0,11.0,11.0,11.0,11.0,11.0,44.0,44.0,44.0,56.0,11.0,0.0,SAFE
5.0,5.0,8.0,24.0,51.0,51.0,100.0,108.0,110.0,110.0,110.0,110.0,76.0,0.0,SAFE
9.0,10.0,10.0,11.0,12.0,12.0,19.0,19.0,19.0,25.0,146.0,146.0,15.0,0.0,SAFE
5.0,5.0,5.0,6.0,6.0,6.0,6.0,6.0,30.0,32.0,32.0,87.0,6.0,0.0,SAFE
5.0,5.0,6.0,6.0,8.0,8.0,8.0,8.0,9.0,25.0,57.0,188.0,8.0,0.0,SAFE
5.0,5.0,5.0,28.0,28.0,28.0,28.0,28.0,28.0,28.0,107.0,297.0,28.0,0.027236842105263226,SAFE
5.0,5.0,7.0,8.0,9.0,9.0,12.0,14.0,42.0,42.0,42.0,112.0,10.0,0.0,SAFE
7.0,7.0,8.0,9.0,10.0,14.0,15.0,15.0,15.0,29.0,32.0,73.0,14.0,0.0,SAFE
7.0,10.0,10.0,10.0,12.0,18.0,47.0,47.0,47.0,47.0,67.0,92.0,33.0,0.0,SAFE
5.0,5.0,5.0,5.0,5.0,5.0,5.0,5.0,9.0,12.0,12.0,44.0,5.0,0.0,SAFE
5.0,6.0,6.0,6.0,30.0,30.0,30.0,30.0,40.0,40.0,53.0,223.0,30.0,0.0,SAFE
5.0,5.0,6.0,6.0,6.0,9.0,10.0,12.0,48.0,81.0,81.0,108.0,10.0,0.0,SAFE
7.0,7.0,15.0,20.0,20.0,26.0,26.0,30.0,32.0,80.0,80.0,93.0,26.0,0.0,SAFE
6.0,6.0,6.0,7.0,21.0,21.0,31.0,31.0,31.0,100.0,100.0,100.0,26.0,0.0,SAFE
5.0,5.0,5.0,5.0,12.0,12.0,12.0,13.0,22.0,22.0,33.0,47.0,12.0,0.0,SAFE
5.0,5.0,6.0,10.0,10.0,19.0,29.0,29.0,29.0,29.0,29.0,88.0,24.0,0.0,SAFE
7.0,7.0,10.0,11.0,11.0,14.0,14.0,20.0,20.0,26.0,26.0,48.0,14.0,0.0,SAFE
5.0,5.0,5.0,5.0,6.0,6.0,9.0,11.0,16.0,16.0,16.0,57.0,7.0,0.0,SAFE
6.0,6.0,7.0,22.0,31.0,32.0,33.0,33.0,33.0,33.0,33.0,39.0,32.0,0.0,SAFE
11.0,16.0,17.0,25.0,26.0,26.0,55.0,76.0,76.0,76.0,76.0,250.0,41.0,0.0,SAFE
5.0,10.0,18.0,25.0,61.0,63.0,118.0,232.0,256.0,256.0,256.0,256.0,90.0,0.0,SAFE
5.0,5.0,5.0,6.0,6.0,23.0,23.0,37.0,37.0,37.0,37.0,59.0,23.0,0.0,SAFE
8.0,8.0,10.0,13.0,13.0,13.0,18.0,18.0,45.0,45.0,131.0,131.0,15.0,0.0,SAFE
5.0,5.0,11.0,11.0,11.0,12.0,17.0,17.0,20.0,25.0,76.0,94.0,14.0,0.0,SAFE
5.0,5.0,5.0,5.0,6.0,12.0,12.0,12.0,26.0,27.0,27.0,126.0,12.0,0.0,SAFE
5.0,5.0,5.0,5.0,7.0,7.0,11.0,11.0,11.0,29.0,29.0,84.0,9.0,0.0,SAFE
8.0,8.0,11.0,14.0,16.0,19.0,47.0,115.0,115.0,129.0,136.0,333.0,33.0,0.03172588832487311,SAFE
5.0,5.0,5.0,5.0,6.0,6.0,8.0,11.0,25.0,32.0,32.0,58.0,7.0,0.0,SAFE
7.0,7.0,9.0,17.0,26.0,33.0,64.0,64.0,66.0,79.0,79.0,110.0,49.0,0.0,SAFE
5.0,5.0,5.0,12.0,12.0,18.0,18.0,18.0,18.0,18.0,30.0,79.0,18.0,0.0,SAFE
5.0,6.0,18.0,18.0,31.0,31.0,32.0,34.0,34.0,35.0,35.0,74.0,32.0,0.0,SAFE
5.0,5.0,5.0,5.0,6.0,6.0,6.0,9.0,19.0,19.0,19.0,116.0,6.0,0.0,SAFE
13.0,24.0,74.0,96.0,96.0,96.0,102.0,102.0,241.0,241.0,241.0,241.0,99.0,0.0,SAFE
5.0,6.0,9.0,9.0,9.0,19.0,19.0,40.0,40.0,40.0,40.0,61.0,19.0,0.0,SAFE
5.0,6.0,7.0,8.0,11.0,13.0,13.0,13.0,15.0,18.0,64.0,126.0,13.0,0.0,SAFE
17.0,24.0,24.0,40.0,53.0,53.0,53.0,104.0,268.0,268.0,268.0,268.0,53.0,0.0,SAFE
5.0,6.0,8.0,13.0,22.0,24.0,24.0,24.0,39.0,39.0,39.0,139.0,24.0,0.0,SAFE
5.0,5.0,6.0,8.0,8.0,8.0,8.0,8.0,26.0,26.0,26.0,92.0,8.0,0.0,SAFE
5.0,5.0,6.0,6.0,6.0,6.0,6.0,6.0,16.0,16.0,17.0,79.0,6.0,0.0,SAFE
5.0,5.0,5.0,5.0,5.0,5.0,5.0,22.0,22.0,22.0,22.0,54.0,5.0,0.0,SAFE
5.0,7.0,11.0,20.0,30.0,41.0,69.0,69.0,69.0,69.0,69.0,69.0,55.0,0.0,SAFE
6.0,6.0,8.0,10.0,12.0,12.0,12.0,14.0,14.0,23.0,28.0,64.0,12.0,0.0,SAFE
7.0,7.0,12.0,20.0,49.0,52.0,52.0,56.0,56.0,56.0,56.0,109.0,52.0,0.0,SAFE
9.0,10.0,27.0,51.0,65.0,111.0,111.0,208.0,274.0,319.0,322.0,322.0,111.0,0.09666666666666668,SAFE
5.0,6.0,8.0,8.0,23.0,37.0,56.0,56.0,56.0,163.0,163.0,289.0,46.0,0.0267857142857143,SAFE
5.0,7.0,10.0,10.0,13.0,13.0,13.0,13.0,38.0,38.0,55.0,100.0,13.0,0.0,SAFE
5.0,7.0,16.0,26.0,32.0,61.0,61.0,64.0,64.0,68.0,68.0,83.0,61.0,0.0,SAFE
5.0,8.0,8.0,8.0,8.0,10.0,12.0,29.0,29.0,29.0,29.0,163.0,11.0,0.0,SAFE
8.0,21.0,78.0,100.0,100.0,100.0,223.0,416.0,416.0,416.0,416.0,566.0,162.0,0.18527131782945738,EXCEED
5.0,5.0,5.0,5.0,6.0,9.0,9.0,9.0,30.0,30.0,30.0,87.0,9.0,0.0,SAFE
9.0,13.0,17.0,20.0,24.0,24.0,24.0,24.0,24.0,24.0,98.0,98.0,24.0,0.0,SAFE
7.0,7.0,12.0,49.0,49.0,52.0,64.0,64.0,64.0,64.0,68.0,70.0,58.0,0.0,SAFE
5.0,5.0,6.0,6.0,8.0,8.0,12.0,12.0,12.0,25.0,25.0,72.0,10.0,0.0,SAFE
5.0,5.0,5.0,5.0,5.0,15.0,20.0,20.0,23.0,23.0,23.0,111.0,18.0,0.0,SAFE
5.0,6.0,6.0,6.0,6.0,25.0,25.0,25.0,25.0,25.0,25.0,68.0,25.0,0.0,SAFE
6.0,6.0,20.0,20.0,20.0,22.0,42.0,42.0,42.0,69.0,79.0,567.0,32.0,0.039702868852459106,SAFE
5.0,5.0,6.0,6.0,8.0,8.0,8.0,17.0,43.0,43.0,43.0,91.0,8.0,0.0,SAFE
8.0,8.0,10.0,10.0,10.0,14.0,14.0,14.0,14.0,14.0,21.0,66.0,14.0,0.0,SAFE
40.0,175.0,180.0,180.0,209.0,209.0,209.0,209.0,209.0,209.0,209.0,209.0,209.0,0.0,SAFE
6.0,7.0,28.0,28.0,28.0,28.0,28.0,28.0,28.0,119.0,180.0,180.0,28.0,0.0,SAFE
8.0,13.0,20.0,26.0,26.0,26.0,32.0,32.0,32.0,74.0,74.0,124.0,29.0,0.0,SAFE
5.0,9.0,67.0,84.0,180.0,243.0,426.0,509.0,749.0,749.0,749.0,749.0,334.0,0.23989071038251364,EXCEED
6.0,8.0,28.0,34.0,34.0,36.0,36.0,72.0,72.0,72.0,72.0,212.0,36.0,0.0,SAFE
5.0,5.0,5.0,7.0,8.0,8.0,8.0,22.0,22.0,44.0,44.0,86.0,8.0,0.0,SAFE
5.0,9.0,10.0,10.0,11.0,14.0,14.0,14.0,24.0,24.0,24.0,109.0,14.0,0.0,SAFE
6.0,8.0,17.0,31.0,36.0,44.0,44.0,44.0,44.0,44.0,141.0,185.0,44.0,0.0,SAFE
5.0,7.0,13.0,30.0,57.0,109.0,109.0,109.0,128.0,128.0,128.0,128.0,109.0,0.0,SAFE
84.0,342.0,386.0,387.0,1878.0,1878.0,1878.0,1878.0,1878.0,1878.0,1878.0,1878.0,1878.0,0.686046511627907,EXCEED
7.0,10.0,16.0,30.0,30.0,39.0,39.0,42.0,42.0,42.0,42.0,108.0,39.0,0.0,SAFE
9.0,10.0,25.0,30.0,39.0,39.0,39.0,42.0,42.0,42.0,45.0,70.0,39.0,0.0,SAFE
5.0,5.0,6.0,10.0,13.0,13.0,14.0,18.0,18.0,52.0,52.0,148.0,14.0,0.0,SAFE
7.0,7.0,11.0,11.0,14.0,14.0,14.0,14.0,16.0,58.0,58.0,86.0,14.0,0.0,SAFE
5.0,5.0,6.0,7.0,9.0,9.0,18.0,18.0,18.0,24.0,26.0,96.0,14.0,0.0,SAFE
5.0,5.0,6.0,8.0,27.0,27.0,27.0,27.0,27.0,27.0,31.0,53.0,27.0,0.0,SAFE
12.0,25.0,58.0,58.0,59.0,59.0,59.0,81.0,81.0,81.0,152.0,152.0,59.0,0.0,SAFE
7.0,9.0,16.0,31.0,104.0,104.0,147.0,381.0,593.0,668.0,698.0,698.0,125.0,0.17158119658119653,SAFE
28.0,177.0,493.0,655.0,655.0,655.0,655.0,926.0,1360.0,1360.0,1360.0,1360.0,655.0,0.6011075949367088,EXCEED
10.0,19.0,70.0,70.0,181.0,441.0,441.0,510.0,518.0,518.0,548.0,548.0,441.0,0.2809615384615385,EXCEED
8.0,8.0,12.0,12.0,12.0,16.0,18.0,19.0,80.0,80.0,80.0,80.0,17.0,0.0,SAFE
7.0,10.0,13.0,13.0,13.0,13.0,32.0,32.0,41.0,41.0,42.0,42.0,23.0,0.0,SAFE
5.0,5.0,10.0,10.0,21.0,26.0,26.0,26.0,26.0,33.0,33.0,124.0,26.0,0.0,SAFE
47.0,219.0,698.0,698.0,969.0,969.0,976.0,976.0,976.0,976.0,1242.0,1242.0,972.0,0.6308777429467085,EXCEED
5.0,13.0,20.0,26.0,47.0,47.0,47.0,47.0,96.0,96.0,96.0,96.0,47.0,0.0,SAFE
5.0,6.0,7.0,7.0,7.0,14.0,28.0,28.0,28.0,28.0,35.0,99.0,21.0,0.0,SAFE
5.0,8.0,25.0,34.0,125.0,174.0,174.0,174.0,204.0,229.0,229.0,229.0,174.0,0.0,SAFE
10.0,10.0,12.0,12.0,27.0,27.0,27.0,27.0,78.0,78.0,78.0,94.0,27.0,0.0,SAFE
6.0,6.0,6.0,8.0,13.0,15.0,15.0,15.0,15.0,15.0,57.0,73.0,15.0,0.0,SAFE
5.0,5.0,5.0,5.0,10.0,10.0,10.0,27.0,27.0,27.0,27.0,142.0,10.0,0.0,SAFE
5.0,5.0,5.0,6.0,7.0,12.0,12.0,21.0,21.0,21.0,70.0,140.0,12.0,0.0,SAFE
7.0,9.0,15.0,31.0,31.0,31.0,31.0,40.0,40.0,79.0,79.0,79.0,31.0,0.0,SAFE
5.0,5.0,8.0,15.0,15.0,15.0,15.0,36.0,64.0,64.0,117.0,117.0,15.0,0.0,SAFE
5.0,5.0,6.0,6.0,7.0,8.0,12.0,12.0,12.0,12.0,32.0,46.0,10.0,0.0,SAFE
5.0,5.0,5.0,5.0,5.0,7.0,7.0,13.0,24.0,40.0,40.0,67.0,7.0,0.0,SAFE
5.0,5.0,5.0,5.0,5.0,14.0,14.0,14.0,31.0,31.0,31.0,84.0,14.0,0.0,SAFE
5.0,5.0,5.0,7.0,7.0,7.0,7.0,10.0,21.0,29.0,95.0,95.0,7.0,0.0,SAFE
7.0,14.0,15.0,22.0,31.0,31.0,31.0,31.0,86.0,86.0,86.0,86.0,31.0,0.0,SAFE
6.0,6.0,7.0,14.0,14.0,24.0,44.0,44.0,44.0,44.0,44.0,106.0,34.0,0.0,SAFE
6.0,8.0,8.0,12.0,20.0,26.0,28.0,28.0,28.0,29.0,29.0,95.0,27.0,0.0,SAFE
7.0,7.0,14.0,24.0,56.0,180.0,180.0,185.0,224.0,345.0,345.0,345.0,180.0,0.0884297520661157,SAFE
6.0,9.0,9.0,9.0,12.0,12.0,21.0,22.0,22.0,38.0,38.0,84.0,16.0,0.0,SAFE
9.0,11.0,20.0,20.0,20.0,34.0,34.0,47.0,51.0,58.0,58.0,70.0,34.0,0.0,SAFE
13.0,31.0,82.0,82.0,82.0,82.0,123.0,123.0,123.0,123.0,123.0,224.0,102.0,0.0,SAFE
5.0,5.0,10.0,10.0,11.0,19.0,19.0,19.0,19.0,19.0,19.0,160.0,19.0,0.0,SAFE
5.0,8.0,19.0,20.0,29.0,29.0,29.0,29.0,29.0,32.0,32.0,112.0,29.0,0.0,SAFE
5.0,7.0,18.0,30.0,43.0,56.0,103.0,103.0,103.0,120.0,128.0,128.0,80.0,0.0,SAFE
6.0,7.0,17.0,20.0,20.0,20.0,44.0,44.0,44.0,44.0,86.0,91.0,32.0,0.0,SAFE
8.0,8.0,17.0,45.0,45.0,46.0,108.0,125.0,158.0,158.0,158.0,158.0,77.0,0.0,SAFE
7.0,7.0,14.0,25.0,27.0,30.0,41.0,92.0,92.0,92.0,92.0,92.0,36.0,0.0,SAFE
5.0,5.0,5.0,5.0,5.0,10.0,13.0,13.0,19.0,36.0,36.0,114.0,12.0,0.0,SAFE
7.0,8.0,10.0,13.0,13.0,13.0,14.0,14.0,19.0,28.0,28.0,42.0,14.0,0.0,SAFE
5.0,5.0,7.0,10.0,12.0,15.0,15.0,29.0,48.0,48.0,58.0,89.0,15.0,0.0,SAFE
8.0,8.0,9.0,11.0,11.0,11.0,11.0,11.0,37.0,39.0,39.0,110.0,11.0,0.0,SAFE
5.0,5.0,5.0,5.0,5.0,7.0,11.0,11.0,16.0,20.0,20.0,103.0,9.0,0.0,SAFE
6.0,8.0,16.0,34.0,78.0,134.0,134.0,184.0,184.0,184.0,184.0,184.0,134.0,0.0,SAFE
5.0,7.0,8.0,13.0,20.0,31.0,33.0,52.0,52.0,52.0,52.0,83.0,32.0,0.0,SAFE
27.0,74.0,140.0,140.0,140.0,140.0,184.0,609.0,609.0,609.0,629.0,629.0,162.0,0.18870588235294117,EXCEED
5.0,9.0,15.0,26.0,42.0,53.0,59.0,74.0,77.0,105.0,105.0,105.0,56.0,0.0,SAFE
5.0,9.0,11.0,11.0,11.0,11.0,11.0,22.0,94.0,94.0,94.0,151.0,11.0,0.0,SAFE
5.0,5.0,6.0,8.0,8.0,13.0,13.0,13.0,25.0,88.0,88.0,88.0,13.0,0.0,SAFE
5.0,6.0,11.0,31.0,45.0,70.0,97.0,146.0,146.0,148.0,148.0,154.0,84.0,0.0,SAFE
6.0,7.0,13.0,13.0,13.0,13.0,18.0,18.0,20.0,20.0,20.0,118.0,16.0,0.0,SAFE
31.0,75.0,159.0,170.0,201.0,201.0,201.0,201.0,201.0,220.0,220.0,245.0,201.0,0.0,SAFE
6.0,8.0,10.0,10.0,11.0,11.0,16.0,16.0,16.0,84.0,92.0,92.0,14.0,0.0,SAFE
5.0,8.0,8.0,10.0,13.0,14.0,19.0,19.0,19.0,20.0,25.0,64.0,17.0,0.0,SAFE
6.0,6.0,6.0,6.0,10.0,10.0,19.0,19.0,19.0,34.0,91.0,91.0,14.0,0.0,SAFE
17.0,68.0,144.0,168.0,196.0,196.0,196.0,196.0,287.0,287.0,287.0,287.0,196.0,0.10395095367847407,SAFE
6.0,7.0,7.0,28.0,28.0,28.0,44.0,134.0,161.0,328.0,328.0,429.0,36.0,0.08213213213213211,SAFE
7.0,7.0,9.0,9.0,10.0,11.0,12.0,12.0,12.0,20.0,20.0,56.0,12.0,0.0,SAFE
7.0,8.0,10.0,10.0,14.0,14.0,14.0,14.0,15.0,15.0,15.0,54.0,14.0,0.0,SAFE
8.0,8.0,10.0,11.0,11.0,11.0,13.0,13.0,20.0,20.0,20.0,62.0,12.0,0.0,SAFE
5.0,5.0,7.0,8.0,16.0,21.0,29.0,33.0,52.0,52.0,52.0,94.0,25.0,0.0,SAFE
5.0,6.0,6.0,6.0,9.0,13.0,13.0,13.0,32.0,32.0,32.0,117.0,13.0,0.0,SAFE
6.0,6.0,7.0,7.0,10.0,10.0,10.0,10.0,19.0,25.0,44.0,92.0,10.0,0.0,SAFE
8.0,8.0,23.0,23.0,45.0,63.0,64.0,64.0,72.0,98.0,98.0,98.0,64.0,0.0,SAFE
10.0,10.0,19.0,56.0,64.0,85.0,85.0,85.0,85.0,85.0,110.0,110.0,85.0,0.0,SAFE
5.0,6.0,7.0,11.0,22.0,22.0,22.0,22.0,26.0,85.0,85.0,85.0,22.0,0.0,SAFE
7.0,8.0,11.0,32.0,34.0,51.0,51.0,62.0,62.0,62.0,62.0,88.0,51.0,0.0,SAFE
5.0,5.0,6.0,10.0,10.0,16.0,17.0,28.0,28.0,28.0,28.0,70.0,16.0,0.0,SAFE
6.0,6.0,11.0,18.0,20.0,23.0,23.0,30.0,30.0,112.0,112.0,125.0,23.0,0.0,SAFE
38.0,144.0,419.0,669.0,1553.0,1651.0,2216.0,2950.0,2950.0,2950.0,2950.0,2950.0,1934.0,0.5758181818181818,EXCEED
5.0,5.0,5.0,6.0,8.0,8.0,15.0,15.0,15.0,29.0,29.0,40.0,11.0,0.0,SAFE
7.0,8.0,9.0,12.0,24.0,34.0,40.0,40.0,48.0,48.0,48.0,48.0,37.0,0.0,SAFE
5.0,5.0,5.0,5.0,5.0,7.0,27.0,27.0,27.0,46.0,104.0,117.0,17.0,0.0,SAFE
5.0,5.0,10.0,10.0,10.0,10.0,20.0,20.0,26.0,37.0,41.0,56.0,15.0,0.0,SAFE
5.0,8.0,11.0,12.0,32.0,38.0,38.0,49.0,49.0,49.0,49.0,76.0,38.0,0.0,SAFE
7.0,11.0,17.0,44.0,59.0,60.0,70.0,70.0,74.0,115.0,159.0,204.0,65.0,0.0,SAFE
6.0,8.0,15.0,17.0,21.0,24.0,24.0,24.0,24.0,38.0,38.0,139.0,24.0,0.0,SAFE
6.0,6.0,11.0,24.0,24.0,56.0,79.0,90.0,90.0,90.0,90.0,161.0,68.0,0.0,SAFE
7.0,9.0,14.0,24.0,44.0,44.0,44.0,44.0,44.0,50.0,50.0,76.0,44.0,0.0,SAFE
5.0,5.0,6.0,8.0,8.0,45.0,45.0,45.0,45.0,61.0,61.0,278.0,45.0,0.0,SAFE
5.0,5.0,6.0,7.0,8.0,8.0,9.0,9.0,80.0,80.0,80.0,87.0,9.0,0.0,SAFE
5.0,8.0,12.0,29.0,65.0,87.0,114.0,114.0,114.0,114.0,114.0,114.0,100.0,0.0,SAFE
9.0,10.0,11.0,14.0,17.0,19.0,20.0,20.0,26.0,70.0,100.0,100.0,19.0,0.0,SAFE
7.0,9.0,12.0,12.0,15.0,16.0,20.0,20.0,95.0,95.0,95.0,100.0,18.0,0.0,SAFE
5.0,5.0,6.0,6.0,8.0,14.0,14.0,21.0,21.0,21.0,26.0,94.0,14.0,0.0,SAFE
5.0,5.0,10.0,10.0,10.0,13.0,15.0,15.0,20.0,58.0,58.0,83.0,14.0,0.0,SAFE
5.0,5.0,5.0,10.0,10.0,10.0,15.0,24.0,24.0,44.0,44.0,72.0,12.0,0.0,SAFE
5.0,5.0,5.0,5.0,6.0,6.0,6.0,13.0,13.0,13.0,18.0,49.0,6.0,0.0,SAFE
19.0,28.0,41.0,84.0,95.0,95.0,95.0,95.0,95.0,95.0,104.0,225.0,95.0,0.0,SAFE
5.0,6.0,9.0,10.0,13.0,13.0,16.0,20.0,20.0,33.0,52.0,64.0,14.0,0.0,SAFE
5.0,5.0,5.0,8.0,8.0,21.0,21.0,21.0,21.0,23.0,30.0,49.0,21.0,0.0,SAFE
5.0,5.0,5.0,6.0,6.0,6.0,14.0,18.0,18.0,21.0,21.0,68.0,10.0,0.0,SAFE
36.0,211.0,323.0,421.0,778.0,778.0,778.0,814.0,1288.0,1322.0,1322.0,1788.0,778.0,0.5575892857142857,EXCEED
23.0,23.0,28.0,68.0,233.0,308.0,308.0,477.0,477.0,477.0,508.0,508.0,308.0,0.2688741721854305,EXCEED
15.0,60.0,121.0,149.0,149.0,164.0,164.0,164.0,164.0,164.0,208.0,262.0,164.0,0.0,SAFE
118.0,411.0,611.0,842.0,1032.0,1032.0,1032.0,1032.0,1032.0,1032.0,1032.0,1032.0,1032.0,0.7170648464163822,EXCEED
5.0,5.0,7.0,9.0,16.0,17.0,29.0,29.0,29.0,29.0,29.0,121.0,23.0,0.0,SAFE
5.0,5.0,9.0,9.0,23.0,23.0,23.0,23.0,24.0,24.0,24.0,99.0,23.0,0.0,SAFE
5.0,6.0,7.0,10.0,10.0,10.0,14.0,14.0,14.0,23.0,23.0,38.0,12.0,0.0,SAFE
5.0,9.0,9.0,9.0,27.0,27.0,27.0,27.0,36.0,36.0,36.0,43.0,27.0,0.0,SAFE
5.0,5.0,6.0,6.0,17.0,17.0,21.0,62.0,62.0,62.0,62.0,117.0,19.0,0.0,SAFE
5.0,5.0,5.0,5.0,5.0,7.0,9.0,9.0,14.0,14.0,42.0,42.0,8.0,0.0,SAFE
5.0,5.0,5.0,10.0,10.0,11.0,11.0,12.0,12.0,12.0,12.0,48.0,11.0,0.0,SAFE
5.0,5.0,6.0,6.0,6.0,6.0,6.0,15.0,16.0,16.0,22.0,55.0,6.0,0.0,SAFE
5.0,5.0,5.0,5.0,7.0,7.0,7.0,7.0,7.0,7.0,7.0,48.0,7.0,0.0,SAFE
5.0,5.0,5.0,5.0,5.0,7.0,7.0,12.0,13.0,16.0,54.0,54.0,7.0,0.0,SAFE
5.0,5.0,5.0,5.0,5.0,5.0,5.0,5.0,5.0,7.0,7.0,44.0,5.0,0.0,SAFE
5.0,5.0,5.0,5.0,5.0,5.0,5.0,5.0,9.0,15.0,15.0,45.0,5.0,0.0,SAFE
5.0,5.0,5.0,5.0,6.0,6.0,6.0,6.0,6.0,6.0,6.0,23.0,6.0,0.0,SAFE
5.0,5.0,5.0,5.0,7.0,8.0,8.0,8.0,8.0,13.0,13.0,39.0,8.0,0.0,SAFE
9.0,9.0,9.0,9.0,60.0,60.0,98.0,98.0,98.0,98.0,205.0,209.0,79.0,0.0,SAFE
5.0,5.0,5.0,5.0,6.0,7.0,7.0,19.0,19.0,19.0,19.0,55.0,7.0,0.0,SAFE
5.0,5.0,5.0,5.0,5.0,6.0,13.0,13.0,13.0,18.0,25.0,35.0,9.0,0.0,SAFE
5.0,5.0,5.0,5.0,5.0,6.0,6.0,13.0,21.0,21.0,21.0,33.0,6.0,0.0,SAFE
5.0,5.0,5.0,5.0,5.0,6.0,6.0,6.0,9.0,9.0,9.0,42.0,6.0,0.0,SAFE
5.0,5.0,5.0,5.0,6.0,6.0,8.0,8.0,8.0,20.0,20.0,46.0,7.0,0.0,SAFE
5.0,5.0,6.0,6.0,28.0,28.0,28.0,28.0,28.0,28.0,28.0,56.0,28.0,0.0,SAFE
5.0,5.0,5.0,5.0,5.0,5.0,5.0,5.0,5.0,13.0,44.0,44.0,5.0,0.0,SAFE
5.0,5.0,5.0,9.0,22.0,22.0,23.0,23.0,23.0,125.0,125.0,211.0,23.0,0.0,SAFE
5.0,5.0,5.0,5.0,5.0,5.0,6.0,6.0,7.0,7.0,11.0,32.0,6.0,0.0,SAFE
5.0,8.0,8.0,8.0,8.0,11.0,20.0,23.0,34.0,34.0,34.0,34.0,16.0,0.0,SAFE
5.0,5.0,5.0,5.0,6.0,6.0,6.0,7.0,11.0,34.0,34.0,34.0,6.0,0.0,SAFE
5.0,5.0,5.0,5.0,6.0,6.0,6.0,6.0,6.0,12.0,14.0,45.0,6.0,0.0,SAFE
5.0,5.0,6.0,6.0,6.0,15.0,18.0,18.0,62.0,62.0,62.0,62.0,16.0,0.0,SAFE
5.0,5.0,5.0,5.0,5.0,6.0,9.0,15.0,15.0,15.0,15.0,44.0,8.0,0.0,SAFE
5.0,5.0,5.0,7.0,13.0,13.0,13.0,13.0,13.0,16.0,16.0,51.0,13.0,0.0,SAFE
5.0,5.0,5.0,5.0,5.0,5.0,5.0,7.0,9.0,32.0,32.0,57.0,5.0,0.0,SAFE
5.0,5.0,5.0,5.0,6.0,6.0,6.0,6.0,35.0,35.0,35.0,35.0,6.0,0.0,SAFE
5.0,5.0,5.0,5.0,5.0,5.0,5.0,6.0,10.0,27.0,27.0,44.0,5.0,0.0,SAFE
5.0,5.0,5.0,5.0,5.0,5.0,5.0,15.0,18.0,18.0,18.0,43.0,5.0,0.0,SAFE
5.0,5.0,18.0,18.0,18.0,18.0,22.0,22.0,22.0,22.0,43.0,127.0,20.0,0.0,SAFE
5.0,5.0,5.0,5.0,5.0,5.0,6.0,8.0,21.0,21.0,21.0,45.0,6.0,0.0,SAFE
6.0,6.0,6.0,6.0,6.0,8.0,8.0,8.0,48.0,48.0,48.0,48.0,8.0,0.0,SAFE
5.0,5.0,5.0,5.0,5.0,6.0,6.0,13.0,13.0,13.0,19.0,41.0,6.0,0.0,SAFE
5.0,6.0,6.0,6.0,6.0,14.0,14.0,14.0,14.0,14.0,36.0,52.0,14.0,0.0,SAFE
5.0,5.0,5.0,6.0,6.0,15.0,15.0,15.0,15.0,15.0,15.0,68.0,15.0,0.0,SAFE
5.0,5.0,5.0,6.0,6.0,10.0,10.0,10.0,10.0,10.0,10.0,80.0,10.0,0.0,SAFE
5.0,5.0,5.0,5.0,6.0,6.0,14.0,14.0,20.0,20.0,20.0,20.0,10.0,0.0,SAFE
5.0,5.0,5.0,5.0,5.0,11.0,11.0,11.0,11.0,11.0,11.0,48.0,11.0,0.0,SAFE
9.0,11.0,16.0,28.0,28.0,35.0,52.0,86.0,103.0,103.0,103.0,103.0,44.0,0.0,SAFE
5.0,5.0,6.0,6.0,6.0,6.0,6.0,6.0,7.0,7.0,72.0,72.0,6.0,0.0,SAFE
5.0,5.0,5.0,5.0,6.0,7.0,7.0,7.0,7.0,29.0,29.0,89.0,7.0,0.0,SAFE
5.0,5.0,6.0,6.0,6.0,6.0,6.0,6.0,22.0,29.0,31.0,31.0,6.0,0.0,SAFE
5.0,5.0,6.0,7.0,13.0,15.0,15.0,18.0,18.0,18.0,18.0,49.0,15.0,0.0,SAFE
5.0,5.0,6.0,6.0,20.0,20.0,20.0,20.0,27.0,27.0,64.0,64.0,20.0,0.0,SAFE
5.0,5.0,5.0,7.0,7.0,23.0,23.0,23.0,23.0,23.0,23.0,37.0,23.0,0.0,SAFE
5.0,6.0,8.0,10.0,11.0,11.0,11.0,11.0,16.0,16.0,16.0,58.0,11.0,0.0,SAFE
5.0,5.0,6.0,6.0,6.0,6.0,14.0,14.0,14.0,14.0,14.0,42.0,10.0,0.0,SAFE
5.0,5.0,5.0,5.0,6.0,6.0,6.0,6.0,6.0,18.0,18.0,42.0,6.0,0.0,SAFE
5.0,5.0,5.0,5.0,7.0,7.0,15.0,16.0,32.0,32.0,32.0,41.0,11.0,0.0,SAFE
5.0,5.0,5.0,5.0,5.0,5.0,5.0,5.0,21.0,24.0,24.0,45.0,5.0,0.0,SAFE
5.0,5.0,5.0,5.0,5.0,5.0,15.0,15.0,15.0,20.0,37.0,37.0,10.0,0.0,SAFE
5.0,5.0,5.0,5.0,5.0,6.0,6.0,6.0,62.0,62.0,62.0,62.0,6.0,0.0,SAFE
5.0,5.0,5.0,5.0,5.0,5.0,5.0,5.0,9.0,18.0,18.0,73.0,5.0,0.0,SAFE
5.0,5.0,5.0,5.0,5.0,5.0,6.0,10.0,10.0,16.0,16.0,38.0,6.0,0.0,SAFE
5.0,5.0,5.0,5.0,5.0,6.0,6.0,6.0,6.0,11.0,11.0,41.0,6.0,0.0,SAFE
5.0,5.0,9.0,22.0,33.0,84.0,84.0,84.0,84.0,91.0,113.0,378.0,84.0,0.03424528301886798,SAFE
5.0,5.0,5.0,6.0,6.0,6.0,6.0,6.0,6.0,10.0,10.0,55.0,6.0,0.0,SAFE
5.0,5.0,5.0,7.0,7.0,7.0,7.0,10.0,10.0,30.0,30.0,57.0,7.0,0.0,SAFE
5.0,5.0,6.0,9.0,10.0,24.0,24.0,24.0,24.0,24.0,24.0,59.0,24.0,0.0,SAFE
5.0,7.0,7.0,8.0,22.0,23.0,57.0,57.0,57.0,57.0,57.0,138.0,40.0,0.0,SAFE
7.0,9.0,9.0,9.0,38.0,57.0,71.0,102.0,102.0,102.0,102.0,102.0,64.0,0.0,SAFE
5.0,5.0,6.0,6.0,8.0,8.0,16.0,16.0,16.0,16.0,16.0,42.0,12.0,0.0,SAFE
9.0,9.0,13.0,18.0,18.0,18.0,18.0,25.0,76.0,76.0,76.0,82.0,18.0,0.0,SAFE
5.0,5.0,5.0,5.0,5.0,5.0,7.0,7.0,7.0,7.0,7.0,95.0,6.0,0.0,SAFE
8.0,9.0,13.0,15.0,78.0,78.0,158.0,180.0,207.0,207.0,207.0,207.0,118.0,0.0,SAFE
44.0,78.0,96.0,289.0,373.0,373.0,373.0,436.0,598.0,677.0,714.0,714.0,373.0,0.4046632124352332,EXCEED
7.0,9.0,10.0,11.0,11.0,11.0,11.0,11.0,11.0,14.0,14.0,70.0,11.0,0.0,SAFE
5.0,5.0,5.0,5.0,5.0,5.0,13.0,13.0,13.0,13.0,13.0,139.0,9.0,0.0,SAFE
5.0,8.0,10.0,19.0,19.0,49.0,49.0,49.0,49.0,49.0,216.0,216.0,49.0,0.0,SAFE
6.0,6.0,6.0,10.0,10.0,11.0,11.0,11.0,11.0,11.0,106.0,106.0,11.0,0.0,SAFE
5.0,5.0,5.0,5.0,5.0,5.0,5.0,5.0,5.0,11.0,11.0,42.0,5.0,0.0,SAFE
6.0,6.0,8.0,8.0,10.0,10.0,13.0,23.0,23.0,23.0,23.0,113.0,11.0,0.0,SAFE
6.0,32.0,32.0,257.0,257.0,302.0,302.0,966.0,966.0,1151.0,1644.0,1644.0,302.0,0.2741573033707866,EXCEED
5.0,5.0,5.0,5.0,21.0,21.0,21.0,22.0,22.0,22.0,27.0,50.0,21.0,0.0,SAFE
5.0,5.0,5.0,5.0,22.0,22.0,22.0,22.0,50.0,50.0,78.0,78.0,22.0,0.0,SAFE
5.0,5.0,6.0,6.0,6.0,6.0,6.0,6.0,11.0,11.0,11.0,61.0,6.0,0.0,SAFE
5.0,5.0,5.0,5.0,5.0,5.0,9.0,93.0,93.0,93.0,93.0,176.0,7.0,0.0,SAFE
5.0,5.0,5.0,5.0,13.0,15.0,15.0,15.0,98.0,98.0,98.0,98.0,15.0,0.0,SAFE
5.0,5.0,5.0,12.0,12.0,12.0,12.0,21.0,21.0,21.0,198.0,198.0,12.0,0.0,SAFE
16.0,16.0,120.0,120.0,213.0,213.0,478.0,997.0,997.0,997.0,997.0,1516.0,346.0,0.23735849056603775,EXCEED
5.0,8.0,16.0,38.0,79.0,114.0,133.0,207.0,230.0,237.0,237.0,237.0,124.0,0.0,SAFE
5.0,10.0,22.0,22.0,22.0,38.0,38.0,40.0,76.0,76.0,86.0,86.0,38.0,0.0,SAFE
5.0,5.0,5.0,5.0,5.0,6.0,6.0,6.0,6.0,8.0,30.0,90.0,6.0,0.0,SAFE
5.0,5.0,5.0,5.0,6.0,6.0,6.0,6.0,6.0,6.0,28.0,72.0,6.0,0.0,SAFE
6.0,6.0,11.0,11.0,11.0,16.0,16.0,27.0,27.0,39.0,120.0,120.0,16.0,0.0,SAFE
8.0,10.0,10.0,10.0,12.0,14.0,14.0,14.0,14.0,14.0,14.0,93.0,14.0,0.0,SAFE
5.0,5.0,5.0,6.0,6.0,6.0,6.0,11.0,11.0,11.0,11.0,50.0,6.0,0.0,SAFE
5.0,5.0,5.0,5.0,5.0,5.0,6.0,8.0,11.0,11.0,11.0,133.0,6.0,0.0,SAFE
5.0,5.0,5.0,5.0,5.0,5.0,5.0,5.0,5.0,12.0,12.0,40.0,5.0,0.0,SAFE
5.0,5.0,5.0,6.0,8.0,11.0,11.0,11.0,13.0,34.0,34.0,41.0,11.0,0.0,SAFE
5.0,5.0,5.0,6.0,6.0,44.0,44.0,44.0,44.0,44.0,44.0,60.0,44.0,0.0,SAFE
5.0,5.0,5.0,5.0,5.0,6.0,6.0,6.0,6.0,6.0,29.0,46.0,6.0,0.0,SAFE
5.0,5.0,5.0,5.0,6.0,14.0,14.0,14.0,15.0,15.0,15.0,43.0,14.0,0.0,SAFE
5.0,5.0,5.0,5.0,5.0,5.0,5.0,15.0,15.0,15.0,21.0,49.0,5.0,0.0,SAFE
5.0,5.0,5.0,5.0,7.0,7.0,7.0,8.0,10.0,10.0,22.0,36.0,7.0,0.0,SAFE
5.0,5.0,5.0,5.0,6.0,6.0,6.0,6.0,8.0,8.0,8.0,33.0,6.0,0.0,SAFE
5.0,5.0,6.0,6.0,6.0,12.0,15.0,15.0,15.0,15.0,87.0,214.0,14.0,0.0,SAFE
5.0,5.0,5.0,5.0,6.0,6.0,6.0,6.0,20.0,20.0,20.0,77.0,6.0,0.0,SAFE
5.0,5.0,5.0,5.0,5.0,6.0,6.0,6.0,6.0,6.0,15.0,35.0,6.0,0.0,SAFE
5.0,5.0,5.0,5.0,5.0,5.0,8.0,8.0,11.0,11.0,11.0,36.0,6.0,0.0,SAFE
5.0,5.0,5.0,5.0,5.0,6.0,6.0,6.0,12.0,14.0,14.0,44.0,6.0,0.0,SAFE
5.0,5.0,5.0,5.0,5.0,6.0,6.0,6.0,10.0,12.0,12.0,42.0,6.0,0.0,SAFE
5.0,5.0,5.0,5.0,5.0,8.0,8.0,12.0,12.0,12.0,12.0,93.0,8.0,0.0,SAFE
5.0,5.0,5.0,6.0,6.0,7.0,7.0,22.0,22.0,22.0,22.0,57.0,7.0,0.0,SAFE
5.0,5.0,5.0,5.0,5.0,5.0,10.0,15.0,19.0,19.0,19.0,37.0,8.0,0.0,SAFE
5.0,5.0,6.0,6.0,6.0,6.0,6.0,7.0,7.0,7.0,10.0,37.0,6.0,0.0,SAFE
5.0,5.0,5.0,6.0,6.0,7.0,8.0,8.0,16.0,16.0,16.0,38.0,7.0,0.0,SAFE
5.0,6.0,6.0,6.0,10.0,10.0,15.0,15.0,15.0,15.0,15.0,41.0,13.0,0.0,SAFE
5.0,5.0,5.0,5.0,6.0,6.0,6.0,11.0,11.0,11.0,11.0,46.0,6.0,0.0,SAFE
5.0,5.0,5.0,5.0,5.0,5.0,5.0,18.0,18.0,18.0,18.0,50.0,5.0,0.0,SAFE
6.0,6.0,6.0,7.0,9.0,13.0,13.0,13.0,13.0,18.0,18.0,46.0,13.0,0.0,SAFE
5.0,5.0,7.0,12.0,20.0,20.0,27.0,27.0,27.0,48.0,48.0,48.0,23.0,0.0,SAFE
5.0,5.0,10.0,10.0,10.0,18.0,18.0,18.0,18.0,18.0,18.0,45.0,18.0,0.0,SAFE
5.0,5.0,5.0,5.0,5.0,6.0,6.0,6.0,7.0,7.0,7.0,54.0,6.0,0.0,SAFE
5.0,6.0,10.0,10.0,19.0,35.0,35.0,35.0,50.0,50.0,50.0,50.0,35.0,0.0,SAFE
5.0,5.0,6.0,6.0,7.0,7.0,10.0,10.0,10.0,10.0,10.0,50.0,9.0,0.0,SAFE
5.0,5.0,5.0,5.0,5.0,5.0,7.0,7.0,7.0,9.0,9.0,46.0,6.0,0.0,SAFE
5.0,5.0,5.0,5.0,5.0,5.0,5.0,9.0,10.0,10.0,17.0,107.0,5.0,0.0,SAFE
5.0,5.0,5.0,32.0,63.0,161.0,161.0,161.0,161.0,161.0,456.0,456.0,161.0,0.06490514905149047,SAFE
5.0,5.0,5.0,10.0,10.0,10.0,19.0,19.0,62.0,62.0,62.0,62.0,14.0,0.0,SAFE
5.0,5.0,5.0,5.0,5.0,6.0,6.0,6.0,7.0,7.0,7.0,41.0,6.0,0.0,SAFE
5.0,5.0,5.0,5.0,5.0,5.0,7.0,8.0,8.0,8.0,8.0,47.0,6.0,0.0,SAFE
5.0,5.0,5.0,8.0,8.0,8.0,8.0,18.0,18.0,18.0,18.0,70.0,8.0,0.0,SAFE
5.0,5.0,6.0,6.0,7.0,13.0,13.0,13.0,27.0,42.0,42.0,42.0,13.0,0.0,SAFE
6.0,8.0,8.0,10.0,11.0,11.0,11.0,12.0,21.0,34.0,34.0,66.0,11.0,0.0,SAFE
5.0,12.0,12.0,39.0,120.0,120.0,120.0,568.0,568.0,568.0,568.0,917.0,120.0,0.18216679076693965,EXCEED
6.0,6.0,10.0,11.0,12.0,12.0,12.0,41.0,41.0,41.0,41.0,41.0,12.0,0.0,SAFE
9.0,9.0,13.0,16.0,22.0,22.0,33.0,48.0,48.0,48.0,48.0,48.0,28.0,0.0,SAFE
5.0,8.0,8.0,14.0,34.0,55.0,55.0,55.0,55.0,55.0,60.0,60.0,55.0,0.0,SAFE
6.0,10.0,11.0,30.0,31.0,31.0,31.0,50.0,70.0,70.0,84.0,84.0,31.0,0.0,SAFE
5.0,5.0,5.0,5.0,5.0,5.0,20.0,20.0,20.0,38.0,38.0,85.0,13.0,0.0,SAFE
6.0,10.0,11.0,19.0,19.0,19.0,28.0,28.0,28.0,28.0,47.0,102.0,24.0,0.0,SAFE
5.0,5.0,6.0,6.0,8.0,8.0,8.0,8.0,11.0,17.0,56.0,68.0,8.0,0.0,SAFE
5.0,7.0,10.0,19.0,34.0,34.0,50.0,62.0,62.0,95.0,95.0,95.0,42.0,0.0,SAFE
9.0,9.0,34.0,35.0,53.0,185.0,247.0,433.0,463.0,594.0,619.0,628.0,216.0,0.19112903225806444,EXCEED
5.0,5.0,5.0,5.0,5.0,7.0,10.0,10.0,10.0,10.0,10.0,90.0,8.0,0.0,SAFE
5.0,5.0,5.0,6.0,6.0,6.0,25.0,25.0,25.0,25.0,25.0,83.0,15.0,0.0,SAFE
5.0,5.0,5.0,10.0,10.0,10.0,11.0,15.0,23.0,23.0,23.0,89.0,10.0,0.0,SAFE
5.0,5.0,5.0,5.0,5.0,5.0,7.0,7.0,7.0,11.0,70.0,70.0,6.0,0.0,SAFE
5.0,5.0,5.0,5.0,5.0,6.0,6.0,20.0,21.0,21.0,21.0,33.0,6.0,0.0,SAFE
5.0,5.0,5.0,6.0,6.0,6.0,6.0,8.0,8.0,30.0,30.0,49.0,6.0,0.0,SAFE
5.0,5.0,5.0,5.0,6.0,6.0,6.0,21.0,43.0,43.0,43.0,43.0,6.0,0.0,SAFE
5.0,5.0,5.0,9.0,14.0,14.0,14.0,14.0,14.0,14.0,60.0,60.0,14.0,0.0,SAFE
5.0,5.0,5.0,6.0,7.0,7.0,7.0,7.0,11.0,11.0,11.0,46.0,7.0,0.0,SAFE
5.0,5.0,5.0,7.0,7.0,10.0,10.0,10.0,20.0,20.0,42.0,42.0,10.0,0.0,SAFE
5.0,5.0,5.0,5.0,6.0,6.0,6.0,6.0,7.0,11.0,11.0,27.0,6.0,0.0,SAFE
5.0,5.0,5.0,5.0,6.0,6.0,6.0,6.0,6.0,6.0,17.0,73.0,6.0,0.0,SAFE
5.0,7.0,11.0,12.0,35.0,49.0,77.0,77.0,97.0,97.0,97.0,97.0,63.0,0.0,SAFE
5.0,5.0,6.0,6.0,6.0,6.0,8.0,8.0,8.0,8.0,10.0,71.0,7.0,0.0,SAFE
5.0,6.0,9.0,11.0,19.0,28.0,48.0,48.0,48.0,51.0,58.0,67.0,38.0,0.0,SAFE
5.0,5.0,5.0,6.0,8.0,8.0,18.0,24.0,24.0,24.0,36.0,91.0,13.0,0.0,SAFE
5.0,5.0,5.0,6.0,6.0,6.0,6.0,6.0,6.0,21.0,21.0,59.0,6.0,0.0,SAFE
8.0,10.0,10.0,10.0,10.0,10.0,11.0,17.0,25.0,32.0,32.0,195.0,10.0,0.0,SAFE
5.0,5.0,5.0,5.0,5.0,5.0,5.0,5.0,22.0,22.0,44.0,44.0,5.0,0.0,SAFE
5.0,5.0,5.0,5.0,5.0,5.0,5.0,18.0,18.0,22.0,27.0,64.0,5.0,0.0,SAFE
5.0,5.0,5.0,5.0,5.0,5.0,5.0,12.0,13.0,13.0,13.0,42.0,5.0,0.0,SAFE
5.0,5.0,17.0,20.0,27.0,27.0,27.0,63.0,63.0,63.0,69.0,146.0,27.0,0.0,SAFE
5.0,5.0,6.0,7.0,7.0,7.0,7.0,9.0,30.0,30.0,30.0,37.0,7.0,0.0,SAFE
5.0,5.0,6.0,6.0,6.0,6.0,6.0,6.0,6.0,10.0,10.0,46.0,6.0,0.0,SAFE
5.0,5.0,5.0,5.0,5.0,5.0,5.0,13.0,21.0,21.0,21.0,43.0,5.0,0.0,SAFE
5.0,6.0,7.0,7.0,42.0,42.0,42.0,42.0,42.0,42.0,43.0,86.0,42.0,0.0,SAFE
5.0,5.0,5.0,5.0,6.0,6.0,9.0,23.0,23.0,26.0,26.0,43.0,8.0,0.0,SAFE
5.0,5.0,5.0,6.0,6.0,6.0,6.0,6.0,8.0,8.0,8.0,46.0,6.0,0.0,SAFE
5.0,5.0,5.0,5.0,5.0,5.0,5.0,23.0,23.0,23.0,24.0,46.0,5.0,0.0,SAFE
5.0,5.0,5.0,5.0,24.0,24.0,24.0,24.0,24.0,24.0,24.0,33.0,24.0,0.0,SAFE
5.0,5.0,5.0,5.0,5.0,5.0,6.0,8.0,8.0,8.0,8.0,43.0,6.0,0.0,SAFE
5.0,6.0,6.0,9.0,12.0,12.0,12.0,12.0,17.0,26.0,26.0,72.0,12.0,0.0,SAFE
7.0,14.0,14.0,14.0,14.0,14.0,57.0,57.0,57.0,57.0,57.0,81.0,36.0,0.0,SAFE
5.0,5.0,6.0,18.0,18.0,34.0,44.0,44.0,46.0,50.0,50.0,59.0,39.0,0.0,SAFE
5.0,5.0,7.0,7.0,7.0,7.0,9.0,15.0,53.0,59.0,59.0,76.0,8.0,0.0,SAFE
14.0,58.0,117.0,131.0,131.0,131.0,160.0,340.0,340.0,340.0,340.0,340.0,146.0,0.1665924276169265,SAFE
24.0,121.0,239.0,300.0,372.0,418.0,418.0,418.0,418.0,418.0,418.0,418.0,418.0,0.4327868852459017,EXCEED
5.0,5.0,7.0,9.0,9.0,14.0,14.0,14.0,17.0,61.0,61.0,61.0,14.0,0.0,SAFE
5.0,6.0,8.0,12.0,12.0,17.0,17.0,22.0,22.0,34.0,34.0,117.0,17.0,0.0,SAFE
6.0,7.0,12.0,20.0,20.0,20.0,20.0,20.0,24.0,34.0,45.0,74.0,20.0,0.0,SAFE
5.0,5.0,6.0,6.0,10.0,10.0,51.0,51.0,51.0,51.0,51.0,86.0,31.0,0.0,SAFE
5.0,5.0,7.0,12.0,16.0,16.0,16.0,16.0,16.0,42.0,42.0,66.0,16.0,0.0,SAFE
5.0,5.0,5.0,5.0,5.0,7.0,7.0,7.0,13.0,22.0,22.0,76.0,7.0,0.0,SAFE
5.0,5.0,5.0,5.0,6.0,6.0,13.0,13.0,13.0,34.0,34.0,40.0,9.0,0.0,SAFE
6.0,7.0,10.0,10.0,10.0,32.0,32.0,32.0,32.0,32.0,32.0,51.0,32.0,0.0,SAFE
5.0,6.0,7.0,10.0,10.0,10.0,10.0,10.0,12.0,20.0,20.0,36.0,10.0,0.0,SAFE
9.0,9.0,12.0,17.0,36.0,36.0,36.0,36.0,36.0,36.0,36.0,75.0,36.0,0.0,SAFE
5.0,6.0,6.0,8.0,19.0,19.0,19.0,19.0,19.0,19.0,19.0,45.0,19.0,0.0,SAFE
5.0,5.0,6.0,6.0,6.0,6.0,6.0,13.0,15.0,19.0,19.0,45.0,6.0,0.0,SAFE
5.0,5.0,6.0,6.0,6.0,6.0,8.0,21.0,21.0,21.0,57.0,57.0,7.0,0.0,SAFE
6.0,8.0,9.0,9.0,11.0,11.0,11.0,27.0,31.0,31.0,44.0,67.0,11.0,0.0,SAFE
5.0,5.0,6.0,6.0,6.0,8.0,10.0,11.0,44.0,44.0,44.0,61.0,9.0,0.0,SAFE
5.0,6.0,9.0,23.0,31.0,31.0,31.0,31.0,31.0,31.0,32.0,42.0,31.0,0.0,SAFE
5.0,5.0,5.0,6.0,6.0,8.0,8.0,8.0,10.0,14.0,17.0,70.0,8.0,0.0,SAFE
6.0,8.0,11.0,11.0,11.0,11.0,11.0,11.0,42.0,49.0,49.0,62.0,11.0,0.0,SAFE
5.0,5.0,5.0,5.0,5.0,9.0,16.0,16.0,24.0,24.0,24.0,47.0,12.0,0.0,SAFE
8.0,17.0,47.0,95.0,95.0,95.0,95.0,105.0,105.0,118.0,118.0,133.0,95.0,0.0,SAFE
5.0,8.0,10.0,10.0,10.0,11.0,16.0,16.0,16.0,16.0,16.0,65.0,13.0,0.0,SAFE
5.0,5.0,5.0,5.0,5.0,5.0,7.0,7.0,7.0,16.0,54.0,54.0,6.0,0.0,SAFE
5.0,5.0,6.0,6.0,7.0,7.0,28.0,28.0,28.0,28.0,28.0,84.0,18.0,0.0,SAFE
5.0,5.0,5.0,5.0,6.0,7.0,7.0,9.0,15.0,15.0,15.0,72.0,7.0,0.0,SAFE
10.0,32.0,32.0,32.0,32.0,40.0,40.0,99.0,101.0,101.0,101.0,120.0,40.0,0.0,SAFE
5.0,5.0,6.0,7.0,7.0,7.0,7.0,17.0,17.0,24.0,24.0,48.0,7.0,0.0,SAFE
7.0,7.0,7.0,10.0,10.0,17.0,20.0,26.0,42.0,42.0,42.0,51.0,18.0,0.0,SAFE
5.0,5.0,6.0,7.0,7.0,13.0,13.0,13.0,13.0,68.0,68.0,91.0,13.0,0.0,SAFE
5.0,6.0,6.0,6.0,13.0,13.0,13.0,13.0,13.0,46.0,46.0,47.0,13.0,0.0,SAFE
6.0,6.0,16.0,21.0,21.0,21.0,21.0,55.0,55.0,55.0,55.0,55.0,21.0,0.0,SAFE
5.0,6.0,7.0,12.0,12.0,20.0,20.0,20.0,20.0,25.0,25.0,57.0,20.0,0.0,SAFE
5.0,5.0,5.0,5.0,9.0,9.0,9.0,10.0,11.0,11.0,11.0,59.0,9.0,0.0,SAFE
5.0,5.0,5.0,7.0,10.0,10.0,10.0,10.0,13.0,18.0,18.0,55.0,10.0,0.0,SAFE
7.0,7.0,26.0,26.0,27.0,36.0,50.0,99.0,99.0,99.0,99.0,229.0,43.0,0.0,SAFE
7.0,9.0,18.0,31.0,31.0,31.0,31.0,31.0,31.0,40.0,40.0,54.0,31.0,0.0,SAFE
5.0,5.0,6.0,6.0,6.0,6.0,6.0,6.0,6.0,14.0,14.0,22.0,6.0,0.0,SAFE
6.0,6.0,18.0,42.0,46.0,47.0,89.0,89.0,96.0,96.0,96.0,96.0,68.0,0.0,SAFE
5.0,5.0,7.0,8.0,8.0,20.0,20.0,20.0,20.0,30.0,30.0,73.0,20.0,0.0,SAFE
6.0,10.0,10.0,13.0,22.0,22.0,26.0,26.0,26.0,44.0,104.0,104.0,24.0,0.0,SAFE
5.0,5.0,5.0,5.0,14.0,16.0,16.0,16.0,44.0,44.0,44.0,44.0,16.0,0.0,SAFE
5.0,5.0,5.0,6.0,6.0,6.0,6.0,12.0,13.0,15.0,27.0,37.0,6.0,0.0,SAFE
5.0,5.0,6.0,10.0,10.0,10.0,10.0,10.0,15.0,15.0,15.0,41.0,10.0,0.0,SAFE
8.0,18.0,18.0,22.0,23.0,23.0,23.0,34.0,34.0,40.0,40.0,65.0,23.0,0.0,SAFE
5.0,5.0,6.0,10.0,15.0,18.0,18.0,18.0,18.0,63.0,63.0,63.0,18.0,0.0,SAFE
5.0,5.0,6.0,10.0,10.0,15.0,15.0,15.0,16.0,16.0,16.0,62.0,15.0,0.0,SAFE
14.0,58.0,77.0,143.0,143.0,143.0,143.0,143.0,143.0,143.0,143.0,170.0,143.0,0.0,SAFE
5.0,5.0,6.0,6.0,6.0,6.0,12.0,12.0,16.0,46.0,66.0,66.0,9.0,0.0,SAFE
5.0,6.0,7.0,10.0,10.0,10.0,10.0,10.0,14.0,16.0,16.0,80.0,10.0,0.0,SAFE
23.0,113.0,165.0,264.0,264.0,264.0,264.0,264.0,264.0,264.0,632.0,632.0,264.0,0.07390376406674426,SAFE
5.0,5.0,7.0,8.0,8.0,8.0,8.0,8.0,14.0,18.0,18.0,77.0,8.0,0.0,SAFE
5.0,5.0,14.0,31.0,46.0,46.0,46.0,46.0,46.0,46.0,46.0,96.0,46.0,0.0,SAFE
5.0,5.0,5.0,5.0,5.0,6.0,10.0,10.0,15.0,32.0,65.0,109.0,8.0,0.0,SAFE
5.0,5.0,5.0,5.0,6.0,6.0,9.0,16.0,16.0,28.0,28.0,69.0,8.0,0.0,SAFE
6.0,6.0,7.0,20.0,22.0,22.0,22.0,22.0,26.0,34.0,66.0,78.0,22.0,0.0,SAFE
7.0,8.0,17.0,35.0,51.0,51.0,51.0,78.0,94.0,94.0,94.0,94.0,51.0,0.0,SAFE
6.0,8.0,20.0,21.0,21.0,25.0,50.0,64.0,64.0,64.0,65.0,71.0,38.0,0.0,SAFE
10.0,10.0,23.0,41.0,43.0,47.0,47.0,47.0,75.0,76.0,76.0,83.0,47.0,0.0,SAFE
5.0,5.0,5.0,6.0,6.0,8.0,8.0,8.0,55.0,55.0,55.0,78.0,8.0,0.0,SAFE
5.0,7.0,14.0,36.0,36.0,43.0,52.0,66.0,84.0,84.0,84.0,84.0,48.0,0.0,SAFE
5.0,16.0,31.0,51.0,56.0,56.0,174.0,174.0,174.0,174.0,174.0,174.0,115.0,0.0,SAFE
9.0,62.0,267.0,297.0,341.0,342.0,342.0,342.0,342.0,342.0,342.0,375.0,342.0,0.45666666666666667,EXCEED
6.0,7.0,9.0,10.0,12.0,12.0,13.0,22.0,22.0,22.0,31.0,124.0,12.0,0.0,SAFE
9.0,9.0,29.0,56.0,56.0,69.0,77.0,98.0,113.0,113.0,113.0,113.0,73.0,0.0,SAFE
5.0,5.0,6.0,6.0,8.0,8.0,8.0,22.0,26.0,26.0,135.0,135.0,8.0,0.0,SAFE
5.0,5.0,5.0,7.0,7.0,7.0,7.0,7.0,9.0,15.0,16.0,80.0,7.0,0.0,SAFE
6.0,6.0,12.0,30.0,30.0,37.0,49.0,58.0,58.0,58.0,58.0,123.0,43.0,0.0,SAFE
5.0,12.0,19.0,38.0,38.0,38.0,38.0,38.0,48.0,48.0,48.0,117.0,38.0,0.0,SAFE
5.0,22.0,25.0,47.0,76.0,76.0,135.0,135.0,135.0,135.0,135.0,203.0,106.0,0.0,SAFE
8.0,8.0,10.0,13.0,13.0,13.0,22.0,22.0,26.0,34.0,34.0,51.0,17.0,0.0,SAFE
5.0,6.0,9.0,10.0,10.0,10.0,10.0,10.0,25.0,33.0,33.0,54.0,10.0,0.0,SAFE
23.0,163.0,260.0,353.0,353.0,353.0,353.0,353.0,353.0,353.0,353.0,353.0,353.0,0.4784172661870504,EXCEED
15.0,37.0,66.0,66.0,78.0,78.0,78.0,139.0,189.0,189.0,189.0,189.0,78.0,0.0,SAFE
7.0,10.0,12.0,12.0,19.0,67.0,67.0,67.0,67.0,67.0,67.0,207.0,67.0,0.0,SAFE
5.0,8.0,14.0,76.0,76.0,76.0,76.0,76.0,207.0,207.0,207.0,410.0,76.0,0.0410098522167488,SAFE
5.0,5.0,6.0,6.0,6.0,6.0,6.0,15.0,15.0,18.0,36.0,67.0,6.0,0.0,SAFE
5.0,6.0,6.0,6.0,6.0,6.0,7.0,10.0,10.0,14.0,22.0,86.0,7.0,0.0,SAFE
5.0,6.0,10.0,11.0,15.0,15.0,15.0,19.0,38.0,38.0,38.0,65.0,15.0,0.0,SAFE
5.0,5.0,9.0,9.0,16.0,16.0,16.0,16.0,16.0,22.0,22.0,35.0,16.0,0.0,SAFE
59.0,485.0,3288.0,6825.0,6902.0,8638.0,8638.0,9802.0,10002.0,10002.0,10002.0,10002.0,8638.0,0.7221830985915493,EXCEED
5.0,5.0,5.0,14.0,17.0,42.0,42.0,42.0,70.0,135.0,135.0,190.0,42.0,0.0,SAFE
5.0,5.0,16.0,16.0,29.0,29.0,38.0,55.0,55.0,55.0,55.0,83.0,34.0,0.0,SAFE
10.0,10.0,33.0,58.0,61.0,61.0,75.0,99.0,99.0,99.0,99.0,99.0,68.0,0.0,SAFE
6.0,8.0,20.0,104.0,157.0,157.0,178.0,183.0,183.0,210.0,210.0,210.0,168.0,0.0,SAFE
6.0,6.0,9.0,29.0,43.0,65.0,90.0,90.0,90.0,90.0,90.0,97.0,78.0,0.0,SAFE
9.0,9.0,23.0,75.0,95.0,140.0,140.0,175.0,202.0,202.0,202.0,202.0,140.0,0.0,SAFE
5.0,16.0,21.0,39.0,39.0,39.0,39.0,39.0,128.0,128.0,133.0,326.0,39.0,0.03095854922279795,SAFE
7.0,12.0,14.0,55.0,83.0,133.0,136.0,329.0,329.0,329.0,355.0,414.0,134.0,0.16269430051813472,SAFE
6.0,12.0,47.0,51.0,51.0,51.0,51.0,113.0,113.0,113.0,113.0,113.0,51.0,0.0,SAFE
25.0,124.0,146.0,185.0,200.0,292.0,292.0,478.0,478.0,478.0,478.0,478.0,292.0,0.25652173913043474,EXCEED
6.0,11.0,20.0,20.0,20.0,25.0,25.0,25.0,25.0,25.0,25.0,125.0,25.0,0.0,SAFE
5.0,6.0,6.0,9.0,13.0,14.0,14.0,14.0,56.0,56.0,56.0,56.0,14.0,0.0,SAFE
5.0,5.0,6.0,6.0,8.0,8.0,8.0,8.0,18.0,18.0,30.0,60.0,8.0,0.0,SAFE
5.0,7.0,7.0,7.0,7.0,7.0,7.0,7.0,12.0,30.0,30.0,58.0,7.0,0.0,SAFE
34.0,367.0,1140.0,2274.0,2280.0,2280.0,2501.0,2501.0,2501.0,2501.0,2501.0,2501.0,2391.0,0.6891891891891893,EXCEED
6.0,12.0,71.0,134.0,134.0,136.0,136.0,136.0,136.0,139.0,190.0,190.0,136.0,0.0,SAFE
5.0,9.0,21.0,30.0,36.0,41.0,41.0,59.0,59.0,66.0,66.0,110.0,41.0,0.0,SAFE
6.0,12.0,22.0,52.0,60.0,60.0,60.0,87.0,87.0,87.0,87.0,205.0,60.0,0.0,SAFE
5.0,5.0,10.0,10.0,10.0,10.0,16.0,16.0,16.0,37.0,37.0,86.0,13.0,0.0,SAFE
5.0,5.0,5.0,13.0,23.0,23.0,23.0,23.0,23.0,23.0,68.0,68.0,23.0,0.0,SAFE
5.0,5.0,6.0,10.0,12.0,12.0,12.0,44.0,44.0,44.0,44.0,133.0,12.0,0.0,SAFE
5.0,5.0,6.0,6.0,8.0,19.0,19.0,19.0,19.0,19.0,42.0,60.0,19.0,0.0,SAFE
6.0,6.0,27.0,48.0,79.0,81.0,98.0,98.0,98.0,124.0,124.0,124.0,89.0,0.0,SAFE
5.0,5.0,5.0,6.0,6.0,6.0,12.0,12.0,12.0,16.0,16.0,58.0,9.0,0.0,SAFE
5.0,5.0,6.0,6.0,7.0,7.0,7.0,7.0,7.0,25.0,25.0,61.0,7.0,0.0,SAFE
8.0,8.0,18.0,32.0,34.0,34.0,75.0,90.0,90.0,90.0,90.0,116.0,54.0,0.0,SAFE
5.0,5.0,6.0,6.0,7.0,7.0,7.0,7.0,18.0,58.0,58.0,58.0,7.0,0.0,SAFE
7.0,14.0,32.0,113.0,113.0,113.0,180.0,180.0,180.0,180.0,180.0,180.0,146.0,0.0,SAFE
6.0,6.0,17.0,27.0,27.0,27.0,27.0,27.0,27.0,27.0,54.0,78.0,27.0,0.0,SAFE
7.0,12.0,29.0,53.0,53.0,53.0,53.0,74.0,74.0,132.0,132.0,416.0,53.0,0.03695079086115993,SAFE
5.0,7.0,9.0,9.0,16.0,23.0,28.0,50.0,50.0,50.0,50.0,101.0,26.0,0.0,SAFE
6.0,6.0,14.0,37.0,54.0,92.0,134.0,144.0,144.0,169.0,169.0,169.0,113.0,0.0,SAFE
5.0,7.0,19.0,20.0,21.0,21.0,21.0,26.0,32.0,32.0,32.0,74.0,21.0,0.0,SAFE
15.0,87.0,313.0,321.0,322.0,350.0,350.0,473.0,473.0,473.0,473.0,473.0,350.0,0.5219026548672566,EXCEED
5.0,5.0,5.0,5.0,6.0,10.0,10.0,10.0,13.0,18.0,54.0,91.0,10.0,0.0,SAFE
5.0,8.0,10.0,12.0,28.0,41.0,41.0,66.0,66.0,66.0,66.0,85.0,41.0,0.0,SAFE
5.0,5.0,7.0,7.0,24.0,24.0,24.0,24.0,24.0,24.0,24.0,124.0,24.0,0.0,SAFE
5.0,5.0,6.0,9.0,9.0,9.0,9.0,9.0,24.0,24.0,46.0,141.0,9.0,0.0,SAFE
8.0,8.0,13.0,28.0,28.0,28.0,35.0,43.0,43.0,43.0,43.0,80.0,32.0,0.0,SAFE
5.0,5.0,6.0,6.0,6.0,9.0,9.0,9.0,10.0,14.0,14.0,58.0,9.0,0.0,SAFE
5.0,5.0,6.0,6.0,6.0,9.0,9.0,9.0,9.0,24.0,24.0,34.0,9.0,0.0,SAFE
5.0,5.0,5.0,5.0,5.0,5.0,5.0,5.0,6.0,19.0,19.0,32.0,5.0,0.0,SAFE
5.0,7.0,11.0,30.0,30.0,31.0,47.0,47.0,47.0,47.0,47.0,62.0,39.0,0.0,SAFE
5.0,6.0,8.0,9.0,11.0,13.0,13.0,13.0,19.0,21.0,21.0,49.0,13.0,0.0,SAFE
5.0,5.0,5.0,5.0,5.0,6.0,10.0,10.0,14.0,14.0,20.0,32.0,8.0,0.0,SAFE
5.0,7.0,20.0,42.0,68.0,75.0,76.0,76.0,110.0,110.0,110.0,110.0,75.0,0.0,SAFE
32.0,283.0,784.0,1031.0,1031.0,1031.0,1031.0,1031.0,1043.0,1046.0,1046.0,1157.0,1031.0,0.651792828685259,EXCEED
5.0,5.0,6.0,6.0,6.0,12.0,12.0,88.0,94.0,94.0,100.0,100.0,12.0,0.0,SAFE
6.0,8.0,20.0,22.0,22.0,22.0,22.0,22.0,45.0,45.0,45.0,87.0,22.0,0.0,SAFE
6.0,7.0,24.0,64.0,83.0,83.0,83.0,83.0,83.0,83.0,83.0,83.0,83.0,0.0,SAFE
6.0,11.0,34.0,73.0,75.0,181.0,190.0,238.0,238.0,238.0,238.0,238.0,186.0,0.0,SAFE
6.0,9.0,20.0,30.0,30.0,30.0,30.0,30.0,33.0,40.0,40.0,59.0,30.0,0.0,SAFE
6.0,6.0,15.0,37.0,37.0,41.0,60.0,76.0,76.0,76.0,76.0,85.0,50.0,0.0,SAFE
32.0,188.0,341.0,341.0,429.0,487.0,487.0,487.0,487.0,487.0,487.0,487.0,487.0,0.5598039215686275,EXCEED
5.0,7.0,10.0,11.0,14.0,14.0,14.0,14.0,15.0,18.0,43.0,57.0,14.0,0.0,SAFE
7.0,7.0,22.0,47.0,59.0,77.0,119.0,119.0,119.0,124.0,124.0,124.0,98.0,0.0,SAFE
5.0,5.0,6.0,11.0,11.0,11.0,11.0,19.0,45.0,45.0,45.0,132.0,11.0,0.0,SAFE
27.0,174.0,445.0,494.0,543.0,659.0,748.0,774.0,774.0,774.0,774.0,774.0,704.0,0.5913284132841329,EXCEED
5.0,6.0,7.0,10.0,10.0,24.0,24.0,24.0,114.0,280.0,280.0,315.0,24.0,0.07507507507507505,SAFE
5.0,5.0,6.0,6.0,6.0,6.0,6.0,8.0,8.0,26.0,26.0,115.0,6.0,0.0,SAFE
5.0,5.0,5.0,6.0,7.0,7.0,7.0,7.0,7.0,18.0,18.0,89.0,7.0,0.0,SAFE
7.0,7.0,16.0,20.0,20.0,24.0,24.0,27.0,27.0,27.0,27.0,60.0,24.0,0.0,SAFE
6.0,9.0,17.0,41.0,41.0,42.0,45.0,45.0,45.0,45.0,45.0,50.0,44.0,0.0,SAFE
6.0,7.0,10.0,10.0,11.0,11.0,11.0,14.0,17.0,17.0,17.0,66.0,11.0,0.0,SAFE
8.0,8.0,11.0,22.0,22.0,22.0,32.0,32.0,41.0,41.0,41.0,69.0,27.0,0.0,SAFE
5.0,5.0,5.0,13.0,24.0,24.0,34.0,34.0,34.0,34.0,34.0,80.0,29.0,0.0,SAFE
9.0,9.0,39.0,74.0,85.0,85.0,85.0,85.0,85.0,85.0,85.0,85.0,85.0,0.0,SAFE
5.0,5.0,5.0,6.0,7.0,7.0,7.0,10.0,14.0,36.0,59.0,67.0,7.0,0.0,SAFE
5.0,5.0,6.0,6.0,6.0,6.0,6.0,6.0,6.0,17.0,29.0,71.0,6.0,0.0,SAFE
9.0,11.0,16.0,27.0,40.0,40.0,40.0,40.0,40.0,40.0,41.0,61.0,40.0,0.0,SAFE
5.0,5.0,5.0,5.0,5.0,6.0,6.0,10.0,16.0,16.0,17.0,33.0,6.0,0.0,SAFE
39.0,549.0,3436.0,6158.0,6975.0,7921.0,8716.0,10125.0,10125.0,10125.0,10125.0,10125.0,8318.0,0.7291176470588235,EXCEED
9.0,10.0,12.0,95.0,95.0,95.0,117.0,118.0,118.0,118.0,118.0,304.0,106.0,0.028234501347708885,SAFE
5.0,6.0,6.0,6.0,13.0,19.0,57.0,57.0,57.0,57.0,57.0,96.0,38.0,0.0,SAFE
5.0,5.0,8.0,9.0,19.0,19.0,19.0,19.0,19.0,38.0,38.0,54.0,19.0,0.0,SAFE
5.0,10.0,16.0,16.0,16.0,16.0,16.0,97.0,97.0,97.0,97.0,430.0,16.0,0.03626126126126128,SAFE
10.0,10.0,10.0,12.0,12.0,34.0,34.0,36.0,36.0,39.0,39.0,39.0,34.0,0.0,SAFE
5.0,7.0,10.0,20.0,20.0,20.0,23.0,23.0,23.0,61.0,61.0,61.0,22.0,0.0,SAFE
7.0,11.0,22.0,86.0,93.0,111.0,130.0,130.0,130.0,130.0,130.0,130.0,121.0,0.0,SAFE
5.0,10.0,10.0,11.0,11.0,11.0,32.0,58.0,58.0,58.0,58.0,114.0,21.0,0.0,SAFE
6.0,15.0,18.0,45.0,62.0,62.0,62.0,62.0,62.0,64.0,64.0,109.0,62.0,0.0,SAFE
5.0,5.0,5.0,5.0,8.0,9.0,12.0,12.0,16.0,30.0,30.0,66.0,10.0,0.0,SAFE
28.0,219.0,386.0,715.0,715.0,715.0,715.0,931.0,931.0,931.0,1072.0,1111.0,715.0,0.5952095808383233,EXCEED
6.0,8.0,19.0,20.0,20.0,23.0,26.0,26.0,26.0,26.0,26.0,35.0,24.0,0.0,SAFE
6.0,7.0,10.0,15.0,15.0,27.0,27.0,27.0,27.0,43.0,43.0,79.0,27.0,0.0,SAFE
5.0,6.0,6.0,6.0,11.0,11.0,17.0,17.0,17.0,22.0,22.0,86.0,14.0,0.0,SAFE
15.0,79.0,115.0,267.0,282.0,282.0,294.0,370.0,370.0,370.0,370.0,370.0,288.0,0.31333333333333335,EXCEED
6.0,11.0,37.0,52.0,53.0,60.0,72.0,82.0,82.0,82.0,140.0,140.0,66.0,0.0,SAFE
6.0,7.0,10.0,12.0,12.0,12.0,19.0,21.0,21.0,34.0,54.0,88.0,16.0,0.0,SAFE
6.0,10.0,10.0,12.0,12.0,15.0,32.0,32.0,32.0,40.0,40.0,105.0,24.0,0.0,SAFE
10.0,13.0,31.0,31.0,32.0,37.0,41.0,41.0,41.0,41.0,164.0,164.0,39.0,0.0,SAFE
5.0,5.0,7.0,10.0,18.0,22.0,22.0,22.0,22.0,22.0,36.0,86.0,22.0,0.0,SAFE
17.0,59.0,114.0,114.0,234.0,234.0,234.0,269.0,507.0,507.0,507.0,507.0,234.0,0.1476866456361725,SAFE
8.0,56.0,69.0,116.0,123.0,123.0,125.0,164.0,164.0,164.0,164.0,164.0,124.0,0.0,SAFE
6.0,6.0,10.0,11.0,11.0,13.0,14.0,29.0,29.0,29.0,29.0,82.0,14.0,0.0,SAFE
8.0,8.0,11.0,11.0,11.0,11.0,11.0,17.0,17.0,17.0,17.0,80.0,11.0,0.0,SAFE
19.0,76.0,191.0,313.0,313.0,318.0,509.0,509.0,509.0,585.0,585.0,585.0,413.0,0.42704918032786887,EXCEED
6.0,10.0,19.0,33.0,44.0,44.0,46.0,46.0,46.0,46.0,57.0,111.0,45.0,0.0,SAFE
21.0,143.0,238.0,703.0,1005.0,1088.0,1088.0,1350.0,1350.0,1350.0,1350.0,1350.0,1088.0,0.49096774193548387,EXCEED
7.0,9.0,24.0,32.0,32.0,32.0,47.0,47.0,47.0,47.0,47.0,99.0,39.0,0.0,SAFE
17.0,33.0,76.0,116.0,117.0,119.0,130.0,286.0,286.0,286.0,286.0,286.0,124.0,0.15186136071887035,SAFE
9.0,10.0,12.0,12.0,21.0,21.0,21.0,21.0,21.0,21.0,21.0,53.0,21.0,0.0,SAFE
5.0,5.0,5.0,6.0,6.0,6.0,6.0,6.0,25.0,91.0,118.0,118.0,6.0,0.0,SAFE
7.0,18.0,20.0,57.0,57.0,57.0,58.0,58.0,71.0,71.0,71.0,90.0,58.0,0.0,SAFE
20.0,95.0,257.0,257.0,277.0,282.0,282.0,482.0,482.0,482.0,482.0,482.0,282.0,0.2727272727272727,EXCEED
8.0,10.0,10.0,14.0,18.0,18.0,19.0,19.0,19.0,30.0,32.0,79.0,18.0,0.0,SAFE
16.0,79.0,132.0,132.0,132.0,159.0,159.0,159.0,159.0,159.0,159.0,566.0,159.0,0.04257476444080299,SAFE
16.0,31.0,53.0,53.0,53.0,146.0,190.0,190.0,190.0,190.0,190.0,190.0,168.0,0.0,SAFE
39.0,197.0,557.0,573.0,608.0,608.0,608.0,608.0,823.0,992.0,992.0,992.0,608.0,0.6154166666666667,EXCEED
31.0,134.0,805.0,1348.0,1348.0,1827.0,2577.0,2600.0,3463.0,3463.0,3463.0,3466.0,2202.0,0.6173621460506706,EXCEED
25.0,135.0,694.0,694.0,794.0,1249.0,1284.0,1346.0,1346.0,2065.0,2261.0,2433.0,1266.0,0.6111260053619303,EXCEED
95.0,660.0,1487.0,3458.0,3458.0,4141.0,4825.0,5197.0,5197.0,5197.0,5197.0,5197.0,4483.0,0.7508849557522124,EXCEED
5.0,5.0,5.0,8.0,8.0,18.0,19.0,19.0,19.0,22.0,28.0,103.0,18.0,0.0,SAFE
11.0,22.0,22.0,42.0,42.0,91.0,91.0,91.0,91.0,91.0,199.0,316.0,91.0,0.03269230769230769,SAFE
5.0,5.0,5.0,6.0,6.0,9.0,9.0,9.0,9.0,9.0,16.0,144.0,9.0,0.0,SAFE
5.0,5.0,5.0,5.0,5.0,23.0,23.0,23.0,23.0,23.0,23.0,84.0,23.0,0.0,SAFE
5.0,5.0,5.0,5.0,6.0,6.0,13.0,13.0,16.0,33.0,33.0,60.0,10.0,0.0,SAFE
20.0,33.0,55.0,55.0,61.0,112.0,112.0,112.0,155.0,155.0,155.0,155.0,112.0,0.0,SAFE
7.0,7.0,10.0,19.0,22.0,26.0,26.0,28.0,28.0,28.0,28.0,88.0,26.0,0.0,SAFE
5.0,5.0,6.0,6.0,7.0,9.0,17.0,24.0,24.0,24.0,24.0,177.0,13.0,0.0,SAFE
5.0,5.0,5.0,7.0,12.0,12.0,13.0,40.0,40.0,40.0,40.0,83.0,12.0,0.0,SAFE
5.0,5.0,6.0,6.0,8.0,8.0,9.0,13.0,28.0,28.0,60.0,79.0,8.0,0.0,SAFE
5.0,5.0,6.0,9.0,15.0,16.0,16.0,16.0,16.0,18.0,39.0,76.0,16.0,0.0,SAFE
6.0,7.0,9.0,10.0,11.0,11.0,16.0,16.0,16.0,61.0,61.0,93.0,13.0,0.0,SAFE
5.0,5.0,6.0,6.0,6.0,6.0,10.0,11.0,16.0,16.0,24.0,55.0,8.0,0.0,SAFE
5.0,6.0,10.0,10.0,13.0,13.0,19.0,26.0,34.0,34.0,34.0,60.0,16.0,0.0,SAFE
5.0,5.0,16.0,16.0,20.0,26.0,42.0,136.0,147.0,152.0,152.0,158.0,34.0,0.0,SAFE
5.0,9.0,9.0,11.0,12.0,18.0,25.0,25.0,25.0,25.0,25.0,111.0,21.0,0.0,SAFE
5.0,5.0,5.0,5.0,8.0,8.0,8.0,8.0,8.0,11.0,24.0,83.0,8.0,0.0,SAFE
5.0,5.0,12.0,12.0,14.0,14.0,14.0,14.0,19.0,19.0,26.0,117.0,14.0,0.0,SAFE
5.0,6.0,6.0,8.0,9.0,9.0,9.0,9.0,9.0,24.0,32.0,91.0,9.0,0.0,SAFE
5.0,5.0,5.0,7.0,8.0,9.0,9.0,9.0,37.0,44.0,44.0,91.0,9.0,0.0,SAFE
5.0,5.0,5.0,5.0,6.0,7.0,7.0,12.0,27.0,27.0,27.0,108.0,7.0,0.0,SAFE
17.0,36.0,89.0,112.0,199.0,245.0,309.0,330.0,330.0,330.0,330.0,330.0,277.0,0.22265625,EXCEED
5.0,5.0,9.0,14.0,18.0,18.0,25.0,34.0,34.0,34.0,81.0,151.0,22.0,0.0,SAFE
6.0,7.0,36.0,36.0,66.0,134.0,528.0,532.0,726.0,839.0,839.0,839.0,331.0,0.23147208121827412,EXCEED
5.0,15.0,44.0,48.0,48.0,66.0,66.0,126.0,126.0,126.0,126.0,126.0,66.0,0.0,SAFE
5.0,5.0,7.0,13.0,13.0,13.0,19.0,19.0,20.0,20.0,23.0,100.0,16.0,0.0,SAFE
6.0,6.0,10.0,10.0,10.0,22.0,22.0,22.0,22.0,82.0,132.0,145.0,22.0,0.0,SAFE
5.0,9.0,21.0,21.0,36.0,36.0,71.0,75.0,105.0,105.0,105.0,105.0,53.0,0.0,SAFE
5.0,5.0,7.0,9.0,9.0,14.0,16.0,74.0,74.0,74.0,80.0,207.0,15.0,0.0,SAFE
5.0,7.0,7.0,7.0,7.0,10.0,10.0,13.0,13.0,13.0,30.0,124.0,10.0,0.0,SAFE
5.0,5.0,6.0,8.0,10.0,10.0,11.0,11.0,16.0,16.0,26.0,207.0,10.0,0.0,SAFE
5.0,10.0,14.0,14.0,14.0,14.0,25.0,25.0,25.0,36.0,53.0,119.0,19.0,0.0,SAFE
5.0,6.0,6.0,9.0,16.0,16.0,16.0,16.0,19.0,19.0,34.0,85.0,16.0,0.0,SAFE
6.0,6.0,8.0,8.0,8.0,10.0,48.0,61.0,112.0,112.0,112.0,112.0,29.0,0.0,SAFE
5.0,5.0,5.0,8.0,10.0,13.0,13.0,13.0,13.0,14.0,29.0,86.0,13.0,0.0,SAFE
8.0,8.0,15.0,15.0,27.0,27.0,50.0,52.0,61.0,61.0,61.0,61.0,38.0,0.0,SAFE
15.0,90.0,90.0,127.0,127.0,127.0,127.0,127.0,127.0,127.0,127.0,514.0,127.0,0.0401065203357005,SAFE
5.0,5.0,34.0,46.0,46.0,46.0,75.0,75.0,75.0,75.0,75.0,300.0,61.0,0.027224199288256257,SAFE
5.0,5.0,5.0,6.0,6.0,8.0,8.0,11.0,26.0,26.0,26.0,64.0,8.0,0.0,SAFE
5.0,5.0,7.0,10.0,10.0,10.0,11.0,44.0,44.0,44.0,44.0,58.0,10.0,0.0,SAFE
5.0,5.0,6.0,13.0,20.0,20.0,27.0,27.0,36.0,36.0,36.0,109.0,23.0,0.0,SAFE
106.0,240.0,240.0,240.0,240.0,240.0,619.0,619.0,746.0,746.0,746.0,746.0,429.0,0.24467580390089616,EXCEED
5.0,5.0,6.0,6.0,6.0,8.0,26.0,39.0,39.0,121.0,121.0,121.0,17.0,0.0,SAFE
5.0,10.0,22.0,61.0,61.0,89.0,89.0,89.0,89.0,89.0,142.0,151.0,89.0,0.0,SAFE
5.0,5.0,11.0,19.0,24.0,208.0,246.0,421.0,853.0,1006.0,1040.0,1072.0,227.0,0.19028571428571428,EXCEED
5.0,5.0,5.0,5.0,24.0,24.0,24.0,24.0,38.0,38.0,48.0,167.0,24.0,0.0,SAFE
5.0,9.0,11.0,12.0,20.0,20.0,21.0,24.0,24.0,46.0,46.0,86.0,20.0,0.0,SAFE
5.0,5.0,5.0,8.0,8.0,10.0,11.0,36.0,36.0,36.0,36.0,159.0,10.0,0.0,SAFE
5.0,7.0,7.0,8.0,8.0,8.0,19.0,19.0,19.0,19.0,41.0,102.0,13.0,0.0,SAFE
5.0,7.0,7.0,7.0,7.0,17.0,17.0,17.0,17.0,20.0,20.0,81.0,17.0,0.0,SAFE
10.0,13.0,13.0,38.0,38.0,48.0,48.0,48.0,48.0,48.0,67.0,157.0,48.0,0.0,SAFE
8.0,8.0,15.0,15.0,15.0,15.0,15.0,74.0,74.0,74.0,81.0,146.0,15.0,0.0,SAFE
5.0,16.0,20.0,30.0,30.0,49.0,49.0,49.0,49.0,49.0,50.0,147.0,49.0,0.0,SAFE
5.0,5.0,5.0,5.0,5.0,19.0,19.0,19.0,19.0,19.0,19.0,91.0,19.0,0.0,SAFE
5.0,5.0,5.0,5.0,5.0,5.0,5.0,6.0,12.0,12.0,14.0,66.0,5.0,0.0,SAFE
5.0,5.0,5.0,6.0,6.0,6.0,6.0,6.0,6.0,16.0,26.0,61.0,6.0,0.0,SAFE
5.0,5.0,5.0,8.0,8.0,13.0,15.0,15.0,15.0,15.0,33.0,62.0,14.0,0.0,SAFE
7.0,9.0,9.0,42.0,42.0,65.0,65.0,65.0,65.0,65.0,283.0,299.0,65.0,0.050344352617079924,SAFE
5.0,5.0,5.0,6.0,6.0,6.0,6.0,9.0,9.0,9.0,13.0,72.0,6.0,0.0,SAFE
5.0,5.0,6.0,8.0,9.0,10.0,10.0,12.0,12.0,12.0,45.0,104.0,10.0,0.0,SAFE
23.0,62.0,177.0,188.0,188.0,188.0,221.0,302.0,302.0,302.0,302.0,377.0,204.0,0.1635802469135803,SAFE
5.0,5.0,9.0,9.0,13.0,40.0,40.0,40.0,40.0,40.0,40.0,72.0,40.0,0.0,SAFE
5.0,10.0,10.0,10.0,10.0,10.0,18.0,18.0,18.0,33.0,154.0,154.0,14.0,0.0,SAFE
6.0,6.0,11.0,25.0,39.0,96.0,96.0,118.0,118.0,122.0,122.0,123.0,96.0,0.0,SAFE
5.0,7.0,12.0,19.0,19.0,20.0,20.0,20.0,20.0,20.0,58.0,65.0,20.0,0.0,SAFE
5.0,5.0,5.0,6.0,6.0,6.0,16.0,21.0,21.0,21.0,49.0,135.0,11.0,0.0,SAFE
5.0,6.0,10.0,10.0,12.0,14.0,14.0,14.0,14.0,14.0,14.0,96.0,14.0,0.0,SAFE
5.0,5.0,5.0,5.0,5.0,7.0,17.0,17.0,17.0,17.0,27.0,75.0,12.0,0.0,SAFE
5.0,5.0,5.0,7.0,8.0,8.0,23.0,28.0,64.0,64.0,64.0,64.0,15.0,0.0,SAFE
5.0,5.0,6.0,6.0,8.0,8.0,10.0,10.0,12.0,13.0,13.0,139.0,9.0,0.0,SAFE
5.0,5.0,5.0,9.0,14.0,14.0,19.0,25.0,27.0,52.0,52.0,64.0,16.0,0.0,SAFE
5.0,10.0,10.0,13.0,44.0,44.0,68.0,68.0,126.0,126.0,126.0,126.0,56.0,0.0,SAFE
8.0,8.0,16.0,16.0,26.0,26.0,27.0,37.0,37.0,37.0,37.0,78.0,26.0,0.0,SAFE
6.0,6.0,10.0,15.0,19.0,19.0,19.0,19.0,19.0,32.0,35.0,93.0,19.0,0.0,SAFE
8.0,8.0,14.0,17.0,32.0,43.0,43.0,43.0,67.0,67.0,67.0,106.0,43.0,0.0,SAFE
5.0,5.0,14.0,19.0,35.0,55.0,67.0,67.0,67.0,78.0,78.0,98.0,61.0,0.0,SAFE
12.0,43.0,54.0,77.0,123.0,158.0,158.0,158.0,228.0,228.0,228.0,275.0,158.0,0.0,SAFE
5.0,5.0,16.0,16.0,16.0,16.0,16.0,16.0,16.0,16.0,38.0,141.0,16.0,0.0,SAFE
18.0,144.0,216.0,216.0,227.0,248.0,248.0,264.0,264.0,264.0,264.0,264.0,248.0,0.0,SAFE
7.0,21.0,72.0,72.0,72.0,72.0,153.0,153.0,153.0,297.0,297.0,297.0,112.0,0.07795823665893264,SAFE
6.0,6.0,8.0,9.0,10.0,13.0,13.0,18.0,18.0,18.0,46.0,104.0,13.0,0.0,SAFE
5.0,5.0,5.0,6.0,6.0,10.0,10.0,11.0,16.0,40.0,40.0,86.0,10.0,0.0,SAFE
22.0,95.0,95.0,368.0,921.0,1534.0,1994.0,2255.0,2255.0,2255.0,2255.0,2255.0,1764.0,0.43223443223443225,EXCEED
5.0,8.0,16.0,16.0,18.0,18.0,21.0,21.0,21.0,21.0,145.0,543.0,20.0,0.04152010050251265,SAFE
6.0,22.0,59.0,297.0,297.0,317.0,569.0,596.0,638.0,638.0,638.0,638.0,443.0,0.40714285714285714,EXCEED
9.0,23.0,23.0,119.0,119.0,213.0,213.0,213.0,347.0,347.0,347.0,475.0,213.0,0.1249376558603491,SAFE
5.0,5.0,5.0,10.0,10.0,24.0,66.0,66.0,66.0,66.0,66.0,84.0,45.0,0.0,SAFE
5.0,56.0,62.0,62.0,68.0,145.0,145.0,145.0,145.0,226.0,226.0,244.0,145.0,0.0,SAFE
16.0,37.0,54.0,132.0,132.0,147.0,170.0,170.0,204.0,204.0,204.0,204.0,158.0,0.0,SAFE
22.0,64.0,336.0,692.0,692.0,945.0,1252.0,1252.0,1783.0,1795.0,1795.0,1849.0,1098.0,0.5308823529411765,EXCEED
6.0,9.0,10.0,10.0,10.0,11.0,28.0,74.0,74.0,114.0,114.0,124.0,20.0,0.0,SAFE
5.0,9.0,16.0,18.0,18.0,18.0,18.0,20.0,20.0,24.0,52.0,87.0,18.0,0.0,SAFE
18.0,122.0,664.0,984.0,1572.0,1572.0,1572.0,1584.0,1727.0,1894.0,2136.0,2136.0,1572.0,0.6062730627306273,EXCEED
5.0,5.0,8.0,15.0,15.0,15.0,107.0,140.0,173.0,326.0,326.0,376.0,61.0,0.08245901639344255,SAFE
5.0,9.0,9.0,12.0,19.0,19.0,20.0,22.0,22.0,27.0,64.0,64.0,20.0,0.0,SAFE
6.0,7.0,12.0,20.0,20.0,23.0,34.0,34.0,101.0,101.0,101.0,195.0,28.0,0.0,SAFE
6.0,10.0,10.0,17.0,17.0,18.0,18.0,18.0,18.0,18.0,41.0,101.0,18.0,0.0,SAFE
8.0,33.0,49.0,146.0,173.0,396.0,555.0,555.0,794.0,794.0,794.0,794.0,476.0,0.27600896860986546,EXCEED
7.0,8.0,15.0,19.0,20.0,20.0,20.0,20.0,28.0,30.0,44.0,65.0,20.0,0.0,SAFE
9.0,31.0,99.0,153.0,226.0,252.0,252.0,280.0,280.0,296.0,332.0,332.0,252.0,0.09924242424242424,SAFE
6.0,9.0,66.0,89.0,89.0,89.0,102.0,102.0,102.0,102.0,102.0,102.0,95.0,0.0,SAFE
5.0,6.0,6.0,6.0,6.0,7.0,7.0,14.0,23.0,98.0,98.0,159.0,7.0,0.0,SAFE
7.0,10.0,12.0,12.0,28.0,28.0,28.0,28.0,28.0,36.0,36.0,101.0,28.0,0.0,SAFE
31.0,40.0,47.0,147.0,147.0,173.0,173.0,173.0,173.0,173.0,173.0,186.0,173.0,0.0,SAFE
5.0,6.0,8.0,8.0,8.0,11.0,14.0,14.0,14.0,65.0,66.0,182.0,12.0,0.0,SAFE
5.0,6.0,6.0,6.0,6.0,9.0,9.0,9.0,10.0,10.0,10.0,98.0,9.0,0.0,SAFE
5.0,5.0,5.0,5.0,6.0,6.0,8.0,14.0,14.0,14.0,28.0,99.0,7.0,0.0,SAFE
5.0,5.0,6.0,6.0,6.0,22.0,22.0,31.0,31.0,31.0,31.0,79.0,22.0,0.0,SAFE
5.0,5.0,6.0,6.0,9.0,9.0,10.0,10.0,10.0,10.0,10.0,76.0,9.0,0.0,SAFE
5.0,5.0,7.0,10.0,10.0,10.0,15.0,15.0,15.0,16.0,36.0,82.0,13.0,0.0,SAFE
5.0,5.0,5.0,5.0,5.0,5.0,7.0,14.0,14.0,14.0,14.0,110.0,6.0,0.0,SAFE
5.0,5.0,5.0,7.0,7.0,7.0,8.0,10.0,10.0,10.0,11.0,74.0,7.0,0.0,SAFE
5.0,5.0,5.0,5.0,5.0,5.0,5.0,5.0,5.0,7.0,8.0,133.0,5.0,0.0,SAFE
5.0,5.0,5.0,7.0,7.0,7.0,7.0,7.0,16.0,16.0,19.0,64.0,7.0,0.0,SAFE
5.0,8.0,8.0,12.0,16.0,16.0,24.0,24.0,25.0,25.0,25.0,119.0,20.0,0.0,SAFE
5.0,5.0,8.0,8.0,8.0,8.0,10.0,10.0,16.0,26.0,26.0,41.0,9.0,0.0,SAFE
5.0,5.0,5.0,6.0,6.0,6.0,8.0,10.0,21.0,21.0,51.0,68.0,7.0,0.0,SAFE
5.0,5.0,6.0,9.0,15.0,15.0,15.0,15.0,15.0,40.0,40.0,73.0,15.0,0.0,SAFE
5.0,5.0,15.0,15.0,15.0,15.0,15.0,15.0,15.0,20.0,20.0,94.0,15.0,0.0,SAFE
5.0,5.0,5.0,7.0,7.0,7.0,7.0,7.0,10.0,10.0,15.0,100.0,7.0,0.0,SAFE
5.0,5.0,6.0,6.0,6.0,6.0,12.0,12.0,19.0,19.0,61.0,100.0,9.0,0.0,SAFE
5.0,5.0,7.0,7.0,7.0,7.0,7.0,20.0,20.0,20.0,25.0,75.0,7.0,0.0,SAFE
5.0,7.0,9.0,9.0,9.0,9.0,9.0,9.0,16.0,20.0,25.0,63.0,9.0,0.0,SAFE
10.0,34.0,40.0,61.0,65.0,86.0,86.0,86.0,86.0,86.0,91.0,208.0,86.0,0.0,SAFE
5.0,8.0,8.0,12.0,20.0,28.0,48.0,48.0,63.0,74.0,74.0,75.0,38.0,0.0,SAFE
5.0,5.0,6.0,6.0,10.0,10.0,13.0,30.0,30.0,30.0,30.0,113.0,11.0,0.0,SAFE
8.0,8.0,15.0,22.0,48.0,48.0,96.0,96.0,208.0,208.0,208.0,208.0,72.0,0.0,SAFE
5.0,5.0,7.0,7.0,7.0,8.0,12.0,15.0,15.0,15.0,39.0,144.0,10.0,0.0,SAFE
5.0,5.0,18.0,24.0,31.0,31.0,38.0,48.0,48.0,68.0,68.0,93.0,34.0,0.0,SAFE
5.0,5.0,14.0,17.0,23.0,23.0,33.0,45.0,45.0,61.0,61.0,90.0,28.0,0.0,SAFE
15.0,39.0,89.0,89.0,109.0,156.0,244.0,244.0,244.0,244.0,244.0,271.0,200.0,0.0,SAFE
5.0,5.0,9.0,25.0,37.0,72.0,73.0,125.0,136.0,136.0,136.0,136.0,72.0,0.0,SAFE
5.0,5.0,11.0,14.0,14.0,20.0,22.0,22.0,48.0,48.0,254.0,254.0,21.0,0.0,SAFE
5.0,5.0,11.0,18.0,20.0,23.0,23.0,23.0,23.0,38.0,38.0,116.0,23.0,0.0,SAFE
5.0,5.0,8.0,23.0,34.0,34.0,109.0,109.0,109.0,109.0,109.0,169.0,72.0,0.0,SAFE
5.0,7.0,7.0,10.0,10.0,10.0,17.0,17.0,17.0,22.0,35.0,143.0,13.0,0.0,SAFE
5.0,5.0,8.0,23.0,40.0,40.0,42.0,87.0,87.0,87.0,87.0,159.0,41.0,0.0,SAFE
6.0,6.0,8.0,25.0,40.0,40.0,60.0,60.0,79.0,79.0,79.0,192.0,50.0,0.0,SAFE
5.0,5.0,9.0,12.0,19.0,19.0,31.0,39.0,39.0,39.0,39.0,84.0,25.0,0.0,SAFE
19.0,34.0,69.0,116.0,116.0,176.0,186.0,186.0,212.0,212.0,246.0,246.0,181.0,0.0,SAFE
5.0,5.0,6.0,6.0,6.0,6.0,6.0,13.0,13.0,13.0,13.0,148.0,6.0,0.0,SAFE
8.0,14.0,64.0,64.0,64.0,75.0,75.0,75.0,75.0,75.0,128.0,128.0,75.0,0.0,SAFE
5.0,5.0,6.0,6.0,6.0,8.0,8.0,8.0,15.0,24.0,24.0,96.0,8.0,0.0,SAFE
6.0,7.0,13.0,20.0,30.0,45.0,45.0,45.0,51.0,51.0,51.0,72.0,45.0,0.0,SAFE
5.0,6.0,6.0,6.0,24.0,140.0,140.0,269.0,269.0,269.0,269.0,537.0,140.0,0.04897388059701502,SAFE
5.0,5.0,6.0,7.0,16.0,16.0,36.0,41.0,58.0,76.0,76.0,82.0,26.0,0.0,SAFE
6.0,6.0,8.0,10.0,10.0,10.0,10.0,10.0,12.0,12.0,23.0,98.0,10.0,0.0,SAFE
5.0,6.0,13.0,13.0,13.0,14.0,14.0,14.0,14.0,14.0,14.0,106.0,14.0,0.0,SAFE
9.0,87.0,108.0,108.0,108.0,143.0,143.0,143.0,143.0,143.0,274.0,274.0,143.0,0.0,SAFE
5.0,9.0,10.0,10.0,10.0,18.0,19.0,21.0,61.0,61.0,61.0,195.0,18.0,0.0,SAFE
5.0,10.0,19.0,20.0,21.0,21.0,21.0,29.0,29.0,29.0,38.0,79.0,21.0,0.0,SAFE
6.0,9.0,15.0,15.0,18.0,96.0,96.0,109.0,113.0,113.0,113.0,113.0,96.0,0.0,SAFE
5.0,11.0,11.0,11.0,11.0,11.0,12.0,12.0,12.0,12.0,26.0,62.0,11.0,0.0,SAFE
5.0,9.0,17.0,32.0,32.0,52.0,82.0,131.0,131.0,131.0,131.0,131.0,67.0,0.0,SAFE
5.0,5.0,8.0,16.0,20.0,29.0,72.0,72.0,72.0,72.0,131.0,131.0,50.0,0.0,SAFE
5.0,5.0,7.0,13.0,13.0,13.0,13.0,63.0,63.0,63.0,124.0,124.0,13.0,0.0,SAFE
16.0,24.0,24.0,68.0,68.0,68.0,68.0,68.0,68.0,108.0,108.0,220.0,68.0,0.0,SAFE
6.0,7.0,8.0,12.0,15.0,19.0,19.0,19.0,21.0,21.0,21.0,235.0,19.0,0.0,SAFE
5.0,5.0,6.0,8.0,9.0,9.0,9.0,29.0,29.0,29.0,74.0,98.0,9.0,0.0,SAFE
5.0,5.0,5.0,5.0,5.0,5.0,6.0,6.0,36.0,42.0,42.0,84.0,6.0,0.0,SAFE
5.0,5.0,5.0,5.0,5.0,10.0,10.0,15.0,16.0,16.0,16.0,141.0,10.0,0.0,SAFE
5.0,5.0,6.0,6.0,6.0,6.0,10.0,10.0,10.0,10.0,33.0,41.0,8.0,0.0,SAFE
5.0,5.0,6.0,6.0,6.0,6.0,6.0,6.0,6.0,6.0,9.0,82.0,6.0,0.0,SAFE
10.0,10.0,25.0,25.0,31.0,31.0,31.0,46.0,60.0,60.0,60.0,60.0,31.0,0.0,SAFE
5.0,5.0,6.0,6.0,10.0,10.0,10.0,12.0,12.0,12.0,143.0,143.0,10.0,0.0,SAFE
5.0,5.0,6.0,13.0,20.0,20.0,20.0,20.0,33.0,33.0,33.0,94.0,20.0,0.0,SAFE
5.0,5.0,5.0,5.0,5.0,5.0,6.0,9.0,16.0,19.0,19.0,58.0,6.0,0.0,SAFE
5.0,5.0,5.0,7.0,7.0,7.0,10.0,10.0,26.0,26.0,32.0,64.0,9.0,0.0,SAFE
5.0,5.0,5.0,5.0,5.0,7.0,8.0,8.0,8.0,11.0,21.0,102.0,8.0,0.0,SAFE
8.0,20.0,22.0,22.0,28.0,57.0,57.0,57.0,57.0,57.0,57.0,108.0,57.0,0.0,SAFE
5.0,5.0,5.0,6.0,6.0,8.0,8.0,8.0,10.0,36.0,96.0,232.0,8.0,0.0,SAFE
5.0,5.0,5.0,5.0,6.0,6.0,14.0,47.0,47.0,47.0,47.0,129.0,10.0,0.0,SAFE
30.0,266.0,779.0,822.0,865.0,865.0,1079.0,1079.0,1079.0,1079.0,1079.0,1079.0,972.0,0.645906432748538,EXCEED
5.0,15.0,20.0,33.0,33.0,41.0,62.0,62.0,63.0,71.0,78.0,98.0,52.0,0.0,SAFE
6.0,10.0,16.0,16.0,27.0,27.0,27.0,32.0,32.0,62.0,62.0,125.0,27.0,0.0,SAFE
5.0,6.0,6.0,9.0,9.0,9.0,9.0,12.0,12.0,12.0,29.0,96.0,9.0,0.0,SAFE
5.0,11.0,11.0,11.0,11.0,11.0,49.0,49.0,49.0,76.0,140.0,140.0,30.0,0.0,SAFE
5.0,5.0,5.0,5.0,10.0,10.0,10.0,16.0,16.0,16.0,36.0,89.0,10.0,0.0,SAFE
6.0,6.0,7.0,9.0,10.0,12.0,12.0,12.0,32.0,32.0,73.0,80.0,12.0,0.0,SAFE
6.0,6.0,6.0,6.0,6.0,26.0,26.0,26.0,48.0,48.0,48.0,76.0,26.0,0.0,SAFE
28.0,226.0,979.0,1195.0,1195.0,1195.0,1285.0,1285.0,1285.0,1285.0,1285.0,1285.0,1240.0,0.6392430278884462,EXCEED
5.0,5.0,6.0,12.0,12.0,12.0,21.0,21.0,21.0,21.0,36.0,86.0,16.0,0.0,SAFE
5.0,8.0,26.0,26.0,91.0,91.0,91.0,91.0,91.0,91.0,91.0,115.0,91.0,0.0,SAFE
5.0,5.0,5.0,7.0,7.0,8.0,10.0,53.0,53.0,53.0,67.0,185.0,9.0,0.0,SAFE
5.0,5.0,5.0,8.0,10.0,69.0,69.0,69.0,80.0,92.0,320.0,320.0,69.0,0.05438596491228076,SAFE
20.0,218.0,401.0,561.0,572.0,572.0,572.0,572.0,773.0,773.0,773.0,1120.0,572.0,0.5991803278688524,EXCEED
5.0,9.0,10.0,12.0,17.0,26.0,26.0,26.0,26.0,64.0,64.0,167.0,26.0,0.0,SAFE
12.0,38.0,287.0,358.0,460.0,460.0,634.0,634.0,821.0,821.0,821.0,821.0,548.0,0.5042168674698795,EXCEED
5.0,5.0,5.0,5.0,12.0,12.0,24.0,24.0,24.0,24.0,38.0,43.0,18.0,0.0,SAFE
5.0,5.0,5.0,6.0,6.0,6.0,10.0,18.0,18.0,18.0,23.0,139.0,8.0,0.0,SAFE
5.0,8.0,27.0,27.0,63.0,63.0,63.0,88.0,88.0,88.0,88.0,117.0,63.0,0.0,SAFE
5.0,5.0,5.0,11.0,11.0,11.0,26.0,26.0,26.0,26.0,76.0,102.0,18.0,0.0,SAFE
5.0,5.0,5.0,5.0,8.0,11.0,18.0,18.0,18.0,18.0,28.0,93.0,14.0,0.0,SAFE
5.0,7.0,7.0,34.0,34.0,34.0,34.0,34.0,34.0,188.0,188.0,333.0,34.0,0.03416955017301038,SAFE
5.0,5.0,5.0,5.0,6.0,6.0,6.0,6.0,10.0,65.0,65.0,65.0,6.0,0.0,SAFE
5.0,5.0,5.0,5.0,5.0,5.0,6.0,6.0,35.0,35.0,35.0,89.0,6.0,0.0,SAFE
7.0,7.0,7.0,10.0,14.0,14.0,14.0,14.0,14.0,14.0,14.0,63.0,14.0,0.0,SAFE
5.0,5.0,11.0,11.0,18.0,18.0,23.0,23.0,23.0,184.0,184.0,184.0,21.0,0.0,SAFE
5.0,5.0,5.0,7.0,7.0,7.0,9.0,16.0,16.0,18.0,18.0,79.0,8.0,0.0,SAFE
5.0,5.0,6.0,6.0,8.0,10.0,10.0,10.0,13.0,13.0,33.0,73.0,10.0,0.0,SAFE
5.0,5.0,5.0,5.0,5.0,5.0,5.0,49.0,49.0,51.0,51.0,71.0,5.0,0.0,SAFE
5.0,5.0,5.0,5.0,6.0,9.0,9.0,9.0,48.0,48.0,79.0,79.0,9.0,0.0,SAFE
5.0,5.0,5.0,5.0,5.0,5.0,5.0,10.0,10.0,10.0,10.0,63.0,5.0,0.0,SAFE
5.0,5.0,5.0,5.0,5.0,5.0,5.0,8.0,8.0,46.0,61.0,185.0,5.0,0.0,SAFE
5.0,5.0,5.0,5.0,5.0,5.0,6.0,6.0,6.0,6.0,6.0,47.0,6.0,0.0,SAFE
6.0,9.0,9.0,9.0,15.0,15.0,20.0,42.0,42.0,42.0,42.0,63.0,18.0,0.0,SAFE
5.0,9.0,18.0,18.0,24.0,55.0,57.0,98.0,98.0,98.0,98.0,98.0,56.0,0.0,SAFE
5.0,5.0,5.0,5.0,5.0,6.0,13.0,13.0,13.0,13.0,19.0,68.0,10.0,0.0,SAFE
5.0,5.0,5.0,5.0,5.0,5.0,6.0,6.0,32.0,76.0,76.0,119.0,5.0,0.0,SAFE
5.0,5.0,6.0,6.0,6.0,7.0,7.0,23.0,23.0,23.0,40.0,129.0,7.0,0.0,SAFE
5.0,5.0,5.0,5.0,5.0,5.0,5.0,5.0,5.0,5.0,23.0,91.0,5.0,0.0,SAFE
5.0,5.0,5.0,5.0,5.0,6.0,6.0,6.0,6.0,6.0,18.0,82.0,6.0,0.0,SAFE
5.0,13.0,37.0,114.0,302.0,302.0,318.0,336.0,360.0,382.0,382.0,382.0,310.0,0.3119363395225465,EXCEED
5.0,5.0,5.0,5.0,5.0,5.0,5.0,5.0,10.0,10.0,20.0,72.0,5.0,0.0,SAFE
5.0,5.0,6.0,6.0,6.0,36.0,52.0,116.0,284.0,292.0,292.0,460.0,44.0,0.10119047619047616,SAFE
5.0,5.0,5.0,5.0,6.0,8.0,8.0,8.0,16.0,16.0,16.0,76.0,8.0,0.0,SAFE
5.0,5.0,5.0,5.0,9.0,10.0,21.0,21.0,158.0,158.0,158.0,412.0,16.0,0.037992125984252056,SAFE
5.0,5.0,6.0,6.0,6.0,6.0,6.0,6.0,6.0,8.0,26.0,71.0,6.0,0.0,SAFE
5.0,5.0,6.0,6.0,6.0,8.0,8.0,8.0,46.0,46.0,46.0,94.0,8.0,0.0,SAFE
5.0,5.0,5.0,6.0,6.0,6.0,6.0,6.0,9.0,32.0,32.0,37.0,6.0,0.0,SAFE
5.0,5.0,5.0,5.0,5.0,5.0,5.0,6.0,6.0,6.0,6.0,58.0,5.0,0.0,SAFE
5.0,10.0,22.0,22.0,64.0,113.0,116.0,120.0,120.0,120.0,120.0,120.0,114.0,0.0,SAFE
5.0,5.0,5.0,6.0,6.0,7.0,7.0,7.0,18.0,18.0,118.0,118.0,7.0,0.0,SAFE
5.0,5.0,5.0,5.0,5.0,7.0,9.0,9.0,9.0,32.0,69.0,72.0,8.0,0.0,SAFE
5.0,5.0,5.0,5.0,5.0,5.0,5.0,6.0,6.0,10.0,53.0,86.0,5.0,0.0,SAFE
5.0,5.0,5.0,5.0,5.0,6.0,6.0,10.0,17.0,28.0,28.0,63.0,6.0,0.0,SAFE
10.0,28.0,42.0,42.0,82.0,82.0,82.0,82.0,82.0,102.0,102.0,141.0,82.0,0.0,SAFE
5.0,5.0,5.0,5.0,6.0,6.0,6.0,11.0,26.0,26.0,75.0,269.0,6.0,0.0,SAFE
5.0,5.0,5.0,5.0,5.0,6.0,6.0,6.0,6.0,12.0,23.0,69.0,6.0,0.0,SAFE
5.0,5.0,5.0,6.0,6.0,7.0,7.0,7.0,20.0,20.0,20.0,56.0,7.0,0.0,SAFE
5.0,6.0,6.0,6.0,6.0,7.0,7.0,11.0,14.0,16.0,48.0,73.0,7.0,0.0,SAFE
88.0,218.0,218.0,226.0,421.0,421.0,421.0,429.0,566.0,566.0,566.0,566.0,421.0,0.37230769230769234,EXCEED
5.0,5.0,5.0,10.0,12.0,12.0,12.0,12.0,25.0,117.0,147.0,147.0,12.0,0.0,SAFE
7.0,8.0,20.0,51.0,51.0,51.0,51.0,51.0,150.0,158.0,158.0,255.0,51.0,0.0,SAFE
5.0,8.0,8.0,8.0,22.0,185.0,185.0,537.0,900.0,1002.0,1002.0,1002.0,185.0,0.18650568181818183,EXCEED
5.0,5.0,5.0,5.0,5.0,5.0,22.0,87.0,176.0,205.0,205.0,270.0,14.0,0.0,SAFE
5.0,5.0,6.0,6.0,6.0,6.0,6.0,20.0,20.0,20.0,20.0,66.0,6.0,0.0,SAFE
5.0,5.0,5.0,5.0,5.0,5.0,5.0,5.0,49.0,78.0,78.0,128.0,5.0,0.0,SAFE
5.0,5.0,5.0,5.0,6.0,6.0,7.0,12.0,12.0,12.0,12.0,71.0,6.0,0.0,SAFE
5.0,5.0,5.0,5.0,5.0,5.0,15.0,15.0,15.0,18.0,18.0,56.0,10.0,0.0,SAFE
5.0,5.0,5.0,5.0,12.0,14.0,14.0,14.0,14.0,32.0,47.0,135.0,14.0,0.0,SAFE
5.0,6.0,6.0,10.0,10.0,10.0,10.0,32.0,32.0,134.0,134.0,182.0,10.0,0.0,SAFE
5.0,5.0,5.0,5.0,5.0,16.0,16.0,16.0,16.0,38.0,43.0,101.0,16.0,0.0,SAFE
5.0,7.0,7.0,7.0,7.0,7.0,7.0,7.0,7.0,7.0,8.0,64.0,7.0,0.0,SAFE
5.0,5.0,5.0,5.0,5.0,5.0,5.0,5.0,10.0,10.0,10.0,65.0,5.0,0.0,SAFE
5.0,5.0,5.0,5.0,6.0,6.0,6.0,9.0,11.0,11.0,11.0,55.0,6.0,0.0,SAFE
5.0,5.0,5.0,5.0,5.0,6.0,6.0,6.0,6.0,7.0,30.0,30.0,6.0,0.0,SAFE
5.0,5.0,5.0,5.0,5.0,35.0,90.0,163.0,163.0,163.0,163.0,359.0,62.0,0.03508939974457215,SAFE
5.0,5.0,5.0,5.0,5.0,5.0,9.0,9.0,9.0,9.0,10.0,64.0,7.0,0.0,SAFE
5.0,5.0,5.0,5.0,6.0,8.0,8.0,13.0,13.0,35.0,85.0,127.0,8.0,0.0,SAFE
5.0,5.0,5.0,5.0,78.0,78.0,78.0,78.0,78.0,110.0,340.0,340.0,78.0,0.05656182212581351,SAFE
8.0,10.0,10.0,12.0,13.0,25.0,25.0,42.0,69.0,69.0,69.0,111.0,25.0,0.0,SAFE
5.0,5.0,5.0,5.0,6.0,6.0,9.0,14.0,14.0,14.0,14.0,70.0,7.0,0.0,SAFE
5.0,5.0,5.0,5.0,5.0,5.0,5.0,6.0,6.0,52.0,52.0,58.0,5.0,0.0,SAFE
5.0,5.0,5.0,6.0,6.0,9.0,12.0,14.0,14.0,14.0,84.0,202.0,10.0,0.0,SAFE
5.0,5.0,5.0,5.0,6.0,6.0,6.0,6.0,6.0,16.0,31.0,63.0,6.0,0.0,SAFE
5.0,5.0,5.0,5.0,5.0,5.0,6.0,6.0,6.0,6.0,6.0,81.0,5.0,0.0,SAFE
9.0,9.0,9.0,16.0,16.0,16.0,24.0,24.0,24.0,24.0,24.0,66.0,20.0,0.0,SAFE
5.0,5.0,5.0,5.0,5.0,5.0,5.0,18.0,18.0,18.0,26.0,68.0,5.0,0.0,SAFE
5.0,6.0,10.0,10.0,12.0,12.0,12.0,15.0,16.0,68.0,68.0,68.0,12.0,0.0,SAFE
5.0,5.0,9.0,9.0,11.0,16.0,16.0,16.0,39.0,64.0,64.0,72.0,16.0,0.0,SAFE
5.0,5.0,5.0,9.0,9.0,9.0,10.0,13.0,13.0,28.0,89.0,102.0,9.0,0.0,SAFE
5.0,5.0,5.0,5.0,6.0,6.0,6.0,6.0,6.0,11.0,23.0,58.0,6.0,0.0,SAFE
5.0,5.0,5.0,5.0,5.0,6.0,6.0,15.0,15.0,15.0,18.0,94.0,6.0,0.0,SAFE
5.0,5.0,5.0,5.0,5.0,5.0,14.0,32.0,32.0,32.0,32.0,54.0,10.0,0.0,SAFE
9.0,22.0,22.0,47.0,47.0,47.0,47.0,47.0,47.0,145.0,145.0,287.0,47.0,0.026232394366197176,SAFE
5.0,5.0,5.0,5.0,5.0,5.0,5.0,7.0,8.0,8.0,8.0,60.0,5.0,0.0,SAFE
12.0,22.0,74.0,74.0,95.0,156.0,156.0,178.0,178.0,178.0,178.0,179.0,156.0,0.0,SAFE
5.0,7.0,7.0,7.0,7.0,22.0,40.0,40.0,40.0,40.0,94.0,94.0,31.0,0.0,SAFE
5.0,5.0,5.0,5.0,5.0,5.0,5.0,10.0,10.0,10.0,12.0,62.0,5.0,0.0,SAFE
9.0,70.0,70.0,593.0,1138.0,1213.0,1710.0,2063.0,2252.0,2459.0,2610.0,2610.0,1462.0,0.45978987583572106,EXCEED
9.0,11.0,28.0,28.0,35.0,35.0,39.0,60.0,60.0,158.0,158.0,652.0,37.0,0.0438449848024316,SAFE
5.0,5.0,5.0,30.0,30.0,30.0,52.0,52.0,103.0,212.0,212.0,433.0,41.0,0.0422686230248307,SAFE
5.0,6.0,6.0,6.0,10.0,15.0,15.0,32.0,32.0,32.0,50.0,54.0,15.0,0.0,SAFE
5.0,5.0,5.0,5.0,29.0,40.0,80.0,87.0,122.0,143.0,216.0,517.0,60.0,0.04468438538205988,SAFE
6.0,6.0,8.0,8.0,8.0,8.0,13.0,43.0,75.0,132.0,132.0,132.0,10.0,0.0,SAFE
14.0,33.0,85.0,85.0,85.0,154.0,154.0,154.0,215.0,267.0,408.0,510.0,154.0,0.07269503546099287,SAFE
5.0,5.0,5.0,5.0,5.0,15.0,25.0,52.0,52.0,52.0,52.0,149.0,20.0,0.0,SAFE
13.0,44.0,124.0,632.0,822.0,893.0,1694.0,2102.0,2236.0,2258.0,2258.0,2258.0,1294.0,0.46929133858267713,EXCEED
5.0,10.0,10.0,50.0,169.0,291.0,485.0,713.0,1412.0,1448.0,1635.0,1684.0,388.0,0.25450819672131153,EXCEED
5.0,6.0,7.0,7.0,7.0,8.0,8.0,37.0,42.0,42.0,42.0,49.0,8.0,0.0,SAFE
5.0,5.0,5.0,5.0,10.0,10.0,36.0,46.0,167.0,167.0,167.0,217.0,23.0,0.0,SAFE
6.0,6.0,9.0,10.0,10.0,21.0,21.0,21.0,41.0,41.0,41.0,164.0,21.0,0.0,SAFE
6.0,6.0,21.0,25.0,25.0,29.0,29.0,57.0,171.0,273.0,273.0,273.0,29.0,0.0,SAFE
5.0,5.0,5.0,6.0,6.0,8.0,8.0,9.0,80.0,80.0,80.0,80.0,8.0,0.0,SAFE
8.0,10.0,11.0,26.0,35.0,35.0,35.0,65.0,131.0,131.0,131.0,131.0,35.0,0.0,SAFE
5.0,6.0,6.0,6.0,6.0,17.0,17.0,17.0,17.0,17.0,17.0,59.0,17.0,0.0,SAFE
5.0,5.0,6.0,6.0,8.0,8.0,8.0,8.0,19.0,19.0,19.0,120.0,8.0,0.0,SAFE
5.0,5.0,9.0,11.0,17.0,17.0,17.0,17.0,48.0,48.0,48.0,97.0,17.0,0.0,SAFE
8.0,10.0,10.0,12.0,34.0,34.0,52.0,52.0,52.0,111.0,156.0,171.0,43.0,0.0,SAFE
5.0,5.0,5.0,5.0,5.0,13.0,13.0,13.0,13.0,13.0,36.0,145.0,13.0,0.0,SAFE
5.0,5.0,5.0,6.0,6.0,6.0,6.0,9.0,20.0,20.0,40.0,117.0,6.0,0.0,SAFE
5.0,5.0,5.0,6.0,6.0,6.0,6.0,6.0,6.0,6.0,35.0,75.0,6.0,0.0,SAFE
5.0,5.0,5.0,5.0,5.0,6.0,6.0,6.0,6.0,8.0,8.0,59.0,6.0,0.0,SAFE
5.0,5.0,5.0,5.0,8.0,8.0,18.0,18.0,18.0,18.0,102.0,106.0,13.0,0.0,SAFE
5.0,5.0,5.0,5.0,5.0,5.0,5.0,5.0,5.0,5.0,10.0,99.0,5.0,0.0,SAFE
5.0,5.0,5.0,5.0,5.0,6.0,6.0,6.0,12.0,12.0,35.0,114.0,6.0,0.0,SAFE
5.0,5.0,5.0,5.0,5.0,5.0,5.0,6.0,6.0,14.0,14.0,60.0,5.0,0.0,SAFE
5.0,5.0,5.0,5.0,5.0,5.0,5.0,5.0,12.0,12.0,30.0,154.0,5.0,0.0,SAFE
5.0,5.0,5.0,5.0,7.0,7.0,8.0,8.0,8.0,8.0,8.0,63.0,8.0,0.0,SAFE
5.0,5.0,5.0,5.0,5.0,5.0,5.0,5.0,6.0,23.0,64.0,105.0,5.0,0.0,SAFE
5.0,5.0,5.0,5.0,6.0,6.0,9.0,9.0,9.0,9.0,9.0,48.0,8.0,0.0,SAFE
5.0,5.0,5.0,5.0,5.0,5.0,5.0,5.0,15.0,15.0,23.0,69.0,5.0,0.0,SAFE
5.0,5.0,5.0,5.0,5.0,6.0,6.0,10.0,32.0,32.0,37.0,75.0,6.0,0.0,SAFE
5.0,5.0,5.0,8.0,11.0,11.0,11.0,11.0,55.0,55.0,55.0,80.0,11.0,0.0,SAFE
5.0,5.0,5.0,7.0,7.0,7.0,7.0,7.0,8.0,8.0,49.0,108.0,7.0,0.0,SAFE
5.0,5.0,5.0,5.0,6.0,6.0,6.0,6.0,7.0,13.0,90.0,124.0,6.0,0.0,SAFE
5.0,5.0,5.0,5.0,5.0,11.0,21.0,31.0,31.0,31.0,34.0,79.0,16.0,0.0,SAFE
5.0,5.0,5.0,5.0,5.0,5.0,5.0,5.0,6.0,12.0,12.0,57.0,5.0,0.0,SAFE
5.0,5.0,8.0,8.0,8.0,39.0,39.0,47.0,106.0,143.0,143.0,143.0,39.0,0.0,SAFE
5.0,5.0,7.0,10.0,20.0,20.0,20.0,36.0,64.0,64.0,64.0,64.0,20.0,0.0,SAFE
5.0,5.0,5.0,7.0,7.0,7.0,7.0,17.0,17.0,17.0,22.0,100.0,7.0,0.0,SAFE
5.0,5.0,5.0,6.0,6.0,6.0,6.0,44.0,44.0,44.0,44.0,71.0,6.0,0.0,SAFE
5.0,5.0,5.0,5.0,5.0,7.0,7.0,7.0,7.0,7.0,11.0,87.0,7.0,0.0,SAFE
8.0,31.0,31.0,31.0,41.0,41.0,41.0,91.0,91.0,91.0,95.0,157.0,41.0,0.0,SAFE
5.0,5.0,5.0,7.0,7.0,7.0,13.0,34.0,34.0,34.0,34.0,59.0,10.0,0.0,SAFE
5.0,5.0,5.0,10.0,15.0,15.0,15.0,20.0,26.0,27.0,48.0,142.0,15.0,0.0,SAFE
5.0,5.0,6.0,6.0,6.0,6.0,9.0,9.0,9.0,9.0,37.0,69.0,7.0,0.0,SAFE
5.0,5.0,6.0,6.0,12.0,24.0,29.0,67.0,67.0,67.0,67.0,99.0,26.0,0.0,SAFE
5.0,5.0,5.0,5.0,5.0,5.0,6.0,16.0,16.0,16.0,55.0,218.0,6.0,0.0,SAFE
5.0,5.0,5.0,10.0,10.0,13.0,13.0,13.0,50.0,50.0,50.0,102.0,13.0,0.0,SAFE
5.0,5.0,5.0,6.0,7.0,7.0,7.0,7.0,17.0,17.0,55.0,99.0,7.0,0.0,SAFE
5.0,5.0,5.0,5.0,5.0,5.0,5.0,5.0,5.0,5.0,5.0,61.0,5.0,0.0,SAFE
5.0,10.0,10.0,10.0,10.0,15.0,15.0,15.0,15.0,26.0,45.0,177.0,15.0,0.0,SAFE
5.0,5.0,7.0,7.0,7.0,7.0,7.0,8.0,11.0,15.0,110.0,110.0,7.0,0.0,SAFE
5.0,5.0,5.0,5.0,5.0,10.0,22.0,22.0,82.0,82.0,82.0,242.0,16.0,0.0,SAFE
5.0,5.0,5.0,5.0,10.0,10.0,10.0,19.0,19.0,19.0,19.0,55.0,10.0,0.0,SAFE
5.0,6.0,6.0,9.0,18.0,44.0,44.0,44.0,44.0,44.0,44.0,56.0,44.0,0.0,SAFE
5.0,5.0,5.0,72.0,72.0,72.0,72.0,157.0,221.0,265.0,265.0,265.0,72.0,0.0,SAFE
5.0,5.0,5.0,5.0,8.0,8.0,8.0,8.0,16.0,16.0,23.0,47.0,8.0,0.0,SAFE
5.0,5.0,5.0,5.0,5.0,5.0,5.0,5.0,11.0,11.0,11.0,73.0,5.0,0.0,SAFE
5.0,5.0,5.0,10.0,10.0,10.0,10.0,10.0,13.0,13.0,38.0,72.0,10.0,0.0,SAFE
6.0,15.0,49.0,70.0,110.0,110.0,110.0,110.0,110.0,110.0,110.0,154.0,110.0,0.0,SAFE
5.0,5.0,5.0,6.0,6.0,8.0,8.0,8.0,105.0,105.0,105.0,182.0,8.0,0.0,SAFE
5.0,5.0,5.0,6.0,8.0,8.0,11.0,36.0,36.0,36.0,36.0,72.0,10.0,0.0,SAFE
5.0,7.0,7.0,7.0,7.0,7.0,7.0,16.0,47.0,49.0,118.0,118.0,7.0,0.0,SAFE
5.0,6.0,6.0,11.0,11.0,11.0,11.0,20.0,20.0,20.0,20.0,53.0,11.0,0.0,SAFE
8.0,8.0,11.0,29.0,44.0,60.0,60.0,122.0,122.0,122.0,124.0,124.0,60.0,0.0,SAFE
5.0,5.0,5.0,5.0,5.0,5.0,5.0,5.0,5.0,7.0,100.0,100.0,5.0,0.0,SAFE
5.0,5.0,5.0,6.0,6.0,6.0,6.0,6.0,6.0,7.0,151.0,151.0,6.0,0.0,SAFE
5.0,10.0,20.0,20.0,37.0,47.0,47.0,47.0,90.0,90.0,90.0,198.0,47.0,0.0,SAFE
5.0,5.0,6.0,14.0,16.0,16.0,49.0,99.0,99.0,99.0,99.0,99.0,33.0,0.0,SAFE
5.0,5.0,5.0,5.0,43.0,43.0,43.0,46.0,54.0,54.0,71.0,108.0,43.0,0.0,SAFE
5.0,5.0,7.0,7.0,7.0,7.0,8.0,8.0,26.0,26.0,26.0,76.0,8.0,0.0,SAFE
5.0,5.0,6.0,6.0,6.0,9.0,9.0,9.0,9.0,9.0,61.0,70.0,9.0,0.0,SAFE
5.0,5.0,5.0,5.0,6.0,6.0,10.0,10.0,12.0,12.0,29.0,61.0,8.0,0.0,SAFE
5.0,5.0,6.0,6.0,6.0,6.0,8.0,8.0,17.0,17.0,38.0,89.0,7.0,0.0,SAFE
5.0,7.0,8.0,8.0,8.0,23.0,23.0,23.0,23.0,23.0,23.0,39.0,23.0,0.0,SAFE
5.0,5.0,5.0,5.0,5.0,5.0,8.0,8.0,8.0,12.0,63.0,104.0,6.0,0.0,SAFE
5.0,5.0,5.0,5.0,5.0,5.0,6.0,7.0,7.0,7.0,45.0,115.0,6.0,0.0,SAFE
5.0,5.0,5.0,5.0,5.0,5.0,5.0,5.0,17.0,18.0,19.0,53.0,5.0,0.0,SAFE
5.0,5.0,5.0,5.0,5.0,5.0,5.0,5.0,6.0,6.0,18.0,60.0,5.0,0.0,SAFE
5.0,5.0,5.0,6.0,6.0,6.0,20.0,20.0,38.0,38.0,56.0,62.0,13.0,0.0,SAFE
6.0,14.0,14.0,20.0,20.0,20.0,25.0,25.0,25.0,39.0,53.0,104.0,23.0,0.0,SAFE
5.0,5.0,5.0,5.0,5.0,7.0,7.0,23.0,23.0,23.0,108.0,139.0,7.0,0.0,SAFE
5.0,6.0,6.0,6.0,16.0,46.0,46.0,80.0,80.0,80.0,80.0,118.0,46.0,0.0,SAFE
5.0,6.0,8.0,74.0,74.0,152.0,310.0,310.0,380.0,380.0,380.0,380.0,231.0,0.20949367088607596,EXCEED
5.0,10.0,10.0,23.0,23.0,23.0,23.0,47.0,47.0,47.0,47.0,89.0,23.0,0.0,SAFE
5.0,5.0,5.0,6.0,10.0,10.0,18.0,18.0,49.0,49.0,49.0,86.0,14.0,0.0,SAFE
5.0,5.0,5.0,5.0,8.0,8.0,10.0,10.0,10.0,10.0,10.0,71.0,9.0,0.0,SAFE
5.0,5.0,5.0,5.0,5.0,10.0,10.0,10.0,14.0,21.0,154.0,164.0,10.0,0.0,SAFE
5.0,5.0,5.0,5.0,6.0,6.0,6.0,6.0,6.0,9.0,14.0,55.0,6.0,0.0,SAFE
5.0,5.0,5.0,5.0,5.0,5.0,5.0,5.0,9.0,22.0,22.0,78.0,5.0,0.0,SAFE
5.0,5.0,5.0,5.0,5.0,9.0,9.0,9.0,9.0,10.0,45.0,59.0,9.0,0.0,SAFE
18.0,31.0,46.0,46.0,103.0,103.0,103.0,166.0,166.0,166.0,208.0,232.0,103.0,0.0,SAFE
5.0,6.0,6.0,8.0,11.0,11.0,11.0,11.0,11.0,40.0,72.0,73.0,11.0,0.0,SAFE
5.0,6.0,14.0,14.0,51.0,51.0,51.0,51.0,51.0,78.0,78.0,78.0,51.0,0.0,SAFE
5.0,5.0,5.0,6.0,10.0,10.0,10.0,10.0,111.0,111.0,111.0,111.0,10.0,0.0,SAFE
5.0,5.0,5.0,6.0,6.0,7.0,23.0,79.0,79.0,177.0,177.0,177.0,15.0,0.0,SAFE
10.0,10.0,10.0,10.0,12.0,15.0,15.0,15.0,19.0,212.0,212.0,325.0,15.0,0.03500000000000003,SAFE
5.0,5.0,5.0,5.0,7.0,10.0,10.0,10.0,34.0,34.0,53.0,181.0,10.0,0.0,SAFE
5.0,16.0,20.0,21.0,100.0,100.0,100.0,100.0,100.0,330.0,614.0,614.0,100.0,0.08042534722222217,SAFE
5.0,7.0,7.0,17.0,22.0,30.0,38.0,69.0,69.0,69.0,69.0,69.0,34.0,0.0,SAFE
5.0,5.0,5.0,5.0,6.0,6.0,6.0,9.0,9.0,9.0,12.0,60.0,6.0,0.0,SAFE
5.0,5.0,5.0,5.0,6.0,6.0,6.0,9.0,9.0,24.0,27.0,92.0,6.0,0.0,SAFE
5.0,5.0,5.0,8.0,8.0,8.0,40.0,40.0,126.0,126.0,126.0,126.0,24.0,0.0,SAFE
5.0,5.0,6.0,6.0,6.0,6.0,8.0,9.0,11.0,16.0,16.0,81.0,7.0,0.0,SAFE
7.0,14.0,19.0,19.0,20.0,20.0,60.0,60.0,60.0,60.0,60.0,60.0,40.0,0.0,SAFE
7.0,10.0,14.0,23.0,28.0,59.0,59.0,59.0,65.0,65.0,65.0,65.0,59.0,0.0,SAFE
8.0,9.0,10.0,18.0,20.0,34.0,34.0,35.0,50.0,50.0,50.0,89.0,34.0,0.0,SAFE
11.0,33.0,56.0,146.0,146.0,150.0,250.0,276.0,276.0,326.0,411.0,531.0,200.0,0.09823232323232323,SAFE
21.0,66.0,93.0,109.0,109.0,132.0,132.0,146.0,146.0,146.0,146.0,252.0,132.0,0.0,SAFE
5.0,5.0,5.0,6.0,6.0,12.0,12.0,12.0,21.0,21.0,21.0,43.0,12.0,0.0,SAFE
5.0,7.0,7.0,8.0,24.0,32.0,45.0,45.0,45.0,45.0,45.0,98.0,38.0,0.0,SAFE
5.0,5.0,8.0,8.0,11.0,11.0,11.0,11.0,32.0,32.0,94.0,98.0,11.0,0.0,SAFE
5.0,5.0,5.0,5.0,8.0,8.0,8.0,25.0,25.0,25.0,31.0,131.0,8.0,0.0,SAFE
5.0,5.0,6.0,6.0,6.0,6.0,6.0,12.0,12.0,36.0,36.0,49.0,6.0,0.0,SAFE
5.0,5.0,5.0,5.0,5.0,5.0,5.0,13.0,13.0,13.0,13.0,52.0,5.0,0.0,SAFE
5.0,5.0,5.0,5.0,5.0,5.0,7.0,10.0,10.0,19.0,24.0,31.0,6.0,0.0,SAFE
5.0,5.0,5.0,5.0,5.0,25.0,25.0,25.0,25.0,25.0,25.0,52.0,25.0,0.0,SAFE
5.0,5.0,5.0,5.0,5.0,5.0,6.0,9.0,9.0,9.0,14.0,32.0,6.0,0.0,SAFE
5.0,5.0,5.0,5.0,5.0,16.0,16.0,16.0,16.0,16.0,38.0,96.0,16.0,0.0,SAFE
5.0,5.0,5.0,6.0,6.0,6.0,6.0,13.0,13.0,13.0,16.0,39.0,6.0,0.0,SAFE
5.0,5.0,5.0,6.0,6.0,8.0,8.0,8.0,9.0,9.0,26.0,36.0,8.0,0.0,SAFE
5.0,5.0,5.0,5.0,5.0,6.0,6.0,11.0,11.0,11.0,14.0,41.0,6.0,0.0,SAFE
6.0,6.0,6.0,11.0,22.0,33.0,52.0,62.0,62.0,62.0,62.0,62.0,42.0,0.0,SAFE
5.0,5.0,5.0,5.0,5.0,5.0,5.0,5.0,10.0,16.0,24.0,41.0,5.0,0.0,SAFE
5.0,5.0,5.0,5.0,5.0,5.0,6.0,10.0,10.0,10.0,19.0,31.0,6.0,0.0,SAFE
5.0,5.0,5.0,5.0,5.0,6.0,6.0,6.0,19.0,19.0,19.0,44.0,6.0,0.0,SAFE
6.0,9.0,13.0,18.0,18.0,74.0,74.0,74.0,74.0,74.0,74.0,74.0,74.0,0.0,SAFE
5.0,5.0,5.0,5.0,5.0,5.0,5.0,7.0,8.0,8.0,14.0,30.0,5.0,0.0,SAFE
5.0,9.0,20.0,33.0,33.0,33.0,42.0,42.0,55.0,124.0,124.0,764.0,38.0,0.04389149102263856,SAFE
5.0,5.0,5.0,5.0,5.0,5.0,5.0,10.0,10.0,38.0,38.0,52.0,5.0,0.0,SAFE
5.0,5.0,5.0,5.0,6.0,6.0,6.0,6.0,6.0,6.0,12.0,36.0,6.0,0.0,SAFE
5.0,5.0,5.0,5.0,7.0,7.0,7.0,7.0,11.0,11.0,19.0,34.0,7.0,0.0,SAFE
5.0,5.0,5.0,6.0,6.0,6.0,6.0,16.0,16.0,16.0,16.0,37.0,6.0,0.0,SAFE
5.0,10.0,10.0,17.0,24.0,24.0,64.0,64.0,64.0,64.0,95.0,114.0,44.0,0.0,SAFE
5.0,5.0,5.0,5.0,5.0,6.0,6.0,16.0,16.0,16.0,19.0,63.0,6.0,0.0,SAFE
5.0,5.0,5.0,5.0,5.0,5.0,5.0,12.0,12.0,12.0,12.0,31.0,5.0,0.0,SAFE
5.0,5.0,5.0,5.0,5.0,5.0,5.0,10.0,10.0,13.0,58.0,58.0,5.0,0.0,SAFE
5.0,5.0,6.0,8.0,9.0,9.0,9.0,9.0,9.0,9.0,44.0,44.0,9.0,0.0,SAFE
6.0,7.0,11.0,18.0,18.0,30.0,30.0,59.0,59.0,59.0,59.0,59.0,30.0,0.0,SAFE
5.0,5.0,6.0,8.0,13.0,20.0,20.0,20.0,24.0,24.0,24.0,40.0,20.0,0.0,SAFE
5.0,5.0,5.0,5.0,6.0,6.0,6.0,16.0,17.0,26.0,26.0,46.0,6.0,0.0,SAFE
5.0,5.0,5.0,5.0,6.0,6.0,6.0,6.0,6.0,6.0,17.0,30.0,6.0,0.0,SAFE
5.0,5.0,8.0,8.0,26.0,26.0,26.0,26.0,60.0,60.0,84.0,134.0,26.0,0.0,SAFE
6.0,6.0,6.0,6.0,9.0,9.0,9.0,28.0,28.0,28.0,28.0,97.0,9.0,0.0,SAFE
5.0,5.0,5.0,5.0,5.0,6.0,6.0,6.0,6.0,6.0,34.0,34.0,6.0,0.0,SAFE
5.0,5.0,5.0,6.0,7.0,8.0,13.0,18.0,18.0,18.0,38.0,38.0,10.0,0.0,SAFE
5.0,5.0,5.0,5.0,6.0,6.0,6.0,6.0,6.0,6.0,8.0,36.0,6.0,0.0,SAFE
5.0,5.0,5.0,5.0,5.0,5.0,6.0,8.0,8.0,8.0,15.0,29.0,6.0,0.0,SAFE
5.0,5.0,5.0,5.0,7.0,7.0,7.0,7.0,7.0,7.0,22.0,72.0,7.0,0.0,SAFE
5.0,5.0,5.0,5.0,5.0,6.0,22.0,22.0,22.0,22.0,22.0,37.0,14.0,0.0,SAFE
5.0,5.0,5.0,5.0,6.0,6.0,9.0,9.0,9.0,9.0,9.0,28.0,7.0,0.0,SAFE
5.0,6.0,6.0,6.0,6.0,8.0,16.0,16.0,16.0,16.0,24.0,24.0,12.0,0.0,SAFE
5.0,5.0,5.0,5.0,6.0,6.0,6.0,6.0,6.0,6.0,17.0,41.0,6.0,0.0,SAFE
5.0,5.0,6.0,6.0,10.0,11.0,11.0,11.0,12.0,12.0,15.0,38.0,11.0,0.0,SAFE
10.0,10.0,16.0,59.0,59.0,59.0,59.0,139.0,186.0,186.0,197.0,348.0,59.0,0.03625827814569538,SAFE
5.0,5.0,5.0,5.0,6.0,6.0,6.0,9.0,9.0,9.0,17.0,31.0,6.0,0.0,SAFE
5.0,5.0,5.0,5.0,5.0,6.0,7.0,7.0,7.0,7.0,18.0,42.0,6.0,0.0,SAFE
22.0,22.0,22.0,54.0,71.0,76.0,76.0,120.0,120.0,129.0,211.0,264.0,76.0,0.0,SAFE
5.0,5.0,5.0,6.0,6.0,6.0,6.0,6.0,6.0,6.0,30.0,30.0,6.0,0.0,SAFE
5.0,5.0,6.0,6.0,7.0,14.0,14.0,15.0,15.0,15.0,26.0,48.0,14.0,0.0,SAFE
5.0,5.0,5.0,5.0,5.0,11.0,11.0,11.0,11.0,11.0,40.0,52.0,11.0,0.0,SAFE
5.0,5.0,5.0,6.0,6.0,7.0,7.0,7.0,21.0,21.0,21.0,35.0,7.0,0.0,SAFE
5.0,5.0,5.0,8.0,8.0,15.0,19.0,19.0,19.0,28.0,28.0,40.0,17.0,0.0,SAFE
5.0,5.0,5.0,5.0,7.0,7.0,7.0,7.0,15.0,15.0,15.0,69.0,7.0,0.0,SAFE
5.0,5.0,5.0,6.0,6.0,6.0,6.0,8.0,8.0,18.0,18.0,35.0,6.0,0.0,SAFE
5.0,5.0,7.0,11.0,15.0,19.0,19.0,19.0,26.0,26.0,30.0,30.0,19.0,0.0,SAFE
5.0,6.0,6.0,6.0,6.0,12.0,12.0,12.0,12.0,12.0,33.0,60.0,12.0,0.0,SAFE
5.0,5.0,7.0,10.0,12.0,12.0,12.0,12.0,14.0,18.0,18.0,44.0,12.0,0.0,SAFE
5.0,5.0,6.0,6.0,7.0,13.0,13.0,13.0,21.0,21.0,21.0,96.0,13.0,0.0,SAFE
5.0,13.0,13.0,33.0,72.0,72.0,117.0,117.0,117.0,215.0,215.0,215.0,94.0,0.0,SAFE
5.0,5.0,5.0,5.0,7.0,9.0,9.0,9.0,9.0,9.0,17.0,47.0,9.0,0.0,SAFE
5.0,5.0,5.0,6.0,6.0,10.0,10.0,11.0,11.0,11.0,18.0,44.0,10.0,0.0,SAFE
5.0,5.0,6.0,7.0,10.0,10.0,11.0,11.0,22.0,33.0,33.0,33.0,10.0,0.0,SAFE
5.0,5.0,6.0,6.0,9.0,9.0,15.0,15.0,15.0,15.0,15.0,48.0,12.0,0.0,SAFE
5.0,5.0,5.0,5.0,5.0,5.0,5.0,5.0,13.0,13.0,13.0,53.0,5.0,0.0,SAFE
9.0,10.0,10.0,10.0,10.0,10.0,10.0,26.0,46.0,46.0,46.0,46.0,10.0,0.0,SAFE
5.0,7.0,17.0,48.0,55.0,55.0,55.0,86.0,86.0,86.0,86.0,86.0,55.0,0.0,SAFE
5.0,5.0,5.0,5.0,8.0,8.0,12.0,12.0,12.0,12.0,22.0,24.0,10.0,0.0,SAFE
5.0,5.0,5.0,5.0,6.0,6.0,6.0,6.0,6.0,6.0,18.0,59.0,6.0,0.0,SAFE
23.0,58.0,62.0,64.0,64.0,80.0,80.0,80.0,105.0,105.0,159.0,159.0,80.0,0.0,SAFE
5.0,5.0,5.0,6.0,9.0,9.0,17.0,17.0,17.0,17.0,28.0,28.0,13.0,0.0,SAFE
5.0,5.0,6.0,6.0,12.0,38.0,38.0,54.0,54.0,173.0,173.0,173.0,38.0,0.0,SAFE
5.0,5.0,5.0,9.0,19.0,19.0,22.0,53.0,53.0,53.0,53.0,53.0,20.0,0.0,SAFE
5.0,5.0,5.0,5.0,5.0,8.0,8.0,8.0,8.0,8.0,13.0,59.0,8.0,0.0,SAFE
5.0,5.0,5.0,6.0,7.0,12.0,12.0,19.0,19.0,19.0,24.0,83.0,12.0,0.0,SAFE
5.0,6.0,6.0,8.0,12.0,86.0,86.0,129.0,258.0,258.0,258.0,287.0,86.0,0.030965909090909127,SAFE
5.0,5.0,6.0,6.0,9.0,9.0,9.0,13.0,13.0,13.0,57.0,73.0,9.0,0.0,SAFE
88.0,787.0,3196.0,5587.0,8195.0,9941.0,10003.0,10118.0,10118.0,10118.0,10118.0,10118.0,9972.0,0.7587982832618025,EXCEED
5.0,5.0,6.0,6.0,7.0,15.0,15.0,15.0,74.0,96.0,96.0,130.0,15.0,0.0,SAFE
6.0,13.0,13.0,13.0,16.0,16.0,16.0,28.0,31.0,31.0,31.0,69.0,16.0,0.0,SAFE
10.0,12.0,26.0,29.0,44.0,50.0,50.0,85.0,85.0,85.0,85.0,134.0,50.0,0.0,SAFE
5.0,5.0,10.0,10.0,10.0,48.0,56.0,56.0,75.0,75.0,111.0,155.0,52.0,0.0,SAFE
10.0,11.0,15.0,18.0,18.0,18.0,23.0,23.0,57.0,62.0,62.0,110.0,21.0,0.0,SAFE
5.0,6.0,6.0,6.0,6.0,6.0,6.0,16.0,52.0,52.0,52.0,52.0,6.0,0.0,SAFE
16.0,57.0,143.0,146.0,228.0,256.0,346.0,494.0,494.0,494.0,494.0,494.0,301.0,0.2366666666666667,EXCEED
5.0,5.0,6.0,15.0,15.0,15.0,15.0,15.0,15.0,15.0,15.0,80.0,15.0,0.0,SAFE
5.0,5.0,5.0,5.0,9.0,9.0,9.0,12.0,49.0,49.0,49.0,53.0,9.0,0.0,SAFE
5.0,5.0,5.0,6.0,6.0,6.0,12.0,12.0,12.0,12.0,12.0,59.0,9.0,0.0,SAFE
5.0,5.0,5.0,5.0,5.0,8.0,8.0,18.0,18.0,18.0,37.0,37.0,8.0,0.0,SAFE
48.0,406.0,682.0,682.0,1037.0,1037.0,1037.0,1204.0,1204.0,1242.0,1242.0,1242.0,1037.0,0.7027932960893855,EXCEED
5.0,5.0,12.0,12.0,30.0,30.0,30.0,32.0,32.0,68.0,68.0,68.0,30.0,0.0,SAFE
6.0,9.0,10.0,10.0,10.0,10.0,10.0,26.0,60.0,60.0,60.0,92.0,10.0,0.0,SAFE
5.0,5.0,6.0,6.0,16.0,16.0,20.0,30.0,30.0,30.0,30.0,96.0,18.0,0.0,SAFE
5.0,5.0,5.0,7.0,7.0,7.0,7.0,7.0,7.0,7.0,20.0,66.0,7.0,0.0,SAFE
5.0,5.0,5.0,5.0,16.0,16.0,16.0,16.0,18.0,18.0,18.0,91.0,16.0,0.0,SAFE
6.0,6.0,6.0,12.0,18.0,18.0,19.0,20.0,24.0,28.0,28.0,42.0,18.0,0.0,SAFE
5.0,5.0,11.0,19.0,23.0,44.0,44.0,45.0,50.0,50.0,50.0,50.0,44.0,0.0,SAFE
6.0,6.0,9.0,13.0,17.0,19.0,19.0,19.0,19.0,19.0,19.0,55.0,19.0,0.0,SAFE
5.0,5.0,5.0,5.0,5.0,5.0,5.0,8.0,21.0,21.0,21.0,41.0,5.0,0.0,SAFE
5.0,5.0,5.0,5.0,5.0,5.0,6.0,6.0,22.0,22.0,22.0,60.0,6.0,0.0,SAFE
6.0,6.0,13.0,28.0,34.0,34.0,36.0,36.0,41.0,46.0,46.0,109.0,35.0,0.0,SAFE
5.0,5.0,5.0,6.0,9.0,11.0,11.0,11.0,11.0,11.0,18.0,31.0,11.0,0.0,SAFE
10.0,22.0,23.0,27.0,43.0,44.0,44.0,47.0,97.0,97.0,97.0,97.0,44.0,0.0,SAFE
5.0,8.0,20.0,20.0,24.0,24.0,55.0,55.0,55.0,91.0,91.0,91.0,39.0,0.0,SAFE
5.0,5.0,5.0,5.0,5.0,6.0,6.0,26.0,26.0,26.0,26.0,79.0,6.0,0.0,SAFE
5.0,5.0,6.0,6.0,6.0,10.0,10.0,22.0,22.0,42.0,42.0,65.0,10.0,0.0,SAFE
5.0,5.0,7.0,8.0,8.0,9.0,14.0,14.0,17.0,23.0,26.0,52.0,11.0,0.0,SAFE
11.0,13.0,26.0,26.0,26.0,41.0,42.0,42.0,44.0,84.0,84.0,125.0,41.0,0.0,SAFE
5.0,5.0,5.0,5.0,5.0,5.0,5.0,8.0,17.0,17.0,17.0,36.0,5.0,0.0,SAFE
5.0,6.0,6.0,10.0,10.0,10.0,10.0,11.0,15.0,15.0,15.0,27.0,10.0,0.0,SAFE
5.0,5.0,5.0,5.0,5.0,6.0,6.0,8.0,12.0,12.0,17.0,36.0,6.0,0.0,SAFE
5.0,5.0,5.0,5.0,5.0,5.0,9.0,11.0,11.0,11.0,36.0,45.0,7.0,0.0,SAFE
5.0,5.0,5.0,5.0,5.0,5.0,5.0,12.0,12.0,12.0,12.0,12.0,5.0,0.0,SAFE
5.0,5.0,8.0,8.0,10.0,12.0,12.0,12.0,12.0,12.0,12.0,39.0,12.0,0.0,SAFE
5.0,7.0,7.0,8.0,8.0,9.0,10.0,12.0,12.0,12.0,12.0,37.0,10.0,0.0,SAFE
5.0,5.0,5.0,5.0,5.0,6.0,11.0,11.0,11.0,11.0,14.0,21.0,8.0,0.0,SAFE
5.0,6.0,9.0,11.0,19.0,30.0,40.0,40.0,41.0,76.0,76.0,76.0,35.0,0.0,SAFE
5.0,5.0,5.0,5.0,5.0,8.0,8.0,10.0,14.0,14.0,14.0,50.0,8.0,0.0,SAFE
5.0,5.0,5.0,5.0,5.0,5.0,6.0,6.0,7.0,20.0,20.0,35.0,6.0,0.0,SAFE
5.0,5.0,6.0,6.0,7.0,10.0,10.0,10.0,10.0,59.0,59.0,59.0,10.0,0.0,SAFE
24.0,43.0,196.0,196.0,342.0,342.0,342.0,342.0,342.0,342.0,774.0,774.0,342.0,0.342320819112628,EXCEED
5.0,7.0,11.0,16.0,24.0,24.0,38.0,82.0,82.0,82.0,82.0,82.0,31.0,0.0,SAFE
5.0,5.0,5.0,8.0,10.0,10.0,10.0,10.0,31.0,31.0,31.0,46.0,10.0,0.0,SAFE
6.0,8.0,11.0,36.0,36.0,107.0,114.0,228.0,275.0,275.0,275.0,275.0,110.0,0.0,SAFE
7.0,9.0,9.0,12.0,24.0,24.0,30.0,34.0,58.0,58.0,58.0,66.0,27.0,0.0,SAFE
5.0,5.0,6.0,16.0,16.0,18.0,18.0,23.0,38.0,38.0,38.0,92.0,18.0,0.0,SAFE
39.0,129.0,215.0,243.0,268.0,268.0,268.0,268.0,273.0,358.0,358.0,358.0,268.0,0.09794921874999996,SAFE
6.0,8.0,8.0,10.0,12.0,12.0,12.0,14.0,14.0,14.0,14.0,66.0,12.0,0.0,SAFE
7.0,10.0,10.0,11.0,11.0,16.0,16.0,16.0,21.0,21.0,21.0,72.0,16.0,0.0,SAFE
5.0,5.0,5.0,5.0,10.0,14.0,14.0,23.0,28.0,28.0,28.0,47.0,14.0,0.0,SAFE
21.0,96.0,211.0,425.0,444.0,444.0,456.0,456.0,456.0,456.0,456.0,475.0,450.0,0.46775700934579445,EXCEED
10.0,10.0,10.0,11.0,14.0,16.0,16.0,29.0,29.0,29.0,89.0,138.0,16.0,0.0,SAFE
5.0,5.0,5.0,5.0,7.0,7.0,7.0,14.0,14.0,14.0,14.0,102.0,7.0,0.0,SAFE
5.0,5.0,5.0,5.0,5.0,5.0,5.0,9.0,12.0,12.0,12.0,81.0,5.0,0.0,SAFE
5.0,5.0,5.0,5.0,5.0,5.0,7.0,7.0,7.0,7.0,8.0,60.0,6.0,0.0,SAFE
5.0,6.0,6.0,6.0,6.0,9.0,9.0,9.0,26.0,26.0,47.0,75.0,9.0,0.0,SAFE
5.0,6.0,6.0,6.0,10.0,17.0,20.0,46.0,46.0,46.0,46.0,46.0,18.0,0.0,SAFE
5.0,6.0,6.0,7.0,10.0,10.0,10.0,11.0,11.0,12.0,12.0,36.0,10.0,0.0,SAFE
5.0,6.0,6.0,33.0,33.0,54.0,54.0,54.0,62.0,62.0,62.0,62.0,54.0,0.0,SAFE
8.0,9.0,27.0,27.0,27.0,27.0,27.0,27.0,77.0,77.0,77.0,77.0,27.0,0.0,SAFE
5.0,5.0,5.0,5.0,6.0,12.0,12.0,12.0,59.0,59.0,59.0,60.0,12.0,0.0,SAFE
5.0,5.0,5.0,5.0,5.0,7.0,7.0,7.0,19.0,19.0,19.0,63.0,7.0,0.0,SAFE
5.0,9.0,10.0,10.0,12.0,12.0,12.0,18.0,18.0,18.0,75.0,75.0,12.0,0.0,SAFE
5.0,5.0,5.0,6.0,7.0,9.0,13.0,13.0,32.0,32.0,32.0,32.0,11.0,0.0,SAFE
65.0,856.0,3465.0,7241.0,8323.0,9160.0,9929.0,10005.0,10010.0,10010.0,10010.0,10010.0,9544.0,0.759228824273072,EXCEED
10.0,10.0,10.0,28.0,28.0,28.0,28.0,35.0,45.0,118.0,118.0,203.0,28.0,0.0,SAFE
5.0,8.0,12.0,22.0,46.0,59.0,81.0,81.0,81.0,81.0,81.0,81.0,70.0,0.0,SAFE
5.0,5.0,6.0,6.0,6.0,6.0,9.0,41.0,41.0,41.0,43.0,137.0,8.0,0.0,SAFE
6.0,16.0,16.0,31.0,34.0,35.0,92.0,92.0,92.0,92.0,92.0,300.0,64.0,0.027408477842003842,SAFE
6.0,6.0,12.0,12.0,12.0,12.0,16.0,50.0,50.0,50.0,50.0,50.0,14.0,0.0,SAFE
5.0,6.0,12.0,14.0,24.0,24.0,30.0,50.0,50.0,50.0,50.0,50.0,27.0,0.0,SAFE
5.0,5.0,5.0,5.0,5.0,5.0,5.0,22.0,22.0,27.0,27.0,64.0,5.0,0.0,SAFE
5.0,5.0,5.0,5.0,14.0,14.0,14.0,14.0,22.0,41.0,70.0,201.0,14.0,0.0,SAFE
5.0,5.0,5.0,5.0,15.0,15.0,40.0,40.0,130.0,130.0,130.0,130.0,28.0,0.0,SAFE
75.0,222.0,669.0,947.0,1156.0,1240.0,1312.0,1312.0,1408.0,1408.0,1408.0,1408.0,1276.0,0.6305369127516779,EXCEED
69.0,196.0,241.0,241.0,289.0,338.0,338.0,475.0,475.0,475.0,475.0,475.0,338.0,0.3187500000000001,EXCEED
10.0,31.0,53.0,108.0,194.0,194.0,196.0,294.0,294.0,294.0,294.0,294.0,195.0,0.15714285714285714,SAFE
5.0,5.0,5.0,5.0,5.0,5.0,8.0,9.0,17.0,17.0,17.0,87.0,7.0,0.0,SAFE
5.0,5.0,5.0,5.0,6.0,6.0,7.0,8.0,8.0,28.0,32.0,67.0,6.0,0.0,SAFE
5.0,5.0,5.0,5.0,16.0,16.0,16.0,16.0,16.0,16.0,16.0,46.0,16.0,0.0,SAFE
5.0,5.0,6.0,6.0,6.0,6.0,6.0,6.0,6.0,6.0,15.0,114.0,6.0,0.0,SAFE
24.0,98.0,98.0,98.0,98.0,181.0,181.0,227.0,227.0,227.0,512.0,512.0,181.0,0.07032710280373833,SAFE
5.0,5.0,5.0,5.0,6.0,6.0,7.0,8.0,8.0,8.0,8.0,32.0,7.0,0.0,SAFE
5.0,5.0,5.0,5.0,5.0,6.0,6.0,9.0,9.0,9.0,28.0,52.0,6.0,0.0,SAFE
5.0,5.0,5.0,5.0,5.0,6.0,15.0,19.0,19.0,19.0,45.0,58.0,10.0,0.0,SAFE
13.0,16.0,46.0,89.0,98.0,104.0,104.0,104.0,104.0,124.0,124.0,124.0,104.0,0.0,SAFE
5.0,5.0,5.0,5.0,5.0,5.0,5.0,5.0,5.0,22.0,22.0,76.0,5.0,0.0,SAFE
5.0,5.0,5.0,5.0,7.0,7.0,24.0,24.0,24.0,36.0,36.0,60.0,16.0,0.0,SAFE
6.0,9.0,20.0,27.0,27.0,27.0,27.0,27.0,50.0,50.0,63.0,163.0,27.0,0.0,SAFE
5.0,5.0,5.0,6.0,6.0,6.0,6.0,12.0,12.0,12.0,13.0,64.0,6.0,0.0,SAFE
27.0,64.0,99.0,315.0,347.0,373.0,462.0,584.0,626.0,626.0,626.0,626.0,418.0,0.41620370370370374,EXCEED
10.0,26.0,63.0,63.0,64.0,64.0,67.0,72.0,72.0,75.0,90.0,116.0,65.0,0.0,SAFE
5.0,5.0,5.0,6.0,6.0,6.0,6.0,20.0,40.0,40.0,40.0,91.0,6.0,0.0,SAFE
5.0,5.0,5.0,5.0,5.0,7.0,7.0,27.0,27.0,27.0,27.0,72.0,7.0,0.0,SAFE
20.0,47.0,122.0,304.0,304.0,304.0,358.0,407.0,407.0,407.0,407.0,407.0,331.0,0.413345521023766,EXCEED
5.0,5.0,5.0,5.0,5.0,5.0,5.0,5.0,47.0,47.0,47.0,67.0,5.0,0.0,SAFE
18.0,98.0,153.0,420.0,420.0,420.0,420.0,551.0,551.0,588.0,872.0,872.0,420.0,0.4524789522918615,EXCEED
5.0,5.0,7.0,7.0,7.0,7.0,7.0,10.0,10.0,20.0,20.0,76.0,7.0,0.0,SAFE
16.0,54.0,148.0,220.0,220.0,251.0,251.0,269.0,269.0,269.0,269.0,269.0,251.0,0.0,SAFE
5.0,5.0,5.0,6.0,11.0,11.0,33.0,33.0,33.0,33.0,33.0,89.0,22.0,0.0,SAFE
5.0,6.0,6.0,6.0,6.0,6.0,6.0,12.0,12.0,12.0,20.0,43.0,6.0,0.0,SAFE
5.0,5.0,5.0,9.0,9.0,9.0,23.0,23.0,23.0,28.0,28.0,121.0,16.0,0.0,SAFE
5.0,5.0,6.0,12.0,12.0,12.0,13.0,16.0,16.0,16.0,44.0,73.0,13.0,0.0,SAFE
20.0,58.0,95.0,95.0,150.0,160.0,160.0,194.0,194.0,204.0,244.0,244.0,160.0,0.0,SAFE
8.0,12.0,19.0,21.0,53.0,53.0,53.0,71.0,71.0,71.0,71.0,71.0,53.0,0.0,SAFE
13.0,29.0,79.0,79.0,91.0,94.0,94.0,94.0,94.0,94.0,94.0,185.0,94.0,0.0,SAFE
5.0,5.0,24.0,24.0,37.0,58.0,58.0,58.0,58.0,58.0,109.0,153.0,58.0,0.0,SAFE
34.0,104.0,223.0,266.0,266.0,277.0,316.0,316.0,573.0,819.0,819.0,819.0,296.0,0.24610389610389605,EXCEED
31.0,62.0,64.0,141.0,141.0,303.0,303.0,303.0,303.0,326.0,432.0,432.0,303.0,0.257032457496136,EXCEED
20.0,32.0,95.0,378.0,395.0,395.0,395.0,410.0,410.0,664.0,664.0,757.0,395.0,0.43462897526501765,EXCEED
94.0,156.0,156.0,447.0,558.0,982.0,982.0,982.0,1083.0,1083.0,1083.0,1083.0,982.0,0.457487091222031,EXCEED
