tree
version=v4
num_class=1
num_tree_per_iteration=1
label_index=0
max_feature_idx=40
objective=quantile
feature_names=SITE_NAME DateTime Harbour 3H 6H 12H 24H 48H 72H tidal_state Shallowness Soil_type Catchment_slope Landcover_catchment watercraft_use sewage_discharge_beach high_intensity_agri_beach rain_intensity_48h rain_duration_48h wind_speed_12h wind_speed_6h wind_speed_3h hours_to_high_tide high_tide_height wind_direction_3h wind_direction_6h wind_direction_12h beach_orientation_angle Latitude Longitude MONTH WEEK DAY_OF_WEEK WEEKEND TIME_OF_DAY HOLIDAY_FLAG wind_shore_3h wind_shore_6h wind_shore_12h Site_Season_Average Site_Historical_Exceedance_Rate
feature_infos=-1:13:1:5:11:12:0:6:2:9:20:17:7:10:18:15:4:19:3:8:14:16 none -1:1:0:2 [0:25] [0:38.799999999999997] [0:59] [0:84] [0:167.40000000000001] [0:178.59999999999999] -1:0:1 -1:1:0:2 -1:1:0:2 [1:7] -1:1:2:0 -1:1:0:2 -1:0:1 -1:0:1 [0:19.5] [0:48] [0.024624481545197901:26.798257469756077] [0.14113094558752359:28.94551768842582] [0.1165753358085669:29.430513165320249] [-6.2000000000000002:6.2000000000000002] [2:2.7999999999999998] [0.40439296606160718:359.93257151011773] [0.15906644736816131:359.78059081486981] [0.77778395363401387:359.75657291981025] [8:321] [-44.386072390000002:-43.565199720000003] [171.2472789:172.96755400000001] -1:11:0:1:10:2:6:5:3:4:7:8 -1:48:6:3:4:1:2:5:47:46:7:45:49:8:44:9:0:43:10:11:50:26:14:27:12:23:28:41:42:21:24:30:17:20:36:31:38:18:40:13:32:35:37:39 -1:2:0:1:3:4:6 -1:0:1 -1:5:10:9:6:7:8:11:12:4:13:3:14:2:15:1 [0:1] -1:0:2:1:3 -1:0:2:1:3 -1:0:2:1:3 [5:2059] [0:0.75]
tree_sizes=1820 2016 1874 2105 1957 2239 2297 2169 2378 1988 2265 2428 2308 2328 2142 1969 2004 2250 2390 2620 2429 2009 2448 2694 1896 2215 1918 2041 2258 2465 2475 2666 2400 2307 2161 2393 2582 2308 2335 2350 2506 2161 2573 1832 1831 2244 1916 1925 2411 2410 1815 1790 2232 1465 1815 2402 2571 1813 2580 2209 2254 1978 2205 2214 2328 1626 1718 2470 2425 2784 2069 2321 2116 2335 2213 2081 2212 2385 2541 1615 2324 1127 1540 2236 2318 2507 2130 2398 2826 2311 2653 1602 2590 2225 2653 2454 2000 2647 2142 2573 2079 2292 1869 2255 2075 1627 2562 2223 2232 2155 2795 2508 2563 2586 2347 2601 2092 1971 2132 2565 2386 2077 1747 2688 2211 2596 1372 2222 1817 2329 2019 2318 1530 1724 2621 2248 2236 1995 2226 2371 1574 2565 1220 2576 2553 2093 2839 2410 1562 1973 1046 1806 2151 2317 2309 2043 1627 2317 2505 1877 2469 2588 2573 2504 2324 2464 2506 2012 1987 2239 1797 2404 1958 2027 2399 2034 2171 2669 1820 2562 1953 1727 2423 2413 1940 2317 2557 2775 2519 2061 2484 2744 2573 2264 1731 2051 2494 1951 2532 2265 1958 1911 2755 2460 2325 2301 2813 2491 2114 1883 2315 2486 1995 2283 1919 2012 2237 2165 2125 2222 1946 2159 1829 2309 1779 1781 2642 2275 2175 2499 1646 2507 2490 1958 2058 2411 2079 2161 1124 2054 1117 1756 1111 2312 2561 2532 1395 1655 1382 2757

Tree=0
num_leaves=23
num_cat=4
split_feature=6 40 6 5 8 8 31 21 20 14 23 31 31 24 25 24 24 25 24 24 3 4
split_gain=60.1265 17.276 7.66085 6.73401 3.98542 3.27852 3.2051 3.17068 2.65788 2.42911 2.74828 1.98808 1.95175 1.86114 1.91862 1.69738 1.56654 1.12605 0.863258 0.526821 0.457286 0.0430035
threshold=5.7500000000000009 0.078461538461538485 0.15000000000000005 0.75000000000000011 46.70000000000001 1.9000000000000001 0 4.8878714545276933 13.384731570479483 1 2.2500000000000004 2 3 236.44092198516046 70.724914716679464 276.16947504761009 223.34504719926869 273.61522147647582 81.820673745551389 102.61477775679172 0.35000000000000003 0.75000000000000011
decision_type=10 2 8 10 10 8 9 8 10 1 2 9 9 10 10 8 10 8 10 10 10 10
left_child=1 2 4 13 8 12 7 18 -1 15 -11 -7 -4 14 -2 -8 -9 19 -3 -5 -19 -21
right_child=3 6 5 17 -6 11 9 16 -10 10 -12 -13 -14 -15 -16 -17 -18 20 -20 21 -22 -23
leaf_value=5 5 5 5 6.0199999999999996 5.4000000000000004 5.2000000000000002 5.5999999999999996 5 5 5 5.2000000000000002 5 5 5 5.5999999999999996 5.2000000000000002 5.2000000000000002 6.8600000000000003 5 7.7599999999999998 5.5999999999999996 15.279999999999999
leaf_weight=1564 23 25 113 26 20 113 71 110 224 80 180 214 154 25 30 31 54 30 44 58 21 132
leaf_count=1564 23 25 113 26 20 113 71 110 224 80 180 214 154 25 30 31 54 30 44 58 21 132
internal_value=4.99663 4.9948 4.99329 5.0124 4.992 4.99725 5.0009 4.99731 4.9918 5.00321 5.00122 4.99995 4.99397 5.00199 5.0062 5.00848 5.00023 5.01541 4.9901 5.01673 5.00949 5.01754
internal_weight=3342 2997 2402 345 1808 594 595 233 1788 362 260 327 267 78 53 102 164 267 69 216 51 190
internal_count=3342 2997 2402 345 1808 594 595 233 1788 362 260 327 267 78 53 102 164 267 69 216 51 190
cat_boundaries=0 2 3 5 7
cat_threshold=2740 32768 1 586 8192 562 163840
is_linear=0
shrinkage=1


Tree=1
num_leaves=25
num_cat=8
split_feature=6 0 6 40 8 31 31 34 34 40 22 19 22 40 12 24 31 10 24 22 28 19 15 19
split_gain=57.572 26.9395 7.72641 5.66862 4.60945 3.30886 3.30251 3.66851 3.06509 3.01154 2.98821 1.85537 2.16855 1.82958 1.81117 1.79447 1.69909 1.55367 1.31515 1.12843 0.982133 0.908762 0.556599 0.539575
threshold=3.2500000000000004 0 9.5000000000000018 0.075498575498575513 2.0500000000000003 1 2 3 4 0.088932806324110686 -2.0499999999999994 9.5045432110010548 -1.6499999999999997 0.13188405797101452 4.5000000000000009 83.805369834790795 5 6 66.372566488291696 -2.1499999999999999 -43.606478999999993 11.828498563109125 7 8.3895370363113759
decision_type=8 1 8 2 10 9 9 9 9 2 2 10 2 2 2 10 9 1 8 2 2 10 1 10
left_child=1 3 9 5 11 15 13 -8 -7 10 -2 12 -3 -6 -12 -1 17 -5 -18 -4 22 -13 -21 -11
right_child=2 4 19 16 6 8 7 -9 -10 23 14 21 -14 -15 -16 -17 18 -19 -20 20 -22 -23 -24 -25
leaf_value=0 0 0 0.58799999999999997 0.20000000000000001 0 0 0.20000000000000001 0 0 7.2720000000000002 1.02 0 0 0.39200000000000002 0.089600000000000013 0.20000000000000001 0 0 0.20000000000000001 6.6592000000000011 1.4687999999999999 0 3.1295999999999999 0.58400000000000007
leaf_weight=122 31 178 28 22 193 348 111 114 286 25 56 42 827 22 75 127 45 108 218 148 23 113 41 20
leaf_count=122 31 178 28 22 193 348 111 114 286 25 56 42 827 22 75 127 45 108 218 148 23 113 41 20
internal_value=-0.00330215 -0.00537897 0.010029 -0.000992621 -0.00881043 -0.00277897 -0.00534088 -0.00159831 -0.00427266 0.00430695 0.00170031 -0.010192 -0.0108276 -0.00873289 0.00436226 0.00114395 0.00298606 -0.000833922 0.0047286 0.0148986 0.0159157 -0.00599361 0.0168924 0.0132903
internal_weight=3323 2876 447 1276 1600 883 440 225 634 207 162 1160 1005 215 131 249 393 130 263 240 212 155 189 45
internal_count=3323 2876 447 1276 1600 883 440 225 634 207 162 1160 1005 215 131 249 393 130 263 240 212 155 189 45
cat_boundaries=0 1 3 5 6 7 8 9 10
cat_threshold=441380 3336 81920 325 245760 480 15680 993 4 1
is_linear=0
shrinkage=0.04


Tree=2
num_leaves=22
num_cat=3
split_feature=6 40 6 19 29 31 27 31 4 6 31 18 28 20 18 29 7 25 26 28 6
split_gain=45.3684 14.9923 6.74758 5.00933 5.18386 4.52136 4.17796 2.88874 2.7338 2.56697 3.39336 2.46976 2.17826 1.39074 1.27674 1.21267 0.809247 0.802319 0.635125 0.579238 0.3886
threshold=5.9000000000000012 0.078461538461538485 0.15000000000000005 9.6467052541060685 172.96692750000003 0 280.50000000000006 1 2.5000000000000004 1.9000000000000001 2 5.5000000000000009 -43.800774499999996 0.88992920194353597 8.5000000000000018 172.94631450000003 28.550000000000004 260.41616646326094 250.96785895593581 -43.607642999999996 8.2500000000000018
decision_type=8 2 10 10 2 9 2 9 10 10 9 10 2 8 8 2 8 8 8 2 10
left_child=1 2 3 4 -1 6 -4 -5 14 10 13 -7 -12 -3 20 16 -16 19 -11 -10 -2
right_child=8 9 5 7 -6 11 -8 -9 17 18 12 -13 -14 -15 15 -17 -18 -19 -20 -21 -22
leaf_value=0 0 0.192 0 0.20000000000000001 0.20000000000000001 0 0.59999999999999998 0 13.373024000000001 0.56864000000000003 0 0.192 0.192 0 1.5392320000000002 0.33363199999999993 4.0098240000000001 1.0372159999999999 0.74912000000000012 2.7376320000000001 0.30963200000000002
leaf_weight=1447 21 22 210 107 75 195 24 150 82 23 64 174 252 207 111 33 24 22 23 24 31
leaf_count=1447 21 22 210 107 75 195 24 150 82 23 64 174 252 207 111 33 24 22 23 24 31
internal_value=-0.00379774 -0.00539855 -0.00681267 -0.00805279 -0.0089255 -0.00313978 -0.00732383 -0.00285493 0.00983691 0.000300422 -0.000472095 -0.000257556 0.00219237 -0.00406653 0.00703386 0.00871976 0.0103883 0.0145019 0.00922105 0.0159814 0.00145794
internal_weight=3321 2973 2382 1779 1522 603 234 257 348 591 545 369 316 229 220 168 135 128 46 106 52
internal_count=3321 2973 2382 1779 1522 603 234 257 348 591 545 369 316 229 220 168 135 128 46 106 52
cat_boundaries=0 2 4 6
cat_threshold=545 229376 84 155648 2620 32768
is_linear=0
shrinkage=0.04


Tree=3
num_leaves=24
num_cat=2
split_feature=6 40 8 4 6 29 31 27 31 23 40 21 24 21 24 24 27 26 5 27 4 17 6
split_gain=45.2177 13.6549 5.66635 5.01665 4.64364 5.23826 4.14421 3.84556 3.66638 4.10831 2.378 3.03962 1.94772 1.64079 1.37543 2.6624 1.30669 0.988207 0.935993 0.924539 0.829122 0.348743 0.0375699
threshold=2.1000000000000005 0.078461538461538485 54.600000000000009 3.0500000000000003 1.0000000180025095e-35 172.96692750000003 0 280.50000000000006 1 2.2500000000000004 0.054093567251461992 18.148626140884957 68.693674440245317 17.915328852643984 100.97402888833408 290.57869356500822 26.000000000000004 261.49020178424149 1.8500000000000003 232.50000000000003 10.750000000000002 2.9500000000000006 10.100000000000001
decision_type=8 2 10 10 10 2 9 2 9 2 2 8 10 8 10 10 2 8 10 2 10 10 10
left_child=1 2 4 6 5 -1 13 -6 14 16 11 -8 -11 18 19 -16 -10 -12 -2 -3 21 22 -5
right_child=3 8 -4 20 7 -7 10 -9 9 12 17 -13 -14 -15 15 -17 -18 -19 -20 -21 -22 -23 -24
leaf_value=0 -0.003583999999999996 0 0.20000000000000001 1.2833113600000001 0 0.192 0.15577536000000003 0.57600000000000007 0.18431999999999998 0 2.5971987200000002 1.40179904 0.18815999999999999 -0.011264000000000003 0.18815999999999999 -0.0078400000000000067 -0.0038400000000000036 1.2569587199999999 0.17396799999999998 0.192 11.508695040000001 13.578103040000002 5.1286950400000002
leaf_weight=1691 25 113 27 23 430 75 144 40 26 45 78 48 156 33 60 32 90 20 46 21 32 52 29
leaf_count=1691 25 113 27 23 430 75 144 40 26 45 78 48 156 33 60 32 90 20 46 21 32 52 29
internal_value=-0.00393049 -0.00595476 -0.00732082 0.00676952 -0.00754324 -0.00848543 0.00444501 -0.00398303 -0.000253444 0.00249011 0.00675954 0.00433075 0.00601481 -0.00240693 -0.00403368 -0.000406417 -0.00338723 0.0120402 0.0008 -0.00677491 0.0133673 0.0151469 0.0119252
internal_weight=3336 2806 2263 530 2236 1766 394 470 543 317 290 192 201 104 226 92 116 98 71 134 136 104 52
internal_count=3336 2806 2263 530 2236 1766 394 470 543 317 290 192 201 104 226 92 116 98 71 134 136 104 52
cat_boundaries=0 2 4
cat_threshold=258 212992 572 32768
is_linear=0
shrinkage=0.04


Tree=4
num_leaves=23
num_cat=3
split_feature=6 40 7 14 15 22 5 21 30 4 24 21 20 20 40 7 5 24 24 28 27 4
split_gain=43.6237 18.454 4.8179 3.60616 4.37278 5.31845 4.08274 3.49091 2.17667 3.85869 1.99944 2.21139 2.48542 2.0491 1.97794 1.60976 1.09277 0.928784 0.686627 0.373606 0.076286 0.0571966
threshold=2.1000000000000005 0.078461538461538485 30.800000000000004 0 1 -1.3499999999999999 1.0000000180025095e-35 22.732396861096216 2 3.0500000000000003 135.94218958500664 4.2307797581348483 5.2038196018619347 1.7338638339685892 0.054093567251461992 1.3500000000000003 0.35000000000000003 278.7093611332869 51.67245554959613 -43.780523499999994 120.00000000000001 2.7500000000000004
decision_type=8 2 10 1 1 2 10 10 9 10 10 8 8 10 2 10 10 10 10 2 2 10
left_child=1 3 7 16 6 -6 -5 8 14 -10 11 13 -13 -3 -2 17 18 -12 -1 -17 -9 -4
right_child=2 10 21 4 5 -7 -8 20 9 -11 15 12 -14 -15 -16 19 -18 -19 -20 -21 -22 -23
leaf_value=0 0.18797698560000001 0 3.9897920255999999 0 0 0.18431999999999998 0 22.403025318400001 -0.0069587200000000137 2.3499232256 0.16879359999999999 0.56487039999999999 0 -0.0076032000000000009 3.1242637056000002 0.57279360000000001 0 -0.0076864000000000134 0 0.56879360000000001 4.2663593983999997 28.145570918400001
leaf_weight=44 166 37 31 1448 63 150 202 22 132 44 112 24 220 36 80 26 20 61 280 32 22 41
leaf_count=44 166 37 31 1448 63 150 202 22 132 44 112 24 220 36 80 26 20 61 280 32 22 41
internal_value=-0.00366004 -0.0056949 0.00674328 -0.00732533 -0.00661732 -0.0012028 -0.00731335 0.00521497 0.00405667 0.000416 0.000869882 -0.00118681 0.000643585 -0.00722148 0.00636117 0.00369032 -0.0111085 0.00170774 -0.0116682 0.00937815 0.0157802 0.0162993
internal_weight=3293 2755 538 2207 1863 213 1650 466 422 176 548 317 244 73 246 231 344 173 324 58 44 72
internal_count=3293 2755 538 2207 1863 213 1650 466 422 176 548 317 244 73 246 231 344 173 324 58 44 72
cat_boundaries=0 1 2 3
cat_threshold=4 1 1091
is_linear=0
shrinkage=0.04


Tree=5
num_leaves=26
num_cat=2
split_feature=6 0 39 39 6 22 6 24 18 0 6 29 39 18 24 39 24 24 24 22 19 17 20 23 22
split_gain=38.4475 26.7057 7.09244 6.57415 4.61525 3.5178 3.2599 2.71919 2.5807 2.569 2.51193 2.36847 2.3622 2.23535 2.00756 1.96343 1.6444 1.49176 1.47637 1.43904 1.40614 1.18421 1.10419 0.825508 0.268757
threshold=2.9000000000000004 0 39.900000000000006 23.900000000000002 10.250000000000002 -0.74999999999999989 0.15000000000000005 75.645739093695866 7.5000000000000009 1 0.15000000000000005 172.96692750000003 5.5000000000000009 6.5000000000000009 67.038271470108256 54.300000000000004 253.0049409458658 236.44092198516046 82.529338704352611 -2.6499999999999999 1.6272366160937433 1.2500000000000002 7.1825590539501416 2.3500000000000001 0.35000000000000003
decision_type=8 1 8 10 10 2 10 10 10 1 10 2 8 10 8 10 10 8 8 2 10 10 8 2 2
left_child=1 2 5 6 9 18 12 -7 -6 21 11 -4 -3 19 -8 16 -11 -12 -1 -5 -10 -2 -23 -22 -15
right_child=4 3 10 13 8 7 14 -9 20 15 17 -13 -14 24 -16 -17 -18 -19 -20 -21 23 22 -24 -25 -26
leaf_value=0 -0.0069510912000000152 0 7.6800000000005756e-05 0.20000000000000001 -0.035483571199999987 0 0.18431999999999998 0.1769472 0.86641839257599995 -0.0031622911999999916 0.56799999999999995 0.1769472 0 0.13836185599999998 0 0.58166748057600004 -0.017334093823999978 0.17772185600000001 0 0 3.2757100544000002 0.17498590617600002 2.0981708026880002 5.5654361589760004 0.78064000000000011
leaf_weight=73 21 303 404 21 24 199 31 304 34 104 67 44 631 21 225 29 20 39 144 347 93 31 66 76 20
leaf_count=73 21 303 404 21 24 199 31 304 34 104 67 44 631 21 225 29 20 39 144 347 93 31 66 76 20
internal_value=-0.00368213 -0.00546112 -0.00108751 -0.00887799 0.00656256 -0.00371171 -0.0104389 -0.00185927 0.0107571 0.00300183 0.00230063 0.000974416 -0.0115425 -0.00452619 -0.00636117 -0.000595745 -0.00285259 0.00779535 -0.00795423 -0.00551556 0.0122152 0.0070888 0.00952284 0.0137126 0.00418824
internal_weight=3371 2873 1274 1599 498 720 1190 503 227 271 554 448 934 409 256 153 124 106 217 368 203 118 97 169 41
internal_count=3371 2873 1274 1599 498 720 1190 503 227 271 554 448 934 409 256 153 124 106 217 368 203 118 97 169 41
cat_boundaries=0 1 2
cat_threshold=441380 402499
is_linear=0
shrinkage=0.04


Tree=6
num_leaves=28
num_cat=4
split_feature=6 39 18 22 22 28 40 39 20 25 5 6 22 20 22 34 11 8 39 8 10 14 25 21 39 39 24
split_gain=39.8909 24.0909 6.6583 4.17194 3.94534 3.91213 3.6739 3.50682 2.49909 2.37715 2.25318 2.18135 2.17044 1.94757 1.68407 1.64243 1.62251 1.83907 1.27118 1.2708 1.04263 0.995887 0.868632 0.840551 0.823928 0.668948 0.454038
threshold=1.5000000000000002 23.900000000000002 7.5000000000000009 -1.5499999999999998 -1.0499999999999998 -43.790424999999992 0.12973352033660593 8.1666666666666696 8.8707067932942127 46.060637889783273 5.1000000000000005 1.0000000180025095e-35 -2.2499999999999996 6.2873239161198029 -5.4499999999999993 0 1 3.4500000000000006 20.633333333333336 18.950000000000003 2 3 173.25892678649703 13.407440368097818 79.90000000000002 6.8333333333333348 263.77857838392879
decision_type=8 10 8 2 2 2 2 8 10 8 10 10 2 10 2 9 1 8 10 10 1 1 10 10 10 10 10
left_child=1 4 5 13 14 18 9 11 -9 24 20 -6 -8 21 -1 -11 25 -18 22 -14 -5 -4 -2 -16 -3 -7 -12
right_child=2 6 3 10 7 16 12 8 -10 15 26 -13 19 -15 23 -17 17 -19 -20 -21 -22 -23 -24 -25 -26 -27 -28
leaf_value=0 0.44948590234624003 0 0.244789236736 0.42800462234623998 0 -0.0030357995520000004 -0.0080030720000000242 0 0 0.077169919999999989 7.0299743810867197 0 0.15279052799999998 0.89835731204095992 0 0 0 -0.013788133887999994 3.2782114841702401 2.0335649280000001 1.8118853908684798 -0.074894810071039972 0 0 0 0.28934258638847998 3.7599170588364803
leaf_weight=24 22 41 22 54 557 22 31 437 178 286 108 126 217 34 358 356 47 56 30 28 97 25 21 60 31 36 32
leaf_count=24 22 41 22 54 557 22 31 437 178 286 108 126 217 34 358 356 47 56 30 28 97 25 21 60 31 36 32
internal_value=-0.00381064 -0.0058715 0.00546173 0.00877644 -0.00870399 0.000161359 -0.000885527 -0.0075706 -0.00534955 -0.00240112 0.0110017 -0.0095515 0.00301982 0.00070303 -0.011991 -0.00161305 -0.00331077 -0.00629665 0.00775839 0.00429209 0.0074623 -0.00449485 0.00310112 -0.0125816 -0.00922449 0.00198319 0.0146855
internal_weight=3336 2730 606 372 1740 234 990 1298 615 714 291 683 276 81 442 642 161 103 73 245 151 47 43 418 72 58 140
internal_count=3336 2730 606 372 1740 234 990 1298 615 714 291 683 276 81 442 642 161 103 73 245 151 47 43 418 72 58 140
cat_boundaries=0 1 2 3 4
cat_threshold=2504 2 1 1
is_linear=0
shrinkage=0.04


Tree=7
num_leaves=26
num_cat=2
split_feature=6 0 39 6 0 23 39 26 26 18 22 20 22 4 26 19 22 19 19 39 19 18 12 20 24
split_gain=33.8252 29.7264 8.97304 5.24973 4.99875 4.61695 4.48105 2.97971 2.97088 2.90163 2.82096 2.80044 2.49818 1.82922 1.82005 2.00894 1.81032 1.76958 1.53026 1.37088 1.35896 1.16847 0.535209 0.329393 0.144207
threshold=1.9000000000000001 0 17.100000000000005 9.5000000000000018 1 2.4500000000000006 8.1666666666666696 72.184338945164214 73.02573829823892 6.5000000000000009 -1.4499999999999997 0.76088588351288855 -0.34999999999999992 1.2500000000000002 321.90004811635112 0.61640693760815013 -1.0499999999999998 7.6065318904581094 11.995038941185314 33.300000000000004 2.5560938124433559 5.5000000000000009 6.5000000000000009 10.478008458656399 325.08788193008434
decision_type=8 1 10 8 1 2 10 8 10 8 2 8 2 8 10 8 2 10 8 10 10 10 2 10 10
left_child=1 2 5 4 19 8 16 -6 -1 -5 -9 -4 -13 18 15 -8 23 -7 -11 20 -2 -18 -15 -3 -16
right_child=3 6 11 9 7 17 14 10 -10 13 -12 12 -14 22 24 -17 21 -19 -20 -21 -22 -23 -24 -25 -26
leaf_value=0 0 0 0.57057670144000006 -0.034064228351999973 -0.0062648074444799917 0 0.18729023488000004 -0.0085136878088191998 0 1.5839411792015359 1.1712217742942208 0 0.17042617344 4.6840716987174913 -0.0030867968000000091 0 0 0.192 -0.047980235817779118 0.5468270778974208 -0.021750093823999991 0 46.193576268573487 0 0
leaf_weight=160 25 168 34 23 34 130 43 52 287 68 129 284 442 106 22 590 477 49 25 23 53 54 29 20 20
leaf_count=160 25 168 34 23 34 130 43 52 287 68 129 284 442 106 22 590 477 49 25 23 53 54 29 20 20
internal_value=-0.00393549 -0.00575157 -0.00154419 0.0049569 0.00150551 -0.00509641 -0.00984561 0.00484768 -0.00726421 0.00925941 0.00711233 0.0013631 0.000821993 0.0106231 -0.00753585 -0.00696296 -0.0121277 0.00032133 0.0061164 -0.00549333 -0.0085283 -0.0108507 0.0136117 -0.0156095 -0.0155862
internal_weight=3347 2780 1386 567 316 626 1394 215 447 251 181 760 726 228 675 633 719 179 93 101 78 531 135 188 42
internal_count=3347 2780 1386 567 316 626 1394 215 447 251 181 760 726 228 675 633 719 179 93 101 78 531 135 188 42
cat_boundaries=0 1 2
cat_threshold=441396 1133200
is_linear=0
shrinkage=0.04


Tree=8
num_leaves=28
num_cat=3
split_feature=5 0 39 39 17 17 40 5 31 39 22 40 19 22 27 34 21 22 7 5 25 18 40 21 21 39 17
split_gain=27.734 24.7134 9.05372 6.56117 5.07665 4.16063 3.17496 3.13265 3.12453 2.71125 2.46586 2.38588 2.02514 1.99628 1.82257 1.81078 1.79646 1.52266 1.32014 1.54486 1.25631 1.25148 0.670924 1.44014 0.524099 0.435471 0.349279
threshold=1.3 0 17.100000000000005 8.1666666666666696 1.9500000000000002 4.5000000000000009 0.14039408866995076 0.15000000000000005 1 44.500000000000007 -0.6499999999999998 0.046536796536796543 0.61640693760815013 -0.24999999999999997 221.00000000000003 2 8.490751820164304 -0.34999999999999992 24.050000000000001 11.900000000000002 219.45801190249648 6.5000000000000009 0.097619047619047633 9.4461596721802383 6.2052320207164859 87.700000000000003 7.8500000000000005
decision_type=8 1 8 10 8 10 2 10 9 10 2 2 8 2 2 9 10 2 8 10 8 10 2 8 10 10 8
left_child=1 2 10 5 9 7 8 -3 -4 20 16 18 14 -12 -5 -14 -1 -8 19 -6 24 -22 -13 -24 -2 -11 -20
right_child=4 3 6 12 11 -7 17 -9 -10 25 13 22 15 -15 -16 -17 -18 -19 26 -21 21 -23 23 -25 -26 -27 -28
leaf_value=0 0.73391342258053127 0 0.1850509965312 -0.0052274671616000037 1.3487500787912705 0.19269202427985921 0.15867097088000001 0 0 2.0073747944542535 0.19776631810129922 10.743162765626721 0 0 0.19250839060480002 0 0 0.48758883594240005 2.4888485894211994 -0.25777195552006149 -0.027393526651289583 -0.029200380149964789 1.0355523579971995 18.797436687563408 -0.0070778879999999949 0.58088786378263746 33.232804246279628
leaf_weight=79 21 747 132 40 99 25 68 103 381 23 33 36 419 264 22 440 72 106 21 35 20 42 21 30 29 20 20
leaf_count=79 21 747 132 40 99 25 68 103 381 23 33 36 419 264 22 440 72 106 21 35 20 42 21 30 29 20 20
internal_value=-0.00376116 -0.00513487 -0.000469254 -0.00803209 0.00587336 -0.0105625 0.00240813 -0.011037 0.000812439 0.000115016 -0.00488988 0.00925237 -0.00569973 -0.00274037 0.00122835 -0.00620337 -0.00903607 0.00705413 0.00644759 0.00441328 -0.00315419 -0.00689764 0.0146667 0.0110095 0.00151456 0.00849438 0.0126588
internal_weight=3348 2931 1135 1796 417 875 687 850 513 155 448 262 921 297 62 859 151 174 175 134 112 62 87 51 50 43 41
internal_count=3348 2931 1135 1796 417 875 687 850 513 155 448 262 921 297 62 859 151 174 175 134 112 62 87 51 50 43 41
cat_boundaries=0 1 3 4
cat_threshold=441348 1034 24576 25056
is_linear=0
shrinkage=0.04


Tree=9
num_leaves=23
num_cat=3
split_feature=6 39 7 28 31 31 23 31 24 40 21 21 8 29 8 25 26 39 22 22 8 4
split_gain=27.8371 17.022 5.38845 5.21867 4.34334 3.5441 3.99828 3.26761 2.77402 2.59917 2.41535 2.81631 2.27198 2.30029 2.08111 1.82155 1.79428 1.43952 1.36279 1.28464 0.709126 0.780834
threshold=1.2500000000000002 23.900000000000002 30.800000000000004 -43.640059999999991 0 1 2.4500000000000006 2 54.455856553332332 0.085144927536231887 21.108101337276935 5.8731797281594389 28.850000000000005 172.96692750000003 12.950000000000001 238.70468048131667 321.90004811635112 42.100000000000009 -0.24999999999999997 0.75000000000000011 70.100000000000009 3.7000000000000006
decision_type=10 10 10 2 9 9 2 9 8 2 10 10 10 2 10 10 10 10 2 2 10 10
left_child=1 3 4 12 15 14 -7 16 19 -10 11 -6 13 -1 -5 17 18 -2 -3 -9 21 -4
right_child=2 7 20 5 10 6 -8 8 9 -11 -12 -13 -14 -15 -16 -17 -18 -19 -20 -21 -22 -23
leaf_value=0 0.093710103866076366 0 0.80285562903487317 0 0.17150779710914971 0 0.17810506506240001 0 0 0.10415728394239995 6.6475557260673508 -0.015646410660249598 0.16799999999999998 -0.014898944000000008 0.184922112 5.8102100308048401 -0.0072554721280000227 8.7849133141319022 0.16654706053120003 0 13.954182131785046 23.496671324610258
leaf_weight=843 50 153 20 347 240 301 121 36 294 237 32 172 21 55 25 40 28 26 200 35 29 21
leaf_count=843 50 153 20 347 240 301 121 36 294 237 32 172 21 55 25 40 28 26 200 35 29 21
internal_value=-0.00395432 -0.00572308 0.00360728 -0.00812948 0.00227605 -0.00572973 -0.0029481 -0.00152158 -0.00332192 -0.00236244 0.000346872 -0.000478839 -0.0101879 -0.0104925 -0.00854759 0.00876863 0.0013707 0.00565161 0.00219464 -0.010731 0.013958 0.00983529
internal_weight=3326 2696 630 1713 560 794 422 983 602 531 444 412 919 898 372 116 381 76 353 71 70 41
internal_count=3326 2696 630 1713 560 794 422 983 602 531 444 412 919 898 372 116 381 76 353 71 70 41
cat_boundaries=0 1 3 5
cat_threshold=248 679 364544 1096 221184
is_linear=0
shrinkage=0.04


Tree=10
num_leaves=27
num_cat=6
split_feature=0 17 5 22 31 31 19 22 34 31 17 23 8 5 26 4 25 17 11 25 22 23 26 17 19 25
split_gain=26.4427 16.9028 8.6278 4.84349 4.20592 3.80924 3.66102 3.33187 3.18847 3.15849 2.69266 3.51076 2.50231 2.46127 2.35428 1.80502 1.74798 1.48977 1.3462 1.74622 1.33007 1.07853 0.838605 0.690089 0.590879 0.548073
threshold=0 1.7500000000000002 1.6500000000000001 -1.4499999999999997 1 2 7.8431433717927499 2.8500000000000001 3 4 0.15000000000000005 2.3500000000000001 33.70000000000001 2.4500000000000006 74.407269039032926 2.2500000000000004 191.25444149095975 1.9500000000000002 5 70.724914716679464 -0.84999999999999998 2.3500000000000001 222.44946503639864 1.3500000000000003 18.470204149360217 230.63952599717092
decision_type=1 10 10 2 9 9 10 2 9 9 10 2 10 10 10 10 8 10 1 10 2 2 8 10 8 10
left_child=2 6 3 18 15 8 10 13 -5 14 16 -12 -7 -6 -8 22 -2 23 19 -1 -11 -20 -3 -4 25 -19
right_child=1 4 17 5 7 12 9 -9 -10 20 11 -13 -14 -15 -16 -17 -18 24 21 -21 -22 -23 -24 -25 -26 -27
leaf_value=0 0 -0.0072605435412480017 1.8887232806658745 0.16219878399999998 0.15253378838937598 0.13790154597990398 -0.0076800000000000071 -0.014804202602496019 0 0 0 0 1.3258469923457812 1.9790879427027483 0.19287579739750399 0.62233148303331631 0 8.7733407926863531 0 0.13618154004480001 0 0 -0.015680000000000013 -0.02706750983038976 30.184899671600665 0.94849273677288237
leaf_weight=68 380 46 30 143 142 561 47 21 274 48 213 229 22 108 55 26 462 37 64 48 176 29 39 20 29 24
leaf_count=68 380 46 30 143 142 561 47 21 274 48 213 229 22 108 55 26 462 37 64 48 176 29 39 20 29 24
internal_value=-0.00409813 -0.00700674 0.000248438 -0.000840975 0.000516297 0.000317524 -0.00883525 0.00317876 -0.00256243 -0.00500153 -0.00980008 -0.00721082 0.0023852 0.00460437 0.00103965 -0.00569796 -0.0111417 0.00959717 -0.00635629 -0.00338723 -0.00746497 -0.00992593 -0.00899422 0.00384466 0.0126557 0.009888
internal_weight=3341 1992 1349 1209 382 1000 1610 271 417 326 1284 442 583 250 102 111 842 140 209 116 224 93 85 50 90 61
internal_count=3341 1992 1349 1209 382 1000 1610 271 417 326 1284 442 583 250 102 111 842 140 209 116 224 93 85 50 90 61
cat_boundaries=0 1 3 5 6 8 9
cat_threshold=441376 0 237568 2485 10240 704 84 16384 2
is_linear=0
shrinkage=0.04


Tree=11
num_leaves=29
num_cat=7
split_feature=17 0 0 31 32 20 20 36 8 7 21 24 24 34 24 20 20 20 32 25 25 29 8 21 18 21 12 24
split_gain=25.4573 26.9121 6.98547 6.33533 3.95817 3.90882 3.35577 2.88054 2.7987 2.19187 2.55476 2.0645 1.93434 1.70735 2.25442 1.56319 1.55758 1.40057 1.2255 1.14041 1.51492 0.998831 1.04061 0.731471 0.704743 0.586691 0.45789 0.130656
threshold=1.8500000000000003 0 1 2 3 1.0532715168207085 4.1885931548158331 4 0.35000000000000003 24.900000000000002 3.6426287107184536 83.058141172177827 76.777173531750407 5 79.7164913086891 3.1445039388275373 8.6953040850000018 0.93922154965324778 6 77.615527430769092 87.810887783313959 172.77371875000003 19.850000000000005 9.6638852375000024 8.5000000000000018 8.0080743289018077 6.5000000000000009 245.88310174148455
decision_type=10 1 1 9 9 10 8 1 10 10 10 10 10 9 8 8 10 8 9 10 10 2 10 10 10 10 2 10
left_child=1 3 6 7 5 -5 9 11 19 10 -2 -1 23 21 -15 -6 -9 27 -19 25 -21 22 -4 -8 -16 -3 -14 -10
right_child=2 8 13 4 15 -7 12 16 17 -11 -12 -13 26 14 24 -17 -18 18 -20 20 -22 -23 -24 -25 -26 -27 -28 -29
leaf_value=0.10464615424425981 0.17614996924317694 0 -0.015077888000000001 0.1602734879724339 0.1630522650624 -3.0720000000172833e-06 1.5368921575886225 0 0.14479569052500779 2.1649774832790238 -0.016008267273175072 0.17940605016080383 2.2720768590971399 -0.014101351535575049 0.057939732493715146 0 -0.023796006518620186 0 0 0 0 -0.039010445746765932 0.071949008125937727 -0.0027251668008960016 0.43603955144463319 0 6.1788753831795864 0
leaf_weight=128 72 272 57 66 115 425 36 88 20 21 25 180 107 25 38 364 20 171 407 47 349 27 36 22 46 78 50 21
leaf_count=128 72 272 57 66 115 425 36 88 20 21 25 180 107 25 38 364 20 171 407 47 349 27 36 22 46 78 50 21
internal_value=-0.00406034 -0.00564505 0.00368767 -0.00165868 -0.00342129 -0.00592637 0.00725109 0.00242807 -0.00960262 0.00199163 -0.000588832 0.00437559 0.0104296 -0.00173805 0.00180913 -0.000770642 -0.00299582 -0.00763578 -0.0081415 -0.0113418 -0.00975597 -0.00485171 -0.00315344 0.004 0.00512281 -0.0130811 0.0127319 -0.000423529
internal_weight=3313 2751 562 1386 970 491 333 416 1365 118 97 308 215 229 109 479 108 619 578 746 396 120 93 58 84 350 157 41
internal_count=3313 2751 562 1386 970 491 333 416 1365 118 97 308 215 229 109 479 108 619 578 746 396 120 93 58 84 350 157 41
cat_boundaries=0 1 2 4 5 6 7 8
cat_threshold=441396 1447653 1288 212992 3 5 3840 17
is_linear=0
shrinkage=0.04


Tree=12
num_leaves=28
num_cat=3
split_feature=5 28 39 14 28 17 7 7 31 31 19 39 20 39 20 21 39 7 21 4 5 21 27 4 8 39 7
split_gain=18.0693 12.5574 10.177 8.34926 6.16662 4.80473 4.27667 3.19897 3.03096 3.0168 2.35486 3.11303 2.19299 2.12951 2.06016 1.60217 1.59195 1.58914 1.52697 1.4613 1.40913 1.19275 2.04484 1.55554 0.875023 0.654195 0.545973
threshold=1.1500000000000001 -43.640059999999991 24.700000000000006 0 -43.569017644999995 1.9500000000000002 0.15000000000000005 1.0500000000000003 1 2 3.7485476287372896 6.8333333333333348 4.1885931548158331 5.5000000000000009 1.0078917373696672 4.7307516743599107 52.300000000000004 9.9000000000000021 2.531010228014861 1.7500000000000002 4.1000000000000005 15.578108340753374 211.00000000000003 0.8500000000000002 5.2500000000000009 11.833333333333334 0.15000000000000005
decision_type=10 2 10 1 2 10 10 10 9 9 10 10 10 8 8 8 10 10 8 10 10 10 2 10 10 10 10
left_child=1 2 6 10 8 15 13 14 -5 -8 26 -12 17 -1 -4 20 19 -7 -19 -14 -2 22 -17 -23 -9 -6 -3
right_child=5 3 7 4 25 12 9 24 -10 -11 11 -13 16 -15 -16 21 -18 18 -20 -21 -22 23 -24 -25 -26 -27 -28
leaf_value=0 0.54609968811563403 0 0.15373405077093741 0.12213734400425981 0 1.8609642655004448 0 0 0 0 0 0 0.18553285572723652 0 0 -0.056948323064196775 10.042355501205584 2.39181079009898 -0.15333962003835652 7.6321876618663147 -0.036180494085703091 -0.0064444309195980766 0.085958587201148046 5.4393139579353962 0.42668994767929136 0 0
leaf_weight=165 23 47 41 373 76 31 107 41 660 278 103 99 42 443 283 60 47 26 45 75 22 22 23 21 87 50 21
leaf_count=165 23 47 41 373 76 31 107 41 660 278 103 99 42 443 283 60 47 26 45 75 22 22 23 21 87 50 21
internal_value=-0.00314506 -0.00429769 -0.00692568 -0.00163439 -0.000153382 0.00441961 -0.00918854 -0.00193605 0.000868052 -0.00584217 -0.00794843 -0.00569042 0.00776822 -0.0112847 -0.00404916 -0.0008 0.0106224 0.00307246 -0.000248276 0.00791561 0.00554839 -0.00312157 -0.00589349 0.00220225 0.00338224 -0.0084549 -0.0143597
internal_weight=3311 2874 1445 1429 1159 437 993 452 1033 385 270 202 266 608 324 171 164 102 71 117 45 126 83 43 128 126 68
internal_count=3311 2874 1445 1429 1159 437 993 452 1033 385 270 202 266 608 324 171 164 102 71 117 45 126 83 43 128 126 68
cat_boundaries=0 1 3 5
cat_threshold=4 1286 90112 96 98304
is_linear=0
shrinkage=0.04


Tree=13
num_leaves=27
num_cat=4
split_feature=0 17 6 40 39 39 5 27 5 31 22 31 34 8 21 24 39 40 17 39 39 23 21 6 40 17
split_gain=32.4522 12.8628 5.35566 3.90573 3.35629 3.137 3.01422 2.95457 2.88516 2.80684 2.37874 2.81434 2.14164 3.38008 1.95682 1.85129 1.61072 1.51909 1.25713 1.23637 1.0343 0.861652 0.838224 0.800025 0.382786 0.224325
threshold=0 1.7500000000000002 10.500000000000002 0.057189542483660136 11.833333333333334 22.225000000000005 2.4500000000000006 205.50000000000003 0.15000000000000005 1 2.9500000000000006 2 3 0.35000000000000003 18.903134865547781 83.300031805100573 15.700000000000001 0.031754032258064523 10.4 5.5000000000000009 119.10000000000001 2.1500000000000008 12.092284898709655 3.3500000000000001 0.078461538461538485 3.9500000000000006
decision_type=1 10 10 2 10 10 10 2 10 9 2 9 9 10 8 10 10 2 10 8 10 2 10 10 2 10
left_child=2 4 5 6 8 9 16 -8 17 15 11 -7 13 -6 -11 -1 -3 -2 22 -10 -12 -14 24 -5 -4 -25
right_child=1 3 18 23 12 10 7 -9 19 14 20 -13 21 -15 -16 -17 -18 -19 -20 -21 -22 -23 -24 25 -26 -27
leaf_value=-0.0048854937601704052 0 -0.016126621806517995 0.0999004748690977 0.12785677133600529 0 0.15884616419917166 0.97851909882166666 -0.19155536294525802 0 1.2288000000637567e-07 0.4264861916031123 -0.0054503336017920033 0 0.17174868422130365 -0.0041858461697703931 -0.0048853708801703992 -0.005498236015575024 0 15.989675727749846 0 0.10847203396877021 0 41.47178829904589 1.5716477351485623 3.9403441099971825 5.8408296624682645
leaf_weight=75 660 107 24 25 83 235 70 41 51 562 55 445 61 83 122 56 51 48 20 71 36 326 21 20 20 20
leaf_count=75 660 107 24 25 83 235 70 41 51 562 55 445 61 83 122 56 51 48 20 71 36 326 21 20 20 20
internal_value=-0.00376398 -0.00760081 0.000224666 -0.000590164 -0.00934489 -0.000301102 -0.00272828 0.00229333 -0.0109657 -0.00203062 0.00152492 0.000701394 -0.00688548 -0.00246761 -0.000917326 -0.00714386 -0.00625705 -0.0119493 0.00991908 -0.00516599 0.00754595 -0.00847679 0.00688722 0.00809023 0.00347253 0.0115181
internal_weight=3388 1717 1671 334 1383 1586 269 111 830 815 771 680 553 166 684 131 158 708 85 122 91 387 65 65 44 40
internal_count=3388 1717 1671 334 1383 1586 269 111 830 815 771 680 553 166 684 131 158 708 85 122 91 387 65 65 44 40
cat_boundaries=0 1 3 5 6
cat_threshold=441396 5 8192 1035 155648 4288
is_linear=0
shrinkage=0.04


Tree=14
num_leaves=25
num_cat=7
split_feature=0 6 6 34 0 22 7 31 8 20 0 24 22 22 6 34 22 26 11 22 25 21 26 4
split_gain=34.1997 13.7425 4.31459 3.85954 3.83947 3.33613 2.97959 2.89662 2.72212 2.5904 2.27313 2.20521 2.01239 2.81263 1.85054 1.67896 1.5636 1.5201 1.05928 1.22228 1.05694 0.632582 0.518806 0.192801
threshold=0 1.9000000000000001 10.500000000000002 1 2 3.7500000000000004 30.800000000000004 3 1.5000000000000002 14.329505462974824 4 87.696739744263411 -2.0499999999999994 2.8500000000000001 0.15000000000000005 5 -1.2499999999999998 240.46603511088213 6 -0.14999999999999999 72.241293165494156 14.748127779585916 246.43154400369778 0.45000000000000007
decision_type=1 10 8 9 1 2 10 9 10 8 1 8 2 2 10 9 2 10 1 2 8 10 8 10
left_child=2 8 3 7 5 -5 12 17 10 -6 14 21 23 -14 -2 -13 -9 -1 19 -4 -12 -10 -20 -3
right_child=1 6 18 4 9 -7 -8 16 11 -11 20 15 13 -15 -16 -17 -18 -19 22 -21 -22 -23 -24 -25
leaf_value=-0.0079106576392520018 0 -0.075946494336647671 -0.19340042627075782 -0.0051662597161812049 0.12409475828793695 0.53371914057122882 6.6207209959249829 -0.0048853757953704145 0 0.17161636547683309 0 0 0.19916755727933408 -0.071045915072872459 0.00015206400000000286 0 0.00021500278407167174 -4.9152000158869671e-09 4.6295506366380739 3.9066809254031667 0 0 8.5817825538546 -0.13544292746120518
leaf_weight=165 296 23 20 290 316 21 36 148 89 151 131 131 177 39 48 173 404 55 30 24 481 25 27 22
leaf_count=165 296 23 20 290 316 21 36 148 89 151 131 131 177 39 48 173 404 55 30 24 481 25 27 22
internal_value=-0.00368226 -0.00768975 0.00041985 -0.000101837 0.00187207 -0.00154419 6.03015e-05 -0.00209062 -0.00942057 0.00413375 -0.0106089 -0.00666985 -0.00144 0.000174713 -0.00708298 -0.00483797 -0.000493345 -0.00586609 0.00837073 0.00347253 -0.0122502 -0.0114113 0.0119316 -0.00898925
internal_weight=3322 1671 1651 1550 778 311 297 772 1374 467 956 418 261 216 344 304 552 220 101 44 612 114 57 45
internal_count=3322 1671 1651 1550 778 311 297 772 1374 467 956 418 261 216 344 304 552 220 101 44 612 114 57 45
cat_boundaries=0 1 2 3 5 6 7 8
cat_threshold=441396 7940 8244 592 40960 1065032 960 1
is_linear=0
shrinkage=0.04


Tree=15
num_leaves=22
num_cat=5
split_feature=39 18 8 18 28 31 40 31 20 31 34 34 22 27 27 25 22 22 25 22 27
split_gain=17.8413 8.38565 7.63841 4.88741 5.46487 3.98113 3.57244 3.19675 2.91384 2.77188 3.25507 2.71397 2.66143 2.04277 2.01981 1.8698 1.86949 1.80828 1.3191 0.860737 0.458214
threshold=11.225000000000001 9.5000000000000018 44.750000000000007 1.5000000000000002 -43.640059999999991 0 0.072751322751322761 1 0.46131903319091422 2 3 4 2.8500000000000001 232.50000000000003 17.500000000000004 243.57938934225652 -1.8499999999999999 2.1500000000000008 79.621440000625839 1.4500000000000002 120.00000000000001
decision_type=10 10 10 10 2 9 2 9 8 9 9 9 2 2 2 10 2 2 10 2 2
left_child=2 6 3 4 13 -6 8 19 -2 14 -11 15 -10 -1 -8 -5 -9 -13 -18 20 -3
right_child=1 7 -4 11 5 -7 9 16 12 10 -12 17 -14 -15 -16 -17 18 -19 -20 -21 -22
leaf_value=0 0.16391409907833585 3.9345444761218404 3.9853067984745683 0 0 -8.4821465628692758e-06 0.94333442502301457 -0.094091540050525002 0 0.14772364055542495 -0.0094856955912703007 -0.0017161831743245947 0.13279429595986064 0 0.13220095686265915 0.20000000000000001 -0.021214474240000031 -0.0071302851624960089 0.89966995319446053 0.22936301860895469 1.0179666964091509
leaf_weight=424 20 30 35 221 208 257 32 27 805 114 221 234 111 114 198 36 26 41 111 20 57
leaf_count=424 20 30 35 221 208 257 32 27 805 114 221 234 111 114 198 36 26 41 111 20 57
internal_value=-0.00356453 -0.000810826 -0.00666752 -0.00709274 -0.00873868 -0.00552626 -0.00198203 0.00564404 -0.00349653 0.000526037 -0.00178355 -0.00397001 -0.00383433 -0.0114884 0.00380124 -0.000811918 0.00158405 -0.00662478 0.00359567 0.010616 0.0133107
internal_weight=3342 1772 1570 1535 1003 465 1501 271 936 565 335 532 916 538 230 257 164 275 137 107 87
internal_count=3342 1772 1570 1535 1003 465 1501 271 936 565 335 532 916 538 230 257 164 275 137 107 87
cat_boundaries=0 2 4 6 7 8
cat_threshold=488 51200 8405028 73728 1304 212992 2136 8888
is_linear=0
shrinkage=0.04


Tree=16
num_leaves=23
num_cat=4
split_feature=0 18 6 8 34 31 22 22 20 29 6 12 31 20 22 26 22 22 8 26 35 29
split_gain=21.3959 17.2065 5.39843 3.78018 3.05964 2.81021 2.44441 2.10144 2.0357 1.95645 1.63074 2.05643 1.70301 1.45322 1.27398 0.827914 1.42832 1.3275 1.16928 1.88332 0.538816 0.226371
threshold=0 1.5000000000000002 25.500000000000004 43.750000000000007 1 2 3.7500000000000004 -1.6499999999999997 3.6740071387947419 172.71639400000004 9.8000000000000025 6.5000000000000009 3 6.2046853047039301 0.35000000000000003 90.82120620594101 -1.6499999999999997 -1.3499999999999999 1.7500000000000002 35.289575154025137 1.0000000180025095e-35 172.92905200000004
decision_type=1 10 8 10 9 9 2 2 8 2 10 2 9 10 2 10 2 2 10 10 2 2
left_child=1 15 4 5 10 7 8 -3 -6 -8 12 -12 -2 -7 -5 18 21 -18 20 -20 -1 -17
right_child=2 3 -4 14 6 13 9 -9 -10 -11 11 -13 -14 -15 -16 16 17 -19 19 -21 -22 -23
leaf_value=0 3.3928586251619208e-07 -0.0076800000000000071 20.435551788859495 0.19511986580006244 -0.0067504368086220802 -0.0023462461263883939 0.03459088698788456 0.11455285113784193 0.00029326773148028454 0.19160143136160557 -0.052085494848087992 23.480253351303581 -0.0030867968000000091 6.8647326972985927e-05 4.681871940112539 0 0.16886698022274793 0 0 0 0 0
leaf_weight=281 242 23 29 22 270 280 32 89 630 47 37 22 766 60 27 23 20 250 45 20 74 32
leaf_count=281 242 23 29 22 270 280 32 89 630 47 37 22 766 60 27 23 20 250 45 20 74 32
internal_value=-0.00288277 -0.00699642 -0.000372873 -0.00130945 -0.000624176 -0.00246527 0.00098738 0.00289879 0.000397116 0.00767702 -0.00209365 0.00426446 -0.0024943 -0.00420484 0.00906931 -0.0109015 -0.00924349 -0.00794843 -0.0121423 -0.00688722 -0.0130659 -0.0151858
internal_weight=3321 1246 2075 501 2046 452 979 112 900 79 1067 59 1008 340 49 745 325 270 420 65 355 55
internal_count=3321 1246 2075 501 2046 452 979 112 900 79 1067 59 1008 340 49 745 325 270 420 65 355 55
cat_boundaries=0 1 2 3 5
cat_threshold=1573771 24324 300 1538 137216
is_linear=0
shrinkage=0.04


Tree=17
num_leaves=26
num_cat=4
split_feature=18 28 39 4 21 17 22 32 21 27 34 34 20 29 34 22 27 19 26 39 8 7 19 4 23
split_gain=12.5407 22.9333 6.58627 4.34387 3.55258 3.39359 3.25324 2.8401 2.78722 3.20318 4.21278 2.44466 2.29354 2.60356 2.14926 1.78367 1.72872 1.68902 1.61442 1.59166 1.22752 1.15924 1.06876 0.993677 0.95114
threshold=1.5000000000000002 -43.640059999999991 8.1666666666666696 3.3000000000000003 1.8635483244952915 0.25000000000000006 -5.3499999999999988 0 19.151275607696142 120.00000000000001 1 2 4.3661530027105266 172.91351650000004 3 -0.6499999999999998 232.50000000000003 0.91768476083988182 232.44425958878909 128.77500000000003 2.1500000000000008 21.900000000000002 16.797577451486035 7.5000000000000009 2.3500000000000001
decision_type=10 2 8 10 8 10 2 9 8 2 9 9 10 2 9 2 2 10 8 10 10 10 10 10 2
left_child=1 2 16 5 17 15 -7 -6 9 11 -11 -3 13 -5 -8 -2 20 -4 -17 22 -1 23 -10 -14 -18
right_child=3 8 4 12 7 6 14 -9 19 10 -12 -13 21 -15 -16 18 24 -19 -20 -21 -22 -23 -24 -25 -26
leaf_value=0 0.00018363705241011274 0.0004099839034596897 0.14849032542574375 -0.21833536712537133 0 0.59096849416411246 0.042426803492994339 0 -0.011593983075849615 0.00012347187199999611 -1.1391423396709399e-05 -0.0069628982745628676 4.2667389364643373 3.6149341523091465 -0.0058592923963555242 0.16054474911415667 0 0 -0.0053959836651189617 0.15212831865887108 0 55.975008488766811 -0.0077045307092592453 3.724615796421884 0
leaf_weight=274 35 105 62 30 125 20 292 399 39 294 249 236 23 24 792 61 37 57 42 20 44 27 37 25 35
leaf_count=274 35 105 62 30 125 20 292 399 39 294 249 236 23 24 792 61 37 57 42 20 44 27 37 25 35
internal_value=-0.00209068 -0.00409928 -0.00825326 0.000858288 -0.00573778 0.000127061 -0.000613297 -0.00715128 0.00028324 0.00099153 0.00289807 -0.00203796 0.00780077 0.00140541 -0.000919392 0.00600717 -0.0123576 0.000481328 0.00323445 -0.00613333 -0.0136401 0.0122614 -0.00874839 0.0080404 -0.0065034
internal_weight=3384 2013 1033 1371 643 1242 1104 524 980 884 543 341 129 54 1084 138 390 119 103 96 318 75 76 48 72
internal_count=3384 2013 1033 1371 643 1242 1104 524 980 884 543 341 129 54 1084 138 390 119 103 96 318 75 76 48 72
cat_boundaries=0 1 2 3 4
cat_threshold=1 7936 8280 168
is_linear=0
shrinkage=0.04


Tree=18
num_leaves=28
num_cat=3
split_feature=0 17 32 8 34 4 39 25 24 25 8 23 22 25 39 39 24 8 8 17 39 29 5 22 28 24 8
split_gain=26.2437 16.9867 3.37749 3.51572 3.19395 2.87125 2.80225 2.37109 2.16805 2.12373 2.10191 2.00537 1.81837 1.68973 1.70647 1.47821 1.45899 1.43271 1.355 1.06324 1.05422 0.933331 0.863721 0.770136 0.721153 0.461733 0.204344
threshold=0 0.15000000000000005 1 33.70000000000001 2 3.0500000000000003 8.1666666666666696 105.81309301405001 83.805369834790795 260.41616646326094 8.7000000000000011 2.2500000000000004 -1.1499999999999997 75.79154678750551 88.90000000000002 17.100000000000005 235.88559619421275 0.95000000000000007 31.600000000000005 0.25000000000000006 41.100000000000009 171.25306740000005 8.8500000000000032 -0.14999999999999999 -43.780523499999994 17.77645433092346 1.0000000180025095e-35
decision_type=1 10 9 10 9 10 10 8 10 10 10 2 2 10 8 10 8 10 10 10 10 2 10 2 2 10 10
left_child=1 6 4 8 13 17 21 25 10 -10 -4 16 -9 20 -15 -13 -6 24 22 -19 -2 26 -7 -23 -3 -8 -1
right_child=2 5 3 -5 11 18 7 12 9 -11 -12 15 -14 14 -16 -17 -18 19 -20 -21 -22 23 -24 -25 -26 -27 -28
leaf_value=0 -0.0071150744154201816 0 -0.0038560330650615881 1.9236972575239519 -0.0060545962204426301 1.7539253284672682 0 0 0.00022545827550734642 -0.0051333184880571637 -0.013122963000439114 0.00047253738144409141 0 -0.0044744891413915156 0.18822901217715549 0.48491593587601772 0.19512760054864545 0.00015515168993214702 16.968710166304298 -0.0041708129829230427 0.00017843885950204807 0 -0.52180321866747248 0 0 0 0
leaf_weight=23 39 63 567 36 78 22 23 73 598 253 117 102 138 75 39 138 44 28 25 414 26 135 23 156 33 87 21
leaf_count=23 39 63 567 36 78 22 23 73 598 253 117 102 138 75 39 138 44 28 25 414 26 135 23 156 33 87 21
internal_value=-0.00221406 -0.00674089 0.000526489 -0.000415798 0.0032181 -0.00196555 -0.0112517 -0.00848992 -0.000714611 0.000631085 -0.0023895 0.0053494 -0.00592 -0.00114436 0.00171429 0.00761077 0.00127935 -0.002962 0.00556643 -0.00197971 -0.00628571 -0.0138425 0.00124731 -0.014694 -0.0073641 -0.0132556 -0.00786813
internal_weight=3376 1264 2112 1571 541 608 656 321 1535 851 684 362 211 179 114 240 122 538 70 442 65 335 45 291 96 110 44
internal_count=3376 1264 2112 1571 541 608 656 321 1535 851 684 362 211 179 114 240 122 538 70 442 65 335 45 291 96 110 44
cat_boundaries=0 1 2 3
cat_threshold=1573771 24 12576
is_linear=0
shrinkage=0.04


Tree=19
num_leaves=29
num_cat=4
split_feature=28 17 4 40 31 24 27 31 8 23 36 17 22 27 18 27 24 31 20 24 35 26 22 22 22 26 8 25
split_gain=17.9444 18.4596 4.18046 4.04926 3.5247 2.37102 3.07055 2.35602 4.41648 2.30858 2.2534 3.22314 2.26535 2.10024 1.98808 1.86856 2.94846 2.81301 1.68184 1.43594 1.3979 1.25972 1.23788 1.49076 1.14906 3.05643 1.74294 0.561135
threshold=-43.640059999999991 0.15000000000000005 5.7500000000000009 0.075498575498575513 0 235.88559619421275 120.00000000000001 1 0.55000000000000016 2.2500000000000004 2 0.35000000000000003 2.5500000000000003 135.00000000000003 9.5000000000000018 232.50000000000003 305.78776436342451 3 1.0532715168207085 227.4010210666556 1.0000000180025095e-35 75.217205850298043 -2.0499999999999994 0.55000000000000016 0.75000000000000011 245.3974261796582 0.75000000000000011 198.87702897613619
decision_type=2 10 10 2 9 10 2 9 10 2 1 10 2 2 10 2 10 9 8 8 2 10 2 2 2 10 10 10
left_child=1 3 15 7 5 6 9 8 -1 -2 11 21 -13 20 -8 17 -17 -3 -9 -15 -12 -6 -5 -24 25 -7 -26 -4
right_child=4 2 27 22 10 24 14 18 -10 -11 13 12 -14 19 -16 16 -18 -19 -20 -21 -22 -23 23 -25 26 -27 -28 -29
leaf_value=0 -0.011338437717358225 -0.0040810632924090486 2.8739941861768727 -0.010423451666636403 0.00020787029500079156 -0.015800971982931421 0.00027277431972247971 0 0.60013461552401981 0.00033304925358335069 -0.0092323756310927867 0.00054518930021039578 -0.01480617278572023 0.0002731136055849959 -0.012512594272910765 0.14892065230232873 -0.047046082560000001 0.00015515168993214702 0 -0.0048359659695913848 -0.000227624659465544 0.10144358550522789 0.13563365274764233 -0.0069030828850851836 -1.3631491472274604e-05 0.51122319769815694 0.97036850760153304 16.829051446684051
leaf_weight=97 81 243 27 29 36 20 294 85 20 150 233 59 21 186 20 191 21 309 568 145 106 64 73 54 65 78 48 23
leaf_count=97 81 243 27 29 36 20 294 85 20 150 233 59 21 186 20 191 21 309 568 145 106 64 73 54 65 78 48 23
internal_value=-0.00177984 -0.00459259 -0.000193746 -0.00845067 0.00126781 0.00322866 0.00186276 -0.00964096 -0.00325292 -0.00162581 -0.000508416 0.00333159 -0.00242945 -0.0015818 0.00443106 -0.000937949 0.00223888 -0.00216441 -0.0105613 0.000655639 -0.00381204 0.00825616 -0.00252698 -0.000762646 0.00686118 0.0100302 0.004 0.010835
internal_weight=3346 1740 814 926 1606 756 545 770 117 231 850 180 80 670 314 764 212 552 653 331 339 100 156 127 211 98 113 50
internal_count=3346 1740 814 926 1606 756 545 770 117 231 850 180 80 670 314 764 212 552 653 331 339 100 156 127 211 98 113 50
cat_boundaries=0 2 4 5 7
cat_threshold=3288 317440 2568 65536 4 808 182272
is_linear=0
shrinkage=0.04


Tree=20
num_leaves=28
num_cat=8
split_feature=0 7 31 0 31 25 20 26 39 0 25 32 31 19 23 8 31 25 3 8 21 8 39 7 21 8 25
split_gain=23.7151 16.2694 2.98194 4.12231 2.82192 2.76554 2.28797 2.50179 2.16876 2.16096 2.06358 2.21723 1.92928 1.95159 1.92195 1.81203 1.80909 1.73873 1.70679 1.50859 1.39412 1.26192 1.10333 0.897028 0.745825 0.390198 0.348323
threshold=0 0.15000000000000005 1 2 3 72.241293165494156 21.500323678921522 39.156690508149929 5.5000000000000009 4 268.85884480026078 5 6 3.8814329387676163 2.3500000000000001 31.600000000000005 7 173.25892678649703 2.1000000000000005 1.0000000180025095e-35 2.4047568445425349 0.15000000000000005 39.900000000000006 8.3000000000000025 8.0080743289018077 1.5000000000000002 239.84110534423363
decision_type=1 10 9 1 9 8 10 8 10 1 8 9 9 8 2 10 9 8 10 10 10 10 8 10 8 10 10
left_child=1 8 6 10 14 -6 7 22 21 -9 11 -4 15 23 -5 17 19 -3 -15 -10 -18 26 -2 -14 -23 -12 -1
right_child=2 12 3 4 5 -7 -8 9 16 -11 25 -13 13 18 -16 -17 20 -19 -20 -21 -22 24 -24 -25 -26 -27 -28
leaf_value=0 0.00028732686650840834 -0.0039490199716732026 -0.0060935633467866165 -0.009781380405072362 -0.0057153329099902984 0.15059952936489807 37.059549042322736 -0.0051078549878894111 0 0.00031949620050877316 -0.012740650932255822 0.00031415264909313124 0.00032604526216287514 -0.0063341461871079833 0.00064594407062145364 5.8827802497185919 0 0.00016324253169635482 2.2878012249945532 0.1679946153790392 0 0 1.0334764954822511 -0.018235349043582653 0 -0.013816900716910538 0
leaf_weight=121 29 53 242 101 68 274 35 269 77 600 32 205 112 201 119 26 168 130 20 25 176 29 27 48 26 26 32
leaf_count=121 29 53 242 101 68 274 35 269 77 600 32 205 112 201 119 26 168 130 20 25 176 29 27 48 26 26 32
internal_value=-0.00160672 -0.00592433 0.00106843 -0.000387575 0.00194943 0.00418105 0.00267422 0.00230761 -0.0103097 0.0017668 -0.00297773 -0.00209142 -0.00114624 -0.00279745 -0.00154644 0.00189569 -0.00866592 0.000531165 -0.00529438 -0.00280176 -0.0100084 -0.0137375 0.0104 0.000482972 -0.00810619 -0.0100504 -0.0156505
internal_weight=3271 1244 2027 1067 562 342 960 925 654 869 505 447 590 381 220 209 446 183 221 102 344 208 56 160 55 58 153
internal_count=3271 1244 2027 1067 562 342 960 925 654 869 505 447 590 381 220 209 446 183 221 102 344 208 56 160 55 58 153
cat_boundaries=0 1 3 4 6 7 8 9 11
cat_threshold=1573771 1224 382976 74804 2065 139264 299012 5 134218638 2568 81920
is_linear=0
shrinkage=0.04


Tree=21
num_leaves=23
num_cat=6
split_feature=0 17 18 17 39 31 39 31 0 20 23 22 39 31 20 19 31 39 24 23 20 23
split_gain=18.4474 20.9372 4.00137 2.81207 2.75454 2.38618 2.31179 3.62964 2.53676 2.49988 2.44204 2.00577 1.80898 1.87652 1.77488 1.67172 1.37108 0.953255 0.825749 0.782483 0.553989 0.0548838
threshold=0 0.15000000000000005 1.5000000000000002 10.4 19.900000000000002 1 46.300000000000004 2 3 3.5654501372204161 2.2500000000000004 -0.74999999999999989 5.5000000000000009 4 6.4898739698723018 5.2713402372123177 5 8.1666666666666696 118.07771210799011 2.1500000000000008 7.24000961364096 2.5500000000000003
decision_type=1 10 10 10 8 9 8 9 1 8 2 2 8 9 10 8 9 10 10 2 10 2
left_child=1 12 4 6 18 14 7 11 16 -9 -10 -2 20 17 -4 -7 -8 -14 -3 -15 21 -1
right_child=3 2 5 -5 -6 15 8 9 10 -11 -12 -13 13 19 -16 -17 -18 -19 -20 -21 -22 -23
leaf_value=0 -0.005844302453144881 0.00032120333056329998 -0.0070780166751378106 7.0978084178102385 -0.0029325630191509335 0.00062049693041107187 0.47669383566533519 -0.0062408566405907353 -0.010360046957955475 0.00024908349891322956 0.076164137752322891 -0.0045210881581471442 0 0 0.14899548213001942 -0.0023983635020883654 0.11707180480491705 0 0.00015671283042848928 0 0 0
leaf_weight=107 106 23 174 26 24 150 105 203 160 707 292 259 39 57 30 145 180 86 31 334 20 26
leaf_count=107 106 23 174 26 24 150 105 203 160 707 292 259 39 57 30 145 180 86 31 334 20 26
internal_value=-0.00204474 -0.00585129 -0.000307692 0.000311295 0.00802516 -0.00163437 0.000138068 -0.0008915 0.00192011 0.000475312 0 -0.00419124 -0.0107054 -0.00950338 -0.00481671 0.000711256 0.00478246 -0.00394139 0.0129369 -0.010877 -0.0146149 -0.0155985
internal_weight=3284 1246 577 2038 78 499 2012 1275 737 910 452 365 669 516 204 295 285 125 54 391 153 133
internal_count=3284 1246 577 2038 78 499 2012 1275 737 910 452 365 669 516 204 295 285 125 54 391 153 133
cat_boundaries=0 1 3 5 6 8 10
cat_threshold=1573771 608 245760 1031 139264 166916 2568 114688 42 221184
is_linear=0
shrinkage=0.04


Tree=22
num_leaves=28
num_cat=6
split_feature=0 17 30 4 20 23 24 26 19 8 39 20 0 0 17 39 19 40 17 4 17 10 22 13 20 23 20
split_gain=16.1578 25.2718 5.02348 3.06516 2.70639 3.93074 2.52316 2.60002 2.31944 2.6246 2.27543 2.19427 2.16161 2.12072 1.64649 1.38381 1.36775 1.52708 1.33794 1.3299 1.43272 0.623431 0.585644 0.564847 0.545946 0.529735 0.147476
threshold=0 0.15000000000000005 1 2.9000000000000004 4.0091310390623933 2.2500000000000004 90.286825049598193 306.43956781910981 1.0208891240877849 13.700000000000001 5.5000000000000009 2.9771191573324196 2 3 3.9500000000000006 7.2500000000000009 0.61640693760815013 0.16064516129032261 2.3500000000000001 1.1000000000000003 2.3500000000000001 4 -0.14999999999999999 5 3.2421854437512665 2.2500000000000004 4.3358405026060725
decision_type=1 10 9 10 10 2 8 10 10 10 10 10 1 1 10 8 8 2 10 10 10 1 2 1 10 2 8
left_child=1 10 3 4 11 -6 8 12 -4 -10 22 -2 -8 19 18 -16 21 -18 -15 20 -3 -12 26 -5 -9 -24 -1
right_child=2 13 6 23 5 -7 7 24 9 -11 16 -13 -14 14 15 -17 17 -19 -20 -21 -22 -23 25 -25 -26 -27 -28
leaf_value=0 0.0003354581109140753 0.00031076472730962479 0.18789630654730219 15.660226286577394 -0.004120652484371874 0.089612052102970921 0.18531124664076881 -0.015796722676441066 -0.0047728466532734612 -0.043135747877970643 0.13712536629880831 -0.017672854975869453 -0.0037132265227238647 -0.0012601279746936812 -0.012360204971209328 0.58257075564893657 0 0.021782100265314207 -0.047014117487010322 3.7339897488816991 -0.040135494312673006 -0.0028652571652828841 0 11.697125853594034 -0.0057246377310817918 0 0
leaf_weight=52 271 79 21 20 224 475 113 23 339 38 24 70 414 308 25 55 386 22 60 34 34 26 32 29 21 77 52
leaf_count=52 271 79 21 20 224 475 113 23 339 38 24 70 414 308 25 55 386 22 60 34 34 26 32 29 21 77 52
internal_value=-0.00226071 -0.005791 -5.70186e-05 0.00179736 0.00134229 0.0027666 -0.00213972 -0.000450655 -0.00460075 -0.00533157 -0.0111494 -0.0015708 0.000336802 0.000164292 -0.00121436 0.00390184 -0.00948422 -0.0102515 -0.00237618 0.00415142 0.00225328 -0.00306796 -0.0146294 0.0114455 -0.00962637 -0.0121086 -0.0170427
internal_weight=3324 1266 2058 1089 1040 699 969 571 398 377 671 341 527 595 448 80 458 408 368 147 113 50 213 49 44 109 104
internal_count=3324 1266 2058 1089 1040 699 969 571 398 377 671 341 527 595 448 80 458 408 368 147 113 50 213 49 44 109 104
cat_boundaries=0 1 2 3 4 5 6
cat_threshold=1573771 2146 151552 129 1 4
is_linear=0
shrinkage=0.04


Tree=23
num_leaves=31
num_cat=10
split_feature=17 0 0 31 18 34 31 31 34 24 19 24 26 5 18 17 0 27 31 25 21 21 9 26 21 17 19 23 25 20
split_gain=12.3692 15.6065 5.85439 3.47052 2.67893 2.63587 3.14454 2.59694 3.06641 2.58364 2.58267 2.34396 3.57817 2.22423 4.3991 2.06536 1.80607 1.78868 1.65737 1.60183 1.38658 1.35425 1.17836 1.03819 1.00846 0.889834 0.881768 0.762231 0.55325 0.383635
threshold=0.15000000000000005 0 1 2 9.5000000000000018 3 4 5 6 68.693674440245317 0.69135836627159175 88.49761052868395 283.18809097709305 1.8500000000000003 2.5000000000000004 1.3500000000000003 7 100.00000000000001 8 272.55861165162281 1.7821343123290772 2.4780326838827773 9 177.05973845723284 8.0080743289018077 2.0500000000000003 3.1053529777883457 2.1500000000000008 82.819673168768432 0.80201929496987345
decision_type=10 1 1 9 10 9 9 9 9 8 8 10 10 10 10 10 1 2 9 8 10 10 1 8 8 10 8 2 10 10
left_child=1 10 3 4 26 6 20 11 19 -8 21 17 -13 14 -5 18 -10 -3 -7 -9 -4 29 -15 -17 28 -6 -2 -26 -12 -1
right_child=2 7 5 13 25 15 9 8 16 -11 24 12 -14 22 -16 23 -18 -19 -20 -21 -22 -23 -24 -25 27 -27 -28 -29 -30 -31
leaf_value=0 0.11048644557246022 -0.0081086503920437276 -0.001209722855705948 0.03915635543360857 0.32702251223213791 -0.0056113976457452175 -0.008363719890628226 0.16802552869373483 0.11704829294191577 -0.0026678728009324713 0 0.00033668585825584072 -0.017670542505896131 0.11069424055584789 -0.020819675391857102 -0.038702736676820421 -0.0055198427702208971 -0.0034102659498837975 0.00010396343316880774 -0.010446486049277724 0.18271165784484741 0 7.6676696003203988 -0.02649164122646594 0 3.8681085748549631 0.0003723697191075637 0 0 0.00011461028661130968
leaf_weight=30 65 72 29 75 29 110 52 91 133 297 134 150 27 36 160 76 407 150 176 23 85 24 41 152 56 74 104 182 228 21
leaf_count=30 65 72 29 75 29 110 52 91 133 297 134 150 27 36 160 76 407 150 176 23 85 24 41 152 56 74 104 182 228 21
internal_value=-0.00331196 -0.00564209 -0.00072832 0.00241478 0.00563668 -0.00260799 -0.000375132 -0.00249695 -0.000898573 -0.00226907 -0.0103394 -0.0050134 -0.00166947 -0.000488408 -0.00244397 -0.00456327 -0.00217226 -0.00786577 -0.00235826 0.00476494 0.00508367 -0.00337255 0.00532484 -0.00748584 -0.0113682 0.01089 0.00268622 -0.00917745 -0.0127593 0.000342857
internal_weight=3289 1728 1561 584 272 977 463 1053 654 349 675 399 177 312 235 514 540 222 286 114 114 75 77 228 600 103 169 238 362 51
internal_count=3289 1728 1561 584 272 977 463 1053 654 349 675 399 177 312 235 514 540 222 286 114 114 75 77 228 600 103 169 238 362 51
cat_boundaries=0 1 2 4 5 7 9 10 11 12 13
cat_threshold=1573771 399041 134234212 159744 20712 1936 8192 2437 176128 24600 38912 829 1
is_linear=0
shrinkage=0.04


Tree=24
num_leaves=22
num_cat=5
split_feature=7 7 21 24 26 36 34 40 25 40 5 24 36 21 20 24 21 10 23 26 15
split_gain=11.4663 5.67914 5.41579 4.09639 3.00237 2.89983 3.47272 3.36868 2.88107 3.06701 2.38111 2.36069 1.97235 1.91499 1.65223 1.4805 1.26657 1.00993 0.834447 0.340664 0.463559
threshold=0.15000000000000005 69.100000000000009 8.0080743289018077 63.923525031144841 45.922364377683131 0 1 0.033908045977011504 272.55861165162281 0.088932806324110686 0.95000000000000007 185.68041699826958 2 20.385923333890229 2.4601422049922204 51.67245554959613 22.073303857924223 3 2.1500000000000008 22.285771066445054 4
decision_type=10 10 10 8 10 1 9 2 8 2 10 8 1 10 10 10 10 1 2 10 1
left_child=2 5 3 19 15 7 11 10 9 -5 -2 -7 13 -6 -9 -4 -8 -14 -10 -1 -21
right_child=1 -3 4 8 12 6 16 14 18 -11 -12 -13 17 -15 -16 -17 -18 -19 -20 20 -22
leaf_value=0 -0.0041257531455533326 12.741836851126719 0 0 -0.0030044914439147697 -0.0049218985883310393 -0.0068775091118751779 -0.03579587136949474 0 0.13855741130792765 1.7841416630814149 0.0981324982425123 -0.006233415709086536 -0.014402330858446817 1.0804588092359724 0.12823300482450847 2.8548472217061751 -0.002895141073864984 0 0 0
leaf_weight=30 166 31 20 386 460 195 738 20 80 41 47 291 79 35 73 28 22 25 367 118 40
leaf_count=30 166 31 20 386 460 195 738 20 80 41 47 291 79 35 73 28 22 25 367 118 40
internal_value=-0.00367937 -0.0012231 -0.00595031 -0.00770851 -0.00305012 -0.00156936 -0.0024159 0.00188346 -0.00653113 -0.00414936 -0.000829837 0.000237186 -0.00382681 -0.00256269 0.0082328 0.00642424 -0.00409332 -0.00864069 -0.00878038 -0.0130765 -0.0120251
internal_weight=3292 1583 1709 1062 647 1552 1246 306 874 427 213 486 599 495 93 48 760 104 447 188 158
internal_count=3292 1583 1709 1062 647 1552 1246 306 874 427 213 486 599 495 93 48 760 104 447 188 158
cat_boundaries=0 1 2 3 4 5
cat_threshold=4 28840 5 2 1
is_linear=0
shrinkage=0.04


Tree=25
num_leaves=25
num_cat=6
split_feature=0 6 5 21 22 39 39 31 19 0 25 26 31 4 24 20 24 24 2 26 0 23 22 6
split_gain=16.6903 5.68016 4.68403 3.14531 4.05387 2.9666 2.88961 2.97676 2.97464 2.92442 2.58476 2.21514 2.00426 1.9658 1.7518 1.49031 1.41322 1.39917 1.39197 1.13574 1.0206 0.860097 0.644471 0.132809
threshold=0 1.0000000180025095e-35 10.350000000000003 8.0080743289018077 0.8500000000000002 5.5000000000000009 34.300000000000004 1 12.372263660956024 2 217.80730764983772 91.652717965446314 3 7.1500000000000012 222.81585457968072 1.1253220419938241 239.13129536669314 87.976904401162884 4 207.25098160929835 5 2.4500000000000006 -1.0000000180025095e-35 16.700000000000003
decision_type=1 10 10 10 2 8 10 9 8 1 10 8 9 10 10 8 10 10 1 8 1 2 2 10
left_child=1 3 6 5 22 18 7 8 -2 14 -9 -7 16 20 -8 -11 21 -6 -1 -4 -14 -3 -5 -21
right_child=2 12 19 4 17 11 9 10 -10 15 -12 -13 13 -15 -16 -17 -18 -19 -20 23 -22 -23 -24 -25
leaf_value=0 -0.0051576655556632642 0.090853803748557185 4.439894493946932 0.00064924414818754881 -0.0056818327743387445 0 -0.016678446717202835 -0.003474776968577693 0.00041854715783040675 0.54841977758141258 0.098210972116008086 0 -0.006811770640087058 2.4088667524461362 0.10323721083315626 0.10251904928207278 -0.0096680545198502259 -0.0026552085868964959 0 4.5737452998899712 -0.0049061692801563696 0.26444911324477793 0.00035243766265363518 51.46467514321548
leaf_weight=106 421 66 20 22 54 195 156 369 150 44 209 414 110 24 109 406 20 34 64 21 245 20 20 20
leaf_count=106 421 66 20 22 54 195 156 369 150 44 209 414 110 24 109 406 20 34 64 21 245 20 20 20
internal_value=-0.00331817 -0.00662967 -0.00087684 -0.00854256 -0.00272243 -0.00950416 -0.00124256 -0.00248414 -0.00449442 0.000750872 -0.000403732 -0.00815397 -0.00316136 -0.0044507 -0.00252441 0.00268256 0.00168511 -0.00757542 -0.0142157 0.009888 -0.00532398 0.00409143 0.00731034 0.0136
internal_weight=3319 1394 1925 909 130 779 1864 1149 571 715 578 609 485 379 265 450 106 88 170 61 355 86 42 41
internal_count=3319 1394 1925 909 130 779 1864 1149 571 715 578 609 485 379 265 450 106 88 170 61 355 86 42 41
cat_boundaries=0 1 3 4 5 6 7
cat_threshold=1655683 695 141312 4208 790 1 590336
is_linear=0
shrinkage=0.04


Tree=26
num_leaves=21
num_cat=6
split_feature=5 39 17 2 17 29 31 23 22 22 24 19 31 32 29 14 22 14 8 8
split_gain=8.96345 5.36446 3.95745 3.81638 4.25145 3.95147 3.51622 3.43499 3.11449 2.88128 2.60737 2.43702 2.15932 2.16961 2.0243 1.89654 1.93989 1.89349 1.8098 1.02831
threshold=1.0000000180025095e-35 23.500000000000004 11.600000000000003 0 1.0000000180025095e-35 172.96692750000003 1 2.6500000000000008 -1.4499999999999997 0.45000000000000007 57.360410171732731 0.62318286527802991 2 3 172.95871750000001 4 -0.14999999999999999 5 5.3500000000000005 12.850000000000003
decision_type=10 10 10 1 10 2 9 2 2 2 8 8 9 9 2 1 2 1 10 8
left_child=1 3 7 12 5 -5 15 8 17 -10 14 -12 19 -14 -8 -3 -17 -2 -6 -1
right_child=2 6 -4 4 18 -7 10 -9 9 -11 11 -13 13 -15 -16 16 -18 -19 -20 -21
leaf_value=-0.0046845589575291412 -0.059557758825514465 -0.013320707441625803 18.217235153026362 0 0 0.14416112873543141 -0.009554474977309671 5.676015526763158 0.18264273390677388 -0.0097635328931730929 0.13301511485561054 -0.0068699473688521454 0.00026639645110483558 -0.0038082592268837345 0.0007181864286652307 -0.0096642436076247937 0.14712734835067209 -0.003217389107563431 -0.010667659997836251 0.0022134666690278239
leaf_weight=237 85 20 24 495 139 35 52 24 308 315 33 600 232 353 20 84 122 60 102 21
leaf_count=237 85 20 24 495 139 35 52 24 308 315 33 600 232 353 20 84 122 60 102 21
internal_value=-0.00355033 -0.00471942 9.54128e-05 -0.00611452 -0.00815275 -0.0101562 -0.00229276 -0.000400756 -0.000881092 0.000349079 -0.00365387 -0.00286525 -0.00423683 -0.00271249 -0.0108571 0.00201263 0.00326747 -0.00612969 -0.00370309 -0.00726531
internal_weight=3361 2545 816 1614 771 530 931 792 768 623 705 633 843 585 72 226 206 145 241 258
internal_count=3361 2545 816 1614 771 530 931 792 768 623 705 633 843 585 72 226 206 145 241 258
cat_boundaries=0 1 3 5 6 7 8
cat_threshold=2 8 221184 39 135168 26 4 2
is_linear=0
shrinkage=0.04


Tree=27
num_leaves=23
num_cat=6
split_feature=6 40 21 32 31 19 19 34 14 24 11 31 27 24 19 28 24 3 21 40 6 6
split_gain=5.95858 4.53857 4.0376 3.2103 2.40986 2.42666 2.35723 2.20945 2.69863 3.65834 2.18439 2.16984 1.98699 1.86953 1.69336 1.48585 1.33675 1.31314 1.30079 0.924574 0.921851 0.775031
threshold=10.250000000000002 0.075498575498575513 4.1189819269579173 0 1 2.6055436187273795 12.312319074224092 2 3 79.34502210890723 4 5 100.00000000000001 79.34502210890723 1.7586169226736392 -43.800774499999996 81.820673745551389 0.75000000000000011 5.9774736867402378 0.033908045977011504 18.100000000000005 16.700000000000003
decision_type=10 2 10 9 9 8 10 9 1 10 1 9 2 10 8 2 8 10 10 2 10 10
left_child=1 3 15 11 6 -6 -5 8 16 -10 13 14 -13 -9 -1 -2 -3 19 -12 21 -19 -4
right_child=2 7 17 4 5 -7 -8 10 9 -11 18 12 -14 -15 -16 -17 -18 20 -20 -21 -22 -23
leaf_value=0.11456356142609941 -0.39720800131457767 0.54226225907077297 -0.49150164934337198 0 0 -0.0026550892440628895 0.16048595814038918 0.14811946224210887 -0.012489230275410587 0.12734278216585732 -0.021759591173074071 0.032289377713927633 0 -0.01499534540651469 0.00037992542407739194 0.88278414141773953 0.14855356490285501 2.8861312097660674 -0.016628199601475373 2.788862493255607 31.529479489527969 1.3108977697006583
leaf_weight=27 35 27 21 395 481 976 46 27 90 150 114 96 340 74 80 36 63 38 115 34 33 21
leaf_count=27 35 27 21 395 481 976 46 27 90 150 114 96 340 74 80 36 63 38 115 34 33 21
internal_value=-0.00328204 -0.00373183 0.00308884 -0.00452733 -0.00529877 -0.00611372 -0.00251492 -0.000783069 0.00151684 -0.000654244 -0.00303953 -0.00169161 -0.00294525 0.00173659 0.00318987 -0.00466207 0.00740984 0.00685522 -0.00528416 0.00307097 0.010731 -0.000873563
internal_weight=3319 3101 218 2441 1898 1457 441 660 330 240 330 543 436 101 107 71 90 147 229 76 71 42
internal_count=3319 3101 218 2441 1898 1457 441 660 330 240 330 543 436 101 107 71 90 147 229 76 71 42
cat_boundaries=0 1 3 4 5 6 8
cat_threshold=88 2340 16896 18664 1 1 592 32768
is_linear=0
shrinkage=0.04


Tree=28
num_leaves=25
num_cat=5
split_feature=0 19 26 4 5 26 26 31 34 31 22 19 25 20 12 32 20 22 19 20 12 26 25 5
split_gain=9.80389 5.69398 4.4427 4.65219 3.73579 3.62139 2.83029 3.19474 3.11477 2.89866 1.7742 1.79767 1.74584 1.47822 1.39141 1.09071 1.53749 1.5094 1.08072 0.69363 0.541299 0.676648 0.410011 0.0780892
threshold=0 2.6055436187273795 30.958220511064585 4.2000000000000011 0.35000000000000003 56.342893244219745 306.43956781910981 1 2 3 -1.8499999999999999 1.195662903722424 72.241293165494156 5.0090279081115936 4.5000000000000009 4 5.5805817455157571 3.5500000000000003 3.8814329387676163 5.483384973003063 5.5000000000000009 330.45321897507739 125.82915335282803 2.5500000000000003
decision_type=1 10 10 10 10 10 10 9 9 9 2 10 8 10 2 9 10 2 10 10 2 10 10 10
left_child=6 4 19 5 10 -4 7 15 12 -10 22 -12 -9 -5 23 17 -17 -1 20 -3 -8 -22 -2 -6
right_child=1 2 3 13 14 -7 18 8 9 -11 11 -13 -14 -15 -16 16 -18 -19 -20 -21 21 -23 -24 -25
leaf_value=0.14757469675808538 0 0.00043469201668573377 -0.006605692818100568 0.12844282123946868 0.30012865417236417 -0.0028623195081298293 -0.032906861937821504 -0.0072507708213463218 -0.0046418512482775398 0.063736576667793157 0 -0.00011786450295664608 -0.0030496708296828602 24.125957358127238 -0.010947271338061171 -0.00096520167151279421 0.17615419786680775 0 0.00051770467533756919 0.00010620356976250634 -0.021492834650502068 -0.015699354446396255 -0.0025539685023349889 3.1204344826988102
leaf_weight=272 20 28 118 20 20 799 23 57 212 393 236 302 399 30 30 131 69 28 21 37 22 21 35 21
leaf_count=272 20 28 118 20 20 799 23 57 212 393 236 302 399 30 30 131 69 28 21 37 22 21 35 21
internal_value=-0.00223524 -0.00435608 -0.00251379 -0.00319876 -0.00726972 -0.00385193 -2.28985e-05 0.00036992 -0.000874592 0.00100243 -0.00830614 -0.00755885 -0.00333262 0.00850485 0.00135172 0.00296774 0.00055792 0.00448796 -0.00698305 0.00748872 -0.00945185 -0.0120899 -0.0151858 0.00607059
internal_weight=3344 1696 1032 967 664 917 1648 1561 1061 605 593 538 456 50 71 500 200 300 87 65 66 43 55 41
internal_count=3344 1696 1032 967 664 917 1648 1561 1061 605 593 538 456 50 71 500 200 300 87 65 66 43 55 41
cat_boundaries=0 1 3 4 6 7
cat_threshold=965642 1042 348160 15872 5 165888 5
is_linear=0
shrinkage=0.04


Tree=29
num_leaves=27
num_cat=5
split_feature=0 22 0 32 19 5 7 19 25 7 34 5 3 22 19 19 28 5 19 15 40 19 28 39 22 19
split_gain=8.15336 5.11055 3.09754 2.7461 2.8714 2.60045 3.20981 4.8476 2.44775 2.42927 2.34247 2.27444 2.20921 1.7831 1.63907 1.62468 2.73483 1.50175 1.39131 1.35292 1.19522 1.00053 1.49552 0.894489 0.840959 0.73724
threshold=0 -1.1499999999999997 1 2 9.5045432110010548 4.9000000000000012 0.55000000000000016 1.195662903722424 86.816782647240657 1.0000000180025095e-35 3 1.1500000000000001 0.15000000000000005 -1.3499999999999999 15.792174038067648 2.5560938124433559 -43.765219499999994 0.65000000000000002 6.9329356414946508 4 0.081666666666666679 8.8392925104229132 -43.606478999999993 354.26666666666671 -3.5499999999999994 10.354171704128118
decision_type=1 2 1 9 8 10 8 8 8 10 9 10 10 2 10 10 2 8 10 1 2 10 2 8 2 8
left_child=3 2 11 12 13 6 7 -3 14 -10 -8 24 21 -5 -6 17 -17 -4 -14 25 -15 23 -23 -1 -2 -7
right_child=1 5 15 4 8 19 10 -9 9 -11 -12 -13 18 20 -16 16 -18 -19 -20 -21 -22 22 -24 -25 -26 -27
leaf_value=-0.003781318913905487 -0.0084938516043804313 0 -0.0021027570925153329 0.00075371147124977608 -0.0030439964858906166 2.8302286991602226 -0.009012058021024956 4.7145801182679748e-06 0.00060586225201223701 0.015643993785318243 0.097043136276934575 0.95422964981733305 -0.0082640771390975233 -0.0050929767023454534 -0.0081862822185332362 0.00072654432930386648 -0.0024791388420373826 -0.082938590942121415 0.1895892224833044 -0.48393929172615646 0.07645562214815968 -0.014280467786491649 -0.0030186820426193251 0.00029187761969360791 -0.014781447640008594 21.242861609749422
leaf_weight=355 35 190 195 26 71 61 373 825 55 85 218 20 27 157 21 52 142 25 27 22 24 75 76 31 94 23
leaf_count=355 35 190 195 26 71 61 373 825 55 85 218 20 27 157 21 52 142 25 27 22 24 75 76 31 94 23
internal_value=-0.00140874 -6.03543e-05 -0.00336227 -0.00433797 -0.00181576 0.00102597 0.00062084 0.00198524 0.00119058 0.00450883 -0.00171814 -0.00808723 -0.00613776 -0.00526619 -0.00382888 -0.00140541 0.00121739 -0.0037833 0.00140541 0.00705116 -0.00667397 -0.00701578 -0.00982295 -0.00587871 -0.0105594 0.00933333
internal_weight=3305 2275 563 1030 439 1712 1606 1015 232 140 591 149 591 207 92 414 194 220 54 106 181 537 151 386 129 84
internal_count=3305 2275 563 1030 439 1712 1606 1015 232 140 591 149 591 207 92 414 194 220 54 106 181 537 151 386 129 84
cat_boundaries=0 1 2 3 4 5
cat_threshold=606268 300033 5 8000 1
is_linear=0
shrinkage=0.04


Tree=30
num_leaves=27
num_cat=5
split_feature=2 19 17 39 39 19 17 28 39 20 21 21 32 30 4 22 22 4 26 24 34 4 34 22 28 27
split_gain=6.36356 4.73647 8.13263 7.31704 4.11489 3.1414 3.36761 2.8156 2.73877 2.38113 2.12874 2.06462 2.04546 2.0136 1.80003 2.04108 1.77294 1.84335 1.69704 1.4603 1.38282 1.36538 1.03591 1.02931 0.909831 0.621463
threshold=0 1.3182220580015533 1.0000000180025095e-35 25.900000000000002 47.900000000000006 10.109359390233093 3.3500000000000001 -43.800774499999996 7.2500000000000009 0.88992920194353597 1.3757735141797978 5.6902410766654947 1 2 5.1000000000000005 1.3500000000000003 3.7500000000000004 2.9000000000000004 74.407269039032926 62.682912382566151 3 9.9000000000000021 4 1.5500000000000003 -43.613856999999996 221.00000000000003
decision_type=1 10 8 10 10 10 10 2 10 8 10 10 9 9 10 2 2 10 10 10 9 10 9 2 2 2
left_child=4 8 3 7 5 19 18 -3 9 25 13 -5 -11 -10 15 -4 17 20 -7 24 -6 -16 -21 -12 -1 -2
right_child=1 2 14 11 16 6 -8 -9 10 12 23 -13 -14 -15 21 -17 -18 -19 -20 22 -22 -23 -24 -25 -26 -27
leaf_value=-0.0026850130000151927 -4.5844114644566505e-06 8.8726084854613425e-05 -0.0011144368115270709 -0.0041958374610380749 0.1196148078055245 -0.0057806816594957941 5.1249410835488662 4.5259969135358344e-06 0.03782987251359067 2.3222466692693899e-05 -0.0051605948470116484 0.11408537548657691 -0.0021576115641834728 -0.0038083498942914321 11.038725668311331 -0.02411296928057844 0.68205403324546243 11.368573148929491 -0.0011375327697970405 -0.0031228651160147792 -0.0093028602291339267 -0.20053340038577744 -0.0039348768484998332 -0.013061878404144345 -0.0092940079273750708 0
leaf_weight=38 23 106 261 85 121 158 35 120 272 133 144 21 148 139 21 40 26 20 221 322 305 21 407 21 89 26
leaf_count=38 23 106 261 85 121 158 35 120 272 133 144 21 148 139 21 40 26 20 221 322 305 21 407 21 89 26
internal_value=-0.00126876 0.000567457 0.00310126 0.00755022 -0.00293547 -0.00411954 -0.00124669 0.0115956 -0.00132011 -0.00421719 0.000342857 -0.00109767 -0.00275398 0.00188606 -0.00121335 -0.00230744 0.000249208 -0.000353073 -0.00236005 -0.00550204 -0.000930994 0.0063908 -0.0047885 -0.00347147 -0.0094786 -0.0122376
internal_weight=3323 1581 675 332 1742 1270 414 226 906 330 576 106 281 411 343 301 472 446 379 856 426 42 729 165 127 49
internal_count=3323 1581 675 332 1742 1270 414 226 906 330 576 106 281 411 343 301 472 446 379 856 426 42 729 165 127 49
cat_boundaries=0 1 2 3 4 5
cat_threshold=2 25 7 18504 8888
is_linear=0
shrinkage=0.04


Tree=31
num_leaves=29
num_cat=4
split_feature=29 7 40 12 40 31 19 31 40 19 24 18 18 40 20 24 4 27 40 32 25 20 19 19 26 11 6 19
split_gain=7.67755 5.58234 8.67722 6.68744 4.24147 4.25218 3.3239 3.07691 3.10429 2.6078 2.49454 2.2513 2.01268 2.00841 1.9674 1.70653 1.67185 1.59759 1.60704 1.52314 1.43896 1.41393 1.28046 1.2436 1.47357 1.1014 0.867017 0.345802
threshold=172.84243420000004 0.15000000000000005 0.054093567251461992 6.5000000000000009 0.072751322751322761 0 1.2494502149231934 1 0.033908045977011504 7.3958494748559653 229.19137277982335 20.500000000000004 1.5000000000000002 0.057189542483660136 3.4847540931823091 83.300031805100573 4.4500000000000011 17.500000000000004 0.15075757575757578 2 233.4912055261143 0.93922154965324778 18.212759737472538 3.1577086657356328 173.20014255873596 3 6.1000000000000005 1.3182220580015533
decision_type=2 10 2 2 2 9 10 9 2 10 10 10 10 2 10 8 10 2 2 9 10 10 10 10 10 1 10 10
left_child=4 2 3 6 5 9 -2 23 16 15 17 13 -11 -7 21 -1 -9 18 -6 -19 -12 -4 -22 24 -3 -25 -10 -5
right_child=1 7 14 27 10 11 -8 8 26 12 20 -13 -14 -15 -16 -17 -18 19 -20 -21 22 -23 -24 25 -26 -27 -28 -29
leaf_value=-0.004737100966284373 8.6304462567348146e-05 -0.005007116631101525 1.8337645858679254e-07 -0.010836237198601389 0.15853466053732451 -0.0021815827419563406 7.4952925356068785e-05 -0.0045833240676297037 0.099959998602980535 -0.0044536406927375791 0.926580930604185 7.9258499378233527 0.0017220430310123903 -0.011867318115607973 0.019850992025842871 -0.0044047565595810847 2.5357648303907632 -0.021438107853762496 -0.08944711182507796 0.0035652291890447786 0.09993062569894369 -0.0070187486010655498 21.955668869424759 -0.18024377574670708 -0.029742246624739045 0.058814361704976385 10.071752508883744 -0.014169559860520486
leaf_weight=123 153 30 35 20 38 931 214 300 47 143 25 27 107 64 36 340 22 164 21 126 138 88 21 20 31 22 38 21
leaf_count=123 153 30 35 20 38 931 214 300 47 143 25 27 107 64 36 340 22 164 21 126 138 88 21 20 31 22 38 21
internal_value=-0.00146362 0.00131479 0.00404222 0.00712576 -0.00278387 -0.00374201 0.00884125 -0.00171652 -4.30108e-05 -0.006098 0.000333022 -0.00201064 -0.00285487 -0.00234621 -0.00385047 -0.00796125 -0.00184853 -0.00164907 0.00426446 -0.00287479 0.00408625 -0.006249 0.00260436 -0.00749345 -0.011808 -0.00271264 0.00668208 -0.00795294
internal_weight=3345 1077 567 408 2268 1735 367 510 407 713 533 1022 250 995 159 463 322 349 59 290 184 123 159 103 61 42 85 41
internal_count=3345 1077 567 408 2268 1735 367 510 407 713 533 1022 250 995 159 463 322 349 59 290 184 123 159 103 61 42 85 41
cat_boundaries=0 2 4 5 6
cat_threshold=183 135168 576 65536 5 1
is_linear=0
shrinkage=0.04


Tree=32
num_leaves=26
num_cat=7
split_feature=0 22 31 0 0 19 4 39 26 19 31 20 23 22 31 31 39 22 26 39 22 22 26 19 39
split_gain=7.1635 4.43954 4.6 3.49375 2.70486 2.6674 2.65169 2.80378 2.52178 2.1791 2.15667 2.08749 2.0727 1.91949 2.09282 1.75465 1.73703 1.62314 1.5406 1.39965 1.25054 1.2315 1.1631 0.717611 0.666781
threshold=0 -0.74999999999999989 1 2 3 2.5560938124433559 0.15000000000000005 6.8333333333333348 38.319329471233296 3.2985429611112935 4 3.7322533860423341 2.3500000000000001 4.3500000000000005 5 6 152.15000000000003 -0.94999999999999984 40.683732342851961 58.900000000000006 0.65000000000000002 -1.3499999999999999 45.922364377683131 6.2415081443942979 266.22500000000008
decision_type=1 2 9 1 1 10 10 8 8 10 9 10 2 2 9 9 10 2 8 10 2 2 8 10 10
left_child=6 3 4 16 19 10 13 23 12 -7 -5 -9 -4 14 22 -10 21 -16 -6 -3 -13 -2 -1 -8 -18
right_child=1 2 8 5 18 9 7 11 15 -11 -12 20 -14 -15 17 -17 24 -19 -20 -21 -22 -23 -24 -25 -26
leaf_value=-0.00024355698860469843 -0.010342410548554852 0.14734997354573476 9.8587686876498994e-05 -0.0063344502491134947 -0.0045330905272469128 0.14730189138939878 -0.0088463660192422116 -0.019934452468807144 -2.0211634948807954e-06 0.00018508741650713034 -0.00017742762908811826 2.6824581598187072 -2.0211634948807954e-06 0.00045540055663771282 8.2357612346033456e-05 -0.0074589826296921659 0.27322244477445429 -0.0034341572758930638 0.00025705741494233439 0.44859686590198428 0.13708685501661777 -0.0093825055709713476 -0.00547027018028917 -0.0065388867712599819 -0.036428728544835566
leaf_weight=22 137 180 48 128 48 26 23 25 432 165 244 30 47 32 100 390 20 280 408 64 35 83 318 33 21
leaf_count=22 137 180 48 128 48 26 23 25 432 165 244 30 47 32 100 390 20 280 408 64 35 83 318 33 21
internal_value=-0.00184942 -0.000708665 0.000505406 -0.00309873 0.00292059 -0.00121497 -0.0048796 0 -0.00135487 0.00258701 -0.0032075 0.00434973 0.00474611 -0.00588985 -0.00631739 -0.00208622 -0.00681835 -0.00387739 0.00102246 0.0062544 0.00809023 -0.00847856 -0.00864296 -0.00692174 0.000423529
internal_weight=3339 2441 1617 824 700 563 898 146 917 191 372 90 95 752 720 822 261 380 456 244 65 220 340 56 41
internal_count=3339 2441 1617 824 700 563 898 146 917 191 372 90 95 752 720 822 261 380 456 244 65 220 340 56 41
cat_boundaries=0 1 3 4 5 7 9 11
cat_threshold=606252 142608428 507904 39952 40064 24 237568 178 210944 274 14336
is_linear=0
shrinkage=0.04


Tree=33
num_leaves=25
num_cat=5
split_feature=0 40 30 20 25 40 34 26 0 29 23 25 25 25 34 29 39 23 18 18 24 20 23 25
split_gain=7.45396 2.51786 2.28123 2.05809 2.44126 1.99281 1.96045 1.98542 1.95237 1.55072 1.36142 1.66153 1.63657 1.19415 1.03895 2.47083 2.13238 0.94692 1.41221 0.929003 0.434247 0.41731 0.265018 0.479384
threshold=0 0.24404761904761907 1 6.0098152021107145 85.19536231615244 0.081666666666666679 2 308.89199582453563 3 172.70597200000003 2.3500000000000001 54.10522762507609 56.393211028116959 98.879924650980499 4 172.70597200000003 92.800000000000011 2.3500000000000001 13.500000000000002 1.5000000000000002 94.630641846960799 6.1344867486985173 2.3500000000000001 74.569263781487123
decision_type=1 2 9 8 10 2 9 10 1 2 2 8 8 10 9 2 10 2 8 10 10 8 2 10
left_child=3 2 17 5 10 9 8 -8 -4 20 11 -5 -12 -11 16 -16 -6 21 -19 -7 -1 -2 23 -3
right_child=1 22 6 4 14 19 7 -9 -10 13 12 -13 -14 -15 15 -17 -18 18 -20 -21 -22 -23 -24 -25
leaf_value=-0.006713825710962738 0.066899151159881001 0.03259815583948928 -0.0053284981195327145 0.0011751579776167632 -0.0063210865492758115 0.14199027429588182 7.5863531208106855e-05 -0.024077139594127425 -1.2303460092581986e-05 -0.00145731871116908 -0.0039992597806377365 -0.0048383835966618709 -0.00099088897668234924 -0.0048926782377200877 0.34132062555152048 -0.0018724519001429663 0.11461465567500623 1.3891716939490093 2.4732693802924044 -0.050447134220515721 -0.013365872093494815 -0.016446763584932265 0.47191357738141199 0.35821212901311256
leaf_weight=32 23 20 558 27 90 21 747 41 803 64 20 253 146 104 73 128 26 34 28 20 39 20 26 22
leaf_count=32 23 20 558 27 90 21 747 41 803 64 20 253 146 104 73 128 26 34 28 20 39 20 26 22
internal_value=-0.00189455 -0.000616242 -0.000850366 -0.00468279 -0.00363375 -0.00766607 -0.0011377 0.00044778 -0.00205319 -0.00905613 -0.00553743 -0.00723979 -0.00261493 -0.00683186 -0.000935636 0.000837647 -0.00374902 0.00461803 0.00815748 0.000423529 -0.0140414 0.000404494 0.0068777 0.00455172
internal_weight=3365 2322 2254 1043 763 280 2149 788 1361 239 446 280 166 168 317 201 116 105 62 41 71 43 68 42
internal_count=3365 2322 2254 1043 763 280 2149 788 1361 239 446 280 166 168 317 201 116 105 62 41 71 43 68 42
cat_boundaries=0 1 2 3 4 5
cat_threshold=606268 104 24448 298050 2240
is_linear=0
shrinkage=0.04


Tree=34
num_leaves=23
num_cat=3
split_feature=0 21 22 21 24 26 34 23 20 24 18 7 23 6 7 39 34 22 21 24 25 22
split_gain=7.53408 2.9319 2.08923 2.84045 1.87675 1.99052 1.88518 2.38474 1.8696 1.6737 1.53549 2.09733 1.8079 1.52043 1.65264 1.41284 1.35257 0.98224 0.781968 0.647693 0.499949 0.438548
threshold=0 4.2307797581348483 -2.0499999999999994 21.108101337276935 212.97369925583959 143.87319241622762 1 2.4500000000000006 1.0532715168207085 64.767612562581476 10.500000000000002 0.15000000000000005 2.1500000000000008 25.500000000000004 1.0000000180025095e-35 12.100000000000001 2 -0.14999999999999999 3.8977298104563411 274.59808923757231 234.51015429678333 -2.8499999999999992
decision_type=1 8 2 10 10 10 9 2 10 10 8 10 2 10 8 10 9 2 10 10 10 2
left_child=1 8 10 13 5 16 17 -8 -1 -7 11 12 -2 14 -4 -15 -3 -6 -13 20 -10 -12
right_child=2 4 3 -5 6 9 7 -9 19 -11 21 18 -14 15 -16 -17 -18 -19 -20 -21 -22 -23
leaf_value=0.0010584172149990323 0.0003656790681525912 -0.0012375619063177722 5.5680800723578729e-06 6.4020347971289269 -0.0012026360715733731 -0.002308681627577993 -0.0016726894248488477 0.58100501175544272 -0.0056572472622891824 -0.0034545000027744167 -0.079441723376805801 -0.0024352063555279991 -0.0041624413326691468 7.0601149805114458 -0.004896325731905655 -0.39257507349248272 -0.0033171493484557856 -0.01053838572791321 0.016815185108781491 -0.0068878872585253605 -0.03322424542728232 -0.17265181356939097
leaf_weight=21 26 230 999 39 45 20 104 49 50 45 27 56 139 28 879 25 342 71 37 26 46 20
leaf_count=21 26 230 999 39 45 20 104 49 50 45 27 56 139 28 879 25 342 71 37 26 46 20
internal_value=-0.00194798 -0.00473173 -0.000637656 -0.000161299 -0.00392066 -0.00510258 -0.00110166 0.00181155 -0.01009 -0.0116992 -0.00371289 -0.00245857 -0.00515315 -0.000381889 -0.000573557 0.00620183 -0.00432084 -0.0046902 0.00230688 -0.0119676 -0.0135179 -0.010268
internal_weight=3324 1049 2275 1970 906 637 269 153 143 65 305 258 165 1931 1878 53 572 116 93 122 96 47
internal_count=3324 1049 2275 1970 906 637 269 153 143 65 305 258 165 1931 1878 53 572 116 93 122 96 47
cat_boundaries=0 1 2 3
cat_threshold=606268 3648 19608
is_linear=0
shrinkage=0.04


Tree=35
num_leaves=26
num_cat=8
split_feature=0 31 31 40 0 0 34 25 32 25 21 19 8 17 39 22 34 26 20 20 4 39 39 4 20
split_gain=8.26116 4.2783 3.33823 3.32257 3.06111 2.28215 2.01336 1.95523 1.87941 1.90435 2.17359 1.76983 1.66314 1.62281 1.34208 1.31146 1.25825 1.23266 1.19813 2.00699 1.17762 1.24798 0.759478 0.498834 0.564767
threshold=0 1 2 0.14907407407407411 3 4 5 226.4970679361634 6 86.816782647240657 10.828847166733508 3.6134206895188266 5.3500000000000005 4.9500000000000011 300.55000000000007 0.65000000000000002 7 69.58420440191891 7.9554778526160899 11.596588000112211 1.7500000000000002 23.500000000000004 23.100000000000005 0.45000000000000007 2.3582517190277135
decision_type=1 9 9 2 1 1 9 8 9 8 10 10 10 10 10 2 9 8 10 8 10 10 8 10 8
left_child=1 14 4 5 20 6 -4 -7 18 11 -11 -10 17 16 23 -14 -6 -5 22 -20 21 -2 -3 24 -1
right_child=2 8 3 12 13 7 -8 -9 9 10 -12 -13 15 -15 -16 -17 -18 -19 19 -21 -22 -23 -24 -25 -26
leaf_value=-0.0055866803328707701 0.00025596220403462767 -0.0032981983695921716 -0.0061381796869965123 0.40877444425777448 0.00033181388118725508 -0.00053964991043065069 -0.0017636720600611433 8.3202545805249881e-05 -0.0037456077493255081 -0.001745489405154963 0.13157651912154253 -0.0022041505604757463 2.3873504135479595 3.4100151692359457 0.0066216249587622046 0.83749092114375945 -0.00460297916689246 -0.030820855613340258 0.028026832483388678 -0.0043821635205365441 4.3467881339157994 0.00043414639169800042 -0.011554571130783309 -0.039499730781841262 -0.0068482762792375423
leaf_weight=25 152 69 262 25 260 530 416 348 26 196 97 139 39 32 20 21 201 79 26 66 23 77 31 21 178
leaf_count=25 152 69 262 25 260 530 416 348 26 196 97 139 39 32 20 21 201 79 26 66 23 77 31 21 178
internal_value=-0.001767 -0.00503368 -0.00055643 -0.00152353 0.00166292 -0.00210465 -0.00382596 -0.000717257 -0.00320181 -0.00169968 0.000196944 -0.00515315 0.00385498 -0.000194252 -0.00954207 0.00907317 -0.000817297 0.000739336 -0.00647666 -0.00340107 0.0051537 0.00441649 -0.00983251 -0.0108115 -0.0114328
internal_weight=3359 894 2465 1720 745 1556 678 878 650 458 293 165 164 493 244 60 461 104 192 92 252 229 100 224 203
internal_count=3359 894 2465 1720 745 1556 678 878 650 458 293 165 164 493 244 60 461 104 192 92 252 229 100 224 203
cat_boundaries=0 1 3 5 6 7 8 9 10
cat_threshold=606252 546 196608 142623884 19456 1049233 10323 11776 4 11368
is_linear=0
shrinkage=0.04


Tree=36
num_leaves=28
num_cat=3
split_feature=0 34 19 19 4 26 20 8 24 40 7 8 32 24 40 5 5 29 25 23 26 28 20 24 18 5 6
split_gain=8.87724 3.3087 4.07282 3.88149 3.13944 2.30936 2.20848 2.86819 1.82518 1.64276 5.25647 3.62146 1.61034 1.60472 1.55636 1.42698 1.64851 1.38207 1.32482 1.09729 1.06785 1.04303 0.60375 0.515447 0.496083 0.333505 0.19709
threshold=0 1 4.2867964650855681 4.1881010692616538 4.4500000000000011 271.90946890986953 6.0098152021107145 15.300000000000002 73.355973427213868 0.054093567251461992 0.15000000000000005 0.75000000000000011 2 30.594026521954792 0.054093567251461992 1.8500000000000003 0.15000000000000005 172.70597200000003 272.55861165162281 2.2500000000000004 280.26017758935927 -43.629210999999991 3.2421854437512665 135.94218958500664 6.5000000000000009 1.3 0.15000000000000005
decision_type=1 9 8 10 10 10 8 10 8 2 10 10 9 8 2 10 10 2 10 2 10 2 10 10 10 10 10
left_child=6 2 9 5 14 13 17 8 24 10 -2 -11 -10 -3 -4 16 -5 20 19 -19 23 26 -7 -1 -8 -23 -9
right_child=1 3 4 15 -6 22 7 21 12 11 -12 -13 -14 -15 -16 -17 -18 18 -20 -21 -22 25 -24 -25 -26 -27 -28
leaf_value=-0.010942957293642622 0.00021068040190524328 -0.0077467875765671228 -0.010428091620499061 0.13787110804614855 15.471281811745184 -0.0059494638429815443 -0.0027259916375952289 0.00083924979054694759 0.00019833015231231601 -0.0067511402406636375 -0.0035231018089103652 0.12729880750316894 -0.0019565161203982662 1.9756418528587006e-05 -0.015803453816048217 1.9944672254352953 -0.024649291165114207 -0.0038765400538170879 -0.01056692941401117 -0.0016607034731207194 -0.0043805969333236662 0.39978922710140974 -0.041602876663421003 -0.016151705056298198 -0.015575688514400774 11.481298077632301 -0.1173045177377917
leaf_weight=37 266 25 343 141 38 25 179 20 196 103 234 94 614 414 164 29 27 51 41 137 28 23 32 35 21 21 20
leaf_count=37 266 25 343 141 38 25 179 20 196 103 234 94 614 414 164 29 27 51 41 137 28 23 32 35 21 21 20
internal_value=-0.00178538 -9.24737e-06 -0.00124292 0.00218311 -0.00383898 0.000317588 -0.00416731 -0.00332086 -0.003913 0.000770222 0.00199003 -0.0023073 -0.0030536 0.00131215 -0.0046765 0.00694207 0.00541593 -0.00707413 -0.00528416 -0.00378892 -0.0110148 0.0037193 -0.0071453 -0.0135782 -0.00733499 0.00786813 -0.000915663
internal_weight=3358 1935 1242 693 545 496 1423 1094 1010 697 500 197 810 439 507 197 168 329 229 188 100 84 57 72 200 44 40
internal_count=3358 1935 1242 693 545 496 1423 1094 1010 697 500 197 810 439 507 197 168 329 229 188 100 84 57 72 200 44 40
cat_boundaries=0 1 2 3
cat_threshold=606334 24448 24
is_linear=0
shrinkage=0.04


Tree=37
num_leaves=25
num_cat=8
split_feature=0 0 39 31 18 31 24 26 39 19 31 31 20 39 24 8 39 39 34 18 24 7 20 10
split_gain=9.13777 3.09432 3.25375 3.24167 3.59135 2.89308 2.67623 2.6152 2.46531 2.45746 2.41581 2.26525 2.29161 2.13501 3.46266 2.30462 1.98649 1.9075 1.81799 1.69441 1.50322 1.47343 1.47626 0.804593
threshold=0 1 22.225000000000005 2 12.500000000000002 3 289.25944250735944 43.372999151751834 113.20000000000002 15.792174038067648 4 5 4.9167857744108536 12.100000000000001 135.94218958500664 3.3500000000000001 29.633333333333336 342.70000000000005 6 17.500000000000004 85.686416773338422 5.3500000000000005 3.6327961430038593 7
decision_type=1 1 10 9 10 9 10 8 10 10 9 9 8 8 10 10 10 10 9 10 8 10 8 1
left_child=5 3 11 13 6 8 -5 23 21 17 -9 12 -3 15 -15 -2 -11 20 -13 -6 -7 22 -1 -4
right_child=1 2 7 4 19 9 -8 10 -10 16 -12 18 -14 14 -16 -17 -18 -19 -20 -21 -22 -23 -24 -25
leaf_value=-0.0040309416295702862 0.00047566751101072672 -0.0018659619032604269 0.91717944604550161 7.4955357208690283e-05 -0.48423335281514568 -0.0050365222542943398 -0.0058169148119513459 0.10879333089390063 0.17693301033127454 -0.0062175841568498317 -0.0077592814722072133 1.8966161787439261e-05 -0.0056612340746960404 -0.004738063073048018 0.033595457847102356 0.00026782404426681342 0.3224637141354994 0.051461184839751831 -0.0042818698338981422 -0.17416147723674841 -0.0055148999502103637 -0.03546054126377534 -0.001523140932702276 0.00060981792057631875
leaf_weight=44 85 82 27 390 29 170 118 240 35 30 380 293 181 73 154 48 23 28 288 51 271 32 257 21
leaf_count=44 85 82 27 390 29 170 118 240 35 30 380 293 181 73 154 48 23 28 288 51 271 32 257 21
internal_value=-0.00223124 -0.000954076 -0.00207286 0.000831683 -0.000997498 -0.0056772 0.0002316 0 -0.00273518 -0.00764386 -0.000704747 -0.00373507 -0.00676867 0.00376312 0.00147921 0.00786617 0.000330275 -0.00870988 -0.00219072 -0.00880982 -0.00935141 -0.00388042 -0.0029686 0.00884848
internal_weight=3350 2460 1512 948 588 890 508 668 368 522 620 844 263 360 227 133 53 469 581 80 441 333 301 48
internal_count=3350 2460 1512 948 588 890 508 668 368 522 620 844 263 360 227 133 53 469 581 80 441 333 301 48
cat_boundaries=0 1 2 4 6 8 10 11 12
cat_threshold=606252 1184513 134235555 137216 3161 51200 284 155648 689 6144 872 2
is_linear=0
shrinkage=0.04


Tree=38
num_leaves=25
num_cat=7
split_feature=0 22 20 6 31 31 22 20 25 34 4 0 20 34 31 39 25 7 19 23 22 39 26 8
split_gain=11.4754 4.25298 3.29865 3.64874 3.23757 3.15758 2.06236 2.43054 1.98477 1.63844 1.72376 1.45287 2.06993 1.624 1.35775 1.33605 1.44965 1.31641 1.19285 1.89319 1.05857 1.01723 0.789506 0.514721
threshold=0 -1.5499999999999998 6.8288233112895158 9.5000000000000018 1 2 -5.3499999999999988 11.171119102346497 57.095671623552114 3 0.15000000000000005 4 0.80201929496987345 5 6 65.90000000000002 222.4630973196015 4.9500000000000011 3.0198228849632498 2.3500000000000001 -0.84999999999999998 300.55000000000007 117.72042466010224 0.35000000000000003
decision_type=1 2 10 10 9 9 2 10 8 9 10 1 10 9 9 8 10 10 8 2 2 8 8 10
left_child=2 5 14 9 8 22 -7 -8 -3 10 -4 12 -6 -13 15 16 -1 -11 21 -20 -10 -16 -2 -24
right_child=1 4 3 -5 11 6 7 -9 20 17 -12 13 -14 -15 18 -17 -18 -19 19 -21 -22 -23 23 -25
leaf_value=-0.0016618077770979411 -0.003365393443013467 -0.013039839023650081 -0.0024110458163012359 9.2394535723456297 -0.0072096529506637096 0.5749250916402876 -0.0013985641466005561 -0.021025588157604851 0.00020890174489451852 -0.0029632667832604656 0.82258138036254425 -0.00046233428791342846 -0.0011318189478205908 0.00037317063641598483 -0.0078590786945965264 0.015542158205448065 -0.012501320651790469 -0.090065897430975358 -0.0040257115573036732 -0.0016648286978175975 0.43630021986612177 -0.0040191123950838129 -0.0070343076964108952 -0.024959894567010324
leaf_weight=69 35 30 136 39 40 24 254 37 36 361 26 483 360 751 75 28 40 43 150 96 134 22 26 47
leaf_count=69 35 30 136 39 40 24 254 37 36 361 26 483 360 751 75 28 40 43 150 96 134 22 26 47
internal_value=-0.00184178 -0.000201896 -0.00519653 -0.00326134 0.000630891 -0.00381154 -0.00152527 -0.00252308 0.00528605 -0.00408458 -0.000449568 2.30933e-05 -0.00203645 0.000704938 -0.0077217 -0.00335354 -0.00559276 -0.00538628 -0.00907757 -0.00774949 0.00721866 -0.0131777 -0.00935565 -0.0125906
internal_weight=3342 2257 1085 605 1834 423 315 291 200 566 162 1634 400 1234 480 137 109 404 343 246 170 97 108 73
internal_count=3342 2257 1085 605 1834 423 315 291 200 566 162 1634 400 1234 480 137 109 404 343 246 170 97 108 73
cat_boundaries=0 1 3 5 6 7 8 10
cat_threshold=606316 142606340 393216 608 75776 17544 1056896 5504 1544 83968
is_linear=0
shrinkage=0.04


Tree=39
num_leaves=25
num_cat=4
split_feature=0 31 31 24 22 21 22 24 24 8 20 24 27 5 22 16 8 19 24 29 6 17 24 19
split_gain=7.34153 4.26914 3.63373 2.86174 2.55423 2.53034 2.29954 2.30118 2.24203 1.90822 1.74886 1.59252 2.15344 1.45429 1.34836 1.33593 1.29027 1.35684 1.19681 1.17406 1.17354 1.0611 1.00167 0.788943
threshold=0 1 2 219.02356526311181 -2.3499999999999992 17.639211175278032 -1.8499999999999999 66.372566488291696 276.16947504761009 15.500000000000002 5.2038196018619347 227.93059838901434 135.00000000000003 0.35000000000000003 -0.6499999999999998 3 16.550000000000004 2.8160764342415283 82.529338704352611 172.76384585000002 0.65000000000000002 1.0000000180025095e-35 83.805369834790795 13.3192423260473
decision_type=1 9 9 10 2 10 2 8 8 10 10 10 2 10 2 1 10 8 10 2 10 8 10 10
left_child=2 8 16 4 21 6 15 -8 9 14 20 -5 -13 -7 -2 -3 17 22 -6 -11 -10 -4 -1 -19
right_child=1 5 3 11 18 13 7 -9 10 19 -12 12 -14 -15 -16 -17 -18 23 -20 -21 -22 -23 -24 -25
leaf_value=-0.0043688070279908333 -0.0030125406187390879 -0.006224190366552502 0.0013311826286657969 0.38676873894624053 -0.001464760682003341 -0.027009157876250783 -0.0088745887191907253 -8.9420760343905673e-06 -0.0039372172685767379 9.4555663887918087 -0.033566051573246478 0.099587972820431428 -0.0087237722325671646 -0.016269013912482623 0.00021088834373134802 0.00052271080553071062 1.2834864534561064e-06 -0.0041336113014609314 -0.0049656384917875582 0.70156428090239087 0.16385332544612033 -0.0022864446034012434 -0.0065058645819191345 -0.0031790002121565666
leaf_weight=27 158 172 30 21 288 33 161 786 217 20 25 121 69 20 437 22 38 316 132 58 66 21 47 97
leaf_count=27 158 172 30 21 288 33 161 786 217 20 25 121 69 20 437 22 38 316 132 58 66 21 47 97
internal_value=-0.00196187 -0.000557055 -0.00444645 -0.00241961 -0.00418624 -0.00215512 -0.0017663 -0.000946758 0.00138841 0.00269533 -0.00141519 0.00140235 0.000198433 -0.0106055 0.0019078 -0.00571867 -0.00696738 -0.007652 -0.00521471 0.0085283 -0.000485062 0.00415238 -0.0126887 -0.00670205
internal_weight=3382 2175 1207 682 471 1194 1141 947 981 673 308 211 190 53 595 194 525 487 420 78 283 51 74 413
internal_count=3382 2175 1207 682 471 1194 1141 947 981 673 308 211 190 53 595 194 525 487 420 78 283 51 74 413
cat_boundaries=0 1 3 5 6
cat_threshold=606332 411059506 114688 563 200704 1
is_linear=0
shrinkage=0.04


Tree=40
num_leaves=27
num_cat=4
split_feature=0 31 31 20 4 3 24 0 18 25 8 23 18 22 24 39 23 7 39 17 19 39 8 17 28 25
split_gain=6.12063 5.8756 3.84756 3.1278 2.76935 2.17589 2.60523 2.10878 2.23563 2.51738 2.24675 1.91289 1.84829 1.73742 1.73145 1.60059 1.57414 1.49214 1.10681 1.07395 1.69905 1.29429 1.09961 1.00637 0.945023 0.909618
threshold=0 1 2 17.288565318833733 5.1000000000000005 1.0000000180025095e-35 270.97645237272576 3 3.5000000000000004 125.82915335282803 9.0500000000000025 2.1500000000000008 7.5000000000000009 -2.1499999999999999 39.396473274580494 162.00000000000003 2.2500000000000004 0.95000000000000007 18.700000000000006 3.3500000000000001 11.026712036613826 152.15000000000003 0.35000000000000003 1.5000000000000002 -43.629210999999991 328.52712864842016
decision_type=1 9 9 10 10 10 10 1 10 8 10 2 10 2 10 10 2 10 10 10 8 10 10 10 2 8
left_child=2 19 7 5 11 6 -3 14 9 -9 -10 17 16 -13 18 -16 -5 -4 -1 21 24 25 -23 -7 -21 -2
right_child=1 3 4 12 -6 23 -8 8 10 -11 -12 13 -14 -15 15 -17 -18 -19 -20 20 -22 22 -24 -25 -26 -27
leaf_value=0.00026982254178157915 -0.005015408935882917 -0.0016848338125410934 0.0010876192712581734 -0.028091729085205765 15.065804267861813 -0.0069814648649862221 0.0026791873377176147 0.00039684873840817759 0.35913972076497458 -0.0051970888974512165 -0.0071162832921191216 -0.0049404363983757806 4.6451967359530002 -0.0040265433325193103 0.09645390458709896 0.72652752131320808 0.27910085778442756 -0.017802925002385665 -0.012055585870078147 -0.02799110286046581 2.077013175143001 0.12972270196411187 -0.055875706250959459 -0.39473308034841947 -0.13638324037600102 -0.0017908347762779721
leaf_weight=20 451 656 74 25 34 26 75 134 74 185 75 117 37 801 198 24 28 56 20 20 20 24 33 20 22 72
leaf_count=20 451 656 74 25 34 26 75 134 74 185 75 117 37 801 198 24 28 56 20 20 20 24 33 20 22 72
internal_value=-0.00208819 -0.00395791 -0.000503427 -0.00175071 -0.00201006 -0.00259216 -0.00204505 0.00172353 7.92492e-05 -0.00180343 0.00410631 -0.00239924 0.00522404 -0.00304296 0.00452651 0.00607606 0.000330275 0.00211407 -0.00284337 -0.00685233 -0.00185827 -0.00749441 -0.00167521 -0.0109053 -0.0063908 -0.00811821
internal_weight=3321 1509 1812 867 1082 777 731 730 468 319 149 1048 90 918 262 222 53 130 40 642 62 580 57 46 42 523
internal_count=3321 1509 1812 867 1082 777 731 730 468 319 149 1048 90 918 262 222 53 130 40 642 62 580 57 46 42 523
cat_boundaries=0 1 3 5 6
cat_threshold=1488515 551 200704 142624035 475136 1183745
is_linear=0
shrinkage=0.04


Tree=41
num_leaves=23
num_cat=4
split_feature=31 22 8 25 18 4 20 19 24 34 6 24 34 19 21 25 8 31 39 39 22 22
split_gain=4.71235 3.51524 3.46557 2.97252 2.80974 2.45399 3.68595 2.27912 2.56294 1.84559 4.77212 2.29947 1.69193 1.65871 1.46791 1.45984 1.35978 2.2778 1.43394 1.30835 0.827765 0.776235
threshold=0 -1.5499999999999998 44.750000000000007 106.82713977025146 4.5000000000000009 2.9000000000000004 4.3358405026060725 3.1577086657356328 75.125657085000014 1 0.15000000000000005 17.77645433092346 2 2.8909364697820359 4.0578400417116258 262.57642975273512 1.2500000000000002 3 6.4583333333333348 85.90000000000002 0.75000000000000011 -4.2499999999999991
decision_type=9 2 8 10 8 10 8 10 10 9 10 8 9 10 10 10 10 9 10 10 2 2
left_child=2 4 3 7 16 9 -7 14 -9 10 -3 -11 13 -5 -1 -14 17 -2 -18 21 -8 -6
right_child=1 5 -4 12 19 6 20 8 -10 11 -12 -13 15 -15 -16 -17 18 -19 -20 -21 -22 -23
leaf_value=-0.000910265531160821 -0.00043854480541311247 -0.0021203252155683927 9.9391995304321039 0.0011430889523354893 -0.029968274111328751 -0.6803672017271043 35.213156220784384 -0.00080087497260208809 -0.016975823834711152 0.00049081449403177047 0.51583035966786472 -0.003258209113080497 0.13642879015644424 -0.027471430552219456 0.0011198165100638135 0.00075319062471240988 0.0018026992675130062 -0.0044207347779378027 -0.0069479861476396468 -0.039094989905029909 0.6589233810503331 -0.093610852967342437
leaf_weight=250 126 259 26 60 20 28 33 132 127 62 98 1463 161 56 47 98 25 120 44 20 39 78
leaf_count=250 126 259 26 60 20 28 33 132 127 62 98 1463 161 56 47 98 25 120 44 20 39 78
internal_value=-0.0019084 -0.00284278 0.000472896 6.21984e-05 -0.00611738 -0.00213663 0.00392118 -0.00179013 -0.00452207 -0.00246244 0.000157395 -0.0030576 0.00281009 -0.00123922 0.000596315 0.00450277 -0.00410111 -0.00548687 0.000822695 -0.011364 0.00868027 -0.0132462
internal_weight=3372 2415 957 931 433 1982 100 556 259 1882 357 1525 375 116 297 259 315 246 69 118 72 98
internal_count=3372 2415 957 931 433 1982 100 556 259 1882 357 1525 375 116 297 259 315 246 69 118 72 98
cat_boundaries=0 2 3 4 6
cat_threshold=411061512 49152 24712 784 180 8192
is_linear=0
shrinkage=0.04


Tree=42
num_leaves=28
num_cat=8
split_feature=0 31 22 0 22 0 31 31 29 25 36 39 24 37 23 39 22 24 39 25 40 22 22 24 22 25 39
split_gain=6.20214 4.02406 3.22158 3.07505 2.67408 2.23067 2.08004 2.00829 1.7427 1.62009 1.61519 2.12003 3.46591 1.55668 1.50042 1.48926 1.8405 1.47155 1.46335 1.38043 1.32638 1.89197 1.31831 1.08265 0.931346 0.806278 0.606437
threshold=0 1 -1.5499999999999998 2 -0.74999999999999989 3 4 5 172.94631450000003 86.816782647240657 6 29.100000000000005 252.51962135047651 7 2.1500000000000008 67.90000000000002 -0.94999999999999984 83.058141172177827 322.20000000000005 52.130582842586115 0.1126984126984127 0.65000000000000002 -1.1499999999999997 69.520340774560182 -2.3499999999999992 212.23705021405041 13.100000000000001
decision_type=1 9 2 1 2 1 9 9 2 8 1 10 8 1 2 8 2 8 10 10 2 2 2 10 2 8 10
left_child=6 4 8 17 15 7 20 -6 9 -3 19 22 -13 -7 -5 16 -2 -4 -17 -8 24 -22 -12 -21 -1 -26 -10
right_child=1 2 3 14 5 13 10 -9 26 -11 11 12 -14 -15 -16 18 -18 -19 -20 23 21 -23 -24 -25 25 -27 -28
leaf_value=0.0005802924905230711 -0.0019867357320115355 -0.0093027097086486772 -0.013895129819279397 0.00022957483647729761 -0.0056846783739534249 -0.0010588859502994197 0.00098250762552989815 0.0024272574982861883 -0.0049448652738680113 -0.0045515559648740119 -0.0048710249244501473 0.38422304657019718 -0.020181403924049768 0.00093071392622901428 -0.0049455191274102367 0.10084641755373928 -0.0077033701446394074 0.15016309707269038 -0.026756099738559025 -0.010910608218329223 0.53574910614129168 -0.029324834571359128 -0.00077010191130526099 -0.0096404306555636764 -0.0020672330182068778 -0.001234667083462142 -0.025045285764050417
leaf_weight=37 242 42 73 74 118 101 25 276 20 144 34 27 23 376 526 68 43 162 26 44 27 28 129 301 207 161 28
leaf_count=37 242 42 73 74 118 101 25 276 20 144 34 27 23 376 526 68 43 162 26 44 27 28 129 301 207 161 28
internal_value=-0.00217571 -0.00100322 -0.00279315 -0.00164734 0.000537455 0.00176275 -0.00472072 -0.000488286 -0.00695541 -0.00510933 -0.00635492 -0.00310913 0.00384466 0.00355783 -0.00313655 -0.00225493 -0.00369284 0.00218256 0.0020733 -0.00806815 -0.00254083 0.00315044 -0.00545897 -0.00894084 -0.00338991 -0.004 -0.013697
internal_weight=3362 2319 1069 835 1250 871 1043 394 234 186 583 213 50 477 600 379 285 235 94 370 460 55 163 345 405 368 48
internal_count=3362 2319 1069 835 1250 871 1043 394 234 186 583 213 50 477 600 379 285 235 94 370 460 55 163 345 405 368 48
cat_boundaries=0 1 3 4 5 7 8 9 10
cat_threshold=606316 142623003 124928 269312 1444881 3269 59392 19 3 2
is_linear=0
shrinkage=0.04


Tree=43
num_leaves=19
num_cat=2
split_feature=0 22 29 22 26 34 17 39 8 22 17 8 6 40 20 20 22 22
split_gain=7.17321 3.00429 2.60655 2.21745 2.36026 1.95923 1.52353 2.11028 1.89523 1.65943 1.60636 1.31658 1.17561 1.83337 1.02022 0.948345 0.887687 0.582585
threshold=0 -0.74999999999999989 172.96692750000003 5.3500000000000005 306.43956781910981 1 1.3500000000000003 149.00000000000003 28.300000000000004 4.7500000000000009 1.1000000000000003 15.500000000000002 8.2500000000000018 0.064866760168302964 0.80201929496987345 18.278256349127243 1.2500000000000002 -1.6499999999999997
decision_type=1 2 2 2 10 9 8 10 10 2 10 10 10 2 8 10 2 2
left_child=6 2 12 4 5 -3 9 8 11 10 14 -8 15 -14 -1 -2 -6 -4
right_child=1 3 17 -5 16 -7 7 -9 -10 -11 -12 -13 13 -15 -16 -17 -18 -19
leaf_value=0.0021991246552320121 -0.0014996198584422515 -0.0034670320020097024 -0.050692837869103238 -0.022762720949079985 -0.010788406336081557 0.00096721422068682731 -0.027409665763361773 0.1617739368056349 0.092671014617310879 0.025280204007829141 0.062798886970942935 -0.28000161302576415 -0.047134803882615872 10.167107867733568 -0.0022887772288949291 -0.024361424071228797 0.00048434455807784717 -0.027102262335029048
leaf_weight=37 543 289 20 29 81 835 181 31 32 29 22 42 43 20 1007 25 34 25
leaf_count=37 543 289 20 29 81 835 181 31 32 29 22 42 43 20 1007 25 34 25
internal_value=-0.00184518 -0.000264894 -0.00241771 0.000880662 0.00114309 0.00170413 -0.00403447 -0.0066713 -0.00786745 -0.00337255 -0.00363279 -0.00916704 -0.00173597 0.00337984 -0.00386227 -0.00231431 -0.00427468 -0.0115699
internal_weight=3325 1944 676 1268 1239 1124 1381 286 255 1095 1066 223 631 63 1044 568 115 45
internal_count=3325 1944 676 1268 1239 1124 1381 286 255 1095 1066 223 631 63 1044 568 115 45
cat_boundaries=0 1 2
cat_threshold=614461 4868
is_linear=0
shrinkage=0.04


Tree=44
num_leaves=19
num_cat=3
split_feature=31 8 22 4 24 40 22 24 31 24 28 21 39 32 39 39 39 28
split_gain=4.48081 3.98715 2.88701 2.6172 2.54357 2.60005 2.3897 2.32253 2.44268 2.06997 2.05682 2.32617 2.0353 1.81612 1.18641 0.513203 0.3555 0.0274228
threshold=0 44.750000000000007 -1.5499999999999998 1.1000000000000003 14.481559048083005 0.14039408866995076 2.1500000000000008 259.40537901900205 1 216.95605357613434 -43.569017644999995 22.073303857924223 13.266666666666667 2 12.100000000000001 8.1666666666666696 8.8750000000000018 -43.790424999999992
decision_type=9 10 2 10 8 2 2 10 9 8 2 10 8 9 10 10 10 2
left_child=1 10 7 4 -4 -6 9 8 14 -5 11 13 -10 -1 -2 -9 -12 -17
right_child=2 -3 3 6 5 -7 -8 15 12 -11 16 -13 -14 -15 -16 17 -18 -19
leaf_value=-0.0025305070001603982 -0.0024315380199429093 6.2108995517623669 0.0006621057305075162 -0.032277765277266043 -0.003460776636276819 0.083495454279550074 -0.31171993068268394 -0.0055073359016434157 -0.0013755449539194409 2.656767994248022 -0.0023204979067628531 5.7470933336645222 -0.020439282990617331 0.00016703863409798459 0.10913421195240097 -0.018006723547544484 -0.0059771488541981556 -0.017661329908125901
leaf_weight=350 48 24 36 70 1385 152 21 23 106 71 20 23 107 809 57 20 29 23
leaf_count=350 48 24 36 70 1385 152 21 23 106 71 20 23 107 809 57 20 29 23
internal_value=-0.00195467 -4.57955e-05 -0.00306876 -0.00238295 -0.00288218 -0.00313162 0.00243425 -0.00622049 -0.00475117 0.00433684 -0.000371602 -3.21082e-05 -0.00702895 -0.000291254 0.000497854 -0.0130074 -0.00827723 -0.0156854
internal_weight=3374 1255 2119 1735 1573 1537 162 384 318 141 1231 1182 213 1159 105 66 49 43
internal_count=3374 1255 2119 1735 1573 1537 162 384 318 141 1231 1182 213 1159 105 66 49 43
cat_boundaries=0 2 4 5
cat_threshold=413157776 58368 13 67584 17
is_linear=0
shrinkage=0.04


Tree=45
num_leaves=24
num_cat=4
split_feature=0 26 24 19 23 7 12 24 11 0 26 34 24 25 25 25 39 19 19 26 26 12 12
split_gain=2.95397 4.2033 1.88061 2.02728 1.86817 2.07411 1.85235 1.44141 1.918 1.70096 4.45101 1.15597 1.01194 1.01735 1.00278 2.10073 0.955593 0.892667 0.699393 0.716608 0.635864 0.518062 0.0809446
threshold=0 305.57175291312745 270.97645237272576 2.9385452961024483 2.3500000000000001 0.25000000000000006 6.5000000000000009 17.77645433092346 1 2 114.58991746681927 3 276.16947504761009 328.52712864842016 76.572815104527237 115.13343044919971 9.5000000000000018 6.3236727126912644 2.7566328510106906 316.37782562870524 347.20206306123589 4.5000000000000009 4.5000000000000009
decision_type=1 10 10 8 2 10 2 8 1 1 10 9 10 10 10 10 8 10 10 10 10 2 2
left_child=2 7 3 14 5 -5 -6 8 -2 10 -9 -11 -4 17 21 -16 20 -14 19 -18 -3 -1 -10
right_child=1 16 12 4 6 -7 -8 9 22 11 -12 -13 13 -15 15 -17 18 -19 -20 -21 -22 -23 -24
leaf_value=-0.0046672364519991663 -0.0075665980284468403 -0.006322772011295115 0.12905973022363548 -0.0018666767331420786 -0.0010858101900961081 -0.016007002408294967 0.97778699041651695 -0.012997306741684049 0.10054500627541912 -6.0061899623082836e-05 0.469514988926515 -0.0030603133573129781 -0.0048942824757589425 0.0013457630256678676 0.00033923328866489302 -0.006468207864913378 -0.00095204173626058271 0.14953836142611715 -0.0040078836327690579 -0.024176972377767107 0.00089418904215190055 -0.0045222207804640749 0.00046696053808382488
leaf_weight=22 37 35 22 305 288 230 43 147 25 660 143 949 69 22 55 96 21 21 30 59 21 33 28
leaf_count=22 37 35 22 305 288 230 43 147 25 660 143 949 69 22 55 96 21 21 30 59 21 33 28
internal_value=-0.00196818 -0.0010607 -0.00354661 -0.00413414 -0.00327147 -0.00473066 -0.000896241 -0.00055162 0.00434973 -0.000788214 0.00198342 -0.00129466 0.000870849 -0.000687225 -0.0077012 -0.00588852 -0.00715224 -0.00260109 -0.00930942 -0.0112638 -0.00274783 -0.012354 0.00913761
internal_weight=3361 2155 1206 1072 866 535 331 1989 90 1899 290 1609 134 112 206 151 166 90 110 80 56 55 53
internal_count=3361 2155 1206 1072 866 535 331 1989 90 1899 290 1609 134 112 206 151 166 90 110 80 56 55 53
cat_boundaries=0 1 2 3 4
cat_threshold=608428 2 135168 232
is_linear=0
shrinkage=0.04


Tree=46
num_leaves=21
num_cat=9
split_feature=0 4 32 25 25 21 25 10 26 0 30 39 0 25 34 24 33 37 39 28
split_gain=4.7471 2.28704 1.60716 3.41391 3.07402 2.7774 1.77461 1.51922 1.49473 2.40539 2.33116 2.00235 3.20158 2.56321 1.68891 1.28158 1.08316 1.16773 0.710755 0.670941
threshold=0 4.2000000000000011 1 239.23815167238266 221.7871157844888 18.031913791137562 262.57642975273512 2 198.22223478016886 3 4 7.2500000000000009 5 291.30962700181914 6 318.39429424509649 7 8 160.60000000000005 -43.622646499999995
decision_type=1 10 9 10 10 10 10 1 10 1 9 8 1 10 9 10 1 1 10 2
left_child=1 15 3 4 5 -2 18 -8 9 14 -11 13 -13 -10 -4 16 17 -1 -5 -6
right_child=2 -3 8 6 19 -7 7 -9 11 10 -12 12 -14 -15 -16 -17 -18 -19 -20 -21
leaf_value=-0.00084113707088913966 0.00063276234307231506 18.150698445556241 -0.00079380063790967625 0.74236772489439773 -0.10969605093761813 -0.077465540319679851 0.19899446420364722 -0.0051196778144622888 -0.0025383353911704633 0.00046079784188838955 -0.0039874787049801342 -0.024618528151448906 -0.0048554278510653864 0.001578858475936844 0.00096897095978661703 -0.013009279691188542 0.57687835264006637 -0.0040159368390058955 0.27517000096824257 -0.028652919100810584
leaf_weight=242 373 28 113 54 26 21 37 28 113 296 627 117 356 42 158 30 23 621 20 21
leaf_count=242 373 28 113 54 26 21 37 28 113 296 627 117 356 42 158 30 23 621 20 21
internal_value=-0.00183958 -0.00422606 -0.000877564 0.000943364 -0.000763842 0.000399494 0.00639146 0.00147368 -0.00146059 -0.000634044 -0.001603 -0.00304686 -0.0043372 0.000881789 0.00261239 -0.00461907 -0.00432451 -0.00455523 0.0105695 -0.010268
internal_weight=3346 944 2402 580 441 394 139 65 1822 1194 923 628 473 155 271 916 886 863 74 47
internal_count=3346 944 2402 580 441 394 139 65 1822 1194 923 628 473 155 271 916 886 863 74 47
cat_boundaries=0 1 2 3 4 5 6 7 8 9
cat_threshold=1130600 24 2 33424 70 33296 2272 1 4
is_linear=0
shrinkage=0.04


Tree=47
num_leaves=20
num_cat=2
split_feature=0 22 21 29 34 26 27 18 22 40 3 6 22 40 26 21 21 12 22
split_gain=3.34069 3.17344 3.20625 2.26158 2.06472 1.92217 1.89044 1.72805 1.44053 1.42078 1.60729 1.44319 1.41062 1.39507 1.75106 1.88643 0.818509 0.545464 0.41828
threshold=0 -1.4499999999999997 22.073303857924223 172.96692750000003 1 45.922364377683131 280.50000000000006 1.0000000180025095e-35 0.65000000000000002 0.081666666666666679 0.95000000000000007 7.7500000000000009 2.4500000000000006 0.16064516129032261 266.70851435000003 4.2307797581348483 6.1087941605683698 5.5000000000000009 -0.34999999999999992
decision_type=1 2 10 2 9 8 2 10 2 2 10 10 2 2 10 10 10 2 2
left_child=9 3 4 5 8 -2 -7 -6 -3 10 11 12 -1 14 15 -11 -13 -12 -15
right_child=1 2 -4 -5 7 6 -8 -9 -10 13 17 16 -14 18 -16 -17 -18 -19 -20
leaf_value=-0.0017557620158781973 -0.014010236117567061 0.048116364114110868 14.491859525156551 -0.033844817819887116 0.00019128379871290237 -0.0027605305938484472 0.090094310456437635 -0.0082809956348176613 -0.0011765136670747012 -0.026671606781922163 4.1705608919180772 -0.48820236652366844 -0.0052937961782280139 -0.065770574270015592 0.42547415087633816 0.058279236764989618 -0.3774882255448988 -0.00081171887473072244 -0.008960655988400781
leaf_weight=782 23 254 39 23 583 376 36 594 182 28 21 28 142 25 27 111 25 23 20
leaf_count=782 23 254 39 23 583 376 36 594 182 28 21 28 142 25 27 111 25 23 20
internal_value=-0.00160251 -0.000621259 0.000192319 -0.00356474 -8.54754e-05 -0.00288202 -0.00222007 -0.000957509 0.00223017 -0.00324729 -0.00389046 -0.00422892 -0.00384441 -0.000272941 0.0014209 -0.000412811 -0.0106055 0.00347253 -0.0064086
internal_weight=3342 2110 1652 458 1613 435 412 1177 436 1232 1021 977 924 211 166 139 53 44 45
internal_count=3342 2110 1652 458 1613 435 412 1177 436 1232 1021 977 924 211 166 139 53 44 45
cat_boundaries=0 1 2
cat_threshold=82109 26696
is_linear=0
shrinkage=0.04


Tree=48
num_leaves=26
num_cat=3
split_feature=38 29 6 31 40 17 31 6 21 20 24 39 20 7 3 25 39 21 24 3 25 40 12 5 4
split_gain=2.38813 2.75383 2.46311 3.51299 3.12079 2.72559 2.6751 2.57545 2.10921 2.09515 1.92452 1.90395 1.77715 1.5211 1.83362 1.48605 1.42212 1.28073 1.09039 0.924511 0.82519 0.58012 0.544684 0.973119 0.961631
threshold=0 172.92905200000004 6.5500000000000016 1 0.033908045977011504 3.5000000000000004 2 8.8500000000000032 20.528228721827411 13.130980904746288 304.7858294932683 85.90000000000002 10.478008458656399 1.0000000180025095e-35 0.15000000000000005 62.744165488123265 331.36666666666673 4.0967179832765046 135.94218958500664 0.15000000000000005 80.811546043736669 1.0000000180025095e-35 4.5000000000000009 9.7000000000000011 0.35000000000000003
decision_type=1 2 10 9 2 8 9 10 10 10 10 8 10 8 10 10 8 10 8 10 10 2 2 10 10
left_child=1 10 5 22 7 6 8 -5 -2 -8 12 13 16 17 -15 -14 -1 -3 20 -6 -7 -20 23 -4 -24
right_child=2 11 3 4 19 18 9 -9 -10 -11 -12 -13 15 14 -16 -17 -18 -19 21 -21 -22 -23 24 -25 -26
leaf_value=-0.0022882304218310523 -0.0025663624016528 -0.00011174224923941268 1.2885489769946736 0.40574503969904885 -0.52491021190337606 -0.031609423736303217 -0.0007718745996344367 -0.54183765618315949 -0.036537030778159119 0.12096661504222736 -0.01683050935202143 0.1368250504050825 -0.00077925011974148365 -0.016770424366048219 0.31538066694724265 -0.016961923112912097 0.083924901061536675 0.00097662156974742242 -0.0077985203439948237 5.2716131735882703 -0.13407929213736708 -0.17010878158129511 0.087668282270183195 -0.32370661584256633 18.762312673397567
leaf_weight=208 868 51 25 37 21 22 1245 65 32 230 35 23 33 44 22 131 24 22 31 36 21 20 23 20 36
leaf_count=208 868 51 25 37 21 22 1245 65 32 230 35 23 33 44 22 131 24 22 31 36 21 20 23 20 36
internal_value=-0.00184518 -0.00413234 -0.00132604 0.00233648 -0.0015132 -0.00172354 -0.00145508 -0.00577778 -0.00315743 -0.000388833 -0.00586821 0.000232416 -0.00502642 -0.0015516 -0.0058963 -0.00820544 -0.00273233 0.00238926 -0.00835602 0.00577778 -0.0129888 -0.00415238 0.00760173 0.00468817 0.010876
internal_weight=3325 593 2732 263 159 2469 2375 102 900 1475 431 162 396 139 66 164 232 73 94 57 43 51 104 45 59
internal_count=3325 593 2732 263 159 2469 2375 102 900 1475 431 162 396 139 66 164 232 73 94 57 43 51 104 45 59
cat_boundaries=0 1 3 5
cat_threshold=2 268452032 102400 21126 462848
is_linear=0
shrinkage=0.04


Tree=49
num_leaves=26
num_cat=6
split_feature=0 31 26 5 31 7 26 0 24 34 7 28 26 17 8 7 27 17 0 39 23 24 8 39 24
split_gain=3.48323 3.38472 3.14865 3.83279 1.63603 2.31615 1.94379 1.89377 1.87945 1.87692 2.58268 1.36681 1.35034 1.44936 1.96726 1.3437 1.27518 1.19577 1.14362 0.980324 0.916558 0.887326 0.677907 0.668106 0.254213
threshold=0 1 223.46309442473833 0.75000000000000011 2 2.6500000000000008 45.922364377683131 3 88.49761052868395 4 22.700000000000006 -43.629210999999991 317.30132886519488 6.9000000000000012 33.70000000000001 13.250000000000002 155.00000000000003 0.35000000000000003 5 12.350000000000001 2.1500000000000008 287.64414611191438 22.900000000000002 93.500000000000014 297.32416297113696
decision_type=1 9 10 10 9 8 10 1 10 9 10 2 10 8 10 10 2 10 1 10 2 10 10 8 10
left_child=1 2 15 21 5 6 19 -8 -7 10 18 20 13 14 -3 17 -10 -1 -6 -2 -11 -4 -17 -13 -14
right_child=4 12 3 -5 9 8 7 -9 16 11 -12 23 24 -15 -16 22 -18 -19 -20 -21 -22 -23 -24 -25 -26
leaf_value=-0.0025494977642076932 0.00062593515237487909 0.00068908694866143705 0.0011691810344812304 9.5888198738422883 -0.0016776196890546657 -0.019471243963499633 -0.0022580364569558318 0.00044655656220221829 0.014770546103076826 -0.018128094048245381 9.9524712722524633 -0.0069418065344556195 -0.025369964636701568 -0.26968084429119882 4.3554660169720423 1.0341943869904895 -0.072253498724400386 -0.022376015466200237 -0.0041819987506743848 0.18958849784114873 -0.0020358785441870709 -0.0035537892877003864 -0.2879735988685968 -0.0041183602243947707 -0.002404356115862605
leaf_weight=271 29 846 98 31 241 40 248 219 51 37 20 206 20 27 24 20 39 177 284 21 227 52 21 50 21
leaf_count=271 29 846 98 31 241 40 248 219 51 37 20 206 20 27 24 20 39 177 284 21 227 52 21 50 21
internal_value=-0.00202258 -0.000665638 -0.00281438 0.00163288 -0.00327125 -0.00160668 -0.000420444 -0.00123372 -0.00637262 -0.00425267 -0.00247619 -0.00601693 0.00088257 0.00122204 0.00151234 -0.00452192 -0.00303825 -0.00515684 -0.00307312 0.00695146 -0.00406026 -0.0010429 0.00230588 -0.00822524 -0.00607059
internal_weight=3320 1608 670 181 1712 647 517 467 130 1065 545 520 938 897 870 489 90 448 525 50 264 150 41 256 41
internal_count=3320 1608 670 181 1712 647 517 467 130 1065 545 520 938 897 870 489 90 448 525 50 264 150 41 256 41
cat_boundaries=0 1 3 5 6 7 8
cat_threshold=955939 1125 47104 75500625 57344 1065176 4568 1073232
is_linear=0
shrinkage=0.04


Tree=50
num_leaves=19
num_cat=5
split_feature=0 3 31 22 19 22 17 31 20 32 24 38 22 26 39 19 17 19
split_gain=4.30003 3.51034 3.05838 2.57722 2.31219 2.18225 1.97107 1.90668 2.21039 1.87646 1.75039 1.69089 2.43031 1.66283 1.93609 1.52465 0.628248 0.0247439
threshold=0 1.5500000000000003 1 4.7500000000000009 0.652594410669046 -2.3499999999999992 3.3500000000000001 2 7.3754553950807615 3 199.83013606676977 4 -1.0499999999999998 66.646086167515719 8.8750000000000018 0.77268691556758129 0.35000000000000003 0.44915354517943806
decision_type=1 10 9 2 8 2 10 9 8 9 10 1 2 10 10 8 10 10
left_child=3 2 4 5 17 13 -6 9 -9 -7 -3 12 -4 16 -15 -13 -1 -2
right_child=1 10 11 -5 6 7 -8 8 -10 -11 -12 15 -14 14 -16 -17 -18 -19
leaf_value=0.0001854069869661501 0.070120781369797117 0.20260236548036686 -0.025981519885847001 0.14290600475320445 0.00066152347071499304 -0.0030196228941314017 -0.084542969433757914 -0.0044834682504776777 -0.0045102810036001988 -0.00032963118896541134 19.673874215690343 -0.0048331423831240988 -0.0052799520351198125 0.0037480803671029149 -0.0045861812766204582 -0.002256574502108677 -0.0096041059714268157 0.17837028885729087
leaf_weight=33 20 35 37 30 532 269 57 295 312 338 33 100 147 25 22 990 24 22
leaf_count=33 20 35 37 30 532 269 57 295 312 338 33 100 147 25 22 990 24 22
internal_value=-0.00200391 -0.000795163 -0.00112143 -0.0037352 0.00114864 -0.00403031 0.000504657 -0.00450679 -0.00610833 -0.00274535 0.00802878 -0.00223882 -0.00571867 0.00149763 0.00696907 -0.00159601 -0.00304274 0.010069
internal_weight=3321 1973 1905 1348 631 1318 589 1214 607 607 68 1274 184 104 47 1090 57 42
internal_count=3321 1973 1905 1348 631 1318 589 1214 607 607 68 1274 184 104 47 1090 57 42
cat_boundaries=0 1 3 5 6 7
cat_threshold=1655148 411042570 25600 2985 102400 6 2
is_linear=0
shrinkage=0.04


Tree=51
num_leaves=19
num_cat=5
split_feature=31 4 24 39 29 39 9 31 31 20 20 9 12 8 24 39 5 23
split_gain=2.54231 2.82605 2.49663 2.0407 2.01743 1.55138 1.54052 2.09808 1.98208 1.22225 1.45303 1.85177 1.03231 1.00077 0.456841 0.41217 0.311217 0.132955
threshold=0 1.0000000180025095e-35 328.24296034316643 19.450000000000003 172.92905200000004 905.50000000000011 1 2 3 2.3387276990075279 4.6363077706946596 4 6.5000000000000009 17.700000000000006 231.68116668545119 12.100000000000001 1.8500000000000003 2.2500000000000004
decision_type=9 10 10 10 2 10 1 9 9 8 8 1 2 10 10 10 10 2
left_child=1 9 5 4 -4 6 7 -2 -8 13 14 -12 -7 15 -11 -1 -3 -5
right_child=2 16 3 17 -6 12 8 -9 -10 10 11 -13 -14 -15 -16 -17 -18 -19
leaf_value=-0.00098465511073243307 -0.0089125199004058339 0.233548929512611 -0.004360239474353946 -0.0098291521948205771 0.0013361847962768359 0.13335886462395397 -0.0047920241583925714 -0.00099745326493135174 -0.0022132181702011876 0.0027130342640516859 -0.0042894757454935827 0.001562358994797286 -0.022770374005925617 0.0054892423059022203 0.0010049319772629417 -0.008788564746956648 4.8546790237628876 -0.024764640425124967
leaf_weight=21 240 20 28 20 26 28 541 1250 759 37 117 98 26 20 29 20 26 21
leaf_count=21 240 20 28 20 26 28 541 1250 759 37 117 98 26 20 29 20 26 21
internal_value=-0.00214451 0.00089612 -0.00254126 -0.00889119 -0.00356757 -0.00233281 -0.00246391 -0.00158096 -0.00347138 -0.000343523 0.000771681 -0.000822171 0.00428829 -0.005408 0.0058963 -0.00889412 0.0100632 -0.0154824
internal_weight=3327 388 2939 95 54 2844 2790 1490 1300 342 281 215 54 61 66 41 46 41
internal_count=3327 388 2939 95 54 2844 2790 1490 1300 342 281 215 54 61 66 41 46 41
cat_boundaries=0 1 2 3 5 6
cat_threshold=402669952 1 1060 75499616 477184 1
is_linear=0
shrinkage=0.04


Tree=52
num_leaves=24
num_cat=2
split_feature=38 4 21 21 21 32 22 21 6 29 22 26 28 4 22 21 28 7 26 19 26 7 26
split_gain=2.83627 2.98576 2.37056 2.33703 2.12283 2.52576 2.78592 2.04823 1.76569 1.71778 1.61277 1.57398 1.16744 0.992037 0.924407 0.915684 1.67473 0.973154 0.762406 0.720006 0.646245 0.500559 0.455546
threshold=0 3.0500000000000003 3.0593034617577097 12.165193695049551 20.064228210530622 1 3.2500000000000004 13.855295867512856 0.75000000000000011 172.91351650000004 -0.84999999999999998 88.377654505832524 -43.765219499999994 1.2500000000000002 -0.84999999999999998 13.277439540317134 -43.578037434999992 0.55000000000000016 75.217205850298043 9.9495236195660457 114.58991746681927 5.3500000000000005 73.343416082682253
decision_type=1 10 10 10 10 9 2 10 10 2 2 10 2 10 2 10 2 10 10 10 10 10 10
left_child=2 4 10 9 5 6 -2 -7 15 14 -1 18 20 21 -3 16 -4 -17 -6 -15 -12 -10 -14
right_child=1 3 8 -5 11 7 -8 -9 13 -11 12 -13 22 19 -16 17 -18 -19 -20 -21 -22 -23 -24
leaf_value=-0.0069453947113372293 -0.00045566906831961517 6.7560288752230999 -0.0031191260794445519 26.38031809845701 -0.010946453896449101 -0.0026381864928487174 0.1314027561508401 0.00097332284814367399 -0.03202871401185 3.8094963546850384 0.26918987122292393 -0.042163764007659206 -0.005791087736047835 -0.032569671650772743 -0.55842916776624307 -0.013483710199015491 0.18154921170554136 -0.0023155882416849849 -0.051957957719457472 -1.1157650302118745 0.00054423825769749361 -0.11359574417217218 0.017797762485527554
leaf_weight=29 555 23 252 39 23 1649 68 255 25 26 23 39 29 23 31 70 24 26 34 20 43 34 20
leaf_count=29 555 23 252 39 23 1649 68 255 25 26 23 39 29 23 31 70 24 26 34 20 43 34 20
internal_value=-0.0022603 -0.0016844 -0.00469897 0.00446473 -0.00197295 -0.00174728 0.000469661 -0.00246306 -0.0061367 0.000466258 -0.000261168 -0.00777436 0.00187124 -0.0108019 -0.00356757 -0.00481392 -0.0035964 -0.00818462 -0.0119316 -0.00579775 0.0053037 -0.0141818 -0.00273267
internal_weight=3360 2742 618 119 2623 2527 623 1904 474 80 144 96 115 102 54 372 276 96 57 43 66 59 49
internal_count=3360 2742 618 119 2623 2527 623 1904 474 80 144 96 115 102 54 372 276 96 57 43 66 59 49
cat_boundaries=0 1 2
cat_threshold=2 24
is_linear=0
shrinkage=0.04


Tree=53
num_leaves=15
num_cat=3
split_feature=7 23 26 8 34 36 32 21 21 21 20 7 19 27
split_gain=2.57061 1.7339 2.49038 2.09058 1.29563 1.3266 1.76732 1.6734 1.17042 1.3676 0.912521 1.39965 0.849154 0.643561
threshold=69.100000000000009 2.2500000000000004 25.321384143848977 0.15000000000000005 0 1 2 4.2307797581348483 16.911482923675226 10.628061128396523 1.2170448679926424 2.9500000000000006 17.013374857031128 280.50000000000006
decision_type=10 2 8 10 9 1 9 10 10 8 8 10 10 2
left_child=1 2 3 -1 10 7 -7 -6 9 -4 13 -12 -10 -3
right_child=-2 4 8 -5 5 6 -8 -9 12 -11 11 -13 -14 -15
leaf_value=-0.00041118858525056366 8.7719373878530469 -0.0042104556079201848 -0.0038185438754378253 0.5522401531115374 -0.0023056438526485932 0.00051006720653937524 -0.0052437279956859409 0.00096986430532389537 -0.0099067941675096104 -0.0020943142658362748 -0.0016419658779085822 -0.031055945398090687 -0.016611734372454095 -0.0066633963402858145
leaf_weight=23 26 68 475 20 338 217 278 644 72 433 471 147 62 23
leaf_count=23 26 68 475 20 338 217 278 644 72 433 471 147 62 23
internal_value=-0.002067 -0.00216898 -0.00347722 0.00579775 -0.0015168 -0.000818273 -0.00248371 3.82486e-05 -0.00386967 -0.0033403 -0.00291187 -0.00238579 -0.00736531 -0.00668108
internal_weight=3297 3271 1085 43 2186 1477 495 982 1042 908 709 618 134 91
internal_count=3297 3271 1085 43 2186 1477 495 982 1042 908 709 618 134 91
cat_boundaries=0 1 2 3
cat_threshold=836 5 9
is_linear=0
shrinkage=0.04


Tree=54
num_leaves=19
num_cat=3
split_feature=0 7 34 20 21 27 0 25 26 22 25 26 6 8 20 19 8 8
split_gain=4.16119 2.59063 2.28546 1.58698 1.47674 2.86867 2.00164 1.33339 1.89297 2.20316 1.03507 1.75346 0.9029 0.862136 0.665157 0.578249 0.524689 0.512339
threshold=0 69.100000000000009 1 24.959095344884496 17.435390748989128 155.00000000000003 2 72.766785557362098 202.26509030074772 1.3500000000000003 89.144196973903021 46.404089155556285 13.300000000000002 0.65000000000000002 15.988332856665915 7.7534791943622023 0.55000000000000016 0.15000000000000005
decision_type=1 10 9 10 10 2 1 10 10 2 10 10 10 8 10 10 10 10
left_child=2 3 7 4 6 -6 -2 16 9 -9 11 17 14 -13 -12 -10 -1 -4
right_child=1 -3 10 -5 5 -7 -8 8 15 -11 12 13 -14 -15 -16 -17 -18 -19
leaf_value=-0.0013285738688302118 0.00050057052057802306 8.4210598923389259 -0.0026615501025620603 12.010642411254167 -0.0069922929152772184 -0.031540515891365181 -0.0022005766111889181 0.17881087563733394 -0.0080945747109969803 -0.005185781228137714 -0.0044343046303065674 1.2911658098104795e-05 -0.065895089509994287 -0.0037319758821680081 -0.070298317620528225 0.047603850871317577 -0.0037060431361809164 -0.0066395016197278167
leaf_weight=20 585 22 32 25 138 59 1778 46 39 21 298 117 24 57 21 20 20 37
leaf_count=20 585 22 32 25 138 59 1778 46 39 21 298 117 24 57 21 20 20 37
internal_value=-0.0021598 -0.00138171 -0.0047649 -0.00150706 -0.00160765 -0.00492695 -0.00132713 -0.000439437 0.00155294 0.00610219 -0.00595481 -0.004 -0.00748331 -0.00181197 -0.00804368 -0.00360331 -0.0066988 -0.00933333
internal_weight=3359 2607 752 2585 2560 197 2363 166 126 67 586 243 343 174 319 59 40 69
internal_count=3359 2607 752 2585 2560 197 2363 166 126 67 586 243 343 174 319 59 40 69
cat_boundaries=0 1 2 3
cat_threshold=1130501 4232 141328
is_linear=0
shrinkage=0.04


Tree=55
num_leaves=26
num_cat=7
split_feature=0 31 5 31 34 24 22 0 0 22 39 8 6 34 22 8 39 18 23 23 18 21 22 22 39
split_gain=3.65806 2.55848 3.09274 2.50355 2.35318 1.91746 1.55762 2.93313 1.78228 1.51895 1.23426 0.987186 1.15529 0.941978 1.60875 1.91656 1.42848 0.920883 1.13874 0.910251 0.878984 0.853497 0.815927 0.587363 0.500961
threshold=0 1 7.4000000000000012 2 3 270.97645237272576 -0.94999999999999984 4 5 -1.4499999999999997 41.70000000000001 24.700000000000006 1.5000000000000002 6 0.75000000000000011 1.7500000000000002 20.900000000000002 14.500000000000002 2.3500000000000001 2.5500000000000003 2.5000000000000004 18.031913791137562 0.65000000000000002 2.4500000000000006 9.5000000000000018
decision_type=1 9 10 9 9 10 2 1 1 2 10 8 10 9 2 10 8 10 2 2 10 8 2 2 8
left_child=3 11 6 13 17 10 7 -3 -8 -4 -6 12 20 14 15 -1 -16 18 -5 23 -2 -11 -7 -15 -21
right_child=1 2 9 4 5 22 8 -9 -10 21 -12 -13 -14 19 16 -17 -18 -19 -20 24 -22 -23 -24 -25 -26
leaf_value=-0.0036086487338767626 0.001609719248238477 -0.00028278776681396779 -0.34005830677079574 -0.0024761244182722386 -0.0015393044446767945 0.00045138954649173615 0.00084013349237560325 -0.0073893773232345337 -0.0041724902365954187 1.8677480104219757 0.11918586267600895 4.6770753936720819 -0.098821720898762844 -0.0025241756258700221 -0.0025147294434267309 0.33159472366225351 -0.021868693773281524 -0.30653867031336174 -0.00086976886475934382 -0.0040256182556935374 0.16513809888868164 46.352396126351898 0.11544620409194427 -0.014529231318457275 -0.0085953048120824601
leaf_weight=41 173 259 20 146 194 20 536 327 814 39 35 20 28 228 42 30 22 26 138 29 31 29 25 38 37
leaf_count=41 173 259 20 146 194 20 536 327 814 39 35 20 28 228 42 30 22 26 138 29 31 29 25 38 37
internal_value=-0.00191618 -0.000995847 -0.00147286 -0.00385694 -0.00201175 0.00069352 -0.00181574 -0.00353702 -0.001064 0.00578771 -0.000772234 0.00272486 0.00204711 -0.00605643 -0.0025802 0.00135172 -0.00729771 -0.00434837 -0.00377583 -0.00733042 0.00310462 0.00860432 0.00812903 -0.00642243 -0.0118222
internal_weight=3327 2276 2024 1051 584 274 1936 586 1350 88 229 252 232 467 135 71 64 310 284 332 204 68 45 266 66
internal_count=3327 2276 2024 1051 584 274 1936 586 1350 88 229 252 232 467 135 71 64 310 284 332 204 68 45 266 66
cat_boundaries=0 1 3 5 6 7 8 9
cat_threshold=1130765 209718272 278528 1574 468992 11848 656530 301570 656
is_linear=0
shrinkage=0.04


Tree=56
num_leaves=28
num_cat=10
split_feature=0 31 4 23 31 34 34 0 34 39 0 39 0 23 39 31 23 26 39 17 25 39 24 19 29 19 21
split_gain=3.86821 2.71875 3.04989 2.49861 2.78621 2.68708 2.06709 3.16915 1.84046 1.96846 2.838 1.94389 1.93386 1.90595 1.8042 1.77865 1.4539 1.30504 1.09991 1.10681 1.07876 0.978023 1.21674 0.733932 0.643989 0.615959 0.894188
threshold=0 1 3.1500000000000008 2.2500000000000004 2 3 4 5 6 14.700000000000001 7 531.60000000000014 8 2.5500000000000003 905.50000000000011 9 2.5500000000000003 233.18327893778275 9.5000000000000018 0.15000000000000005 238.70468048131667 5.5000000000000009 203.47376507706383 10.231260735043916 172.90915550000003 0.90596188824833457 3.9496880302620214
decision_type=1 9 10 2 9 9 9 1 9 8 1 10 1 2 10 9 2 10 8 10 10 10 10 10 2 10 10
left_child=3 2 6 15 25 16 7 -2 9 13 -11 12 -10 -3 -8 18 -6 -7 19 -1 -20 22 -17 -4 -23 -5 -27
right_child=1 8 23 4 5 17 14 -9 11 10 -12 -13 -14 -15 -16 21 -18 -19 20 -21 -22 24 -24 -25 -26 26 -28
leaf_value=0.0019608761190115587 -0.0069850345466521977 -0.0066812806792844268 4.4357224137015736 -0.0016719362436786512 -0.0013248971660858189 5.1917575863456026e-05 0.00049304588322986122 0.00071385425116840648 -0.00038467279621201556 -0.0049293858587099318 0.15316265185895314 -0.054488720077838303 -0.0082904010282391378 0.1111918926332973 0.7686246102044082 -0.0037101071961563293 -0.0086844640862891072 0.003656027573428311 -0.00058251122992636795 -0.000889448631233396 -0.015577189213716416 -0.0079291681327399392 0.002825561102755465 44.498300281297816 -0.0029383373017760304 -0.0044083237394549005 -0.0031798758954342788
leaf_weight=20 226 101 26 25 155 188 741 219 262 108 133 26 390 23 22 32 68 71 46 20 23 115 21 25 39 63 136
leaf_count=20 226 101 26 25 155 188 741 219 262 108 133 26 390 23 22 32 68 71 46 20 23 115 21 25 39 63 136
internal_value=-0.00214043 -0.00120942 4.56513e-05 -0.00417804 -0.00288057 -0.00104965 -0.000362133 -0.00249288 -0.00271029 -0.000366534 0.00172371 -0.00394199 -0.00354705 -0.00444622 0.000901227 -0.0071748 -0.00417058 0.00169316 -0.00214108 0.00284337 -0.0053617 -0.0092357 -0.00473394 0.00948571 -0.0113055 -0.00644586 -0.00747132
internal_weight=3324 2302 1259 1022 706 482 1208 445 1043 365 241 678 652 124 763 316 223 259 109 40 69 207 53 51 154 224 199
internal_count=3324 2302 1259 1022 706 482 1208 445 1043 365 241 678 652 124 763 316 223 259 109 40 69 207 53 51 154 224 199
cat_boundaries=0 1 3 5 6 7 8 9 10 11 13
cat_threshold=1130765 209732034 516096 546 83968 4936 6784 266866 712 41634 393762 515 86016
is_linear=0
shrinkage=0.04


Tree=57
num_leaves=19
num_cat=5
split_feature=0 7 26 17 21 0 40 0 34 34 21 22 39 39 26 39 26 22
split_gain=3.33352 2.03625 1.66554 1.50553 3.08625 2.35905 2.84762 2.16572 2.03509 1.47765 1.47756 2.13101 1.49839 1.23156 1.60462 1.26325 1.03766 0.828696
threshold=0 69.100000000000009 323.96153396496112 0.25000000000000006 22.073303857924223 1 0.039230769230769243 2 3 4 4.0967179832765046 0.55000000000000016 15.100000000000001 6.8333333333333348 221.50159922401295 56.900000000000006 348.22574572387197 -0.34999999999999992
decision_type=1 10 10 8 10 1 2 1 9 9 8 2 10 8 10 10 10 2
left_child=2 3 9 5 7 8 -7 -5 -2 10 12 -12 -1 14 -11 -15 -4 -6
right_child=1 -3 16 4 17 6 -8 -9 -10 13 11 -13 -14 15 -16 -17 -18 -19
leaf_value=-0.0012719012794423889 0.00076857990505395434 8.6243320195709199 -0.0097337981418419879 0.10458239631259747 0.081584213342159193 0.00098800838030612672 -0.0069112352883409578 -0.013535718620256869 -0.0060586777437109697 -0.0044121114743770028 0.0013209051837157126 -0.0033672017769702123 -0.010266026805012025 -0.0010965874430462819 -0.0012561010048722744 -0.026678091783054504 -0.0015424501082016207 18.164759747853015
leaf_weight=93 237 20 35 124 20 612 194 728 318 96 178 220 71 201 48 62 22 21
leaf_count=93 237 20 35 124 20 612 194 728 318 96 178 220 71 201 48 62 22 21
internal_value=-0.00204695 -0.00117173 -0.0039306 -0.00129373 -0.00256903 -0.000453578 0.000927217 -0.0030908 -0.00243248 -0.00356311 -0.00208893 -0.000795995 -0.00530514 -0.00539546 -0.00850859 -0.00384877 -0.0105641 0.00795294
internal_weight=3300 2274 1026 2254 893 1361 806 852 555 969 562 398 164 407 144 263 57 41
internal_count=3300 2274 1026 2254 893 1361 806 852 555 969 562 398 164 407 144 263 57 41
cat_boundaries=0 1 2 3 4 5
cat_threshold=1392901 164968 132096 26928 6832
is_linear=0
shrinkage=0.04


Tree=58
num_leaves=28
num_cat=6
split_feature=31 22 14 34 25 13 24 27 25 22 34 40 39 27 17 4 24 34 8 19 8 24 22 39 27 23 19
split_gain=2.80688 1.98088 2.24065 2.10696 1.95122 1.74362 1.51579 2.01637 1.79813 1.45987 2.61552 2.18031 1.42393 1.4189 1.77084 1.49879 1.35593 1.2903 2.28921 1.40648 1.26453 1.09272 1.83293 0.868936 0.799334 0.441686 0.265793
threshold=0 -1.0000000180025095e-35 1 2 310.051035431956 3 66.372566488291696 238.00000000000003 65.586116848666407 0.55000000000000016 4 0.075498575498575513 19.100000000000005 186.50000000000003 1.3500000000000003 1.7500000000000002 175.00861544129978 5 24.400000000000002 10.109359390233093 2.1500000000000008 319.67319001508548 -0.34999999999999992 14.100000000000001 205.50000000000003 2.4500000000000006 2.2067929347389406
decision_type=9 2 1 9 10 1 8 2 10 2 9 2 10 2 10 10 10 9 10 10 10 10 2 10 2 2 10
left_child=1 3 20 13 6 -6 7 8 -2 11 -11 -8 16 15 -15 -1 -5 19 -19 -4 25 22 -7 -9 -14 -3 -23
right_child=4 2 17 12 5 21 9 23 -10 10 -12 -13 24 14 -16 -17 -18 18 -20 -21 -22 26 -24 -25 -26 -27 -28
leaf_value=-0.0028511616226919046 -0.0015151691202528639 0.00017270019892670518 0.0022944358029097244 -0.0063791522137269935 -0.012535311377766334 0.0028383765743476277 -0.0014957547069447408 -0.0061495176499526492 -0.0057494113344608343 -0.0014709527512137121 -0.011275678838567239 0.10155289204297038 -0.006684487748288781 0.0035895745361287901 -0.01208790887565943 6.3647384519468861 -0.0014125438364162512 -0.0011557371416229501 3.303798449227012 0.55933666945205451 -0.026588785896731582 -0.012365448921223604 -0.015051314177237565 -0.020008896204554497 0.14265302204710023 -0.0059466511867841375 -0.0049283441356990391
leaf_weight=168 219 43 226 126 28 23 720 33 50 364 319 223 75 46 24 22 78 269 28 59 32 20 27 29 50 25 20
leaf_count=168 219 43 226 126 28 23 720 33 50 364 319 223 75 46 24 22 78 269 28 59 32 20 27 29 50 25 20
internal_value=-0.00179178 -0.000294737 0.00116752 -0.00199492 -0.00269255 -0.00768201 -0.00239877 -0.00486617 -0.00331978 -0.00189124 -0.00329876 -0.000866067 -0.00404699 0.000729282 0.00556643 -0.00103394 -0.00621898 0.00212168 0.000188006 0.00397302 -0.00431527 -0.00478689 -0.000737864 -0.0113071 -0.000774704 -0.0011223 -0.00959036
internal_weight=3346 1271 682 589 2075 118 1957 331 269 1626 683 943 329 260 70 190 204 582 297 285 100 90 50 62 125 68 40
internal_count=3346 1271 682 589 2075 118 1957 331 269 1626 683 943 329 260 70 190 204 582 297 285 100 90 50 62 125 68 40
cat_boundaries=0 2 3 4 5 6 7
cat_threshold=478169160 61440 4 3456 4 9400 6264
is_linear=0
shrinkage=0.04


Tree=59
num_leaves=24
num_cat=8
split_feature=31 8 0 0 26 6 6 7 40 0 36 34 6 31 7 0 18 27 26 26 26 40 4
split_gain=3.27537 3.77545 2.91563 2.51872 1.94751 2.00214 2.53455 1.81458 2.37494 1.78137 1.733 1.65298 1.55888 1.45072 1.3981 1.32537 1.17437 1.13598 0.998848 0.94723 0.915225 0.867841 0.551965
threshold=0 44.750000000000007 1 2 269.20805810070078 6.5500000000000016 3.5000000000000004 5.2500000000000009 0.057189542483660136 3 4 5 8.5000000000000018 6 2.9500000000000006 7 11.500000000000002 232.50000000000003 22.285771066445054 54.103896450681653 337.96757775861323 0.048809523809523817 5.9000000000000012
decision_type=9 10 1 1 10 10 8 8 2 1 1 9 10 9 10 1 10 2 10 8 10 2 10
left_child=1 2 11 4 5 6 -2 8 15 12 14 19 -9 -10 -4 -5 -13 -7 -12 -1 21 -6 -11
right_child=3 -3 10 7 20 17 -8 9 13 22 18 16 -14 -15 -16 -17 -18 -19 -20 -21 -22 -23 -24
leaf_value=-0.0044647223455176648 -0.0011734692963337246 8.8161216082688654 0.00046810080851880545 -0.00026807253182965953 -0.023951461104042088 0.18083521408212297 -0.27172948007361741 -0.052775540489313003 -0.0034356736806951463 -0.14206707015321818 0.0003234857150144954 -0.0020703672096208693 0.30029763564897055 -0.015118049860761006 -0.030748465610932849 -0.0020078930306434016 -0.04692151149628121 6.4904788554019524 0.0087399007491132247 0.0012555551272089005 0.00021378412860894257 -0.031652392877263742 -0.97372980869707759
leaf_weight=23 688 23 331 449 58 58 23 53 113 108 68 193 63 214 95 397 27 27 97 141 25 32 21
leaf_count=23 688 23 331 449 58 58 23 53 113 108 68 193 63 214 95 397 27 27 97 141 25 32 21
internal_value=-0.00201232 -7.7266e-05 -0.000469022 -0.0028276 -0.00114688 -0.000448903 -0.00114807 -0.00388807 -0.00325074 -0.00705071 0.00129129 -0.00313021 -0.00249412 -0.00614307 -8.68571e-05 -0.00212153 -0.00534773 0.0052948 0.00463456 0 -0.00599142 -0.00784699 -0.0100925
internal_weight=3327 998 975 2329 911 796 711 1418 1173 245 591 384 116 327 426 846 220 85 165 164 115 90 129
internal_count=3327 998 975 2329 911 796 711 1418 1173 245 591 384 116 327 426 846 220 85 165 164 115 90 129
cat_boundaries=0 2 3 4 5 6 7 9 10
cat_threshold=201343233 323072 2080904 433170 1573344 3 4664 3140 65536 598569
is_linear=0
shrinkage=0.04


Tree=60
num_leaves=24
num_cat=4
split_feature=31 17 17 21 31 39 3 27 7 39 25 21 19 17 23 32 32 8 39 17 40 25 19
split_gain=3.10893 4.05548 2.3304 3.19465 2.79278 2.55303 2.37727 2.24706 2.1355 1.89276 1.80676 1.71509 1.41942 1.33715 1.27154 1.74161 1.2652 1.20665 1.15935 0.990261 0.968511 0.273213 0.150351
threshold=0 6.2500000000000009 0.25000000000000006 20.064228210530622 1 31.500000000000004 0.8500000000000002 238.00000000000003 2.7500000000000004 6.8333333333333348 71.887580174120401 10.140469869739698 1.1363808586351787 1.7500000000000002 2.5500000000000003 2 3 23.300000000000001 22.100000000000005 1.1000000000000003 0.042572463768115944 89.499245612474894 2.0503006624376776
decision_type=9 10 8 10 9 8 10 2 10 8 10 8 10 10 2 9 9 10 10 10 2 10 10
left_child=1 7 3 14 5 16 13 8 11 22 -11 -1 -10 -6 15 -2 -4 -8 -16 -7 -3 -5 -9
right_child=2 20 4 21 6 19 17 9 12 10 -12 -13 -14 -15 18 -17 -18 -19 -20 -21 -22 -23 -24
leaf_value=-0.00028580882579731792 0.069983227571876652 3.4535257311838046 -0.00011905388934689398 -0.0099564484271093615 -0.01465330359876452 0.65538631655019519 1.0111592051020504 -0.0032851583277240695 -0.047467986906990695 -0.015912996717387013 0.00066915418608214593 0.0011446300757625139 -0.017129190651458223 -0.050664518869740473 -0.0013845964450242222 -0.001073339179777939 -0.014761570099325621 -2.048464491248192 -0.013666615662425307 0.027016720772374221 11.216539759448633 -0.072335417800431734 -0.0059423462825235161
leaf_weight=311 107 20 127 34 282 56 57 20 46 26 65 345 145 215 149 974 134 20 86 52 20 20 28
leaf_count=311 107 20 127 34 282 56 57 20 46 26 65 345 145 215 149 974 134 20 86 52 20 20 28
internal_value=-0.00160994 0.000229398 -0.00241686 -0.0013693 -0.00395765 -0.00109855 -0.00566695 -0.000281519 0.000492634 -0.00496797 -0.00149189 0.00157871 -0.00321039 -0.00677633 -0.000970019 -0.000386143 -0.00326857 0.000738854 -0.00362791 0.004 0.0124819 -0.0107748 -0.0112727
internal_weight=3339 1026 2313 1370 943 369 574 986 847 139 91 656 191 497 1316 1081 261 77 235 108 40 54 48
internal_count=3339 1026 2313 1370 943 369 574 986 847 139 91 656 191 497 1316 1081 261 77 235 108 40 54 48
cat_boundaries=0 2 4 5 6
cat_threshold=209735808 323584 268436757 131072 80 25
is_linear=0
shrinkage=0.04


Tree=61
num_leaves=21
num_cat=4
split_feature=38 17 21 26 0 29 34 0 26 4 29 39 7 40 21 21 17 21 21 22
split_gain=2.06472 2.04953 1.89702 1.96639 2.50499 1.94927 1.85353 2.67616 1.8396 1.72671 1.53917 1.37136 0.739512 1.455 1.03281 1.71936 0.726909 1.05301 0.343353 0.343176
threshold=0 11.300000000000002 1.2936883322801556 21.50063998183396 1 172.72894450000004 2 3 58.039408454431317 0.15000000000000005 172.95871750000001 10.600000000000001 0.15000000000000005 0.054093567251461992 4.3427167351641502 12.320325719558864 2.7500000000000004 3.5571059240575207 9.4461596721802383 0.45000000000000007
decision_type=1 10 8 8 1 2 9 1 10 10 2 8 10 2 10 10 10 10 10 2
left_child=6 2 5 10 -5 -2 12 16 -7 11 -4 -9 14 18 19 -16 17 -8 -14 -1
right_child=1 -3 3 4 -6 8 7 9 -10 -11 -12 -13 13 -15 15 -17 -18 -19 -20 -21
leaf_value=-0.0029022325731418164 -0.044868263739915017 10.082671532302342 -0.0076015962157923054 -0.0027567211831918573 -6.7462943737943708e-05 0.0043562607980892846 0.00013533084869671086 0.00088779632085705278 -0.005588718794128855 -0.068412777813217113 0.00041721863776235325 -0.0053907999424609799 -0.021254213649592055 -0.010936581475977647 0.0010710277191630624 -0.012410740166914885 -0.29300395101785126 0.12114289645732135 -0.013001047640608122 -0.0086877826172434072
leaf_weight=29 20 20 46 665 1802 24 51 86 136 38 23 108 47 28 53 39 20 50 31 21
leaf_count=29 20 20 46 665 1802 24 51 86 136 38 23 108 47 28 53 39 20 50 31 21
internal_value=-0.00170675 -0.0012222 -0.00132401 -0.00103961 -0.000849909 -0.00527824 -0.00381714 -0.00180521 -0.00370279 -0.00426283 -0.00763121 -0.00285422 -0.00646628 -0.00928372 -0.00472474 -0.00211765 0.00285283 0.00446829 -0.0120503 -0.00928155
internal_weight=3337 2736 2716 2536 2467 180 601 353 160 232 69 194 248 106 142 92 121 101 78 50
internal_count=3337 2736 2716 2536 2467 180 601 353 160 232 69 194 248 106 142 92 121 101 78 50
cat_boundaries=0 1 2 3 4
cat_threshold=2 575617 6472 50305
is_linear=0
shrinkage=0.04


Tree=62
num_leaves=24
num_cat=7
split_feature=0 22 36 31 32 6 22 5 27 22 8 31 32 20 39 15 6 8 17 39 28 39 20
split_gain=1.91702 2.16182 2.15661 2.23413 2.55441 1.88585 2.27781 2.07233 1.48451 1.47818 1.35345 1.31405 1.35639 1.52765 1.32945 1.22108 1.20216 1.06677 0.905951 0.794492 0.564044 0.364205 0.324634
threshold=0 3.7500000000000004 1 2 3 8.5000000000000018 -2.1499999999999999 3.9000000000000004 120.00000000000001 0.25000000000000006 3.5500000000000003 4 5 7.1825590539501416 10.100000000000001 6 1.9000000000000001 2.7500000000000004 1.5000000000000002 67.90000000000002 -43.613856999999996 33.900000000000006 5.0823088400546768
decision_type=1 2 1 9 9 10 2 8 2 2 10 9 9 10 10 1 10 10 10 10 2 8 10
left_child=1 11 3 8 16 7 -7 9 20 -4 -6 12 19 -14 18 -8 -5 -16 -13 -1 -2 -3 -10
right_child=2 21 5 4 10 6 15 -9 22 -11 -12 14 13 -15 17 -17 -18 -19 -20 -21 -22 -23 -24
leaf_value=-0.0027887191764348887 0.073844624055768332 0.077987762425137983 -0.002000063992994008 -0.0069720465086577478 0.0015441990751463663 -0.29527670501832753 2.0205943550621805 -0.2577253043978327 -0.040988037273495287 0.00038516842481616464 -0.013451146047425269 -0.0012443014129179986 0.0030583982928292742 -0.0080865340969062775 -0.0078300463390804965 -0.24924741222215788 0.29766408912188225 -0.020826906361551975 -0.035972303775847689 0.095601849255951998 -0.011578277595796979 2.0424355682827193 -0.0097089607621619941
leaf_weight=228 22 22 952 126 78 28 117 35 38 845 26 191 53 53 179 27 22 124 33 38 20 20 37
leaf_count=228 22 22 952 126 78 28 117 35 38 845 26 191 53 53 179 27 22 124 33 38 20 20 37
internal_value=-0.00168843 -0.0032105 -0.00106437 -0.0038318 -0.00151044 -0.000534855 0.00344669 -0.00091519 -0.00823346 -0.000721713 0.00309957 -0.00366241 -0.00166362 0.00202553 -0.00493593 0.00548454 -0.00475235 -0.00675862 -0.00265188 -0.00316396 -0.00271264 0.00547126 -0.0122614
internal_weight=3314 941 2373 369 252 2004 172 1832 117 1797 104 899 372 106 527 144 148 303 224 266 42 42 75
internal_count=3314 941 2373 369 252 2004 172 1832 117 1797 104 899 372 106 527 144 148 303 224 266 42 42 75
cat_boundaries=0 1 2 4 5 7 8 9
cat_threshold=1073165 2 537 69632 22 2585 61440 7 1
is_linear=0
shrinkage=0.04


Tree=63
num_leaves=24
num_cat=6
split_feature=0 22 4 27 32 0 0 24 8 19 21 17 7 6 25 5 11 21 19 34 21 7 6
split_gain=2.70088 1.74768 1.58385 2.31715 1.27145 3.50565 2.86487 1.91003 1.87239 1.88564 1.56563 1.26365 2.95198 1.47994 1.0986 1.08571 1.08238 1.03292 1.01908 0.868235 0.859623 0.858959 0.708384
threshold=0 -2.4499999999999997 1.1000000000000003 65.000000000000014 1 2 3 73.827543816622679 1.0000000180025095e-35 9.0325143895000011 18.394467136505142 4.1000000000000005 16.300000000000001 8.5000000000000018 284.44724989955313 2.5500000000000003 4 7.721125780824603 10.109359390233093 5 3.5967873935063639 1.0000000180025095e-35 5.1000000000000005
decision_type=1 2 10 2 9 1 1 10 10 8 10 8 10 10 10 10 1 8 8 9 10 10 10
left_child=1 16 15 -4 5 14 7 20 9 -7 -9 13 -13 -8 18 19 21 -10 -2 -3 -6 -1 -5
right_child=4 2 3 22 6 8 11 10 17 -11 -12 12 -14 -15 -16 -17 -18 -19 -20 -21 -22 -23 -24
leaf_value=0.0019595048597264154 -0.0021800600082270095 -0.0014745907362027743 3.8604004239439362 0.11966835830664124 0.0014736674043380304 -0.0073940274861002036 -0.0015556862366407564 0.06815527638549139 -0.010422192449343228 0.052690450330391631 -0.022930196887126417 -0.15822511902864606 0.0087839795768701028 1.2067301564298476 0.0024012883638183879 -0.2184474191193391 -0.0060620800849225101 -0.014664087965263875 0.062201112315600542 -0.0029181741762182869 -0.0032303827682303955 -0.00025805996583180504 -0.58228040795266955
leaf_weight=32 108 234 35 21 29 74 1172 224 119 20 20 37 41 49 21 27 24 50 77 782 52 28 44
leaf_count=32 108 234 35 21 29 74 1172 224 119 20 20 37 41 49 21 27 24 50 77 782 52 28 44
internal_value=-0.00169743 -0.00317965 -0.00361555 0.00116256 -0.000806842 -0.00261811 -0.000267808 0.00302526 -0.00560291 -0.0012356 0.00487984 -0.00111255 -0.00601258 -0.0008 0.00127816 -0.00407659 0.00231579 -0.00831672 0.000310992 -0.00385061 -0.00215758 0.00517073 -0.0032782
internal_weight=3320 1227 1143 100 2093 469 1624 325 263 94 244 1299 78 1221 206 1043 84 169 185 1016 81 60 65
internal_count=3320 1227 1143 100 2093 469 1624 325 263 94 244 1299 78 1221 206 1043 84 169 185 1016 81 60 65
cat_boundaries=0 1 2 3 4 5 6
cat_threshold=1589421 66 341520 133376 2 18560
is_linear=0
shrinkage=0.04


Tree=64
num_leaves=25
num_cat=5
split_feature=31 0 34 25 20 0 23 24 23 8 39 22 24 24 25 22 22 25 21 39 21 22 20 14
split_gain=2.2996 2.92961 2.74117 2.63754 2.0454 2.60398 2.07693 2.03802 1.88991 1.87693 1.89626 1.78086 1.64729 1.94254 1.57811 1.56497 1.69687 1.53508 1.51794 1.15608 1.12107 1.47773 1.07491 0.388623
threshold=0 1 2 85.19536231615244 7.2814794066164295 3 2.4500000000000006 8.6623721380000021 2.5500000000000003 30.200000000000003 184.30000000000004 -0.84999999999999998 77.67824483377602 305.78776436342451 201.25286805112134 -3.8499999999999992 -1.5499999999999998 68.689890045310435 6.3167415640083666 65.90000000000002 9.2619893234225099 2.7500000000000004 14.219300056283542 4
decision_type=9 1 9 10 8 1 2 8 2 10 8 2 8 10 10 2 2 8 10 8 10 2 10 1
left_child=4 2 3 11 5 6 18 -3 -8 10 17 -2 19 -14 -5 23 -17 -6 -1 -4 21 -7 -12 -9
right_child=1 7 12 14 9 20 8 15 -10 -11 22 -13 13 -15 -16 16 -18 -19 -20 -21 -22 -23 -24 -25
leaf_value=-0.0024837661465347692 -0.0077398348347746549 0.0020568439146897077 -0.00730992505590752 0.14386446159647467 0.0020629740768613302 -0.0030082826955354848 0.0065154526890875532 -0.0074521786661986417 0.00025090272447124916 2.073087537659609 -0.0038405524112494582 -0.0046100740743287008 0.094879768717756649 -0.012901495904826241 -0.0064256582291950083 -0.0054014829797442414 -0.0032005577299375788 0.00038541485010185284 0.0036519121326008632 0.28603301560014843 0.0016001084415607281 -0.022698463373498168 -0.045277132626210082 0.0036589477462787559
leaf_weight=112 82 26 48 59 85 298 50 21 66 20 58 138 163 21 175 188 1155 415 29 20 25 28 28 27
leaf_count=112 82 26 48 59 85 298 50 21 66 20 58 138 163 21 175 188 1155 415 29 20 25 28 28 27
internal_value=-0.00173072 -0.00251956 -0.000387456 -0.00222986 -0.000324765 -0.00196555 0.00110987 -0.00356878 0.00508936 0.00131358 0.000881702 -0.00540858 0.00287666 0.00494879 0.000670913 -0.00380467 -0.0040595 0.00183051 -0.00209123 -0.00227338 -0.00413241 -0.00487939 -0.00454857 0.00319192
internal_weight=3337 2123 706 454 1214 608 257 1417 116 606 586 220 252 184 234 1391 1343 500 141 68 351 326 86 48
internal_count=3337 2123 706 454 1214 608 257 1417 116 606 586 220 252 184 234 1391 1343 500 141 68 351 326 86 48
cat_boundaries=0 2 3 4 5 6
cat_threshold=142608832 58368 168986 11936 10905 1
is_linear=0
shrinkage=0.04


Tree=65
num_leaves=17
num_cat=5
split_feature=7 0 22 11 20 32 23 39 34 7 34 7 20 7 6 6
split_gain=2.20651 2.11686 2.40884 1.85822 2.67226 1.796 1.37219 1.58145 1.26083 1.7576 1.16744 2.36873 1.56573 1.02991 0.935519 0.862157
threshold=69.100000000000009 0 -1.5499999999999998 1 1.4955571802740228 2 2.2500000000000004 5.5000000000000009 3 1.0000000180025095e-35 4 0.15000000000000005 24.959095344884496 1.7500000000000002 0.65000000000000002 13.100000000000001
decision_type=10 1 2 1 8 9 2 8 9 8 9 10 10 10 10 10
left_child=1 5 3 13 -5 6 14 -8 15 -10 11 -4 -12 -3 -1 -7
right_child=-2 2 10 4 -6 8 7 -9 9 -11 12 -13 -14 -15 -16 -17
leaf_value=-0.0022533078589101053 3.0329159045287897 -0.0049617189729452352 -0.0008433435318842442 -0.0066725958781040087 -0.00083409611233509651 -0.004064921552277845 0.0023950896581909475 -0.00057159994884031567 -3.044666156924336e-05 -0.0088285209045956322 -0.00215275038159092 0.14277449381327509 35.087515403855662 -0.18831866614516324 0.015814739861601125 0.71658262278084384
leaf_weight=100 25 70 242 22 239 373 52 121 204 184 1384 212 23 25 26 20
leaf_count=100 25 70 242 22 239 373 52 121 204 184 1384 212 23 25 26 20
internal_value=-0.00175658 -0.00184872 -0.00112093 -0.00413427 -0.00235429 -0.00329638 -0.000573269 0.00170774 -0.00431293 -0.00249812 -0.000546577 0.00119871 -0.00111244 -0.00889119 -0.00374902 -0.00597775
internal_weight=3322 3297 2217 356 261 1080 299 173 781 388 1861 454 1407 95 126 393
internal_count=3322 3297 2217 356 261 1080 299 173 781 388 1861 454 1407 95 126 393
cat_boundaries=0 1 2 3 4 5
cat_threshold=1573262 1 1 480 18568
is_linear=0
shrinkage=0.04


Tree=66
num_leaves=18
num_cat=7
split_feature=31 6 24 0 6 19 23 0 23 34 34 0 0 24 19 39 19
split_gain=2.79081 3.18858 2.39272 2.34227 2.6209 3.31559 2.10409 2.26706 2.10227 2.31584 2.03869 3.41433 2.35199 1.95619 1.1796 1.12119 1.08052
threshold=0 27.950000000000006 8.6623721380000021 1 2.3000000000000003 14.614133123992373 2.2500000000000004 2 2.3500000000000001 3 4 5 6 177.15912767369767 17.013374857031128 7.2500000000000009 15.859176370003032
decision_type=9 10 8 1 8 10 2 1 2 9 9 1 1 10 10 8 10
left_child=1 6 -2 8 5 -5 7 16 15 -10 11 -8 -12 -6 -9 -4 -1
right_child=2 -3 3 4 13 -7 10 14 9 -11 12 -13 -14 -15 -16 -17 -18
leaf_value=0.00055434945742824479 0.0019350362983244196 16.217556294321582 -0.0058605542045541094 -0.0016234994197730401 -0.16832024197772377 -0.046164810646403376 -0.0016137569594889634 -0.0055231903790042306 -0.003866329836115501 0.10918381028886662 0.00068056319587366692 0.0021572281036145746 -0.0046525363968429722 -0.21030459248376082 0.0011519551551437246 -0.0080373585088743833 -0.019633297649050904
leaf_weight=189 21 28 74 599 62 34 340 340 128 150 229 352 270 100 41 343 21
leaf_count=189 21 28 74 599 62 34 340 340 128 150 229 352 270 100 41 343 21
internal_value=-0.00197983 -0.000899259 -0.00324335 -0.00345826 -0.00493242 -0.00381087 -0.00112027 -0.00306835 -0.00166737 0.000994633 -0.000149266 0.00124805 -0.00207248 -0.00952905 -0.00483567 -0.00348387 0.000352144
internal_weight=3321 1810 1511 1490 795 633 1782 591 695 278 1191 692 499 162 381 417 210
internal_count=3321 1810 1511 1490 795 633 1782 591 695 278 1191 692 499 162 381 417 210
cat_boundaries=0 2 3 4 5 6 7 8
cat_threshold=471876054 57344 2022404 894992 2720 23720 1481097 11725
is_linear=0
shrinkage=0.04


Tree=67
num_leaves=27
num_cat=9
split_feature=31 0 0 31 24 22 26 25 39 24 25 20 7 0 34 22 24 9 39 26 17 39 26 11 34 19
split_gain=3.51073 2.79065 2.5713 1.93471 1.94487 2.10906 1.93422 2.24909 1.8531 1.81308 1.77359 1.67295 1.4436 3.44331 1.56393 1.39557 1.35816 1.18839 1.10067 1.84389 1.74386 1.05139 0.99794 0.987792 0.898188 0.694604
threshold=0 1 2 3 237.95182236873546 -0.14999999999999999 108.47826979975814 76.974256482576422 156.10000000000002 290.57869356500822 262.57642975273512 0.72278965290048969 3.6500000000000008 4 5 -1.6499999999999997 61.628157297464732 6 20.900000000000002 63.343157718768119 2.1500000000000008 15.700000000000001 75.873150818851187 7 8 15.859176370003032
decision_type=9 1 1 9 8 2 10 10 10 8 10 8 10 1 9 2 8 1 10 8 10 10 10 1 9 10
left_child=2 11 8 4 5 -3 7 15 16 -6 25 23 14 -14 -13 -4 21 -12 19 -5 -20 -1 -9 -2 -18 -8
right_child=1 3 6 18 9 -7 10 22 -10 -11 17 12 13 -15 -16 -17 24 -19 20 -21 -22 -23 -24 -25 -26 -27
leaf_value=0.0013709132391013057 0.12650493668266069 -6.909228831283088e-05 0.0019951091982319015 -0.002711015916756594 0.012039695909684553 -0.010842828917371143 0.25534350095017627 -0.019818975140504343 0.52871504836079652 -0.00083299959865534845 0.13344340617546252 0.0017598002038348426 0.13106717441242563 -0.11543993839617694 -0.0022334409036347223 0.00034424431268288203 -0.0072678048550124785 -0.055512419371318719 -0.0124664326381202 -0.0017443041878105704 -0.015780102571536645 -0.0056808491703664111 -0.0028049459930346997 0.00033418607286822777 -0.0016171461082301875 3.7448374763420693
leaf_weight=43 27 104 62 117 79 136 71 20 27 139 21 228 108 125 653 145 110 22 278 475 53 30 48 37 167 24
leaf_count=43 27 104 62 117 79 136 71 20 27 139 21 228 108 125 653 145 110 22 278 475 53 30 48 37 167 24
internal_value=-0.00209461 -0.00280801 0.000247037 -0.00403447 -0.00178488 -0.00429814 0.00239812 0.000499096 -0.00210553 0.00090205 0.00629391 -0.00134342 -0.00171941 -0.00451173 -0.000972238 0.00258034 -0.00295306 -0.000404494 -0.00511289 -0.00410783 -0.00703158 0.00185235 -0.00572662 0.00485496 -0.0042298 0.0093057
internal_weight=3349 2559 790 1381 458 240 413 275 377 218 138 1178 1114 233 881 207 350 43 923 592 331 73 68 64 277 95
internal_count=3349 2559 790 1381 458 240 413 275 377 218 138 1178 1114 233 881 207 350 43 923 592 331 73 68 64 277 95
cat_boundaries=0 2 3 4 6 7 8 9 10 11
cat_threshold=469778688 57344 498264 1557261 3273 262144 397376 1096 1 1 6344
is_linear=0
shrinkage=0.04


Tree=68
num_leaves=26
num_cat=4
split_feature=31 21 0 21 20 0 38 5 21 39 3 27 8 21 20 3 20 22 26 22 22 40 25 26 40
split_gain=3.20218 2.38881 2.23747 1.99039 1.97857 1.9561 2.31604 1.89699 3.17227 2.29378 2.10725 2.46555 1.54707 1.49422 1.43793 1.93565 1.41213 1.39916 1.33975 1.29301 3.41817 1.16541 0.974121 0.939854 0.352714
threshold=0 11.120594550879717 1 11.565866850952469 1.0532715168207085 2 3 0.95000000000000007 20.385923333890229 23.633333333333336 0.45000000000000007 155.00000000000003 1.0000000180025095e-35 7.5767778276274278 10.989303210103795 0.95000000000000007 18.67803317859423 -1.4499999999999997 114.58991746681927 5.4500000000000011 4.7500000000000009 0.067816091954023008 80.811546043736669 162.2088783409562 0.064866760168302964
decision_type=9 8 1 8 8 1 1 8 10 8 10 2 8 10 10 10 10 2 10 2 2 2 10 10 2
left_child=1 5 4 22 18 17 12 8 9 -4 24 -12 -7 -8 15 -6 -16 23 -2 20 -5 -19 -3 -1 -9
right_child=2 3 7 19 14 6 13 10 -10 -11 11 -13 -14 -15 16 -17 -18 21 -20 -21 -22 -23 -24 -25 -26
leaf_value=0.00028323145142092446 1.3378484217110127 0.18074521211015768 -0.00053571477771257041 0.0002374327351556005 -0.0018795711198826128 -0.0017109565823790619 -0.0055146862323111456 -0.36105061107642317 -0.062764664606540455 -0.0085777186741240637 3.4146735673612922 -0.37041211753772219 0.002810151850852254 -0.00072356593309965691 -0.013161929904357167 2.5302528732584024 0.0014103950543381495 0.0013789934260616122 0.00087133925120227215 -0.011457642340671282 0.56735969290358246 -0.010020457733380254 0.046703550798784368 -0.0035495304834187637 -0.36176531561023356
leaf_weight=21 24 21 373 702 477 145 260 47 21 255 24 52 152 63 129 22 26 279 30 20 23 87 24 33 22
leaf_count=21 24 21 373 702 477 145 260 47 21 255 24 52 152 63 129 22 26 279 30 20 23 87 24 33 22
internal_value=-0.00183531 -0.000693999 -0.00319656 0.000957675 -0.00149826 -0.00195679 -0.00335392 -0.00466543 -0.00377863 -0.00323749 -0.00886007 -0.00410323 -0.000706645 -0.00567414 -0.00213272 -0.00107493 -0.00548243 0.000180765 0.00572973 0.00045278 0.000740537 0.00108299 0.00898925 -0.00572973 -0.0138723
internal_weight=3332 1830 1502 790 708 1040 620 794 649 628 145 76 297 323 654 499 155 420 54 745 725 366 45 54 69
internal_count=3332 1830 1502 790 708 1040 620 794 649 628 145 76 297 323 654 499 155 420 54 745 725 366 45 54 69
cat_boundaries=0 2 3 4 5
cat_threshold=402671060 357376 517201 1092144 1
is_linear=0
shrinkage=0.04


Tree=69
num_leaves=31
num_cat=7
split_feature=0 24 20 30 36 8 32 19 22 20 34 19 20 26 19 6 34 26 25 22 19 19 18 22 26 24 14 25 8 19
split_gain=2.29368 1.99271 2.60198 1.88582 1.96609 2.95527 1.85234 1.93504 2.10882 1.76789 1.66005 1.8785 1.8126 1.56348 1.47284 1.44219 1.40129 1.3769 1.37353 1.37221 1.0414 1.0372 1.02285 1.01457 1.00308 0.943379 0.855979 0.876563 0.468439 0.325978
threshold=0 78.843054011123101 5.3302890959843605 1 2 8.5000000000000018 3 1.6690298057285153 -1.6499999999999997 19.257535991058134 4 4.7267065578412213 2.5730609328116745 243.40309760516411 17.013374857031128 12.900000000000002 5 45.722747491577515 228.09466125695928 -0.44999999999999996 7.0187516172782045 9.3480054202849576 13.500000000000002 -0.94999999999999984 173.20014255873596 51.67245554959613 6 73.977359008638885 20.350000000000005 1.6690298057285153
decision_type=1 10 10 9 1 10 9 8 2 10 9 10 10 10 10 10 9 10 8 2 10 10 10 2 10 10 1 10 10 10
left_child=1 2 26 4 5 13 18 8 -8 16 11 12 -3 -2 -9 17 -6 -12 24 -13 25 -22 -11 -20 -5 -4 29 -28 -7 -1
right_child=3 10 20 6 9 28 7 14 -10 22 15 19 -14 -15 -16 -17 -18 -19 23 -21 21 -23 -24 -25 -26 -27 27 -29 -30 -31
leaf_value=-0.0011102986266461558 -0.0075347111893472631 -0.0047996130672331282 -6.7423590679425166e-05 0.14247714623020394 -0.0040689915915230303 1.2476687331201957 -0.027352493552290868 -0.0039129628845098272 0.049740280572563265 2.6523714607244755 -0.0035069896648421131 -0.011400537616254133 -6.5344158870370706e-05 0.088105597581689885 -0.032737187816640548 2.1934339970547541 0.00024427935185187264 -0.0022807793136513511 0.0013534500408194105 -0.020488423822867717 -0.0056372350592247857 0.0011506455634537715 1.0915987899138848 2.9729076040129674 -0.025887687333711256 0.0017996835368881393 -0.0046977899512646287 1.4033501949430872e-05 0.27586482174521293 0.0007374525739983895
leaf_weight=20 99 78 26 29 385 22 29 802 147 21 24 40 80 47 41 35 605 370 21 74 23 85 21 29 21 47 76 24 24 24
leaf_count=20 99 78 26 29 385 22 29 802 147 21 24 40 80 47 41 35 605 370 21 74 23 85 21 29 21 47 76 24 24 24
internal_value=-0.00166682 -0.00323663 -0.000667688 -0.000959015 0.000127883 0.00372482 -0.00213888 -0.00265696 0.00111549 -0.000573071 -0.0044669 -0.00690653 -0.00425078 0.00107119 -0.00347898 -0.00267423 -0.00092587 -0.00343363 0.00285202 -0.0110649 0.00250959 0 0.00731034 0.00772816 -0.00151456 0.00614765 -0.00465979 -0.0066798 0.0125895 0
internal_weight=3369 1026 325 2343 1224 192 1119 1019 176 1032 701 272 158 146 843 429 990 394 100 114 181 108 42 50 50 73 144 100 46 44
internal_count=3369 1026 325 2343 1224 192 1119 1019 176 1032 701 272 158 146 843 429 990 394 100 114 181 108 42 50 50 73 144 100 46 44
cat_boundaries=0 1 2 3 4 5 6 7
cat_threshold=1130892 2146 4 16 3152 2880 4
is_linear=0
shrinkage=0.04


Tree=70
num_leaves=22
num_cat=6
split_feature=31 3 25 26 23 25 22 22 36 27 23 34 26 34 21 22 31 19 5 31 27
split_gain=2.91398 4.1409 2.22383 2.7177 2.4389 2.23534 2.11681 1.83145 1.73423 2.45344 1.74621 1.6667 1.89923 1.54499 1.65193 1.77871 1.57777 2.02674 1.49325 1.2425 0.449938
threshold=0 1.5500000000000003 83.602552709080797 21.50063998183396 2.4500000000000006 282.21626343901613 3.5500000000000003 2.7500000000000004 1 36.000000000000007 2.3500000000000001 2 39.734637443412886 3 20.20860048184392 -1.7499999999999998 4 4.6273474613426604 0.35000000000000003 5 100.00000000000001
decision_type=9 10 10 8 2 10 2 2 1 2 2 9 10 9 10 2 9 8 10 9 2
left_child=1 2 3 -1 7 -6 -5 -4 9 10 -2 12 -11 14 15 -10 18 -18 -15 -13 -3
right_child=8 20 4 6 5 -7 -8 -9 13 11 -12 19 -14 16 -16 -17 17 -19 -20 -21 -22
leaf_value=-0.0054033592405459 0.0011573383767781032 20.897428939742969 -0.006883525628079497 0.00086554251834657591 0.00246345187728366 -0.0050384985254436467 -0.0052952991517909529 0.0015556481953993284 -0.0043380437206191405 0.0011274179924718197 0.77473826282958758 -3.1871755817398651e-05 -0.00055075676555819801 -0.0014747581903463926 -0.1184535227514262 -0.00080941696591331437 -0.0088208460278603705 -0.0053462425294964434 -0.061467185360545108 -0.0057810629028057295 8.3955012414841939
leaf_weight=20 38 21 307 416 169 40 54 31 123 23 34 110 86 437 35 562 221 263 128 181 31
leaf_count=20 38 21 307 416 169 40 54 31 123 23 34 110 86 437 35 562 221 263 128 181 31
internal_value=-0.00213658 -0.000416174 -0.00098026 0.000972533 -0.00273108 0.000655582 0.00160764 -0.00482474 -0.00295583 -0.000740434 0.00595918 -0.00198755 0.00214108 -0.00353721 -0.00202051 -0.00159942 -0.00454314 -0.00629263 -0.00294536 -0.00349752 0.0104299
internal_weight=3330 1089 1037 490 547 209 470 338 2241 472 72 400 109 1769 720 685 1049 484 565 291 52
internal_count=3330 1089 1037 490 547 209 470 338 2241 472 72 400 109 1769 720 685 1049 484 565 291 52
cat_boundaries=0 2 3 4 5 7 9
cat_threshold=209715394 50176 4 6184 29228 2093 75776 529 73728
is_linear=0
shrinkage=0.04


Tree=71
num_leaves=25
num_cat=6
split_feature=31 0 22 22 0 34 24 7 6 8 34 18 21 21 4 31 26 24 22 19 24 22 27 7
split_gain=2.73957 4.09799 2.38419 2.17741 2.16216 2.29993 2.99073 1.93442 1.70707 1.98162 1.69574 2.2519 1.69108 1.69362 1.57051 1.42221 2.56322 1.22892 1.0337 0.907671 0.715869 0.651733 0.598358 0.192801
threshold=0 1 -2.2499999999999996 3.1500000000000008 2 3 67.295490264561721 1.2500000000000002 8.5000000000000018 3.3500000000000001 4 16.500000000000004 13.096727417411948 9.4461596721802383 1.4500000000000002 5 177.05973845723284 190.35137198818427 -1.5499999999999998 5.3894635519522991 161.61889124467777 1.5500000000000003 135.00000000000003 1.1500000000000001
decision_type=9 1 2 2 1 9 8 10 10 10 9 8 10 10 10 9 8 10 2 10 10 2 2 10
left_child=3 2 23 4 5 7 -7 -1 9 -4 11 17 13 20 18 21 -17 -3 -6 -16 -5 -12 -10 -2
right_child=1 10 8 12 14 6 -8 -9 22 -11 15 -13 -14 -15 19 16 -18 -19 -20 -21 -22 -23 -24 -25
leaf_value=0.002152177367617547 -0.0067498616211747733 -0.0027323209632860389 0.0014661530044246618 -0.0060025696419027247 -0.004128491174392632 0.0031692501320130261 -0.0021380554886492932 -0.0011968068809006737 0.92417933145805364 -0.044980157821695191 -0.0063999343630283968 -0.6065716136618986 -0.0223920224219318 0.10819038029634842 6.2123988912556278 -0.004395949634040797 0.0036708231066099372 -0.0065256551995212676 -0.0015100950987183737 -0.48825936076463733 -0.031408480448647115 -0.000620218995900359 9.162885323875992 -0.038851949001606559
leaf_weight=233 22 276 320 88 146 73 414 110 21 118 86 32 29 28 26 93 140 192 773 21 25 35 23 23
leaf_count=233 22 276 320 88 146 73 414 110 21 118 86 32 29 28 26 93 140 192 773 21 25 35 23 23
internal_value=-0.00178528 -0.00314399 -0.000330548 -0.000808091 -0.000399444 0.00109091 -0.000678034 0.00354866 0.000492244 -0.000268487 -0.00485038 -0.0064086 -0.00511953 -0.00321404 -0.0016757 -0.00251163 -0.000564417 -0.00578914 -0.00206192 0.00531959 -0.00539738 -0.0058717 0.00786813 -0.00898925
internal_weight=3347 1381 527 1966 1796 830 487 343 482 438 854 500 170 141 966 354 233 468 919 47 113 121 44 45
internal_count=3347 1381 527 1966 1796 830 487 343 482 438 854 500 170 141 966 354 233 468 919 47 113 121 44 45
cat_boundaries=0 2 3 4 5 6 8
cat_threshold=142626251 61440 498752 599674 3104 3792 48 2048
is_linear=0
shrinkage=0.04


Tree=72
num_leaves=23
num_cat=3
split_feature=36 0 0 6 21 21 21 24 40 5 39 24 21 23 39 39 5 17 28 24 21 7
split_gain=1.59896 3.01599 2.10258 3.57743 2.34755 1.92269 1.96844 1.77308 1.70341 1.65425 1.64739 1.63641 1.61849 1.11609 1.92291 1.07634 1.09763 0.996985 0.910347 0.89014 0.372077 0.328556
threshold=0 1 2 10.700000000000001 12.165193695049551 18.903134865547781 4.6814938846266001 71.857463710245298 0.24404761904761907 1.1500000000000001 243.20000000000002 21.371684838834799 12.622210076974378 2.1500000000000008 7.2500000000000009 106.2 1.3 1.6500000000000001 -43.629210999999991 312.08129618090987 3.161441207856841 0.55000000000000016
decision_type=1 1 1 10 10 8 10 10 2 10 10 8 10 2 8 8 10 10 2 10 10 10
left_child=1 13 3 5 18 6 -2 12 10 -7 11 -4 -3 -1 20 16 -9 -12 -5 -16 -15 -10
right_child=2 7 8 4 -6 9 -8 15 21 -11 17 -13 -14 14 19 -17 -18 -19 -20 -21 -22 -23
leaf_value=0.00029758056913012257 -0.0059367019731851834 0.0035329105816460072 0.0011090583371231588 2.0820582549615079 48.927138741261615 -0.028426369069788092 0.0010405629168332808 0.00041949045203011794 0.045160384154512803 0.80481669257572042 -0.015200448838277474 -0.001603673386658997 -0.001427664776023292 -0.0061604190153701846 -0.0053232401531964867 -0.010198012125357678 -0.16918631565284808 -0.54115906274392889 -0.86665383923332329 -0.010499795670304141 -0.0076991402834162238 1.0015837522014959
leaf_weight=28 298 34 59 36 26 76 667 147 20 24 51 1409 21 24 168 30 30 22 29 38 80 20
leaf_count=28 298 34 59 36 26 76 667 147 20 24 51 1409 21 24 168 30 30 22 29 38 80 20
internal_value=-0.00173072 -0.00359444 -0.0013018 0 0.00754595 -0.000654477 -0.000101397 -0.000285192 -0.00224678 -0.00589163 -0.0024752 -0.00217625 0.0059823 -0.00606009 -0.00692777 -0.0020048 -0.000773109 -0.0082953 0.0032782 -0.00461687 -0.0113555 0.00573494
internal_weight=3337 600 2737 1156 91 1065 965 262 1581 100 1541 1468 55 338 310 207 177 73 65 206 104 40
internal_count=3337 600 2737 1156 91 1065 965 262 1581 100 1541 1468 55 338 310 207 177 73 65 206 104 40
cat_boundaries=0 1 2 3
cat_threshold=2 1258208 1258608
is_linear=0
shrinkage=0.04


Tree=73
num_leaves=25
num_cat=6
split_feature=31 0 26 23 39 24 0 31 19 21 20 32 8 3 19 26 26 24 31 8 20 19 20 26
split_gain=2.94906 2.59238 2.67165 2.53355 1.64259 1.66769 1.59003 1.83628 2.31633 2.01024 1.97596 1.76094 1.99793 2.15585 1.95768 1.47272 1.36366 1.34197 1.3121 1.22076 1.13806 1.05626 0.857046 0.372855
threshold=0 1 306.43956781910981 2.6500000000000008 147.20000000000002 69.186699766265505 2 3 1.2196972069846053 3.6426287107184536 3.4847540931823091 4 9.8500000000000032 0.25000000000000006 0.93414790765103028 332.28492948177887 43.372999151751834 319.67319001508548 5 16.700000000000006 7.2814794066164295 0.62318286527802991 0.83398017730172136 342.17978421093437
decision_type=9 1 10 2 10 10 1 9 8 8 8 9 8 10 10 10 8 10 9 10 10 10 10 10
left_child=6 2 4 15 17 -6 11 9 22 -8 -10 12 13 -1 21 18 -16 -2 -3 -14 -11 -13 -9 -4
right_child=1 3 23 -5 5 -7 7 8 10 20 -12 14 19 -15 16 -17 -18 -19 -20 -21 -22 -23 -24 -25
leaf_value=-0.00012812106197733543 -0.00092300010223773661 -0.0031035445299342612 -0.0146051068396533 0.0030619827989444206 -0.0030195474439002547 1.6355489518809752 -0.0059541798157457752 0.49640747170353733 -0.005696401222924692 0.30834531060070419 -6.5938586475482454e-05 -0.0073323056380723449 -0.086823784910984053 0.75766223590178383 -0.0072193288628402642 0.00093731900711908629 -0.00080742622865944465 -0.02031939332648932 -0.0083359463836372421 -0.0042770508455916099 0.083686783057432226 -0.025020085800114559 0.0012304112098284036 -0.0038608013432412493
leaf_weight=358 619 329 28 32 32 31 20 29 149 35 661 88 33 20 21 31 179 26 381 32 48 21 68 20
leaf_count=358 619 329 28 32 32 31 20 29 149 35 661 88 33 20 21 31 179 26 381 32 48 21 68 20
internal_value=-0.00190068 -0.00317949 -0.00145668 -0.00481581 -0.000842847 0.00524031 -0.000765718 0.000272149 -0.000324442 0.00504803 -0.00103266 -0.00214538 -0.000479648 0.000627141 -0.00442434 -0.00535758 -0.0021737 -0.00145089 -0.00573155 -0.00688722 0.00826036 -0.00885068 0.00546193 -0.0104646
internal_weight=3291 1529 756 773 708 63 1762 1010 907 103 810 752 443 378 309 741 200 645 710 65 83 109 97 48
internal_count=3291 1529 756 773 708 63 1762 1010 907 103 810 752 443 378 309 741 200 645 710 65 83 109 97 48
cat_boundaries=0 2 3 4 5 6 8
cat_threshold=209735115 180224 2076738 844736 201346048 11 4100 71680
is_linear=0
shrinkage=0.04


Tree=74
num_leaves=24
num_cat=6
split_feature=31 0 22 5 20 20 22 0 4 26 31 32 18 4 21 21 22 14 24 24 21 24 20
split_gain=2.53555 2.66064 2.71492 2.53248 2.08606 1.57533 1.67176 1.57502 2.64256 2.6698 2.27836 1.50976 1.4829 1.43363 2.06649 1.78088 1.20258 1.13622 0.951259 0.913576 0.461878 0.41417 0.272344
threshold=0 1 -1.2499999999999998 5.1000000000000005 1.325090192244138 14.833168028584018 -0.84999999999999998 2 1.9000000000000001 279.43580257866353 3 4 16.500000000000004 0.15000000000000005 20.385923333890229 8.3986697850213474 -0.14999999999999999 5 126.22312495321229 82.529338704352611 13.165416852387235 223.34504719926869 6.746199163464337
decision_type=9 1 2 10 8 10 2 1 8 10 9 9 10 10 10 8 2 1 10 10 8 10 10
left_child=1 2 20 5 -4 6 -3 8 9 10 -2 -6 13 14 -9 -15 -11 -14 -10 -7 -1 -20 -5
right_child=7 3 4 22 11 19 -8 12 18 16 -12 -13 17 15 -16 -17 -18 -19 21 -21 -22 -23 -24
leaf_value=-0.02401928236810999 0.0070604427377466373 0.0020651807535850253 -0.01072409685039581 11.517608652171807 0.0012438585446530581 0.0011505875591294767 -0.00017707058683322786 -0.0028003775757214733 -0.70805592963514885 -0.026248171237902511 -0.0013387686120281473 -0.0044714438365950218 -0.35007665546396965 -0.017047912729574649 -0.47755931379584809 0.15047455834201962 -0.0064373296245636528 -0.034491810882372728 0.069213712629462271 -0.022862566496833187 -0.004026076063923867 -1.8070207614419809 34.332380488943336
leaf_weight=29 254 187 24 21 113 25 424 976 34 45 577 103 37 96 23 82 69 26 20 72 25 21 22
leaf_count=29 254 187 24 21 113 25 424 976 34 45 577 103 37 96 23 82 69 26 20 72 25 21 22
internal_value=-0.00189264 -0.000244203 -0.00339771 0.00102033 -0.00164803 0.000448203 0.0012049 -0.00264055 -0.00143286 -0.000864237 -6.96697e-05 -0.000358621 -0.00361007 -0.00330759 -0.00389605 0 -0.00656277 -0.0095814 -0.00860131 -0.00424365 -0.0114955 -0.00418824 0.0102921
internal_weight=3305 1045 294 751 240 708 611 2260 1020 945 831 216 1240 1177 999 178 114 63 75 97 54 41 43
internal_count=3305 1045 294 751 240 708 611 2260 1020 945 831 216 1240 1177 999 178 114 63 75 97 54 41 43
cat_boundaries=0 2 3 4 6 7 8
cat_threshold=209732034 33792 578052 1816578 36 147456 6 2
is_linear=0
shrinkage=0.04


Tree=75
num_leaves=22
num_cat=4
split_feature=31 26 3 8 10 20 40 17 40 22 31 28 22 32 5 25 19 25 7 22 22
split_gain=1.74247 2.47752 1.83411 1.74571 1.58862 1.58229 1.14928 2.17037 1.99098 1.11674 2.13462 1.51003 1.8985 1.78096 1.38075 1.08438 0.953325 0.741123 0.718785 0.26844 0.0844935
threshold=0 269.20805810070078 2.5000000000000004 55.400000000000013 1 4.0927227805317452 0.051315789473684217 1.7500000000000002 0.085144927536231887 -1.4499999999999997 2 -43.613856999999996 0.8500000000000002 3 0.75000000000000011 310.051035431956 4.4168067447364807 274.76000855406318 30.800000000000004 -0.54999999999999993 0.65000000000000002
decision_type=9 10 10 8 1 10 2 10 2 2 9 2 2 9 10 10 8 10 10 2 2
left_child=1 2 6 9 5 19 7 -1 -8 10 16 13 -13 -11 -12 20 -2 -7 -4 -3 -6
right_child=3 4 18 -5 15 17 8 -9 -10 11 14 12 -14 -15 -16 -17 -18 -19 -20 -21 -22
leaf_value=0.00073421932906157393 -0.0024369336960212351 -0.024329895020434478 4.0087090795943237 -1.1335371565839756 0.0023846118295732309 0.0028443899296928168 -0.0073419789067368062 -0.013271941773366524 0.0027307387417942587 -0.0022474488716013319 -0.00023691909935893207 -0.0013566097802499932 -0.007082494686181065 0.0009574536654665878 -0.1166521358071876 -0.0094950317120499859 -0.019894069828089906 -0.010190803742701959 61.853557237808531 -0.0090281827291134494 0.00098332806447906759
leaf_weight=665 51 21 21 37 20 23 129 98 198 576 210 260 267 492 26 20 81 26 21 32 22
leaf_count=665 51 21 21 37 20 23 129 98 198 576 210 260 267 492 26 20 81 26 21 32 22
internal_value=-0.00164913 -0.000487954 0.00017468 -0.00238528 -0.00506344 -0.00809662 -0.000144755 0.000703728 -0.00212481 -0.00222856 -0.00421651 -0.00176511 -0.00351561 -0.000895746 -0.00160808 0 -0.00806969 -0.00273267 0.00822989 -0.0128073 0.00363218
internal_weight=3296 1296 1132 2000 164 102 1090 763 327 1963 368 1595 527 1068 236 62 132 49 42 53 42
internal_count=3296 1296 1132 2000 164 102 1090 763 327 1963 368 1595 527 1068 236 62 132 49 42 53 42
cat_boundaries=0 2 3 5 6
cat_threshold=201327045 50176 2 544 196608 70
is_linear=0
shrinkage=0.04


Tree=76
num_leaves=24
num_cat=4
split_feature=34 7 18 36 39 8 8 21 19 39 22 7 30 25 25 2 39 5 22 12 39 7 17
split_gain=1.5545 1.82513 1.8109 1.38516 1.93788 1.36731 1.3352 1.70283 1.42451 1.22942 1.09606 1.7496 1.35861 2.03108 1.8772 1.11661 1.04801 1.13638 0.94067 0.819833 0.59184 0.559881 0.132818
threshold=0 13.250000000000002 10.500000000000002 1 152.15000000000003 15.100000000000001 23.300000000000001 10.407805606544571 4.7267065578412213 23.100000000000005 2.2500000000000004 1.4500000000000002 2 80.811546043736669 120.26350104595552 3 44.500000000000007 11.300000000000002 4.7500000000000009 5.5000000000000009 7.2500000000000009 24.600000000000005 8.4000000000000004
decision_type=9 10 10 1 8 10 8 10 8 10 2 10 9 10 8 1 8 10 2 2 10 10 10
left_child=1 2 3 4 -1 -3 10 8 9 -8 12 15 13 -2 -14 -12 17 -7 -5 -13 -4 -9 -10
right_child=6 5 20 18 -6 16 7 21 22 -11 11 19 14 -15 -16 -17 -18 -19 -20 -21 -22 -23 -24
leaf_value=0.0019874844056555576 0.00056326576693784599 3.540913003456597 -0.025398605389121087 -0.001865014753994565 -0.0063236106082172408 -0.27176759910264481 -0.024450945948024449 -0.11162797844166754 -0.17978130844549242 0.087887645615795054 -0.0037994638480491716 -0.051380810512842989 -0.007551112791498049 -0.0023394563481803844 -0.0019457845099791272 -0.0021175055398969891 1.2277538332976485 4.4104582088019315 0.14119715569751726 -0.012835419434485278 -0.027088594204681089 10.089205022537257 -0.51909375374028732
leaf_weight=177 483 21 21 937 48 26 27 20 31 22 20 37 149 735 202 163 33 26 46 26 31 20 24
leaf_count=177 483 21 21 937 48 26 27 20 31 22 20 37 149 735 202 163 33 26 46 26 31 20 24
internal_value=-0.00160469 -0.000550272 -0.000981371 -0.000659777 0.00210571 0.00444651 -0.00232327 -0.00603436 -0.00870142 -0.00352475 -0.00203578 -0.00451717 -0.00164152 -0.00097438 -0.00380138 -0.00248238 0.0020578 -0.00145794 -0.00130518 -0.0102016 -0.00818692 0.000915663 -0.0130619
internal_weight=3325 1366 1260 1208 225 106 1959 144 104 49 1815 246 1569 1218 351 183 85 52 983 63 52 40 55
internal_count=3325 1366 1260 1208 225 106 1959 144 104 49 1815 246 1569 1218 351 183 85 52 983 63 52 40 55
cat_boundaries=0 1 2 3 4
cat_threshold=49576 4 2083 1
is_linear=0
shrinkage=0.04


Tree=77
num_leaves=26
num_cat=5
split_feature=7 0 6 39 26 0 26 26 23 26 21 0 39 39 34 28 19 26 39 20 21 10 7 8 21
split_gain=2.60552 5.05632 3.98216 2.89652 2.54918 2.34638 1.78368 1.6718 1.87676 1.57992 1.54483 1.4078 1.40171 1.23588 2.60033 1.75617 1.52261 1.28071 1.05813 0.988604 0.884802 0.758943 0.741866 0.571642 0.214888
threshold=3.5500000000000003 0 9.2500000000000018 46.300000000000004 88.377654505832524 1 349.58610167540229 12.099845110042795 2.2500000000000004 259.7046972962699 6.0442081264477485 2 392.10000000000008 6.1250000000000009 3 -43.594391149999993 6.9329356414946508 173.20014255873596 6.4583333333333348 10.150002850747468 1.0334565736429178 4 8.3000000000000025 0.15000000000000005 10.681471933881866
decision_type=8 1 10 10 8 1 10 8 2 8 10 1 10 8 9 2 8 10 10 10 10 1 8 10 10
left_child=5 2 4 11 24 6 7 -1 -9 21 -6 22 19 14 16 17 -7 -15 -13 -5 -16 -4 -3 -17 -2
right_child=1 3 9 12 10 13 -8 8 -10 -11 -12 18 -14 15 20 23 -18 -19 -20 -21 -22 -23 -24 -25 -26
leaf_value=-0.0097544937726874534 -0.09635107012648636 -0.022217773361147088 1.0936029239847338 0.22850162885857661 -0.011400984050556815 0.0015929091720992617 0.0044241190197113946 -0.004759454644366343 -0.0013119739726235125 -0.96100530331329981 1.3774494595573856 -0.030878823560528394 -0.079902383927592621 0.00012240561689463191 -0.0038583107552490328 0.0011539160941151749 0.00086504775579282272 -0.0040803815029406996 -0.0089106963124858402 -0.40644252269628356 -6.8322063722376931e-05 20.887632306083983 -0.20943640071511513 0.0023690878230138604 -0.08498625579969786
leaf_weight=21 22 83 20 68 62 110 20 363 747 20 29 72 20 639 26 30 130 360 132 24 118 51 128 24 22
leaf_count=21 22 83 20 68 62 110 20 363 747 20 29 72 20 639 26 30 130 360 132 24 118 51 128 24 22
internal_value=-0.0014534 -0.00352286 0.00150737 -0.00560446 -0.00276923 -0.000848813 -0.00218323 -0.00241766 -0.00219343 0.00797838 0.00105946 -0.0072461 0 0.000233345 0.0021738 -0.000472262 0.00460437 -0.000857571 -0.00407425 0.00211765 -0.00204502 0.010731 -0.00960899 0.00645045 -0.0105055
internal_weight=3341 753 226 527 135 2588 1151 1131 1110 91 91 415 112 1437 384 1053 240 999 204 92 144 71 211 54 44
internal_count=3341 753 226 527 135 2588 1151 1131 1110 91 91 415 112 1437 384 1053 240 999 204 92 144 71 211 54 44
cat_boundaries=0 1 2 3 4 5
cat_threshold=1442912 292065 633356 3872 1
is_linear=0
shrinkage=0.04


Tree=78
num_leaves=28
num_cat=12
split_feature=36 31 31 34 0 8 24 8 22 8 0 0 34 31 22 11 0 7 24 11 22 22 24 28 26 19 22
split_gain=1.71711 3.76023 3.10863 2.86573 2.42624 2.52217 2.04635 1.8815 1.67875 1.61927 2.37557 1.8419 1.44741 1.43314 1.3745 1.33728 1.25638 1.19068 1.17172 1.05094 0.867615 1.41389 1.29229 0.847818 0.635597 0.595427 0.251896
threshold=0 1 2 3 4 11.850000000000003 282.69228504662908 16.300000000000001 -1.0000000180025095e-35 3.4500000000000006 5 6 7 8 -1.2499999999999998 9 10 0.15000000000000005 80.189627734296749 11 -0.6499999999999998 1.3500000000000003 231.27008884485272 -43.765219499999994 218.66817761441362 5.7646557096973945 -0.44999999999999996
decision_type=1 9 9 9 1 10 10 10 2 8 1 1 9 9 2 1 1 10 10 1 2 2 10 2 10 8 2
left_child=1 6 7 16 5 18 14 9 12 10 -2 -11 -6 -10 -1 -7 24 -18 -4 -9 22 -22 -5 -16 -3 -21 -8
right_child=2 3 4 20 8 15 26 19 13 11 -12 -13 -14 -15 23 -17 17 -19 -20 25 21 -23 -24 -25 -26 -27 -28
leaf_value=0.12928985133107163 -0.0033126474748711842 0.0020795210557774269 -0.00038728175507841912 0.0041238298983014236 -0.0017358554937925775 -0.055854327727028093 -0.018631122834456094 -0.025871059074188879 -0.0030192619710874523 0.00094401852580109139 0.00063064332993549859 -0.012979067250791943 -0.0077130038526159166 0.0027439313244758522 -0.0036475017734534276 -0.40753607514987389 0.0066550008276587396 -0.011587255729561026 -0.0034661695557456442 0.0030634968340752522 -0.0055437681400497671 0.0021914063498137005 -0.006849114178813025 -0.0016829800323668921 0.21606404714632937 0.37524092659554925 -0.00816799421398187
leaf_weight=27 405 63 104 29 125 29 20 27 126 109 526 215 272 310 52 58 73 54 300 30 82 38 33 127 44 42 27
leaf_count=27 405 63 104 29 125 29 20 27 126 109 526 215 272 310 52 58 73 54 300 30 82 38 33 127 44 42 27
internal_value=-0.00161804 0.000202792 -0.00206656 0.00252164 -0.00344291 -0.00568756 -0.00354631 -0.000701575 -0.00205802 -0.00112853 -0.000276676 -0.0035576 -0.00395985 -0.000361143 -0.00191807 -0.0119548 0.00536864 0.00215162 -0.00443403 0.00455721 -0.00122997 -0.00327572 0.00248819 -0.00320222 0.00859072 0.00704762 -0.0110928
internal_weight=3347 669 2678 416 1324 491 253 1354 833 1255 931 324 397 436 206 87 234 127 404 99 182 120 62 179 107 72 47
internal_count=3347 669 2678 416 1324 491 253 1354 833 1255 931 324 397 436 206 87 234 127 404 99 182 120 62 179 107 72 47
cat_boundaries=0 1 3 5 6 7 8 9 10 12 13 14 15
cat_threshold=4 1164 182272 134219206 182784 2536 82861 153012 13717 448 17 4096 1 119584 1
is_linear=0
shrinkage=0.04


Tree=79
num_leaves=17
num_cat=5
split_feature=31 7 27 34 24 21 40 24 0 0 7 24 10 27 40 24
split_gain=1.9662 1.76114 4.27189 2.79825 2.15204 2.12139 2.05364 2.42173 2.32555 1.99874 1.33461 1.38356 0.961734 0.885081 0.602114 0.907451
threshold=0 3.5500000000000003 11.500000000000002 1 102.61477775679172 23.68173099537491 0.036375661375661381 83.805369834790795 2 3 0.15000000000000005 216.95605357613434 4 209.00000000000003 0.085144927536231887 72.421191973545817
decision_type=9 8 2 9 8 10 2 10 1 1 10 10 1 2 2 10
left_child=10 5 -3 9 -5 6 7 -2 -8 -4 11 12 -1 14 15 -12
right_child=1 2 3 4 -6 -7 8 -9 -10 -11 13 -13 -14 -15 -16 -17
leaf_value=-0.026385134479238525 0.00048000616933702389 1.003682160048456 -0.11059837839204587 -0.062225522384279322 0.00041240267010373089 -0.87155855499035828 0.057734440859811546 -0.0010101132281400637 -0.011360060241634429 -0.014802967015367817 0.16578517222187777 0.081860539002108865 -1.3085662246794527e-05 0.53154818280525318 0.61643503322694526 -0.016917499725331683
leaf_weight=23 881 27 113 72 291 21 133 947 491 178 22 20 32 33 22 32
leaf_count=23 881 27 113 72 291 21 133 947 491 178 22 20 32 33 22 32
internal_value=-0.00126905 -0.00150308 -0.00330842 -0.00396339 -0.00143658 -0.0010095 -0.000895863 -0.000217546 -0.0028745 -0.00680331 0.00264962 -0.00128105 -0.00456637 0.00559276 0.00307097 0.000684685
internal_weight=3338 3154 681 654 363 2473 2452 1828 624 291 184 75 55 109 76 54
internal_count=3338 3154 681 654 363 2473 2452 1828 624 291 184 75 55 109 76 54
cat_boundaries=0 1 2 3 4 5
cat_threshold=134234368 7248 297984 336515 2
is_linear=0
shrinkage=0.04


Tree=80
num_leaves=25
num_cat=6
split_feature=31 26 0 19 0 34 18 26 26 25 34 22 31 39 19 7 18 20 7 25 39 22 39 39
split_gain=3.24964 2.38709 3.19507 2.4078 2.35758 2.62614 2.54307 2.79803 1.79748 1.7609 1.71211 3.64963 1.62748 2.25827 1.83898 1.38318 1.27958 1.1999 1.17908 1.6436 1.60558 1.13181 1.00271 1.3952
threshold=0 67.453198664659439 1 17.013374857031128 2 3 11.500000000000002 283.18809097709305 62.718276471590748 78.253281966694018 4 0.65000000000000002 5 300.55000000000007 4.9806189717544198 0.65000000000000002 19.500000000000004 3.4416539309446761 1.0000000180025095e-35 62.744165488123265 7.7500000000000009 3.6500000000000008 104.10000000000001 40.70000000000001
decision_type=9 8 1 10 1 9 8 10 10 10 9 2 9 10 10 10 10 8 8 10 8 2 10 8
left_child=1 8 10 17 12 18 7 -7 22 -8 11 -3 13 14 -2 -12 21 -4 19 -6 -20 -14 23 -1
right_child=4 2 3 -5 5 6 9 -9 -10 -11 15 -13 16 -15 -16 -17 -18 -19 20 -21 -22 -23 -24 -25
leaf_value=0.00023609941532590995 0.098341988844602185 0.020732910769181247 -0.0017035543553815204 3.9669432513993241 1.5740456136938975e-05 -0.0011532840450090376 -0.018478228333381707 0.0028167477570049827 0.021602673594155419 -0.51712755205266836 -0.0038916773582194785 -0.025076820923088407 -0.0066365345327652038 -0.071775137651371501 -0.00088151777079998445 -0.063359284947564834 3.5427354998884515 0.0011135746631807208 -0.016055216323544386 -0.0042302153930199359 -0.010720120547539019 0.51021631937862022 -0.013499832031477156 0.098676385349016765
leaf_weight=132 181 62 150 31 123 582 47 54 28 35 66 48 449 23 210 44 20 437 98 228 205 21 26 21
leaf_count=132 181 62 150 31 123 582 47 54 28 35 66 48 449 23 210 44 20 437 98 228 205 21 26 21
internal_value=-0.00137788 0.000471368 -0.000474092 0.0010135 -0.00221989 -0.00326563 -0.00153256 -0.000687059 0.00430695 -0.00811976 -0.0044838 -0.000641975 -0.000609503 0.00121739 0.00198217 -0.00788477 -0.00214955 0.000438403 -0.00510594 -0.00356879 -0.00702135 -0.00262566 0.002759 0.004
internal_weight=3321 1045 838 618 2276 1372 718 636 207 82 220 110 904 414 391 110 490 587 654 351 303 470 179 153
internal_count=3321 1045 838 618 2276 1372 718 636 207 82 220 110 904 414 391 110 490 587 654 351 303 470 179 153
cat_boundaries=0 2 3 4 5 6 8
cat_threshold=136332225 33280 182416 178264 5468 2496 8388646 26624
is_linear=0
shrinkage=0.04


Tree=81
num_leaves=11
num_cat=2
split_feature=17 30 39 17 32 35 18 39 21 21
split_gain=2.51623 2.43972 1.96809 1.75459 1.61982 1.65519 1.62682 1.46048 1.26137 0.740061
threshold=11.300000000000002 0 684.30000000000007 9.4000000000000021 1 1.0000000180025095e-35 2.5000000000000004 551.50000000000011 1.5949288099293006 18.394467136505142
decision_type=10 9 10 8 9 2 10 8 8 8
left_child=1 2 4 7 6 -6 -1 8 -3 -9
right_child=-2 3 -4 -5 5 -7 -8 9 -10 -11
leaf_value=-0.0023411564086233661 6.4683773684153998 0.0010040917023345841 -0.058883007618808388 -0.25304306819204092 -0.0037858971577563595 0.0012639848636223229 0.48003689502163793 0.053143318923496066 -0.0010929660319020584 0.17476285994028304
leaf_weight=98 29 173 37 30 1315 80 29 56 1483 23
leaf_count=98 29 173 37 30 1315 80 29 56 1483 23
internal_value=-0.00166284 -0.00176755 -0.002915 -0.00073065 -0.00270299 -0.00308425 0.00157401 -0.000563202 -0.000819306 0.00469565
internal_weight=3353 3324 1559 1765 1522 1395 127 1735 1656 79
internal_count=3353 3324 1559 1765 1522 1395 127 1735 1656 79
cat_boundaries=0 1 2
cat_threshold=1205 16
is_linear=0
shrinkage=0.04


Tree=82
num_leaves=16
num_cat=2
split_feature=17 8 0 8 25 39 8 0 39 6 19 5 8 39 19
split_gain=1.21708 1.10903 4.00607 2.37626 1.73986 1.5755 1.30652 2.81627 2.71539 2.54156 1.67157 1.63126 0.727982 0.66438 0.306427
threshold=11.300000000000002 18.950000000000003 0 33.70000000000001 221.7871157844888 51.800000000000004 10.700000000000001 1 6.8333333333333348 12.100000000000001 21.388696812954439 2.5500000000000003 23.300000000000001 28.100000000000005 5.7029785088212295
decision_type=10 10 1 10 10 10 10 1 10 10 10 8 10 10 10
left_child=1 6 3 12 5 -4 10 9 -9 -8 11 -1 -3 -5 -6
right_child=-2 2 4 13 14 -7 7 8 -10 -11 -12 -13 -14 -15 -16
leaf_value=-0.0013447950496173712 4.3385066909395356 4.7578551122100522e-05 -0.072423889807957637 4.6613432899192944 -0.011952372583633278 0.27068768582571578 -0.0044582161099654804 -0.028552294370093174 0.43784907877240714 -0.62750519682132844 -0.48749708489075966 -0.23163959853865329 -0.23180260459550192 0.028266924419202439 -0.66633000780324547
leaf_weight=2578 32 35 67 22 22 23 90 32 140 23 20 125 25 25 43
leaf_count=2578 32 35 67 22 22 23 90 32 140 23 20 125 25 25 43
internal_value=-0.00167035 -0.00174782 -0.00424288 0.00183966 -0.00803604 -0.00478689 -0.00152783 0.00104014 0.00413079 -0.00367871 -0.00179776 -0.00170752 -0.00321951 0.00861856 -0.0135038
internal_weight=3302 3270 262 107 155 90 3008 285 172 113 2723 2703 60 47 65
internal_count=3302 3270 262 107 155 90 3008 285 172 113 2723 2703 60 47 65
cat_boundaries=0 1 2
cat_threshold=1182787 887362
is_linear=0
shrinkage=0.04


Tree=83
num_leaves=24
num_cat=8
split_feature=31 0 21 22 36 0 3 34 34 24 22 31 0 21 39 25 22 29 21 40 17 26 5
split_gain=1.80577 2.87605 2.37999 2.77254 2.49233 3.47713 2.31025 2.12071 1.75262 2.7012 1.63334 1.56529 1.53617 2.03072 1.3381 1.48221 1.33792 1.2633 1.03239 1.03062 0.896582 0.840862 0.398565
threshold=0 1 22.732396861096216 2.4500000000000006 2 3 1.0000000180025095e-35 4 5 118.07771210799011 3.4500000000000006 6 7 12.725722760645249 300.55000000000007 73.977359008638885 -1.0499999999999998 172.68894550000002 13.667037123365812 0.051315789473684217 0.15000000000000005 143.87319241622762 5.3500000000000005
decision_type=9 1 10 2 1 1 8 9 9 10 2 9 1 8 8 10 2 2 10 2 10 10 10
left_child=2 6 3 4 7 -6 10 -1 14 19 11 -2 13 -5 15 -3 -8 -11 -14 -10 -12 -16 -4
right_child=1 8 22 12 5 -7 16 -9 9 17 20 -13 18 -15 21 -17 -18 -19 -20 -21 -22 -23 -24
leaf_value=-0.0022520105446333541 0.0022194891141644035 -0.00085053841622718452 0.0052106101808033854 0.14981268810155879 0.00044172997532268001 -0.0031917347850757239 -0.13167396114033808 0.0074590922719412591 -0.0024413476785617051 0.13980680149205563 -0.0011762759057862837 -0.0011648905396257269 -0.0077698741270729958 -0.013870878986449356 -0.036746113487414751 -0.0085673665257939655 -0.010813858295894293 0.00054986752247494059 -0.00074924449329575541 -0.033799870103274329 -0.011183532102942912 -0.030372646468007396 32.891569196771265
leaf_weight=106 212 158 25 37 619 629 25 201 137 20 38 190 129 71 36 321 39 147 24 69 27 41 25
leaf_count=106 212 158 25 37 619 629 25 201 137 20 38 190 129 71 36 321 39 147 24 69 27 41 25
internal_value=-0.00158618 -0.00263541 -0.000744607 -0.000989271 -0.000345647 -0.00114172 -0.000254378 0.00281947 -0.00397448 -0.00171131 0.000721451 0.0016803 -0.00479238 -0.00065272 -0.00542379 -0.00469927 -0.00729771 0.00200593 -0.00716109 -0.00480964 -0.00508271 -0.0104204 0.00772816
internal_weight=3326 1460 1866 1816 1555 1248 531 307 929 373 467 402 261 108 556 479 64 167 153 206 65 77 50
internal_count=3326 1460 1866 1816 1555 1248 531 307 929 373 467 402 261 108 556 479 64 167 153 206 65 77 50
cat_boundaries=0 2 3 4 5 6 7 9 10
cat_threshold=211816787 241664 1687634 4 650518 9360 3920 652 2048 796672
is_linear=0
shrinkage=0.04


Tree=84
num_leaves=25
num_cat=5
split_feature=31 36 3 39 34 34 22 22 22 34 25 26 5 6 39 20 23 26 7 19 5 12 8 22
split_gain=2.91851 2.15799 1.84193 2.40453 1.75465 1.75281 2.24567 2.02904 1.67285 1.84069 2.07793 2.43577 1.74605 1.55831 1.45952 1.36141 1.30769 1.14795 1.09961 1.41468 1.00348 0.771695 0.739243 0.214135
threshold=0 1 0.55000000000000016 137.50000000000003 2 3 -2.9499999999999997 0.25000000000000006 3.1500000000000008 4 245.30499798603543 265.82142489348507 9.5000000000000018 14.100000000000001 49.266666666666673 0.80201929496987345 2.2500000000000004 266.70851435000003 0.15000000000000005 6.0456409363482893 0.75000000000000011 5.5000000000000009 0.15000000000000005 3.8500000000000001
decision_type=9 1 8 8 9 9 2 2 2 9 8 8 10 10 8 10 2 10 10 8 10 2 10 2
left_child=8 4 5 13 17 6 -3 -7 9 10 16 -12 14 -4 -11 -6 -1 22 19 -10 -17 -20 -2 -21
right_child=1 2 3 -5 15 7 -8 -9 18 12 11 -13 -14 -15 -16 20 -18 -19 21 23 -22 -23 -24 -25
leaf_value=-0.0024523047177964232 -0.00097638230762875367 0.0012181946519415022 -0.32769246689546733 2.9724472389154348 0.096209168132518216 -0.0043051468097556975 -0.0052105187087919625 0.00073015024397678381 0.062992692428666217 -0.00036045908488516079 0.16553985317435807 0.00081446797912565927 13.121190188573298 -0.58400916637394862 -0.010453930063039962 0.00017714837167776665 0.00086291553095605876 0.001790473250765352 -0.019463278940090093 -0.016121950251952732 1.636182583543021 -0.024525832598918863 -0.016857067943805894 -0.0028406659043302084
leaf_weight=184 41 69 84 21 27 343 568 316 20 400 91 210 26 23 219 203 264 29 25 21 33 24 60 25
leaf_count=184 41 69 84 21 27 343 568 316 20 400 91 210 26 23 219 203 264 29 25 21 33 24 60 25
internal_value=-0.00132171 -0.00239431 -0.00311947 -0.00770656 0.000242274 -0.00268054 -0.00416037 -0.00116033 -1.18382e-05 0.000371193 0.00170677 0.00429091 -0.00118507 -0.0101198 -0.00164061 0.00210565 0 -0.00337809 -0.00461803 -0.00115556 0.00117053 -0.00906931 -0.00563902 -0.00501053
internal_weight=3326 1817 1424 128 393 1296 637 659 1509 1394 749 301 645 107 619 263 448 130 115 66 236 49 101 46
internal_count=3326 1817 1424 128 393 1296 637 659 1509 1394 749 301 645 107 619 263 448 130 115 66 236 49 101 46
cat_boundaries=0 2 3 4 5 6
cat_threshold=411043275 36864 4 1296 5952 20008
is_linear=0
shrinkage=0.04


Tree=85
num_leaves=27
num_cat=3
split_feature=38 31 8 12 18 21 29 4 31 39 39 39 4 8 26 26 22 26 25 28 21 26 21 29 22 8
split_gain=2.10093 2.21513 2.16608 2.49732 2.0235 3.02203 1.84628 1.74767 1.71072 1.59954 1.59622 1.54628 1.52463 1.48497 1.56068 2.5664 1.4197 1.89679 1.27312 1.18466 1.1014 1.031 0.78679 0.663271 0.521572 0.0214668
threshold=0 1 5.4500000000000011 6.5000000000000009 6.5000000000000009 21.471620260365601 172.96692750000003 4.4500000000000011 2 6.1250000000000009 38.675000000000004 36.900000000000006 1.4500000000000002 3.5500000000000003 66.042962438560849 248.16355404348135 0.25000000000000006 209.91125156803795 131.13548587669177 -43.607642999999996 7.1975920866091592 43.372999151751834 7.4716457488395323 172.91351650000004 0.55000000000000016 1.7500000000000002
decision_type=1 9 8 2 10 10 2 10 9 8 10 10 10 10 10 10 2 10 10 2 10 10 10 2 2 10
left_child=8 6 4 10 5 -3 7 12 9 19 -4 -5 -2 14 24 -16 17 -15 -6 20 -1 -11 -23 -18 -10 -8
right_child=1 2 3 11 18 -7 25 -9 13 21 -12 -13 -14 16 15 -17 23 -19 -20 -21 -22 22 -24 -25 -26 -27
leaf_value=-0.00086918489543608146 0.00050262043634841547 -0.00092485902936932261 -0.03259586743383007 0.35237155969150025 0.0046088142444622804 -0.33981570571946207 -0.035472204494002818 29.555416979926978 -0.0057403099939919147 -0.0039225999163293324 -0.038890444467501659 -0.14277743909477408 -0.27785381357570288 -0.04133865049677915 0.0020844808808090855 -0.0041403989440892634 -0.056255518996792202 0.38818081776683072 3.0322506724707723 -0.0088233979395388393 0.10834628374208745 -0.012438899738413235 -0.010670259377353197 -0.01246325243616127 -0.00024092347248693359 -0.031703575850512457
leaf_weight=22 853 1263 222 50 32 26 20 33 51 23 111 43 26 37 136 49 31 21 22 22 20 83 55 21 31 20
leaf_count=22 853 1263 222 50 32 26 20 33 51 23 111 43 26 37 136 49 31 21 22 22 20 83 55 21 31 20
internal_value=-0.00146127 -0.000972736 -0.00180736 -0.00429942 -0.00102492 -0.00134676 0.000579139 0.000961138 -0.00358272 -0.00633404 -0.0059133 0.00146032 0.000611016 -0.00179665 -0.000216015 0.00181233 -0.00572197 -0.00131092 0.00645045 -0.00119084 0.00271264 -0.00872615 -0.0100215 -0.0104299 -0.00476647 -0.00766265
internal_weight=3323 2721 1769 426 1343 1289 952 912 602 225 333 93 879 377 267 185 110 58 54 64 42 161 138 52 82 40
internal_count=3323 2721 1769 426 1343 1289 952 912 602 225 333 93 879 377 267 185 110 58 54 64 42 161 138 52 82 40
cat_boundaries=0 1 3 5
cat_threshold=2 134218049 176128 3429 12288
is_linear=0
shrinkage=0.04


Tree=86
num_leaves=23
num_cat=9
split_feature=31 0 8 34 34 0 7 0 31 31 20 21 7 8 21 34 20 26 23 21 20 6
split_gain=2.29681 3.47304 2.63863 2.37879 1.72524 3.27734 2.88427 2.52589 2.7177 1.61716 1.486 1.46626 1.34906 1.65868 1.16707 1.19761 1.32027 1.26089 1.03673 0.999577 0.77676 0.356371
threshold=0 1 46.70000000000001 2 3 4 3.0500000000000003 5 6 7 5.0511938591725656 17.915328852643984 7.7500000000000009 0.15000000000000005 22.073303857924223 8 3.8692775732030573 246.43154400369778 2.3500000000000001 9.78204939373237 1.6193412207319238 22.300000000000001
decision_type=9 1 8 9 9 1 10 1 9 9 10 10 10 10 10 9 10 10 2 10 10 10
left_child=1 14 4 10 5 6 -2 8 -6 -9 20 -7 13 -5 15 17 -17 -1 -12 -14 -3 -4
right_child=2 3 21 12 7 11 -8 9 -10 -11 18 -13 19 -15 -16 16 -18 -19 -20 -21 -22 -23
leaf_value=0.00042847641831951223 0.0016693748037167567 -0.0003056738262548464 -0.38392798054863642 -0.0044316636567080002 0.0019833546781477195 -0.0043233405605053576 -0.098462687890067499 -0.0061448722865331366 -0.0025288932992035386 -0.0019736574875541635 0.0023516717507969355 -0.051584305092415031 -0.1898910719236325 -0.001187557759765987 1.5782445304878361 0.00060286549417956083 0.062366650156831016 -0.0047486345804193418 -0.0085297708436852925 -0.0087106336464891684 0.074904485479617075 -1.4845405171421338
leaf_weight=191 194 24 23 168 227 497 49 274 416 326 46 34 41 278 20 232 134 57 25 28 54 23
leaf_count=191 194 24 23 168 227 497 49 274 416 326 46 34 41 278 20 232 134 57 25 28 54 23
internal_value=-0.00157561 -0.000242841 -0.00239961 -0.00224722 -0.00218875 -0.00366391 0.000227898 -0.00122599 0.000516425 -0.00307114 0.00210592 -0.00541567 -0.00352896 -0.00276648 0.00185593 0.00155646 0.00296159 -0.000608863 -0.00190345 -0.00876596 0.00601258 -0.0117474
internal_weight=3361 1298 2063 664 2017 774 243 1243 643 600 149 531 515 446 634 614 366 248 71 69 78 46
internal_count=3361 1298 2063 664 2017 774 243 1243 643 600 149 531 515 446 634 614 366 248 71 69 78 46
cat_boundaries=0 2 3 4 5 6 7 9 11 12
cat_threshold=402655042 167936 920922 768 1360 34915 1799704 145 278528 137 81920 3840
is_linear=0
shrinkage=0.04


Tree=87
num_leaves=26
num_cat=8
split_feature=31 34 20 38 34 26 31 20 20 23 23 22 39 18 27 5 11 23 31 21 26 40 32 39 27
split_gain=1.69876 2.88852 1.84566 1.77974 2.28113 2.74585 1.50179 1.86881 1.97971 1.47507 1.47082 1.85566 1.73745 1.39039 1.70219 1.68147 1.3724 1.36501 1.32188 1.87879 1.0815 1.0717 0.95892 0.796118 0.312794
threshold=0 1 19.257535991058134 2 3 89.967699397501846 4 4.2398652340422709 6.746199163464337 2.4500000000000006 2.2500000000000004 1.1500000000000001 5.5000000000000009 10.500000000000002 211.00000000000003 0.15000000000000005 5 2.2500000000000004 6 2.8051352536751923 335.2678920763131 0.14039408866995076 7 11.225000000000001 186.50000000000003
decision_type=9 9 10 1 9 8 9 8 8 2 2 2 8 10 2 10 1 2 9 8 10 2 9 8 2
left_child=1 6 10 13 5 17 7 9 -9 -1 12 -12 -3 14 15 -2 -7 -5 19 -6 -20 22 -8 -16 -23
right_child=3 2 -4 4 18 16 21 8 -10 -11 11 -13 -14 -15 23 -17 -18 -19 20 -21 -22 24 -24 -25 -26
leaf_value=-0.00059688088884403358 -0.0028852873326702879 0.0013558886312866037 3.5275232687584221 -0.014128805948310657 0.14642030874082365 0.073837140842420282 -0.0039951694463770697 -0.0069644805241733648 -0.00059738189995169218 0.18640711541124483 6.2162562639116455e-05 0.0041675643169618226 -0.0027594434936227328 -0.17158131273249053 -0.0086925799529190689 0.14623428320278145 0.00063770640864348139 -0.00057985352923626719 -0.0042442291831859789 -0.0018368362997571097 -0.014925669068095076 -0.065124672024686081 -0.00028493774282292608 -0.0093026331588218093 -0.028277833339471332
leaf_weight=89 154 29 31 39 21 80 234 56 189 63 385 229 231 32 35 30 103 77 798 143 22 28 183 44 22
leaf_count=89 154 29 31 39 21 80 234 56 189 63 385 229 231 32 35 30 103 77 798 143 22 28 183 44 22
internal_value=-0.00141496 -0.000549284 0.00102346 -0.00236427 -0.0016825 0.00134622 -0.00219075 -0.000337821 -0.0025071 0.00311401 0.000683038 0.00175142 -0.00182792 -0.00514845 -0.00430246 -0.00214555 0.0044336 -0.00338723 -0.00260974 0.000672365 -0.00326879 -0.00371578 -0.00310155 -0.0091677 -0.00928155
internal_weight=3347 1769 905 1578 1283 299 864 397 245 152 874 614 260 295 263 184 183 116 984 164 820 467 417 79 50
internal_count=3347 1769 905 1578 1283 299 864 397 245 152 874 614 260 295 263 184 183 116 984 164 820 467 417 79 50
cat_boundaries=0 2 3 4 5 7 8 10 11
cat_threshold=402658288 182272 10056 2 18696 134218080 133120 2 1 8192 19
is_linear=0
shrinkage=0.04


Tree=88
num_leaves=31
num_cat=9
split_feature=31 0 8 5 22 0 0 22 31 6 31 24 22 24 24 6 34 26 34 8 8 23 8 10 35 8 26 24 8 27
split_gain=2.02706 1.95563 2.61125 2.16268 1.94754 2.59528 2.12003 1.51908 1.83464 1.50362 1.47417 1.39219 1.36998 1.45446 1.36571 1.15531 1.153 1.02731 1.00342 2.0474 1.69649 1.53078 1.24584 0.965332 0.929971 0.833425 0.826826 1.41224 0.761927 0.571834
threshold=0 1 16.450000000000003 8.5500000000000025 0.55000000000000016 2 3 1.1500000000000001 4 3.1500000000000008 5 312.08129618090987 1.9500000000000002 207.88324791537028 70.488589567089249 0.75000000000000011 6 67.453198664659439 7 14.100000000000001 1.0000000180025095e-35 2.2500000000000004 9.0500000000000025 8 1.0000000180025095e-35 24.700000000000006 276.61170402150231 216.95605357613434 28.850000000000005 232.50000000000003
decision_type=9 1 8 10 2 1 1 2 9 10 9 10 2 10 8 10 9 8 9 10 8 2 8 1 2 10 8 10 10 2
left_child=4 18 3 11 5 9 12 14 -9 15 17 -3 24 -14 -8 -1 -12 -7 19 20 -2 23 -23 -20 -6 -21 27 -4 -28 -11
right_child=1 2 26 -5 6 10 7 8 -10 29 16 -13 13 -15 -16 -17 -18 -19 21 25 -22 22 -24 -25 -26 -27 28 -29 -30 -31
leaf_value=0.0021388897151540932 -0.0019499141546100419 -0.00050141714789104347 -0.29943936937947224 -1.1570030915613057 0.1367817951739283 0.0036895373938425281 0.00086683037558859871 -0.0058006347882052188 0.0002089665502446536 0.44410801238040298 0.0024372568375211935 -0.0047827496507667358 0.11598395221514128 -0.034409358136647743 -0.0068904535700341895 -0.0057866989579521896 -0.0013255828466704677 -0.012410929017052546 -0.0017870374241721265 0.17850657405096543 -0.010754618879486699 0.00051080847027565215 -0.26294576519181256 -0.0051836933041572485 -0.0089370540078033047 -0.085298602557937683 -0.037675569444974001 0.15604056494571505 -0.0085307323693631972 9.7288315716690157
leaf_weight=259 107 1100 50 21 103 27 27 108 201 27 114 70 45 36 103 36 276 105 21 24 121 138 20 36 20 21 36 41 20 28
leaf_count=259 107 1100 50 21 103 27 27 108 201 27 114 70 45 36 103 36 276 105 21 24 121 138 20 36 20 21 36 41 20 28
internal_value=-0.00150127 -0.00239347 -0.00156947 -0.000954298 -0.000404848 0.000821981 -0.00207603 -0.00359156 -0.00211916 0.00342462 -0.000970947 -0.000715322 0.00129002 -0.00264242 -0.00728517 0.00235413 0.000293898 -0.00444599 -0.00456056 -0.00624956 -0.00800871 -0.00219868 -0.000238245 -0.00782906 0.004 0.00124731 -0.00658586 -0.00408649 -0.0104 0.00952212
internal_weight=3341 1826 1338 1191 1515 872 643 439 309 350 522 1170 204 81 130 295 390 132 488 273 228 215 158 57 123 45 147 91 56 55
internal_count=3341 1826 1338 1191 1515 872 643 439 309 350 522 1170 204 81 130 295 390 132 488 273 228 215 158 57 123 45 147 91 56 55
cat_boundaries=0 2 3 4 5 7 9 10 11 12
cat_threshold=411059651 168960 17804 1516178 11585 1027 131072 64 131072 2336 5960 4
is_linear=0
shrinkage=0.04


Tree=89
num_leaves=25
num_cat=6
split_feature=20 0 22 0 20 22 22 30 30 0 21 18 23 22 26 23 25 22 25 18 25 21 2 24
split_gain=2.14212 3.71658 4.49749 2.53842 2.41113 2.74651 2.8023 1.99216 1.7847 1.68156 1.95914 1.67967 1.81757 1.54047 1.55705 1.35309 1.34081 1.30099 1.26512 0.700078 0.653417 1.03345 0.61626 0.458848
threshold=3.3281435009860973 0 -2.2499999999999996 1 14.923617163994122 3.7500000000000004 -0.84999999999999998 2 3 4 3.7754038634340596 2.5000000000000004 2.3500000000000001 3.4500000000000006 207.25098160929835 2.4500000000000006 310.051035431956 0.75000000000000011 77.615527430769092 1.0000000180025095e-35 235.87210661535329 2.531010228014861 5 285.40264083700771
decision_type=8 1 2 1 8 2 2 9 9 1 8 10 2 2 8 2 10 2 10 10 10 10 1 10
left_child=1 11 -3 4 5 6 -2 9 16 10 -5 12 22 14 -9 -11 -4 -6 -10 -15 21 -13 -1 -14
right_child=3 2 8 7 17 -7 -8 13 18 15 -12 20 23 19 -16 -17 -18 -19 -20 -21 -22 -23 -24 -25
leaf_value=-0.0022440459460037411 0.00080867357583041871 -0.0094894421447706996 -0.0021703005594638468 -0.03867486692020343 -0.011357220502817516 0.88510458476423992 -0.0084639501728967122 -0.0047928949256824541 -0.0097149144501288733 -0.0019019389213242022 0.0018971536278676383 -0.0080629835052186041 -0.0055228895856494018 -0.0023123649678937854 -1.9089234641924691e-05 0.0039950971762704058 -0.0046137203218710359 -0.058658167986564716 0.0032889129792966544 -0.026275945129855885 -0.076022272623490331 -0.046569239221019708 0.0006012288287362466 -0.0020685494420249915
leaf_weight=62 85 34 322 20 34 20 244 279 83 598 386 23 69 31 411 196 35 28 231 39 34 25 31 20
leaf_count=62 85 34 322 20 34 20 244 279 83 598 386 23 69 31 411 196 35 28 231 39 34 25 31 20
internal_value=-0.00185486 -0.00343946 -0.00181158 -0.00120464 -0.00401893 -0.0027903 -0.00368533 -0.00058737 -0.0010974 0.000427569 0.00248623 -0.00739746 -0.00543869 -0.00217498 -0.00161678 -0.000643079 -0.00297965 -0.0113071 0.00109985 -0.0078042 -0.0124311 -0.00884848 -0.00146032 -0.00948066
internal_weight=3340 969 705 2371 411 349 329 1960 671 1200 406 264 182 760 690 794 357 62 314 70 82 48 93 89
internal_count=3340 969 705 2371 411 349 329 1960 671 1200 406 264 182 760 690 794 357 62 314 70 82 48 93 89
cat_boundaries=0 1 2 3 4 5 6
cat_threshold=86388 8329 2126 2054 1770528 2
is_linear=0
shrinkage=0.04


Tree=90
num_leaves=29
num_cat=9
split_feature=0 31 34 32 22 26 30 22 21 21 18 24 31 31 24 0 3 21 21 39 21 23 23 17 0 24 19 21
split_gain=2.04945 2.14609 2.56169 2.09388 2.8639 2.01658 2.34674 2.02924 1.98528 1.92488 2.04871 1.91707 2.22003 1.88115 1.90914 1.79717 1.67649 2.12775 1.60074 1.22579 1.20554 1.19355 1.17037 1.75669 0.982905 0.972361 0.252024 0.13235
threshold=0 1 2 3 3.4500000000000006 269.20805810070078 4 1.1500000000000001 18.614195616974818 6.1857851902722016 18.500000000000004 71.857463710245298 5 6 74.09906022589594 7 1.0000000180025095e-35 11.755499462254447 4.1661201230937861 21.300000000000001 6.5956758697674651 2.2500000000000004 2.4500000000000006 0.55000000000000016 8 123.68714042451761 4.4168067447364807 19.593293024039067
decision_type=1 9 9 9 2 10 9 2 8 8 10 8 9 9 10 1 10 8 10 10 10 2 2 10 1 10 10 10
left_child=3 2 8 13 5 6 -5 -7 24 10 19 21 -13 14 -1 25 17 -15 -17 -3 -16 -11 23 -6 -2 -4 -18 -10
right_child=1 9 15 4 22 7 -8 -9 27 11 -12 12 -14 16 20 18 26 -19 -20 -21 -22 -23 -24 -25 -26 -27 -28 -29
leaf_value=0.16158260950553563 0.0020029871017133161 -0.00220496936866903 -0.0058812084929063604 -0.00077000473953242837 0.00048262552422135841 -0.0086036819238919197 0.0026681195124299783 0.0031917291450385757 -0.030394253460356849 -0.0028662520356626687 -0.87208418052933956 0.00022383036569939563 -0.0084672007188877525 -0.0086457780098880485 0.0029755180944823147 0.0024869651154622828 -0.14602355943170175 0.0010859798394912269 0.19780539975927278 -0.013735849393303514 -0.022289965782585366 0.0020569486365058154 -0.0093617503282119683 -0.027636111578239985 -0.0039671233412092201 0.048469422708756905 -0.13002921500612211 -0.054118034318002016
leaf_weight=33 107 372 55 266 44 83 482 28 22 47 26 224 417 210 42 83 21 102 69 170 30 121 26 25 106 46 20 20
leaf_count=33 107 372 55 266 44 83 482 28 22 47 26 224 417 210 42 83 21 102 69 170 30 121 26 25 106 46 20 20
internal_value=-0.0017032 -0.00256156 -0.000304139 -0.00053249 0.00053651 0.001276 0.00202535 -0.00371556 -0.00306942 -0.00338351 -0.00519403 -0.00214436 -0.00314086 -0.00272204 0.00187124 0.00248771 -0.00410974 -0.00318341 0.00512538 -0.00463293 -0.00160544 0.00164012 -0.00598964 -0.0030922 -0.00157576 -0.00158222 -0.0117176 -0.0109885
internal_weight=3297 1885 508 1412 954 859 748 111 255 1377 568 809 641 458 105 253 353 312 152 542 72 168 95 69 213 101 41 42
internal_count=3297 1885 508 1412 954 859 748 111 255 1377 568 809 641 458 105 253 353 312 152 542 72 168 95 69 213 101 41 42
cat_boundaries=0 1 3 4 5 6 8 10 11 12
cat_threshold=757314 402669592 81920 7496 82 1025 1062 8192 521 149504 12553 1060881
is_linear=0
shrinkage=0.04


Tree=91
num_leaves=17
num_cat=9
split_feature=7 38 31 34 25 31 0 0 39 22 34 0 32 17 22 21
split_gain=2.04099 1.77374 1.82952 2.04911 1.75655 1.74958 3.19736 2.19242 1.9205 1.88011 1.74649 1.39852 1.34788 1.09513 0.76107 0.724347
threshold=69.100000000000009 0 1 2 241.48202665346864 3 4 5 8.8750000000000018 -1.3499999999999999 6 7 8 5.3000000000000016 0.65000000000000002 3.6426287107184536
decision_type=10 1 9 9 10 9 1 1 8 2 9 1 9 8 2 10
left_child=1 2 3 15 -5 6 8 13 -3 -8 14 -12 -9 -7 -4 -1
right_child=-2 5 10 4 -6 7 9 12 -10 -11 11 -13 -14 -15 -16 -17
leaf_value=0.00058420844820982864 5.8525649262800066 0.00082595677195776321 -0.0066472661828358426 0.005750046425382749 -0.002551295581428299 -0.0013480012488558657 0.0026278600387528782 -0.003647959260667584 -0.011959917922889609 0.00039405440630524424 -0.00034802196805413746 -0.005392963242611586 -0.0003569144830316873 -0.18519600843699721 -0.021779050462609712 -0.0072395153841595498
leaf_weight=25 29 93 71 79 32 919 121 613 232 513 110 143 200 39 31 78
leaf_count=25 29 93 71 79 32 919 121 613 232 513 110 143 200 39 31 78
internal_value=-0.00183751 -0.00193243 -0.00395866 -0.000878049 0.00275918 -0.00148751 -0.000100979 -0.0022317 -0.003263 0.00154609 -0.00572442 -0.00354631 -0.00375743 -0.000905621 -0.0102026 -0.00469869
internal_weight=3328 3299 569 214 111 2730 959 1771 325 634 355 253 813 958 102 103
internal_count=3328 3299 569 214 111 2730 959 1771 325 634 355 253 813 958 102 103
cat_boundaries=0 1 3 4 6 7 8 9 10 11
cat_threshold=2 154 163840 5456 67116353 290816 315480 1047616 6400 62497 7
is_linear=0
shrinkage=0.04


Tree=92
num_leaves=28
num_cat=9
split_feature=17 0 20 40 0 31 21 0 37 31 31 31 24 20 8 5 3 20 20 25 18 24 21 20 21 21 31
split_gain=1.8124 2.8565 2.99853 2.48619 2.92364 2.8212 2.69974 2.6507 2.25451 2.07455 1.95141 1.71823 1.40829 1.34885 1.28715 1.20199 1.03211 0.987061 2.5411 0.987043 0.894397 0.799894 0.769078 0.765967 0.647536 0.999187 0.854115
threshold=0.65000000000000002 0 22.295370033520495 0.057189542483660136 1 2 6.6351783581763888 3 4 5 6 7 61.628157297464732 12.627400248446696 14.100000000000001 0.15000000000000005 0.45000000000000007 3.0541062674841517 8.5368468339946073 50.662073486707094 10.500000000000002 297.32416297113696 5.8731797281594389 15.683865181767029 3.5967873935063639 1.324190411534141 8
decision_type=8 1 10 2 1 9 8 1 1 9 9 9 10 10 8 10 10 10 10 10 10 10 10 10 8 10 9
left_child=3 2 9 4 8 13 -7 12 22 14 15 -10 -5 -6 -2 19 -17 21 -19 -3 -11 -9 -1 -14 25 -12 -26
right_child=1 10 -4 7 5 6 -8 17 11 20 24 -13 23 -15 -16 16 -18 18 -20 -21 -22 -23 -24 -25 26 -27 -28
leaf_value=-0.00018834883052250008 -0.047045373629915004 -0.012180956549693978 47.012821643001629 -0.025731080633565464 -0.0054341175900766278 -0.0021489453407805216 0.00087677122887985348 -0.011227731336736487 0.0027660701542744628 0.019574210435303937 -0.11241945265614088 0.00038777047368007803 0.08751894535025434 0.00028335999573036118 -0.00031072706021769038 -0.082907608078812187 -0.0058194049736343704 0.0037340005168316637 -0.020801771535830706 0.0035109117829832215 -0.046769747530166404 -0.025237561902123284 -0.0052991983523534361 0.49323821705565274 -0.009542954191180595 -0.0042647316663944326 -0.048772131541491695
leaf_weight=93 140 30 22 24 188 199 284 152 216 146 28 589 80 54 86 56 49 113 158 93 67 23 65 20 112 57 166
leaf_count=93 140 30 22 24 188 199 284 152 216 146 28 589 80 54 86 56 49 113 158 93 67 23 65 20 112 57 166
internal_value=-0.00143681 -0.00280778 -0.00037672 -0.000795751 -2.24919e-05 -0.00192532 -0.00011729 -0.00307612 0.00141406 -0.00113053 -0.00461079 0.00227557 0.00205166 -0.005357 -0.00369684 -0.00149478 -0.00467606 -0.00445464 -0.00300183 0.00110843 0.00168374 -0.00690085 -0.00282006 0.00431527 -0.00645661 -0.00344509 -0.00757782
internal_weight=3310 1052 461 2258 1688 725 483 570 963 439 591 805 124 242 226 228 105 446 271 123 213 175 158 100 363 85 278
internal_count=3310 1052 461 2258 1688 725 483 570 963 439 591 805 124 242 226 228 105 446 271 123 213 175 158 100 363 85 278
cat_boundaries=0 1 2 4 5 6 8 10 12 14
cat_threshold=427252 1686147 17 90112 134160 2 620 102400 1611 135168 812 32768 132 98304
is_linear=0
shrinkage=0.04


Tree=93
num_leaves=24
num_cat=6
split_feature=31 22 0 0 3 22 19 26 22 34 0 22 22 39 0 39 5 21 25 26 21 24 39
split_gain=2.09211 1.95311 3.34524 2.17966 2.02705 2.15656 1.97434 1.67613 1.85352 1.82111 2.13299 1.82594 1.79569 1.6016 1.53141 1.51082 1.83874 1.69597 1.37037 1.149 0.839405 0.702916 0.574857
threshold=0 2.4500000000000006 1 2 1.5500000000000003 -1.1499999999999997 2.8611214239773424 323.96153396496112 1.3500000000000003 3 4 -1.2499999999999998 4.7500000000000009 13.100000000000001 5 104.10000000000001 2.5500000000000003 4.8878714545276933 265.40665442266567 29.364928806759426 15.578108340753374 74.866260379957581 12.100000000000001
decision_type=9 2 1 1 10 2 8 10 2 9 1 2 2 10 1 10 10 8 8 8 8 10 10
left_child=1 3 13 15 5 -5 -4 9 22 10 11 -2 14 21 -11 16 -1 -17 -8 -12 -15 -3 -9
right_child=7 2 6 4 -6 -7 18 8 -10 12 19 -13 -14 20 -16 17 -18 -19 -20 -21 -22 -23 -24
leaf_value=0.0012184807804486121 -0.0046854182360879905 0.00061675015294738956 -0.013901598861067352 -0.0068141137393159567 8.4203244738193987 -0.0012915414365783561 -0.011062222804143698 -0.0043530450252100648 5.9569627770130752e-05 -0.0072894521747979548 0.0013112652657574131 0.0037529296806526348 0.16472977642572631 0.21873357618596431 4.9338381141499357e-05 -0.024228059426038336 -0.29194530704470339 0.0072739809793691632 0.00051917792855146413 -0.0050490921584403379 0.018698196964310514 -0.032617720672011484 -0.014198782589881808
leaf_weight=542 67 23 36 190 34 592 76 20 27 318 33 170 34 31 404 39 55 56 38 453 32 20 41
leaf_count=542 67 23 36 190 34 592 76 20 27 318 33 170 34 31 404 39 55 56 38 453 32 20 41
internal_value=-0.0016138 -0.000652211 -0.00387573 -0.00010467 -0.00149607 -0.00193746 -0.00741796 -0.00267216 -0.00802235 -0.00236272 -0.00378216 -0.000555332 -0.000935505 0.00168511 -0.00137941 0.00153234 0.00230242 -0.00308808 -0.00517749 -0.00530251 0.00586047 -0.004 -0.011808
internal_weight=3331 1764 256 1508 816 782 150 1567 88 1479 723 237 756 106 722 692 597 95 114 486 63 43 61
internal_count=3331 1764 256 1508 816 782 150 1567 88 1479 723 237 756 106 722 692 597 95 114 486 63 43 61
cat_boundaries=0 2 3 4 5 6 7
cat_threshold=402675554 62464 796672 1692354 3408 170096 427497
is_linear=0
shrinkage=0.04


Tree=94
num_leaves=29
num_cat=8
split_feature=0 31 8 39 19 26 40 31 17 36 39 34 22 0 24 11 24 8 24 22 29 22 7 34 19 8 7 7
split_gain=2.13383 2.09963 2.69274 2.04694 2.11487 1.80484 2.1166 1.57802 1.9536 2.01118 3.63976 1.94973 2.10433 1.69516 2.32588 1.45578 1.37556 1.31002 1.28553 1.20809 1.00636 1.51985 1.4964 1.21831 0.852599 0.459318 0.429613 0.0565662
threshold=0 1 3.3500000000000001 15.225000000000001 3.0198228849632498 46.404089155556285 0.054093567251461992 2 4.1000000000000005 3 399.10000000000008 4 0.55000000000000016 5 44.011296747711974 6 84.73179312291289 55.400000000000013 255.27354862363222 -1.4499999999999997 171.24883065000003 -3.6499999999999999 1.0000000180025095e-35 7 1.8575358982411483 9.0500000000000025 0.15000000000000005 28.550000000000004
decision_type=1 9 8 8 10 8 2 9 10 1 10 9 2 1 10 1 8 8 10 2 2 2 10 9 10 10 10 10
left_child=7 20 5 4 -4 24 -7 8 9 18 -11 12 15 19 -15 -9 -14 -5 -1 -13 25 22 -22 -23 -3 26 -2 -10
right_child=1 2 3 17 -6 6 -8 11 27 10 -12 13 16 14 -16 -17 -18 -19 -20 -21 21 23 -24 -25 -26 -27 -28 -29
leaf_value=0.0037062067856628821 -0.0064498815929585262 0.00022355416967712928 -0.0084420689047972532 -0.004432824576960712 -0.059995476876142144 0.00053454363637555962 -0.0062455930762904547 -0.0096257608172768978 -0.092407228830511445 -0.0048327337669757499 0.68853406863596955 -0.016922749289999626 0.0015208967559891739 -0.0091583562719729627 -0.0043544997360655561 0.07065951483988904 -0.0096458235686468895 -0.34809838549688038 -0.0031119630065363779 0.0021097381345644805 0.04300239449456978 -0.0014504832192725914 0.00060260476610256579 0.0018187969069728461 -0.0047691705820620987 -0.094865785891823096 0.055756051411553077 -0.36760755871042511
leaf_weight=90 27 23 63 181 67 479 178 20 21 435 20 34 36 40 287 85 31 21 45 195 22 473 23 318 68 22 23 20
leaf_count=90 27 23 63 181 67 479 178 20 21 435 20 34 36 40 287 85 31 21 45 195 22 473 23 318 68 22 23 20
internal_value=-0.00157026 -0.00071918 -0.0019038 -0.00491154 -0.00880608 -0.00058439 0.000148823 -0.00278584 -0.00426148 -0.00371598 -0.00492605 -0.00145774 0.00216894 -0.00260441 -0.00442541 0.00580282 -0.00318248 -0.00234889 0.000668942 7.48441e-05 0.000693855 0.00109612 0.00812903 0.000678864 -0.00581622 -0.00378231 -0.00151456 -0.0126588
internal_weight=3347 1988 1080 332 130 748 657 1359 631 590 455 728 172 556 327 105 67 202 135 229 908 836 45 791 91 72 50 41
internal_count=3347 1988 1080 332 130 748 657 1359 631 590 455 728 172 556 327 105 67 202 135 229 908 836 45 791 91 72 50 41
cat_boundaries=0 1 3 5 6 7 8 9 10
cat_threshold=180541 142628417 253952 3697 204800 4 10272 49172 4 5360
is_linear=0
shrinkage=0.04


Tree=95
num_leaves=27
num_cat=7
split_feature=38 8 0 34 6 39 40 23 0 26 17 0 34 26 34 25 22 26 22 7 26 7 39 12 26 26
split_gain=1.35027 1.52442 1.822 1.85399 1.38935 1.30907 1.29829 3.1539 3.47046 2.40866 1.86077 1.85392 2.81867 1.73327 1.61306 1.97593 1.65449 1.49159 1.44972 1.43541 1.26487 1.03598 0.913874 1.07826 0.680298 0.43865
threshold=0 12.050000000000002 1 2 0.15000000000000005 29.291666666666668 0.054093567251461992 2.2500000000000004 3 44.429498335292216 2.1500000000000008 4 5 256.63889123425457 6 310.051035431956 1.0000000180025095e-35 245.72408067788311 -1.0499999999999998 10.050000000000002 205.45701769229089 24.900000000000002 65.100000000000009 5.5000000000000009 69.58420440191891 227.64418503500767
decision_type=1 8 1 9 10 8 2 2 1 8 10 1 9 10 9 10 2 10 2 10 8 10 8 2 10 10
left_child=1 2 22 4 -4 -5 11 10 18 -10 20 14 17 -12 16 -16 -2 -13 -9 -14 -8 24 23 -1 -3 -26
right_child=6 21 3 5 -6 -7 7 8 9 -11 13 12 19 -15 15 -17 -18 -19 -20 -21 -22 -23 -24 -25 25 -27
leaf_value=-0.0041756788320742718 -0.0026248707096782021 -0.026071185732659236 4.3637325820675699e-05 -0.00042006260181477018 0.16766717444513618 -0.010020856572747015 -0.0063476480015160772 -0.011198878298899474 0.17274933871986445 -0.016729380704783664 0.58642375648348943 0.0011493211571144359 -0.00020421483744797797 -0.33097540051281343 -0.0032898940721275238 0.0068647720870020383 0.0045337759624746888 0.0052996963080886418 0.46278332004591738 -0.073469900013308873 -0.032038640491082404 0.19907700225825678 -0.0032894646733296539 -0.016944458782733509 -0.25942945806186274 -0.055504408478955297
leaf_weight=52 76 20 107 177 33 87 112 23 29 326 47 358 842 25 415 21 64 88 80 109 117 20 22 34 23 25
leaf_count=52 76 20 107 177 33 87 112 23 29 326 47 358 842 25 415 21 64 88 80 109 117 20 22 34 23 25
internal_value=-0.00142733 -0.00313655 -0.00233301 -0.000957882 0.00262706 -0.00289655 -0.00103445 -0.00244313 -0.000343852 -0.00223192 -0.00561322 -0.000495315 0.00029677 0 -0.00237957 -0.00357095 0.00130693 0.00288087 0.00574672 -0.000932987 -0.00736659 -0.00802235 -0.00667782 -0.00912 -0.0103309 -0.0128889
internal_weight=3332 600 512 404 140 264 2732 759 458 355 301 1973 1397 72 576 436 140 446 103 951 229 88 108 86 68 48
internal_count=3332 600 512 404 140 264 2732 759 458 355 301 1973 1397 72 576 436 140 446 103 951 229 88 108 86 68 48
cat_boundaries=0 1 2 3 4 5 6 7
cat_threshold=2 139521 12928 263201 19736 5384 2576
is_linear=0
shrinkage=0.04


Tree=96
num_leaves=21
num_cat=5
split_feature=0 31 22 22 20 31 21 6 19 22 22 29 37 0 22 27 17 22 20 22
split_gain=1.83136 2.84249 2.63806 2.56456 2.15471 2.09523 2.30546 2.16707 1.86361 1.83259 1.68894 1.59073 1.542 1.52295 1.34991 1.14393 1.12125 0.842106 0.355876 0.147474
threshold=0 1 2.5500000000000003 4.3500000000000005 19.065208046536075 2 4.0578400417116258 21.700000000000006 0.44915354517943806 1.3500000000000003 -0.94999999999999984 171.25306740000005 3 4 -1.9499999999999997 135.00000000000003 0.15000000000000005 2.6500000000000008 0.88992920194353597 4.5500000000000007
decision_type=1 9 2 2 10 9 10 8 8 2 2 2 1 1 2 2 10 2 10 2
left_child=3 2 4 5 10 6 15 9 18 -7 -2 19 17 -14 -8 -1 -13 -10 -3 -4
right_child=1 8 11 -5 -6 7 14 -9 12 -11 -12 16 13 -15 -16 -17 -18 -19 -20 -21
leaf_value=-0.0058486460365395135 -0.0001368282482183325 -0.042367184591538314 0.0022301805677168753 1.3701695274490733 -0.086252321199348711 -0.0029496762984343406 0.003159151964062037 -1.9879394292591201 0.0023171112264675033 -0.013775896119902953 0.0035263565010200185 -0.0028049593024821995 -0.00065749386855195268 -0.0045534077004536402 -0.00077181570085594231 -0.0029070890888922385 -0.012783162595895944 -0.0020054737052112161 -0.010505596704652334 0.00067729460906607031
leaf_weight=36 224 22 26 20 24 488 48 25 157 133 469 62 555 363 436 104 49 33 23 24
leaf_count=36 224 22 26 20 24 488 48 25 157 133 469 62 555 363 436 104 49 33 23 24
internal_value=-0.00143807 -0.000674663 0.00103204 -0.00261083 0.0020849 -0.00286119 -0.00112982 -0.00443802 -0.00197338 -0.00401285 0.00250252 -0.00355692 -0.0016566 -0.00232168 0.000160659 -0.00563958 -0.00620444 0.00157816 -0.00984946 0.00229126
internal_weight=3321 2031 878 1290 717 1270 624 646 1153 621 693 161 1108 918 484 140 111 190 45 50
internal_count=3321 2031 878 1290 717 1270 624 646 1153 621 693 161 1108 918 484 140 111 190 45 50
cat_boundaries=0 1 3 5 6 7
cat_threshold=8573 134222762 135168 67110103 51200 4 580610
is_linear=0
shrinkage=0.04


Tree=97
num_leaves=29
num_cat=7
split_feature=38 24 31 24 31 25 29 23 11 39 31 39 5 34 25 24 25 25 21 39 12 39 39 21 23 20 39 14
split_gain=3.11449 2.11032 2.4495 2.28211 2.23098 2.43018 2.14633 2.01566 2.33562 1.78825 1.76558 1.72394 1.6977 2.5199 1.36622 1.42804 1.1393 1.05555 1.03081 1.01587 1.01232 0.897843 0.836209 0.660014 0.453183 0.397766 0.332663 0.0901027
threshold=0 61.628157297464732 1 67.295490264561721 2 68.689890045310435 172.91351650000004 2.5500000000000003 3 21.300000000000001 4 7.2500000000000009 0.35000000000000003 5 200.1878275661939 81.820673745551389 264.60521638965332 241.02318580005678 5.5274461573725864 6.8333333333333348 4.5000000000000009 20.100000000000005 21.675000000000004 3.2511704615156316 2.3500000000000001 2.1984798994676553 16.500000000000004 6
decision_type=1 8 9 8 9 8 2 2 1 10 9 8 10 9 10 10 10 10 10 8 2 8 8 10 2 10 10 1
left_child=10 2 6 20 11 -6 27 8 -4 -8 14 -5 13 19 15 21 -16 -15 -14 -12 -3 -1 -9 -18 -22 -17 -20 -2
right_child=1 3 7 4 5 -7 9 22 -10 -11 12 -13 18 17 16 25 23 -19 26 -21 24 -23 -24 -25 -26 -27 -28 -29
leaf_value=-0.0028465988870953396 -0.01152081842054228 -0.0057615202938405474 0.002449456909956709 -0.00087850904097663829 0.12025724008832651 -0.0032532278439016162 0.0021186679209109016 -0.0030420147456867498 -0.0032597994802122088 -0.01320025771160644 -0.0046896691430922391 0.0012064846525835194 -0.017872852378145225 0.0017380403172699843 0.0025246723335869705 -0.0056105244021151532 -0.0042396787989373765 -0.0031499937750808726 -0.19490800772708686 -0.0038897659313968094 0.021747770393930069 -0.020204118950137354 -0.03379164108174413 -0.0064213856153517851 0.0040419789173438761 -0.012106105720594408 -0.045223395458947949 -0.008888389790719025
leaf_weight=47 20 20 46 340 59 970 21 23 129 24 33 933 31 149 39 20 21 59 26 71 28 20 26 20 35 34 22 50
leaf_count=47 20 20 46 340 59 970 21 23 129 24 33 933 31 149 39 20 21 59 26 71 28 20 26 20 35 34 22 50
internal_value=-0.00156684 -0.00097898 -0.00392952 -0.000560654 -0.000797916 -0.00217011 -0.00836364 -0.00118047 0.00078187 -0.00210753 -0.00417233 0.000325418 -0.00242981 -0.00114195 -0.00723765 -0.0102694 -0.00341104 0.00144875 -0.00767702 -0.00587013 0.00589349 -0.00610219 -0.00827723 -0.00795294 0.00834109 -0.0150991 -0.0112727 -0.0133986
internal_weight=3316 2724 339 2385 2302 1029 115 224 175 45 592 1273 391 312 201 121 80 208 79 104 83 67 49 41 63 54 48 70
internal_count=3316 2724 339 2385 2302 1029 115 224 175 45 592 1273 391 312 201 121 80 208 79 104 83 67 49 41 63 54 48 70
cat_boundaries=0 1 3 5 6 8 9 10
cat_threshold=2 920 131072 134239166 12288 4 2117 28672 344 1
is_linear=0
shrinkage=0.04


Tree=98
num_leaves=23
num_cat=0
split_feature=26 39 27 23 26 8 27 26 20 8 6 20 26 8 20 28 22 39 4 23 29 26
split_gain=1.29718 1.80672 1.38618 1.87452 1.04232 1.03363 0.988341 2.63071 1.4841 1.54027 1.22604 2.22496 1.65083 1.37668 1.27177 1.02943 1.00765 0.672395 0.607137 0.542403 0.376718 0.216042
threshold=305.57175291312745 45.100000000000009 205.50000000000003 2.5500000000000003 317.30132886519488 0.35000000000000003 280.50000000000006 46.404089155556285 4.1885931548158331 0.15000000000000005 1.2500000000000002 21.500323678921522 284.23083297510112 16.550000000000004 11.348494156375295 -43.613856999999996 0.15000000000000005 9.5000000000000018 0.35000000000000003 2.4500000000000006 172.77371875000003 335.2678920763131
decision_type=10 10 2 2 8 10 2 10 10 10 8 10 10 10 10 2 2 8 10 2 2 10
left_child=6 2 3 4 -2 -4 10 17 9 -9 12 14 13 -1 -12 -13 -14 -8 -10 -19 -3 -22
right_child=1 20 5 -5 -6 -7 7 8 18 -11 11 15 16 -15 -16 -17 -18 19 -20 -21 21 -23
leaf_value=-0.0011176886219565318 -0.0041219902905620743 -0.055013130783386328 -0.00082794304843968546 -0.0059054513541646264 0.0047143175634755249 -0.0056880197145463282 2.4258798256600046e-05 0.13827362652539332 0.52731939807269868 -0.0059843571125376372 -0.026069816258267268 8.2265208075622969 0.00034003438005733247 0.0087257984409986732 -0.089585039361534197 -0.2282704251907893 0.28865264553649911 -0.0073775780702890438 0.59027769002134334 -0.026726182491594024 -0.0042198417720318562 -0.011068369864345619
leaf_weight=2091 23 27 25 21 70 31 20 69 27 95 433 31 23 106 89 26 20 20 20 21 25 21
leaf_count=2091 23 27 25 21 70 31 20 69 27 95 433 31 23 106 89 26 20 20 20 21 25 21
internal_value=-0.00135452 -0.0041636 -0.00185423 0.000675325 0.00315344 -0.00692174 -0.00113112 0.00116271 0.00328471 0.00143807 -0.00135366 -0.00299397 -0.000927058 -0.00108165 -0.00381662 0.00441026 0.00669663 -0.006048 0.0094433 -0.00889412 -0.00936913 -0.00669474
internal_weight=3334 243 170 114 93 56 3091 272 211 164 2819 579 2240 2197 522 57 43 61 47 41 73 46
internal_count=3334 243 170 114 93 56 3091 272 211 164 2819 579 2240 2197 522 57 43 61 47 41 73 46
is_linear=0
shrinkage=0.04


Tree=99
num_leaves=28
num_cat=7
split_feature=31 0 34 6 0 24 34 32 24 24 24 25 22 34 24 24 40 29 6 18 22 7 25 22 25 4 22
split_gain=1.71083 2.02964 1.92605 2.90023 1.75073 1.75498 2.23449 2.05638 1.69255 1.88245 1.6253 1.547 1.96449 2.30378 1.56846 1.54383 1.48242 1.35797 1.6192 1.34134 1.3306 1.2571 1.3795 1.20404 1.08684 0.996812 0.837742
threshold=0 1 2 1.3500000000000003 3 216.95605357613434 4 5 73.003182142721258 62.682912382566151 307.11256331603187 231.91353403074109 0.55000000000000016 6 60.508496200254775 220.06277343252825 0.24404761904761907 172.95871750000001 0.15000000000000005 8.5000000000000018 3.1500000000000008 0.15000000000000005 338.4493767417444 -1.3499999999999999 80.14592868667232 5.9000000000000012 -0.94999999999999984
decision_type=9 1 9 10 1 8 9 9 10 10 10 10 2 9 8 8 2 2 10 10 2 10 10 2 10 10 2
left_child=1 2 3 26 5 8 19 -8 9 -2 16 12 13 -3 -14 23 25 18 -13 -7 -17 22 -12 -4 -10 -6 -1
right_child=4 11 15 -5 10 6 7 -9 24 -11 21 17 14 -15 -16 20 -18 -19 -20 -21 -22 -23 -24 -25 -26 -27 -28
leaf_value=0.0016894840326298422 -0.0078063151918037303 -0.0028418539294898437 -0.027317084122163424 -0.02600264266360652 -0.0026734515867953947 -0.0089131953696749023 0.0043649959926910856 -0.0078902552041033944 -0.01760438817796171 0.0025237143932494988 0.0018287248965789616 -0.0082107753806028687 -0.0082915322154306463 0.0021404532011853306 -0.0020364341752360992 0.0054230053317822066 0.37525768118205721 0.00098097814165301503 -0.0035222867336270627 0.020966018773158072 -0.006890825983847648 -0.0023798471411912913 -0.00050220150705456486 -0.002571492276361127 -0.019305604473508851 33.258763362939369 0.15427243548624417
leaf_weight=22 100 161 27 34 1087 89 159 118 53 45 41 150 56 237 260 119 26 20 104 20 21 21 20 113 148 21 59
leaf_count=22 100 161 27 34 1087 89 159 118 53 45 41 150 56 237 260 119 26 20 104 20 21 21 20 113 148 21 59
internal_value=-0.00176984 -0.000672643 0.0017171 0.00583399 -0.00253024 -0.00408608 -0.00226581 -0.00020104 -0.00621007 -0.00285324 -0.00156253 -0.00163882 -0.000668064 0.0011965 -0.00301732 -0.00013036 -0.00197094 -0.00420327 -0.00500196 -0.00678838 0.00281272 0.00380838 0.006688 -0.00309541 -0.00858272 -0.00219739 0.0104
internal_weight=3331 1383 395 115 1948 732 386 277 346 145 1216 988 714 398 316 280 1134 274 254 109 140 82 61 140 201 1108 81
internal_count=3331 1383 395 115 1948 732 386 277 346 145 1216 988 714 398 316 280 1134 274 254 109 140 82 61 140 201 1108 81
cat_boundaries=0 2 3 4 5 6 7 8
cat_threshold=134219302 443392 39050 792 708657 2096 21 4208
is_linear=0
shrinkage=0.04


Tree=100
num_leaves=22
num_cat=2
split_feature=26 20 22 22 20 26 13 23 22 40 19 27 23 18 6 23 26 23 19 13 8
split_gain=1.34917 2.441 1.23374 4.17622 1.80843 1.58895 2.14085 2.40228 1.85947 1.78133 1.53987 1.41535 1.6423 1.44413 1.39244 1.15922 0.870513 0.495373 0.740682 0.36702 0.152532
threshold=323.96153396496112 4.6363077706946596 0.55000000000000016 0.25000000000000006 8.7644146194503971 94.120571404012537 0 2.2500000000000004 5.4500000000000011 0.10172413793103451 5.0112165049734552 100.00000000000001 2.2500000000000004 12.500000000000002 1.5000000000000002 2.3500000000000001 347.20206306123589 2.2500000000000004 1.2494502149231934 1 1.9000000000000001
decision_type=10 10 2 2 10 8 1 2 2 2 10 2 2 8 10 2 10 2 10 1 10
left_child=2 17 3 11 10 6 14 -8 9 -7 -5 12 -1 -13 -4 -6 19 -2 -19 -3 -10
right_child=1 16 5 4 15 8 7 -9 20 -11 -12 13 -14 -15 -16 -17 -18 18 -20 -21 -22
leaf_value=-0.0058077652533184403 -0.0021422620891036461 -0.004036698474792981 2.9154297543243501e-07 0.0046929414764448653 0.1236288232510995 0.00037698793231466965 -0.012189866473694338 -0.0039512157230401712 -0.013954012225215031 -0.030096940199967614 -0.017481945426746075 0.0002074511150077818 -0.002429884666326103 -0.071251794367559962 -0.064691053704834744 1.0946001164264538 0.0038734587839184798 -0.010196543911122156 -0.011496434692230278 -0.00168272424018447 -0.011273438079697674
leaf_weight=198 37 20 235 120 39 609 83 230 21 105 20 984 335 116 22 20 37 21 24 22 20
leaf_count=198 37 20 235 120 39 609 83 230 21 105 20 984 335 116 22 20 37 21 24 22 20
internal_value=-0.0012285 -0.00478769 -0.00104417 -0.000369785 0.00507731 -0.00197361 -0.00356605 -0.0057806 -0.000764045 -0.00027673 0.00253004 -0.00103885 -0.00272778 -0.000216069 -0.000843327 0.010876 0.000223602 -0.00955689 -0.0124301 -0.00363218 -0.00889412
internal_weight=3318 161 3157 1832 199 1325 570 313 755 714 140 1633 533 1100 257 59 79 82 45 42 41
internal_count=3318 161 3157 1832 199 1325 570 313 755 714 140 1633 533 1100 257 59 79 82 45 42 41
cat_boundaries=0 1 2
cat_threshold=2 2
is_linear=0
shrinkage=0.04


Tree=101
num_leaves=25
num_cat=7
split_feature=31 0 8 0 8 24 31 5 24 32 25 31 5 19 19 22 26 24 22 5 3 21 26 11
split_gain=2.41691 2.54636 2.71981 2.18322 2.25681 1.76636 2.74585 1.72936 1.91523 1.65717 1.65625 1.41027 1.01723 1.17521 0.818271 0.787059 0.710855 0.701682 0.695217 0.643192 0.559881 0.544319 0.495462 0.29837
threshold=0 1 49.900000000000013 2 22.650000000000002 267.66700350853125 3 2.2500000000000004 311.09361521720865 4 198.87702897613619 5 1.5000000000000002 6.0456409363482893 4.8511062124586308 -0.34999999999999992 81.172555876647934 265.63673627896907 -1.3499999999999999 8.4500000000000011 0.75000000000000011 4.3666553425705539 58.479172048694387 6
decision_type=9 1 8 1 10 10 9 10 10 9 8 9 10 8 8 2 10 10 2 10 10 10 10 1
left_child=3 7 5 10 14 9 -7 8 11 -3 16 -2 13 -12 17 20 22 -5 -16 -17 -9 -10 -1 -4
right_child=1 2 23 4 -6 6 -8 15 21 -11 12 -13 -14 -15 18 19 -18 -19 -20 -21 -22 -23 -24 -25
leaf_value=-0.0011254755303180275 0.0020506234873474229 -0.0045184330174819114 -0.44321774422857219 -0.0060749778005877528 1.2670531212760809 0.004175316635690862 -0.002573120843646901 -0.13164252963472484 -0.023678955852660534 -0.0028019776796461928 0.013227727959732274 7.5385568895924851e-06 -0.03932374264733756 0.0086047431612631085 -0.0036807700331802631 -0.53478384905977294 -0.017277237048609867 0.00023477741317307733 0.001382392360582898 -1.3079932522388049 5.6970057222834161 -0.001048981160612854 0.0037868529774130978 -0.61805065181597529
leaf_weight=24 137 912 23 61 26 117 206 20 22 782 58 598 21 46 24 32 34 20 53 21 20 21 32 28
leaf_count=24 137 912 23 61 26 117 206 20 22 782 58 598 21 46 24 32 34 20 53 21 20 21 32 28
internal_value=-0.00159245 -0.00198543 -0.0027497 0.0013106 -0.0018312 -0.00252564 0.000178737 -0.000156374 0.000459269 -0.00304217 0.00396468 0.000947726 0.00709881 0.00870142 -0.00374922 -0.00526984 0 -0.00652121 -0.000738854 -0.00840367 -0.000915663 -0.00759551 0.00274783 -0.0117714
internal_weight=3338 2939 2068 399 184 2017 323 871 778 1694 215 735 125 104 158 93 90 81 77 53 40 43 56 51
internal_count=3338 2939 2068 399 184 2017 323 871 778 1694 215 735 125 104 158 93 90 81 77 53 40 43 56 51
cat_boundaries=0 2 3 4 6 7 9 10
cat_threshold=134217728 299008 199234 585259 600 16384 5 2208 131072 1
is_linear=0
shrinkage=0.04


Tree=102
num_leaves=20
num_cat=4
split_feature=30 17 6 0 0 39 22 7 22 7 19 39 32 26 12 23 23 12 4
split_gain=1.91014 2.81531 3.32338 1.87956 1.7761 1.82487 1.43823 1.20234 1.07598 1.25628 1.07486 1.32898 1.43169 0.945479 1.22683 0.83503 1.01691 0.7023 0.429741
threshold=0 10.700000000000001 7.5000000000000009 1 2 684.30000000000007 4.6500000000000012 1.7500000000000002 0.65000000000000002 18.100000000000005 19.869682232890593 672.70000000000016 3 48.561834621193647 4.5000000000000009 2.4500000000000006 2.1500000000000008 5.5000000000000009 4.8500000000000005
decision_type=9 10 8 1 1 10 2 10 2 10 10 10 9 8 2 2 2 2 10
left_child=3 2 4 7 6 -6 -2 13 9 -9 11 12 -5 17 -15 16 -4 -1 -17
right_child=1 -3 15 10 5 -7 -8 8 -10 -11 -12 -13 -14 14 -16 18 -18 -19 -20
leaf_value=0.0046541083293068653 -0.00017160823329032127 7.7305251941851383 -0.056304994256041713 0.0028505452588345648 -0.0018448468595829049 -0.046896859467054026 -0.03679395660270917 0.17010839358983965 -0.02320166337281437 -0.23002025530771683 21.216054516563499 -0.03241089157520731 -0.00035212363675702463 -0.018826123038064146 -0.0026505308255907779 -0.074771112640089191 -0.6291422631008643 -0.0042260493278889659 2.5573884604101558
leaf_weight=28 987 22 21 233 1206 29 30 50 36 28 22 26 256 32 164 21 108 27 20
leaf_count=28 987 22 21 233 1206 29 30 50 36 28 22 26 256 32 164 21 108 27 20
internal_value=-0.00136161 -0.00193769 -0.00207881 0.000216749 -0.00166763 -0.0026779 -0.000406417 -0.00196016 0.00136797 0.004 0.00171012 0.0013514 0.00183078 -0.00355644 -0.00485063 -0.0074519 -0.00902682 0.00102655 -0.00230588
internal_weight=3346 2444 2422 902 2252 1235 1017 365 114 78 537 515 489 251 196 170 129 55 41
internal_count=3346 2444 2422 902 2252 1235 1017 365 114 78 537 515 489 251 196 170 129 55 41
cat_boundaries=0 1 2 3 4
cat_threshold=74 1241356 1097234 3
is_linear=0
shrinkage=0.04


Tree=103
num_leaves=24
num_cat=3
split_feature=31 24 8 8 25 20 24 32 24 21 24 21 8 20 24 20 24 10 8 21 21 24 20
split_gain=1.84432 2.49473 2.41638 2.54327 2.23508 1.88407 3.19334 2.42242 1.93777 1.58518 2.67533 1.52913 1.39459 1.54272 1.33667 1.32929 1.24967 1.19926 1.00448 1.41345 0.965404 0.872508 0.0841419
threshold=0 332.72608111781585 9.2500000000000018 6.0500000000000007 263.34911465603335 10.478008458656399 61.628157297464732 1 71.857463710245298 1.2609592719437501 116.18327898325933 2.2179313880299358 13.900000000000002 3.6327961430038593 70.488589567089249 3.6327961430038593 347.71605982847109 2 13.250000000000002 2.531010228014861 20.706242063542764 225.71769583337561 19.065208046536075
decision_type=9 10 8 10 8 10 8 9 8 8 10 8 10 10 10 10 10 1 10 10 10 10 8
left_child=1 5 3 9 12 6 15 20 -8 10 -2 -11 21 -14 -9 -1 -3 -5 -6 -20 -7 -4 -19
right_child=2 16 4 17 18 7 8 14 -10 11 -12 -13 13 -15 -16 -17 -18 22 19 -21 -22 -23 -24
leaf_value=-0.0097344900645112281 0.0016125934667030961 -0.029776044123134133 -0.0031273790964549877 -0.0011818981358281278 -0.20026722439695854 -0.01906755887705824 0.0054696724165770759 0.12291811322547093 0.00074868610211218821 0.0029426599598800962 -0.0097153189984138071 -0.0020012231292788128 0.00080762001833456054 -0.079972644551495942 -0.0028298334688675376 0.00049809748338205397 -0.0082862708533678747 0.27542694244973259 0.0011219261320502838 -0.030463283311095494 0.0034942760794597662 1.5900128704198286 0.15336072903103318
leaf_weight=101 29 20 23 38 45 132 55 38 963 73 69 1207 51 81 186 59 21 22 23 21 25 22 22
leaf_count=101 29 20 23 38 45 132 55 38 963 73 69 1207 51 81 186 59 21 22 23 21 25 22 22
internal_value=-0.00126161 -0.000271796 -0.00216288 -0.0015313 -0.00567477 -1.15348e-05 0.000778296 -0.00245229 0.00160667 -0.00194128 -0.00681407 -0.00155911 -0.00301401 -0.00507865 0.00033121 -0.00444582 -0.00983529 0.00524551 -0.0108066 -0.00610989 -0.00604154 0.00296774 0.00962637
internal_weight=3326 1600 1726 1460 266 1559 1178 381 1018 1378 98 1280 177 132 224 160 41 82 89 44 157 45 44
internal_count=3326 1600 1726 1460 266 1559 1178 381 1018 1378 98 1280 177 132 224 160 41 82 89 44 157 45 44
cat_boundaries=0 2 3 4
cat_threshold=411058764 496128 9 2
is_linear=0
shrinkage=0.04


Tree=104
num_leaves=22
num_cat=3
split_feature=28 6 32 6 39 8 19 22 22 27 34 38 24 8 6 39 39 39 20 24 8
split_gain=1.30442 1.88688 1.84437 2.2728 2.25567 1.54133 1.33463 1.29567 1.7434 1.38527 1.26141 1.66745 2.05493 1.86665 1.33029 1.55411 1.25544 1.19832 1.19768 1.18836 0.300537
threshold=-43.813997999999991 9.6500000000000004 0 2.7500000000000004 10.600000000000001 5.6500000000000012 1.337499456925167 1.4500000000000002 4.7500000000000009 155.00000000000003 1 2 202.11114537277606 21.800000000000004 1.9000000000000001 7.2500000000000009 69.600000000000009 14.100000000000001 3.6740071387947419 317.21722106446549 16.300000000000001
decision_type=2 8 9 10 8 10 10 2 2 2 9 1 10 10 10 8 8 10 10 10 10
left_child=1 2 4 6 5 -1 -4 10 9 18 14 12 -12 -13 19 -16 -11 -6 -9 -2 -3
right_child=7 20 3 -5 17 -7 -8 8 -10 16 11 13 -14 -15 15 -17 -18 -19 -20 -21 -22
leaf_value=0.0012487047251647353 0.000504216435050715 -0.52863074238195373 -0.0019585633821235507 -0.28981519899317065 -0.003143615090706966 0.029021122591547873 0.0013845257287136193 -0.019296221171703126 0.13149405660383756 -0.0033606952739378216 -0.002931265489892958 -0.0036356053010685408 0.0039637923026583626 -0.21978997985729179 -0.13414757133404939 -0.036981188132561585 0.0066351783180221705 0.0011805034772519464 -0.0054773953452548693 -0.0031296710035937461 -0.93778389054741151
leaf_weight=135 928 20 177 22 56 35 27 44 34 339 281 348 182 29 57 159 75 153 119 70 20
leaf_count=135 928 20 177 22 56 35 27 44 34 339 281 348 182 29 57 159 75 153 119 70 20
internal_value=-0.00102612 0.000584687 0.00115087 -0.00167579 0.00281178 0.00628571 -0.000379562 -0.00141684 -0.00303347 -0.00355748 -0.000933106 -0.00211157 -0.000459431 -0.00406178 -9.62872e-05 -0.00293333 -0.00230566 8.55107e-05 -0.00667477 0.000518259 -0.00766265
internal_weight=3310 645 605 226 379 170 204 2665 611 577 2054 840 463 377 1214 216 414 209 163 998 40
internal_count=3310 645 605 226 379 170 204 2665 611 577 2054 840 463 377 1214 216 414 209 163 998 40
cat_boundaries=0 1 2 3
cat_threshold=11 19400 1
is_linear=0
shrinkage=0.04


Tree=105
num_leaves=17
num_cat=3
split_feature=0 4 22 19 39 17 18 39 21 3 8 34 0 21 3 26
split_gain=2.63002 3.78398 2.57356 2.50299 1.62912 1.45089 2.1053 1.73347 1.56156 1.4446 1.41479 1.37521 2.89728 1.25708 1.22735 0.848734
threshold=0 1.7500000000000002 1.3500000000000003 22.189770010537767 261.90000000000003 1.2500000000000002 4.5000000000000009 59.45000000000001 13.165416852387235 0.25000000000000006 28.300000000000004 1 2 18.031913791137562 1.9000000000000001 247.24209498958413
decision_type=1 8 2 10 10 8 10 10 10 10 10 9 1 8 10 8
left_child=1 4 3 11 9 6 8 13 -4 10 -1 12 -2 -7 -13 -3
right_child=2 15 5 -5 -6 7 -8 -9 -10 -11 -12 14 -14 -15 -16 -17
leaf_value=0.00057602224051933604 0.00031032383609684187 -0.21006554332745564 -0.0021475404023375512 23.012160164511361 -0.022058460791472535 -0.058267568082138899 0.12009650433538177 0.75699415657931046 -0.013729908466948224 0.022370786753606639 0.16900835742618206 -0.00035539810215301059 -0.0062283340604987816 -0.044203900763545183 19.957969944835774 -0.62387696550234339
leaf_weight=540 489 26 390 33 33 86 36 28 95 23 22 902 549 21 23 31
leaf_count=540 489 26 390 33 33 86 36 28 95 23 22 902 549 21 23 31
internal_value=-0.00102689 0.00119155 -0.00159114 -0.0008801 0.00212752 -0.00376882 -0.00279043 -0.00745788 -0.00349024 0.00262234 0.00219698 -0.00106796 -0.00205622 -0.00975115 6.19327e-05 -0.00851282
internal_weight=3327 675 2652 1996 618 656 521 135 485 585 562 1963 1038 107 925 57
internal_count=3327 675 2652 1996 618 656 521 135 485 585 562 1963 1038 107 925 57
cat_boundaries=0 1 2 3
cat_threshold=526850 5732 385301
is_linear=0
shrinkage=0.04


Tree=106
num_leaves=28
num_cat=10
split_feature=40 0 22 24 22 32 7 0 0 34 31 31 35 26 22 22 39 30 31 7 39 24 0 21 39 7 26
split_gain=1.84431 4.11214 2.16667 1.92485 2.34748 1.83368 4.07502 3.33677 3.04332 2.70293 2.31129 1.78929 2.70448 1.76974 1.67725 1.65707 2.86152 1.60134 1.57011 1.47034 1.358 1.26946 1.25205 1.12667 0.929003 0.849579 0.765433
threshold=0.051315789473684217 0 -2.5499999999999994 222.81585457968072 -1.0499999999999998 1 0.55000000000000016 2 3 4 5 6 1.0000000180025095e-35 262.71951021634135 0.8500000000000002 -1.0499999999999998 63.250000000000007 7 8 4.3000000000000016 10.600000000000001 52.763471983360837 9 0.80002196220272681 149.00000000000003 8.8500000000000032 62.718276471590748
decision_type=2 1 2 10 2 9 10 1 1 9 9 9 2 10 2 2 10 9 9 10 10 8 1 10 10 10 8
left_child=5 3 -3 21 -5 8 7 23 11 18 -9 19 -13 22 -6 16 -4 -17 -10 -1 -11 24 -8 -7 -2 -15 -23
right_child=1 2 15 4 14 6 13 10 9 20 -12 12 -14 25 -16 17 -18 -19 -20 -21 -22 26 -24 -25 -26 -27 -28
leaf_value=-0.00095440817770448667 0.005053033540385261 -0.041723208777074881 0.32204763577529399 -0.027024944113999964 0.14168660843528405 -0.0013205784162795809 -0.0061335217096999631 -0.0014474432532952265 0.0008506464440897688 0.0013199090754782538 0.0014743337151574565 0.0014253745248383254 0.13578714261726549 0.0070675236633332443 -0.037483523571463201 0.008285813405622804 0.00236844379007664 -0.031123168386872742 -0.010365565972164177 0.014906273219543013 -0.0016530208653875178 -0.0045202369283304303 -0.01487311031864131 -0.017871850894221258 -0.0097342015366007929 -0.03724061661663889 -0.040280408319885858
leaf_weight=77 20 24 24 33 76 55 240 235 105 262 491 207 28 36 59 186 74 127 151 24 154 26 259 60 21 20 230
leaf_count=77 20 24 24 33 76 55 240 235 105 262 491 207 28 36 59 186 74 127 151 24 154 26 259 60 21 20 230
internal_value=-0.000894872 -0.00243816 0.000398656 -0.00499056 -0.00164012 -0.000315111 -0.00124902 0.000496142 0.000978911 -0.000582297 0.00151593 0.00402302 0.00591481 -0.00391375 0.000717949 0.0011103 0.00560804 -0.000311606 -0.00373084 -0.000515556 0.00139883 -0.00702848 -0.00467133 -0.00551779 -0.000423529 0.00274783 -0.0080699
internal_weight=3304 900 435 465 168 2404 1396 841 1008 672 726 336 235 555 135 411 98 313 256 101 416 297 499 115 41 56 256
internal_count=3304 900 435 465 168 2404 1396 841 1008 672 726 336 235 555 135 411 98 313 256 101 416 297 499 115 41 56 256
cat_boundaries=0 1 2 3 4 5 7 9 10 12 13
cat_threshold=848041 9 132098 697218 4312 1026 92160 24 151552 70 280 143360 1447660
is_linear=0
shrinkage=0.04


Tree=107
num_leaves=24
num_cat=4
split_feature=0 7 39 23 39 21 0 6 39 17 33 22 26 26 19 27 26 21 25 21 22 13 22
split_gain=2.61243 1.64178 2.39689 1.96396 1.85886 1.80116 1.65106 2.30286 1.86644 1.86311 1.41574 1.33268 1.50897 1.31845 1.29353 1.12995 1.0843 1.5657 2.13294 1.65608 1.07236 0.82283 0.581755
threshold=0 0.55000000000000016 104.10000000000001 2.5500000000000003 23.100000000000005 17.639211175278032 1 10.700000000000001 133.30000000000004 3.7000000000000006 2 0.65000000000000002 70.590086477332434 286.54825442985668 4.3123981724202798 65.000000000000014 44.429498335292216 14.00809645927262 308.64341195121398 15.891937974866028 -0.94999999999999984 3 -0.14999999999999999
decision_type=1 8 10 2 8 10 1 10 10 10 1 2 10 10 8 2 8 8 10 8 2 1 2
left_child=10 2 3 5 -5 -2 8 13 9 -3 16 15 -13 -8 -9 -4 20 18 -18 -19 -1 -10 -22
right_child=1 6 11 4 -6 -7 7 14 21 -11 -12 12 -14 -15 -16 -17 17 19 -20 -21 22 -23 -24
leaf_value=-0.002989152985303356 0.00049498541972935683 -0.0081187109292385172 0.025395884817526165 -0.0016103692534508874 -0.0063049709328354278 -0.0034564057632344002 -0.0069621456306263596 -0.5570944373270732 -0.055104002090841729 -0.17613368889928907 -0.1226055830187817 -0.0054317884232610684 -0.067756103703809994 -0.037097936323072782 5.7353378398046653 -0.014315558902632156 -0.0044879965027145733 0.19043019860636268 0.012893415371457238 0.00052033233999981832 0.53163751383372326 0.33993904544803571 0.0087032137977133325
leaf_weight=25 858 261 40 142 54 90 389 22 28 72 23 27 40 34 57 67 468 43 35 449 20 23 53
leaf_count=25 858 261 40 142 54 90 389 22 28 72 23 27 40 34 57 67 468 43 35 449 20 23 53
internal_value=-0.000974861 -0.00176845 -0.000877605 -0.00020777 -0.00383797 0.00054555 -0.00310761 -0.00147614 -0.00505183 -0.00627205 0.00060133 -0.00523077 -0.00960584 -0.0026808 0.00469565 -0.00237788 0.000820466 0.000419468 -0.00114569 0.00202229 0.00480402 0.00186667 0.00722148
internal_weight=3320 2204 1318 1144 196 948 886 502 384 333 1116 174 67 423 79 107 1093 995 503 492 98 51 73
internal_count=3320 2204 1318 1144 196 948 886 502 384 333 1116 174 67 423 79 107 1093 995 503 492 98 51 73
cat_boundaries=0 1 2 3 4
cat_threshold=560706 69773 1 2
is_linear=0
shrinkage=0.04


Tree=108
num_leaves=24
num_cat=10
split_feature=0 32 31 28 7 31 39 20 39 26 32 31 0 17 22 39 34 0 0 24 24 39 17
split_gain=1.719 2.45281 3.51301 2.81095 2.38121 2.45981 3.00504 2.16076 2.33091 2.07918 1.72422 1.71574 1.77096 1.65408 1.54863 1.35046 1.33425 1.6759 1.31351 1.60445 1.5205 1.27362 1.24403
threshold=0 1 2 -43.765219499999994 35.300000000000004 3 8.8750000000000018 15.579052552898238 13.900000000000002 276.61170402150231 4 5 6 4.3500000000000005 4.4500000000000011 15.225000000000001 7 8 9 207.88324791537028 89.253188014109057 8.8750000000000018 3.0500000000000003
decision_type=1 9 9 2 10 9 8 10 10 10 9 9 1 10 2 10 9 1 1 10 10 10 10
left_child=4 2 3 15 5 7 14 8 -1 -5 -8 12 13 -3 -7 -2 21 -18 20 -20 -13 -4 -14
right_child=1 11 16 9 -6 6 10 -9 -10 -11 -12 18 22 -15 -16 -17 17 -19 19 -21 -22 -23 -24
leaf_value=-0.0037786161821848907 0.00035417386047619458 -0.0017199479821593401 0.002466666734581029 0.0055025643136015394 8.4017399872311529 0.0016336737323949535 -0.0049935423549412406 0.11865469206338461 -0.00047621340820381164 0.25856329422504831 0.0026969539767818418 0.0073496368523048089 -0.0072016435871651479 -0.13270223217485416 -0.0087485162526970226 -0.0081856559766931101 -0.00021965574400137911 -0.009988223925774236 -0.0065359949374906101 -0.0007452105847169044 -0.0023076237716762905 -0.0058206165932210398 -0.0045914859047810098
leaf_weight=189 80 184 42 201 29 305 388 34 216 22 415 66 158 23 21 38 106 135 250 190 142 62 24
leaf_count=189 80 184 42 201 29 305 388 34 216 22 415 66 158 23 21 38 106 135 250 190 142 62 24
internal_value=-0.000938733 -0.00180917 5.44803e-05 0.00288794 1.11906e-05 -0.000202612 0.000787374 -0.00270366 -0.00358672 0.00560356 -0.000519577 -0.003031 -0.00513858 -0.00227918 0.00402443 -0.00199163 -0.00274334 -0.00434851 -0.00169522 -0.00291916 0.00090205 0.00102165 -0.00805168
internal_weight=3320 1723 686 341 1597 1568 1129 439 405 223 803 1037 389 207 326 118 345 241 648 440 208 104 182
internal_count=3320 1723 686 341 1597 1568 1129 439 405 223 803 1037 389 207 326 118 345 241 648 440 208 104 182
cat_boundaries=0 1 2 4 6 7 9 10 11 12 13
cat_threshold=970306 74 209 253952 177 278528 70 8388912 237568 78209 3080 1056904 1048852
is_linear=0
shrinkage=0.04


Tree=109
num_leaves=23
num_cat=3
split_feature=0 4 21 22 22 0 20 6 39 0 39 3 39 39 8 8 23 6 22 18 18 8
split_gain=2.71672 4.10351 2.99477 1.87684 3.48964 2.43543 1.9026 1.6934 2.21298 1.63611 1.56484 1.55163 1.39168 1.23913 1.17162 1.00556 0.928543 0.920025 0.832318 0.790843 0.781563 0.0831087
threshold=0 1.4500000000000002 9.2213823377068653 0.55000000000000016 0.25000000000000006 1 3.6740071387947419 6.1000000000000005 87.700000000000003 2 19.700000000000006 1.1000000000000003 23.633333333333336 38.675000000000004 12.950000000000001 8.5000000000000018 2.2500000000000004 0.35000000000000003 2.4500000000000006 8.5000000000000018 3.5000000000000004 10.500000000000002
decision_type=1 8 8 2 2 1 10 10 10 1 8 10 10 10 8 10 2 10 2 10 10 10
left_child=1 2 16 4 5 6 -2 8 10 20 -5 13 15 -9 -7 -4 -1 -10 -14 -11 -6 -3
right_child=3 21 12 7 9 14 -8 11 17 19 -12 -13 18 -15 -16 -17 -18 -19 -20 -21 -22 -23
leaf_value=0.17644866675160478 -0.010779159259783668 -0.26606238701512408 0.00032523905934757737 -0.0026631351916751099 0.12614847239912738 0.00024081386576899178 -0.0030254306716647862 -0.36084611945898815 -0.030581796242098971 -0.0013471369450145686 0.00032701086577677788 -0.85772505349767014 -0.00092934625938292828 -0.3167420932871754 -0.028682948939126193 0.0071515153857506777 0.15519471891248679 -0.066897207959654925 -0.010197361828620083 0.13325522314255769 0.82556144382117513 -1.533524281553432
leaf_weight=23 185 20 236 553 75 695 385 38 128 91 356 34 76 23 141 58 36 31 26 22 28 20
leaf_count=23 185 20 236 553 75 695 385 38 128 91 356 34 76 23 141 58 36 31 26 22 28 20
internal_value=-0.00125491 0.00145706 0.0025805 -0.00173717 -0.000861103 -0.00159005 -0.00357352 -0.00296951 -0.00250397 0.00385287 -0.00173311 -0.00806218 0.00130314 -0.011808 -0.000186431 0.00270051 0.010876 -0.00684112 -0.00268599 0.000144578 0.0071441 -0.0105542
internal_weight=3280 495 455 2785 1622 1406 570 1163 1068 216 909 95 396 61 836 294 59 159 102 113 103 40
internal_count=3280 495 455 2785 1622 1406 570 1163 1068 216 909 95 396 61 836 294 59 159 102 113 103 40
cat_boundaries=0 1 2 3
cat_threshold=526338 1070117 1185296
is_linear=0
shrinkage=0.04


Tree=110
num_leaves=31
num_cat=15
split_feature=0 30 20 32 39 32 0 31 31 24 19 39 20 39 19 8 31 23 39 23 0 32 32 0 20 31 31 20 9 39
split_gain=1.31269 2.14939 1.65609 2.04946 1.86871 1.62017 1.59271 2.04513 1.41477 1.69136 1.36075 1.2044 1.83035 1.16954 1.13845 1.01102 2.21232 2.93876 3.60781 1.80259 1.72052 1.93727 1.52143 2.10675 1.93264 1.25085 1.00885 0.816319 0.36744 0.3376
threshold=0 1 3.7322533860423341 2 18.266666666666669 3 4 5 6 85.686416773338422 9.0325143895000011 43.900000000000006 2.056992520986006 28.550000000000004 7.8431433717927499 1.0000000180025095e-35 7 2.3500000000000001 122.30000000000003 2.1500000000000008 8 9 10 11 5.1558751194687149 12 13 2.5730609328116745 14 16.633333333333336
decision_type=1 9 10 9 8 9 1 9 9 10 10 8 10 10 8 8 9 2 8 2 1 9 9 1 10 9 9 10 1 8
left_child=1 5 3 4 -3 6 14 -8 10 -10 -4 13 -13 -7 -1 19 22 26 -19 28 25 -22 24 -24 -17 -21 -18 -5 -2 -30
right_child=15 2 8 27 -6 11 7 -9 9 -11 -12 12 -14 -15 -16 16 17 18 -20 20 21 -23 23 -25 -26 -27 -28 -29 29 -31
leaf_value=-0.014189370074111843 0.00060649012623011696 -0.00044099949028385764 0.0026301772363196106 -0.0026339405863902246 0.0072709633135609412 -0.0065029831989811271 0.0033974674077736468 -0.00083464398625132219 0.00093105971100037265 0.10503370776544976 -0.03016462795541365 0.0096349678245506182 -0.017279808644159848 -0.039375703272369479 -0.0033636700386483476 0.16879376285849274 -0.0018900990892878867 -0.0074375141577360361 0.90761012674908725 0.0031698625088030855 -0.0038352678923051719 -0.00058492680376232898 -0.018180933857292185 0.001479133666603527 0.0013833551000175604 -0.00072204779651777076 -0.015434027819042982 -0.03766517416098903 0.002867951966951061 0.12709673547872219
leaf_weight=51 28 200 83 155 126 117 103 119 143 141 45 44 44 23 76 32 104 316 56 103 160 158 126 180 73 217 249 21 25 20
leaf_count=51 28 200 83 155 126 117 103 119 143 141 45 44 44 23 76 32 104 316 56 103 160 158 126 180 73 217 249 21 25 20
internal_value=-0.00128103 -0.000384692 0.000819017 -0.000711023 0.00117926 -0.00227358 -0.000493759 0.00153319 0.00270375 0.00418951 -0.000845878 -0.00483507 -0.00131844 -0.00733569 -0.00388448 -0.00198978 -0.0027411 -0.00404345 -0.00160107 -0.000811228 -0.00149805 -0.00351442 -0.000326627 -0.00175748 0.00358798 0.000597285 -0.00670804 -0.00404267 0.00507383 0.00726882
internal_weight=3338 1491 914 502 326 577 349 222 412 284 128 228 88 140 127 1847 1136 725 372 711 638 318 411 306 105 320 353 176 73 45
internal_count=3338 1491 914 502 326 577 349 222 412 284 128 228 88 140 127 1847 1136 725 372 711 638 318 411 306 105 320 353 176 73 45
cat_boundaries=0 1 2 3 4 5 7 9 11 12 13 14 15 17 19 20
cat_threshold=863874 1161 11 11 265216 10 8192 1568 65536 335547719 2048 53528 3 17 1212688 44 71680 640 32768 1
is_linear=0
shrinkage=0.04


Tree=111
num_leaves=27
num_cat=6
split_feature=0 34 8 31 26 31 20 26 26 0 26 7 22 26 26 31 6 26 20 26 22 8 29 7 6 6
split_gain=2.49102 2.07121 2.18225 1.93497 1.91422 1.80056 1.78777 1.7309 1.98316 1.71934 1.62973 1.38288 1.52689 1.25359 1.25117 1.62687 1.64804 1.59513 1.8299 1.34389 1.16701 1.09394 1.21679 1.04998 0.951343 0.739375
threshold=0 1 22.900000000000002 2 269.20805810070078 3 1.9033898678033239 253.99907367771388 173.20014255873596 4 274.60728047243754 1.0000000180025095e-35 1.5500000000000003 286.54825442985668 239.92125753675302 5 1.0000000180025095e-35 196.20741193856946 5.4250142968370243 247.24209498958413 2.2500000000000004 1.5000000000000002 172.94631450000003 0.15000000000000005 2.1000000000000005 0.35000000000000003
decision_type=1 9 8 9 10 9 8 8 10 1 10 8 2 10 8 9 10 10 10 8 2 10 2 10 8 10
left_child=4 2 5 7 14 6 -2 8 -3 -7 -6 12 -5 -13 17 16 -16 20 -19 -17 -1 22 -12 -23 -4 -9
right_child=1 3 24 11 10 9 -8 25 -10 -11 21 13 -14 -15 15 19 -18 18 -20 -21 -22 23 -24 -25 -26 -27
leaf_value=0.0013974972423903688 -0.012010129756955302 -0.0013511335444954399 -0.058191617246702985 -0.0010957856169671488 -0.024472585311340875 0.0011157550939827488 0.0041983308260454249 -0.0039238170753553448 0.0092069897219771244 -0.0030710591386800346 -0.0096337709734310734 -0.011894134872367132 -0.0041148118809817193 -0.073835984944940883 0.0010003684512965095 0.72430501796088831 -0.01548091147865744 -0.043616472305654207 0.0021316681395524206 0.0025396748503252022 -0.0051220573854961413 -0.0095091677688598965 0.0013321394199864046 0.085598469788451551 -0.91455970709144752 -0.043381730563862887
leaf_weight=524 23 265 26 300 22 228 210 96 104 309 64 369 89 26 60 24 46 75 84 158 87 20 27 44 24 31
leaf_count=524 23 265 26 300 22 228 210 96 104 309 64 369 89 26 60 24 46 75 84 158 87 20 27 44 24 31
internal_value=-0.00128818 -0.00212077 -0.000526759 -0.0031266 0.0001428 0 0.00285481 -0.00109951 0.000264507 -0.00127256 -0.00368627 -0.00437209 -0.00270935 -0.00609836 0.000790939 0.00303282 -0.00100426 -4.92547e-05 -0.00360125 0.00515762 0.000878367 -0.00215974 -0.00495135 0.00180153 -0.00850485 -0.00512062
internal_weight=3335 2100 820 1280 1235 770 233 496 369 537 177 784 389 395 1058 288 106 770 159 182 611 155 91 64 50 127
internal_count=3335 2100 820 1280 1235 770 233 496 369 537 177 784 389 395 1058 288 106 770 159 182 611 155 91 64 50 127
cat_boundaries=0 1 2 4 6 7 9
cat_threshold=708160 54312 134236273 151552 1928 135168 74021 170 137216
is_linear=0
shrinkage=0.04


Tree=112
num_leaves=28
num_cat=9
split_feature=40 32 0 5 31 30 22 31 22 0 0 25 34 5 23 19 19 19 25 19 22 34 19 19 25 22 22
split_gain=2.98755 2.43285 2.80656 2.85673 2.12694 2.01927 2.11889 1.88739 1.86984 1.81854 1.68234 1.68763 1.58725 2.16209 1.9113 1.69001 1.92326 1.30313 1.61529 1.51718 1.51207 1.25524 1.2336 1.11341 1.05976 0.781739 0.678141
threshold=0.059714795008912663 0 1 0.15000000000000005 2 3 -1.4499999999999997 4 4.2500000000000009 5 6 32.142250938181441 7 6.1000000000000005 2.2500000000000004 1.9041588457104577 12.312319074224092 2.396608777429091 230.63952599717092 0.69135836627159175 3.0500000000000003 8 9.5045432110010548 11.398019706687961 65.075791957380076 -0.34999999999999992 -1.7499999999999998
decision_type=2 9 1 10 9 9 2 9 2 1 1 8 9 10 2 8 8 8 10 10 2 9 8 10 10 2 2
left_child=1 5 3 26 17 6 24 9 -8 -4 21 -12 15 14 -14 -6 -17 19 20 -2 -19 -7 -9 -20 -1 -21 -3
right_child=4 2 7 -5 12 10 8 22 -10 -11 11 -13 13 -15 -16 16 -18 18 23 25 -22 -23 -24 -25 -26 -27 -28
leaf_value=-0.00088497825733004022 0.13259373981991623 0.003652191167617609 -0.001740222633339883 -0.095123557239883569 0.11828536184235627 0.00062986479506683686 -0.00011777937991938714 -0.0028323057334620752 -0.018097165607097541 -0.013483869399835573 0.0046192339129230041 -0.0010773808677750196 -0.030323306931384908 7.2510449263805734 -0.014580544125126238 -0.025200707615595643 0.49443944910865401 -0.0055206041684212441 0.42333806355615794 -0.028820928162966979 -0.09661817487424687 0.0020179709692694204 0.0010816951638654081 -0.024157854413981036 -0.007414383091212038 -0.029111848056060943 0.0027254120657887525
leaf_weight=60 32 21 112 29 29 245 548 352 30 142 32 486 149 22 197 60 29 155 55 34 24 214 100 32 59 43 61
leaf_count=60 32 21 112 29 29 245 548 352 30 142 32 486 149 22 197 60 29 155 55 34 24 214 100 32 59 43 61
internal_value=-0.00156195 -0.000857773 -0.00262885 0.00308571 -0.00359188 2.25452e-05 -0.00160621 -0.00356516 -0.000617774 -0.00632015 0.0011917 -0.000373938 -0.00530251 -0.00663505 -0.00759137 -0.000911197 -0.00373481 -0.00118499 0.000291589 -0.00486878 -0.00187258 0.0029288 -0.00189428 0.00472316 -0.00645643 -0.00787261 0.00716168
internal_weight=3352 2491 817 111 861 1674 697 706 578 254 977 518 486 368 346 118 89 375 266 109 179 459 452 87 119 77 82
internal_count=3352 2491 817 111 861 1674 697 706 578 254 977 518 486 368 346 118 89 375 266 109 179 459 452 87 119 77 82
cat_boundaries=0 1 2 4 5 7 8 9 10 11
cat_threshold=13 786504 201327646 212992 1089 1072 363008 1069333 1773747 18504 1496
is_linear=0
shrinkage=0.04


Tree=113
num_leaves=28
num_cat=4
split_feature=0 38 26 24 3 21 24 36 25 30 25 24 21 26 25 26 21 12 21 19 7 24 12 24 29 24 25
split_gain=2.16072 1.85053 1.51329 1.86395 2.19265 1.62988 1.3884 1.36821 2.07358 1.64333 1.96091 1.42944 1.31285 1.19851 1.16937 1.1551 1.62456 1.09853 0.853078 0.821504 1.26439 1.18263 1.1574 0.872138 0.79672 1.0426 0.543238
threshold=0 1 129.71774574395729 236.44092198516046 1.5500000000000003 15.578108340753374 241.8648992100843 2 48.374127648490351 3 235.87210661535329 37.192048554319292 14.535226131673769 164.88605686846122 68.689890045310435 94.120571404012537 3.5967873935063639 4.5000000000000009 4.1661201230937861 2.2913045775102545 0.55000000000000016 261.06362979896761 5.5000000000000009 241.8648992100843 172.71639400000004 83.058141172177827 72.766785557362098
decision_type=1 1 8 10 10 10 10 1 8 9 10 10 8 10 8 10 10 2 10 10 10 10 2 10 2 10 10
left_child=1 19 5 12 6 15 -5 9 18 10 -3 -11 13 -4 -10 16 -2 -17 -9 21 23 -1 -22 -21 26 -26 -7
right_child=2 7 3 4 -6 24 -8 8 14 11 -12 -13 -14 -15 -16 17 -18 -19 -20 20 22 -23 -24 -25 25 -27 -28
leaf_value=-0.010560115691911438 -0.0032438908978977567 0.0046695184936234218 -0.011519953862397578 0.0010105460018007407 6.3914278680228884 -0.0016224630939246688 -0.0038560137532681793 -0.0091612721119007298 0.033984023987573907 0.0038334864182018257 -0.0077569534019866103 -0.0020304471754304565 -0.23551129687986347 -0.0071712932529212556 -0.00056666874111506612 0.0009154668994502302 0.00055542758213931618 0.10391457154773566 -0.011239068744865542 0.0008910146592934964 -0.0044268555027276333 -0.0046270634133514935 -0.032569830334765515 -0.001776851762943359 -0.012679022030912429 0.017814439607305881 -0.019692591821358293
leaf_weight=32 196 83 33 41 29 26 363 33 85 20 24 118 33 316 1142 66 394 21 29 58 27 21 32 23 37 22 51
leaf_count=32 196 83 33 41 29 26 363 33 85 20 24 118 33 316 1142 66 394 21 29 58 27 21 32 23 37 22 51
internal_value=-0.00142351 -0.000424504 -0.00246295 -0.00369626 -0.00188262 -0.00124985 -0.00265845 5.04691e-05 -0.000475202 0.00272125 0.00622785 -0.000254181 -0.00573142 -0.00495863 -0.000112332 -0.000439204 -0.00107861 0.00381921 -0.00752756 -0.004 -0.00253004 -0.00840367 -0.00690909 0.00070303 -0.00522182 -0.00161983 -0.00787261
internal_weight=3355 1727 1628 815 433 813 404 1534 1289 245 107 138 382 349 1227 677 590 87 62 193 140 53 59 81 136 59 77
internal_count=3355 1727 1628 815 433 813 404 1534 1289 245 107 138 382 349 1227 677 590 87 62 193 140 53 59 81 136 59 77
cat_boundaries=0 1 2 3 4
cat_threshold=1006914 2 4 1030
is_linear=0
shrinkage=0.04


Tree=114
num_leaves=25
num_cat=4
split_feature=0 25 22 23 22 17 5 0 25 20 24 20 21 34 20 22 22 39 34 27 19 23 39 24
split_gain=2.72607 2.00985 1.92826 1.60809 1.60756 1.502 1.93929 1.70531 1.42431 2.83395 1.4437 1.21867 3.17805 2.57267 2.05273 1.26593 1.20662 1.09711 1.0917 1.02541 1.02909 0.978908 1.40179 0.302075
threshold=0 109.748095119087 -1.5499999999999998 2.1500000000000008 1.6500000000000001 0.25000000000000006 9.5000000000000018 1 92.901487678207431 1.2170448679926424 105.74594675776764 3.8692775732030573 6.3167415640083666 2 2.4895529184661918 -0.94999999999999984 -0.84999999999999998 5.5000000000000009 3 320.50000000000006 4.3750159939960289 2.5500000000000003 5.5000000000000009 116.18327898325933
decision_type=1 10 2 2 2 10 10 1 10 8 10 10 10 9 10 2 2 10 9 2 10 2 10 10
left_child=2 8 3 -1 5 7 -7 -4 9 23 -11 13 16 15 -15 -3 -13 -10 -14 20 -6 22 -5 -2
right_child=1 11 4 21 19 6 -8 -9 17 10 -12 12 18 14 -16 -17 -18 -19 -20 -21 -22 -23 -24 -25
leaf_value=0.00081860557932742493 -0.0044022274198021807 -0.0092480497014032353 0.064701883329412804 -0.0019872574664939078 -0.015314523964481576 -0.019714220005737956 9.3376882838568509 -0.0015257911409097603 0.0013410457321447744 0.00025833168308318831 0.11919664450902952 -0.0017917637038740964 0.000301325710796192 0.0013407948060475583 -0.01103434300614527 -0.0036802814368562765 0.012572325641547942 0.17512992297742189 -0.0077859478032487675 0.00062595044442206318 -0.014979364993129086 -0.0010813647577572105 -0.023046116651098816 -0.043177449301394687
leaf_weight=29 20 32 116 35 52 396 40 511 20 1068 28 39 119 130 61 96 95 28 173 20 58 28 91 21
leaf_count=29 20 32 116 35 52 396 40 511 20 1068 28 39 119 130 61 96 95 28 173 20 58 28 91 21
internal_value=-0.00141436 -0.000431625 -0.00276613 -0.00660163 -0.00219171 -0.00167027 -0.00346971 -0.000410501 0.000588285 0.000296882 0.000690661 -0.00206028 -0.000650292 -0.00392512 -0.000681481 -0.00801434 0.00441328 0.00723232 -0.00299148 -0.00637262 -0.00787444 -0.00821865 -0.0097098 -0.00983529
internal_weight=3306 1930 1376 183 1193 1063 436 627 1185 1137 1096 745 426 319 191 128 134 48 292 130 110 154 126 41
internal_count=3306 1930 1376 183 1193 1063 436 627 1185 1137 1096 745 426 319 191 128 134 48 292 130 110 154 126 41
cat_boundaries=0 1 2 3 4
cat_threshold=1216700 32784 2616 704
is_linear=0
shrinkage=0.04


Tree=115
num_leaves=28
num_cat=4
split_feature=0 34 34 22 21 7 25 18 23 22 7 8 21 39 39 23 29 40 8 30 25 21 35 25 27 39 39
split_gain=2.01036 2.93453 2.84955 1.92473 2.45877 1.86783 1.92876 2.3511 1.8552 1.75261 2.04008 1.46268 1.45488 2.21395 1.96171 1.43273 1.37153 1.36538 2.31199 1.38784 1.06982 0.981867 0.955992 0.917065 0.903183 0.866048 0.731001
threshold=0 1 2 2.7500000000000004 3.5038442435691777 9.7000000000000011 221.7871157844888 17.500000000000004 2.2500000000000004 -1.1499999999999997 14.250000000000002 0.95000000000000007 7.721125780824603 6.8333333333333348 5.5000000000000009 2.4500000000000006 172.77371875000003 0.057189542483660136 0.35000000000000003 3 233.4912055261143 13.407440368097818 1.0000000180025095e-35 90.065478391104236 320.50000000000006 24.225000000000005 589.50000000000011
decision_type=1 9 9 2 10 8 10 10 2 2 10 10 10 8 10 2 2 2 10 9 10 8 2 10 2 8 8
left_child=1 8 3 4 15 17 7 -7 24 23 -11 -6 16 14 -14 -2 25 19 -19 -4 -15 -5 -18 -10 26 -3 -1
right_child=2 12 5 21 11 6 -8 -9 9 10 -12 -13 13 20 -16 -17 22 18 -20 -21 -22 -23 -24 -25 -26 -27 -28
leaf_value=-0.0017874559034199678 -0.00078249839685923923 -0.0087391072432823694 0.00036574684696869756 -0.0099598549863529583 -0.0011387728824127309 -0.16167456143111394 0.11976117981580614 0.20339486536152088 -0.0048099862876852129 0.0034555725744390034 -0.3548052384004689 -0.022408230431815106 -0.0019374635667786678 -0.0052100267024806973 -0.014052752353881353 0.015562610001894602 -0.0045855677156322727 -0.011877402752635718 0.038447635387151846 0.0015190059074593875 0.073745169788715717 -0.015532598486827425 0.00021984886417524054 -0.00054571747730641112 -0.01631235068569957 -0.05159116509092801 -0.030040870689799864
leaf_weight=232 115 56 641 27 175 66 39 33 36 271 20 147 49 142 32 44 211 132 146 297 90 36 50 55 20 95 26
leaf_count=232 115 56 641 27 175 66 39 33 36 271 20 147 49 142 32 44 211 132 146 297 90 36 50 55 20 95 26
internal_value=-0.00146689 -0.00261941 -0.000606441 -0.0030207 -0.00219275 0.000379348 -0.004 -0.00694527 -0.000652271 0.00114211 0.00265983 -0.00419784 -0.00436931 -0.00234658 -0.00797576 0.0018567 -0.00599274 0.000885421 -0.00156708 0.00161575 -0.000334047 -0.0095814 -0.00418286 -0.00365405 -0.00314132 -0.00903607 -0.00245857
internal_weight=3283 1385 1898 544 481 1354 138 99 660 382 291 322 725 313 81 159 412 1216 278 938 232 63 261 91 278 151 258
internal_count=3283 1385 1898 544 481 1354 138 99 660 382 291 322 725 313 81 159 412 1216 278 938 232 63 261 91 278 151 258
cat_boundaries=0 1 2 3 4
cat_threshold=1119413 32264 9728 3073
is_linear=0
shrinkage=0.04


Tree=116
num_leaves=22
num_cat=7
split_feature=31 26 0 26 21 21 0 21 39 22 40 23 0 40 0 14 22 21 31 28 20
split_gain=2.42689 2.4507 3.88754 1.88005 1.87361 1.80385 2.3283 1.92661 1.83588 1.67983 1.83006 1.45684 2.46419 1.56622 1.98774 1.69417 1.46189 1.44353 1.30119 1.15491 0.638057
threshold=0 143.87319241622762 1 15.556632292772749 16.379714062475582 1.4751535407795429 2 3.2511704615156316 249.40000000000001 0.45000000000000007 0.088932806324110686 2.2500000000000004 3 0.059714795008912663 4 5 -0.84999999999999998 4.0204616132450495 6 -44.385165184999998 0.88992920194353597
decision_type=9 10 1 8 10 10 1 10 8 2 2 2 1 2 1 1 2 10 9 2 10
left_child=3 2 4 -1 17 20 8 -8 -7 10 -4 13 18 14 -5 -15 -14 -2 -13 -11 -3
right_child=1 5 9 11 -6 6 7 -9 -10 19 -12 12 16 15 -16 -17 -18 -19 -20 -21 -22
leaf_value=-0.0070776730314008416 0.00089030269110914164 -0.065074776928761194 -0.0018825592447943862 -0.002962675680473037 -0.0054662136730843974 -0.011031658654641311 0.0056709753619989204 -0.0027663222561397304 0.0020336402915905084 0.00053264874606712815 0.078601878935310621 0.0049363067871413873 -0.0068818468148348086 0.064436976185652334 0.00048242583023581535 -0.015909274921987127 0.00033198078167650635 0.0074335555097268906 0.00072258589363755738 -0.0077816591811631503 -0.0097646193187016558
leaf_weight=37 116 25 253 112 25 180 47 301 45 36 67 246 137 48 328 120 473 112 352 179 27
leaf_count=37 116 25 253 112 25 180 47 301 45 36 67 246 137 48 328 120 473 112 352 179 27
internal_value=-0.000990972 -0.00223096 -0.000757441 -3.11075e-05 0.00324386 -0.00411492 -0.00344299 -0.00121836 -0.00650317 -0.00266789 -0.000864697 0.000152957 0.00095742 -0.00144053 -0.00017667 -0.00470796 -0.000833467 0.00452288 0.00275308 -0.00544111 -0.0111776
internal_weight=3266 1413 788 1853 253 625 573 348 225 535 320 1816 1208 608 440 168 610 228 598 215 52
internal_count=3266 1413 788 1853 253 625 573 348 225 535 320 1816 1208 608 440 168 610 228 598 215 52
cat_boundaries=0 2 3 4 5 6 7 9
cat_threshold=151014232 193536 630992 1082457 806459 1070608 1 2120 36864
is_linear=0
shrinkage=0.04


Tree=117
num_leaves=21
num_cat=2
split_feature=40 39 34 39 21 7 19 26 20 19 5 28 39 19 19 10 27 21 8 40
split_gain=2.33592 2.17209 2.09911 2.46881 2.81316 2.09858 1.92453 1.84062 1.72709 1.67873 1.90211 1.65465 1.53599 1.56812 1.43401 1.17241 1.0221 0.936014 0.638633 0.506968
threshold=0.057189542483660136 81.200000000000017 0 152.15000000000003 4.8444209189451977 10.15 1.9615151589366164 79.816105609006271 0.76088588351288855 1.9428848139088915 2.1000000000000005 -44.386017804999994 45.100000000000009 17.428523122324762 1.2196972069846053 1 135.00000000000003 15.263000142721053 8.5000000000000018 0.10620300751879701
decision_type=2 10 9 10 8 8 10 10 8 8 10 2 10 10 10 1 2 10 10 2
left_child=1 5 3 6 -5 11 14 -3 -4 19 -11 18 13 -7 -2 -13 -8 -6 -1 -10
right_child=2 7 8 4 17 12 16 -9 9 10 -12 15 -14 -15 -16 -17 -18 -19 -20 -21
leaf_value=0.0009517299223030484 -0.015135551414109721 -0.00047233232092125377 0.09903416403583222 -0.028704784483482692 0.41375675975653214 -0.086045153752354525 -0.016812081051779997 1.4626652750552256 -0.0041827866508951676 -0.015771380617700698 1.2698694657189049 -0.0028342735303911581 0.23313548107656751 7.0265475501272832 0.1616317236439031 2.3097534113389885e-05 -0.056006263811891339 0.48075866746800244 0.0070706830446829547 -0.040988280217986388
leaf_weight=86 22 21 24 35 66 208 70 27 56 394 62 187 21 22 23 1859 41 21 20 65
leaf_count=86 22 21 24 35 66 208 70 27 56 394 62 187 21 22 23 1859 41 21 20 65
internal_value=-0.000887888 -0.000251988 -0.00265531 0.00026943 0.00451822 -0.000423373 -0.00303492 0.0080404 -0.00394776 -0.00445635 -0.00331803 -1.76457e-05 -0.00387327 -0.00482937 0.00382796 -0.000272527 -0.00584889 0.00833898 0.0048186 -0.00863673
internal_weight=3330 2451 879 278 122 2403 156 48 601 577 456 2152 251 230 45 2046 111 87 106 121
internal_count=3330 2451 879 278 122 2403 156 48 601 577 456 2152 251 230 45 2046 111 87 106 121
cat_boundaries=0 1 2
cat_threshold=18520 4
is_linear=0
shrinkage=0.04


Tree=118
num_leaves=23
num_cat=9
split_feature=40 17 0 31 31 0 22 31 0 12 0 17 22 34 0 22 22 19 19 19 21 6
split_gain=2.60006 2.85871 2.87303 3.55123 2.8326 2.35479 2.2426 2.1871 2.58719 2.0249 1.98844 1.82842 2.10028 1.81396 1.73671 1.62599 1.40541 1.3765 0.845318 0.841208 0.790791 0.652354
threshold=0.057189542483660136 4.1000000000000005 0 1 2 3 -2.5499999999999994 4 5 6.5000000000000009 6 7.8500000000000005 -0.54999999999999993 7 8 2.6500000000000008 0.25000000000000006 9.9495236195660457 15.676504651868877 5.9392100426429746 6.6351783581763888 0.55000000000000016
decision_type=2 8 1 9 9 1 2 9 1 2 1 10 2 9 1 2 2 8 8 10 8 10
left_child=1 2 3 15 13 18 17 8 -8 11 -6 12 -3 -4 -9 -1 -5 -7 19 -2 -13 -20
right_child=5 9 4 16 10 6 7 14 -10 -11 -12 20 -14 -15 -16 -17 -18 -19 21 -21 -22 -23
leaf_value=-0.003379567016386158 0.022743274764470911 -0.03971725480464585 -0.00042127114195093188 -0.0014980578320897919 -0.0012738588464611311 -0.063432198095797893 0.069605098247175048 -0.030408839779746535 -0.012364340334852279 0.13374377519278391 0.00052690725930386155 -0.10541041341976932 -0.43910982648914859 0.0035801566394690456 -0.0062608060269214155 0.0018560648937041792 0.0058353388866732208 -0.0190205970948179 -0.018820566516487974 0.38217298354185303 0.78303589888530056 0.82574985747030871
leaf_weight=330 28 33 125 197 645 24 101 238 170 26 567 26 54 271 223 20 117 21 26 38 21 22
leaf_count=330 28 33 125 197 645 24 101 238 170 26 567 26 54 271 223 20 117 21 26 38 21 22
internal_value=-0.00122063 -0.000541607 -0.00017506 -0.00236566 0.000739734 -0.00306779 -0.00382752 -0.00332379 -0.000346903 -0.00568421 -0.000227217 -0.00766052 -0.0110508 0.00362699 -0.00494815 -0.00508437 0.000731183 -0.0124301 0.00221514 0.0053037 -0.00119588 -0.00157576
internal_weight=3323 2432 2272 664 1608 891 777 732 271 160 1212 134 87 396 461 350 314 45 114 66 47 48
internal_count=3323 2432 2272 664 1608 891 777 732 271 160 1212 134 87 396 461 350 314 45 114 66 47 48
cat_boundaries=0 1 3 5 6 8 9 10 11 12
cat_threshold=1051924 438 106496 2860 262144 3074 134219853 163840 1057313 508552 2832 1061417
is_linear=0
shrinkage=0.04


Tree=119
num_leaves=28
num_cat=7
split_feature=40 31 31 26 39 26 29 34 29 18 40 9 26 31 20 34 5 26 17 19 18 13 19 6 19 26 26
split_gain=2.46546 2.69287 2.46017 2.46807 2.55653 1.85291 2.03353 1.83782 1.80166 1.79122 1.67652 1.60685 1.60647 1.6024 1.53776 1.42796 1.25427 1.29498 1.20846 1.19563 1.1494 0.886667 1.25813 0.761541 0.752478 0.660312 0.274341
threshold=0.057189542483660136 0 1 268.05772944727391 40.500000000000007 255.21511520183398 172.69689000000002 2 172.67094600000004 7.5000000000000009 0.17914438502673799 3 55.289622124719763 4 10.989303210103795 5 6.6000000000000005 62.718276471590748 2.9500000000000006 14.082431307566852 4.5000000000000009 6 2.396608777429091 0.25000000000000006 8.8392925104229132 265.56983763586589 76.818646378210346
decision_type=2 9 9 10 8 8 2 9 2 8 2 1 10 9 8 9 10 8 10 10 10 1 10 10 10 8 10
left_child=2 8 3 4 18 6 19 11 23 20 13 14 -6 -10 -3 -8 17 -9 -1 -4 -7 -5 -23 -2 -13 -11 -12
right_child=1 7 5 21 12 9 15 16 10 25 26 24 -14 -15 -16 -17 -18 -19 -20 -21 -22 22 -24 -25 -26 -27 -28
leaf_value=-0.0008506932910842302 0.17956377546298227 0.010524860248155896 -0.0039616499422406902 -0.0017713986783514813 -0.00054751771052728769 0.0010263364756435322 -0.0016406441615106359 -0.00065435678103327184 -0.010071870369805645 0.69766921434237594 -0.035334633679767719 0.093294690553184165 0.033617373220145852 0.090445555285130416 -0.058120812246504075 0.0011833006780960708 4.2525356856353582 -0.022872451335997645 -0.059471260476144393 -0.082949312364790681 0.15550975596604497 -0.0037254063586726004 -0.0080999865695195079 0.032430156213786178 0.41873508324313774 -0.020436875207151813 -0.11027195126331102
leaf_weight=686 32 33 81 37 70 355 334 62 104 21 21 37 120 118 28 416 26 385 74 22 54 49 43 21 20 89 21
leaf_count=686 32 33 81 37 70 355 334 62 104 21 21 37 120 118 28 416 26 385 74 22 54 49 43 21 20 89 21
internal_value=-0.000945693 -0.00272457 -0.000284608 -0.00170381 -0.00100683 0.000837008 -0.000301931 -0.00427884 0.000298326 0.0027243 -0.00104708 0.000293436 0.00312272 0.000348993 -0.004128 0.000423154 -0.00540351 -0.00601561 -0.00204596 -0.0055311 0.00394153 -0.00688123 -0.00896257 0.00693578 0.00509402 -0.00177578 -0.00822989
internal_weight=3359 908 2451 1079 950 1372 853 591 317 519 264 118 190 222 61 750 473 447 760 103 409 129 92 53 57 110 42
internal_count=3359 908 2451 1079 950 1372 853 591 317 519 264 118 190 222 61 750 473 447 760 103 409 129 92 53 57 110 42
cat_boundaries=0 2 4 5 6 7 8 9
cat_threshold=201329713 155648 8393873 356352 18456 1 48 12964 4
is_linear=0
shrinkage=0.04


Tree=120
num_leaves=26
num_cat=8
split_feature=31 0 0 20 31 20 26 34 34 0 0 17 26 19 20 40 19 7 20 19 21 20 23 26 24
split_gain=2.00013 2.54931 2.54697 2.17426 1.78988 2.72485 2.62497 1.90723 1.59662 2.45715 2.03631 1.78229 1.56447 1.53898 2.09884 1.16961 2.4395 1.30441 1.16031 1.08271 1.04086 0.952443 0.940318 0.825176 0.491489
threshold=0 1 2 17.958169151113513 3 12.440156922665135 268.05772944727391 4 5 6 7 0.55000000000000016 36.059747307225685 11.901866256390397 3.3281435009860973 0.059714795008912663 2.396608777429091 11.65 0.96104849519452606 17.428523122324762 10.553071382671666 2.056992520986006 2.3500000000000001 72.184338945164214 277.57972261792378
decision_type=9 1 1 10 9 10 10 9 9 1 1 8 8 10 8 2 10 10 10 10 8 10 2 10 10
left_child=1 13 4 15 5 20 7 -6 9 23 11 -10 -11 14 21 17 -17 -3 -12 -5 -2 -1 -16 -4 -8
right_child=2 3 8 19 6 -7 24 -9 10 12 18 -13 -14 -15 22 16 -18 -19 -20 -21 -22 -23 -24 -25 -26
leaf_value=-0.0060259770662799287 0.0045890844247650619 0.0023776160310865001 -0.0040454758323257064 -0.074065235504973528 -0.001870845011906006 -0.010551698716321986 -0.0094433380799058501 0.0032189702220690821 -0.0018870281836464819 0.13985202750449413 0.00082793115482857613 -0.039657877832211634 4.9807341455796464e-05 -0.024075420197716149 -0.0066507140964440128 -0.015755260169650818 0.092267327676301886 -0.35628269070003393 -0.0018210683328925014 0.17452810990323983 0.016354756501494806 -0.020599369196011352 0.23392599434105066 -0.0035243373711204384 -0.0077759871067387114
leaf_weight=65 53 314 71 20 230 21 35 187 484 34 57 227 404 24 53 55 81 26 617 20 53 28 38 136 25
leaf_count=65 53 314 71 20 230 21 35 187 484 34 57 227 404 24 53 55 81 26 617 20 53 28 38 136 25
internal_value=-0.00132103 0.000541128 -0.00182877 0.0020436 0.000451665 0.00446209 -0.000691914 0.000425329 -0.00250698 -0.000819497 -0.0032782 -0.00478616 0.000885428 -0.00308884 -0.00192992 0.00284398 -0.000276364 0.0040937 -0.00163093 -0.0066988 0.00742326 -0.0061164 0.00235676 -0.00429291 -0.00842276
internal_weight=3358 724 2634 516 604 127 477 417 2030 645 1385 711 438 208 184 476 136 340 674 40 106 93 91 207 60
internal_count=3358 724 2634 516 604 127 477 417 2030 645 1385 711 438 208 184 476 136 340 674 40 106 93 91 207 60
cat_boundaries=0 2 3 4 6 7 8 9 10
cat_threshold=402672904 32768 1413121 626752 644 2048 4576 24744 1065241 1321510
is_linear=0
shrinkage=0.04


Tree=121
num_leaves=22
num_cat=4
split_feature=31 27 21 5 8 8 26 24 24 21 31 7 21 24 24 22 31 12 23 8 11
split_gain=2.05468 3.41962 2.54777 2.45434 2.39318 1.8822 1.79322 2.00407 1.4926 2.10022 1.94998 2.17684 1.45508 1.23847 1.19319 1.15763 1.02818 0.991117 0.92135 0.401147 0.308349
threshold=0 232.50000000000003 4.7849560897938161 7.4000000000000012 0.15000000000000005 79.800000000000011 76.818646378210346 264.82233912264002 123.68714042451761 8.6858982904028057 1 11.65 20.385923333890229 41.395010783237531 45.785474333664162 -3.4499999999999997 2 6.5000000000000009 2.4500000000000006 1.5000000000000002 3
decision_type=9 2 10 8 10 10 10 10 8 10 9 10 10 8 8 2 9 2 2 10 1
left_child=5 3 13 6 -4 8 14 -8 9 16 11 -10 -11 -3 -2 -12 -1 -15 20 -6 -5
right_child=1 2 4 18 19 -7 7 -9 10 12 15 -13 -14 17 -16 -17 -18 -19 -20 -21 -22
leaf_value=-0.00061739422837975516 0.0012464388855781649 -0.010665637555987857 -0.00030759556822992809 -1.1342735226901253 0.017260698033058831 5.8521308860783847 -0.0088324085350202537 -0.00062645130991715095 0.004349362175489215 0.00052629045992883764 -0.0024281977996405504 -0.15751615865509436 -0.061630829862686538 -0.0024760608316810816 -0.0017184721309076423 -0.00060320849397589528 -0.0053179522140097647 0.95370814408750249 -1.384420912567502 0.058605866152941249 -1.5573575559525918
leaf_weight=122 67 21 20 20 21 23 450 149 386 437 52 56 34 106 399 590 278 33 20 33 21
leaf_count=122 67 21 20 20 21 23 450 149 386 437 52 56 34 106 399 590 278 33 20 33 21
internal_value=-0.00131696 -0.00250674 0.00185987 -0.00343947 0.00792053 -0.000481528 -0.00297984 -0.00442631 -0.00062254 -0.00185444 0.000366651 0.00237707 -3.80952e-05 -0.000978328 -0.00110802 -0.00103749 -0.00398007 0.000412811 -0.011168 0.0122162 -0.0145412
internal_weight=3338 1360 234 1126 74 1978 1065 599 1955 871 1084 442 471 160 466 642 400 139 61 54 41
internal_count=3338 1360 234 1126 74 1978 1065 599 1955 871 1084 442 471 160 466 642 400 139 61 54 41
cat_boundaries=0 2 4 6 7
cat_threshold=136332637 63488 134235400 20480 17 34816 2
is_linear=0
shrinkage=0.04


Tree=122
num_leaves=18
num_cat=2
split_feature=0 17 18 39 26 17 20 32 26 39 24 24 24 39 39 28 18
split_gain=1.75123 2.58489 2.26294 1.9044 2.65023 2.24051 2.02177 1.68566 1.18369 1.4805 1.18119 1.11522 1.62181 0.987548 0.968685 0.686189 1.0851
threshold=0 4.1000000000000005 22.500000000000004 108.30000000000003 70.082462859617536 1.5000000000000002 4.063619677920415 1 21.50063998183396 38.350000000000009 229.19137277982335 352.05438539055802 312.08129618090987 17.100000000000005 380.50000000000006 -43.607642999999996 11.500000000000002
decision_type=1 8 10 10 10 10 10 9 8 10 10 10 10 8 10 2 10
left_child=1 3 15 4 7 6 -5 -1 9 -2 -6 12 14 -14 -10 16 -3
right_child=8 2 -4 5 10 -7 -8 -9 11 -11 -12 -13 13 -15 -16 -17 -18
leaf_value=0.0030638791161031165 -0.0048982860292790956 -0.01293076452205277 1.2248575943219293 -0.032855547815290403 -0.0041773011088805136 0.090906562708840441 -0.021924537511279568 -0.0011918437349652678 -6.6537043523418054e-05 0.0019015200301471858 -0.00040378696725657193 -0.0069026947815419076 0.0056722541292722715 -2.0782088005262266e-05 -0.02668277702314608 -0.78491809879521324 -0.7830010792756672
leaf_weight=149 28 35 25 67 463 33 97 199 1654 20 335 20 30 20 94 24 22
leaf_count=149 28 35 25 67 463 33 97 199 1654 20 335 20 30 20 94 24 22
internal_value=-0.00113915 -0.00217597 -0.00816744 -0.00170919 -0.00107887 -0.00532997 -0.00723867 0.00182546 -0.000318509 -0.00642424 -0.00234897 -0.000152789 -4.33454e-05 0.00695146 -0.000250357 -0.0113697 -0.00851282
internal_weight=3315 1449 106 1343 1146 197 164 348 1866 48 798 1818 1798 50 1748 81 57
internal_count=3315 1449 106 1343 1146 197 164 348 1866 48 798 1818 1798 50 1748 81 57
cat_boundaries=0 1 2
cat_threshold=1159729 12
is_linear=0
shrinkage=0.04


Tree=123
num_leaves=29
num_cat=7
split_feature=31 26 0 22 17 21 24 34 0 25 23 17 22 31 19 23 19 26 0 27 23 17 19 27 27 32 19 21
split_gain=2.25555 3.8211 2.16427 2.3839 2.12341 1.98868 1.86263 1.81599 2.52014 2.12906 1.91883 1.91106 1.51773 3.22031 2.15241 1.49748 1.41707 1.37651 1.36107 1.34227 1.31333 1.21083 1.05484 1.09956 0.908294 0.732098 0.679578 0.625248
threshold=0 270.68043832997131 1 0.25000000000000006 3.7000000000000006 3.2511704615156316 75.645739093695866 2 3 210.26246372582702 2.2500000000000004 0.75000000000000011 -0.84999999999999998 4 1.4078533585361148 2.3500000000000001 14.614133123992373 73.467044752672805 5 280.50000000000006 2.3500000000000001 0.65000000000000002 5.3894635519522991 238.00000000000003 135.00000000000003 6 8.3895370363113759 11.120594550879717
decision_type=9 10 1 2 8 8 10 9 1 8 2 10 2 9 10 2 10 10 1 2 2 10 10 2 2 9 10 10
left_child=7 2 3 25 17 -5 -3 8 9 20 11 -10 15 14 -14 27 -15 -4 -12 -6 -1 -11 23 -8 -17 -2 -24 -9
right_child=1 6 4 5 19 -7 22 12 10 21 18 -13 13 16 -16 24 -18 -19 -20 -21 -22 -23 26 -25 -26 -27 -28 -29
leaf_value=-0.013436317032962891 0.00033594150040055837 -0.011948847269054923 -0.0023503039439837182 0.13545123657931035 -0.55906493560323356 0.0049133413583002652 -0.00089945961618905553 -0.0031882140938656891 0.0017758784406227334 0.0026043595750145877 0.0021337284263280945 -0.019653403816499219 -0.0017523031910766562 -0.0032827625137082706 0.030665871981676567 -0.035284708426140961 -0.15343154841699139 -0.00032726032363630255 0.022537271541615046 0.0047280912411316401 -0.0027995419010241741 -0.011050159437477589 -0.041935574061868229 -0.023106142293004197 -0.0039884508274107763 -0.0047960623678934061 -0.0021743040759578491 0.0012809072906611618
leaf_weight=53 105 30 533 41 63 162 98 109 118 78 116 78 85 316 142 30 29 500 196 22 60 55 31 21 54 111 24 47
leaf_count=53 105 30 533 41 63 162 98 109 118 78 116 78 85 316 142 30 29 500 196 22 60 55 31 21 54 111 24 47
internal_value=-0.00126281 -0.00224708 -0.00157166 0.000878049 -0.0024772 0.004 -0.00738686 -0.000150872 0.00125147 -0.00201165 0.00284504 -0.000192405 -0.00145477 -0.000345248 0.00326205 -0.00413251 -0.00274334 -0.00198937 0.00484211 -0.00853179 -0.00609607 0.00132342 -0.00568661 -0.00346888 -0.00839766 -0.00201379 -0.0102301 -0.00176508
internal_weight=3307 1741 1537 419 1118 203 204 1566 754 246 508 196 812 572 227 240 345 1033 312 85 113 133 174 119 84 216 55 156
internal_count=3307 1741 1537 419 1118 203 204 1566 754 246 508 196 812 572 227 240 345 1033 312 85 113 133 174 119 84 216 55 156
cat_boundaries=0 2 3 4 5 7 8 9
cat_threshold=419448653 166912 562436 21672 316688 134217792 165888 8269 25
is_linear=0
shrinkage=0.04


Tree=124
num_leaves=24
num_cat=6
split_feature=40 0 26 26 24 17 40 0 32 20 21 25 8 26 8 34 20 0 11 17 12 24 8
split_gain=1.66311 2.42634 2.35414 1.93581 2.09237 1.93278 1.88782 1.7552 2.05183 1.92218 2.11946 1.52829 1.54298 1.51646 1.97765 1.49705 2.473 2.15315 1.4341 1.04143 0.943095 0.887824 0.13012
threshold=0.051315789473684217 0 47.033960946323994 317.30132886519488 271.9190647209777 1.5000000000000002 0.12310606060606062 1 2 0.93922154965324778 13.855295867512856 289.23611021868408 1.0500000000000003 30.958220511064585 1.9000000000000001 3 0.43451003524985582 4 5 7.1000000000000005 4.5000000000000009 91.679704513136031 0.35000000000000003
decision_type=2 1 8 10 10 10 2 1 9 8 10 10 10 8 10 9 8 1 1 8 2 10 10
left_child=7 2 -2 4 19 21 -6 8 11 -10 -11 12 -1 14 18 16 -15 -17 -9 -3 -7 -4 -5
right_child=1 3 5 22 6 20 -8 13 9 10 -12 -13 -14 15 -16 17 -18 -19 -20 -21 -22 -23 -24
leaf_value=-0.00020089327300926385 0.87859688671873193 -0.010887232926611912 0.013955823336156926 -0.013236595334626405 -0.013313847326517561 0.012078114387228922 1.6362212482297427 -1.1400843979529895e-05 0.0097235989257414349 -0.0021706834177089717 0.15192184895103042 0.10954720825939664 0.0082164701660843425 -0.0047508907656943931 0.004812452431702639 -0.00099851292683187146 -0.0015970511899429951 0.0022130535606926572 -0.0061350035052009488 -0.50277463126408772 2.5795873639911662 -0.041527003520581973 -0.035732030873607191
leaf_weight=209 21 520 87 20 51 23 28 25 29 327 44 27 169 21 25 221 1083 207 59 20 23 71 26
leaf_count=209 21 520 87 20 51 23 28 25 29 327 44 27 169 21 25 221 1083 207 59 20 23 71 26
internal_value=-0.00120989 -0.00268985 0.000921776 -0.00386992 -0.00331668 -0.000379562 0.00270807 -0.000669254 0.000854868 -0.0011616 -0.00198121 0.00282833 0.00220817 -0.00141483 -0.00595475 -0.00109423 -0.00186284 0.000905575 -0.0088655 -0.00420683 0.00669474 -0.0024953 -0.0117474
internal_weight=3336 890 225 665 619 204 79 2446 805 400 371 405 378 1641 109 1532 1104 428 84 540 46 158 46
internal_count=3336 890 225 665 619 204 79 2446 805 400 371 405 378 1641 109 1532 1104 428 84 540 46 158 46
cat_boundaries=0 1 2 3 4 5 6
cat_threshold=298256 561227 25 3824 1133588 4
is_linear=0
shrinkage=0.04


Tree=125
num_leaves=28
num_cat=6
split_feature=19 31 31 34 34 24 19 20 24 24 22 26 20 40 27 22 32 17 5 20 23 39 39 24 39 14 29
split_gain=1.38896 2.49218 1.98094 2.48616 2.09178 1.76457 1.63259 1.73026 1.56011 3.02403 1.54191 1.52553 1.59483 1.496 2.91526 1.47026 1.33731 1.93192 1.23478 1.20862 1.15022 0.993553 0.97954 0.974259 0.893896 0.666781 0.639692
threshold=0.62318286527802991 0 1 2 3 237.95182236873546 4.0122981349547189 14.219300056283542 33.015415548008384 73.003182142721258 5.1500000000000012 50.456980965302712 0.58152685479644084 0.11882352941176472 209.00000000000003 1.4500000000000002 4 1.3500000000000003 5.2500000000000009 2.7568801952838986 2.5500000000000003 28.100000000000005 12.100000000000001 274.59808923757231 8.1666666666666696 5 171.24883065000003
decision_type=10 9 9 9 9 10 10 10 10 10 2 10 10 2 2 2 9 10 10 10 2 8 10 10 10 1 2
left_child=1 16 4 8 5 15 19 -8 22 -10 13 20 -13 18 -15 -2 17 26 -3 -5 -6 24 -4 -7 -18 -23 -1
right_child=2 10 3 6 11 23 7 -9 9 -11 -12 12 -14 14 -16 -17 21 -19 -20 -21 -22 25 -24 -25 -26 -27 -28
leaf_value=-0.0079431618767767456 -0.0026302170588576959 0.0025511870628894861 -0.00034220347754150283 -0.0017747414030267273 0.0043310400447738578 0.10645476528647953 -0.00085765032537086225 -0.014389587756743528 0.0037191162870231055 -0.0017202209852300498 -0.0049931433279127545 0.015973780797473403 4.8076115368385077e-05 -0.077650970236842337 0.18316763891374815 -0.020697415830817009 -0.0014675083463051308 0.035289869728682886 -0.55908172166436798 -0.0077477278186749744 -0.0058896033649929085 -0.0088610144358835536 -0.025833458002261837 -0.0016509852022077354 -0.015217397429532582 0.054058726500764112 5.7275145150459397e-05
leaf_weight=26 287 328 29 182 47 72 333 164 135 517 30 23 504 20 35 91 65 23 22 208 21 20 25 48 29 21 70
leaf_count=26 287 328 29 182 47 72 333 164 135 517 30 23 504 20 35 91 65 23 22 208 21 20 25 48 29 21 70
internal_value=-0.00122553 0.000373642 -0.00163647 -0.00252914 -0.000306021 -0.00219431 -0.00393767 -0.00244333 -0.000721951 -0.000180566 0.00219037 0.00128277 0.00056386 0.00289791 -0.00315044 -0.00357839 -0.00270433 0.000444444 0.00386344 -0.00592082 0.0068777 -0.00531058 -0.00717117 0.00195885 -0.00793717 -0.000423529 -0.00203077
internal_weight=3375 689 2686 1593 1093 498 887 497 706 652 435 595 527 405 55 378 254 119 350 390 68 135 54 120 94 41 96
internal_count=3375 689 2686 1593 1093 498 887 497 706 652 435 595 527 405 55 378 254 119 350 390 68 135 54 120 94 41 96
cat_boundaries=0 2 4 5 6 7 8
cat_threshold=3217 106496 469763085 221696 18840 2464 3 1
is_linear=0
shrinkage=0.04


Tree=126
num_leaves=14
num_cat=4
split_feature=31 24 26 39 39 0 22 34 18 39 31 24 28
split_gain=1.55354 2.08511 1.79761 1.37274 1.73336 2.93874 1.73895 1.3632 1.35467 1.47601 1.0947 0.781814 0.133958
threshold=0 196.66502958371831 65.786039299966589 1264.1000000000001 55.300000000000004 1 -1.9499999999999997 2 16.500000000000004 12.350000000000001 3 225.71769583337561 -43.622646499999995
decision_type=9 8 10 10 10 1 2 9 10 10 9 10 2
left_child=1 2 -1 4 8 6 -6 -7 10 -10 -2 -3 -4
right_child=3 11 12 -5 5 7 -8 -9 9 -11 -12 -13 -14
leaf_value=0.016327736830441319 0.0003942940667122663 0.1159374701321717 -0.014422313763539947 1.2269436090454653 -0.037485055805332339 -0.005189623599136493 0.02007949579561398 -0.019729639066036635 -0.0025079894336904828 -0.21344706379499329 -0.00082477857557124775 0.1227399841952091 -0.016464059569379224
leaf_weight=39 554 36 21 24 22 140 229 300 59 51 1808 36 21
leaf_count=39 554 36 21 24 22 140 229 300 59 51 1808 36 21
internal_value=-0.00128026 0.00254103 -0.00167273 -0.00146881 -0.0015478 -0.00331841 0.000220952 -0.00522259 -0.00105033 -0.00536323 -0.000845356 0.00759184 -0.00731034
internal_weight=3340 153 81 3187 3163 691 251 440 2472 110 2362 72 42
internal_count=3340 153 81 3187 3163 691 251 440 2472 110 2362 72 42
cat_boundaries=0 1 2 3 5
cat_threshold=134217984 44052 2088 17952 163840
is_linear=0
shrinkage=0.04


Tree=127
num_leaves=24
num_cat=10
split_feature=31 8 34 23 0 0 34 0 0 26 3 22 31 0 25 20 22 0 25 26 18 26 8
split_gain=1.66732 1.84807 1.84084 1.89673 3.04029 1.8003 1.77176 2.53019 2.40968 3.28951 1.7282 1.54279 1.32168 1.30195 1.39851 1.15159 1.03056 0.956549 0.883327 0.793525 0.773 0.674346 0.559364
threshold=0 127.60000000000001 1 2.2500000000000004 2 3 4 5 6 129.71774574395729 0.35000000000000003 0.35000000000000003 7 8 293.51887156470065 4.0927227805317452 -0.84999999999999998 9 217.80730764983772 51.397649250535103 8.5000000000000018 125.07575357765947 10.15
decision_type=9 8 9 2 1 1 9 1 1 8 10 2 9 1 8 10 2 1 10 10 10 10 10
left_child=1 2 13 4 -4 -5 8 12 10 18 19 15 16 20 -15 -9 -8 -11 -10 -2 -1 -14 -13
right_child=6 -3 3 5 -6 -7 7 11 9 17 -12 22 21 14 -16 -17 -18 -19 -20 -21 -22 -23 -24
leaf_value=-0.012997124833773768 -0.0066201645873164771 -0.34147249302303373 0.00057907770931814545 -0.0016905039855052806 -0.0051668152239427202 0.0016178540164973755 -0.0043911607009211023 -0.0016323560114975778 0.0087207791990503124 -0.010446554048273207 0.54852350564270635 -0.0041743241999563805 -0.0063989746071576904 -0.0024568646063118926 0.0034246434591361208 -0.011452230087707901 0.0030412821247891488 -0.0010026055534917155 -0.0068004774885688417 -0.0044956279454448555 0.034453247218824423 -0.00067575394679471052 -0.11473350133732758
leaf_weight=93 56 22 214 263 305 701 34 105 204 111 23 119 103 174 26 82 111 218 24 172 20 112 33
leaf_count=93 56 22 214 263 305 701 34 105 204 111 23 119 103 174 26 82 111 218 24 172 20 112 33
internal_value=-0.00150849 -0.000676688 -0.000532962 6.55738e-05 -0.00187896 0.00111652 -0.00248798 -0.00396622 -0.00116901 0.000313105 -0.00433524 -0.00644223 -0.00150202 -0.0032604 -0.0011253 -0.00412732 0.00139297 -0.00223298 0.004 -0.00556863 -0.00657028 -0.00343488 -0.00962866
internal_weight=3325 1818 1796 1483 519 964 1507 699 808 557 251 339 360 313 200 187 145 329 228 228 113 215 152
internal_count=3325 1818 1796 1483 519 964 1507 699 808 557 251 339 360 313 200 187 145 329 228 228 113 215 152
cat_boundaries=0 2 3 4 5 6 7 8 10 11 12
cat_threshold=419450604 155648 276 1935696 311569 2488 224537 659737 256 100352 1716260 1123460
is_linear=0
shrinkage=0.04


Tree=128
num_leaves=19
num_cat=5
split_feature=31 3 0 0 20 23 32 20 20 19 21 21 8 26 32 23 26 26
split_gain=1.24602 2.31696 2.0306 1.58793 3.4595 1.38985 1.68914 1.12361 2.03773 1.3546 1.08562 1.03787 1.14198 1.02185 1.03401 0.96177 1.97199 1.54334
threshold=0 2.1000000000000005 1 2 0.62715172031225708 2.2500000000000004 3 2.5392180533125681 2.1569058964676491 4.3123981724202798 12.165193695049551 1.0334565736429178 1.7500000000000002 27.140030864164576 4 2.2500000000000004 305.57175291312745 255.21511520183398
decision_type=9 8 1 1 8 2 9 10 10 10 10 8 10 8 9 2 10 8
left_child=3 2 7 4 -1 10 -7 8 -2 -9 -4 12 -5 -6 -15 17 -17 -13
right_child=1 -3 5 11 13 6 -8 9 -10 -11 -12 15 -14 14 -16 16 -18 -19
leaf_value=0.18160619291265345 -0.0010010837779790905 -1.5430244658676406 0.00065317999544909353 -0.0035455408685238334 -0.016368746370590267 0.0017622875364942559 -0.0052400918886830366 -0.0044147038338964249 0.22091771714839456 -0.0040167604576456743 0.014288433553323418 -0.0025322310839990436 0.0044732090008748849 -0.0010733732887602443 -0.012523599689227236 0.0010717580580818797 -0.0037899196413274439 0.00053314309452742845
leaf_weight=31 171 24 230 30 24 101 344 145 22 312 48 253 22 246 268 810 77 172
leaf_count=31 171 24 230 30 24 101 344 145 22 312 48 253 22 246 268 810 77 172
internal_value=-0.00115203 -0.00205751 -0.00184649 -0.000482386 -0.002236 -0.000351259 -0.00174244 -0.00344369 -0.000915167 -0.00457579 0.00185331 0.000260269 -0.00519626 -0.00303614 -0.00263434 0.000485725 0.00123579 -0.00107386
internal_weight=3330 1397 1373 1933 569 723 445 650 193 457 278 1364 52 538 514 1312 887 425
internal_count=3330 1397 1373 1933 569 723 445 650 193 457 278 1364 52 538 514 1312 887 425
cat_boundaries=0 2 3 4 5 6
cat_threshold=134236380 123392 549625 430085 1 25
is_linear=0
shrinkage=0.04


Tree=129
num_leaves=25
num_cat=3
split_feature=34 39 21 34 32 28 17 22 18 27 6 22 39 40 21 39 8 22 22 20 22 8 39 39
split_gain=1.69484 1.53965 2.30398 2.02776 1.89949 1.38345 3.4742 1.33368 3.1651 1.5105 2.53892 1.22631 1.21273 1.19978 2.29308 2.03219 2.15071 1.13932 1.12355 0.952962 0.738115 0.694103 0.660622 0.292206
threshold=0 6.1250000000000009 0.72816185662901323 1 2 -43.613856999999996 0.35000000000000003 2.4500000000000006 6.5000000000000009 65.000000000000014 3.5000000000000004 0.8500000000000002 72.100000000000009 0.10172413793103451 3.1350076721896136 58.45000000000001 8.1000000000000014 3.2500000000000004 -2.7499999999999996 4.4837433366157642 -0.54999999999999993 0.35000000000000003 39.100000000000009 42.100000000000009
decision_type=9 10 8 9 9 2 10 2 10 2 10 2 8 2 10 10 10 2 2 8 2 10 10 8
left_child=5 7 22 18 -5 13 12 9 17 11 -11 -2 21 15 -15 16 -1 -9 -4 -17 -8 -7 -3 -22
right_child=1 2 3 4 -6 6 20 8 -10 10 -12 -13 -14 14 -16 19 -18 -19 -20 -21 23 -23 -24 -25
leaf_value=-0.0017769829821846273 -0.0027599142420171321 0.13740547954982338 0.0019128263798256385 -0.0023144094463033583 -0.007247878412808966 -0.0010705956524106241 -0.1814618558755117 -0.012529623036803095 0.022941290900930049 0.0010005837968565957 -0.12442698317875263 0.0046688781501251246 -0.022453203615533487 -0.050519430497686882 0.72805395258232697 -0.0088777977277007744 0.050354990101033739 -0.0021350295807702579 -0.0011244654204550031 -0.071996610539914518 -0.011022236522802178 0.093444312561795403 1.0545940013100217 -0.13570079270103663
leaf_weight=294 126 22 41 725 303 92 24 37 24 455 65 38 36 35 29 21 51 64 698 21 30 21 25 21
leaf_count=294 126 22 41 725 303 92 24 37 24 455 65 38 36 35 29 21 51 64 698 21 30 21 25 21
internal_value=-0.00145416 -0.000978554 -0.0016293 -0.00186486 -0.00299952 -0.00323088 -0.00584479 0.000466379 -0.00330435 0.00116411 0.00222052 -0.00216314 -0.00224585 -0.00198453 0.0030229 -0.00282625 -0.00178355 -0.00641951 -0.000237175 -0.0109885 -0.0127843 -0.000157205 0.00696907 -0.00948571
internal_weight=3298 2623 1814 1767 1028 675 224 809 125 684 520 164 149 451 64 387 345 101 739 42 75 113 47 51
internal_count=3298 2623 1814 1767 1028 675 224 809 125 684 520 164 149 451 64 387 345 101 739 42 75 113 47 51
cat_boundaries=0 1 2 3
cat_threshold=41044 21640 13
is_linear=0
shrinkage=0.04


Tree=130
num_leaves=21
num_cat=4
split_feature=31 24 37 24 8 31 25 8 24 7 19 28 24 25 17 17 28 12 31 21
split_gain=2.15042 2.06463 1.32038 1.74042 1.73244 2.05396 1.22817 2.10357 1.41098 1.76886 1.11186 1.11023 1.03678 1.03227 1.00187 0.930581 0.925329 0.874486 0.799417 0.569826
threshold=0 270.97645237272576 1 342.36971040952238 23.300000000000001 2 256.93778067954662 1.5000000000000002 52.763471983360837 0.45000000000000007 2.396608777429091 -43.606478999999993 301.47701075479557 55.661911468358575 6.6000000000000005 1.3500000000000003 -43.640059999999991 6.5000000000000009 3 2.6562492626362881
decision_type=9 10 1 10 10 9 10 10 8 10 10 2 10 10 10 10 2 2 9 10
left_child=1 6 3 4 5 -2 8 10 13 -10 -8 15 14 -1 18 17 -9 -3 -4 -14
right_child=2 11 12 -5 -6 -7 7 16 9 -11 -12 -13 19 -15 -16 -17 -18 -19 -20 -21
leaf_value=-0.0023461654122432663 0.0029133742635996996 0.0016681687105330844 -0.0017590867123714205 -0.0066368076254630284 -0.16706371783812743 -0.0017771936014672463 -0.0014684414877055118 -0.012919051025918549 0.00076782429654278063 -0.0050982921727614188 -0.019087973403936191 0.082808161842561387 0.015078886015980793 -0.0048656908612345617 -0.19534953706445646 -0.060339350046131703 0.15374007760149158 -0.003593994494219981 -0.005440131569617002 -0.0002721922592638215
leaf_weight=122 238 168 492 27 26 297 23 28 644 600 61 21 20 34 22 35 34 48 372 24
leaf_count=122 238 168 492 27 26 297 23 28 644 600 61 21 20 34 22 35 34 48 372 24
internal_value=-0.00122187 -0.000283137 -0.00232625 -0.000797331 -0.000316444 0.000182665 -0.000851696 -0.00432542 -0.000483767 -3.05098e-05 -0.00839766 0.00291773 -0.00326925 -0.00405079 -0.00360338 0.00213069 0.00122835 0.00311724 -0.00337146 0.00259341
internal_weight=3336 1818 1518 588 561 535 1546 146 1400 1244 84 272 930 156 886 251 62 216 864 44
internal_count=3336 1818 1518 588 561 535 1546 146 1400 1244 84 272 930 156 886 251 62 216 864 44
cat_boundaries=0 2 3 5 7
cat_threshold=419447500 64000 6 2096 65536 1042 458752
is_linear=0
shrinkage=0.04


Tree=131
num_leaves=25
num_cat=6
split_feature=31 22 40 34 28 19 32 12 24 26 26 36 32 19 35 24 32 22 27 40 26 29 22 19
split_gain=2.65752 1.93729 1.84685 1.23814 1.69333 1.40095 1.26487 4.49708 2.14441 1.21992 1.3152 1.18616 1.57489 2.30074 1.6967 1.52543 1.25399 1.49259 1.53617 1.20947 1.49265 1.1111 0.814515 0.773261
threshold=0 -2.3499999999999992 0.14039408866995076 1 -43.606478999999993 3.9428024835016893 2 6.5000000000000009 223.34504719926869 79.286352768880008 265.56983763586589 3 4 2.7566328510106906 1.0000000180025095e-35 210.72536568119634 5 3.2500000000000004 238.00000000000003 0.10620300751879701 114.58991746681927 171.24883065000003 0.55000000000000016 1.2651106160537926
decision_type=9 2 2 9 2 10 9 2 10 8 8 1 9 10 2 10 9 2 2 2 10 2 2 10
left_child=1 2 9 4 5 -3 8 -8 -5 -1 -11 12 13 23 15 -14 17 18 -13 21 -21 -18 -15 -2
right_child=11 3 -4 6 -6 -7 7 -9 -10 10 -12 16 14 22 -16 -17 19 -19 -20 20 -22 -23 -24 -25
leaf_value=0.0020955124271585389 -0.0022320844233281179 0.0045314090960458667 -0.027906971947792663 0.00091123567032351364 0.052723201427577936 -0.0082366910167101532 -0.0039907067706554502 0.15611690507536322 -0.0043538725523716336 -0.0029862304122978858 0.0012016026505349232 -0.0098985697848414846 -0.0045730345992784647 0.011817961078172061 0.0054019996040186235 0.13532945570141494 0.15643602148769917 0.0055431485047470024 0.052090006897490042 -0.003071538974215784 -0.067520534365357418 -0.0011167404735075693 -0.0084339154886486165 -0.012399293873099317
leaf_weight=36 21 44 22 685 36 64 461 91 377 32 106 221 66 48 38 53 34 27 33 73 50 664 33 23
leaf_count=36 21 44 22 685 36 64 461 91 377 32 106 221 66 48 38 53 34 27 33 73 50 664 33 23
internal_value=-0.000873784 8.03867e-05 0.00383797 -0.000339869 0.00307395 0.000712329 -0.000663181 -0.00219698 0.000147182 0.00523077 0.00342652 -0.00220566 0.000129472 -0.00306227 0.0027181 0.000481328 -0.00280018 -0.00512137 -0.0062544 -0.00194354 -0.00560643 -0.00131237 0.00070303 -0.0105055
internal_weight=3338 1954 196 1758 144 108 1614 552 1062 174 138 1384 282 125 157 119 1102 281 254 821 123 698 81 44
internal_count=3338 1954 196 1758 144 108 1614 552 1062 174 138 1384 282 125 157 119 1102 281 254 821 123 698 81 44
cat_boundaries=0 2 3 4 5 6 7
cat_threshold=150995660 254976 20480 11 4 3 88
is_linear=0
shrinkage=0.04


Tree=132
num_leaves=16
num_cat=7
split_feature=8 31 0 25 0 31 34 12 10 0 39 19 26 24 39
split_gain=2.08678 1.85325 3.04628 2.21285 1.5671 1.75835 1.67054 2.0727 1.794 1.47766 1.47177 1.39814 1.11853 1.06102 1.37216
threshold=127.60000000000001 0 1 54.835433504031307 2 3 4 3.5000000000000004 5 6 26.500000000000004 15.859176370003032 38.319329471233296 83.058141172177827 9.5000000000000018
decision_type=8 9 1 8 1 9 9 2 1 1 10 10 10 10 8
left_child=1 4 13 12 5 9 7 -6 -8 -1 -5 -7 -4 -3 -15
right_child=-2 2 3 10 6 11 8 -9 -10 -11 -12 -13 -14 14 -16
leaf_value=-0.0018498929128852738 -0.41157495243417802 -0.0019031732858301709 0.0051038515856842541 -0.0017154204328747725 0.0014447540372620083 0.0012248947493540285 -0.0036702573440043729 -0.0043935037234174067 0.0017391397317307522 0.0010296358816141017 -0.01953974161674326 -0.052676591830330785 -0.0003010012597849787 -0.00086577556586370013 0.46915911777032065
leaf_weight=127 24 33 59 777 85 421 90 454 530 136 390 24 76 27 55
leaf_count=127 24 33 59 777 85 421 90 454 530 136 390 24 76 27 55
internal_value=-0.001063 -0.000973368 -0.0020567 -0.00261743 -0.000137344 0.00133148 -0.00104058 -0.0026485 0.00037688 -0.00123133 -0.00319897 0.00284337 0.00218315 0.00393676 0.00668263
internal_weight=3308 3284 1417 1302 1867 708 1159 539 620 263 1167 445 135 115 82
internal_count=3308 3284 1417 1302 1867 708 1159 539 620 263 1167 445 135 115 82
cat_boundaries=0 2 3 4 6 7 8 9
cat_threshold=419431388 57344 196608 1902882 256 57344 26384 4 852224
is_linear=0
shrinkage=0.04


Tree=133
num_leaves=18
num_cat=3
split_feature=34 29 26 5 22 26 0 22 20 0 24 6 26 22 25 22 20
split_gain=1.73409 1.74879 2.32598 1.7308 1.65006 1.30781 2.37949 1.95482 1.93039 1.39392 1.31614 1.2506 1.23138 1.24314 0.945023 0.886667 0.419645
threshold=0 172.76384585000002 321.90004811635112 27.000000000000004 -1.4499999999999997 67.453198664659439 1 0.25000000000000006 12.880252491071207 2 277.57972261792378 18.700000000000003 239.11913488772049 -0.54999999999999993 272.55861165162281 -0.54999999999999993 4.4837433366157642
decision_type=9 2 8 10 2 10 1 2 10 1 10 10 8 2 8 2 10
left_child=1 4 15 5 -1 6 8 -8 -2 10 -7 -11 13 -6 -14 -3 -17
right_child=3 2 -4 -5 12 9 7 -9 -10 11 -12 -13 14 -15 -16 16 -18
leaf_value=-0.011694158217719242 -0.0018367461235934358 0.0010857406464625187 -0.006817791571041472 20.010608518255687 0.00586906605286643 -0.0053110771249067316 0.0022785049792423883 -0.00081449337101268781 0.083960933920678618 -0.0012438869513496798 0.00098257272577310321 -1.1810293691287148 3.2169414396563942 -0.012699834194211057 -0.00052256085707993451 0.027242567711603334 0.14462216613998929
leaf_weight=31 580 37 20 21 23 547 264 245 50 1216 99 36 22 57 20 46 46
leaf_count=31 580 37 20 21 23 547 264 245 50 1216 99 36 22 57 20 46 46
internal_value=-0.00107036 0.0017799 0.00490365 -0.00135462 -0.0011521 -0.00144084 -0.000366506 0.00164841 -0.00199221 -0.00208371 -0.00358631 -0.00126474 0.000955466 -0.00193865 0.0063908 0.00688123 0.00896257
internal_weight=3360 302 149 3058 153 3037 1139 509 630 1898 646 1252 122 80 42 129 92
internal_count=3360 302 149 3058 153 3037 1139 509 630 1898 646 1252 122 80 42 129 92
cat_boundaries=0 1 2 3
cat_threshold=4104 1007109 1155096
is_linear=0
shrinkage=0.04


Tree=134
num_leaves=29
num_cat=7
split_feature=32 34 39 26 11 24 17 8 34 24 26 8 11 20 24 14 27 8 8 20 8 17 38 39 6 24 27 5
split_gain=1.50619 2.23429 1.99943 1.84249 2.40668 1.98498 1.44125 1.4301 1.34465 1.51464 1.69386 1.28596 1.20704 1.16494 1.13986 1.1299 1.07493 1.05848 1.3014 1.33506 1.10792 1.04577 1.04441 1.03909 0.812981 0.776869 0.760012 0.721423
threshold=0 1 5.5000000000000009 66.646086167515719 2 84.73179312291289 1.3500000000000003 19.700000000000006 3 273.38704989326118 283.18809097709305 24.700000000000006 4 19.065208046536075 287.64414611191438 5 238.00000000000003 1.9000000000000001 1.5000000000000002 14.424848413073784 32.350000000000009 7.1000000000000005 6 12.100000000000001 3.3500000000000001 229.19137277982335 135.00000000000003 8.0500000000000025
decision_type=9 9 10 8 1 8 10 10 9 10 10 10 1 10 8 1 2 8 10 10 10 10 1 10 10 10 2 10
left_child=1 6 12 4 -4 -5 13 24 17 10 11 -10 15 22 26 -3 -16 18 19 -2 27 -9 -1 -20 -8 -14 -11 -19
right_child=8 2 3 5 -6 -7 7 21 9 14 -12 -13 25 -15 16 -17 -18 20 23 -21 -22 -23 -24 -25 -26 -27 -28 -29
leaf_value=0.00044236013670168717 -0.0020805451629410145 0.00069077024429617493 -0.0019188767445185917 -0.0095198629087414229 0.0092137743535345602 8.7316525697307411e-05 -0.03378015551259466 0.1136453973000331 -0.0015853723736302429 0.063189827572964929 -0.018313764778279024 0.75786572860725843 0.0011580133868510955 -0.03266638282550046 0.0016641847088511243 0.0079008769234108194 -0.015774558813807609 -0.018675078541176421 -0.002424096999299543 0.0019093742190044872 0.15904093407967834 -0.2125186936343193 -0.0016898191030722742 0.065514286374297084 -0.11761314628410702 -0.0027738823844508254 0.0069192946281244616 -3.7987484511390333e-05
leaf_weight=369 419 39 53 104 83 416 69 34 631 20 23 37 61 32 87 54 25 240 33 56 31 31 211 29 49 36 24 28
leaf_count=369 419 39 53 104 83 416 69 34 631 20 23 37 61 32 87 54 25 240 33 56 31 31 211 29 49 36 24 28
internal_value=-0.00132251 -0.000446596 0.000977259 -5.77947e-05 0.00405818 -0.00114669 -0.0019566 -0.00508401 -0.00215875 -0.000999418 -0.00181661 -0.00143092 0.00458486 -0.00103993 0.00252698 0.00780952 0.000334802 -0.00330147 -0.00226184 -0.00297587 -0.00525125 -0.000270677 -0.000615649 0.00311811 -0.00768201 0.00140102 0.00786813 -0.00607792
internal_weight=3324 1641 846 656 136 520 795 183 1683 847 691 668 190 612 156 93 112 836 537 475 299 65 580 62 118 97 44 268
internal_count=3324 1641 846 656 136 520 795 183 1683 847 691 668 190 612 156 93 112 836 537 475 299 65 580 62 118 97 44 268
cat_boundaries=0 1 2 3 4 5 6 7
cat_threshold=25 5464 2 10916 2 1 5
is_linear=0
shrinkage=0.04


Tree=135
num_leaves=24
num_cat=2
split_feature=31 20 23 25 27 21 26 19 8 3 26 18 39 39 27 21 21 8 21 39 28 14 21
split_gain=1.15862 1.95777 1.73701 1.38822 1.36478 1.45606 1.40177 1.32153 1.23389 1.82171 1.14362 1.75564 0.979858 2.46349 1.50559 1.68984 1.08033 0.784633 1.37805 1.1504 1.60909 0.488231 0.20471
threshold=0 12.440156922665135 2.5500000000000003 247.16282390401327 17.500000000000004 11.120594550879717 243.40309760516411 4.5581993703006578 16.700000000000006 1.1000000000000003 316.37782562870524 7.5000000000000009 187.57500000000002 156.10000000000002 26.000000000000004 15.578108340753374 6.1857851902722016 1.3500000000000003 19.664707183112267 41.70000000000001 -43.613856999999996 1 13.096727417411948
decision_type=9 10 2 8 2 10 10 10 8 10 10 10 10 10 2 10 8 10 10 10 2 1 10
left_child=1 2 4 7 6 -6 -1 -4 12 10 11 -10 13 16 22 -16 -2 19 21 20 -3 -19 -14
right_child=8 17 3 -5 5 -7 -8 -9 9 -11 -12 -13 14 -15 15 -17 -18 18 -20 -21 -22 -23 -24
leaf_value=-0.024450720781798232 -0.0015189801278144266 -0.019589789844650624 -0.0042232580370712468 -0.016792717841133148 0.00070334245977154096 0.019630741346592907 0.017591078141103899 0.3293224841590211 0.0042782812301149775 5.8032502852293515 -0.03009981533147588 -0.16984285186288911 -0.032715267127892071 0.21848240842642663 -0.016312162355869547 -0.11599691982279321 -0.0005088866033754869 -0.069338687984743894 -0.030688278967379343 -0.032935469302792307 0.0019398910880727273 -0.088516253257721264 0.056354035921684087
leaf_weight=32 800 23 93 31 565 69 20 23 41 37 20 128 22 30 137 23 1077 21 38 22 31 23 20
leaf_count=32 800 23 93 31 565 69 20 23 41 37 20 128 22 30 137 23 1077 21 38 22 31 23 20
internal_value=-0.00109331 5.78554e-05 0.000836429 -0.00308418 0.00168436 0.00219984 -0.0044486 -0.00100426 -0.00157596 -0.00438681 -0.00597375 -0.00479765 -0.00127837 -0.000994498 -0.00392138 -0.00568421 -0.00118073 -0.004 -0.00668263 -0.00100645 0.00212613 -0.0113846 0.00271264
internal_weight=3326 991 833 147 686 634 52 116 2335 226 189 169 2109 1907 202 160 1877 158 82 76 54 44 42
internal_count=3326 991 833 147 686 634 52 116 2335 226 189 169 2109 1907 202 160 1877 158 82 76 54 44 42
cat_boundaries=0 2 3
cat_threshold=404751116 34816 2
is_linear=0
shrinkage=0.04


Tree=136
num_leaves=24
num_cat=5
split_feature=40 25 21 31 21 39 26 31 26 34 4 34 20 12 19 34 20 7 39 39 19 25 39
split_gain=2.61028 2.01497 1.94682 2.33213 2.83684 2.22334 1.97138 1.879 1.94065 1.79325 1.58499 1.54491 1.49145 1.47877 1.59713 1.19045 1.79368 1.40254 1.10034 1.3408 0.978902 0.697439 0.60301
threshold=0.057189542483660136 332.07024283622997 1.7048876080556885 0 2.9302414862457469 41.70000000000001 245.72408067788311 1 36.059747307225685 2 3.1500000000000008 3 19.065208046536075 4.5000000000000009 1.4715307121469079 4 17.516359944079973 3.1500000000000008 15.700000000000001 5.5000000000000009 0.75432059561049625 111.16491533562989 41.70000000000001
decision_type=2 10 8 9 8 8 8 9 8 9 10 9 10 2 10 9 8 10 8 10 10 10 8
left_child=2 7 13 4 5 -4 12 15 -9 -8 -10 -6 -5 18 20 17 -17 -2 19 -1 -15 -16 -20
right_child=1 -3 3 6 11 -7 9 8 10 -11 -12 -13 -14 14 21 16 -18 -19 22 -21 -22 -23 -24
leaf_value=-0.0024824915025949148 6.2383652537967293e-05 0.020778758901631635 0.00046997998731045597 0.00015663593029902501 -0.0023116979459170042 0.17158012948260074 -0.00057129821872770492 0.10742002149439656 -0.022264015231984794 0.0034103523147347835 17.455177261862953 -9.5189759098666114e-05 -0.64776359941798267 -0.010223384371615544 -0.008553390930549477 -0.014600714209790802 0.16214343993502753 3.2757040163581919 -0.019907414699568679 0.016638380540876022 0.00036520952963527977 -0.010839041460957013 -0.0011250116041116697
leaf_weight=30 87 20 84 509 595 30 132 38 516 304 20 549 27 37 24 163 32 27 24 44 48 28 27
leaf_count=30 87 20 84 509 595 30 132 38 516 304 20 549 27 37 24 163 32 27 24 44 48 28 27
internal_value=-0.00105344 -0.00289442 -0.000384199 0 -0.00113273 0.00483117 0.00146213 -0.00318598 -0.00450555 0.00346971 -0.00520558 -0.00174422 -0.000145116 -0.00363567 -0.00648375 -0.000555382 -0.00241162 0.00253386 -0.000458498 0.00262252 -0.00298266 -0.0119252 -0.00491429
internal_weight=3395 903 2492 2230 1258 114 972 883 574 436 536 1144 536 262 137 309 195 114 125 74 85 52 51
internal_count=3395 903 2492 2230 1258 114 972 883 574 436 536 1144 536 262 137 309 195 114 125 74 85 52 51
cat_boundaries=0 2 4 5 6 7
cat_threshold=67108915 228352 134219925 147456 2624 1384 1568
is_linear=0
shrinkage=0.04


Tree=137
num_leaves=21
num_cat=4
split_feature=31 40 39 0 8 40 21 39 0 21 25 3 24 21 8 0 39 39 20 26
split_gain=1.94925 2.27552 1.5245 3.72051 2.60771 2.44361 1.88128 1.61842 1.4504 2.09495 1.70703 1.68136 1.52734 1.42464 1.34881 1.36394 1.55718 1.16419 1.09732 1.05148
threshold=0 0.20294117647058826 55.300000000000004 1 34.600000000000009 0.14907407407407411 3.5571059240575207 69.600000000000009 2 4.9796865836372861 245.30499798603543 1.1000000000000003 273.38704989326118 4.2307797581348483 70.500000000000014 3 65.90000000000002 380.50000000000006 0.55745673134134854 323.96153396496112
decision_type=9 2 8 1 10 2 10 8 1 8 10 10 10 8 10 1 8 10 10 10
left_child=1 14 8 5 13 7 -7 -4 11 18 -11 12 -2 -5 15 16 -1 -3 -10 -17
right_child=2 17 3 4 -6 6 -8 -9 9 10 -12 -13 -14 -15 -16 19 -18 -19 -20 -21
leaf_value=0.00040697392088077326 -0.00089576804676806177 -0.07008402385203695 -0.050354141670773948 -0.011399642383201077 -0.29148825552968716 -0.014769115252355398 2.2372116499545394 -0.0010800111399472101 0.0065367051316658478 4.8687775745221982e-05 -0.012442986458945598 2.7713912301415982 0.0023649841407518582 -0.01143592906134046 3.659405119722785 -0.00052231407714234737 0.12565960759763914 0.094673844496759793 -0.0079297193769656531 -0.0037450997489727558
leaf_weight=475 464 37 25 88 25 25 30 167 23 381 55 23 71 209 24 837 113 20 196 51
leaf_count=475 464 37 25 88 25 25 30 167 23 381 55 23 71 209 24 837 113 20 196 51
internal_value=-0.00113097 -8.79821e-05 -0.00202844 -0.00374759 -0.00647076 6.96325e-05 0.00739823 -0.00205685 -0.00123343 -0.00248762 -0.000909714 0.000277436 -0.000182665 -0.00555444 0.000211788 5.27919e-05 0.00153128 -0.00782906 -0.00570522 -0.000931629
internal_weight=3339 1557 1782 569 322 247 55 192 1213 655 436 558 535 297 1500 1476 588 57 219 888
internal_count=3339 1557 1782 569 322 247 55 192 1213 655 436 558 535 297 1500 1476 588 57 219 888
cat_boundaries=0 2 3 4 5
cat_threshold=413159051 57344 707651 1339625 43063
is_linear=0
shrinkage=0.04


Tree=138
num_leaves=24
num_cat=5
split_feature=40 0 24 0 26 21 26 11 34 17 40 21 34 24 21 22 22 22 22 29 20 27 5
split_gain=3.29586 2.52348 2.50548 1.95584 1.96221 1.70746 1.46194 1.26659 1.22625 1.98652 1.48675 1.22054 1.1076 1.05814 1.31602 1.02266 1.37578 1.35368 1.34582 1.2036 0.994249 0.928621 0.516086
threshold=0.059714795008912663 0 25.622817860162545 1 347.20206306123589 13.165416852387235 36.059747307225685 2 3 1.1000000000000003 0.081666666666666679 10.681471933881866 4 80.807638096039753 16.223546911492921 -2.3499999999999992 -4.0499999999999989 -0.84999999999999998 -5.0499999999999989 172.96692750000003 0.80201929496987345 135.00000000000003 0.15000000000000005
decision_type=2 1 8 1 10 8 8 1 9 10 2 10 9 8 10 2 2 2 2 2 10 2 10
left_child=3 5 -3 4 6 11 7 -1 10 -10 -4 20 -8 -7 -15 16 18 19 -5 -17 -2 -19 -18
right_child=1 2 8 15 -6 13 12 -9 9 -11 -12 -13 -14 14 -16 17 22 21 -20 -21 -22 -23 -24
leaf_value=-0.0029329458952394561 0.058141264222997577 -0.020313434228381413 -0.016774545817479555 0.0017479598331378199 0.0026880909889493054 -0.069839574582631667 -0.0045133574713459622 0.0022819530632222041 -0.019833344115689169 0.29794203237466743 0.056805056515938299 0.11353927796467236 -0.00078257203711888938 -0.015846707393400567 -0.0069490774912967269 -0.001065684829169875 0.0019927358245627859 0.030767794916468569 -0.0047524895125275182 -0.014448920433903291 -0.028567949737899917 7.8873504330037044e-05 0.0023267873383394822
leaf_weight=37 23 20 57 47 29 35 459 53 178 72 194 37 617 42 37 174 63 217 39 21 173 656 22
leaf_count=37 23 20 57 47 29 35 459 53 178 72 194 37 617 42 37 174 63 217 39 21 173 656 22
internal_value=-0.00114969 -0.00326394 -0.00138592 -0.000393348 -0.00153999 -0.00585216 -0.00181413 0.00303825 -0.000831841 -0.0027457 0.00113524 -0.004 -0.00222552 -0.010026 -0.00718012 0.000718113 0.00358261 0.000259935 0 -0.00273791 -0.0052557 0.000935392 0.00714451
internal_weight=3302 868 521 2434 1195 347 1166 90 501 250 251 233 1076 114 79 1239 171 1068 86 195 196 873 85
internal_count=3302 868 521 2434 1195 347 1166 90 501 250 251 233 1076 114 79 1239 171 1068 86 195 196 873 85
cat_boundaries=0 1 2 3 4 5
cat_threshold=570304 1379485 1 18664 3264
is_linear=0
shrinkage=0.04


Tree=139
num_leaves=26
num_cat=6
split_feature=40 34 22 0 34 0 19 5 37 30 7 5 20 21 21 18 6 39 18 39 20 20 29 19 39
split_gain=2.50871 2.71205 2.40689 2.31384 2.11312 1.79352 1.87209 2.07461 1.78318 2.25468 2.77348 1.68709 1.71515 1.66572 2.11638 1.64439 1.59896 1.38533 1.28328 1.25707 1.15984 1.28189 1.15769 1.14869 0.998409
threshold=0.051315789473684217 0 0.8500000000000002 1 2 3 14.461660604642693 2.1000000000000005 4 5 0.55000000000000016 5.2500000000000009 5.0511938591725656 1.3757735141797978 2.2179313880299358 8.5000000000000018 1.1500000000000001 10.100000000000001 4.5000000000000009 243.20000000000002 4.1885931548158331 10.233114312375674 172.71639400000004 0.56847876224118687 60.100000000000009
decision_type=2 9 2 1 9 1 10 10 1 9 10 10 10 8 8 10 10 10 10 10 8 10 2 8 10
left_child=3 2 20 4 15 19 17 -8 9 18 -11 23 -13 -6 -15 16 -1 -7 -5 24 -2 -22 -17 -10 -3
right_child=1 5 -4 8 13 6 7 -9 11 10 -12 12 -14 14 -16 22 -18 -19 -20 -21 21 -23 -24 -25 -26
leaf_value=8.2259702836946506e-05 0.50160264870288873 -0.0099313861451982531 -0.05000725745112309 -0.0034813365955384513 -0.014566482176855491 0.0022955156542012745 -0.094267881116362071 8.2379136658780858 -0.003997168375652187 0.00349234718201366 -0.020899949254901493 -0.62236008991082192 1.5519281208037248 0.0060145784560305419 -0.0040312377823454072 -0.0068648469298904224 0.39939834151945647 -0.013130905811804752 0.008206876845997791 -0.023385118414515241 -0.012068813687289631 0.16557879781982496 -0.20010844623051724 0.00073906138280475985 -0.068045151017429417
leaf_weight=296 32 37 22 131 34 61 57 22 45 71 54 44 32 35 415 34 32 549 27 32 20 37 24 1136 40
leaf_count=296 32 37 22 131 34 61 57 22 45 71 54 44 32 35 415 34 32 549 27 32 20 37 24 1136 40
internal_value=-0.00117392 -0.00296321 0.00275918 -0.000496786 -0.00213046 -0.00375293 -0.0028808 -0.00867081 0.000436996 -0.00237012 0.00159707 0.00108632 -0.00461935 -0.00387084 -0.00327353 9.55975e-05 0.00120789 -0.00215536 -0.00541593 -0.00844813 0.00594475 0.00235897 -0.00601681 0.00146977 -0.011949
internal_weight=3319 909 111 2410 870 798 689 79 1540 283 125 1257 76 484 450 386 328 610 158 109 89 57 58 1181 77
internal_count=3319 909 111 2410 870 798 689 79 1540 283 125 1257 76 484 450 386 328 610 158 109 89 57 58 1181 77
cat_boundaries=0 1 2 3 4 5 6
cat_threshold=2056 1377333 13360 528388 2 7
is_linear=0
shrinkage=0.04


Tree=140
num_leaves=16
num_cat=3
split_feature=26 28 26 31 0 0 6 25 24 23 23 25 26 12 20
split_gain=1.65038 2.05746 1.64696 1.73832 2.12305 1.85562 1.75557 1.70068 1.51763 1.50443 1.35403 0.952875 0.761577 0.477707 0.0568217
threshold=347.20206306123589 -43.780523499999994 305.57175291312745 0 1 2 5.4500000000000011 288.1655905019939 283.81235188452519 2.4500000000000006 2.2500000000000004 72.766785557362098 335.2678920763131 5.5000000000000009 2.934399863824916
decision_type=10 2 10 9 1 1 8 10 10 2 2 10 10 2 10
left_child=2 -2 3 5 6 10 -5 -6 11 -7 -1 -4 13 -10 -13
right_child=1 -3 8 4 7 9 -8 -9 12 -11 -12 14 -14 -15 -16
leaf_value=-0.0041714638516949345 -0.00059014409477516235 0.006689339302965518 -0.0078386858393947982 -0.0030062998233309733 -0.00078598474906423023 1.6970659364545784e-05 -0.22140179770064897 0.0051951842676660935 0.0047748706496847856 0.0055053350025198178 -0.00077084762723281133 -0.024628962319967976 -0.0064885727020827493 -0.0038520191205032362 -0.012222679623800836
leaf_weight=208 27 40 32 720 700 591 93 51 39 242 487 22 21 29 25
leaf_count=208 27 40 32 720 700 591 93 51 39 242 487 22 21 29 25
internal_value=-0.00120715 0.00493431 -0.0013362 -0.00112429 -0.00205522 -0.000154596 -0.00346634 -0.000495738 -0.00517994 0.00111072 -0.00166737 -0.0091677 -0.00152486 0.000546763 -0.0127423
internal_weight=3327 67 3260 3092 1564 1528 813 751 168 833 695 79 89 68 47
internal_count=3327 67 3260 3092 1564 1528 813 751 168 833 695 79 89 68 47
cat_boundaries=0 2 3 4
cat_threshold=402653680 376832 1406009 230268
is_linear=0
shrinkage=0.04


Tree=141
num_leaves=28
num_cat=9
split_feature=31 25 34 0 0 0 39 0 25 8 3 34 38 29 39 20 20 34 20 19 26 26 26 8 25 39 26
split_gain=2.19899 2.94303 2.66834 2.64401 2.31659 2.0786 2.59182 1.97597 1.97421 1.892 1.50419 1.33886 1.56859 1.49575 1.45401 1.26977 1.22954 1.342 1.85523 1.18898 1.11419 1.10227 1.00481 0.946823 0.888431 0.763202 0.710515
threshold=0 142.31297085779019 1 2 3 4 10.100000000000001 5 21.049457353772201 12.300000000000002 0.15000000000000005 6 7 172.94631450000003 39.900000000000006 1.0078917373696672 0.48108257129220805 8 15.823553988038205 1.4078533585361148 234.45047239756684 196.20741193856946 332.28492948177887 0.55000000000000016 215.48484444935792 92.800000000000011 235.58723637511511
decision_type=9 10 9 1 1 1 10 1 8 8 10 9 1 2 8 10 8 9 10 10 10 10 10 10 10 10 8
left_child=7 2 4 8 23 6 21 16 -4 -6 -8 14 13 -13 19 -5 -1 24 -19 -9 -14 -3 25 -2 -18 -7 -16
right_child=1 5 3 15 9 22 10 11 -10 -11 -12 12 20 -15 26 -17 17 18 -20 -21 -22 -23 -24 -25 -26 -27 -28
leaf_value=0.088061803163607066 0.0023120382142260711 -0.0055441984833387008 -0.011701702150986221 -0.001057944229879908 -0.0035897426364170214 -0.0096254048360071565 -0.020404013105937528 -0.0060259593034907863 -0.00023328676989294196 -0.20704059344413162 0.56837507712644275 -0.0088991838147801164 -0.00044544213751793296 0.034991334453820355 -0.095703000442509956 0.003307279253538571 0.002962322692279962 -0.00058766290533251108 1.1555745143911214 -0.00010569747660417406 0.0053569562358120135 0.006335901158804589 0.0014094506688991971 -0.0018902320659019622 0.0005415952010071124 -0.012390235821680981 -0.024691259271537761
leaf_weight=20 50 22 21 81 185 358 184 22 311 34 40 91 380 25 27 286 179 388 23 88 109 114 21 54 85 65 21
leaf_count=20 50 22 21 81 185 358 184 22 311 34 40 91 380 25 27 286 179 388 23 88 109 114 21 54 85 65 21
internal_value=-0.00108294 -0.00200163 -0.00058427 0.000813512 -0.00352167 -0.00382123 -0.00139435 8.02994e-05 -0.0017409 -0.00580477 -0.00407095 -0.0013144 -0.000418491 -0.00437647 -0.00447198 0.00311229 0.00161076 0.00132742 -0.000137278 -0.00213453 0.000595405 0.00289455 -0.00561581 0.00136797 0.00347731 -0.00616726 -0.0104646
internal_weight=3284 1826 1022 699 323 804 360 1458 332 219 224 763 605 116 158 367 695 675 411 110 489 136 444 104 264 423 48
internal_count=3284 1826 1022 699 323 804 360 1458 332 219 224 763 605 116 158 367 695 675 411 110 489 136 444 104 264 423 48
cat_boundaries=0 2 3 4 5 6 7 8 9 10
cat_threshold=136332380 156672 12872 462907 458909 192864 1575135 9232 2 24064
is_linear=0
shrinkage=0.04


Tree=142
num_leaves=12
num_cat=1
split_feature=5 40 24 31 26 19 5 21 39 7 24
split_gain=1.9995 1.83829 2.15055 1.7793 3.59023 2.36291 1.73729 2.66597 1.32136 1.92121 1.26224
threshold=27.000000000000004 0.059714795008912663 25.622817860162545 0 43.372999151751834 1.4982380347664379 11.900000000000002 13.667037123365812 43.900000000000006 16.600000000000005 258.10383862608165
decision_type=10 2 8 9 8 8 10 10 10 10 10
left_child=1 6 -3 5 -5 -4 8 -8 9 -1 -10
right_child=-2 2 3 4 -6 -7 7 -9 10 -11 -12
leaf_value=-0.00033595004767764889 45.500216589400374 -0.011233634064946756 0.4817644955182574 1.0123758074567757 -0.016458696663038789 -0.011285869514565868 -2.122376808264959 5.199827413962562 0.0019225329594987884 -0.22862107822428254 0.13472052485737934
leaf_weight=2139 20 31 44 29 552 218 33 20 165 82 38
leaf_count=2139 20 31 44 29 552 218 33 20 165 82 38
internal_value=-0.00108466 -0.00116271 -0.00273901 -0.00234221 -0.00354093 0.000431444 -0.000604398 -0.00766972 -0.000444444 -0.000728009 0.00263081
internal_weight=3371 3351 874 843 581 262 2477 53 2424 2221 203
internal_count=3371 3351 874 843 581 262 2477 53 2424 2221 203
cat_boundaries=0 2
cat_threshold=134217758 16384
is_linear=0
shrinkage=0.04


Tree=143
num_leaves=28
num_cat=5
split_feature=40 0 0 34 39 26 6 34 38 22 21 39 39 21 8 39 25 26 21 24 7 40 22 8 19 24 8
split_gain=2.55332 2.77026 2.23982 2.26871 2.14309 2.05408 1.92535 1.52998 1.4277 1.53496 2.10914 1.65623 1.36341 1.32514 1.50981 1.29553 1.21145 1.28984 1.1894 1.77575 1.60184 1.18021 1.14789 1.03602 0.902114 0.793556 0.59653
threshold=0.059714795008912663 0 1 2 6.1250000000000009 275.23677871216347 14.800000000000002 3 4 0.55000000000000016 1.2936883322801556 13.900000000000002 30.100000000000005 13.165416852387235 10.500000000000002 21.100000000000005 241.71075475379055 199.94117256053207 17.298146118375222 116.18327898325933 1.1500000000000001 0.10620300751879701 0.65000000000000002 15.500000000000002 7.0997679376214382 261.70354744338312 4.3000000000000016
decision_type=2 1 1 9 8 10 10 9 1 2 8 8 10 8 10 10 10 10 10 10 10 2 2 10 8 10 10
left_child=1 4 3 16 5 24 7 21 12 10 -10 -11 15 23 -15 -3 17 -2 19 -6 -20 -4 -9 -5 -1 -18 -14
right_child=2 8 6 13 18 -7 -8 22 9 11 -12 -13 26 14 -16 -17 25 -19 20 -21 -22 -23 -24 -25 -26 -27 -28
leaf_value=0.0011847871961788671 0.00052267115836883708 -0.0022334043680234572 0.00069608400148041488 -0.011012399425009764 0.0038426862568054967 -0.0068516066634230557 12.896488153742059 0.16771699059980649 -0.013679011234853196 -0.0020303392632065711 0.00059467534799397372 0.00010260943816739143 -0.0026558596532868252 -0.069640549247225056 -0.12960517015752643 0.13343948800917005 0.2218966319584757 -0.091386226820596439 -0.02113187225285202 0.00071549998937474161 2.2058419255877544 -0.032640203005025265 -0.020954056933009078 -0.15450022694844465 -0.00082424329412344121 0.0036567189795026957 -0.09706027101002844
leaf_weight=86 61 249 64 212 222 23 20 107 58 339 782 283 31 52 20 24 20 20 24 177 20 165 54 48 117 20 20
leaf_count=86 61 249 64 212 222 23 20 107 58 339 782 283 31 52 20 24 20 20 24 177 20 165 54 48 117 20 20
internal_value=-0.000927248 -0.000267861 -0.00279699 -0.00468891 0.00190742 -0.00122198 -0.00056465 -0.00122095 -0.00108929 -0.000541568 0.000568033 -0.00204972 -0.00345156 -0.00639884 -0.0114014 -0.00239709 0.000135849 -0.00264242 0.00355006 0.0042397 -0.00259341 -0.00323493 0.00172754 -0.00519312 8.80196e-05 0.00573494 -0.00948571
internal_weight=3318 2455 863 453 669 226 410 390 1786 1462 840 622 324 332 72 273 121 81 443 399 44 229 161 260 203 40 51
internal_count=3318 2455 863 453 669 226 410 390 1786 1462 840 622 324 332 72 273 121 81 443 399 44 229 161 260 203 40 51
cat_boundaries=0 1 2 3 4 5
cat_threshold=536776 1094477 6184 5552 2
is_linear=0
shrinkage=0.04


Tree=144
num_leaves=28
num_cat=9
split_feature=38 31 31 0 22 40 0 0 39 39 40 39 24 17 24 22 0 5 34 6 8 10 24 24 8 39 39
split_gain=2.10359 3.07217 2.21856 2.41686 2.36169 2.30145 2.32843 2.07838 2.6128 2.0773 1.82151 2.56353 1.66568 1.59492 1.58462 1.52298 1.47464 3.02389 1.45694 1.39247 1.37702 1.23881 1.17788 1.15554 1.12997 0.812639 0.751105
threshold=0 1 2 3 1.9500000000000002 0.10172413793103451 4 5 10.600000000000001 258.80000000000007 0.059714795008912663 21.100000000000005 52.763471983360837 0.8500000000000002 161.61889124467777 -0.34999999999999992 6 6.6000000000000005 7 1.9000000000000001 12.300000000000002 8 273.38704989326118 87.696739744263411 17.200000000000003 57.533333333333339 22.900000000000002
decision_type=1 9 9 1 2 2 1 1 10 10 2 10 10 8 10 2 1 10 9 10 10 1 10 10 10 8 10
left_child=2 10 3 4 20 16 19 8 12 14 11 15 -3 -8 -9 -2 18 -18 -4 -7 -1 -13 26 -10 25 -5 -12
right_child=1 7 5 24 -6 6 13 9 23 -11 22 21 -14 -15 -16 -17 17 -19 -20 -21 -22 -23 -24 -25 -26 -27 -28
leaf_value=0.002801171405468672 -0.0066782362019553081 0.0051017284749221578 0.001427320829129961 0.029002508555027531 -0.022592228080875874 -0.011498583037873615 -0.027053100882244472 0.0012822736209128927 -0.0034017143102064119 1.6153890832597493 -0.0097503168751640595 0.15395559364399239 -0.0012293244142233917 -0.23664543427120799 -0.0028224466922630856 -0.0029178343989909729 0.00058570615892115539 -1.2258008133260481 -0.0038849417610425973 1.2368228349593413 -0.075514753649430194 -0.0030710002616354259 -0.00031527723114152198 -0.016642182874368104 1.6685399740258051 0.00081324836888571281 -0.052967082339020664
leaf_weight=135 71 24 275 146 32 93 120 302 38 31 21 26 105 50 262 192 563 26 414 28 35 38 21 86 22 82 66
leaf_count=135 71 24 275 146 32 93 120 302 38 31 21 26 105 50 262 192 563 26 414 28 35 38 21 86 22 82 66
internal_value=-0.000919074 -0.0021769 -0.000107257 0.00232578 -0.0009274 -0.000821259 -0.00402735 -0.000742292 -0.00369754 0.000557296 -0.00487794 -0.00346423 0.000137931 -0.00682094 0 -0.00520983 -9.22235e-05 0.0013622 -0.00133904 0.000437736 0.000921283 0.00363359 -0.00947945 -0.00795219 0.00488719 0.00417429 -0.0115028
internal_weight=3304 1283 2021 452 202 1569 291 848 253 595 435 327 129 170 564 263 1278 589 689 121 170 64 108 124 250 228 87
internal_count=3304 1283 2021 452 202 1569 291 848 253 595 435 327 129 170 564 263 1278 589 689 121 170 64 108 124 250 228 87
cat_boundaries=0 1 3 5 6 7 8 9 10 11
cat_threshold=9 1476 280576 134219328 282624 1110693 396290 1877 1482064 912 1
is_linear=0
shrinkage=0.04


Tree=145
num_leaves=22
num_cat=4
split_feature=31 39 19 21 26 31 31 32 6 27 39 3 6 21 22 17 17 19 19 24 24
split_gain=1.66761 1.73929 4.0224 2.39809 1.90828 1.78121 1.74982 1.94579 1.52357 1.83878 1.46341 1.43063 1.22222 1.12176 1.08156 1.92609 1.59346 1.52758 1.14305 0.971459 0.7921
threshold=0 13.100000000000001 14.082431307566852 5.5702918975190219 109.90413013713017 1 2 3 12.250000000000002 232.50000000000003 156.10000000000002 3.3000000000000003 22.300000000000001 15.809702566732422 -0.84999999999999998 4.3500000000000005 2.9500000000000006 7.8431433717927499 9.0325143895000011 83.805369834790795 199.83013606676977
decision_type=9 10 10 10 10 9 9 9 8 2 10 10 10 10 2 10 10 8 10 10 8
left_child=11 2 8 4 5 -3 13 -8 9 -2 -6 14 -10 -5 16 17 18 -16 -1 -4 -17
right_child=1 3 19 6 10 -7 7 -9 12 -11 -12 -13 -14 -15 15 20 -18 -19 -20 -21 -22
leaf_value=-0.0011468724846833034 0.00065855809050720639 0.00097743696221726847 -0.094641579084909444 0.012011831946015974 -0.027111609273063771 -0.0090754317683721369 -0.000163700602080592 -0.01140797294322427 -0.73067328252062058 -0.0022439117809440567 -0.012045023610032289 35.40908220383001 -0.050156215705862053 -0.051688005161213336 -0.00048961882278703689 -0.068752598204011056 0.019462736495647164 0.0042812814247509936 -0.011398826786352246 -0.063659339254758043 -0.14537034334188448
leaf_weight=324 609 122 24 77 153 126 190 128 25 130 47 21 22 29 668 23 37 419 89 29 21
leaf_count=324 609 122 24 77 153 126 190 128 25 130 47 21 22 29 668 23 37 419 89 29 21
internal_value=-0.00126052 -0.00212366 -0.000830458 -0.00338638 -0.0054238 -0.00303808 -0.00121739 -0.00266464 -9.90476e-05 0.000348413 -0.00832754 -0.000321041 -0.00696907 0.00304681 -0.000466351 0.000192494 -0.00212182 0.000531006 -0.00284198 -0.0113394 -0.00786813
internal_weight=3313 1711 839 872 448 248 424 318 786 739 200 1602 47 106 1581 1131 450 1087 413 53 44
internal_count=3313 1711 839 872 448 248 424 318 786 739 200 1602 47 106 1581 1131 450 1087 413 53 44
cat_boundaries=0 2 4 5 6
cat_threshold=402653554 158720 648 32768 3077 28
is_linear=0
shrinkage=0.04


Tree=146
num_leaves=31
num_cat=7
split_feature=31 0 34 0 20 0 22 40 25 5 6 7 20 23 22 31 22 39 6 34 8 25 39 39 20 29 39 25 20 25
split_gain=2.53553 2.71534 1.96508 2.91337 2.28151 2.27578 2.14657 1.7782 1.44177 1.41042 1.65706 1.48793 1.36806 1.51549 1.35789 1.26165 1.59944 2.28444 1.11659 1.04642 1.9473 1.25876 1.02891 0.934359 0.88154 0.819761 0.805664 0.757232 0.58796 0.48817
threshold=0 1 2 3 2.934399863824916 4 0.25000000000000006 0.16064516129032261 243.14456325414869 1.0000000180025095e-35 0.35000000000000003 1.7500000000000002 0.58152685479644084 2.3500000000000001 0.75000000000000011 5 1.0000000180025095e-35 16.500000000000004 0.15000000000000005 6 17.200000000000003 29.618871608446401 31.500000000000004 14.100000000000001 10.649566051862534 172.70597200000003 8.1666666666666696 136.61698594422742 5.918568104811202 235.87210661535329
decision_type=9 1 9 1 10 1 2 2 10 10 10 10 8 2 2 9 2 10 10 9 8 10 8 8 8 2 8 10 10 10
left_child=2 9 5 4 25 14 8 -6 -7 10 11 -2 13 -5 29 16 18 -18 -3 21 -21 -17 28 -8 -24 -4 -12 -14 -11 -1
right_child=1 15 3 12 7 6 23 -9 -10 22 26 -13 27 -15 -16 19 17 -19 -20 20 -22 -23 24 -25 -26 -27 -28 -29 -30 -31
leaf_value=0.15981472644217529 -0.0029514571633607288 -0.0060150257913842613 -0.047364687099494422 0.028205145270409879 -0.00066180175154979543 -0.0043183476042525371 0.0001620597363694465 -0.085369127077901369 0.00322604713919441 -0.010328427539634645 0.13971202623625356 -0.029001027389697003 0.00048489864819291741 0.0002618524928005428 -6.732309345512277e-05 -0.0031161317626131968 0.0021922468290877361 -0.023416420159226681 -0.0029703218010493871 -0.0022460812614243865 0.027842757475617541 0.0033327651345555153 -0.24021135775406813 0.077262657170088608 -0.12815364847126084 -0.0061525674032847279 -0.023960848799089583 -0.0014946252948070439 -0.10103568951729879 0.0063804905550143513
leaf_weight=51 281 53 38 20 428 125 60 45 54 35 20 41 647 39 23 20 38 44 36 371 39 103 29 92 21 137 20 382 28 28
leaf_count=51 281 53 38 20 428 125 60 45 54 35 20 41 647 39 23 20 38 44 36 371 39 103 29 92 21 137 20 382 28 28
internal_value=-0.00108613 -0.00256867 -0.000265077 -0.00086867 -0.00296892 0.00211024 0.00040292 -0.00155532 -0.0025374 -0.00488798 -0.0037359 -0.00469243 0.000398363 0.00624793 0.00703084 -0.000947589 -0.00382466 0 -0.00771271 3.30579e-05 -0.000944247 0.00310781 -0.00889083 0.00389577 -0.013165 -0.00690085 0.00380723 5.62834e-05 -0.00524031 0.0101615
internal_weight=3348 1179 2169 1736 648 433 331 473 179 475 362 322 1088 59 102 704 171 82 89 533 410 123 113 152 50 175 40 1029 63 79
internal_count=3348 1179 2169 1736 648 433 331 473 179 475 362 322 1088 59 102 704 171 82 89 533 410 123 113 152 50 175 40 1029 63 79
cat_boundaries=0 2 3 4 5 6 8 9
cat_threshold=134220540 217088 1429553 22536 143980 1245704 8409088 294912 12800
is_linear=0
shrinkage=0.04


Tree=147
num_leaves=26
num_cat=7
split_feature=0 25 31 21 24 31 8 24 39 0 23 19 30 34 34 5 28 25 39 25 39 39 26 23 25
split_gain=2.55423 2.21055 2.75473 2.41681 1.86104 1.83015 3.06973 1.98352 3.32175 1.82012 1.93458 1.77011 1.68333 2.58837 1.6681 1.5554 1.52201 1.46498 1.10312 1.29595 1.21344 1.06703 1.05348 0.921914 0.861655
threshold=0 142.31297085779019 1 21.471620260365601 274.59808923757231 2 42.650000000000006 299.1917126966394 13.266666666666667 3 2.2500000000000004 12.106514924773007 4 5 6 7.0500000000000007 -43.606478999999993 96.129023038407283 74.300000000000026 320.86727350836048 147.20000000000002 19.900000000000002 217.53995238727137 2.2500000000000004 256.93778067954662
decision_type=1 8 9 10 8 9 10 10 8 1 2 10 9 9 9 10 2 10 10 8 10 10 10 2 10
left_child=5 3 4 12 11 6 7 15 -9 14 -11 -3 17 -14 -4 -1 -6 -2 19 22 24 -21 -7 -22 -20
right_child=1 2 9 -5 16 18 -8 8 -10 10 -12 -13 13 -15 -16 -17 -18 -19 20 21 23 -23 -24 -25 -26
leaf_value=6.245140585715347e-05 0.002407956780294498 -0.016606582408666918 -0.0045923238223545756 -0.063565184794304772 -0.0011937366877910805 -0.002748619062155786 -0.27008612204822152 0.0027946827357687278 -0.018818895761340642 -0.00060846735507958272 0.030377021141803767 -0.0036338220589568417 0.0048958848894247002 -0.0027407784465339801 0.00078739265561740275 6.7737616966974885 0.003662107904641694 0.091215459645049068 -0.090359594336910695 -0.012938184100424799 -0.050062170289669229 0.0016895345687044738 0.0010330270620017323 -0.0090741880640537436 -0.027269846179779657
leaf_weight=563 395 174 118 21 194 342 28 40 39 137 185 68 113 266 175 20 27 25 25 63 37 22 150 47 20
leaf_count=563 395 174 118 21 194 342 28 40 39 137 185 68 113 266 175 20 27 25 25 63 37 22 150 47 20
internal_value=-0.00106752 -0.000103692 -0.00129504 0.00145831 -0.0035785 -0.00235737 -0.000852459 -0.000298417 -0.00618634 0.000475658 0.00251274 -0.00606982 0.00182136 -0.000148528 -0.00176683 0.000509837 -0.000979775 0.00351796 -0.00378815 -0.00307347 -0.00718774 -0.00760694 -0.00226545 -0.00418713 -0.0124301
internal_weight=3294 1898 1078 820 463 1396 690 662 79 615 322 242 799 379 293 583 221 420 706 577 129 85 492 84 45
internal_count=3294 1898 1078 820 463 1396 690 662 79 615 322 242 799 379 293 583 221 420 706 577 129 85 492 84 45
cat_boundaries=0 1 3 5 6 7 8 9
cat_threshold=1446697 2611 100352 1001 143360 100482 2082 4640 7424
is_linear=0
shrinkage=0.04


Tree=148
num_leaves=16
num_cat=3
split_feature=33 25 31 27 22 22 35 7 8 20 27 26 23 5 11
split_gain=1.48158 1.26556 1.26295 1.96678 1.2333 1.20102 1.17635 1.12754 0.917631 0.625232 1.28835 0.996846 0.547126 0.355118 0.0803687
threshold=0 22.950805486594252 1 238.00000000000003 5.3500000000000005 3.8500000000000001 1.0000000180025095e-35 0.15000000000000005 1.0000000180025095e-35 2.7568801952838986 211.00000000000003 21.50063998183396 2.3500000000000001 0.55000000000000016 2
decision_type=1 8 9 2 2 2 2 10 8 10 2 10 2 10 1
left_child=1 9 3 8 5 -4 13 -5 -3 10 14 -11 -6 -2 -1
right_child=6 2 4 7 12 -7 -8 -9 -10 11 -12 -13 -14 -15 -16
leaf_value=-0.0087738154581447243 -0.036118472037025687 -0.00033162630788176274 -0.00027891771400021529 -0.0025216173676973065 -0.0023059036195834715 0.0035357310350758908 -0.10487640620365828 0.47911659112634197 -0.0055828782781588869 -0.0039491567401578106 -0.0049781166676466171 0.00099730810201762669 -0.013959439753365341 0.039447118307834476 -0.0043962456271014897
leaf_weight=25 20 123 2517 26 20 100 33 26 285 29 31 39 24 20 22
leaf_count=25 20 123 2517 26 20 100 33 26 285 29 31 39 24 20 22
internal_value=-0.0011007 -0.000972311 -0.0008 -0.0027105 -0.000455753 -0.000342944 -0.00668456 0.0044486 -0.00370696 -0.00459661 -0.00701887 -0.00169784 -0.00698901 -0.00187952 -0.0110928
internal_weight=3340 3267 3121 460 2661 2617 73 52 408 146 78 68 44 40 47
internal_count=3340 3267 3121 460 2661 2617 73 52 408 146 78 68 44 40 47
cat_boundaries=0 1 3 4
cat_threshold=1 1140856864 133120 1
is_linear=0
shrinkage=0.04


Tree=149
num_leaves=21
num_cat=6
split_feature=31 20 5 20 27 21 31 31 36 20 25 11 18 21 19 22 23 22 10 27
split_gain=1.70981 2.15881 2.11505 1.61627 1.42996 1.41695 1.53556 1.48937 1.43327 1.42339 1.27997 1.81451 1.52727 1.20084 1.12219 0.76483 0.667964 0.624179 0.583754 0.532193
threshold=0 0.77737677172444075 1.3 0.62715172031225708 100.00000000000001 4.4893956499593992 1 2 3 2.5392180533125681 255.27642098689566 4 5.5000000000000009 1.8635483244952915 4.5581993703006578 -0.24999999999999997 2.3500000000000001 -1.5499999999999998 5 221.00000000000003
decision_type=9 8 8 8 2 8 9 9 1 10 10 1 10 10 8 2 2 2 1 2
left_child=1 -1 10 4 -2 6 13 8 -7 -8 12 -12 -3 -5 -9 17 -17 -4 19 -6
right_child=3 2 15 5 18 7 9 14 -10 -11 11 -13 -14 -15 -16 16 -18 -19 -20 -21
leaf_value=-0.021789635308253424 -0.0041201614734772112 -0.0010487940866018165 -0.35086487632958713 -0.0088295143877705051 0.35799784367053844 -0.0038972540879283102 0.00067016968035781943 0.0026246697369779071 -0.00037637424677633647 -0.006744975775838373 0.00089167706722745874 -0.018125227641731138 0.026159232772498219 -0.0030709229038928497 -2.1780315718959997e-05 -0.5011943718547075 -0.30343975709271032 -0.00052732527197974833 0.0013018982723930605 0.004868326071802969
leaf_weight=35 24 404 23 100 32 155 222 209 849 110 52 83 88 238 620 26 20 26 33 25
leaf_count=35 24 404 23 100 32 155 222 209 849 110 52 83 88 238 620 26 20 26 33 25
internal_value=-0.00132662 -0.00299024 -0.00254043 -0.000828609 0.00379221 -0.00104532 -0.00261802 -0.000467702 -0.00149483 -0.000576419 -0.00168337 -0.00511355 -0.000725431 -0.0044578 0.000782867 -0.00806218 -0.0117474 -0.00431683 0.00609836 0.00851282
internal_weight=3374 757 722 2617 114 2503 670 1833 1004 332 627 135 492 338 829 95 46 49 90 57
internal_count=3374 757 722 2617 114 2503 670 1833 1004 332 627 135 492 338 829 95 46 49 90 57
cat_boundaries=0 2 4 6 7 8 9
cat_threshold=67264288 3584 206 278528 268435483 208896 2 1 2
is_linear=0
shrinkage=0.04


Tree=150
num_leaves=10
num_cat=2
split_feature=24 26 8 40 34 0 29 23 24
split_gain=1.30692 1.68804 1.31215 1.37377 3.26363 1.76462 0.763305 0.515693 0.392127
threshold=328.24296034316643 351.65734424443451 127.60000000000001 0.10620300751879701 0 1 172.92905200000004 2.3500000000000001 347.71605982847109
decision_type=10 10 8 2 9 1 2 2 10
left_child=1 2 3 5 -5 -1 8 -8 -2
right_child=6 -3 -4 4 -6 -7 7 -9 -10
leaf_value=0.00066526750861097385 -0.036320680423266277 0.0061722363915009204 -0.30562384862468905 0.0026704830294950457 -0.043031089897105482 -0.0012811664639745858 0.0013646661874989264 -0.0049339489315890009 -0.0057546964285337234
leaf_weight=740 28 26 23 245 247 1863 23 38 30
leaf_count=740 28 26 23 245 247 1863 23 38 30
internal_value=-0.0013656 -0.00120744 -0.00129444 -0.00122009 -0.00315704 -0.000851603 -0.00546058 -0.002208 -0.00870588
internal_weight=3263 3144 3118 3095 492 2603 119 61 58
internal_count=3263 3144 3118 3095 492 2603 119 61 58
cat_boundaries=0 1 2
cat_threshold=22632 1089698
is_linear=0
shrinkage=0.04


Tree=151
num_leaves=19
num_cat=2
split_feature=40 8 31 20 21 20 22 3 20 5 11 20 21 21 19 39 20 21
split_gain=2.6099 1.68401 1.4313 2.02579 1.49703 1.87967 1.55714 1.38338 2.19657 2.04328 1.3238 1.2527 1.73974 1.22608 2.34977 1.15027 1.10507 0.964328
threshold=0.10620300751879701 127.60000000000001 0 11.171119102346497 4.8444209189451977 0.88992920194353597 -1.4499999999999997 0.55000000000000016 21.873548283877341 8.5500000000000025 1 8.6336048520644422 8.9111721548295861 9.5311928417881493 21.098649060358881 39.550000000000004 12.312274143574852 10.828847166733508
decision_type=2 8 9 10 10 8 2 10 10 10 1 10 10 10 10 8 10 8
left_child=1 7 3 10 5 -4 -7 8 9 -1 17 12 -6 15 -15 -9 -13 -2
right_child=2 -3 4 -5 11 6 -8 13 -10 -11 -12 16 -14 14 -16 -17 -18 -19
leaf_value=-4.4165987362578817e-05 1.032484681536229 -0.54021093749462745 0.21594556920570335 -0.048766568433072026 -0.034383927792085454 -0.055276118358431464 -0.03671999529754718 -0.099947060897131665 -0.81577761110285107 -1.6009813837301312 -0.030554901083844933 -0.057818869034639175 0.82673836115194377 -0.66241920877786542 5.2479837945766032 1.7905428341044729 -0.027226784061505464 0.025840836349653975
leaf_weight=2520 28 24 20 24 34 28 131 102 26 25 29 64 23 51 25 22 106 26
leaf_count=2520 28 24 20 24 34 28 131 102 26 25 29 64 23 51 25 22 106 26
internal_value=-0.00114761 -0.000664402 -0.00376676 0.000489451 -0.00478563 -0.00763435 -0.00908411 -0.000569161 -0.000317979 -0.000195563 0.00352663 -0.0027046 0.00235897 -0.00376179 -0.00771613 -0.00125896 -0.00441983 0.00717117
internal_weight=3308 2795 513 107 406 179 159 2771 2571 2545 83 227 57 200 76 124 170 54
internal_count=3308 2795 513 107 406 179 159 2771 2571 2545 83 227 57 200 76 124 170 54
cat_boundaries=0 2 3
cat_threshold=384 147456 2
is_linear=0
shrinkage=0.04


Tree=152
num_leaves=23
num_cat=7
split_feature=0 3 31 24 5 26 31 26 31 0 24 5 20 25 0 21 39 23 25 29 39 10
split_gain=1.68979 2.64754 2.55037 2.53114 1.80152 2.17972 1.77407 1.74133 1.80773 1.39596 1.29757 1.62345 1.38383 1.28572 1.22637 2.08696 1.7631 1.06627 2.67911 1.04668 0.850096 0.393109
threshold=0 3.3000000000000003 1 265.63673627896907 4.7000000000000002 207.25098160929835 2 207.25098160929835 3 4 168.06612530016164 2.9000000000000004 1.2170448679926424 41.778669668544104 5 3.6768532767020727 7.7500000000000009 2.3500000000000001 54.835433504031307 172.96692750000003 23.900000000000002 6
decision_type=1 10 9 8 8 10 9 10 9 1 8 10 10 10 1 8 10 2 8 2 10 1
left_child=1 6 3 13 10 -6 7 9 -9 -1 12 -12 -4 21 16 -16 -5 20 -19 -15 -8 -2
right_child=2 -3 4 14 5 -7 17 8 -10 -11 11 -13 -14 19 15 -17 -18 18 -20 -21 -22 -23
leaf_value=0.0010870526589526897 0.0026231472587192784 19.483735280715347 -0.0026852621646488474 -0.0010069389359719239 -1.2471172674360296 0.37501451741889924 -0.0048328572014207085 -0.0019457806213322825 0.010547659896587796 -0.0057264092365613625 -8.4413776393077453e-05 0.36278925030321363 0.0014626600196234207 -0.0073652322844272432 -0.019789841513106036 0.00087299939553254547 0.014415473435088231 -0.015410852988057543 -0.00081626848239302774 -0.066402778351573946 -0.016084471773392152 -0.0014355631871302776
leaf_weight=132 29 21 59 41 37 39 206 109 124 294 656 25 430 346 26 75 71 37 281 25 203 31
leaf_count=132 29 21 59 41 37 39 206 109 124 294 656 25 430 346 26 75 71 37 281 25 203 31
internal_value=-0.00108474 -0.0021276 -0.000293453 -0.00231579 0.000761829 -0.00513548 -0.00236252 -0.000802386 0.00195309 -0.0023345 0.0011592 2.63736e-05 0.00272783 -0.00411098 0.0012028 -0.00193778 0.00387045 -0.00370752 -0.00199687 -0.00498792 -0.00511084 0.00126829
internal_weight=3297 1407 1890 644 1246 76 1386 659 233 426 1170 681 489 431 213 101 112 727 318 371 409 60
internal_count=3297 1407 1890 644 1246 76 1386 659 233 426 1170 681 489 431 213 101 112 727 318 371 409 60
cat_boundaries=0 1 3 5 7 8 9 10
cat_threshold=414328 67110312 135168 1196 438272 160 163840 16424 565377 2
is_linear=0
shrinkage=0.04


Tree=153
num_leaves=25
num_cat=5
split_feature=40 0 34 39 25 34 25 11 8 25 22 19 20 5 39 4 39 38 8 22 22 39 23 19
split_gain=2.30416 2.91448 2.44128 1.79451 2.61977 1.78885 2.0249 1.91073 1.93782 1.83094 2.35243 1.77026 1.42333 1.35225 1.34364 1.66825 1.50418 1.19271 1.17823 1.74471 1.05837 1.00656 0.874961 0.864138
threshold=0.059714795008912663 0 1 258.80000000000007 79.621440000625839 2 48.374127648490351 3 0.35000000000000003 21.049457353772201 0.35000000000000003 0.62318286527802991 23.502221458748647 5.2500000000000009 22.675000000000004 0.8500000000000002 98.800000000000011 4 0.15000000000000005 -0.84999999999999998 0.55000000000000016 14.100000000000001 2.3500000000000001 0.93414790765103028
decision_type=2 1 9 10 10 9 10 1 10 10 2 8 10 10 10 10 10 1 10 2 2 8 2 8
left_child=5 14 3 4 -3 9 7 8 -7 10 21 -4 17 -9 -2 16 -16 -8 20 -20 -11 -1 -5 -13
right_child=1 2 11 22 -6 6 12 13 -10 18 -12 23 -14 -15 15 -17 -18 -19 19 -21 -22 -23 -24 -25
leaf_value=0.002825707563664679 0.024399665712968713 -0.0089867292488499829 0.019045256843011275 -0.094718079990868065 0.01799890673065626 0.00011522247188189283 -0.00049626036361864582 0.00020162737496743689 0.12743447580612613 0.0024478747815636125 -0.0090665433416694443 -0.1032004324975552 -1.1762816258960214 -0.68524643285135622 -0.023732143958637694 11.888301249449956 0.0037763636166221917 -0.0026645852811671136 -0.0018317995471289095 0.0063193926992085635 0.0010300961216480075 -0.0050201223548358162 -0.0016464609746129355 -0.023876854753814316
leaf_weight=32 33 70 31 33 125 22 1047 477 26 107 29 20 24 20 43 22 138 319 67 203 84 24 23 341
leaf_count=32 33 70 31 33 125 22 1047 477 26 107 29 20 24 20 43 22 138 319 67 203 84 24 23 341
internal_value=-0.00076097 -0.00251902 -0.00387777 -0.000678095 0.00110941 -0.000136153 -0.000707937 0.00135041 0.00884848 0.00186188 -0.00344509 -0.00584387 -0.0015221 0.000597793 0.00128485 8.80196e-05 -0.00119452 -0.00134406 0.00289297 0.00117127 0.00528831 0.00135652 -0.00692174 -0.00678069
internal_weight=3360 879 643 251 195 2481 1935 545 48 546 85 392 1390 497 236 203 181 1366 461 270 191 56 56 361
internal_count=3360 879 643 251 195 2481 1935 545 48 546 85 392 1390 497 236 203 181 1366 461 270 191 56 56 361
cat_boundaries=0 1 2 3 4 5
cat_threshold=265350 29736 17152 4 5
is_linear=0
shrinkage=0.04


Tree=154
num_leaves=25
num_cat=7
split_feature=17 31 40 31 34 31 20 39 22 5 22 6 21 20 26 27 34 31 17 16 39 26 8 26
split_gain=1.54768 1.97668 1.71635 1.93048 2.50743 2.74632 2.66863 1.92435 1.83087 1.38046 1.96309 1.64025 1.76619 1.47466 1.37333 1.20762 1.31162 2.14256 1.13112 1.08442 0.986486 0.98502 0.953037 0.0867734
threshold=0.75000000000000011 0 0.18898809523809526 1 2 3 3.1234049788570943 604.40000000000009 -0.14999999999999999 0.15000000000000005 1.5500000000000003 7.1000000000000005 3.0180663915493438 5.5308648015781312 74.407269039032926 11.500000000000002 4 5 0.15000000000000005 6 8.8750000000000018 73.343416082682253 0.55000000000000016 205.45701769229089
decision_type=8 9 2 9 9 9 8 10 2 10 2 10 10 8 8 2 9 9 10 1 10 10 10 10
left_child=2 9 3 8 5 -5 -6 21 18 10 20 13 -13 -11 -10 -3 17 -17 -1 -18 -2 22 -4 -23
right_child=1 15 7 4 6 -7 -8 -9 14 11 -12 12 -14 -15 -16 16 19 -19 -20 -21 -22 23 -24 -25
leaf_value=-0.0011825020371678896 0.0097429762847691843 0.53841613173759817 -0.037933994486731244 -0.0003368679939656971 -0.0019011622717975741 0.0025788881492758622 0.00041081880038717599 0.57548524294097803 -0.0016198966978321926 -0.10208365871563191 -0.0068137037915332148 0.92989160167552998 -0.14450790775692554 -0.020263157233723916 -0.01209448824418363 -0.0015755308311375062 -0.0081040825745151319 -0.058814707163990627 0.093657909811783749 0.14015127439584357 0.003172411596807674 -0.0819279078468403 0.033196693399981284 -0.090871156257445809
leaf_weight=36 48 33 20 227 404 328 1050 24 36 24 38 21 73 67 67 107 302 222 24 41 92 20 21 23
leaf_count=36 48 33 20 227 404 328 1050 24 36 24 38 21 73 67 67 107 302 222 24 41 92 20 21 23
internal_value=-0.000799522 -0.00205517 -0.000209511 3.58868e-05 0.000385053 0.00264431 -0.000489935 -0.00509589 -0.004 0.000368491 0.00288579 -0.00202681 0.00165445 -0.00581622 -0.00744498 -0.00326308 -0.00367929 -0.00545668 0.00126829 -0.0017433 0.0050742 -0.00792982 -0.00324706 -0.0120899
internal_weight=3348 1068 2280 2172 2009 555 1454 108 163 363 178 185 94 91 103 705 672 329 60 343 140 84 41 43
internal_count=3348 1068 2280 2172 2009 555 1454 108 163 363 178 185 94 91 103 705 672 329 60 343 140 84 41 43
cat_boundaries=0 2 3 4 6 7 9 10
cat_threshold=402671957 8192 16641 17672 2224 28672 1744 2 151552 1
is_linear=0
shrinkage=0.04


Tree=155
num_leaves=22
num_cat=8
split_feature=0 5 31 24 24 31 22 34 22 7 25 34 23 10 19 31 21 24 34 27 20
split_gain=1.65928 2.71235 2.31155 2.31236 3.89227 2.29332 2.01709 1.90371 1.72154 1.48668 1.8291 1.33964 1.32519 1.61493 1.46157 1.58373 1.27843 1.16931 1.06284 1.26623 0.931865
threshold=0 8.5500000000000025 1 237.15281353204756 242.4970844964873 2 -0.54999999999999993 3 1.7500000000000002 13.500000000000002 215.48484444935792 4 2.6500000000000008 5 14.461660604642693 6 19.593293024039067 249.40972108294696 7 209.00000000000003 4.0927227805317452
decision_type=1 8 9 8 8 9 2 9 2 10 10 9 2 1 10 9 10 8 9 2 8
left_child=1 5 3 9 -5 6 17 -6 -8 11 -11 -2 14 -14 15 -4 -16 -1 19 -7 -20
right_child=2 -3 12 4 7 18 8 -9 -10 10 -12 -13 13 -15 16 -17 -18 -19 20 -21 -22
leaf_value=0.063515595277818374 0.0010837235503634802 -2.14639882623025 -0.0010457885843205617 2.4882137859232376 -0.0061265316014522146 0.0037414548131887138 -0.0042643284975670956 0.0022204577514006374 -0.001402638506659244 -0.014667803207437108 -1.5327276479440843 -0.0035304636617316198 0.68430967677081489 -0.0037072126088208892 -0.14174821551888003 -0.003822121391789324 -0.058343620256410739 -2.1272617977174945e-05 0.00020440134166092251 -0.0015712705349297451 0.0020777781119769401
leaf_weight=30 235 24 682 37 106 24 114 325 171 30 25 362 26 21 32 567 56 44 80 112 214
leaf_count=30 235 24 682 37 106 24 114 325 171 30 25 362 26 21 32 567 56 44 80 112 214
internal_value=-0.00121079 0.000361431 -0.00171656 -0.000351745 0.00178488 0.000781784 -0.00156005 0.000689017 -0.00313438 -0.00189441 -0.00810619 -0.00129992 -0.0028076 0.0036701 -0.00306164 -0.00270132 -0.00802235 0.00421192 0.00271348 -0.000257627 0.00405237
internal_weight=3317 813 2504 1120 468 789 359 431 285 652 55 597 1384 47 1337 1249 88 74 430 136 294
internal_count=3317 813 2504 1120 468 789 359 431 285 652 55 597 1384 47 1337 1249 88 74 430 136 294
cat_boundaries=0 1 3 5 6 7 8 10 11
cat_threshold=90370 209716330 290816 186 290816 784 22032 2 900 67584 9744
is_linear=0
shrinkage=0.04


Tree=156
num_leaves=17
num_cat=4
split_feature=8 21 0 5 8 8 19 0 34 40 22 26 30 19 28 8
split_gain=1.48384 1.35187 1.88525 2.3862 2.01485 2.01445 1.75697 1.73004 1.69713 2.38911 2.04349 1.51712 1.41995 1.45936 1.26365 0.993489
threshold=127.60000000000001 4.7849560897938161 0 1.3 28.850000000000005 8.1000000000000014 2.6055436187273795 1 2 0.10172413793103451 0.8500000000000002 54.103896450681653 3 4.0122981349547189 -43.640059999999991 0.15000000000000005
decision_type=8 8 1 10 10 10 8 1 9 2 2 8 9 10 2 10
left_child=1 7 3 5 -5 -3 14 8 10 -10 -1 -8 13 -9 -4 -14
right_child=-2 2 6 4 -6 -7 11 12 9 -11 -12 -13 15 -15 -16 -17
leaf_value=-0.0036707620853305657 -0.27207524338304578 0.00035351893048339632 -0.00065519773308681201 -0.23341906516597569 7.5386479659977068 0.0098220977413804172 0.0016490326307053139 0.0011791530384973115 0.0011454373092627179 -0.032499334386380599 0.0019940963604499727 -0.0014013918276871173 -0.0070590801389373856 -0.0064387347718373178 -0.0139212159099921 -0.014309943072390361
leaf_weight=188 29 859 50 123 20 140 75 112 356 46 65 912 116 29 59 146
leaf_count=188 29 859 50 123 20 140 75 112 356 46 65 912 116 29 59 146
internal_value=-0.000979408 -0.000897043 -0.000338468 0.000795839 -0.004 0.00149725 -0.00151512 -0.00207456 -0.000747187 0.00086578 -0.00324386 -0.000989378 -0.0040965 -0.000642623 -0.00631674 -0.00584278
internal_weight=3325 3296 2238 1142 143 999 1096 1058 655 402 253 987 403 141 109 262
internal_count=3325 3296 2238 1142 143 999 1096 1058 655 402 253 987 403 141 109 262
cat_boundaries=0 1 2 3 4
cat_threshold=222871 1096129 7220 1025
is_linear=0
shrinkage=0.04


Tree=157
num_leaves=25
num_cat=5
split_feature=31 22 39 34 6 39 39 17 39 34 29 14 34 26 22 24 24 39 26 26 26 27 12 5
split_gain=1.92892 2.55659 1.94085 1.71681 1.70407 2.23193 2.10983 1.53831 1.33768 2.30948 1.26549 1.26225 1.2156 2.66715 2.24887 1.11174 1.05989 1.05655 1.25616 1.89148 1.22392 0.980653 0.78979 0.324792
threshold=0 -0.84999999999999998 218.70000000000002 1 6.9000000000000012 137.50000000000003 26.500000000000004 8.1500000000000004 5.5000000000000009 2 172.74496850000003 3 4 46.404089155556285 4.1500000000000012 263.77857838392879 79.34502210890723 367.50000000000006 68.37300776233856 205.45701769229089 61.893405366838927 155.00000000000003 3.5000000000000004 6.6000000000000005
decision_type=9 2 8 9 8 10 10 8 8 9 2 1 9 8 2 8 8 10 10 10 10 2 2 10
left_child=1 2 3 10 8 6 7 -6 9 15 -1 -5 13 -10 -14 -2 -11 18 20 -20 -3 -19 -4 -8
right_child=4 17 22 11 5 -7 23 -9 12 16 -12 -13 14 -15 -16 -17 -18 21 19 -21 -22 -23 -24 -25
leaf_value=2.966093566939776e-05 -0.0038222966605538388 0.0015774800500545005 -0.0066413302922645381 0.00094583543811683774 -0.31475914058286608 2.0393644564687223 -0.49035307840820141 0.1298782801916748 -0.005051315939845296 0.00013107913399625914 0.0087871860187536486 -0.0029778849687126653 -0.00024931149912308824 -0.0024635992162628994 -0.012066567716797571 0.00058110420324013038 0.0039818054557335001 0.002680668121077492 -0.0021277335084639581 0.0022437422304740552 0.16859761169296802 -0.056101840717213955 -0.042219179725894417 -2.6254680407872741
leaf_weight=81 68 272 22 35 79 33 26 26 78 57 32 219 943 497 49 46 95 30 240 337 27 27 29 24
leaf_count=81 68 272 22 35 79 33 26 26 78 57 32 219 943 497 49 46 95 30 240 337 27 27 29 24
internal_value=-0.000864977 0.000306789 -0.00228367 -0.00124288 -0.00164231 -0.00526649 -0.00727157 -0.00392488 -0.00127446 0.00133832 0.00271486 -0.00300565 -0.00172011 -0.00316795 -0.000835077 -0.00285259 0.00439144 0.00147459 0.00182108 0.000722558 0.00392013 -0.0037265 -0.00948571 -0.0139417
internal_weight=3372 1351 418 367 2021 188 155 105 1833 266 113 254 1567 575 992 114 152 933 876 577 299 57 51 50
internal_count=3372 1351 418 367 2021 188 155 105 1833 266 113 254 1567 575 992 114 152 933 876 577 299 57 51 50
cat_boundaries=0 2 3 4 5 6
cat_threshold=159384416 174080 4384 2160 4 12688
is_linear=0
shrinkage=0.04


Tree=158
num_leaves=27
num_cat=5
split_feature=40 0 8 24 12 26 20 19 0 8 34 39 31 0 20 24 8 21 18 21 22 12 12 39 26 20
split_gain=1.31323 1.84076 2.66333 1.96147 1.95878 1.89953 1.74424 1.32641 1.27232 2.00882 1.48853 1.74894 1.40163 1.57276 1.77573 1.45481 1.28776 1.23837 1.13624 1.07012 0.931168 0.791577 0.760957 1.34209 0.757609 0.470838
threshold=0.067816091954023008 0 11.500000000000002 90.286825049598193 5.5000000000000009 114.58991746681927 7.4870963566473545 4.7267065578412213 1 12.300000000000002 2 5.5000000000000009 3 4 18.67803317859423 287.64414611191438 88.750000000000014 9.6638852375000024 20.500000000000004 3.161441207856841 0.25000000000000006 5.5000000000000009 4.5000000000000009 266.22500000000008 74.666414328213435 4.2398652340422709
decision_type=2 1 10 10 2 10 10 8 1 10 9 8 9 1 10 10 8 10 10 10 2 2 2 10 8 10
left_child=8 2 5 22 19 17 -6 -4 9 10 21 -12 13 15 -15 -10 18 -2 -14 -5 -7 -1 23 -3 -24 -11
right_child=1 3 7 4 6 20 -8 -9 12 25 11 -13 16 14 -16 -17 -18 -19 -20 -21 -22 -23 24 -25 -26 -27
leaf_value=-0.0013484564827785305 -0.0010633610841623664 0.0020771535804605177 4.0276964470199257 0.0042159121621308596 -0.027561324639897401 -0.072089826885170877 0.13959306502051419 0.32570227895143544 -0.0028963642965162606 -0.085146431175690179 0.0023724064180646212 -0.0011035375552449446 0.00049437702260870966 0.0006074611265569985 -0.093447046458967745 0.00080303125632253725 -0.54796284697557052 0.16930097209632522 4.2048226178075838 -0.047730777366865346 -0.00042652588284878944 -0.015603529272587374 -0.022129819921848294 -0.056992468381457988 -0.028766462811444776 -0.012284545165092347
leaf_weight=71 77 30 20 20 123 34 107 29 181 22 85 232 1455 366 20 22 22 39 32 39 28 59 105 20 92 37
leaf_count=71 77 30 20 20 123 34 107 29 181 22 85 232 1455 366 20 22 22 39 32 39 28 59 105 20 92 37
internal_value=-0.000658453 -0.00211642 0.000914046 -0.00335708 -0.00116351 -0.00132591 0.000509719 0.00906931 -0.000229514 -0.0020058 -0.00111037 0.000420091 0.000207632 -0.00142881 9.55975e-05 -0.00418648 0.000853667 0.00168511 0.00100638 -0.00757025 -0.00689764 -0.00450883 -0.00602817 -0.00151456 -0.00714358 -0.00889256
internal_weight=3367 763 227 536 289 178 230 49 2604 506 447 317 2098 589 386 203 1509 116 1487 59 62 130 247 50 197 59
internal_count=3367 763 227 536 289 178 230 49 2604 506 447 317 2098 589 386 203 1509 116 1487 59 62 130 247 50 197 59
cat_boundaries=0 1 2 3 5 6
cat_threshold=296069 82945 200 75504651 134144 1089704
is_linear=0
shrinkage=0.04


Tree=159
num_leaves=20
num_cat=4
split_feature=31 19 17 40 6 34 27 19 22 18 19 30 28 40 20 22 38 20 18
split_gain=1.70179 2.59335 1.69891 1.73202 1.58901 1.45807 2.48866 2.16357 1.90707 1.69816 1.56144 1.50263 1.40833 1.34267 1.27564 1.10676 1.05534 0.890398 0.848078
threshold=0 17.68465913104777 10.15 0.13484848484848486 9.5000000000000018 1 232.50000000000003 14.082431307566852 -5.0499999999999989 12.500000000000002 19.413099983081494 2 -43.622646499999995 0.12310606060606062 3.0097300776431455 -0.94999999999999984 3 1.7338638339685892 9.5000000000000018
decision_type=9 10 10 2 10 9 2 8 2 10 10 9 2 2 10 2 1 10 10
left_child=1 2 3 13 -3 11 8 9 -7 -8 -10 12 14 -1 -2 -5 18 -18 -13
right_child=5 4 -4 15 -6 6 7 -9 10 -11 -12 16 -14 -15 -16 -17 17 -19 -20
leaf_value=0.00032124498744824594 0.0023346112259635989 -0.41872486416032545 -0.18735165554528621 -0.058032084625158832 21.153175118409955 0.20160072057023276 -0.0019492671841307187 -0.023551135454202985 -0.0032129251999015907 -0.29977996502276683 1.0818087511429009 -0.00052467865727326315 0.075622041536201667 0.16252893321247222 -0.0043121685790845632 -0.0033009829027596639 0.00050871858567319355 -0.0039517390560894943 0.24907777785067814
leaf_weight=1512 50 43 25 54 23 21 107 39 777 20 35 201 30 51 34 136 38 99 42
leaf_count=1512 50 43 25 54 23 21 107 39 777 20 35 201 30 51 34 136 38 99 42
internal_value=-0.000796166 2.04797e-05 0.000313571 0.00046623 -0.00767407 -0.00179329 -0.00266997 -0.00715224 -0.00179509 -0.00449805 -0.00211186 0 0.00380876 0.00090636 0.00138012 -0.00312272 -0.00122095 -0.00389226 0.000385069
internal_weight=3337 1844 1778 1753 66 1493 999 166 833 127 812 494 114 1563 84 190 380 137 243
internal_count=3337 1844 1778 1753 66 1493 999 166 833 127 812 494 114 1563 84 190 380 137 243
cat_boundaries=0 2 3 4 5
cat_threshold=411048939 67584 568 1026 9
is_linear=0
shrinkage=0.04


Tree=160
num_leaves=27
num_cat=4
split_feature=40 37 28 8 7 19 0 22 8 24 25 8 40 7 40 22 22 24 8 20 23 24 13 38 17 19
split_gain=1.21549 1.80731 1.41613 2.10236 1.75413 1.42163 1.3797 1.48162 1.43098 1.26401 1.97441 1.37001 1.20987 1.15903 1.29227 1.10681 1.09525 1.094 1.07104 1.05869 1.27956 1.05592 0.939536 0.90925 0.885779 0.478819
threshold=0.10620300751879701 0 -43.607642999999996 6.3000000000000016 0.25000000000000006 14.614133123992373 1 2.0500000000000003 33.350000000000001 226.126945756477 87.388004715419115 0.15000000000000005 0.13188405797101452 17.800000000000004 0.043961352657004842 0.75000000000000011 -0.94999999999999984 313.59138048531707 0.35000000000000003 1.1477660949627719 2.3500000000000001 250.59103269918396 2 3 1.1000000000000003 5.7029785088212295
decision_type=2 1 2 10 8 10 1 2 10 8 10 10 2 10 2 2 2 10 10 8 2 10 1 1 10 10
left_child=6 12 3 5 15 -3 7 13 19 10 -9 -11 18 17 -15 -4 -5 -1 -2 20 -8 24 -10 -21 -14 -24
right_child=1 2 4 16 -6 -7 8 9 22 11 -12 -13 21 14 -16 -17 -18 -19 -20 23 -22 -23 25 -25 -26 -27
leaf_value=-0.0010199231315347035 0.00079371209217741882 -0.019893301071627966 0.057173743555094705 -0.16485403374756571 -0.120479599765578 -0.19145666518681764 0.0012018649894831946 0.00080738778296058917 0.3459146815246828 -0.0007845122677838923 -0.0079191213232813248 0.010156437613138749 -0.0030287098131647028 -0.22806134183681717 0.016055704683634976 -0.043559462525883712 0.68853256035577615 -0.011813589864587365 1.7172975680952505 0.0011074271845064132 -0.0034386049081549788 0.54727069196733624 -0.027498364291940868 -0.00013104094402077493 -0.16081974915990963 -1.5082761728569261
leaf_weight=764 24 160 20 29 37 20 70 53 20 42 27 63 66 34 22 20 48 59 26 909 94 26 26 629 27 20
leaf_count=764 24 160 20 29 37 20 70 53 20 42 27 63 66 34 22 20 48 59 26 909 94 26 26 629 27 20
internal_value=-0.000604825 -0.00241427 -0.00404631 -0.00270019 -0.00889172 -0.00505785 -0.00028163 -0.00141144 0.000403484 0.00181233 -0.00193865 0.00467606 0.00098615 -0.00211016 -0.00761739 -0.00284337 0.00277707 -0.00171983 0.00617476 0.000632815 -0.00240483 -0.00114523 -0.0053037 0.000960052 -0.00315344 -0.00837895
internal_weight=3335 503 334 257 77 180 2832 1064 1768 185 80 105 169 879 56 40 77 823 50 1702 164 119 66 1538 93 46
internal_count=3335 503 334 257 77 180 2832 1064 1768 185 80 105 169 879 56 40 77 823 50 1702 164 119 66 1538 93 46
cat_boundaries=0 1 2 3 4
cat_threshold=6 1772553 4 3
is_linear=0
shrinkage=0.04


Tree=161
num_leaves=28
num_cat=5
split_feature=31 8 34 17 39 22 19 34 0 19 39 0 6 25 39 25 39 6 8 39 19 39 25 23 22 12 28
split_gain=1.59788 2.54128 2.19449 2.47811 2.42747 1.94095 1.84527 1.76594 3.18178 2.63991 2.10089 2.17369 1.71315 1.61912 1.59982 1.51935 1.35587 1.21006 1.19615 1.09572 0.871016 0.84476 0.838312 0.630944 0.953037 0.693115 0.618095
threshold=0 22.900000000000002 1 1.3500000000000003 13.900000000000002 3.4500000000000006 6.1844206768225822 2 3 0.75432059561049625 133.30000000000004 4 0.15000000000000005 101.32226111182983 25.633333333333336 68.007622144834741 139.30000000000004 7.7500000000000009 13.700000000000001 13.100000000000001 3.7007318884108895 18.700000000000006 84.237898308808823 2.3500000000000001 0.35000000000000003 4.5000000000000009 -43.790424999999992
decision_type=9 8 9 10 10 2 8 9 1 8 10 1 10 10 8 10 10 10 10 10 8 10 8 2 2 2 2
left_child=7 2 5 4 -4 6 -2 8 13 23 11 -11 14 15 -10 -1 22 -14 -5 -15 -12 -7 -3 24 -9 -25 -24
right_child=1 16 3 18 -6 21 -8 9 12 10 20 -13 17 19 -16 -17 -18 -19 -20 -21 -22 -23 26 25 -26 -27 -28
leaf_value=0.00050307272370524463 -0.0016226999911916984 -0.077377949376604069 0.00055599569122342983 0.14022574177364555 -0.0067933042033709512 -0.00039975654343969323 -0.0054473188839635964 0.0025204531800683584 7.4614701939346167e-05 -0.019779277582206198 0.0011062238182893581 0.00082944195040727923 -0.07961548498000387 0.0046443019433586134 -0.018516440670248199 -0.010351493789545856 0.50106589545312719 -0.17583218514614354 -0.018019231591085046 0.0012907073724364615 -0.054086802947156266 0.46630112180281741 -0.54604478854366389 0.33421109840370394 -0.0021485733206848324 0.0010952171437826586 -1.2777101362781471
leaf_weight=177 408 27 316 115 337 30 315 20 117 104 46 760 48 32 108 39 25 20 48 30 83 22 29 34 21 20 35
leaf_count=177 408 27 316 115 337 30 315 20 117 104 46 760 48 32 108 39 25 20 48 30 83 22 29 34 21 20 35
internal_value=-0.000925909 -0.00177946 -0.00136766 9.42598e-05 -0.00100535 -0.00287095 -0.0034479 -3.47201e-05 -0.00181631 0.000907685 0.000299648 0.00101444 -0.00465681 0.00123661 -0.00308168 -0.000358621 -0.00747234 -0.0103309 0.00448632 0.00689764 -0.00442912 0.0044486 -0.00970811 0.00723316 0.00324706 0.0100541 -0.0121832
internal_weight=3366 1707 1591 816 653 775 723 1659 571 1088 993 864 293 278 225 216 116 68 163 62 129 52 91 95 41 54 64
internal_count=3366 1707 1591 816 653 775 723 1659 571 1088 993 864 293 278 225 216 116 68 163 62 129 52 91 95 41 54 64
cat_boundaries=0 2 3 4 5 6
cat_threshold=134220871 187392 3472 12388 795979 299008
is_linear=0
shrinkage=0.04


Tree=162
num_leaves=28
num_cat=10
split_feature=31 0 0 34 40 31 0 22 38 26 31 20 27 34 17 20 23 26 22 0 40 26 22 8 22 28 20
split_gain=2.18612 3.12119 2.61136 1.64616 1.54451 1.53266 1.66352 1.5615 1.46904 1.42928 1.27055 1.81578 2.29269 1.52166 1.15276 1.66819 1.13328 1.19027 1.08685 1.21447 1.03085 1.32534 0.919303 0.918012 0.956693 0.727358 0.0831087
threshold=0 1 2 3 0.10620300751879701 4 5 -2.4499999999999997 6 87.191131748288925 7 2.686638957585251 280.50000000000006 8 0.15000000000000005 1.7338638339685892 2.6500000000000008 62.718276471590748 4.7500000000000009 9 0.10620300751879701 255.21511520183398 1.1500000000000001 3.5500000000000003 -1.3499999999999999 -43.698186999999997 13.130980904746288
decision_type=9 1 1 9 2 9 1 2 1 10 9 8 2 9 8 8 2 8 2 1 2 10 2 10 2 2 8
left_child=2 4 10 18 14 6 -5 -7 23 26 20 12 -12 -13 22 -16 17 -10 19 -4 21 -1 -2 24 -3 -22 -6
right_child=1 8 3 5 9 7 -8 -9 16 -11 11 13 -14 -15 15 -17 -18 -19 -20 -21 25 -23 -24 -25 -26 -27 -28
leaf_value=-0.0031043291009058651 0.0013630158923697523 0.0011408367443587154 0.0018763890681827355 0.0026718296774644657 -0.040156198031641013 -0.0049017777243521724 -0.0015190292288643193 -0.0014969261523800803 -0.0056788605327078301 0.0054312163409366929 -0.026962232007496957 0.0025167885524536794 0.067070847145645429 -0.00068926641207355031 -0.011279320416504533 -0.00015879079925905869 0.054240310637979121 -0.0050501723326975426 0.1437778569343455 2.5787741596801084e-05 -0.014353753197672852 0.0035284372956147438 -0.00019216397149060427 -0.10101669437838748 -0.0075031990179182098 -0.084792000370143436 -0.018902517121915246
leaf_weight=187 194 20 350 114 20 23 157 314 80 33 48 104 32 183 35 270 27 475 26 322 20 35 106 39 92 25 20
leaf_count=187 194 20 350 114 20 23 157 314 80 33 48 104 32 183 35 270 27 475 26 322 20 35 106 39 92 25 20
internal_value=-0.000959881 -0.00214974 -8.09634e-05 0.000939658 -0.000171139 -0.000577885 0.00162124 -0.0023472 -0.00394627 -0.00561074 -0.00216576 -0.000575958 -0.00586503 0.000894281 0.000491344 -0.00123328 -0.00289469 -0.00333872 0.00225229 0.00195694 -0.0042298 -0.00321253 0.00224876 -0.00749538 -0.00597357 -0.00984946 -0.0105542
internal_weight=3351 1411 1940 1306 678 608 271 337 733 73 634 367 80 287 605 305 582 555 698 672 267 222 300 151 112 45 40
internal_count=3351 1411 1940 1306 678 608 271 337 733 73 634 367 80 287 605 305 582 555 698 672 267 222 300 151 112 45 40
cat_boundaries=0 2 3 4 5 7 8 9 11 12 13
cat_threshold=402653683 492544 581979 688248 19624 34 98304 1130882 2 48 98304 1600 73219
is_linear=0
shrinkage=0.04


Tree=163
num_leaves=27
num_cat=8
split_feature=38 31 0 0 17 21 19 31 39 27 24 20 19 0 20 34 39 39 19 39 19 24 19 7 21 11
split_gain=2.00607 2.46071 2.28679 2.09048 2.40107 2.18519 3.62622 2.05781 2.38823 2.14825 1.87256 1.73083 1.48422 1.44661 1.32556 1.29293 1.23204 1.12529 1.11346 1.06232 0.913562 0.885185 0.834063 0.798914 0.734176 0.647978
threshold=0 1 2 3 2.2500000000000004 3.4126525012650748 4.0122981349547189 4 604.40000000000009 320.50000000000006 18.691300680728691 13.538291268527022 0.62318286527802991 5 2.4895529184661918 6 72.100000000000009 5.5000000000000009 8.8926241315160599 21.675000000000004 8.8392925104229132 71.857463710245298 6.1844206768225822 1.6500000000000001 7.2629904535219927 7
decision_type=1 9 1 1 10 10 10 9 10 2 10 10 8 1 8 9 10 10 10 10 10 8 8 10 10 1
left_child=7 2 12 4 16 14 -7 11 9 10 -9 13 -2 20 -5 -14 -3 23 -15 -11 -1 -19 -6 -4 -10 -13
right_child=1 3 17 5 22 6 -8 8 24 19 -12 25 15 18 -16 -17 -18 21 -20 -21 -22 -23 -24 -25 -26 -27
leaf_value=0.001836699772111814 0.68996165801160614 -0.00064256655518427411 0.00051470282243325726 -0.0090893727622970398 -0.011104121487735093 0.00064977711830584541 -0.0079112122274772826 -0.0095023501601558102 -0.040442786525444488 -0.0027318472707855081 0.0016938230969923218 -0.01969623818509186 0.0011232159813168608 -0.0076612927582980104 -0.014496375257172255 -0.00021020679633583229 -0.025404318319570275 -0.0044021177096251665 0.0055599775080439427 -0.030706781037382884 -0.01967067944028152 -0.0013741049813469886 0.38927025817599942 -0.0023098090431822272 -0.036656662546410319 -0.058053256260509889
leaf_weight=98 20 436 43 107 24 146 270 26 27 52 1064 20 106 152 26 158 98 61 25 20 20 244 63 22 25 28
leaf_count=98 20 436 43 107 24 146 270 26 27 52 1064 20 106 152 26 158 98 61 25 20 20 244 63 22 25 28
internal_value=-0.00102232 -0.00191664 5.70999e-05 -0.00301143 -0.00135652 -0.00481356 -0.00344431 3.6978e-05 0.000814361 0.00120155 0.00164727 -0.00264598 0.00270051 -0.00154469 -0.00935316 0.00195104 -0.00238655 -0.00198689 -0.00370292 -0.00541497 0.00183784 -0.00306036 0.00472316 0.00267669 -0.00743925 -0.00965657
internal_weight=3381 1824 654 1170 621 549 416 1557 1214 1162 1090 343 284 295 133 264 534 370 177 72 118 305 87 65 52 48
internal_count=3381 1824 654 1170 621 549 416 1557 1214 1162 1090 343 284 295 133 264 534 370 177 72 118 305 87 65 52 48
cat_boundaries=0 1 3 4 5 7 8 9 10
cat_threshold=1 402655259 425984 1255058 1890850 75500041 266240 1054480 7424 2
is_linear=0
shrinkage=0.04


Tree=164
num_leaves=25
num_cat=4
split_feature=0 7 24 21 34 34 39 3 24 24 5 23 21 21 39 0 24 8 26 39 39 29 25 21
split_gain=1.96305 2.79692 2.10193 1.92452 2.06026 1.8884 2.5246 1.67065 1.64448 1.59772 2.01424 1.47709 1.40839 2.22183 2.47891 1.63332 1.61029 2.10893 1.21157 0.99781 0.988678 0.983839 0.937436 0.78534
threshold=0 14.250000000000002 242.4970844964873 8.2862336534918537 1 2 34.70000000000001 1.2500000000000002 349.05701066680246 235.88559619421275 1.5000000000000002 2.3500000000000001 15.263000142721053 8.7759558001423859 88.90000000000002 3 243.51373242198665 2.3000000000000003 269.93969903559315 22.900000000000002 14.700000000000001 172.90915550000003 305.73602883771701 9.78204939373237
decision_type=1 8 10 10 9 9 8 10 10 10 8 2 10 10 8 1 10 10 10 10 10 2 10 8
left_child=2 12 5 4 22 9 20 21 -6 10 -1 -8 13 15 -15 -2 17 -14 19 -5 -7 23 -4 -3
right_child=1 7 3 18 8 6 11 -9 -10 -11 -12 -13 16 14 -16 -17 -18 -19 -20 -21 -22 -23 -24 -25
leaf_value=0.0016004129613518714 1.6460364561012853e-05 -0.26310777781379274 -0.0044542790123634291 -0.00133108189792031 0.0065141654872640769 3.235968880641593e-05 -0.0033686416939453247 0.93785561333766365 -0.0036927484051785522 1.0385645145116984 -0.12496161047854021 -0.030818249442807293 -0.0045029529182604297 0.0031464861697504533 -0.017101649952137806 -0.0036931517757131617 0.58665137224889663 -0.088879845456813808 -0.016410108664303476 -0.091496788638113599 0.005055571635528118 -0.12080557370841273 -0.012033876147342859 -0.1074318528322778
leaf_weight=479 485 44 94 38 118 247 114 38 20 21 62 75 150 295 86 688 21 71 22 35 98 36 28 20
leaf_count=479 485 44 94 38 118 247 114 38 20 21 62 75 150 295 86 688 21 71 22 35 98 36 28 20
internal_value=-0.000855751 -0.00168491 0.000258462 -0.00240673 -0.000604207 0.00112802 -0.000582951 -0.00715412 0.00266221 0.00271665 0.00231889 -0.00429396 -0.00126732 -0.000821601 0.00182484 -0.00168412 -0.00409856 -0.00511461 -0.00723316 -0.00453691 0.00143723 -0.00983251 -0.00417978 -0.0127939
internal_weight=3385 1934 1451 355 260 1096 534 138 138 562 541 189 1796 1554 381 1173 242 221 95 73 345 100 122 64
internal_count=3385 1934 1451 355 260 1096 534 138 138 562 541 189 1796 1554 381 1173 242 221 95 73 345 100 122 64
cat_boundaries=0 1 2 3 4
cat_threshold=151250 928 19112 532737
is_linear=0
shrinkage=0.04


Tree=165
num_leaves=27
num_cat=9
split_feature=7 39 31 10 39 5 34 31 24 4 18 31 34 22 19 19 34 26 31 19 19 19 19 12 34 4
split_gain=3.25108 2.09495 2.24201 1.97774 2.18515 1.76713 1.68093 3.66406 1.78755 1.63524 1.58805 1.55889 2.017 1.62809 1.62698 1.3787 1.37732 1.33205 1.28207 1.93355 1.62379 1.2763 1.1561 1.15072 0.733693 0.224325
threshold=1.3500000000000003 30.100000000000005 0 1 9.5000000000000018 0.15000000000000005 2 3 232.13536632742048 2.6500000000000008 6.5000000000000009 4 5 -0.14999999999999999 10.109359390233093 11.995038941185314 6 300.14466805242608 7 3.6134206895188266 3.7485476287372896 6.9329356414946508 0.652594410669046 5.5000000000000009 8 0.8500000000000002
decision_type=8 10 9 1 8 10 9 9 8 8 10 9 9 2 10 10 9 10 9 10 10 10 10 2 9 10
left_child=1 11 5 4 -2 22 18 8 -8 -9 -6 12 23 -14 21 -16 17 -4 19 -5 -20 -13 -3 -1 -18 -12
right_child=3 2 16 6 10 -7 7 9 -10 -11 25 14 13 -15 15 -17 24 -19 20 -21 -22 -23 -24 -25 -26 -27
leaf_value=0.0043082224370511388 -0.017292660717296151 0.001078976060859862 0.1238295892448333 -0.022617710988836387 -0.0042236935907334688 0.0055529459630193406 -0.011675243095690463 -0.0075954324443535982 0.19680685595411254 -1.1243107702104056 0.50787628272453578 -8.0869677001977889e-05 -0.0010172874932779408 0.0013699741002462674 0.10960011919736726 0.0015846719209677217 0.00065428911402818811 -0.051007957309824374 -0.01138764911124497 0.019480849921464909 -0.1063875811071487 -0.0024335846732627788 -0.015606934274413434 0.0014763354678014907 -0.015580607692719272 5.2501107561054008
leaf_weight=82 32 48 103 53 29 23 107 255 109 51 20 830 111 176 35 146 169 22 153 69 182 113 217 55 134 20
leaf_count=82 32 48 103 53 29 23 107 255 109 51 20 830 111 176 35 146 169 22 153 69 182 113 217 55 134 20
internal_value=-0.000967867 -0.000105054 -0.00189268 -0.00277208 0.00251707 -0.00453422 -0.00332279 -0.00164574 0.00227692 -0.00440315 0.00649645 0.000721523 0.00275086 0.000730318 -6.86922e-05 0.0033863 0 0.00335531 -0.00507577 -0.00118352 -0.00640115 -0.000739015 -0.00562101 0.00658586 -0.00145628 0.0115181
internal_weight=3344 2264 716 1080 101 288 979 522 216 306 69 1548 424 287 1124 181 428 125 457 122 335 943 265 137 303 40
internal_count=3344 2264 716 1080 101 288 979 522 216 306 69 1548 424 287 1124 181 428 125 457 122 335 943 265 137 303 40
cat_boundaries=0 2 3 4 6 8 9 10 12 13
cat_threshold=821 8192 4 11584 2008 12288 552 360448 1408 216 2050 102400 19488
is_linear=0
shrinkage=0.04


Tree=166
num_leaves=27
num_cat=7
split_feature=40 31 26 40 24 24 31 0 0 24 31 26 31 26 22 20 10 19 20 20 19 29 19 20 7 20
split_gain=2.55654 2.29225 2.06093 1.68542 1.63058 1.61451 2.42432 2.63696 2.23299 3.05821 2.45845 2.22292 2.02629 1.97709 1.68064 1.63079 1.37627 1.33715 1.76599 1.24563 1.16193 1.14471 0.999593 0.646105 1.32517 0.750828
threshold=0.10620300751879701 0 61.893405366838927 0.14495798319327732 245.88310174148455 240.42387353098817 1 2 3 236.44092198516046 4 261.49020178424149 5 75.873150818851187 -0.74999999999999989 3.2421854437512665 6 1.9821481026438497 17.073864727756906 6.4898739698723018 1.195662903722424 172.92905200000004 10.231260735043916 3.0097300776431455 0.35000000000000003 0.80201929496987345
decision_type=2 9 8 2 10 10 9 1 1 10 9 10 9 10 2 10 1 8 8 10 10 2 10 10 10 10
left_child=5 2 -2 23 16 8 7 20 10 12 13 21 -10 -1 -9 -12 -4 -5 -19 -6 -7 -8 -13 25 -25 -3
right_child=1 3 4 17 19 6 11 14 9 -11 15 22 -14 -15 -16 -17 -18 18 -20 -21 -22 -23 -24 24 -26 -27
leaf_value=-0.00051596555922898805 0.33574127914800306 -0.01571836013237899 -0.047401403761449967 0.47862909490295907 -0.043229837416099814 0.002160564467882189 -0.017603188579104874 -0.0021765828153575838 0.0016676967047266089 0.18946158584301906 0.00070191638252374848 -0.0015715084284307146 -0.0011090308617622746 -0.0055470156035712396 0.0052353953940635556 -0.0015673277679461605 0.00053815732325976026 -0.087870089445839669 0.19544571897783747 1.0866158769537753 -0.02043553685380484 -0.0040547458471041154 0.25063320684073132 -0.0038771675160870346 -0.15886070868553759 -0.054839763282587488
leaf_weight=335 33 21 88 25 24 35 138 42 533 33 345 178 486 161 130 209 73 78 33 21 67 87 20 33 43 32
leaf_count=335 33 21 88 25 24 35 138 42 533 33 345 178 486 161 130 209 73 78 33 21 67 87 20 33 43 32
internal_value=-0.000780148 -0.00339862 -0.000391218 -0.00585172 -0.00191807 -0.000306374 -0.0019728 0.00097373 0.000246256 0.0015402 -0.00105323 -0.00381588 0.00115434 -0.00306995 0.00391281 0.000774536 -0.00380308 -0.00289455 -0.00478222 0.00468817 -0.00385903 -0.00661369 -0.00079198 -0.00933333 -0.00668387 -0.0128073
internal_weight=3303 504 239 265 206 2799 697 274 2102 1052 1050 423 1019 496 172 554 161 136 111 45 102 225 198 129 76 53
internal_count=3303 504 239 265 206 2799 697 274 2102 1052 1050 423 1019 496 172 554 161 136 111 45 102 225 198 129 76 53
cat_boundaries=0 2 4 5 6 8 10 11
cat_threshold=3521 229376 1112 83968 170192 837003 329 485376 151 190464 2
is_linear=0
shrinkage=0.04


Tree=167
num_leaves=21
num_cat=3
split_feature=40 31 22 19 29 39 31 17 12 17 21 31 21 26 7 22 39 21 40 22
split_gain=2.00809 1.76995 3.1837 1.44852 1.33803 2.26154 2.25564 1.29051 1.81873 1.17662 1.0404 1.08769 1.29621 1.29553 1.02709 0.945705 0.938662 0.518041 0.381503 0.42457
threshold=0.051315789473684217 0 -2.5499999999999994 15.792174038067648 172.67094600000004 16.500000000000004 1 2.1500000000000008 6.5000000000000009 10.700000000000001 22.073303857924223 2 7.5767778276274278 32.883456893999217 10.050000000000002 0.8500000000000002 12.625000000000002 8.5461811286021607 0.13188405797101452 0.8500000000000002
decision_type=2 9 2 10 2 10 9 10 2 10 10 9 10 8 10 2 10 10 2 2
left_child=7 4 -3 15 18 17 -7 10 9 14 11 13 -13 -1 -9 -4 -10 -6 -2 -20
right_child=1 2 3 -5 5 6 -8 8 16 -11 -12 12 -14 -15 -16 -17 -18 -19 19 -21
leaf_value=-0.0010328313548745526 0.24319321396405247 -0.065697088795700409 -0.0037220808154435404 -0.194137840287367 0.063204409942089215 0.024256790689029833 -0.020719342891344326 -0.0059967123915025764 -0.0050078972106610562 1.340836840427402 -0.11513057332420434 -0.0011564852605535593 0.00080547852326882106 0.00075998285294080151 -0.11021721678574599 -0.015341796547489146 3.491847003317917 0.017644127672250855 0.187627890218724 -0.012624513691998143
leaf_weight=87 20 37 309 39 26 100 151 108 29 20 29 676 368 903 184 157 25 22 31 20
leaf_count=87 20 37 309 39 26 100 151 108 29 20 29 676 368 903 184 157 25 22 31 20
internal_value=-0.00080718 -0.00240613 -0.00382656 -0.00303653 -0.000204456 -0.00139101 -0.00292277 -0.000204896 -0.00238912 -0.00356619 0.000183095 0.000293785 -0.000604453 0.00123615 -0.00421806 -0.00239144 0.00428829 0.00642424 0.00466207 0.00262857
internal_weight=3341 912 542 505 370 299 251 2429 366 312 2063 2034 1044 990 292 466 54 48 71 51
internal_count=3341 912 542 505 370 299 251 2429 366 312 2063 2034 1044 990 292 466 54 48 71 51
cat_boundaries=0 2 4 6
cat_threshold=201326899 49152 201326595 32768 6890 344064
is_linear=0
shrinkage=0.04


Tree=168
num_leaves=21
num_cat=2
split_feature=40 24 8 0 26 8 26 20 0 26 17 21 24 21 26 35 26 20 24 8
split_gain=3.04354 2.71048 2.49118 2.27078 2.09366 1.54872 1.32346 1.28227 1.45998 1.29731 1.19385 1.1434 1.13062 1.10853 1.06654 1.06171 1.40311 0.821852 0.389397 0.37674
threshold=0.10620300751879701 39.396473274580494 21.800000000000004 0 206.14445796166157 11.500000000000002 70.285756101364413 1.247505240660213 1 347.20206306123589 10.4 3.3072031326307845 91.173224971791299 1.324190411534141 265.56983763586589 1.0000000180025095e-35 247.24209498958413 11.101631004060012 199.83013606676977 33.150000000000006
decision_type=2 8 8 1 10 10 8 8 1 10 10 10 8 10 10 2 10 10 8 10
left_child=2 -2 7 5 6 17 -4 11 14 -10 19 13 -8 -1 -9 16 -5 -3 -17 -6
right_child=1 3 4 15 10 -7 12 8 9 -11 -12 -13 -14 -15 -16 18 -18 -19 -20 -21
leaf_value=-0.0040162462528024355 -0.048233919738225384 0.00086618613522205124 -0.064170851542796253 -0.026402522848245322 -0.14093296835655089 1.0901882217729486 0.2861104515410508 -0.0027456293529121113 0.00016897001161973792 0.0019655059725697654 0.25428745843919814 -0.0060523201810962846 -0.017401965039283027 0.00041406672208609051 -0.011934984061954914 -0.021058573683816421 0.0017151011399635862 -0.025419557760647821 -0.093495662003515237 -0.15794826026514194
leaf_weight=154 27 92 23 182 52 37 23 429 1784 47 20 21 56 136 74 36 67 29 32 33
leaf_count=154 27 92 23 182 52 37 23 429 1784 47 20 21 56 136 74 36 67 29 32 33
internal_value=-0.00117956 -0.00404767 -0.000672157 -0.00331165 -0.00488249 0.000696165 -0.000753623 -0.000339316 -1.62706e-05 0.000509091 -0.00880751 -0.0027456 0.00171429 -0.00205146 -0.00190087 -0.00516895 -0.00406387 -0.00145306 -0.0097554 -0.0108439
internal_weight=3354 502 2852 475 207 158 102 2645 2334 1831 105 311 79 290 503 317 249 121 68 85
internal_count=3354 502 2852 475 207 158 102 2645 2334 1831 105 311 79 290 503 317 249 121 68 85
cat_boundaries=0 1 2
cat_threshold=396289 300033
is_linear=0
shrinkage=0.04


Tree=169
num_leaves=24
num_cat=4
split_feature=40 0 20 25 21 16 0 30 21 24 24 21 25 19 20 5 21 24 7 40 40 8 8
split_gain=3.3593 1.81863 1.76353 1.35596 1.7667 1.13145 1.07185 1.68419 1.37527 1.29045 1.60218 1.3041 1.23966 1.21787 1.05171 0.83517 0.814736 0.75771 0.728664 0.936826 0.747461 0.715919 0.579261
threshold=0.10172413793103451 0 11.101631004060012 78.253281966694018 12.320325719558864 1 2 3 0.56922947326614748 88.49761052868395 89.66415394500001 20.064228210530622 255.27642098689566 1.2081867542361877 21.873548283877341 0.45000000000000007 14.642210651323566 287.64414611191438 0.15000000000000005 0.17028985507246377 0.18465909090909094 0.15000000000000005 0.35000000000000003
decision_type=2 1 10 8 10 1 1 9 8 8 8 10 10 8 10 8 10 10 10 2 2 10 10
left_child=6 2 18 21 5 -5 7 14 -8 11 -11 -10 13 -9 15 -1 -6 -14 19 -2 -20 -3 -4
right_child=1 3 22 4 16 -7 8 12 9 10 -12 -13 17 -15 -16 -17 -18 -19 20 -21 -22 -23 -24
leaf_value=0.00047343299145694576 0.0033450627519146358 -0.026783242252312045 -0.031619493218213751 -0.050013211637803416 0.45363469590841266 0.023647551357878101 0.19310436627867461 -0.015168874672625883 0.00060391986824601671 -0.0074634631985066591 -0.0018159211795774511 -0.024743421267831495 -0.015378399040701965 0.00050747267889470035 -0.74862978116224921 0.039752403291451376 -0.012829645650650151 -0.0023253773716333547 -0.0076721276378279241 -0.040605194624155148 0.64540157614830806 -0.046387108798649129 -0.072257586023363365
leaf_weight=776 46 25 25 132 20 32 27 31 489 23 997 20 39 216 20 137 49 26 40 40 40 40 36
leaf_count=776 46 25 25 132 20 32 27 31 489 23 997 20 39 216 20 137 49 26 40 40 40 40 36
internal_value=-0.000900977 -0.00383286 -0.000914046 -0.00580937 -0.00451173 -0.00675529 -0.000348974 0.000523677 -0.00104498 -0.00121398 -0.00203426 0.000427032 -0.00197218 -0.000716298 0.00137427 0.00159431 0.000822695 -0.00688722 0.00118209 -0.00134857 0.00390184 -0.0110977 -0.006688
internal_weight=3326 525 227 298 233 164 2801 1245 1556 1529 1020 509 312 247 933 913 69 65 166 86 80 65 61
internal_count=3326 525 227 298 233 164 2801 1245 1556 1529 1020 509 312 247 933 913 69 65 166 86 80 65 61
cat_boundaries=0 1 2 3 4
cat_threshold=306177 1 1077926 2371
is_linear=0
shrinkage=0.04


Tree=170
num_leaves=19
num_cat=5
split_feature=20 31 0 20 11 22 21 0 5 31 22 29 5 25 12 21 25 21
split_gain=1.49323 2.62108 1.99823 1.73138 1.60856 1.62777 1.56131 1.49382 3.18236 2.71422 1.32539 1.07687 1.06522 2.04177 1.0165 0.999202 0.625141 0.508736
threshold=15.297928220385943 0 1 15.062356447047486 2 -1.0000000180025095e-35 1.0621963543544923 3 7.0500000000000007 4 0.8500000000000002 172.91351650000004 4.1000000000000005 82.819673168768432 4.5000000000000009 0.72816185662901323 242.07617762620859 19.593293024039067
decision_type=10 9 1 10 1 2 8 1 8 9 2 2 10 10 2 10 10 10
left_child=3 4 12 6 10 -6 11 9 -9 -8 -2 14 13 -3 -1 -13 17 -4
right_child=1 2 16 -5 5 -7 7 8 -10 -11 -12 15 -14 -15 -16 -17 -18 -19
leaf_value=-0.00015844068256686938 0.024544765859332393 0.0044546366078479591 -0.013856289240211374 0.079005520879729632 -0.0092613971622298591 0.5686441187264436 -0.0079362387422280273 0.00028490737979559812 -1.2677160607511286 0.0012913880126604127 -0.030397372883375944 0.0089513545004314739 21.08636482079406 -0.014009812980869008 -0.0068442674840553507 -0.013665220156454119 -0.063484518518352934 -0.080921683886907333
leaf_weight=23 22 38 54 20 26 39 386 1955 70 415 22 58 20 43 47 36 38 51
leaf_count=23 22 38 54 20 26 39 386 1955 70 415 22 58 20 43 47 36 38 51
internal_value=-0.000528459 -0.00298449 -0.00515851 -0.000238419 0.00214108 0.00628571 -0.000320241 -9.83201e-05 0.000480236 -0.00154831 -0.00347253 -0.00409668 -0.000515556 -0.00264242 -0.0078042 -0.0012356 -0.00814239 -0.0103099
internal_weight=3363 353 244 3010 109 65 2990 2826 2025 801 44 164 101 81 70 94 143 105
internal_count=3363 353 244 3010 109 65 2990 2826 2025 801 44 164 101 81 70 94 143 105
cat_boundaries=0 2 3 4 5 7
cat_threshold=18 16384 83040 2 427104 2609 124928
is_linear=0
shrinkage=0.04


Tree=171
num_leaves=26
num_cat=8
split_feature=40 0 31 17 31 0 19 17 20 24 0 25 8 23 8 40 31 9 24 31 23 19 24 25 24
split_gain=2.58064 2.59157 2.43438 2.23736 1.78768 2.09249 1.56401 1.94635 1.41201 1.37802 1.37599 1.42654 1.27141 2.76909 1.52464 1.18522 1.06703 1.02416 1.49767 1.37547 1.02231 0.994215 0.990965 0.935113 0.837263
threshold=0.10172413793103451 0 1 1.7500000000000002 2 3 0.88964687641007401 0.25000000000000006 20.749219255872404 244.58564913347669 4 226.80681274946178 0.95000000000000007 2.2500000000000004 2.1500000000000008 0.078461538461538485 5 6 96.573072317273144 7 2.4500000000000006 3.4898870133905957 251.41831598424008 66.357082361828859 227.93059838901434
decision_type=2 1 9 10 9 1 8 10 10 10 1 10 10 2 10 2 9 1 8 9 2 8 10 10 10
left_child=4 2 23 9 10 12 -3 22 15 -4 17 21 13 -6 -14 -7 -13 19 -19 -1 -9 -12 -8 -2 -25
right_child=1 6 3 -5 5 8 7 20 -10 -11 11 16 14 -15 -16 -17 -18 18 -20 -21 -22 -23 -24 24 -26
leaf_value=0.0012981307747849159 0.47127465000544477 -0.10241839791644752 -0.046185190035967258 3.4459531104564363 0.0017094802001806286 0.0010750345624470903 -0.011103834143668117 -0.12123587671749018 -0.76389499293545016 0.031800498984850697 0.0004978194452498919 -0.0018308533113978954 -0.007515219747916007 -0.0012376301863203665 -0.0037316600367405073 0.47258141311151869 -0.014655317802829604 0.0027176579725614759 -0.00021508613795127475 -0.0030452709160286419 -0.0037793133740983364 -0.0019467345873784049 0.3585357387145065 -0.01037222548948904 0.57320972673722237
leaf_weight=115 30 20 94 23 74 794 105 100 28 32 182 119 43 147 180 35 122 126 217 246 29 382 27 46 36
leaf_count=115 30 20 94 23 74 794 105 100 28 32 182 119 43 147 180 35 122 126 217 246 29 382 27 46 36
internal_value=-0.000858208 -0.00338178 -0.000359633 -0.00360125 -0.000369198 0.000714667 -0.00594188 -0.00524952 0.00186298 -0.0059451 -0.00130089 -0.00242254 -0.00148847 0.000620225 -0.00364365 0.00218904 -0.00502268 0 0.00156168 -0.00148414 -0.00872031 -0.00134041 -0.00178277 0.00387045 0.00189222
internal_weight=3352 542 261 149 2810 1301 281 261 857 126 1509 805 444 221 223 829 241 704 343 361 129 564 132 112 82
internal_count=3352 542 261 149 2810 1301 281 261 857 126 1509 805 444 221 223 829 241 704 343 361 129 564 132 112 82
cat_boundaries=0 1 3 5 6 7 9 10 12
cat_threshold=404993 363 131072 67125749 39424 787817 103787 340 2048 1 33 34816
is_linear=0
shrinkage=0.04


Tree=172
num_leaves=21
num_cat=7
split_feature=40 24 24 32 31 27 19 31 34 34 3 31 8 11 26 8 22 22 26 27
split_gain=2.94584 2.16558 1.88817 1.72458 1.7447 1.67246 2.14878 1.67222 2.70223 2.50981 1.59327 1.37703 1.72864 1.39816 1.05182 1.97491 0.912067 0.765835 0.739093 0.657978
threshold=0.10620300751879701 168.06612530016164 175.00861544129978 0 1 11.500000000000002 10.635736271326243 2 3 4 0.75000000000000011 5 12.950000000000001 6 235.58723637511511 5.4500000000000011 -1.2499999999999998 0.15000000000000005 62.718276471590748 36.000000000000007
decision_type=2 8 8 9 9 2 10 9 9 9 10 9 10 1 10 10 2 2 10 2
left_child=1 10 -3 14 16 -6 -7 8 -4 -9 11 12 -1 -13 15 19 -5 -16 -18 -2
right_child=3 2 7 4 5 6 -8 9 -10 -11 -12 13 -14 -15 17 -17 18 -19 -20 -21
leaf_value=0.00015009556110708643 0.1430029278918272 -0.011076358410339217 0.0021067608054212883 -0.012858658514004589 0.52080684697633506 -0.015542478869679908 -0.10091369543731048 0.00074558287282844304 -0.0017766532930119539 -0.0040315599974133321 -0.3484348417068982 0.0020556420977844779 -0.070281176095231934 0.00064819728452910393 -0.15910797328883028 1.7573946757413184 -0.026180322621005735 0.1845587171638266 -0.078832914340036378 -0.010947747302896787
leaf_weight=527 28 23 235 23 25 202 39 355 314 674 28 137 23 490 21 24 25 21 63 40
leaf_count=527 28 23 235 23 25 202 39 355 314 674 28 137 23 490 21 24 25 21 63 40
internal_value=-0.000680428 -0.000170258 -0.00113448 -0.00346927 -0.0047825 -0.00273153 -0.00386804 -0.000961064 0.000817128 -0.00190101 0.00110899 0.00133899 -0.000138914 0.00259671 0.000536082 0.00297326 -0.00896327 -0.00455172 -0.0115978 -0.000546763
internal_weight=3317 2806 1601 511 377 266 241 1578 549 1029 1205 1177 550 627 134 92 111 42 88 68
internal_count=3317 2806 1601 511 377 266 241 1578 549 1029 1205 1177 550 627 134 92 111 42 88 68
cat_boundaries=0 1 3 5 6 7 9 10
cat_threshold=18 117 8192 74 84992 13888 4392 184 315392 4
is_linear=0
shrinkage=0.04


Tree=173
num_leaves=21
num_cat=2
split_feature=40 31 20 6 40 20 5 24 31 22 21 21 24 19 19 24 18 22 22 22
split_gain=2.1604 2.53904 2.33169 2.28723 2.65135 2.15091 1.84798 1.71234 1.55647 1.49351 1.61699 2.48299 1.40307 1.34788 1.32853 1.25237 1.18232 1.11612 0.853349 0.586031
threshold=0.067816091954023008 0 23.502221458748647 2.1000000000000005 0.12310606060606062 0.88992920194353597 1.5000000000000002 252.51962135047651 1 0.8500000000000002 5.6902410766654947 3.5038442435691777 304.7858294932683 13.963019590375364 0.3866095363919968 227.93059838901434 7.5000000000000009 1.2500000000000002 1.5500000000000003 -0.34999999999999992
decision_type=2 9 10 10 2 8 10 10 9 2 8 10 8 10 10 10 10 2 2 2
left_child=2 3 5 12 -5 14 8 -8 -7 10 11 -3 16 -12 -1 -16 -2 -11 -19 -14
right_child=1 9 -4 4 -6 6 7 -9 -10 17 13 -13 19 -15 15 -17 -18 18 -20 -21
leaf_value=-0.021830882816584705 0.00032902750771340194 -0.0045851381138733594 -1.5407247990183204 10.29230162375824 -0.22893960914434658 0.00074596823321364529 -0.13007273635372729 0.039765802772504875 -0.00043562042215388174 -0.099869146828330493 0.054020194705700963 -0.060304325061015351 -0.011166219611194458 -0.071651679573913399 -0.003790870267201285 0.00039156240265700862 -0.089944049705576248 0.0035531264511338991 -0.043103209004591053 -0.027646449051829086
leaf_weight=25 242 56 35 23 24 959 218 31 1163 30 117 44 26 33 75 73 35 21 88 26
leaf_count=25 242 56 35 23 24 959 218 31 1163 30 117 44 26 33 75 73 35 21 88 26
internal_value=-0.000872216 -0.00273712 -0.000316993 -0.000304516 0.00779381 -0.000172068 0.000142466 -0.00310579 0.000526489 -0.00493883 -0.00317296 -0.00707389 -0.00150681 -0.000514851 -0.00445845 -0.00292977 -0.000351885 -0.00838434 -0.00631674 -0.00743925
internal_weight=3344 765 2579 376 47 2544 2371 249 2122 389 250 100 329 150 173 148 277 139 109 52
internal_count=3344 765 2579 376 47 2544 2371 249 2122 389 250 100 329 150 173 148 277 139 109 52
cat_boundaries=0 2 4
cat_threshold=134218969 147456 3721 108544
is_linear=0
shrinkage=0.04


Tree=174
num_leaves=26
num_cat=8
split_feature=40 20 31 32 31 23 20 29 31 31 39 36 19 20 40 19 26 17 17 28 39 28 10 13 29
split_gain=2.78879 1.86534 2.39493 2.1464 2.9912 1.77249 1.66884 1.66696 1.56806 1.47878 2.12307 1.50853 2.09239 1.43632 1.29354 1.26149 1.20441 1.09532 1.72885 1.32991 0.87816 1.23292 0.851172 0.824891 0.817114
threshold=0.059714795008912663 11.964419220768766 0 1 2 2.1500000000000008 1.6975026422471424 172.92905200000004 3 4 9.5000000000000018 5 0.71074882620445001 13.538291268527022 0.078461538461538485 8.1560896107529501 306.43956781910981 2.1500000000000008 1.1000000000000003 -43.613856999999996 30.100000000000005 -43.607642999999996 6 7 171.25306740000005
decision_type=2 10 9 9 9 2 10 2 9 9 10 1 10 10 2 8 10 10 8 2 8 2 1 1 2
left_child=1 3 20 8 7 -4 -6 -5 22 11 23 14 -13 -7 -2 -10 -14 18 -12 -19 21 -3 -1 -11 -16
right_child=9 2 5 4 6 13 -8 -9 15 10 17 12 16 -15 24 -17 -18 19 -20 -21 -22 -23 -24 -25 -26
leaf_value=-0.00688395745371281 -0.027452513590497479 0.039525202921762315 -0.053776914988302525 -0.0033042658374219515 -0.00077939270940287743 -0.0090399850482603666 0.0011170263198749097 0.00066396052967863993 0.00064952175771724183 0.037059683002512112 -0.016687008334832429 0.35640305105828934 0.00055718149469093699 -0.0036829497383300235 0.032889671846091061 0.0015659576530865494 -0.023191865371729178 0.42675320463866884 -0.17987735932765639 -0.5306778493443326 0.10186410668558747 -0.007979119818908878 -0.00020000548111731575 -0.0025693034374313049 -0.057926815935457586
leaf_weight=44 22 53 22 341 225 68 381 143 568 23 313 28 245 192 28 315 23 48 34 27 31 34 72 22 51
leaf_count=44 22 53 22 341 225 68 381 143 568 23 313 28 245 192 28 315 23 48 34 27 31 34 72 22 51
internal_value=-0.00076852 -8.75326e-05 -0.00258531 0.000391294 -0.000833409 -0.00449063 0.0010332 -0.0031443 0.00171994 -0.00272444 -0.00421735 -0.000827417 0.000643902 -0.00366348 -0.00478222 0.00230073 -0.000437848 -0.00519008 -0.00613486 -0.00075817 0.00214672 0.00020339 -0.00249412 0.00382796 -0.00270807
internal_weight=3353 2489 400 2089 1090 282 606 484 999 864 467 397 296 260 101 883 268 422 347 75 118 87 116 45 79
internal_count=3353 2489 400 2089 1090 282 606 484 999 864 467 397 296 260 101 883 268 422 347 75 118 87 116 45 79
cat_boundaries=0 2 3 5 7 9 10 11 12
cat_threshold=258 24576 25 1422 45568 33 131072 134219209 147456 12 2 4
is_linear=0
shrinkage=0.04


Tree=175
num_leaves=21
num_cat=2
split_feature=31 20 26 20 27 27 6 26 22 7 27 24 24 31 3 8 24 29 26 20
split_gain=1.99448 1.71661 1.68429 1.26377 2.11725 1.7847 1.93293 1.38861 1.37462 1.22407 2.64745 2.18661 1.96549 1.90204 1.2971 1.01652 0.90273 0.800708 0.634573 0.346517
threshold=0 0.88992920194353597 15.556632292772749 12.440156922665135 205.50000000000003 211.00000000000003 2.3000000000000003 51.397649250535103 -2.7499999999999996 1.3500000000000003 155.00000000000003 161.61889124467777 249.40972108294696 1 0.15000000000000005 4.7000000000000002 323.56071401910634 172.94631450000003 100.13538356916827 16.851610881168273
decision_type=9 8 8 10 2 2 10 8 2 10 2 10 10 9 10 10 10 2 10 10
left_child=2 15 -1 4 8 6 -5 -6 -3 10 11 -4 13 -11 -14 17 -12 18 -2 -7
right_child=1 3 9 5 7 19 -8 -9 -10 12 16 -13 14 -15 -16 -17 -18 -19 -20 -21
leaf_value=-0.021642405266479373 -0.0039261913654712547 -0.0046170918046243162 0.00061764035831572532 0.00053489423490329815 -0.0033223927250719855 -0.015250800487907518 -0.74283644819004024 0.0015317167279580701 -0.0014822410890842619 0.0041085102512685625 0.00088933580114634479 -0.0065572097327940074 -0.00089004788012273298 -0.021083486224207634 2.7661958399394528 -0.11021221291712294 0.0045010809377981787 0.0035201778712648491 -0.0047041274548123724 -0.019119674661210857
leaf_weight=30 25 39 295 145 96 32 43 460 765 141 600 185 48 223 34 33 20 32 30 20
leaf_count=30 25 39 295 145 96 32 43 460 765 141 600 185 48 223 34 33 20 32 30 20
internal_value=-0.000702957 -0.00163904 0.000326299 -0.00129753 -0.000821153 -0.00396687 -0.00210026 0.00107265 -0.00213284 0.00051567 0.00123286 -0.000992731 -0.00124693 -0.00251163 0.00428743 -0.00623868 0.00295736 -0.00381921 -0.00669027 -0.0104299
internal_weight=3296 1720 1576 1600 1360 240 188 556 804 1546 1100 480 446 364 82 120 620 87 55 52
internal_count=3296 1720 1576 1600 1360 240 188 556 804 1546 1100 480 446 364 82 120 620 87 55 52
cat_boundaries=0 2 4
cat_threshold=136314955 385024 134217792 24576
is_linear=0
shrinkage=0.04


Tree=176
num_leaves=23
num_cat=2
split_feature=40 22 24 17 23 21 22 30 22 21 21 22 7 30 21 5 3 24 23 4 17 27
split_gain=2.78313 1.93702 1.66276 2.23797 3.20892 1.86734 1.4772 1.07505 2.45387 2.28574 2.44536 1.7526 1.6411 1.29057 1.14134 1.09208 1.03127 1.00568 0.985563 0.693422 1.04911 0.224325
threshold=0.059714795008912663 0.65000000000000002 286.6827507203763 0.25000000000000006 2.4500000000000006 14.748127779585916 -0.94999999999999984 0 4.2500000000000009 3.3072031326307845 2.4047568445425349 4.6500000000000012 11.100000000000001 1 13.277439540317134 0.15000000000000005 0.55000000000000016 278.01100759930387 2.6500000000000008 0.35000000000000003 2.9500000000000006 211.00000000000003
decision_type=2 2 10 8 2 8 2 9 2 8 10 2 10 9 10 10 8 10 2 10 10 2
left_child=7 2 3 5 -5 -2 21 8 12 10 18 13 14 -11 -1 -14 19 -12 -9 20 -3 -4
right_child=1 16 6 4 -6 -7 -8 9 -10 11 17 -13 15 -15 -16 -17 -18 -19 -20 -21 -22 -23
leaf_value=-0.00021502278528355846 0.017632532516469474 -0.021002209329269661 -0.023378673650884547 -0.04721585450542868 0.59855446138965784 -0.010543694426149273 0.0044043982720711125 -0.0011856744940053332 -0.013922859058306224 0.00027467082369678767 -0.0069588980014492208 0.15575992288810059 0.036700169914114657 0.0034595808227090253 0.0047548903769736132 -0.2543579131958203 -1.1513686904049723 -0.0017232757333646199 0.035679052657723462 1.4554985793583304 0.15710412572280208 -0.040391636085761053
leaf_weight=735 163 265 20 173 51 82 25 171 31 915 50 35 27 162 149 90 21 24 46 21 24 20
leaf_count=735 163 265 20 173 51 82 25 171 31 915 50 35 27 162 149 90 21 24 46 21 24 20
internal_value=-0.00052037 -0.0024674 -0.00096732 -0.000123273 -0.00300665 0.0025071 -0.00688722 0.000171558 -0.000803067 0.00088936 -0.00224957 0.0017225 -0.000456858 0.00142605 0.000133258 -0.00487764 -0.00486617 -0.00845033 -8.23799e-05 -0.00423114 -0.00474355 -0.0115181
internal_weight=3300 865 534 469 224 245 65 2435 1032 1403 291 1112 1001 1077 884 117 331 74 217 310 289 40
internal_count=3300 865 534 469 224 245 65 2435 1032 1403 291 1112 1001 1077 884 117 331 74 217 310 289 40
cat_boundaries=0 1 2
cat_threshold=1137 2050
is_linear=0
shrinkage=0.04


Tree=177
num_leaves=29
num_cat=10
split_feature=31 25 0 0 34 25 31 22 8 0 32 39 22 31 20 34 25 31 8 21 22 39 22 25 20 39 8 25
split_gain=2.16585 2.32587 2.88056 2.55241 2.35541 2.38255 2.3221 2.70084 2.15822 2.02993 2.07203 2.12683 1.91562 1.91567 1.90519 1.88199 1.61174 1.34704 1.31428 1.20972 1.17871 1.03164 1.05019 0.93939 0.854748 0.819993 0.666781 0.490692
threshold=0 201.25286805112134 1 2 3 242.07617762620859 4 0.95000000000000007 19.550000000000004 5 6 5.5000000000000009 1.3500000000000003 7 4.1646098605192696 8 79.621440000625839 9 0.25000000000000006 1.1404562819978523 2.5500000000000003 18.500000000000004 0.45000000000000007 72.241293165494156 0.86681502066707361 139.30000000000004 28.850000000000005 70.724914716679464
decision_type=9 8 1 1 9 10 9 2 8 1 9 10 2 9 8 9 10 9 10 8 2 10 2 10 10 10 10 10
left_child=1 2 15 6 14 -6 7 -3 9 10 23 -12 13 -4 -5 16 -1 18 -11 -19 -8 22 26 -2 -17 -23 -10 -14
right_child=8 3 12 4 5 -7 20 -9 21 17 11 -13 27 -15 -16 24 -18 19 -20 -21 -22 25 -24 -25 -26 -27 -28 -29
leaf_value=-0.00096603535339603755 -0.0010999413618247901 -0.011041047557886881 -0.0040868038914259235 -0.014357706924028336 -0.00052790145013272395 0.0049012116435258333 0.0010771665964465881 -0.0012381997890924268 -0.087619716942301015 0.0051409543930246923 0.0031109972542291155 -0.0034679387822968265 -0.005704700872277613 0.00096575370626240443 -0.0057696585251371599 0.085725742493038548 0.011197537911224575 -0.014197856240462131 -0.0018086106413508318 -0.0011786036434488522 -0.0086614002925425732 -0.50750281154677856 -0.17342717707901273 -0.0047270114026500207 0.0032239559955622179 -0.24738305141929171 0.029467939036823553 -0.018744600905918958
leaf_weight=93 95 130 123 41 207 225 159 79 21 113 40 130 25 259 74 24 54 31 145 573 40 43 25 204 290 20 20 27
leaf_count=93 95 130 123 41 207 225 159 79 21 113 40 130 25 259 74 24 54 31 145 573 40 43 25 204 290 20 20 27
internal_value=-0.00111067 -0.000192318 0.00126938 -0.00156613 0.00024709 0.00161894 -0.00390465 -0.00679365 -0.00225484 -0.00178462 -0.00386681 -0.000209366 -0.00107295 -9.90874e-05 -0.00456917 0.00342434 -0.000365931 -0.000593017 0.00177365 -0.00162145 -0.000655582 -0.00718774 -0.00352593 -0.00585507 0.00515515 -0.0108217 0.000423529 -0.00818692
internal_weight=3310 1850 895 955 547 432 408 209 1460 1331 469 170 434 382 115 461 147 862 258 604 199 129 66 299 314 63 41 52
internal_count=3310 1850 895 955 547 432 408 209 1460 1331 469 170 434 382 115 461 147 862 258 604 199 129 66 299 314 63 41 52
cat_boundaries=0 2 3 4 5 7 8 9 11 12 14
cat_threshold=142626371 256000 1141444 1886228 152 65 174080 198476 11 64 40960 4640 40 262144
is_linear=0
shrinkage=0.04


Tree=178
num_leaves=19
num_cat=2
split_feature=19 39 5 20 34 22 18 5 6 38 20 26 8 22 25 21 21 39
split_gain=1.41091 2.28776 2.75394 2.42058 2.82481 1.99567 1.85076 1.3356 1.71842 1.37502 1.33411 1.05852 0.989139 0.918218 0.896809 1.10983 1.09963 0.174483
threshold=5.3345418432807774 72.800000000000026 5.1000000000000005 3.4847540931823091 0 5.4500000000000011 13.500000000000002 14.900000000000002 13.500000000000002 1 21.873548283877341 108.47826979975814 17.200000000000003 -1.2499999999999998 79.621440000625839 1.1649164715282392 4.0204616132450495 17.300000000000001
decision_type=10 10 10 8 9 2 10 10 10 1 10 8 8 2 8 8 10 10
left_child=1 2 3 4 -1 -5 14 8 9 10 -2 -4 -11 -13 16 -16 -3 -10
right_child=7 6 11 5 -6 -7 -8 -9 17 12 -12 13 -14 -15 15 -17 -18 -19
leaf_value=-0.0016713301990818152 -0.00019405923407301629 -0.0054877025153439972 -0.00017403078163589215 0.00088641242758210833 0.001378525465197491 -0.0076250653527247889 0.5204940225448168 9.8957535513815511 -1.1107626845396035 -0.0026701565598361656 -0.46298468689581923 -0.13936906453583392 -0.20824986773755005 -1.1613236615711744 -0.046820160673369811 -0.0060447880628461447 -0.031557389619434349 -0.82293277821055744
leaf_weight=487 617 37 24 901 244 26 38 34 20 468 35 22 28 32 21 235 43 25
leaf_count=487 617 37 24 901 244 26 38 34 20 468 35 22 28 32 21 235 43 25
internal_value=-0.000987869 -0.000358987 0.000252086 0.000601386 -0.00111672 0.001958 -0.00319041 -0.00206593 -0.00229217 -0.00198173 -0.000720422 -0.00701887 -0.00354286 -0.0100541 -0.00414222 -0.00294369 -0.00782822 -0.00984946
internal_weight=3337 2110 1736 1658 731 927 374 1227 1193 1148 652 78 496 54 336 256 80 45
internal_count=3337 2110 1736 1658 731 927 374 1227 1193 1148 652 78 496 54 336 256 80 45
cat_boundaries=0 1 2
cat_threshold=2800 1
is_linear=0
shrinkage=0.04


Tree=179
num_leaves=28
num_cat=7
split_feature=40 31 4 31 26 14 19 0 21 20 21 21 7 0 24 20 26 31 34 20 7 24 20 26 8 8 8
split_gain=2.78808 2.87201 2.02076 1.91485 3.04266 2.43075 1.75755 1.7146 1.64975 1.59236 1.53824 2.07347 1.2983 2.3519 2.32857 1.91592 2.75181 2.12728 1.74763 1.18031 1.02634 0.844309 0.8268 0.817069 0.531245 0.48483 0.0394505
threshold=0.10620300751879701 0 1.7500000000000002 1 135.73481886430176 2 11.828498563109125 3 10.828847166733508 1.4085142210136228 14.095563579276934 8.2862336534918537 3.1500000000000008 4 265.63673627896907 0.83398017730172136 95.141080710603873 5 6 1.4226687424038029 0.8500000000000002 80.807638096039753 2.7568801952838986 245.72408067788311 1.5000000000000002 1.5000000000000002 1.0000000180025095e-35
decision_type=2 9 10 9 10 1 10 1 8 10 8 10 10 1 10 8 10 9 9 10 8 10 10 10 10 10 10
left_child=3 7 8 4 5 26 -7 10 9 -3 11 -2 15 14 -14 16 -5 -17 -15 25 -10 -21 -6 -24 -12 -9 -1
right_child=1 2 -4 12 22 6 -8 19 20 -11 24 -13 13 18 -16 17 -18 -19 -20 21 -22 -23 23 -25 -26 -27 -28
leaf_value=-0.002504838162583596 0.15420341482982838 0.00011310726034253094 6.4932164244703374 -0.0054608154935269224 -0.012501309254049726 0.0014419072412294653 -0.0089013026210938238 -0.026417797377927883 -0.011493060295612629 -0.09067154853667532 -0.025883389933937941 0.75848157145435557 -0.046834130411820815 0.1153625265135327 0.17310490559568506 -3.2755831827309122e-05 0.00021257578118836663 0.00097349870294731748 -0.0051317920660053492 -0.025503178297976065 -0.096065062253993791 0.01216532747707726 -0.069238118768882626 -0.0018712004576377872 0.034295625496550172 -0.14164245874546288 -0.0017398044127208045
leaf_weight=26 38 20 22 51 36 111 20 23 92 111 21 23 210 119 31 1001 94 763 224 20 27 66 41 62 23 20 22
leaf_count=26 38 20 22 51 36 111 20 23 92 111 21 23 210 119 31 1001 94 763 224 20 27 66 41 62 23 20 22
internal_value=-0.000656321 -0.00338522 -0.00605996 -0.000162844 -0.00302883 0.00032133 0.00315472 0 -0.00730815 -0.0104 0.00358798 0.007968 0.000214813 -0.00143126 -0.00434851 0.000721277 -0.00367235 0.00108638 0.000727786 -0.00297509 -0.00380083 -0.000434286 -0.00753025 -0.0055311 -0.00171429 -0.00849438 -0.00723232
internal_weight=3317 506 272 2811 318 179 131 234 250 131 105 61 2493 584 241 1909 145 1764 343 129 119 86 139 103 44 43 48
internal_count=3317 506 272 2811 318 179 131 234 250 131 105 61 2493 584 241 1909 145 1764 343 129 119 86 139 103 44 43 48
cat_boundaries=0 2 4 5 6 7 9 10
cat_threshold=1479 131072 67125632 512 1 140310 354573 3190 143360 896
is_linear=0
shrinkage=0.04


Tree=180
num_leaves=21
num_cat=7
split_feature=40 31 0 25 39 0 21 19 3 0 0 17 26 39 12 32 26 25 0 39
split_gain=2.48721 1.78542 1.8567 1.76277 2.71524 2.6796 1.69269 2.84564 1.59381 1.66069 1.40429 2.12002 1.1367 1.55297 1.2279 1.12519 2.22316 2.08728 1.04456 1.00942
threshold=0.11882352941176472 0 1 154.03929032903781 5.5000000000000009 2 20.706242063542764 14.461660604642693 2.7000000000000006 3 4 1.1000000000000003 71.5397506288556 10.100000000000001 6.5000000000000009 5 282.45625935804134 278.5945614262655 6 802.25000000000011
decision_type=2 9 1 10 8 1 10 10 10 1 1 8 10 10 2 9 8 8 1 10
left_child=1 2 15 4 18 -6 7 10 9 -5 11 -2 14 -14 -4 17 -17 -1 -3 -12
right_child=6 3 12 8 5 -7 -8 -9 -10 -11 19 -13 13 -15 -16 16 -18 -19 -20 -21
leaf_value=-0.00099249995137256513 0.21701620908201602 -0.0014879133797000854 -0.00092323779142178708 0.00028178767444266841 -0.0024237744598873869 0.0011837050615545409 0.47641181441369518 -0.12807181322158875 23.308186817638276 -0.0050224827269091856 -0.028244207541155024 -0.2505718920916552 -0.0011166810966829744 0.030158859559205029 -0.017792098515848079 0.0066255031080958739 -0.0038515930405656818 0.0034099054710838672 -0.00093660396058197653 0.37874994617766744
leaf_weight=137 76 104 204 212 250 639 20 39 28 600 240 35 147 146 24 164 42 57 129 20
leaf_count=137 76 104 204 212 250 639 20 39 28 600 240 35 147 146 24 164 42 57 129 20
internal_value=-0.000777795 -0.000352921 0.00109169 -0.00103268 0 0.00100842 -0.00361066 -0.00417497 -0.00242187 -0.00275108 -0.00305503 0.0008 -0.000484507 0.00114771 -0.00260566 0.00310571 0.00514023 0.000768856 -0.00382942 -0.00455985
internal_weight=3313 2883 921 1962 1122 889 430 410 840 812 371 111 521 293 228 400 206 194 233 260
internal_count=3313 2883 921 1962 1122 889 430 410 840 812 371 111 521 293 228 400 206 194 233 260
cat_boundaries=0 2 3 4 5 6 7 8
cat_threshold=142606361 305152 76602 1386496 29056 141376 3 541066
is_linear=0
shrinkage=0.04


Tree=181
num_leaves=18
num_cat=3
split_feature=22 40 22 31 26 22 12 17 31 20 39 20 20 5 14 22 20
split_gain=2.62244 2.5652 2.23603 2.2247 1.80866 1.76448 1.50254 1.42026 1.55653 1.9487 1.50604 1.43136 1.45665 1.08946 0.833611 0.743182 0.587789
threshold=5.1500000000000012 0.10172413793103451 0.8500000000000002 0 286.54825442985668 0.35000000000000003 4.5000000000000009 3.2500000000000004 1 0.86681502066707361 23.100000000000005 21.873548283877341 1.1858047309220427 4.7000000000000002 2 1.8500000000000003 10.889618734733427
decision_type=2 2 2 9 10 2 2 10 9 10 10 10 8 10 1 2 8
left_child=1 7 3 4 -3 -5 15 11 10 -10 -9 12 -1 -13 -2 -4 -8
right_child=14 2 6 5 -6 -7 16 8 9 -11 -12 13 -14 -15 -16 -17 -18
leaf_value=-0.0014549997883498379 -0.018777578401903874 0.21683407886546008 0.0059516711324313224 -0.033722417098815537 -0.080989283109048474 0.097482580470868496 -0.044153435316355218 -0.0164639111067965 0.10455305876696112 -0.17918493580054162 0.27781275700357755 -0.7062154533749796 0.00021531807004681268 0.6714822533167194 -0.0074751466384571155 -0.057091544836939255 -0.064330034044230613
leaf_weight=265 30 97 21 193 20 32 77 66 28 143 34 24 2176 20 22 35 48
leaf_count=265 30 97 21 193 20 32 77 66 28 143 34 24 2176 20 22 35 48
internal_value=-0.000893623 -0.000749276 -0.00331363 -0.00139156 0.00294163 -0.00362791 -0.00689315 -0.000260381 -0.00300183 -0.00513973 0.0010583 3.94128e-05 0.000171136 -0.00698901 -0.00968224 -0.00135652 -0.00931225
internal_weight=3331 3279 523 342 117 225 181 2756 271 171 100 2485 2441 44 52 56 125
internal_count=3331 3279 523 342 117 225 181 2756 271 171 100 2485 2441 44 52 56 125
cat_boundaries=0 2 4 5
cat_threshold=421 65536 8388932 172032 1
is_linear=0
shrinkage=0.04


Tree=182
num_leaves=26
num_cat=4
split_feature=40 6 31 39 31 21 32 31 39 21 5 27 22 26 17 25 28 21 27 39 29 22 26 3 25
split_gain=2.45633 1.94644 2.86749 2.18605 1.52491 1.56489 1.63922 1.41176 1.98782 1.98392 1.80678 2.39047 1.43427 1.50366 1.44491 1.36246 1.59815 1.2283 1.06714 1.5538 1.03808 1.02081 0.964109 0.916094 0.888395
threshold=0.039230769230769243 5.1000000000000005 0 5.5000000000000009 1 1.0334565736429178 2 3 10.100000000000001 20.706242063542764 0.8500000000000002 186.50000000000003 -0.34999999999999992 263.37078982561098 2.7500000000000004 235.87210661535329 -43.569017644999995 9.6638852375000024 120.00000000000001 14.100000000000001 172.91351650000004 -1.7499999999999998 97.112219996412421 0.25000000000000006 244.69105479837694
decision_type=2 10 9 10 9 8 9 9 10 10 8 2 2 8 10 8 2 8 2 10 2 2 8 10 8
left_child=1 4 3 -3 15 20 -7 9 17 10 21 -12 13 -10 -14 16 -1 -9 19 -4 -6 -2 -5 -20 -17
right_child=7 2 18 22 5 6 -8 8 12 -11 11 -13 14 -15 -16 24 -18 -19 23 -21 -22 -23 -24 -25 -26
leaf_value=-0.00034848976135506862 0.059923372418307468 -0.1185077749120009 -0.13357109350930338 -0.018783541140652317 -0.0053558315125478376 0.00016889972415661702 0.0028153671213201471 0.026174179691906618 -0.022477080293128431 9.7868512472863056 -1.4873550913630038 0.37912744948517912 -0.017978522638276786 -0.051242101369423844 0.32800950201221751 -0.0082868220085548921 0.0033643107558473774 -0.0057667938205928767 -0.094153255780155834 0.56895025793285026 -0.0009914077739040651 -0.0066069560931558517 2.6484610890786873 -2.0618523639861883 -0.0018207311656301783
leaf_weight=430 35 38 24 25 25 1054 250 27 138 20 27 20 228 55 52 32 35 20 60 24 33 278 48 36 275
leaf_count=430 35 38 24 25 25 1054 250 27 138 20 27 20 228 55 52 32 35 20 60 24 33 278 48 36 275
internal_value=-0.000880717 -0.000208325 -0.00350097 0.00145306 0.000186373 0.000988715 0.00128533 -0.00266001 -0.00398495 -0.000710089 -0.00143292 -0.00861856 -0.00484299 -0.00749614 -0.00297691 -0.00122272 0.00012433 0.0036701 -0.00693248 -0.00238384 -0.00534454 -0.000311606 0.00561074 -0.00982564 -0.00329984
internal_weight=3289 2389 255 111 2134 1362 1304 900 520 380 360 47 473 193 280 772 465 47 144 48 58 313 73 96 307
internal_count=3289 2389 255 111 2134 1362 1304 900 520 380 360 47 473 193 280 772 465 47 144 48 58 313 73 96 307
cat_boundaries=0 2 4 5 7
cat_threshold=68 167936 3424 180224 7 201344341 16384
is_linear=0
shrinkage=0.04


Tree=183
num_leaves=26
num_cat=4
split_feature=31 27 39 3 21 34 24 22 11 21 5 5 39 29 21 39 23 29 27 21 21 12 31 26 21
split_gain=1.62294 2.1085 1.49127 1.89856 1.60618 1.48042 1.98069 1.72294 1.5152 1.46033 1.72635 1.66913 1.25746 2.60924 1.47198 1.21816 1.29852 1.20242 1.48379 0.985482 0.945758 1.67058 1.17991 0.832051 0.327659
threshold=0 238.00000000000003 56.900000000000006 1.2500000000000002 1.2132146524079572 1 77.67824483377602 -1.0499999999999998 2 19.151275607696142 2.1000000000000005 5.6500000000000012 11.100000000000001 172.94631450000003 0.89222942072101685 10.100000000000001 2.3500000000000001 172.95871750000001 36.000000000000007 3.2306339279670557 5.7340871129487772 6.5000000000000009 3 204.40443111706793 4.0967179832765046
decision_type=9 2 10 10 8 9 10 2 1 10 10 8 10 2 10 8 2 2 2 10 8 2 9 10 10
left_child=1 5 4 20 12 6 8 -8 -1 11 -11 -6 13 -2 -14 16 -3 18 -7 -17 21 -4 -22 -21 -19
right_child=2 15 3 -5 9 17 7 -9 -10 10 -12 -13 14 -15 -16 19 -18 24 -20 23 22 -23 -24 -25 -26
leaf_value=0.0062818704142723197 -0.004278587874670379 0.0020751762722871804 -0.012970671817329773 4.3353175386275806 -0.0001007260612956884 -0.017154326189220585 -0.0026684875956203059 0.0024288325147573888 0.0018337843036216306 -0.053697731155982281 2.4532184187867747 -1.1017786943458006 -0.0070897465190900098 0.015999353660584179 -0.054263816923462653 0.0041147492127864638 -0.0047261174852792466 -0.010195007609587706 -8.2672665173788579e-05 0.17590537215473467 0.0013488470682537469 -0.062608894260315254 -0.024470866792877324 0.010139730349059448 -0.015397999256980963
leaf_weight=20 49 29 126 27 1362 133 70 179 134 75 32 81 30 27 24 39 29 31 409 26 111 65 135 25 24
leaf_count=20 49 29 126 27 1362 133 70 179 134 75 32 81 30 27 24 39 29 31 409 26 111 65 135 25 24
internal_value=-0.00111675 0.000101768 -0.001762 -0.00377658 -0.00121201 -0.000557164 0.00129795 -0.000870259 0.0048746 -0.0008495 -0.00532719 -0.000510903 -0.00546008 -0.00203871 -0.0100541 0.00453512 0 -0.00180444 -0.00124747 0.00740984 -0.00441961 -0.00653506 -0.00273939 0.0110095 -0.00739823
internal_weight=3292 1148 2144 464 1680 1000 403 249 154 1550 107 1443 130 76 54 148 58 597 542 90 437 191 246 51 55
internal_count=3292 1148 2144 464 1680 1000 403 249 154 1550 107 1443 130 76 54 148 58 597 542 90 437 191 246 51 55
cat_boundaries=0 2 3 4 6
cat_threshold=402653379 142336 30224 4 1300 32768
is_linear=0
shrinkage=0.04


Tree=184
num_leaves=20
num_cat=1
split_feature=40 17 39 17 22 25 35 31 7 28 25 25 22 26 23 35 22 18 19
split_gain=1.88087 2.01709 1.79055 2.25404 1.37568 1.42345 2.23081 1.66771 1.29116 0.985776 1.00114 0.720417 1.55508 1.12774 0.931223 0.739831 0.714548 0.842505 0.625065
threshold=0.11882352941176472 2.2500000000000004 15.225000000000001 8.4000000000000004 5.4500000000000011 131.13548587669177 1.0000000180025095e-35 0 10.050000000000002 -43.606478999999993 241.02318580005678 273.61522147647582 1.8500000000000003 279.43580257866353 2.1500000000000008 1.0000000180025095e-35 -1.8499999999999999 8.5000000000000018 6.7654556476655294
decision_type=2 10 10 10 2 10 2 9 10 2 8 8 2 8 2 2 2 10 10
left_child=1 4 3 8 5 6 -1 -7 -3 11 18 12 14 -13 -2 -15 -4 -18 -11
right_child=9 2 16 -5 -6 7 -8 -9 -10 10 -12 13 -14 15 -16 -17 17 -19 -20
leaf_value=5.4705781033206336e-05 0.0053697851528410646 -0.01537886416207618 -0.037966143900093105 0.55919628964993995 -0.0085781072283921487 -0.0023945973627245466 0.0015983041215775985 0.00021151459455003518 -0.17258141543713051 0.0023353563531122033 -0.12046288147429035 0.62813885649835255 -0.06370883451960177 0.0006405753921161051 -0.024781431037388869 -0.064330533763695755 -0.021072689221582834 0.1165041799519506 -0.043321815954835613
leaf_weight=1139 32 78 29 35 29 426 302 602 115 23 24 26 22 73 180 29 49 120 22
leaf_count=1139 32 78 29 35 29 426 302 602 115 23 24 26 22 73 180 29 49 120 22
internal_value=-0.000815731 -0.000450521 -0.00298947 -0.00539434 -1.5203e-05 8.82412e-05 0.000899827 -0.00104711 -0.00708483 -0.00327861 -0.00763121 -0.00241541 -0.00372824 0 -0.00261358 -0.00191304 -0.000190476 0.000809384 -0.00382796
internal_weight=3355 2924 426 228 2498 2469 1441 1028 193 431 69 362 234 128 212 102 198 169 45
internal_count=3355 2924 426 228 2498 2469 1441 1028 193 431 69 362 234 128 212 102 198 169 45
cat_boundaries=0 2
cat_threshold=3238 460800
is_linear=0
shrinkage=0.04


Tree=185
num_leaves=25
num_cat=4
split_feature=40 0 34 22 17 20 0 7 29 22 29 8 32 25 20 26 26 22 22 18 22 20 25 21
split_gain=2.66555 1.79471 2.53371 2.16173 1.82888 1.68991 1.51769 1.79046 1.42925 1.77711 1.32527 1.29736 1.26195 2.58357 2.12725 1.03622 1.439 1.01443 0.717446 0.581912 0.563271 0.515261 0.34523 0.0839535
threshold=0.10620300751879701 0 1 3.7500000000000004 4.1000000000000005 0.80201929496987345 2 1.0500000000000003 171.25306740000005 -0.34999999999999992 172.96692750000003 1.9000000000000001 3 87.810887783313959 13.884378120858981 345.51503252150559 330.45321897507739 -1.1499999999999997 -1.1499999999999997 1.5000000000000002 0.45000000000000007 3.8692775732030573 213.69522760900705 4.7307516743599107
decision_type=2 1 9 2 10 8 1 8 2 2 2 10 9 8 10 10 10 2 2 10 2 10 10 10
left_child=1 2 3 4 -1 18 11 10 -9 -10 17 20 14 -14 -4 16 -7 -8 -3 -20 23 -17 -13 -2
right_child=6 5 12 -5 -6 15 7 8 9 -11 -12 22 13 -15 -16 21 -18 -19 19 -21 -22 -23 -24 -25
leaf_value=0.0017858452089711818 -0.011771164246681351 0.00070401427626283215 0.0012831818056098143 0.68427064450998931 -0.067227641476723082 -0.00051203602401454166 -0.016844897147977173 0.13224471489012438 -0.17082483021498809 -0.09564810371507633 -0.060815454695105339 0.045342887762173233 0.0029070010032142511 -0.0060444251663187036 -0.016064942705090318 0.0017631857530916407 -0.0058201619169672191 0.0015821131064175731 -0.004109632590924903 -0.01370004093100146 -0.058493332168007443 0.0030546249541999158 1.071621706266966 0.080268601076408597
leaf_weight=425 20 21 349 22 39 1359 50 20 61 63 27 22 144 239 66 21 20 170 59 30 21 21 29 20
leaf_count=425 20 21 349 22 39 1359 50 20 61 63 27 22 144 239 66 21 20 170 59 30 21 21 29 20
internal_value=-0.000529598 -4.8997e-05 0.00104824 0.00329246 0.00274544 -0.000971151 -0.00320714 -0.00431801 -0.00795876 -0.00954582 -0.00232596 0.000955466 -0.000343422 -0.00197212 0.00116764 -0.000603163 -0.000795364 -0.00125508 -0.00572197 -0.00727072 -0.002848 0.00547126 0.00567619 0
internal_weight=3318 2815 1284 486 464 1531 503 391 144 124 247 112 798 383 415 1421 1379 220 110 89 61 42 51 40
internal_count=3318 2815 1284 486 464 1531 503 391 144 124 247 112 798 383 415 1421 1379 220 110 89 61 42 51 40
cat_boundaries=0 1 2 3 4
cat_threshold=581757 17296 132097 3
is_linear=0
shrinkage=0.04


Tree=186
num_leaves=28
num_cat=9
split_feature=40 34 0 31 25 25 0 0 19 21 31 19 19 6 19 22 25 31 0 25 11 25 39 19 39 39 27
split_gain=3.46754 1.90447 3.57096 1.44648 2.62781 2.03381 1.77522 1.64012 1.3899 1.29798 1.94947 1.30102 1.21368 1.99439 1.4482 1.32935 1.33887 1.06778 1.4362 1.26164 1.04545 1.00424 1.78843 0.968496 0.914872 0.837981 0.529469
threshold=0.10620300751879701 0 1 2 29.618871608446401 55.661911468358575 3 4 6.1844206768225822 5.5702918975190219 5 2.5858827443832983 14.291020255036241 0.95000000000000007 12.2604094960839 1.0500000000000003 87.810887783313959 6 7 180.16788971770686 8 218.4892895874772 55.300000000000004 2.0049903508955405 46.300000000000004 19.450000000000003 211.00000000000003
decision_type=2 9 1 9 8 8 1 1 10 10 9 10 8 10 10 2 10 9 1 8 1 10 10 10 10 10 2
left_child=1 2 21 4 25 8 -7 -6 -5 10 23 20 13 14 -11 16 -14 19 -19 -4 -12 22 -1 26 -23 -3 -2
right_child=9 3 17 5 7 6 -8 -9 -10 12 11 -13 15 -15 -16 -17 -18 18 -20 -21 -22 24 -24 -25 -26 -27 -28
leaf_value=-0.0022590791544241286 -0.0025957916666248695 -0.0010000821353375144 1.5653291658992429e-05 0.0011037640426108553 -0.0004915545830539614 0.0012224580614618574 -0.0022243484460611643 0.0016460533487524388 0.10241642398527995 -0.0013833387842988466 -0.024967502154159753 -0.10266363588664763 -0.1057295487605792 -0.17391802234187936 1.3005950087000386 -0.18971246971328851 0.01066467239686947 -0.0019849569342424191 0.0013207503605380212 -0.016044791727992662 -0.059400935149362726 -0.018135699216088954 -0.052600081924511301 -0.10162128305021803 -0.014780324271796151 -0.015261096451354188 0.13450198008177186
leaf_weight=124 43 35 59 119 365 243 556 777 20 142 69 32 22 39 23 20 32 102 259 49 32 70 20 34 20 24 26
leaf_count=124 43 35 59 119 365 243 556 777 20 142 69 32 22 39 23 20 32 102 259 49 32 70 20 34 20 24 26
internal_value=-0.000857185 -0.000308774 -0.00209657 0.000287375 0.00120247 -0.00088257 -0.00167146 0.00164233 0.00354448 -0.00387585 -0.00605474 -0.0089827 -0.00199642 -0.000379562 0.00154955 -0.00633113 -0.00284685 -3.7461e-05 0.00101477 -0.00333054 -0.0072 -0.00602037 -0.00410997 -0.00120524 -0.00959563 -0.00690909 0.00139007
internal_weight=3356 2842 703 2139 1201 938 799 1142 139 514 236 133 278 204 165 74 54 469 361 108 101 234 144 103 90 59 69
internal_count=3356 2842 703 2139 1201 938 799 1142 139 514 236 133 278 204 165 74 54 469 361 108 101 234 144 103 90 59 69
cat_boundaries=0 1 2 4 5 6 8 10 11 12
cat_threshold=34892 1508388 134218714 173056 144832 62336 325 212992 393 131072 524817 2
is_linear=0
shrinkage=0.04


Tree=187
num_leaves=30
num_cat=7
split_feature=0 31 26 31 24 24 19 0 31 19 31 26 0 26 21 8 27 12 21 23 21 21 21 24 21 25 26 8 8
split_gain=2.23741 2.55047 3.01768 1.93074 1.71043 2.42376 1.60732 1.54306 2.06175 1.52242 1.48472 2.04134 1.40015 2.06382 2.92868 1.47709 2.31993 1.30921 1.28838 1.28084 1.65912 1.12789 1.10108 1.08611 1.07079 1.05138 1.04186 0.996309 0.98975
threshold=0 1 283.18809097709305 2 102.61477775679172 273.38704989326118 2.5858827443832983 3 4 1.1111471212106618 5 256.63889123425457 6 193.80880410255409 3.0921459739342123 12.950000000000001 155.00000000000003 5.5000000000000009 3.3072031326307845 2.5500000000000003 7.1975920866091592 16.379714062475582 1.3522913747293008 311.09361521720865 12.092284898709655 246.40403759167171 74.666414328213435 13.250000000000002 9.8500000000000032
decision_type=1 9 8 9 10 10 8 1 9 8 9 10 1 10 10 10 2 2 10 2 10 10 10 10 10 10 10 10 8
left_child=1 4 19 12 9 17 -7 8 22 -1 18 -12 13 26 -15 23 -17 -6 -9 20 -3 -11 -5 -14 -10 -21 -2 28 -4
right_child=3 2 27 7 5 6 -8 10 24 21 11 -13 15 14 -16 16 -18 -19 -20 25 -22 -23 -24 -25 -26 -27 -28 -29 -30
leaf_value=0.010015725374590119 0.0011141259756367817 0.0048786057012020299 -0.00088766582752608514 -0.0001617671850526392 -0.0055295082042493959 -0.00068065589356990585 0.17863513372595513 -0.011181557312362554 -0.0023464558424044668 0.00018671600550945299 -0.013008249791251671 -0.0020551682516437709 -0.0015068907418974932 0.015437535831766453 -0.004180298395177964 2.1176548438667671 -0.016711948707060068 -0.013851444581675754 0.0010031838798627746 -0.0044413042343975206 0.0035655856458109091 -0.014692015061483179 0.003714336519478998 -0.0061141120473494938 0.0026032343564201632 0.41989657292553079 0.012262636571553678 0.015123431726350507 -0.069027849438008673
leaf_weight=22 159 180 195 33 79 54 28 60 180 333 281 120 364 42 157 25 43 114 184 71 270 56 69 27 20 22 110 30 28
leaf_count=22 159 180 195 33 79 54 28 60 180 333 281 120 364 42 157 25 43 114 184 71 270 56 69 27 20 22 110 30 28
internal_value=-0.000761876 0.000400402 0.00192941 -0.00167489 -0.00137348 -0.0038264 0.00189222 -0.00294001 -0.000503987 0.000237576 -0.00404874 -0.00557091 -0.000360149 0.00116371 -0.00188529 -0.00190861 0.00342446 -0.00626221 -0.00140117 0.00363269 0.00451384 -0.000353393 0.00385903 -0.00289936 -0.00282742 -0.000613757 0.00346765 -0.00164244 -0.00257461
internal_weight=3356 1482 796 1874 686 275 82 947 302 411 645 401 927 468 199 459 68 193 244 543 450 389 102 391 200 93 269 253 223
internal_count=3356 1482 796 1874 686 275 82 947 302 411 645 401 927 468 199 459 68 193 244 543 450 389 102 391 200 93 269 253 223
cat_boundaries=0 1 3 5 6 7 9 10
cat_threshold=272731 8391350 196608 134235190 208896 721408 193 768 49152 1101956
is_linear=0
shrinkage=0.04


Tree=188
num_leaves=27
num_cat=6
split_feature=40 0 31 20 25 31 0 26 31 26 8 20 23 20 20 8 25 25 18 26 22 8 8 0 8 24
split_gain=2.43219 1.98176 2.58289 2.06012 2.01534 1.80664 2.05804 1.80985 1.56335 2.06589 1.39467 1.64764 1.35666 1.29252 1.27616 1.26704 1.42137 1.22204 2.62944 2.02087 1.21428 1.17016 1.15776 0.990806 0.98397 0.831259
threshold=0.046536796536796543 0 1 1.1858047309220427 58.387520964866411 2 3 64.909531791469206 4 239.11913488772049 33.350000000000001 5.918568104811202 2.2500000000000004 0.67065947454723973 0.72278965290048969 0.15000000000000005 72.241293165494156 197.85877989775781 3.5000000000000004 162.2088783409562 0.55000000000000016 0.35000000000000003 0.35000000000000003 5 1.0000000180025095e-35 90.627272483755135
decision_type=2 1 9 8 8 9 1 8 9 10 10 8 2 8 8 8 8 10 10 10 2 10 10 1 10 8
left_child=1 2 15 22 -5 6 7 -2 9 14 11 -8 -11 -7 -3 16 -1 19 -19 -10 -17 -9 -4 24 -15 -25
right_child=5 8 3 4 -6 13 10 21 17 12 -12 -13 -14 23 -16 20 -18 18 -20 -21 -22 -23 -24 25 -26 -27
leaf_value=0.00090240597078343758 1.6111518452758633 -0.0077541672882754046 -0.0053702204213524141 -0.002535544836279584 0.00072523146859200689 0.23474030049481065 -0.018799810156317206 -0.013036804321913493 -1.7972344123151629e-05 0.091148549837428552 0.49163015705195157 -0.00048867745475488888 0.0030475107817932211 0.0027535089867214957 0.00060985229420881023 9.9643896980445846e-05 -0.0082411377250789283 0.00014054372412076078 -0.040137122820304544 0.0062009004976259522 -0.008987133593668482 0.17678419524731673 -0.0029845615352459376 -0.0087968661405867718 -0.012755408138386706 -0.042827755387513183
leaf_weight=20 20 31 33 64 463 20 115 35 567 47 20 120 98 28 420 74 64 229 135 74 81 53 25 161 90 234
leaf_count=20 20 31 33 64 463 20 115 35 567 47 20 120 98 28 420 74 64 229 135 74 81 53 25 161 90 234
internal_value=-0.000848157 -0.000188749 -0.001769 -0.000298407 0.000488174 -0.0026273 -0.000368491 0.004 0.000631318 0.00223539 -0.00231895 -0.00328964 0.00640273 -0.00407346 0.000923757 -0.00518164 -0.00933333 -0.000332514 -0.00218331 0.00071284 -0.00318211 0.00176536 -0.00736134 -0.00454422 -0.000911197 -0.00545633
internal_weight=3321 2425 824 585 527 896 363 108 1601 596 255 235 145 533 451 239 84 1005 364 641 155 88 58 513 118 395
internal_count=3321 2425 824 585 527 896 363 108 1601 596 255 235 145 533 451 239 84 1005 364 641 155 88 58 513 118 395
cat_boundaries=0 1 3 5 6 8 9
cat_threshold=1386000 1796 38912 134218906 196608 568336 3862 34816 1311298
is_linear=0
shrinkage=0.04


Tree=189
num_leaves=22
num_cat=5
split_feature=40 39 20 30 0 34 0 26 8 24 0 19 19 5 39 26 26 8 40 19 20
split_gain=3.21747 1.60386 1.46013 1.75787 1.73198 1.58494 1.71399 1.79758 1.56182 1.35929 1.30597 1.82223 1.63552 1.27631 1.12096 1.10805 1.83929 1.01598 0.955974 0.729271 0.695309
threshold=0.11882352941176472 1097.4500000000003 3.4847540931823091 0 1 2 3 30.243080106833307 13.900000000000002 317.21722106446549 4 1.8575358982411483 5.5983713411094884 6.8500000000000005 12.350000000000001 62.718276471590748 78.693379886960045 8.7000000000000011 0.088932806324110686 0.77268691556758129 7.3754553950807615
decision_type=2 10 8 9 1 9 1 10 10 10 1 8 8 10 10 8 8 10 2 10 10
left_child=2 13 5 4 8 9 14 -8 -4 18 11 -5 -12 15 -7 20 -17 -6 -1 -11 -2
right_child=1 -3 3 10 17 6 7 -9 -10 19 12 -13 -14 -15 -16 16 -18 -19 -20 -21 -22
leaf_value=-0.0020006514688449429 -0.015318797478194987 0.41688987228054863 -0.005623037375811251 0.0027303162433695862 -0.0010136126232385401 0.00014368845851468138 -0.02177218557757719 -0.00020497277909463209 -0.2524648045970293 -0.046340118230869934 0.0019763637839251124 -0.00069512134993944487 0.00018680318622349646 1.9854658415665289 0.10318867326302748 -0.063733287103699118 -0.031047059234560255 0.032455177016830275 0.013442284524616818 -0.0020156066401860072 0.60344270873034211
leaf_weight=409 39 21 76 27 154 67 23 265 29 22 292 656 666 25 45 65 274 64 24 21 20
leaf_count=409 39 21 76 27 154 67 23 265 29 22 292 656 666 25 45 65 274 64 24 21 20
internal_value=-0.00114381 -0.00430527 -0.000646841 -3.96846e-05 -0.0026846 -0.00200342 -9.23451e-05 -0.00172955 -0.00667811 -0.0035241 0.000495008 -0.000832253 0.00144198 -0.00484806 0.00387045 -0.00540175 -0.006279 -0.000514161 -0.00289528 -0.0102921 -0.000297521
internal_weight=3284 444 2840 1964 323 876 400 288 105 476 1641 683 958 423 112 398 339 218 433 43 59
internal_count=3284 444 2840 1964 323 876 400 288 105 476 1641 683 958 423 112 398 339 218 433 43 59
cat_boundaries=0 1 2 3 4 5
cat_threshold=1128 1331760 2288 10624 730313
is_linear=0
shrinkage=0.04


Tree=190
num_leaves=27
num_cat=9
split_feature=0 31 31 26 0 31 5 22 0 39 32 24 17 26 34 39 24 17 9 22 21 5 21 17 35 8
split_gain=2.13517 2.44056 2.3539 2.04097 1.67159 2.01928 1.73808 1.59888 1.44336 1.84602 1.30437 1.82069 2.35431 1.51917 1.1425 2.86849 1.2493 1.13156 1.04088 1.00792 1.00619 0.99881 1.53726 0.946072 1.52694 1.08584
threshold=0 1 2 253.99907367771388 3 4 1.8500000000000003 4.3500000000000005 5 226.90000000000001 6 92.243185864524762 0.25000000000000006 271.90946890986953 7 19.700000000000006 84.73179312291289 0.15000000000000005 8 1.5500000000000003 7.1975920866091592 10.350000000000003 16.911482923675226 1.0000000180025095e-35 1.0000000180025095e-35 0.35000000000000003
decision_type=1 9 9 10 1 9 10 2 1 8 9 10 10 10 9 8 10 10 1 2 10 10 10 10 2 10
left_child=2 3 10 4 6 -6 -2 21 20 -10 11 12 -1 18 15 17 -17 -4 -12 -13 -5 22 -3 24 -16 -25
right_child=1 7 14 8 5 -7 -8 -9 9 -11 13 19 -14 -15 23 16 -18 -19 -20 -21 -22 -23 -24 25 -26 -27
leaf_value=-0.00031763183211754866 -0.00010030920142931166 -0.0028621013214365121 -0.00026066188898496992 -0.053840207378474239 -0.00078908203970648569 0.031603124597758811 -0.28729124245333959 0.43632292964492303 0.0029694605920708738 -0.044752045675123038 -0.0048497403419659694 -0.011775218948083701 0.10035434021563128 0.00056371911989248956 0.0018267049249704392 -0.016481630154799944 -0.007522830579650126 0.0049794455111782203 -0.001256671525420927 0.0015578124082861323 -0.0020097880337929296 11.895876057975936 -0.046999684605091796 -0.0021191451140048301 0.0037441481364045969 0.0026979604873481832
leaf_weight=95 381 903 45 68 226 298 44 25 111 23 98 62 39 24 210 29 29 46 59 31 33 26 88 27 76 249
leaf_count=95 381 903 45 68 226 298 44 25 111 23 98 62 39 24 210 29 29 46 59 31 33 26 88 27 76 249
internal_value=-0.000842074 -0.00155441 0.000582043 -0.000299456 0.000523935 0.00201307 -0.00132417 -0.00295966 -0.00362791 -0.000536082 -0.00180691 0.000243187 0.00323247 -0.00424935 0.00196263 -0.00110903 -0.00803361 0.00322162 -0.00591798 -0.004 -0.00691556 -0.0032381 -0.00344383 0.0027864 0.00444522 0.00114595
internal_weight=3345 2226 1119 1184 949 524 425 1042 235 134 408 227 134 181 711 149 58 91 157 93 101 1017 991 562 286 276
internal_count=3345 2226 1119 1184 949 524 425 1042 235 134 408 227 134 181 711 149 58 91 157 93 101 1017 991 562 286 276
cat_boundaries=0 1 3 5 6 8 9 10 11 12
cat_threshold=330051 411047206 225280 1920 94208 533048 1284 24576 1053720 25 12552 1
is_linear=0
shrinkage=0.04


Tree=191
num_leaves=30
num_cat=10
split_feature=34 31 20 19 0 34 0 31 0 21 18 17 40 17 21 0 34 40 40 20 24 31 21 24 24 21 20 29 12
split_gain=1.76391 2.43526 3.65835 2.38898 2.24036 2.38198 1.88379 1.78903 2.08996 2.08141 2.29157 1.64615 1.55802 1.41852 1.4008 1.31846 1.77304 1.3922 1.29276 1.27345 1.18105 1.47296 1.01551 0.951492 0.770274 0.674772 0.518041 0.457514 0.445047
threshold=0 1 3.4416539309446761 5.3345418432807774 2 3 4 5 6 5.5702918975190219 1.5000000000000002 0.75000000000000011 0.1126984126984127 4.5000000000000009 3.6426287107184536 7 8 0.12310606060606062 0.075498575498575513 5.1558751194687149 68.693674440245317 9 8.3986697850213474 75.125657085000014 171.56236689366514 16.223546911492921 1.8167150068381848 172.75499530000005 5.5000000000000009
decision_type=9 9 8 10 1 9 1 9 1 8 10 10 2 8 8 1 9 2 2 8 10 9 10 8 10 10 10 2 2
left_child=7 2 4 6 11 -6 13 9 12 24 23 -2 27 -3 28 17 -17 -4 -8 -16 25 -22 -12 -11 26 -5 -1 -9 -10
right_child=1 3 15 20 5 -7 18 8 14 10 22 -13 -14 -15 19 16 -18 -19 -20 -21 21 -23 -24 -25 -26 -27 -28 -29 -30
leaf_value=-0.0016943829684039713 -0.0011295131768614653 0.0014492610987754517 0.0029411752912201906 -0.0065487224334338737 -0.0030086551384833093 0.0030856247381532143 -0.00025424166013515048 -0.017739441792893641 0.12462270594669292 0.001033542907716214 0.16349352090792954 -0.03691369372273403 -0.13479801643316705 -0.084992888865046162 -0.022916029685844743 -0.0022031337543559995 0.0012480836620312986 -0.006634271171781521 -0.024582021711108661 0.0011003045810358003 -0.00011591798759706506 -0.012163540867281953 -0.0019912905986558729 -0.013701243167505411 -0.044527736400312996 -1.2601731958916674e-05 -0.0065562448821113867 0.00015271797075783411 0.04366851997831496
leaf_weight=22 96 356 406 78 114 113 535 40 34 26 20 33 20 23 20 130 272 69 113 75 249 277 25 57 45 21 26 48 26
leaf_count=22 96 356 406 78 114 113 535 40 34 26 20 33 20 23 20 130 272 69 113 75 249 277 25 57 45 21 26 48 26
internal_value=-0.000776739 -0.000392888 0.000946565 -0.00139345 -0.00245594 7.54717e-05 -0.000211959 -0.00298285 -0.000648452 -0.0055828 -0.0024556 -0.00639146 -0.00466946 0.00199232 0.00227027 0.00234263 0.000575574 0.0037369 -0.00151327 -0.000601036 -0.00334876 -0.00257441 0.00468817 -0.00636686 -0.0103492 -0.00734328 -0.00642424 -0.00265922 0.00712195
internal_weight=3369 2885 1233 1652 356 227 1027 484 263 221 128 129 108 379 155 877 402 475 648 95 625 526 45 83 93 99 48 88 60
internal_count=3369 2885 1233 1652 356 227 1027 484 263 221 128 129 108 379 155 877 402 475 648 95 625 526 45 83 93 99 48 88 60
cat_boundaries=0 1 3 4 5 6 8 9 10 11 13
cat_threshold=8260 136316370 427008 1098016 2720 43039 918 36864 26805 1148542 5136 67108869 28672
is_linear=0
shrinkage=0.04


Tree=192
num_leaves=28
num_cat=3
split_feature=0 5 19 0 17 39 26 40 3 26 3 34 22 22 39 26 35 7 7 26 7 25 22 40 19 24 22
split_gain=2.12042 2.49098 1.9296 1.79512 2.11105 2.22147 1.58772 1.57971 1.42238 1.22928 1.20837 1.10563 1.67212 1.56675 1.3308 1.28961 1.17909 1.07696 1.03029 0.987239 0.945902 0.903364 0.793556 0.780872 0.571949 0.545946 0.281072
threshold=0 1.3 21.388696812954439 1 1.2500000000000002 15.225000000000001 16.794762392925836 0.085144927536231887 0.15000000000000005 349.58610167540229 0.55000000000000016 2 1.0000000180025095e-35 -1.5499999999999998 5.5000000000000009 205.45701769229089 1.0000000180025095e-35 3.4500000000000006 13.900000000000002 54.103896450681653 9.5000000000000018 120.26350104595552 1.0000000180025095e-35 0.048809523809523817 2.6371731338465376 190.35137198818427 -3.6499999999999999
decision_type=1 8 10 1 8 8 8 2 10 10 10 9 2 2 10 10 2 10 10 10 10 10 2 2 10 10 2
left_child=11 2 6 7 10 -6 24 8 -3 -8 -5 12 15 19 25 20 17 -15 -16 26 -1 -18 -9 -17 -2 -14 -13
right_child=1 3 -4 4 5 -7 9 22 -10 -11 -12 13 14 16 18 23 21 -19 -20 -21 -22 -23 -24 -25 -26 -27 -28
leaf_value=0.0042742261637961042 -0.019061012516689822 -0.046677975539486417 -0.98995256801216391 0.35561552290921244 -0.53748014570807034 -0.12996963337520398 0.00020091455782273116 0.34743129876751255 2.9060974691339805 0.0054910784658172675 -0.089870725835017956 -0.0024596898226051244 -0.0008216528264584611 -0.0039150414888948857 -0.0046627169388006352 0.0002228737555653737 0.13436755779763032 0.0062316707098234404 1.6256948318129094 -0.047136364740578925 -0.27150022709046739 -0.0012911166655477579 -1.6683156975588775 -0.02573181053405282 -0.0030798520424215425 -0.015425862494229144 -0.0064184910435372269
leaf_weight=106 27 23 21 23 72 65 1980 20 50 29 27 24 21 264 133 50 44 77 21 36 22 36 20 32 22 23 24
leaf_count=106 27 23 21 23 72 65 1980 20 50 29 27 24 21 264 133 50 44 77 21 36 22 36 20 32 22 23 24
internal_value=-0.000946713 -0.000308722 0.000181687 -0.00370813 -0.00593451 -0.00879422 0.000309784 0.000465863 0.004 0.000486446 0.000737864 -0.0025722 -0.000948749 -0.00382962 -0.003599 0.00150355 -0.00288284 -0.00390657 -0.00178778 -0.0088655 0.004 0.00144785 -0.00573494 -0.00237126 -0.00669307 -0.00962637 -0.00480808
internal_weight=3292 2379 2079 300 187 137 2058 113 73 2009 50 913 408 505 198 210 421 341 154 84 128 80 40 82 49 44 48
internal_count=3292 2379 2079 300 187 137 2058 113 73 2009 50 913 408 505 198 210 421 341 154 84 128 80 40 82 49 44 48
cat_boundaries=0 1 2 3
cat_threshold=1343904 136257 30080
is_linear=0
shrinkage=0.04


Tree=193
num_leaves=24
num_cat=1
split_feature=40 20 17 21 17 25 39 25 19 21 30 40 19 29 17 29 39 17 39 26 39 19 21
split_gain=1.81965 1.18444 1.33164 1.41186 1.8736 1.30454 2.72997 1.06456 1.03824 1.48122 1.84473 1.51985 1.48453 1.18937 0.934874 0.920278 0.969745 0.905346 0.884332 1.35562 1.09133 0.311066 0.0442822
threshold=0.10620300751879701 0.83398017730172136 4.3500000000000005 4.1189819269579173 7.8500000000000005 54.10522762507609 17.300000000000001 87.388004715419115 14.461660604642693 5.5702918975190219 0 0.17028985507246377 3.053032249601173 172.69689000000002 0.55000000000000016 172.94631450000003 26.900000000000002 0.15000000000000005 27.500000000000004 97.112219996412421 11.100000000000001 4.7267065578412213 3.161441207856841
decision_type=2 8 8 8 10 8 8 8 10 10 9 2 10 2 10 2 8 10 8 10 10 10 10
left_child=1 15 5 22 -5 6 -3 -7 9 12 13 -12 14 -11 -2 18 -17 -10 20 -20 -1 -14 -4
right_child=8 2 3 4 -6 7 -8 -9 17 10 11 -13 21 -15 -16 16 -18 -19 19 -21 -22 -23 -24
leaf_value=-0.0029135494754234516 -0.011887734187970551 8.4789766639641327e-05 -0.047998686202463503 -0.10265565228735284 0.31113583518223709 0.0010986128689223307 -0.0061834979090074783 -0.00022789787051600286 -0.12584632198852724 -0.016126320207163137 0.00047004174777923072 -0.0743552149182031 -0.14127902695354994 0.431064197375983 0.0018087861436490371 -0.0020194065528590954 0.098435448718035862 -0.10612453832842732 -0.0051888055773347472 -0.046683828378902989 0.0035345787296562035 -0.071422889782325624 -0.39892358251497684
leaf_weight=53 127 194 23 71 51 576 111 1573 24 38 62 44 24 70 54 37 22 35 24 22 25 32 22
leaf_count=53 127 194 23 71 51 576 111 1573 24 38 62 44 24 70 54 37 22 35 24 22 25 32 22
internal_value=-0.00108521 -0.000683657 -0.000464442 -0.00390504 -0.00160324 -0.000227245 -0.00266884 0.000119972 -0.00328055 -0.00260331 -0.000176334 -0.00372766 -0.00477149 0.00333054 -0.00294795 -0.0037832 0.000297521 -0.0082314 -0.00572112 -0.0100632 -0.00299371 -0.0104 -0.00984946
internal_weight=3314 2804 2621 167 122 2454 305 2149 510 451 214 106 237 108 181 183 59 59 124 46 78 56 45
internal_count=3314 2804 2621 167 122 2454 305 2149 510 451 214 106 237 108 181 183 59 59 124 46 78 56 45
cat_boundaries=0 1
cat_threshold=67
is_linear=0
shrinkage=0.04


Tree=194
num_leaves=18
num_cat=1
split_feature=40 0 4 25 3 20 7 26 17 7 20 21 23 39 39 20 21
split_gain=2.46801 2.32094 2.05055 2.09386 2.0467 1.39627 1.41178 1.64163 1.39497 1.39874 2.26535 2.05306 1.38947 1.243 1.10378 0.847418 0.302789
threshold=0.039230769230769243 0 7.7000000000000002 320.86727350836048 2.7000000000000006 0.88992920194353597 1.7500000000000002 69.58420440191891 7.4000000000000012 11.65 2.3387276990075279 0.84408147392662991 2.3500000000000001 46.300000000000004 42.900000000000006 2.4122188734792491 0.89222942072101685
decision_type=2 1 10 10 10 8 10 8 8 10 10 8 2 10 8 10 10
left_child=1 5 3 13 8 12 7 -7 9 11 -11 -2 -1 -3 -8 -5 -14
right_child=4 2 -4 15 -6 6 14 -9 -10 10 -12 -13 16 -15 -16 -17 -18
leaf_value=-2.9474633243893323e-05 -0.052259015628517355 0.00047801940091819262 -3.4103277814937281 -0.014588832747708818 26.507234546484941 -0.0014739182254569273 -0.0091199563954732811 0.00060688322057099952 -0.78259975699471096 4.2100207272250172 -0.0985494261958587 -0.0083720944043633588 -0.0020362636379075028 0.12222086350818384 -0.12185946134618661 -0.001330672761316407 -0.014766666250120774
leaf_weight=32 21 1171 28 22 23 204 221 474 20 21 59 778 21 107 40 43 28
leaf_count=32 21 1171 28 22 23 204 221 474 20 21 59 778 21 107 40 43 28
internal_value=-0.000753658 -7.43992e-05 0.000996745 0.00123317 -0.00251002 -0.00151042 -0.0010824 -0.00011479 -0.00281843 -0.00256445 0.00242945 -0.00307058 -0.00652121 0.00159281 -0.00357333 -0.00568421 -0.0106535
internal_weight=3313 2391 1371 1343 922 1020 939 678 899 879 80 799 81 1278 261 65 49
internal_count=3313 2391 1371 1343 922 1020 939 678 899 879 80 799 81 1278 261 65 49
cat_boundaries=0 1
cat_threshold=1330608
is_linear=0
shrinkage=0.04


Tree=195
num_leaves=22
num_cat=6
split_feature=40 0 34 6 26 8 20 19 0 6 0 34 25 22 34 22 6 8 19 19 20
split_gain=1.75237 1.95375 1.76851 1.73028 1.99572 1.65841 1.21991 1.21283 1.33365 2.89176 1.97593 1.77992 1.1999 1.19124 1.15614 1.95316 1.16241 0.965264 0.802866 0.994418 0.409855
threshold=0.10172413793103451 0 1 1.0000000180025095e-35 78.693379886960045 2.9000000000000004 9.270224347805458 24.111796758389769 2 2.3000000000000003 3 4 279.77378308721217 0.65000000000000002 5 1.5500000000000003 6.5500000000000016 0.35000000000000003 14.291020255036241 1.5680793110294375 2.9771191573324196
decision_type=2 1 9 10 10 10 10 10 1 10 1 9 8 2 9 2 10 10 10 8 10
left_child=7 2 5 18 -5 12 -6 8 14 11 -11 -10 -2 17 16 -16 -1 -4 19 -3 -7
right_child=1 3 13 4 6 20 -8 -9 9 10 -12 -13 -14 -15 15 -17 -18 -19 -20 -21 -22
leaf_value=-0.00088694426327887046 -0.078639845882144593 -0.023458781437265232 0.00030307860199650703 -0.20513173532610601 -0.16227064326227025 0.17299893480303805 0.010078256197802915 -3.309130591864438 -0.00041392759387584024 0.002269077593947344 -0.13261445153350945 0.0013345946022235643 -0.0023438598912715494 -0.069257214551488602 -0.0034502594125626375 0.0019218571820155007 1.1087290691901595 0.38986494473796696 -0.071674205116446038 -0.0031840739978766133 -0.11181957619323427
leaf_weight=445 36 34 28 40 34 29 33 24 965 123 168 646 26 31 327 71 56 53 33 134 21
leaf_count=445 36 34 28 40 34 29 33 24 965 123 168 646 26 31 327 71 56 53 33 134 21
internal_value=-0.00104154 -0.00314527 -0.000161359 -0.00512676 -0.00938249 -0.00354656 -0.00493431 -0.000643198 -0.000563069 4.0763e-05 -0.00361709 0.000705736 -0.00815748 0.00322267 -0.00182098 -0.00341392 -0.000503415 0.00603636 -0.00305185 -0.00187611 0.00151456
internal_weight=3357 532 224 308 107 112 67 2825 2801 1902 291 1611 62 112 899 398 501 81 201 168 50
internal_count=3357 532 224 308 107 112 67 2825 2801 1902 291 1611 62 112 899 398 501 81 201 168 50
cat_boundaries=0 1 2 3 4 5 6
cat_threshold=429059 1440 1459584 565318 10720 13216
is_linear=0
shrinkage=0.04


Tree=196
num_leaves=27
num_cat=9
split_feature=31 0 0 25 39 31 25 39 39 26 0 31 19 31 26 19 21 0 8 20 21 3 40 32 20 21
split_gain=2.26781 3.2132 1.92534 1.71562 2.00215 3.10274 1.5964 1.50235 1.49484 1.45381 1.42504 1.78667 1.40767 1.40309 1.32861 1.31691 1.93889 1.20818 1.12857 0.991619 1.38693 0.949567 0.841227 0.786395 0.674496 0.19103
threshold=0 1 2 149.5527531472419 7.2500000000000009 3 272.55861165162281 289.50000000000006 17.675000000000004 86.303440961769624 4 5 4.3123981724202798 6 30.958220511064585 1.2196972069846053 5.0256013619667783 7 14.300000000000002 17.073864727756906 13.5693268069569 0.15000000000000005 0.1126984126984127 8 6.5919163191591741 1.9833739307413794
decision_type=9 1 1 10 8 9 10 10 10 10 1 9 8 9 8 8 8 1 10 10 10 10 2 9 10 10
left_child=1 6 7 4 17 -6 15 13 -8 19 22 -12 -9 23 -15 25 -17 -4 24 20 -3 -20 -5 -2 -11 -1
right_child=2 9 3 10 5 -7 8 12 -10 18 11 -13 -14 14 -16 16 -18 -19 21 -21 -22 -23 -24 -25 -26 -27
leaf_value=0.018141250498551607 -0.00063095224220152343 -0.010037369179197383 -0.00083037475504195164 0.0029613788613026947 0.0048728866701462084 0.00012000634203474192 0.0050400268022258747 -0.001724241450345545 -0.013305751147951383 -0.0023305004619253466 0.0014100835087421616 -0.012268730783484205 -0.083241338284044133 -0.002456559817602262 -0.0017189742101457561 -0.012029368723446173 0.0011302557196406938 0.00081868952708799016 -0.14116031604347015 -0.10041585175993657 0.003424379558250621 -1.4440991012753757 -0.016161300011216895 0.0029631641054892557 0.0044617200011087196 0.0029075361869764648
leaf_weight=21 133 202 135 240 247 332 26 25 27 113 103 238 33 37 500 78 352 129 23 22 27 20 43 138 74 20
leaf_count=21 133 202 135 240 247 332 26 25 27 113 103 238 33 37 500 78 352 129 23 22 27 20 43 138 74 20
internal_value=-0.00107741 -0.00265421 -0.000383024 0.000499155 0.0016791 0.00299397 -0.000444444 -0.00186667 -0.00693578 -0.00499086 -0.00108393 -0.00277447 -0.00803361 -0.00143051 -0.00258523 0.000292063 -0.000366165 -0.00119774 -0.00275594 -0.0072 -0.00632538 -0.00849438 0.00101188 0.000913274 -0.0013687 0.00701176
internal_weight=3338 1005 2333 1467 843 579 524 866 53 481 624 341 58 808 537 471 430 264 230 251 229 43 283 271 187 41
internal_count=3338 1005 2333 1467 843 579 524 866 53 481 624 341 58 808 537 471 430 264 230 251 229 43 283 271 187 41
cat_boundaries=0 2 3 4 6 7 9 11 12 13
cat_threshold=1166164236 164352 477371 412072 1155 75776 1126912 64 12288 3168 6144 1577474 26
is_linear=0
shrinkage=0.04


Tree=197
num_leaves=21
num_cat=7
split_feature=40 32 39 31 24 7 31 34 24 39 19 22 22 26 31 19 34 15 22 39
split_gain=1.69907 2.14909 2.39038 2.09586 2.46761 1.8424 2.24686 2.80224 2.61547 2.04272 2.29357 1.75019 1.65847 1.32499 1.52463 2.18426 1.48053 0.94121 0.874459 0.458514
threshold=0.051315789473684217 0 69.100000000000009 1 242.4970844964873 10.15 2 3 64.767612562581476 44.500000000000007 21.098649060358881 -2.4499999999999997 -2.4499999999999997 62.718276471590748 4 0.62318286527802991 5 6 -3.3499999999999992 462.30000000000007
decision_type=2 9 10 9 10 10 9 9 8 8 8 2 2 8 9 8 9 1 2 10
left_child=1 5 3 4 -3 6 7 -1 -8 10 -7 -5 18 17 16 -16 -15 19 -2 -14
right_child=12 2 -4 11 -6 9 8 -9 -10 -11 -12 -13 13 14 15 -17 -18 -19 -20 -21
leaf_value=-0.0020524679607436271 -0.022527446742010043 -0.00064033658712633109 0.50968614309881188 0.001349253590788031 0.0018161427791854479 -0.169054402767914 -0.0010546257120036984 0.0009150428922738385 0.0023702509000688822 0.37459898210902676 0.044846090452372547 -0.0028921853000833764 -0.0010726300445662673 -0.035610985201941114 0.25986041645174263 -0.0076999200827120263 -0.0073259450346234625 0.39938571288422425 -0.08012514756016223 1.3797199424606124
leaf_weight=142 27 388 31 66 115 70 89 294 518 20 27 661 107 129 35 421 120 20 29 20
leaf_count=142 27 388 31 66 115 70 89 294 518 20 27 661 107 129 35 421 120 20 29 20
internal_value=-0.000942201 -0.000387203 -0.00152299 -0.0018173 0.000190476 0.000851899 0.00139588 -0.0008 0.00293937 -0.00386498 -0.00627411 -0.00316588 -0.00241671 -0.00196602 -0.00268648 -0.00119358 -0.00513628 0.00146801 -0.0090087 0.000140078
internal_weight=3329 2421 1261 1230 503 1160 1043 436 607 117 97 727 908 852 705 456 249 147 56 127
internal_count=3329 2421 1261 1230 503 1160 1043 436 607 117 97 727 908 852 705 456 249 147 56 127
cat_boundaries=0 1 3 5 6 8 9 10
cat_threshold=25 3427 296960 5473 114688 13376 708 65536 11040 1
is_linear=0
shrinkage=0.04


Tree=198
num_leaves=28
num_cat=12
split_feature=39 0 17 0 34 0 21 8 34 8 8 32 0 0 34 24 21 20 17 13 22 34 3 22 22 22 14
split_gain=2.27273 2.65602 1.91926 2.50095 2.79517 2.37279 2.1342 1.5123 1.475 1.77659 1.31938 1.26821 2.68257 2.17875 2.14457 2.12812 1.9194 1.23013 1.03299 1.23628 1.03272 0.983434 0.967062 0.938912 2.02915 0.919478 0.661565
threshold=16.300000000000001 0 2.2500000000000004 1 2 3 1.3522913747293008 14.100000000000001 4 2.1500000000000008 7.9000000000000012 5 6 7 8 168.06612530016164 11.755499462254447 12.627400248446696 3.0500000000000003 9 1.5500000000000003 10 0.55000000000000016 1.2500000000000002 0.15000000000000005 1.3500000000000003 11
decision_type=10 1 10 1 9 1 8 10 9 10 8 9 1 1 9 8 10 10 8 1 2 9 10 2 2 2 1
left_child=2 8 3 6 5 -5 26 -8 9 20 -6 13 16 21 -14 -15 -13 18 19 -4 -2 -3 -20 24 -10 -11 -1
right_child=1 11 17 4 10 -7 7 -9 23 25 -12 12 14 15 -16 -17 -18 -19 22 -21 -22 -23 -24 -25 -26 -27 -28
leaf_value=0.00040824493562693578 -0.0055943764822474588 0.00028506292419923086 -0.0050191467463998763 -0.00011851825746893141 0.00013774396455406901 -0.0053044210914832846 0.0010087688815103135 0.028737772228179814 -0.024024282309851017 0.022482810727371041 0.0041745927503896848 -0.039958949198333794 -0.0074070276442530416 0.0031828044183350103 0.017502987918235319 -0.019203794632129425 -0.0020828879211690675 -1.9212847912068558 -0.010642385865060505 -0.18407950825754157 0.00024258841422163615 0.10096363950902941 1.9138316969516747 -0.012953125604001947 -0.00045721834502774781 -0.072400541033241325 -0.0037053150021525739
leaf_weight=20 94 111 23 234 483 168 564 21 113 103 48 146 109 161 146 244 75 26 119 23 29 125 22 27 57 26 28
leaf_count=20 94 111 23 234 483 168 564 21 113 103 48 146 109 161 146 244 75 26 119 23 29 125 22 27 57 26 28
internal_value=-0.00105722 -0.00216778 -7.75063e-05 0.000407018 -0.000908417 -0.00338089 0.00232428 0.00303154 -0.00472964 -0.00242125 0.000991705 -0.00107931 -0.00262154 8.88889e-05 0.000217636 -0.00167587 -0.00575484 -0.00362704 -0.00242971 -0.00753684 -0.00592771 0.00306263 -0.000687719 -0.0073765 -0.00651895 0.000750958 -0.00561616
internal_weight=3345 1566 1779 1566 933 402 633 585 449 252 531 1117 476 641 255 405 221 213 187 46 123 236 141 197 170 129 48
internal_count=3345 1566 1779 1566 933 402 633 585 449 252 531 1117 476 641 255 405 221 213 187 46 123 236 141 197 170 129 48
cat_boundaries=0 1 2 3 4 5 6 7 8 9 10 11 12
cat_threshold=1573285 534885 2752 1069210 14208 28 152656 201792 6800 4 1824 2
is_linear=0
shrinkage=0.04


Tree=199
num_leaves=24
num_cat=1
split_feature=40 34 25 39 40 22 26 21 26 7 21 26 39 7 20 27 26 39 25 39 40 20 39
split_gain=2.7482 1.92352 2.06442 2.49524 1.78767 1.7763 1.77163 2.46509 1.66276 1.62805 1.69758 1.62907 1.59538 1.45107 1.41823 1.24823 1.21532 1.14031 1.05412 1.02077 0.849579 0.465385 0.391219
threshold=0.11882352941176472 0 256.93778067954662 51.800000000000004 0.067816091954023008 0.35000000000000003 62.718276471590748 4.3427167351641502 87.191131748288925 8.6500000000000004 6.3482675356458067 16.794762392925836 126.00000000000001 1.9000000000000001 21.873548283877341 135.00000000000003 249.70390677859635 108.30000000000003 82.819673168768432 5.5000000000000009 0.14495798319327732 5.1558751194687149 6.1250000000000009
decision_type=2 9 8 10 2 2 8 8 10 10 8 8 10 10 10 2 8 10 10 10 2 10 10
left_child=1 2 3 4 -1 -5 20 13 17 11 18 21 -10 -8 -13 22 -12 -9 -11 -17 -2 -3 -4
right_child=6 9 15 5 -6 -7 7 8 12 10 16 14 -14 -15 -16 19 -18 -19 -20 -21 -22 -23 -24
leaf_value=-0.00032181884926789193 -0.019171761712510255 -0.0040113108125447638 -0.003268610079754737 -0.051565648133816179 0.036323344513385189 0.0024745786518895587 -0.069298466607529252 -0.041931532844537572 0.29873362768642708 0.038728532760018065 -0.066728736344361148 0.00050357402929655847 -0.082591042293862091 -0.11313923425105664 -0.54166313058092674 -0.0065611521103879512 0.037658822612035889 -0.022326468389059075 -0.087554058034080534 -0.000776439186052329 0.33809304760311693 -0.00052414475506925131 -0.036252396305964205
leaf_weight=451 20 41 24 45 26 25 40 50 53 22 109 1775 82 35 25 35 56 99 97 99 36 23 30
leaf_count=451 20 41 24 45 26 25 40 50 53 22 109 1775 82 35 25 35 56 99 97 99 36 23 30
internal_value=-0.000751023 -0.000311319 -0.00206028 -0.000835005 0.000204807 -0.0078042 -0.00378872 -0.00482108 -0.00307531 0.000295439 -0.00251489 0.000727955 0.000131868 -0.0112157 0.00095365 -0.00568865 0.000108108 -0.00596678 -0.00612448 -0.00352768 0.00274783 -0.00546565 -0.0107748
internal_weight=3298 2883 735 547 477 70 415 359 284 2148 284 1864 135 75 1800 188 165 149 119 134 56 64 54
internal_count=3298 2883 735 547 477 70 415 359 284 2148 284 1864 135 75 1800 188 165 149 119 134 56 64 54
cat_boundaries=0 1
cat_threshold=332
is_linear=0
shrinkage=0.04


Tree=200
num_leaves=21
num_cat=8
split_feature=40 31 3 0 39 31 0 34 26 34 25 21 20 26 26 0 34 39 20 23
split_gain=2.66444 2.63136 2.65477 2.41746 2.66604 2.21756 1.85725 1.87389 1.77928 1.67772 1.50981 1.74998 1.50899 1.4019 2.2643 1.32404 1.47907 1.30826 1.08456 1.04943
threshold=0.046536796536796543 0 1.7500000000000002 1 10.600000000000001 2 3 4 234.45047239756684 5 274.76000855406318 7.4716457488395323 0.72278965290048969 289.19802004306706 275.23677871216347 6 7 45.63333333333334 3.6740071387947419 2.2500000000000004
decision_type=2 9 10 1 10 9 1 9 10 9 10 8 8 8 10 1 9 10 10 2
left_child=1 12 6 4 -2 8 9 -8 19 -3 11 -6 -1 14 -7 17 -17 -14 -15 -5
right_child=3 2 -4 5 10 13 7 -9 -10 -11 -12 -13 15 18 -16 16 -18 -19 -20 -21
leaf_value=-0.005519059775295077 0.15816849019159698 -0.001738877660911129 -1.5221938664987351 0.014835447674718019 -0.022818097263181566 -0.016535010940699167 -0.0020298998180826189 -7.9942787587334869e-05 0.48777803020712796 0.0028476284058942627 0.028021940504890423 0.0040915463218164482 0.0005298755491873131 -0.016960516643052408 0.077455551024629019 0.0015822261915652547 0.00027588403563385102 -0.040368063176572058 -0.014479069950542361 -0.010954458703393524
leaf_weight=37 22 267 38 21 78 428 400 499 24 433 35 160 264 61 26 276 143 20 31 58
leaf_count=37 22 267 38 21 78 428 400 499 24 433 35 160 264 61 26 276 143 20 31 58
internal_value=-0.00065553 5.80198e-05 -0.000835911 -0.00245161 0.00058075 -0.00378198 -0.000586067 -0.00177705 0.00155459 0.000952916 -0.000502732 -0.0016618 0.00201996 -0.00480359 -0.00394731 0.002467 0.00385134 0.000263959 -0.00939037 -0.00121739
internal_weight=3321 2377 1637 944 295 649 1599 899 103 700 273 238 740 546 454 703 419 284 92 79
internal_count=3321 2377 1637 944 295 649 1599 899 103 700 273 238 740 546 454 703 419 284 92 79
cat_boundaries=0 2 3 5 6 7 8 9 10
cat_threshold=5312 362496 1314578 134220802 131072 309334 632 3344 1346582 4032
is_linear=0
shrinkage=0.04


Tree=201
num_leaves=20
num_cat=1
split_feature=40 39 39 0 8 19 22 22 20 5 28 39 21 20 24 40 21 39 24
split_gain=3.47306 2.46061 2.337 2.46207 2.11654 1.92435 1.59237 1.97863 1.56657 1.63636 1.6855 1.48115 1.28989 1.27887 1.23299 1.02261 0.971884 0.992925 0.819377
threshold=0.051315789473684217 81.200000000000017 10.100000000000001 0 33.70000000000001 5.4751012130446304 0.8500000000000002 -0.34999999999999992 0.88992920194353597 3.0500000000000003 -43.606478999999993 7.7500000000000009 13.407440368097818 21.873548283877341 258.78204338617519 0.067816091954023008 1.6813631142244121 12.100000000000001 73.355973427213868
decision_type=2 10 10 1 8 8 2 2 8 10 2 10 10 10 8 2 10 8 10
left_child=1 8 11 4 5 -4 7 -5 16 13 -11 15 -8 -10 -3 -2 17 -1 -17
right_child=2 14 3 6 -6 -7 12 -9 9 10 -12 -13 -14 -15 -16 18 -18 -19 -20
leaf_value=-0.0023404214508192566 0.090196472052860702 1.7578839337738421 -0.0087901665322198501 -0.026836477658077378 1.3488603746927583 0.0028245024197016025 -0.029666347518495256 0.00095077649804505178 0.00025536884647546997 -0.11276408352679149 -2.3946382130792374 0.051680359444161397 -0.07731861317066234 -0.53138804538473228 0.21724272812686038 -0.0042405170857317031 -0.01271814132802053 0.0013989024888974911 0.0045635000122076618
leaf_weight=69 22 23 134 193 23 189 118 127 2051 151 22 25 42 20 20 20 36 59 22
leaf_count=69 22 23 134 193 23 189 118 127 2051 151 22 25 42 20 20 20 36 59 22
internal_value=-0.000712101 7.2579e-05 -0.00281288 -0.00347795 -0.000777622 -0.00165794 -0.00528586 -0.00372628 -9.87757e-05 0.000177243 -0.00354155 0.00329282 -0.00865635 0.000491194 0.00939326 0 -0.00385498 -0.00214672 -0.00363218
internal_weight=3366 2451 915 826 346 323 480 320 2408 2244 173 89 160 2071 43 64 164 128 42
internal_count=3366 2451 915 826 346 323 480 320 2408 2244 173 89 160 2071 43 64 164 128 42
cat_boundaries=0 1
cat_threshold=1313875
is_linear=0
shrinkage=0.04


Tree=202
num_leaves=30
num_cat=8
split_feature=40 0 31 31 22 0 34 21 31 26 31 26 19 21 5 26 7 31 22 24 26 24 22 22 22 21 24 17 26
split_gain=3.50134 3.76509 2.28454 2.04074 2.86014 1.76527 1.98673 1.84744 1.61234 1.41184 1.4845 2.79401 1.96306 1.30352 1.28768 1.27744 1.26278 1.36515 1.1304 1.27474 1.08766 2.5851 1.05557 0.916524 1.97784 0.870089 0.842051 0.666477 0.534334
threshold=0.046536796536796543 0 1 2 -0.14999999999999999 3 4 19.151275607696142 5 57.252431384896347 6 249.70390677859635 6.9854965879235449 1.6387882351699974 0.55000000000000016 162.2088783409562 15.700000000000001 7 1.5500000000000003 175.00861544129978 86.303440961769624 245.26260527878162 0.95000000000000007 -1.0000000180025095e-35 0.55000000000000016 5.8222112036685969 61.628157297464732 2.2500000000000004 61.893405366838927
decision_type=2 1 9 9 2 1 9 10 9 8 9 8 10 10 10 8 8 9 2 10 8 8 2 2 2 10 10 8 10
left_child=5 3 20 13 14 9 7 8 -7 18 11 -11 -12 -2 -5 -6 17 -8 19 -1 28 -22 -15 27 -25 -18 -20 -4 -3
right_child=1 2 23 4 15 6 16 -9 -10 10 12 -13 -14 22 -16 -17 25 -19 26 -21 21 -23 -24 24 -26 -27 -28 -29 -30
leaf_value=-0.0017250133828315129 0.17160514523605419 -0.00080388116596942895 -0.013899265376435163 0.0051449467744909333 0.0042480580445015195 -0.0050682747325215514 -0.0010138858256697957 -0.030677734403989874 -0.0004841012646960863 0.0069945035364519376 0.00076302413378435572 -0.00028215545132841412 -0.0052740146715897929 -0.045393502266547918 2.8261969664621303 -0.026996667310824628 -0.33503431450442372 0.0010769093569380672 -0.00066999324666140226 -0.011648951043072486 0.75756018710014661 -0.0052544409549645362 -0.012291507521066726 0.0070075281517667067 -0.02129511373192642 -0.11215238877872874 0.0025456882833494988 -0.26481832750951428 -0.079325858645910172
leaf_weight=103 38 27 142 108 65 117 233 37 278 226 436 155 190 72 31 85 22 461 34 30 28 33 33 47 175 23 31 33 20
leaf_count=103 38 27 142 108 65 117 233 37 278 226 436 155 190 72 31 85 22 461 34 30 28 33 33 47 175 23 31 33 20
internal_value=-0.00101916 -0.00308791 -0.00537851 -0.000266065 0.00165724 -0.000201052 -0.00130063 -0.00342277 -0.00266835 0.000869708 0.00148537 0.00340892 0.000247843 -0.004 0.00582206 -0.00209901 -2.3984e-05 0.000399712 -0.00219549 -0.0042974 0 0.003488 -0.00655399 -0.00680049 -0.00518121 -0.0064086 0.00207519 -0.00916714 -0.00449485
internal_weight=3313 937 505 432 289 2376 1171 432 395 1205 1007 381 626 143 139 150 739 694 198 133 108 61 105 397 222 45 65 175 47
internal_count=3313 937 505 432 289 2376 1171 432 395 1205 1007 381 626 143 139 150 739 694 198 133 108 61 105 397 222 45 65 175 47
cat_boundaries=0 1 2 4 5 6 8 10 12
cat_threshold=396638 134217770 588 32768 1011921 7232 292 163840 85 180224 593 149504
is_linear=0
shrinkage=0.04


Tree=203
num_leaves=27
num_cat=8
split_feature=40 0 34 4 31 0 0 6 31 6 26 34 24 26 6 24 0 6 26 22 27 29 20 19 20 39
split_gain=3.78189 2.65155 2.05993 1.92585 1.89778 2.92828 2.61569 1.85171 2.19551 1.94537 1.77564 1.63277 1.82053 1.62018 1.59444 1.52237 1.82967 1.3809 1.35767 1.02556 0.896376 0.768523 0.673541 1.25593 0.414944 0.354915
threshold=0.067816091954023008 0 1 2.2500000000000004 2 3 4 0.65000000000000002 5 5.9000000000000012 89.967699397501846 6 75.645739093695866 53.037083849098174 27.950000000000006 69.186699766265505 7 17.700000000000006 109.90413013713017 -1.2499999999999998 211.00000000000003 172.91351650000004 2.934399863824916 7.2491049835656911 3.4847540931823091 65.100000000000009
decision_type=2 1 9 10 9 1 1 8 9 10 8 9 8 8 10 8 1 10 10 2 2 2 8 10 10 10
left_child=2 11 13 4 5 -4 -6 8 18 25 -10 22 -13 20 21 24 -17 -11 -3 -14 -1 -5 -2 -24 -15 -9
right_child=1 7 3 14 6 -7 -8 9 10 17 -12 12 19 15 -16 16 -18 -19 -20 -21 -22 -23 23 -25 -26 -27
leaf_value=-0.001296201688876657 0.0045193036346082493 -0.0075576457256650012 0.0067272270256960457 -0.72462189952801281 -0.0012163748242922346 -0.00021197477423989141 0.00065601651970489169 -0.038615741582931948 -0.0063981121216068358 2.5147766640746396 0.047376514473233405 0.87538261624142655 0.076247603950961959 0.001681877459710588 1.8940460366463936 0.0011425940957521163 -0.0054991273036681674 -2.1365458843319618 -0.040915719372440831 -0.029644052291226474 -0.0078129024227223103 -0.011454640517333133 -0.055439927344657164 -0.0079572865281869014 0.066928635536519399 -0.19145132840887499
leaf_weight=33 25 128 225 75 716 212 839 27 94 38 84 22 32 24 30 115 211 21 102 79 25 27 36 48 37 40
leaf_count=33 25 128 225 75 716 212 839 27 94 38 84 22 32 24 30 115 211 21 102 79 25 27 36 48 37 40
internal_value=-0.000794263 -0.00323859 -5.36861e-05 0.000467338 0.00078154 0.00307246 0.000113629 -0.0047626 -0.0035116 -0.00908235 0 0.000307692 0.00316955 -0.00249288 -0.00417978 -0.00159073 -0.00268092 -0.00360331 -0.00595445 0.00122667 -0.00870588 -0.00655072 -0.00313693 -0.00512281 0.004128 -0.0136934
internal_weight=3345 776 2569 2124 1992 437 1555 534 408 126 178 242 133 445 132 387 326 59 230 111 58 102 109 84 61 67
internal_count=3345 776 2569 2124 1992 437 1555 534 408 126 178 242 133 445 132 387 326 59 230 111 58 102 109 84 61 67
cat_boundaries=0 1 2 4 5 6 8 9 10
cat_threshold=265418 84 268440324 328704 1637153 1365665 500 65536 5568 59530
is_linear=0
shrinkage=0.04


Tree=204
num_leaves=25
num_cat=7
split_feature=40 26 31 0 6 20 6 26 8 0 31 24 24 19 31 37 20 20 20 13 21 24 23 29
split_gain=3.20871 1.67457 1.44429 1.44716 1.64734 1.432 1.21196 2.36448 1.87485 1.13798 2.07626 3.57865 1.41763 1.86159 1.73066 1.43544 1.38711 1.23145 2.0932 1.0539 1.01944 0.904863 0.727962 0.426145
threshold=0.059714795008912663 308.89199582453563 0 1 0.15000000000000005 2.909356702154994 0.95000000000000007 75.559470663405946 11.250000000000002 2 3 225.71769583337561 313.59138048531707 5.4751012130446304 4 5 1.247505240660213 0.80201929496987345 1.1253220419938241 6 7.1975920866091592 262.76036328750962 2.2500000000000004 172.96692750000003
decision_type=2 10 9 1 10 10 10 8 8 1 9 10 10 8 9 1 10 10 10 1 8 10 2 2
left_child=9 2 3 4 -2 -3 7 -4 -8 10 11 16 13 15 -15 -11 -1 21 -19 -14 -5 -12 -13 -21
right_child=1 5 6 20 -6 -7 8 -9 -10 12 17 22 19 14 -16 -17 -18 18 -20 23 -22 -23 -24 -25
leaf_value=-0.002537423672580559 -0.019916724630921277 -0.080320239828026205 -0.026376692108042443 -0.0069821921970733671 0.34055109003600392 -0.011355701101276879 -0.12546247753724402 0.00025623214226911273 -0.17325048538158286 0.0027324878274246523 -0.01074789865915669 0.0016026229398638137 0.0001751676876737207 -0.0012808706179817443 0.0006093652641829373 0.0010464240993011843 -0.00013328316066900216 0.0052890726926985111 -0.0023969935060637404 -0.020161804985135243 0.010463102824033487 -0.0021114510690487445 0.0052650443126319151 -0.0081512150520296339
leaf_weight=29 100 26 102 130 36 37 63 169 53 266 31 27 28 426 652 355 115 37 358 23 158 20 66 23
leaf_count=29 100 26 102 130 36 37 63 169 53 266 31 27 28 426 652 355 115 37 358 23 158 20 66 23
internal_value=-0.000659763 -0.00273901 -0.00223754 -0.000546498 -0.00378305 -0.00896124 -0.00395985 -0.00256147 -0.00747234 8.05697e-05 -0.00129302 0.00168209 0.000615298 0.000857395 -0.000146364 0.0025992 -0.00218557 -0.00288087 -0.00216393 -0.00474172 0.00106177 -0.00872381 0.00780952 -0.00837895
internal_weight=3330 874 811 424 136 63 387 271 116 2456 683 237 1773 1699 1078 621 144 446 395 74 288 51 93 46
internal_count=3330 874 811 424 136 63 387 271 116 2456 683 237 1773 1699 1078 621 144 446 395 74 288 51 93 46
cat_boundaries=0 2 3 4 6 8 9 10
cat_threshold=201327857 196608 1319456 1050528 242 65536 43 28672 6 4
is_linear=0
shrinkage=0.04


Tree=205
num_leaves=25
num_cat=9
split_feature=40 34 0 25 31 22 22 31 25 4 24 25 7 34 22 14 0 31 31 8 17 17 8 7
split_gain=3.06446 1.68144 1.71562 1.72491 1.61761 1.91437 1.89309 1.59916 1.70407 1.46313 1.40822 1.40749 1.40608 1.35309 1.3259 1.38998 1.24966 2.05906 1.52783 0.681661 0.548295 0.438064 0.385025 0.319436
threshold=0.1126984126984127 0 1 22.950805486594252 2 0.65000000000000002 -1.0000000180025095e-35 3 32.930716318991934 0.8500000000000002 251.41831598424008 86.816782647240657 22.700000000000006 4 0.25000000000000006 5 6 7 8 5.9000000000000012 0.25000000000000006 7.8500000000000005 3.3500000000000001 0.95000000000000007
decision_type=2 9 1 8 9 2 2 9 10 8 10 10 8 9 2 1 1 9 9 10 8 8 10 10
left_child=1 12 7 -4 14 6 20 8 -3 -5 11 -7 16 -9 15 -2 17 -1 -18 -8 -6 -14 -17 -16
right_child=4 2 3 9 5 10 19 13 -10 -11 -12 -13 21 -15 23 22 18 -19 -20 -21 -22 -23 -24 -25
leaf_value=0.0028110001515068818 0.27021496536574668 0.0047021265840656492 -0.004247070870180814 -0.0013536461425514368 -0.0049474689331894337 -0.033078272088495807 -0.00012028242981466874 0.00038392403944545353 0.0010066168704332057 0.22027547687162893 -0.043575661891654537 -0.16928388299499189 -1.1989944668368306 -0.0066409928339599671 0.36923748863360772 -0.058364795765992933 0.0027689016036284288 6.3497596871400224e-05 -0.0026903553740284993 4.0695964355219418 -0.11426414487478916 -0.18539836131014581 -0.065619050769041787 0.034637476674310295
leaf_weight=243 26 32 37 734 82 68 32 239 319 78 35 48 22 210 23 20 238 381 319 20 61 20 27 20
leaf_count=243 26 32 37 734 82 68 32 239 319 78 35 48 22 210 23 20 238 381 319 20 61 20 27 20
internal_value=-0.000946785 -0.000458674 -0.00128756 -0.00253109 -0.00396548 -0.00525315 -0.00273791 4.68269e-05 0.00203586 -0.00216103 -0.00877377 -0.0108766 0.000662616 -0.00151574 0.000298039 -0.00292617 0.000928541 0.0021369 -0.000453826 0.00370093 -0.00510727 -0.0063908 -0.00696907 0.00579775
internal_weight=3334 2872 1649 849 462 346 195 800 351 812 151 116 1223 449 116 73 1181 624 557 52 143 42 47 43
internal_count=3334 2872 1649 849 462 346 195 800 351 812 151 116 1223 449 116 73 1181 624 557 52 143 42 47 43
cat_boundaries=0 1 2 4 6 7 8 9 11 13
cat_threshold=55840 1165893 1352 131072 2884 59392 1304 1 593850 392 204800 1594 51200
is_linear=0
shrinkage=0.04


Tree=206
num_leaves=31
num_cat=8
split_feature=34 0 31 31 25 31 0 19 0 21 17 37 39 23 19 35 19 22 6 25 8 8 21 8 19 7 39 5 19 19
split_gain=1.89236 3.17614 2.44185 2.35616 2.34365 1.80461 3.17812 1.76404 1.6181 1.57695 1.5683 1.52115 2.32858 1.92235 1.48117 1.41816 1.37827 1.30872 1.302 1.53259 1.2972 1.42157 1.23115 1.17248 1.0688 1.01032 1.39415 0.919246 0.820474 0.724712
threshold=0 1 2 3 90.497326628263792 4 5 8.0289167091345597 6 17.298146118375222 3.5000000000000004 7 72.800000000000026 2.4500000000000006 1.8253700037606129 1.0000000180025095e-35 3.2367862829879894 0.75000000000000011 1.5000000000000002 301.22321540490651 28.850000000000005 14.950000000000001 13.277439540317134 1.0500000000000003 10.943406815854804 1.1500000000000001 7.2500000000000009 2.5500000000000003 4.3750159939960289 4.7267065578412213
decision_type=9 1 9 9 10 9 1 10 1 10 10 1 8 2 10 2 8 2 10 10 10 8 10 10 10 10 10 10 8 10
left_child=1 2 4 25 23 6 7 14 18 22 16 12 -4 -13 -2 -6 -10 -11 19 -7 21 -5 -8 -1 -9 26 -3 -20 -27 -12
right_child=5 3 11 20 15 8 9 24 10 17 29 13 -14 -15 -16 -17 -18 -19 27 -21 -22 -23 -24 -25 -26 28 -28 -29 -30 -31
leaf_value=-0.007206460715215926 -0.00095817566903487971 -0.00030048215361366815 0.047054655809104416 0.0003023360306712952 0.0020389586664207116 -0.010557413461516596 0.00082871465274907412 0.10559275815260687 0.00058655483464921333 -0.0046843551219535231 -0.060045293051618105 -0.0066529180665822456 -0.016620927646267596 0.0015649812360702066 -0.01744116752146237 -0.013548552031779054 -0.0013516178418422698 -0.036030283733781643 0.021972711505567483 0.0073777293867457773 0.17857160009597919 -0.025116722066680558 0.071079378926492895 -0.0086186508057227232 -0.0057391340853345874 0.0013544233368068248 0.0046337425587872081 -0.29646053904571928 0.044324094599906834 -0.16025191316852044
leaf_weight=77 91 68 107 564 80 187 480 31 205 30 29 150 44 90 97 31 402 20 29 23 34 53 58 56 34 20 118 21 54 29
leaf_count=77 91 68 107 564 80 187 480 31 205 30 29 150 44 90 97 31 402 20 29 23 34 53 58 56 34 20 118 21 54 29
internal_value=-0.000820281 0.000204173 -0.00194586 0.00171057 -0.00500196 -0.00170914 -0.00034956 -0.004 -0.00292365 0.00126439 -0.00180044 4.47205e-05 0.00306462 -0.0019006 -0.00611082 -0.000871111 -0.00121282 -0.00539806 -0.00559116 -0.0071773 0.000389434 -2.91027e-05 0.001924 -0.00875836 0.00147368 0.00485451 0.00340267 0 0.00898013 -0.00803361
internal_weight=3312 1546 635 911 244 1766 841 253 925 588 665 391 151 240 188 111 607 50 260 210 651 617 538 133 65 260 186 50 74 58
internal_count=3312 1546 635 911 244 1766 841 253 925 588 665 391 151 240 188 111 607 50 260 210 651 617 538 133 65 260 186 50 74 58
cat_boundaries=0 1 2 4 6 8 9 10 11
cat_threshold=55848 1426272 133 245760 1153 417792 8393062 86016 197778 1086980 12
is_linear=0
shrinkage=0.04


Tree=207
num_leaves=27
num_cat=8
split_feature=40 31 0 0 34 34 34 19 32 26 39 0 20 20 39 8 40 8 19 7 22 40 5 6 6 26
split_gain=3.0376 2.17241 2.47652 2.46506 2.31543 2.03681 1.93793 2.26805 1.86935 1.68824 1.52003 1.48531 2.72608 1.4222 1.32393 1.26541 1.14911 1.13437 1.13131 0.943095 0.911945 0.886172 0.692431 1.0499 0.680747 0.915778
threshold=0.1126984126984127 0 1 2 3 4 5 14.614133123992373 6 236.72507924752531 6.1250000000000009 7 6.2873239161198029 8.7644146194503971 39.900000000000006 9.8500000000000032 0.14039408866995076 0.95000000000000007 4.6273474613426604 0.15000000000000005 -4.5499999999999989 0.13188405797101452 3.0500000000000003 0.95000000000000007 0.15000000000000005 345.51503252150559
decision_type=2 9 1 1 9 9 9 8 9 10 10 1 10 10 8 8 2 10 8 10 2 2 10 10 10 8
left_child=1 3 6 10 14 18 8 -8 -3 -6 17 16 24 -14 -5 -7 19 -1 -4 -2 -12 -15 23 -18 25 -13
right_child=11 2 5 4 9 15 7 -9 -10 -11 20 12 13 21 -16 -17 22 -19 -20 -21 -22 -23 -24 -25 -26 -27
leaf_value=-0.0005497451053866698 -0.047843483910544327 0.004480950033903675 0.00099107064522328879 -0.00094422940988732058 -0.0008733270173408059 -0.0023929451495243903 -0.00032682428885138392 -0.002764951881893758 -0.00010708966465502457 0.0024892733087347805 -0.00037624225470597852 -0.056885985098743409 0.43828350709585762 0.017369484409877529 -0.036989634292975991 -0.11202094037828403 0.010105193600830375 0.0031688823935248321 -0.0019597972453014377 -0.012316354030778883 0.004331657173840711 -0.031756105322504918 12.16931027160687 -0.14512225729081193 -0.23042006420585914 -0.0013703341856678719
leaf_weight=111 23 245 147 192 332 498 197 73 240 171 27 54 20 29 59 94 123 80 116 23 285 76 22 22 38 21
leaf_count=111 23 245 147 192 332 498 197 73 240 171 27 54 20 29 59 94 123 80 116 23 285 76 22 22 38 21
internal_value=-0.000794698 -0.000313056 -0.00128153 0.000928656 -0.000519922 -0.00274437 0.00038878 -0.00226643 0.00188922 0.00104568 0.00306706 -0.00384088 -0.00592385 -0.00203953 -0.00357333 -0.00403977 -0.00114922 0.000301299 0.000211293 -0.00669474 0.00484211 -0.00392488 0.000344214 -0.000668942 -0.0106376 -0.00807843
internal_weight=3318 2867 1610 1257 754 855 755 270 485 503 503 451 238 125 251 592 213 191 263 46 312 105 167 145 113 75
internal_count=3318 2867 1610 1257 754 855 755 270 485 503 503 451 238 125 251 592 213 191 263 46 312 105 167 145 113 75
cat_boundaries=0 2 3 4 5 6 7 8 9
cat_threshold=402655347 75776 706619 860934 12392 5248 2992 25 404481
is_linear=0
shrinkage=0.04


Tree=208
num_leaves=23
num_cat=7
split_feature=31 0 20 0 22 39 0 19 17 20 22 20 39 20 25 10 10 28 17 22 17 9
split_gain=1.5333 2.44495 1.64134 1.52059 1.67979 1.84666 1.75162 1.40358 2.20026 1.69393 1.35461 1.8659 1.72477 1.51007 1.35194 1.27368 1.15331 1.09711 1.03583 0.840087 0.648588 0.493531
threshold=0 1 21.006952365135529 2 0.55000000000000016 292.00000000000006 3 14.970129320811273 1.7500000000000002 14.66040523390982 -2.1499999999999999 19.89595409574952 23.633333333333336 5.5805817455157571 271.43337209246187 4 5 -43.607642999999996 4.3500000000000005 2.0500000000000003 0.15000000000000005 6
decision_type=9 1 10 1 2 10 1 10 10 10 2 8 8 10 10 1 1 2 10 2 8 1
left_child=2 10 3 4 5 -1 -6 9 21 15 12 13 20 -12 18 -3 -16 -4 -5 -13 -2 -9
right_child=1 7 17 14 6 -7 -8 8 -10 -11 11 19 -14 -15 16 -17 -18 -19 -20 -21 -22 -23
leaf_value=0.00016465546515100017 0.0047397725570803044 -0.03065805428725021 8.9171938332445819 0.0011838344082990382 -0.0055284092848226149 -0.051103305238119977 -0.00057093716425303141 -0.14993237651928534 5.7644372781247091 0.069020668256599763 -0.00036438988766573032 -0.03235848092928055 -0.0014628784438553311 0.0036642292517731611 0.0010273898282672888 -0.0028057287376925546 -0.015572542761535999 -0.019123968825348819 -0.059321818833271575 -0.00074470255791696976 0.0011830031541224173 -0.1304577286100517
leaf_weight=534 28 49 28 892 104 26 237 28 21 26 260 36 28 142 31 684 75 20 29 28 23 27
leaf_count=534 28 49 28 892 104 26 237 28 21 26 260 36 28 142 31 684 75 20 29 28 23 27
internal_value=-0.000678481 -0.00169457 3.92453e-05 -0.000144079 -0.00133479 0 -0.0035562 -0.00304548 -0.00823226 -0.00254832 0.000391734 -0.000423529 0.00519255 0.000589839 0.000903226 -0.00291082 -0.00333023 0.00723232 0.00140705 -0.00668702 0.00948571 -0.012354
internal_weight=3356 1380 1976 1928 901 560 341 835 76 759 545 466 79 402 1027 733 106 48 921 64 51 55
internal_count=3356 1380 1976 1928 901 560 341 835 76 759 545 466 79 402 1027 733 106 48 921 64 51 55
cat_boundaries=0 2 3 4 5 6 7 8
cat_threshold=134223474 455168 199570 1278778 1179936 4 4 1
is_linear=0
shrinkage=0.04


Tree=209
num_leaves=20
num_cat=6
split_feature=40 21 23 34 0 25 6 6 21 34 26 0 0 26 21 22 26 0 8
split_gain=2.53472 1.52425 1.45806 1.40689 2.22495 2.19007 1.41184 1.31156 1.51549 1.25948 2.67663 2.52863 1.9205 1.54897 1.16527 1.11209 0.979078 1.39333 0.544276
threshold=0.039230769230769243 22.732396861096216 2.2500000000000004 0 1 87.388004715419115 0.75000000000000011 13.100000000000001 4.1189819269579173 2 58.039408454431317 3 4 173.20014255873596 23.22593269797963 5.4500000000000011 292.74221417156792 5 1.0000000180025095e-35
decision_type=2 10 2 9 1 10 10 8 8 9 8 1 1 8 10 2 10 1 8
left_child=2 3 9 16 6 -6 -5 14 -9 12 -11 -12 18 -14 15 -4 17 -2 -1
right_child=1 -3 7 4 5 -7 -8 8 -10 10 11 -13 13 -15 -16 -17 -18 -19 -20
leaf_value=0.00058006856347168065 -0.012912233691454666 2.6811157951298301 1.7334595125717556e-06 -0.014793026091914961 0.0034063698214254323 -0.014373042543783061 -0.43871932380428319 -0.63092970207939147 -0.15938752079025051 -0.0071214744726891509 -0.006696822585143849 0.0014660437896901258 0.0039266101082267467 0.0014494077333114498 -0.93834676144367624 -0.008908222164608048 -0.043593808742064935 0.015540048398143522 -0.0046500643514303698
leaf_weight=54 116 28 1511 182 154 206 59 20 39 35 117 229 97 192 23 25 24 168 56
leaf_count=54 116 28 1511 182 154 206 59 20 39 35 117 229 97 192 23 25 24 168 56
internal_value=-0.000472951 -0.00223548 0.000215878 -0.00252389 -0.00362122 -0.00150202 -0.00656634 -0.000468046 -0.00624793 0.00163532 -4.58599e-05 0.00103022 0.003162 0.00485191 -0.00024223 -0.000102764 -0.000244131 0.00041331 -0.00130041
internal_weight=3335 937 2398 909 601 360 241 1618 59 780 381 346 399 289 1559 1536 308 284 110
internal_count=3335 937 2398 909 601 360 241 1618 59 780 381 346 399 289 1559 1536 308 284 110
cat_boundaries=0 1 2 3 4 5 6
cat_threshold=22568 5738 2864 39988 598280 1311780
is_linear=0
shrinkage=0.04


Tree=210
num_leaves=25
num_cat=9
split_feature=31 0 19 21 0 34 31 24 25 31 18 19 20 34 31 19 19 34 21 20 27 24 24 19
split_gain=1.47605 3.52039 1.62071 2.64785 1.40492 1.88002 2.24281 1.62552 1.56568 1.36112 1.31577 1.29377 1.23675 1.23547 1.4845 1.40847 1.36984 1.96863 1.11044 0.98315 0.826244 1.601 1.47104 0.156883
threshold=0 1 5.1519540203018588 5.3832059881894905 2 3 4 60.508496200254775 18.716756177972773 5 4.5000000000000009 10.231260735043916 2.4122188734792491 6 7 12.106514924773007 8.2603220320217066 8 3.3612915145791611 8.5368468339946073 155.00000000000003 262.76036328750962 209.01948433886335 8.3102226667818631
decision_type=9 1 10 10 1 9 9 8 8 9 10 10 8 9 9 10 10 9 10 10 2 10 10 10
left_child=1 2 3 12 5 6 10 -8 -7 -10 -2 -4 -1 14 18 -16 19 -18 -6 -15 23 22 -22 -3
right_child=4 20 11 -5 13 8 7 -9 9 -11 -12 -13 -14 16 15 -17 17 -19 -20 -21 21 -23 -24 -25
leaf_value=-0.012760097414973224 0.0025654289780761277 0.076549696274011439 -0.023240385666415158 0.16325834127207478 -0.008105302007483833 0.0045441367415620885 -0.0049248500745348164 0.00077041747641874996 0.00076459342519910936 -0.0015062390796485659 0.18317818068926997 -0.0053156953597342854 0.00076814642874460052 -0.0012693025948776972 0.001761200549046933 -0.011109881936789349 0.012367120314948608 -0.0072051274807600763 -0.00044635068623016138 -0.0065807721660544162 0.0062851304315694632 0.013415541331255713 -0.0049185729728482746 0.025039822497464642
leaf_weight=39 166 23 41 30 32 26 30 228 333 555 66 37 75 802 209 37 135 131 68 81 74 30 30 20
leaf_count=39 166 23 41 30 32 26 30 228 333 555 66 37 75 802 209 37 135 131 68 81 74 30 30 20
internal_value=-0.000253978 0.00199269 -0.00136188 0.00108591 -0.000569662 0.00033769 0.00230907 -0.000289425 -0.000732577 -0.00103204 0.00508419 -0.00601258 -0.00171429 -0.00141918 0.000665734 0.00232233 -0.00204912 0.000441121 -0.00321076 -0.00282419 0.00603714 0.00470849 0.00225592 0.011191
internal_weight=3298 399 222 144 2899 1404 490 258 914 888 232 78 114 1495 346 246 1149 266 100 883 177 134 104 43
internal_count=3298 399 222 144 2899 1404 490 258 914 888 232 78 114 1495 346 246 1149 266 100 883 177 134 104 43
cat_boundaries=0 2 3 4 5 7 9 10 12 13
cat_threshold=404753472 1536 1422514 1160219 12832 928 221184 20 317440 17536 1 116736 2832
is_linear=0
shrinkage=0.04


Tree=211
num_leaves=27
num_cat=8
split_feature=34 31 22 8 25 20 31 39 6 31 26 24 31 20 36 22 31 20 11 39 12 39 25 29 26 8
split_gain=1.68275 2.37688 2.3688 2.22118 2.21641 2.44682 2.46926 2.39255 3.33748 2.25502 2.08661 2.17612 2.1394 1.74562 1.52299 1.60239 1.32697 3.43417 1.18496 1.10119 1.25072 1.1304 1.08858 1.00449 0.93388 0.629253
threshold=0 1 0.55000000000000016 19.850000000000005 142.31297085779019 9.8183292362015511 2 126.00000000000001 4.7000000000000002 3 52.291276175644178 63.304744912184425 4 12.96141384900042 5 1.2500000000000002 6 8.6336048520644422 7 18.500000000000004 3.5000000000000004 59.45000000000001 195.02270322306188 172.92905200000004 32.883456893999217 1.9000000000000001
decision_type=9 9 2 10 8 10 9 10 10 9 8 8 9 10 1 2 9 10 1 10 2 10 8 2 10 8
left_child=2 3 10 14 5 6 -3 9 -9 -6 23 -12 -13 -7 18 -16 17 25 -2 20 -18 -21 -5 24 -1 -4
right_child=1 4 16 22 7 13 -8 8 -10 -11 11 12 -14 -15 15 -17 19 -19 -20 21 -22 -23 -24 -25 -26 -27
leaf_value=-0.0030927043747361795 0.00023637104315895385 -0.00021088324673932847 -0.0070477258344078921 0.017524310449807672 0.00045163117337352785 -0.0073048918857912424 0.0045015401707733105 -0.052955876526553286 2.21935385804781 -0.0030464761248349247 0.011002330096499389 0.0044195355149557079 -0.0016082871424058353 0.00037536562526923944 -0.0018501191731323274 0.0027581617467823528 -0.0012269268619896146 0.0087316293113428155 0.0035167591769572583 0.0079568062526540837 -0.0077691848237123294 -0.073838733015559835 0.16997931184843049 0.00048493647390973393 -0.039172572112376895 -0.00057875275307139873
leaf_weight=24 113 249 43 21 517 99 218 136 36 454 26 108 252 150 271 110 38 33 112 51 123 51 28 21 30 27
leaf_count=24 113 249 43 21 517 99 218 136 36 454 26 108 252 150 271 110 38 33 112 51 123 51 28 21 30 27
internal_value=-0.00080718 -0.0002843 -0.00235897 0.00176744 -0.0010147 0.000721951 0.00242903 -0.00211271 -0.0064438 -0.0013347 -0.000471351 0.000717419 -0.000105118 -0.00246707 0.00111605 -0.000453503 -0.00478367 -0.00050655 0.00362791 -0.00618579 -0.00848 -0.00307246 0.00986139 -0.0065098 -0.00933333 -0.00556643
internal_weight=3341 2514 827 655 1859 716 467 1143 172 971 461 386 360 249 606 381 366 103 225 263 161 102 49 75 54 70
internal_count=3341 2514 827 655 1859 716 467 1143 172 971 461 386 360 249 606 381 366 103 225 263 161 102 49 75 54 70
cat_boundaries=0 1 3 5 6 8 9 11 12
cat_threshold=8512 134220048 44032 4206 16384 1770 133 86016 6 13 40960 2
is_linear=0
shrinkage=0.04


Tree=212
num_leaves=21
num_cat=3
split_feature=0 5 5 31 21 24 24 31 20 17 5 20 20 21 21 20 8 20 22 29
split_gain=1.6869 3.07932 3.04807 2.0977 1.96131 1.95708 1.92148 1.90454 2.22184 2.15714 2.0077 1.99975 1.50534 1.73153 1.38061 1.20633 1.20394 0.997021 0.764312 0.63524
threshold=0 8.0500000000000025 8.5500000000000025 1 1.5195377339352847 83.805369834790795 209.01948433886335 2 3.4847540931823091 0.8500000000000002 1.5000000000000002 3.7322533860423341 10.105099227304626 15.809702566732422 3.4329043224004505 4.9602833780648981 8.1000000000000014 5.0511938591725656 0.75000000000000011 172.69689000000002
decision_type=1 10 10 9 8 10 8 9 8 10 10 8 10 10 10 8 10 10 2 2
left_child=2 7 3 4 18 -6 -3 9 16 15 -11 -10 14 -14 -5 -2 -9 -4 -1 -8
right_child=1 6 17 12 5 -7 19 8 11 10 -12 -13 13 -15 -16 -17 -18 -19 -20 -21
leaf_value=0.18823196102756959 0.00086753073709452619 -1.3299298086210762 -1.9036589220350144 0.00021127671674982197 0.00029163949475092822 -0.0032229398948249079 5.3018419548629501 -0.0033735102938530661 0.32362346560205979 0.14831381687476583 -0.10540842952878648 -0.0028024873890329263 -0.0026347591920520053 0.0033562125177899562 0.0020712865470981436 -0.003529014357178326 -0.089979113474913289 -1.2514760557085607 0.00031599776627043495 11.96220939875005
leaf_weight=22 131 23 29 397 332 286 20 297 22 91 30 703 130 112 366 174 63 23 29 25
leaf_count=22 131 23 29 397 332 286 20 297 22 91 30 703 130 112 366 174 63 23 29 25
internal_value=-0.000404657 -0.00134423 0.000459281 0.000762757 -0.000966936 -0.00161098 0.0068777 -0.00173091 -0.00260648 0.000544 0.0050449 -0.00134618 0.00190654 -0.000813142 0.0027966 -0.00123328 -0.00519502 -0.00893458 0.0064381 0.0115699
internal_weight=3305 1579 1726 1674 669 618 68 1511 1085 426 121 725 1005 242 763 305 360 52 51 45
internal_count=3305 1579 1726 1674 669 618 68 1511 1085 426 121 725 1005 242 763 305 360 52 51 45
cat_boundaries=0 1 3 5
cat_threshold=616859 343933286 139264 1824 276480
is_linear=0
shrinkage=0.04


Tree=213
num_leaves=24
num_cat=2
split_feature=40 25 26 26 22 27 34 20 22 22 8 39 20 39 22 17 19 18 26 39 34 39 12
split_gain=1.92515 1.20355 1.41344 1.36252 1.61403 2.1669 1.35573 2.08049 1.20578 1.37564 1.18762 1.10202 1.2585 1.08369 0.989487 0.931581 1.28838 1.72684 0.819796 1.68403 1.22936 0.676648 0.414608
threshold=0.051315789473684217 142.31297085779019 221.50159922401295 60.990160588417247 0.15000000000000005 280.50000000000006 0 1.7735182145721327 -1.3499999999999999 -1.0000000180025095e-35 0.75000000000000011 20.100000000000005 15.062356447047486 10.100000000000001 4.1500000000000012 8.7000000000000011 16.797577451486035 7.5000000000000009 79.286352768880008 415.50000000000006 1 81.200000000000017 4.5000000000000009
decision_type=2 10 10 8 2 2 9 8 2 2 10 8 10 8 2 8 10 10 10 10 9 10 2
left_child=1 3 8 4 5 -1 13 -8 22 -10 -6 14 -13 -4 -5 16 18 21 19 -2 -20 -18 -3
right_child=15 2 6 11 10 -7 7 -9 9 -11 -12 12 -14 -15 -16 -17 17 -19 20 -21 -22 -23 -24
leaf_value=0.00095160874062681698 0.0014602859969019199 -0.011234333057846584 0.0020117047829508652 0.00024987639904601623 -0.0007807018960943069 -0.0062833066817233173 -0.020036892100430314 -0.0009534045101533906 0.00063953857948348511 -0.007126433840406534 -0.0054976298358905672 0.0054616332416844672 -0.0082344708578145995 -9.8865749418060035e-05 -0.0054410657986544214 -0.40631992833165592 -0.2611607698290585 13.84292059815059 -0.013656143685373863 -0.050112540736615439 -0.0030680868985663422 -0.21939899096912763 -0.0019360406141452557
leaf_weight=135 294 31 189 663 137 26 23 178 104 195 86 295 37 245 53 25 22 27 132 59 336 21 26
leaf_count=135 294 31 189 663 137 26 23 178 104 195 86 295 37 245 53 25 22 27 132 59 336 21 26
internal_value=-0.000747792 -0.000155908 -0.0012272 0.000584583 -0.00144747 0.00158769 -9.11233e-05 -0.00272 -0.00323916 -0.00218968 -0.00364365 0.00133206 0.00323238 0.00116274 0.000443206 -0.00230845 -0.00208179 -0.00724476 -0.00162675 -0.000163611 -0.00272204 -0.0120899 -0.00851282
internal_weight=3339 2423 991 1432 384 161 635 201 356 299 223 1048 332 434 716 916 891 70 821 353 468 43 57
internal_count=3339 2423 991 1432 384 161 635 201 356 299 223 1048 332 434 716 916 891 70 821 353 468 43 57
cat_boundaries=0 1 2
cat_threshold=8064 208
is_linear=0
shrinkage=0.04


Tree=214
num_leaves=20
num_cat=4
split_feature=24 29 31 0 0 34 21 22 22 26 20 23 8 26 22 25 24 25 26
split_gain=1.64811 1.64852 1.47807 2.68771 2.4856 2.12425 1.81346 1.74712 2.16987 1.73914 1.94347 1.5481 1.54632 1.3524 2.11539 1.31149 1.16077 1.0124 0.456891
threshold=17.77645433092346 172.92905200000004 0 1 2 3 12.725722760645249 -0.84999999999999998 0.55000000000000016 237.99880196243853 3.8357588885486251 2.1500000000000008 0.25000000000000006 83.996403686842584 -1.8499999999999999 241.48202665346864 41.395010783237531 18.716756177972773 25.321384143848977
decision_type=8 2 9 1 1 9 8 2 2 10 10 2 8 10 2 10 8 10 10
left_child=1 17 4 7 13 12 -7 15 -9 11 -11 -5 -6 16 -15 -4 -2 -1 -3
right_child=2 18 3 9 5 6 -8 8 -10 10 -12 -13 -14 14 -16 -17 -18 -19 -20
leaf_value=0.0012030110089837011 -0.0028704038192896241 0.0032415083123068199 -0.00024578757008159258 4.0266211344253124e-05 -0.0053317077817850844 0.0010201385403565233 -0.0020619031633174602 0.0069318328714442854 0.00026272548715738252 -0.0080355789581185097 0.0034666283760027916 -0.0050080258151140276 -0.0027609224250586986 -0.012272095642204271 0.00044111662016799614 -0.010843135157335624 0.0021412464462561508 -0.003228524627518077 0.0017727510300579929
leaf_weight=20 20 23 82 117 223 352 291 92 173 116 180 608 276 27 329 30 318 29 32
leaf_count=20 20 23 82 117 223 352 291 92 173 116 180 608 276 27 329 30 318 29 32
internal_value=-0.000765983 0.00415166 -0.000926596 -0.00189996 -0.000172124 -0.00131599 0.000210848 0.000972973 0.00276923 -0.00296174 -0.000396639 -0.00404405 -0.0032478 0.00169809 0 -0.00315419 0.00352872 -0.00114851 0.00881416
internal_weight=3338 104 3234 1398 1836 1142 643 377 265 1021 296 725 499 694 356 112 338 49 55
internal_count=3338 104 3234 1398 1836 1142 643 377 265 1021 296 725 499 694 356 112 338 49 55
cat_boundaries=0 2 3 4 5
cat_threshold=142606390 515072 328280 1693824 4820
is_linear=0
shrinkage=0.04


Tree=215
num_leaves=21
num_cat=3
split_feature=7 31 20 27 31 8 22 22 20 20 24 20 26 34 39 8 23 21 24 24
split_gain=2.20038 2.54724 2.07246 1.95268 1.78849 2.03122 1.63981 1.77429 1.46031 1.45797 1.33634 1.30498 1.45601 1.16779 2.0991 2.12132 1.28714 1.26801 1.15324 0.638903
threshold=0.45000000000000007 0 21.006952365135529 17.500000000000004 1 1.5000000000000002 -1.4499999999999997 -4.8499999999999988 1.9033898678033239 15.683865181767029 75.645739093695866 22.295370033520495 75.217205850298043 2 7.2500000000000009 7.2500000000000009 2.1500000000000008 17.298146118375222 243.51373242198665 227.4010210666556
decision_type=8 9 10 2 9 10 2 2 8 10 10 10 8 9 10 10 2 10 10 8
left_child=2 13 3 9 5 -5 7 -3 -6 10 -1 12 -8 14 15 -2 -15 -18 -16 -9
right_child=1 6 -4 4 8 -7 11 19 -10 -11 -12 -13 -14 16 18 -17 17 -19 -20 -21
leaf_value=0.0012385469471308498 -0.010120870898260019 0.27525128261967352 -0.32805072345351982 -0.0010190111103593757 -0.00041818717484677138 0.0051386721640799852 0.00019430459014065703 -0.060989981579774408 0.00080984179164854452 0.34887438115706837 -0.012998100374880082 19.412943633511741 -0.015881796708333146 0.073498056017961028 0.08611587630129719 0.0088643784098986177 -0.0095582717345046222 0.62003643878900727 -0.0033762871900876947 -0.018743373594900633
leaf_weight=48 60 24 32 408 278 68 150 50 1028 21 110 29 470 38 131 48 187 21 49 87
leaf_count=48 60 24 32 408 278 68 150 50 1028 21 110 29 470 38 131 48 187 21 49 87
internal_value=-0.000472667 -0.00172278 0.000370018 0.000539108 0.000940847 -0.00114462 -0.00311382 -0.00675692 0.00169867 -0.00342382 -0.00475235 -0.00224135 -0.00263556 0.000436297 0.00213022 -0.00217352 -0.00154563 -0.00285442 0.00483747 -0.00850542
internal_weight=3337 1344 1993 1961 1782 476 810 161 1306 179 158 649 620 534 288 108 246 208 180 137
internal_count=3337 1344 1993 1961 1782 476 810 161 1306 179 158 649 620 534 288 108 246 208 180 137
cat_boundaries=0 2 4 5
cat_threshold=142610196 28672 3908 8192 1704
is_linear=0
shrinkage=0.04


Tree=216
num_leaves=24
num_cat=4
split_feature=40 26 6 20 31 21 19 24 9 27 40 24 40 31 19 19 19 23 39 21 22 2 39
split_gain=2.49302 1.61662 1.75586 1.77226 1.50264 1.94388 1.79261 1.35802 1.51262 1.19351 1.13564 1.58739 1.58119 1.08254 1.00399 1.7514 1.19083 0.928725 0.916012 1.01727 0.80922 0.754855 0.540389
threshold=0.059714795008912663 27.140030864164576 5.7500000000000009 25.789791198817507 0 19.791896008734138 14.291020255036241 17.77645433092346 1 120.00000000000001 0.12310606060606062 79.34502210890723 0.088932806324110686 2 7.6065318904581094 1.3625944746824759 10.017660789748842 2.3500000000000001 82.100000000000009 16.454370316088671 1.5500000000000003 3 23.500000000000004
decision_type=2 8 10 8 9 8 10 8 1 2 2 10 2 9 8 10 8 2 10 10 2 1 8
left_child=1 20 7 9 5 10 14 8 -3 -4 12 -12 -2 -9 15 -6 -16 -5 -8 -20 21 -1 -23
right_child=4 2 3 17 6 -7 18 13 -10 -11 11 -13 -14 -15 16 -17 -18 -19 19 -21 -22 22 -24
leaf_value=-0.0097653746703108626 -0.0059730887489880934 -0.00070807581205897916 -0.016261566466218777 -0.084121000973809257 0.0025729390998324676 0.11903691228014164 -0.2678986792388332 -0.00015738621951301822 0.0098213619547023439 -0.1778389016163868 -0.049362546899980389 -0.0079285034398532874 0.18793986562159898 0.00056871425239403807 0.18236915845817847 -0.017909804722234243 -0.0065846182915340456 0.6880352377427863 -0.16834831383830179 -0.038558487255131148 5.6090592210580325e-05 -0.0030503230488737642 0.00025943796220971648
leaf_weight=20 52 23 78 24 109 37 31 952 30 128 22 48 42 1105 38 265 160 24 22 36 30 41 30
leaf_count=20 52 23 78 24 109 37 31 952 30 128 22 48 42 1105 38 265 160 24 22 36 30 41 30
internal_value=-0.000554875 8.76734e-05 0.00032044 -0.00281018 -0.00240649 0.000649412 -0.00329814 0.000699976 0.00693578 -0.0044241 -0.00119637 -0.00500699 0.00165445 0.000533398 -0.00250741 -0.00372304 -0.000190476 0.004 -0.00859669 -0.00534454 -0.00439184 -0.00624865 -0.00411034
internal_weight=3347 2485 2364 254 862 201 661 2110 53 206 164 70 94 2057 572 374 198 48 89 58 121 91 71
internal_count=3347 2485 2364 254 862 201 661 2110 53 206 164 70 94 2057 572 374 198 48 89 58 121 91 71
cat_boundaries=0 2 3 5 6
cat_threshold=134218800 131072 1 2965 172032 2
is_linear=0
shrinkage=0.04


Tree=217
num_leaves=23
num_cat=2
split_feature=40 34 24 20 25 12 34 6 5 18 6 39 39 22 19 24 19 27 22 8 24 28
split_gain=1.99586 1.64903 1.98765 1.73429 1.59417 1.46467 1.48157 1.15147 1.3074 1.10938 1.09672 2.87019 1.08975 0.999583 0.885052 0.789761 0.663874 0.593595 1.04062 0.526016 0.490995 0.46258
threshold=0.10172413793103451 0 76.608204367835626 12.312274143574852 347.8458056376665 3.5000000000000004 1 9.3500000000000032 1.0000000180025095e-35 4.5000000000000009 2.9000000000000004 123.50000000000001 543.00000000000011 -0.44999999999999996 6.3236727126912644 94.630641846960799 4.4398068878669568 100.00000000000001 1.5500000000000003 2.1500000000000008 76.608204367835626 -43.790424999999992
decision_type=2 9 8 10 10 2 9 10 8 10 10 10 10 2 10 10 10 2 2 10 10 2
left_child=1 2 17 14 10 9 13 8 -8 19 12 -12 -3 16 -4 -15 -7 -1 -19 20 -2 -6
right_child=5 4 3 -5 21 6 7 -9 -10 -11 11 -13 -14 15 -16 -17 -18 18 -20 -21 -22 -23
leaf_value=0.0049691602583088823 0.0044381602301893606 0.00016903837124338851 -0.0062652476831384441 -0.07769237484227727 -0.0078987316097211754 -0.047408313877584742 -0.038681988756342454 1.3871501294038853 -0.12287004113590776 -0.20056203740927828 -0.08433354426653171 4.3018780976484594 -0.048685662871896157 -0.016980324615443666 0.0018084076068535637 0.19014897252622803 0.0074510159715570267 -0.0034233867503657934 0.0042583147337786186 1.1793912253765921 -0.00792247100495958 -0.0033454422562353694
leaf_weight=39 40 2020 196 39 21 20 224 27 46 24 301 29 31 24 46 31 30 57 35 22 20 24
leaf_count=39 40 2020 196 39 21 20 224 27 46 24 301 29 31 24 46 31 30 57 35 22 20 24
internal_value=-0.000752203 -0.000337383 -0.00263991 -0.00459469 6.48205e-05 -0.0030579 -0.00415861 -0.00550405 -0.00647514 0.00109767 0.000209024 -0.00192459 0.000554446 0.000154506 -0.00327721 0.00385841 -0.00384466 0.0013434 -0.000406417 0.00332934 0.00126829 -0.00726882
internal_weight=3346 2838 412 281 2426 508 402 297 270 106 2381 330 2051 105 242 55 50 131 92 82 60 45
internal_count=3346 2838 412 281 2426 508 402 297 270 106 2381 330 2051 105 242 55 50 131 92 82 60 45
cat_boundaries=0 1 2
cat_threshold=41028 3080
is_linear=0
shrinkage=0.04


Tree=218
num_leaves=23
num_cat=6
split_feature=8 0 6 0 26 31 25 31 17 25 24 20 27 25 4 25 0 21 39 25 0 6
split_gain=1.34333 3.16211 1.83843 1.78305 2.10908 2.07166 2.02506 1.84887 1.58186 1.56374 1.54142 1.43378 1.8412 1.42251 1.11528 2.02323 1.03257 1.17914 0.725325 3.00551 1.17239 0.538732
threshold=13.500000000000002 0 15.900000000000002 1 7.7349776458793551 2 36.425783598801196 3 1.2500000000000002 64.6935729815293 87.976904401162884 1.5828398934503756 155.00000000000003 298.41770075701362 0.15000000000000005 254.04833198291897 4 4.1189819269579173 87.700000000000003 217.80730764983772 5 22.300000000000001
decision_type=8 1 10 1 8 9 8 9 8 8 8 10 2 10 10 10 1 8 8 8 1 10
left_child=3 2 14 4 -1 6 -5 10 11 -8 -6 -3 -13 -9 15 -2 17 -10 20 -20 -7 -18
right_child=1 8 -4 5 7 18 9 13 16 -11 -12 12 -14 -15 -16 -17 21 -19 19 -21 -22 -23
leaf_value=-0.013890664096421724 0.15980701732358113 -0.0078707060491168164 7.8287068548754455 -0.02345382661780274 0.0018313045752386969 0.00068218264175920137 0.0024596561550979247 0.0005909194289087338 -0.12418452824812976 -0.0045324548194709277 -0.0010535840328721592 -0.014794056233781206 0.018834154218956022 0.03215758826255586 -0.38656771959368647 -0.074172000642795152 -0.15369576266680959 0.0015263150055793951 0.0013899344997033581 -0.012470640818459203 -0.0013032341600789366 -0.3893639410620105
leaf_weight=23 43 24 36 36 125 502 31 765 38 229 266 33 28 54 23 20 114 72 151 174 522 24
leaf_count=23 43 24 36 36 125 502 31 765 38 229 266 33 28 54 23 20 114 72 151 174 522 24
internal_value=-0.000389264 -0.00240526 0.00298127 -6.87619e-05 0.00107513 -0.000928464 -0.00389593 0.00131903 -0.00434833 -0.0027457 -0.00093913 0.000208092 0.003488 0.0023817 0 0.00275969 -0.00608417 -0.00228807 -0.000248438 -0.0018928 0.000271087 -0.00828094
internal_weight=3333 455 122 2878 1233 1645 296 1210 333 260 391 85 61 819 86 63 248 110 1349 325 1024 138
internal_count=3333 455 122 2878 1233 1645 296 1210 333 260 391 85 61 819 86 63 248 110 1349 325 1024 138
cat_boundaries=0 1 2 4 6 7 8
cat_threshold=132304 576027 4364 512 337 24576 1868038 1315264
is_linear=0
shrinkage=0.04


Tree=219
num_leaves=24
num_cat=8
split_feature=40 31 20 0 5 0 25 25 34 31 0 25 5 34 0 24 25 19 19 40 7 7 19
split_gain=1.28155 2.06317 1.69736 1.40406 1.79195 1.39089 1.21919 1.39365 1.14093 1.13195 1.91973 2.11767 2.05687 1.80544 1.94479 1.80576 1.08422 0.973566 0.953826 0.624518 1.20436 0.474448 0.459817
threshold=0.059714795008912663 0 23.502221458748647 1 0.55000000000000016 2 136.61698594422742 84.752959626942399 3 4 5 317.52939820947171 8.5500000000000025 6 7 144.99442708975158 284.44724989955313 5.7029785088212295 1.6044411928383253 0.1126984126984127 1.9000000000000001 0.15000000000000005 4.1537782992237418
decision_type=2 9 10 1 10 1 10 10 9 9 1 10 8 9 1 10 10 8 10 2 8 10 10
left_child=2 3 9 19 17 8 7 -7 18 13 12 -12 -11 15 -15 -1 -8 -5 -3 21 -21 -2 -10
right_child=1 5 -4 4 -6 6 16 -9 22 10 11 -13 -14 14 -16 -17 -18 -19 -20 20 -22 -23 -24
leaf_value=0.0024054305399352671 0.0013343371197152365 0.0096058443117293998 -1.967648732357725 -0.023298946242577331 -0.14321821916956651 -0.0014588409728130004 -0.045177968865503397 0.060698811839325517 -0.039896078982027933 0.00075485401848499837 -0.00015603352055350682 -0.010452053990301682 -1.2740941397265413 -0.0027996633401228621 -0.00017946200907221767 -0.0018159324120395938 0.0075103349386706954 0.036426364263236477 -0.021707805873432271 0.044531265223709586 -0.11628310691434368 3.2885008488457919 -0.037105721002637093
leaf_weight=91 29 27 31 59 32 148 101 37 92 861 735 48 38 236 369 72 30 47 88 31 20 20 98
leaf_count=91 29 27 31 59 32 148 101 37 92 861 735 48 38 236 369 72 30 47 88 31 20 20 98
internal_value=-0.000550052 -0.0018803 -8.78147e-05 0.00127455 -0.00132441 -0.00306403 -0.00109313 0.000954424 -0.00498578 3.18173e-05 0.000612932 -0.000828194 0.00186491 -0.00122899 -0.0022352 0.00239542 -0.00406038 0.00109767 -0.00140711 0.00464574 0.00186667 0.00827723 -0.00693797
internal_weight=3340 859 2481 238 138 621 316 185 305 2450 1682 783 899 768 605 163 131 106 115 100 51 49 190
internal_count=3340 859 2481 238 138 621 316 185 305 2450 1682 783 899 768 605 163 131 106 115 100 51 49 190
cat_boundaries=0 2 3 4 5 7 8 9 10
cat_threshold=201326753 163840 401617 1192097 3208 97 152064 1694082 6160 1642914
is_linear=0
shrinkage=0.04


Tree=220
num_leaves=21
num_cat=5
split_feature=6 0 5 5 20 21 0 31 31 26 17 23 24 17 29 17 3 20 26 10
split_gain=1.85351 2.52928 3.41513 2.54533 1.67972 1.51737 1.45406 1.89594 1.89478 1.31425 1.2714 1.53543 1.13386 1.12929 1.10044 1.00356 0.960798 1.02472 0.849057 0.386028
threshold=2.3000000000000003 0 8.0500000000000025 1.3 22.295370033520495 1.0621963543544923 1 2 3 139.31984478475235 3.5000000000000004 2.4500000000000006 123.68714042451761 1.7500000000000002 172.94631450000003 1.8500000000000003 5.6000000000000005 6.8909953456256625 238.47249146477847 4
decision_type=10 1 10 10 10 8 1 9 9 10 10 2 10 10 2 10 10 8 10 1
left_child=4 3 10 18 5 9 7 -7 -8 12 15 -12 -1 -5 -15 -3 17 -4 -2 -11
right_child=1 2 16 13 -6 6 8 -9 -10 19 11 -13 -14 14 -16 -17 -18 -19 -20 -21
leaf_value=-0.0028503724338339964 0.036364220478417197 -0.087226353130722037 0.75858801300878786 -0.060691492207724171 -0.50977908469933031 -0.0067593888304948637 -9.8984316079882008e-05 0.00051000815519461893 0.00088892833762727725 -0.010628998591169801 -0.23671926499372969 0.73797167330617175 0.001182319989408036 -0.94895003355233087 -0.1419547610119597 0.28439606442440396 -2.0267220190440556 8.9686909294311494 -0.065938758492367619 -0.0064372977611916581
leaf_weight=29 35 80 25 31 28 333 874 419 1037 28 50 22 57 80 40 86 21 41 24 21
leaf_count=29 35 80 25 31 28 333 874 419 1037 28 50 22 57 80 40 86 21 41 24 21
internal_value=-0.000338439 -0.00249394 -0.000172363 -0.00576975 7.00265e-05 0.000170745 0.00038206 -0.00109758 0.00096645 -0.00394139 -0.00266388 -0.00704762 -0.000891429 -0.00877377 -0.0105185 -0.000704478 0.00653107 0.00885926 0.000958678 -0.00906931
internal_weight=3361 535 325 210 2826 2798 2663 752 1911 135 238 72 86 151 120 166 87 66 59 49
internal_count=3361 535 325 210 2826 2798 2663 752 1911 135 238 72 86 151 120 166 87 66 59 49
cat_boundaries=0 1 2 4 6 7
cat_threshold=84765 398369 2263 6144 5857 417792 2
is_linear=0
shrinkage=0.04


Tree=221
num_leaves=23
num_cat=3
split_feature=6 0 0 40 31 3 19 17 19 21 18 39 26 21 26 40 17 6 39 26 12 22
split_gain=2.02438 2.45937 1.85306 1.71035 1.95542 1.67579 1.73471 1.69426 1.62752 1.46478 1.43665 1.35525 1.26009 1.19821 1.11549 1.09203 1.03442 0.995944 0.986048 0.918425 0.595539 0.49389
threshold=7.5000000000000009 0 1 0.051315789473684217 2 0.8500000000000002 2.1190918874304949 4.7000000000000002 17.013374857031128 1.3757735141797978 5.5000000000000009 7.2500000000000009 73.02573829823892 0.44835997269974198 296.27670433299494 0.12310606060606062 8.7000000000000011 17.700000000000006 35.266666666666673 253.0343362354254 6.5000000000000009 -0.6499999999999998
decision_type=8 1 1 2 9 10 8 10 10 8 10 10 8 10 10 2 10 10 10 10 2 2
left_child=2 5 3 4 10 6 -2 -8 9 13 -1 21 -11 -4 19 20 17 -13 -6 -5 -10 -3
right_child=1 11 8 14 18 -7 7 -9 15 12 -12 16 -14 -15 -16 -17 -18 -19 -20 -21 -22 -23
leaf_value=-0.0010506092314241046 1.9874646229922044 -1.2940494195247469 0.0042032567768207942 -0.006388182313938149 0.00077885571717086323 12.347056585982372 0.015876203632857723 -0.61011970803272331 -0.0024335574063339572 -0.0016123454234203117 0.0082105365721812981 -0.12714192980564662 0.00032191837612892014 -0.0057709443737407893 -0.023044678575449888 -0.43363686333681856 0.72712390635169188 -1.9027421239575935 0.071740468582364297 0.081027353785439918 -0.20120093354183324 -0.21817437626284494
leaf_weight=177 20 21 27 132 384 38 27 23 38 580 45 89 1364 142 22 22 24 25 47 24 27 31
leaf_count=177 20 21 27 132 384 38 27 23 38 580 45 89 1364 142 22 22 24 25 47 24 27 31
internal_value=-0.000461793 -0.00359933 -0.000151031 0.0014457 0.002411 0.00132218 -0.00220979 -0.00617476 -0.000758761 -0.000538189 -0.00067666 -0.00614392 -0.000225135 -0.00409384 -0.00199443 -0.0060791 -0.00428674 -0.00587013 0.00392768 -0.000749206 -0.0032782 -0.0119252
internal_weight=3329 298 3031 831 653 108 70 50 2200 2113 222 190 1944 169 178 87 138 114 431 156 65 52
internal_count=3329 298 3031 831 653 108 70 50 2200 2113 222 190 1944 169 178 87 138 114 431 156 65 52
cat_boundaries=0 1 2 4
cat_threshold=426224 594057 608 145408
is_linear=0
shrinkage=0.04


Tree=222
num_leaves=19
num_cat=3
split_feature=6 20 31 20 20 6 39 19 0 22 0 6 20 5 19 22 39 20
split_gain=2.28167 2.69599 2.27358 1.82677 2.45079 1.85211 1.80553 2.27778 1.99915 2.56878 1.74262 1.5449 1.46116 1.30364 0.982311 0.769236 1.09049 0.484182
threshold=2.3000000000000003 22.295370033520495 0 10.579047315395195 8.4107797552373444 6.9000000000000012 10.600000000000001 12.312319074224092 1 4.1500000000000012 2 6.1000000000000005 10.989303210103795 9.7000000000000011 13.033868797850481 0.55000000000000016 10.600000000000001 17.073864727756906
decision_type=10 10 9 10 10 10 10 10 1 2 1 10 10 10 10 2 10 10
left_child=1 6 11 4 5 -4 8 10 12 -10 -8 -2 -1 17 -9 16 -13 -5
right_child=2 -3 3 13 -6 -7 7 14 9 -11 -12 15 -14 -15 -16 -17 -18 -19
leaf_value=-0.00062505938936848078 -0.30607340647564751 -0.78857781620453837 -0.0012277109978381341 -0.56337938428563816 0.48891279418645045 -0.18228057970782507 0.00055982537085650817 0.10518850475277425 0.00049769847767048962 -0.0067711894644623171 -0.0031707714127537125 0.0023739828695390486 -0.010241464628007062 -0.64704740349871603 0.0056000387713545582 -0.13158278778723742 8.2861008950418658 -0.59750594185414363
leaf_weight=166 24 25 116 41 39 155 405 29 1004 45 912 26 64 20 166 25 30 36
leaf_count=166 24 25 116 41 39 155 405 29 1004 45 912 26 64 20 166 25 30 36
internal_value=-0.00050398 -5.60781e-05 -0.00295618 -0.00424851 -0.00281862 -0.00417615 6.37422e-05 -0.000870829 0.00116986 0.00190288 -0.00146985 0.00221459 -0.00214493 -0.00911675 0.00314504 0.00506667 0.00761739 -0.0114395
internal_weight=3328 2816 512 407 310 271 2791 1512 1279 1049 1317 105 230 97 195 81 56 77
internal_count=3328 2816 512 407 310 271 2791 1512 1279 1049 1317 105 230 97 195 81 56 77
cat_boundaries=0 2 3 4
cat_threshold=134217920 163840 144448 1923072
is_linear=0
shrinkage=0.04


Tree=223
num_leaves=25
num_cat=8
split_feature=40 31 0 21 7 31 0 34 0 40 17 19 39 31 29 18 22 34 22 24 3 8 22 19
split_gain=3.0576 1.61113 2.45693 1.38291 1.3612 1.52528 2.07111 2.29207 1.95923 1.75241 1.51342 1.39026 1.32153 1.31414 1.27571 1.69315 1.36344 1.23665 1.09032 1.53395 0.786003 0.733932 0.270786 0.19103
threshold=0.059714795008912663 0 1 3.5038442435691777 18.300000000000001 2 3 4 5 1.0000000180025095e-35 10.700000000000001 0.652594410669046 19.100000000000005 6 172.91351650000004 3.5000000000000004 0.25000000000000006 7 1.8500000000000003 75.645739093695866 0.15000000000000005 24.700000000000006 3.8500000000000001 10.566875275889014
decision_type=2 9 1 8 10 9 1 9 1 2 10 8 10 9 2 10 2 9 2 10 10 8 2 8
left_child=4 14 18 12 5 6 17 -8 11 -10 20 -7 -4 -5 15 16 -2 -1 19 -3 21 -6 -20 -17
right_child=1 2 3 13 10 8 7 -9 9 -11 -12 -13 -14 -15 -16 23 -18 -19 22 -21 -22 -23 -24 -25
leaf_value=0.00033619884596660656 0.024580631989147471 0.20844672903174732 0.15757961695758874 -0.0020757391946142436 -0.03806207258044008 -0.0048061415839103462 -0.00051476570114669326 0.0016093965800202171 -4.9670248083408807e-05 0.1932344967599651 0.85850877698389516 0.0019322581135016216 -0.018810442161981057 -0.030558028443344015 0.012660350729052113 -0.046880283895065031 -0.021905288166207414 -0.0033164181805022787 -0.054955618070780921 -0.0025773610784998627 -1.0185130958794895 -0.38334800432368937 -0.053134979940235944 -0.21915537588805173
leaf_weight=123 38 68 23 118 26 43 567 378 583 31 20 422 93 258 37 20 31 246 22 125 35 25 20 21
leaf_count=123 38 68 23 118 26 43 567 378 583 31 20 422 93 258 37 20 31 246 22 125 35 25 20 21
internal_value=-0.00038465 -0.00241919 -0.00316588 -0.00476266 0.000327135 0.000525371 -0.000390796 0.000604286 0.00163044 0.0001247 -0.00407442 0.00356348 -0.00100426 -0.00603444 0.00137539 -0.000699552 0.0030922 -0.00288568 0.000235294 0.00153213 -0.00637714 -0.00948571 -0.00547126 -0.00701176
internal_weight=3373 874 727 492 2499 2393 1314 945 1079 614 106 465 116 376 147 110 69 369 235 193 86 51 42 41
internal_count=3373 874 727 492 2499 2393 1314 945 1079 614 106 465 116 376 147 110 69 369 235 193 86 51 42 41
cat_boundaries=0 2 3 5 6 7 8 10 11
cat_threshold=201326721 131072 1346578 643 518656 393826 1512 410601 578 32768 1416
is_linear=0
shrinkage=0.04


Tree=224
num_leaves=19
num_cat=6
split_feature=0 4 19 17 6 34 24 36 25 25 19 8 21 0 0 10 25 5
split_gain=1.88915 1.57881 1.61846 1.20195 1.55006 1.16787 2.55104 1.60611 1.36554 2.11239 1.29449 0.84024 0.788143 1.51743 1.18715 0.601973 1.30173 0.00522709
threshold=0 0.55000000000000016 10.017660789748842 10.700000000000001 18.700000000000003 1 64.767612562581476 2 257.9460292841917 224.88850052843603 2.396608777429091 1.0500000000000003 12.54660011941084 3 4 5 203.56671386578725 5.5500000000000007
decision_type=1 10 10 10 10 9 10 1 10 10 10 8 8 1 1 1 10 10
left_child=1 5 15 4 12 8 11 -8 9 -1 -10 -7 13 -2 -14 -3 -17 -4
right_child=3 2 17 -5 -6 6 7 -9 10 -11 -12 -13 14 -15 -16 16 -18 -19
leaf_value=-0.00028592536998477413 -0.0084629503729621008 1.2275435978722147 -0.78240884662880805 2.326121808198145 -1.1942556957202646 0.0013635405851749028 0.0011008640894226574 -0.0018975874961369322 -0.000134204688996018 0.013104414474437328 -0.023968512270559489 0.0075759327913662664 -0.00063308978985190836 -0.00033677878297758921 0.0020628023938956729 -0.13012299947520581 0.25811958106465033 -4.3064246943489204
leaf_weight=360 366 20 21 21 33 70 365 130 50 52 46 40 612 693 324 36 38 20
leaf_count=360 366 20 21 21 33 70 365 130 50 52 46 40 612 693 324 36 38 20
internal_value=-0.000526906 0.000697102 -0.00335531 -0.00127057 -0.00137866 0.00120054 0.00236496 0.00116415 -0.000227141 0.000769045 -0.00449231 0.00787444 -0.00123115 -0.00197831 -0.000381867 -0.000397906 -0.00209272 -0.00983529
internal_weight=3297 1248 135 2049 2028 1113 605 495 508 412 96 110 1995 1059 936 94 74 41
internal_count=3297 1248 135 2049 2028 1113 605 495 508 412 96 110 1995 1059 936 94 74 41
cat_boundaries=0 1 2 3 4 5 6
cat_threshold=1124745 8632 5 5216 786454 4
is_linear=0
shrinkage=0.04


Tree=225
num_leaves=19
num_cat=4
split_feature=40 6 26 17 0 26 20 40 26 8 21 32 8 13 26 23 40 11
split_gain=1.65748 1.42894 1.77145 1.75699 1.72963 2.00236 1.77811 1.52497 1.29975 1.38517 0.970218 1.20535 0.933387 0.934905 0.778018 0.676612 0.556635 0.279793
threshold=0.1126984126984127 10.100000000000001 12.099845110042795 11.600000000000003 0 58.039408454431317 9.270224347805458 0.031754032258064523 62.718276471590748 30.200000000000003 2.3615380799112016 1 0.55000000000000016 2 229.05986730223847 2.4500000000000006 0.067816091954023008 3
decision_type=2 10 8 10 1 8 8 2 8 8 8 9 10 1 8 2 2 1
left_child=1 2 15 7 6 -6 -4 14 12 10 17 -12 13 -2 -3 -1 -9 -10
right_child=8 3 4 -5 5 -7 -8 16 9 -11 11 -13 -14 -15 -16 -17 -18 -19
leaf_value=-0.0098254134926546045 0.24858018050546046 -0.11248692731720099 0.0008849720903231173 4.3790443501681606 -0.0030105620382053998 -6.950497264574196e-05 -0.0003004729976655973 1.5595938844405164 -0.075730655864192115 0.58496672624373747 -0.043384732038845825 -0.0081960078586949692 0.6389281232930184 -0.02819653500429542 -1.4629781836934126 -0.0023006028514730658 -0.16892388149170701 -0.1000605433865735
leaf_weight=26 24 65 843 20 186 1042 550 25 20 33 116 191 20 24 60 25 24 25
leaf_count=26 24 65 843 20 186 1042 550 25 20 33 116 191 20 24 60 25 24 25
internal_value=-0.000523415 -0.000166696 7.40602e-05 -0.00346803 0.0002204 -0.000869706 0.00118049 -0.00477493 -0.00276788 -0.00366882 -0.00440736 -0.00355916 0.00227338 -0.000767677 -0.00709881 -0.0072 0.00114851 -0.00984946
internal_weight=3319 2866 2672 194 2621 1228 1393 174 453 385 352 307 68 48 125 51 49 45
internal_count=3319 2866 2672 194 2621 1228 1393 174 453 385 352 307 68 48 125 51 49 45
cat_boundaries=0 1 2 3 4
cat_threshold=62255 3 2 2
is_linear=0
shrinkage=0.04


Tree=226
num_leaves=29
num_cat=12
split_feature=39 6 26 31 0 18 34 32 31 0 31 0 0 34 22 6 26 0 7 6 17 31 26 5 22 22 5 18
split_gain=2.43914 2.72408 2.03652 3.19397 2.01974 2.30671 2.16656 1.97223 3.99294 2.0135 2.04614 1.83218 1.81395 1.80619 1.63214 1.49647 1.48773 1.47077 1.45079 1.67414 1.42733 1.32942 1.32137 1.29192 1.16635 0.986043 0.454639 0.132809
threshold=9.5000000000000018 5.6500000000000012 269.20805810070078 0 1 2.5000000000000004 2 3 4 5 6 7 8 9 -2.8499999999999992 2.7500000000000004 239.11913488772049 10 10.050000000000002 23.100000000000005 0.15000000000000005 11 209.91125156803795 0.45000000000000007 -4.3499999999999988 0.75000000000000011 5.1000000000000005 9.5000000000000018
decision_type=10 8 8 9 1 10 9 9 9 1 9 1 1 9 2 10 10 1 8 10 8 9 10 10 2 2 10 10
left_child=1 4 7 23 5 13 21 8 11 15 -11 -2 -8 -1 24 -9 18 -10 26 -20 -16 -6 -7 25 -5 -4 -3 -25
right_child=2 16 3 14 6 22 12 9 17 10 -12 -13 -14 -15 20 -17 -18 -19 19 -21 -22 -23 -24 27 -26 -27 -28 -29
leaf_value=0.00065542768599204495 0.00060369956089466824 0.082158730862690141 -0.0087511178155484266 -0.0001630531212834896 0.0019054861465885155 0.001039820986308584 -0.00088591164709875161 0.0028529977265943354 0.02026249351442928 -0.010659721106897883 -0.0023387719078410284 -0.016650172098574105 0.00063889517180939495 -0.0018479360762913544 0.00032895679208621686 -0.12733742724146452 -0.36852918094126014 0.0019135582267059803 -0.37586483287377376 0.58759351081096045 -0.0094222840200769292 0.0012206137301645726 0.019184395998105883 -0.10263873290058077 0.17562739699335567 -0.00032399846904755946 -0.1261051142419099 -0.74602713856720071
leaf_weight=103 104 20 125 26 125 68 142 188 113 131 421 133 331 223 149 33 26 293 33 24 117 205 24 20 23 63 21 21
leaf_count=103 104 20 125 26 125 68 142 188 113 131 421 133 331 223 149 33 26 293 33 24 117 205 24 20 23 63 21 21
internal_value=-0.000465144 0.000845154 -0.00136528 -0.00344271 0.00142168 -0.000833527 0.00257581 -0.000562963 0.00106646 -0.0019095 -0.00319077 -0.00296982 0.000780186 -0.00243664 -0.000667688 0.00128172 -0.00476494 0.00344431 -0.00239196 -0.00646154 -0.00193645 0.00503075 0.00468449 -0.00689397 0.00590099 -0.00568865 0.00324706 -0.0136
internal_weight=3305 1345 1960 544 1221 418 803 1416 643 773 552 237 473 326 315 221 124 406 98 57 266 330 92 229 49 188 41 41
internal_count=3305 1345 1960 544 1221 418 803 1416 643 773 552 237 473 326 315 221 124 406 98 57 266 330 92 229 49 188 41 41
cat_boundaries=0 2 3 4 5 7 8 10 11 12 13 14 16
cat_threshold=268436547 212992 147074 9272 12 67112332 12288 21509 48 65536 39032 344096 10816 165897 130 233472
is_linear=0
shrinkage=0.04


Tree=227
num_leaves=24
num_cat=2
split_feature=31 6 40 39 26 27 19 29 26 11 39 5 27 19 21 39 6 26 18 19 23 18 21
split_gain=2.46191 1.8805 2.39771 2.25753 1.76919 1.59096 2.44668 1.23666 1.17957 1.84686 1.1868 1.96825 1.02335 1.01237 0.97624 1.72237 0.984691 0.959987 0.907723 0.724049 0.711735 0.710892 0.778998
threshold=0 5.5500000000000007 0.067816091954023008 137.50000000000003 36.059747307225685 155.00000000000003 12.620915016182245 172.94631450000003 48.561834621193647 1 292.00000000000006 0.35000000000000003 320.50000000000006 2.6371731338465376 1.6813631142244121 6.8333333333333348 11.700000000000001 213.48850899480254 1.0000000180025095e-35 2.9964898503452906 2.4500000000000006 24.500000000000004 5.5274461573725864
decision_type=9 8 2 10 8 2 10 2 8 1 10 10 2 10 8 8 10 10 10 10 2 10 10
left_child=8 2 5 21 -4 6 -2 -6 9 18 14 19 13 -11 15 -10 -16 -7 20 -12 -1 22 -3
right_child=1 3 4 -5 7 17 -8 -9 10 12 11 -13 -14 -15 16 -17 -18 -19 -20 -21 -22 -23 -24
leaf_value=0.0029160286168502659 -0.0012031822060045983 -0.15812188768291371 0.38121735526019862 1.5500889652765251 -0.026224841460210584 1.0729928476145289e-05 -0.058068152090366816 0.0059226470620946259 -0.0010078373112108708 -0.012315755593501444 0.0066260993301026977 -0.74564145875300658 0.00025095867219597777 -0.0033898055386218217 0.00035193946178194933 0.0084068437951192541 -0.41452974379916668 0.0020980688870766073 0.016922854708739977 -0.064754359511076873 -0.001587099171037707 -2.2916188047153025 -0.1089840033738521
leaf_weight=22 274 84 28 31 287 407 34 34 43 44 47 22 23 71 1346 90 59 169 23 39 33 27 54
leaf_count=22 274 84 28 31 287 407 34 34 43 44 47 22 23 71 1346 90 59 169 23 39 33 27 54
internal_value=-0.000576462 -0.00181742 -0.00124585 -0.00545823 -0.00404565 -0.000133258 -0.00244911 -0.00489302 0.00038324 -0.00238161 0.000751442 -0.00326941 -0.00514695 -0.00667811 0.001038 0.0042974 0.000723782 0.00110476 0.00249057 -0.000434286 -0.000318584 -0.00731532 -0.00600717
internal_weight=3291 1429 1233 196 349 884 308 321 1862 216 1646 108 138 115 1538 133 1405 576 78 86 55 165 138
internal_count=3291 1429 1233 196 349 884 308 321 1862 216 1646 108 138 115 1538 133 1405 576 78 86 55 165 138
cat_boundaries=0 2 3
cat_threshold=142607511 455680 1
is_linear=0
shrinkage=0.04


Tree=228
num_leaves=23
num_cat=5
split_feature=40 31 39 34 39 34 40 26 26 29 39 31 21 27 36 21 18 26 26 21 8 40
split_gain=2.37586 1.42041 2.23541 1.53531 1.20603 1.17315 2.27329 1.46852 1.16085 1.69849 1.1123 1.09959 2.30136 2.27029 1.92835 1.79642 1.77146 1.63015 0.847761 0.84476 0.721054 0.699153
threshold=0.059714795008912663 0 1010.1000000000001 1 15.700000000000001 2 0.078461538461538485 181.25572560925181 345.51503252150559 172.90915550000003 239.70000000000002 3 10.922839686587144 186.50000000000003 4 10.628061128396523 7.5000000000000009 162.2088783409562 68.37300776233856 11.565866850952469 0.65000000000000002 0.12310606060606062
decision_type=2 9 10 9 10 9 2 8 10 2 10 9 10 2 1 10 10 10 8 10 8 2
left_child=8 5 3 20 -5 7 19 10 11 -10 -2 13 15 17 -14 -13 -15 -1 -8 -7 -3 -9
right_child=1 2 -4 4 -6 6 18 21 9 -11 -12 12 14 16 -16 -17 -18 -19 -20 -21 -22 -23
leaf_value=-0.00019786898931428709 0.011679610030897507 -0.0057788414310172695 0.084940461611617196 -0.00010110632082064086 -0.036846533447776081 -0.00083708852451417574 -0.021400499903359353 -0.0083169365664973148 0.0048030393072702893 -0.00037069122728880191 -0.037814013352591762 -1.8060699438162685e-05 0.0082900941846660997 0.00045429414653513689 -0.0024072536201460082 -0.0035886402591751576 -0.033816433342485568 -0.011297874437794153 0.33850566213183247 -0.054938622791747493 0.067497076757132887 -0.085235108325091388
leaf_weight=180 35 83 29 56 329 30 20 24 26 31 20 1262 354 278 106 21 42 168 94 22 77 39
leaf_count=180 35 83 29 56 329 30 20 24 26 31 20 1262 354 278 106 21 42 168 94 22 77 39
internal_value=-0.000420135 -0.00223153 -0.00334415 -0.00398536 -0.0052913 0.000128596 0.00224225 -0.00276448 0.000209759 0.00577778 0.00173451 7.37824e-05 0.000603021 -0.00129213 0.00302925 -0.000263137 0.00111353 -0.0035422 0.00552381 -0.0044486 -0.00045481 -0.00710078
internal_weight=3326 858 574 545 385 284 166 118 2468 57 55 2411 1743 668 460 1283 320 348 114 52 160 63
internal_count=3326 858 574 545 385 284 166 118 2468 57 55 2411 1743 668 460 1283 320 348 114 52 160 63
cat_boundaries=0 2 3 4 6 7
cat_threshold=201328003 131072 16552 4512 67112585 66048 5
is_linear=0
shrinkage=0.04


Tree=229
num_leaves=27
num_cat=7
split_feature=31 7 0 0 26 17 31 26 25 23 23 25 27 25 32 17 23 0 25 31 25 26 20 8 26 5
split_gain=2.35369 3.57087 2.16265 1.84142 1.95499 2.06878 2.04839 1.48191 1.65899 2.0814 1.84589 1.55423 1.51518 1.36995 1.32766 1.80803 1.26932 1.24547 1.08082 1.01745 0.938521 1.08904 0.816776 0.771882 0.495172 0.105036
threshold=0 18.300000000000001 1 2 235.58723637511511 2.9500000000000006 3 72.184338945164214 201.25286805112134 2.4500000000000006 2.2500000000000004 67.317361278519613 205.50000000000003 58.387520964866411 4 2.0500000000000003 2.4500000000000006 5 186.96284290154983 6 34.329087494723801 328.91884003182048 6.0098152021107145 22.650000000000002 73.190977734029431 13.300000000000002
decision_type=9 8 1 1 8 10 9 10 10 2 2 10 2 10 9 10 2 1 10 9 10 10 10 10 10 10
left_child=3 2 20 7 6 19 18 11 10 -10 -9 13 -13 -1 15 -4 24 -16 -5 -6 -2 -22 -8 -7 -3 -18
right_child=1 16 14 4 5 23 22 8 9 -11 -12 12 -14 -15 17 -17 25 -19 -20 -21 21 -23 -24 -25 -26 -27
leaf_value=-0.0021822480536146218 0.18603254346921969 -0.12982167241708395 0.00042895761688610534 0.0050945730130738552 0.0026342249706195098 0.17262135049212435 -0.0019792387033944793 0.013167530751470622 -0.0043817910649260839 0.0026261618168646806 -2.9949700210725184e-05 -0.013261151730054177 -0.00031977182134763639 0.062012367650345228 0.00017388063784629538 0.41898798840241397 -0.76022568891213038 -0.001647260647449329 -0.0055908589840686675 0.0002491391934896825 -0.0052166558836222168 -0.016860351288671041 0.0002102357753419959 0.089223082423021266 -0.86970705224290745 -1.8832470353675421
leaf_weight=175 25 23 214 102 124 25 183 89 204 79 146 52 39 28 396 21 21 405 24 271 400 20 180 32 22 20
leaf_count=175 25 23 214 102 124 25 183 89 204 79 146 52 39 28 396 21 21 405 24 271 400 20 180 32 22 20
internal_value=-0.000589493 -0.00170922 -0.00125329 0.000418249 0.0016147 0.0035237 -0.000118247 -0.000969035 0.000304139 -0.00175044 0.00278224 -0.00324196 -0.00754595 -0.00126161 -0.000227208 0.00234483 -0.00957714 -0.00100677 0.00405818 0.00246658 -0.00354436 -0.00407592 -0.0016502 0.0105641 -0.0141505 -0.00418824
internal_weight=3320 1567 1481 1753 941 452 489 812 518 283 235 294 91 203 1036 235 86 801 126 395 445 420 363 57 45 41
internal_count=3320 1567 1481 1753 941 452 489 812 518 283 235 294 91 203 1036 235 86 801 126 395 445 420 363 57 45 41
cat_boundaries=0 2 3 4 6 7 8 10
cat_threshold=142612039 64512 46148 1527456 1025 18432 65 198803 1538 4096
is_linear=0
shrinkage=0.04


Tree=230
num_leaves=17
num_cat=3
split_feature=40 7 6 19 39 20 5 20 31 0 8 31 20 19 19 19
split_gain=3.14059 1.84189 1.71157 1.76004 1.6179 1.65179 1.42512 1.37007 1.29684 1.1001 1.5882 1.50751 1.1686 1.01218 0.764477 0.370699
threshold=0.10172413793103451 23.000000000000004 7.5000000000000009 21.098649060358881 551.50000000000011 21.873548283877341 27.000000000000004 2.5167487600865268 0 1 5.3500000000000005 2 2.1569058964676491 14.291020255036241 1.2081867542361877 5.2426703000476635
decision_type=2 8 10 10 10 10 10 10 9 1 10 9 10 10 10 10
left_child=2 9 4 6 5 8 7 -4 -1 10 13 14 -13 -2 -11 -12
right_child=1 -3 3 -5 -6 -7 -8 -9 -10 11 15 12 -14 -15 -16 -17
leaf_value=-8.2707700857724835e-05 -0.003874705946578736 -2.3205875993714096 -0.075877750587497558 14.382739042507138 -0.063902643254301741 -0.75767213516743026 40.775646040781247 -0.42684413385341374 0.00073579611554130508 -0.0025658203346951504 0.066583752012307124 -0.04847089564389883 0.0043514614629435403 -0.10450414950915274 -0.044198051765095697 2.2248446520977532
leaf_weight=1254 147 20 74 27 37 27 20 121 1255 20 34 62 111 25 80 23
leaf_count=1254 147 20 74 27 37 27 20 121 1255 20 34 62 111 25 80 23
internal_value=-0.000436723 -0.00328176 9.16031e-05 -0.00311294 0.000395417 0.000519409 -0.00433256 -0.00538422 0.00062856 -0.00277656 -0.000573805 -0.00442179 -0.00183198 -0.0025245 -0.00823318 0.00509402
internal_weight=3337 522 2815 242 2573 2536 215 195 2509 502 229 273 173 172 100 57
internal_count=3337 522 2815 242 2573 2536 215 195 2509 502 229 273 173 172 100 57
cat_boundaries=0 2 3 5
cat_threshold=4597 139264 797717 818 65536
is_linear=0
shrinkage=0.04


Tree=231
num_leaves=27
num_cat=3
split_feature=5 31 24 40 31 21 26 26 8 6 31 22 21 4 4 27 25 22 22 29 25 24 24 22 29 8
split_gain=1.98099 2.18407 2.22099 1.74363 2.06821 1.98316 1.90303 2.14409 2.03826 1.73735 1.43249 1.24203 1.78756 1.19488 1.3843 1.17838 0.918897 1.29591 0.897974 0.806111 0.759652 1.42273 0.736517 0.502762 0.687517 0.478265
threshold=1.3 0 216.95605357613434 0.067816091954023008 1 6.3167415640083666 73.343416082682253 76.340174985178848 6.1500000000000012 0.25000000000000006 2 -1.5499999999999998 3.6426287107184536 2.5000000000000004 6.3000000000000016 155.00000000000003 275.3488624745973 -0.74999999999999989 2.3500000000000001 172.95871750000001 242.07617762620859 229.77584736178463 260.67606177650197 -0.74999999999999989 172.70597200000003 10.900000000000002
decision_type=8 9 10 2 9 8 10 10 10 10 9 2 10 10 10 2 10 2 2 2 8 8 8 2 2 8
left_child=3 13 23 4 5 18 8 -8 -6 -7 20 -4 -13 15 -15 -2 19 -18 -1 -12 21 -5 -22 24 -3 -25
right_child=1 2 11 10 6 9 7 -9 -10 -11 16 12 -14 14 -16 -17 17 -19 -20 -21 22 -23 -24 25 -26 -27
leaf_value=-0.0034386365619932138 0.32506354821018763 -0.20878991556668205 -0.2913109795734713 0.00065399539755720329 -0.00021446908185904334 -0.00023849751227103866 0.03897406044816773 0.0008520971253355114 0.0090469001070667861 0.011042364608391005 -0.020760801820273331 2.1430596136019222 -0.13401368917685433 14.286587332727619 0.35481786624677397 -0.17882569889920674 -0.028899407969072505 0.029818785316810193 0.003244819448002474 0.0056730576224277842 0.06538274748223713 -0.087233631869072639 0.0084647553608987458 -0.088730859311984031 0.016337129542216822 -0.51717126341556552
leaf_weight=360 25 32 27 137 497 433 49 704 76 96 300 27 106 25 28 25 31 41 39 27 21 35 64 56 21 48
leaf_count=360 25 32 27 137 497 433 49 704 76 96 300 27 106 25 28 25 31 41 39 27 21 35 64 56 21 48
internal_value=-0.00056371 -0.00312693 -0.00468189 -0.000191654 0.000336067 -0.00110484 0.0013443 0.00267462 -0.00037946 0.000486334 -0.00200456 -0.00147368 0.000133829 0.00190393 0.00620183 -0.00229126 -0.00345432 0.000517007 -0.00324095 -0.00443836 0.000364991 -0.00114121 0.00344509 -0.00818927 -0.00473394 -0.00983886
internal_weight=3330 420 317 2910 2254 928 1326 753 573 529 656 160 133 103 53 50 399 72 399 327 257 172 85 157 53 104
internal_count=3330 420 317 2910 2254 928 1326 753 573 529 656 160 133 103 53 50 399 72 399 327 257 172 85 157 53 104
cat_boundaries=0 2 4 6
cat_threshold=8388696 49152 3413 426496 134219075 180224
is_linear=0
shrinkage=0.04


Tree=232
num_leaves=27
num_cat=8
split_feature=39 31 0 4 0 0 31 0 0 18 39 19 31 26 35 25 25 22 8 8 22 25 26 39 25 25
split_gain=1.97773 2.4959 2.23927 2.25744 1.82302 1.74808 1.74781 2.3104 1.81633 1.58457 1.57987 1.50267 1.42765 1.4084 1.76589 1.43447 1.34894 1.29833 1.23697 1.17858 1.09818 0.950826 0.857028 0.988796 0.981866 0.336845
threshold=21.300000000000001 0 1 2.7500000000000004 2 3 4 5 6 14.500000000000002 6.4583333333333348 14.614133123992373 7 196.20741193856946 1.0000000180025095e-35 241.71075475379055 54.10522762507609 -1.7499999999999998 6.3000000000000016 1.0000000180025095e-35 1.0000000180025095e-35 96.129023038407283 221.50159922401295 8.1666666666666696 224.88850052843603 88.083963345337807
decision_type=10 9 1 10 1 1 9 1 1 10 10 10 9 8 2 8 8 2 10 10 2 8 10 10 10 10
left_child=2 4 12 6 18 11 7 -4 -8 16 -5 17 19 14 -7 -15 -6 -3 25 21 -21 -1 24 -24 -14 -2
right_child=1 5 3 10 9 13 8 -9 -10 -11 -12 -13 22 15 -16 -17 -18 -19 -20 20 -22 -23 23 -25 -26 -27
leaf_value=0.0014887920302611591 -0.012663791547396315 -0.0088391212829654724 0.00096430206440512479 -1.1871902238939931 -0.010150527096670673 -0.0078244742779639519 1.79096676699686e-06 -0.0010861393851996227 0.0012408516642630296 -0.090516298164124362 -0.042777221502685168 -0.092741163867716137 -0.0023974189685273119 -0.060603840030297056 0.022576902359381847 -0.023619102383613182 0.011255634349572184 0.0027513142102201372 0.09908006728175224 0.1715178359994643 0.0019161971918306975 -0.0016001566477664042 0.00067401198615424818 -0.0039627235092321205 -0.0058259967236827847 -0.029755206834229889
leaf_weight=23 34 39 237 27 37 223 321 338 582 31 35 29 250 88 43 169 347 168 36 26 38 38 59 22 23 48
leaf_count=23 34 39 237 27 37 223 321 338 582 31 35 29 250 88 43 169 347 168 36 26 38 38 59 22 23 48
internal_value=-0.000416 -0.00163742 0.000365256 0.00110732 0.000473829 -0.00308631 0.00143156 -0.000303495 0.00251285 0.00173036 -0.00626772 -0.000153535 -0.00199388 -0.00437418 -0.00238505 -0.00656867 0.00248508 0.00104556 -0.00369112 0.00159707 0.00546565 -0.002208 -0.0032777 0.000218182 -0.00443716 -0.00668263
internal_weight=3311 1292 2019 1540 533 759 1478 575 903 415 62 236 479 523 266 257 384 207 118 125 64 61 354 81 273 82
internal_count=3311 1292 2019 1540 533 759 1478 575 903 415 62 236 479 523 266 257 384 207 118 125 64 61 354 81 273 82
cat_boundaries=0 2 3 4 5 7 8 9 10
cat_threshold=16500 151552 459392 1181716 1337360 2421 327680 1067298 1077296 218
is_linear=0
shrinkage=0.04


Tree=233
num_leaves=21
num_cat=3
split_feature=40 6 25 39 8 25 24 32 24 39 4 21 6 3 3 25 26 34 13 28
split_gain=2.25758 2.76436 1.81917 1.72729 1.31616 1.55122 1.20558 1.46675 2.03079 1.14865 1.14735 1.29003 1.08126 0.954913 1.37291 1.07105 1.59938 1.17417 1.01266 0.239398
threshold=0.059714795008912663 5.6500000000000012 320.86727350836048 15.225000000000001 23.300000000000001 257.9460292841917 16.80447184979241 0 50.122015940760214 1103.5000000000002 1.9000000000000001 6.5956758697674651 23.100000000000005 0.25000000000000006 0.75000000000000011 142.31297085779019 73.467044752672805 1 2 -43.790424999999992
decision_type=2 10 10 8 10 8 8 9 10 10 10 10 10 10 10 8 10 9 1 2
left_child=1 13 6 10 5 -5 -2 9 -9 -8 11 -3 -12 15 19 16 -1 -17 -16 -15
right_child=2 3 -4 4 -6 -7 7 8 -10 -11 12 -13 -14 14 18 17 -18 -19 -20 -21
leaf_value=3.6399429714002454e-05 -0.024677777087782432 0.019025401989189845 0.013356951193231197 1.4502628993136577 -1.3363079271343241 -0.12172183556845589 -0.022548901131916991 0.032908254462516384 -0.0026874513702975023 0.3532783500089029 -1.1397026149382332 -0.088456055557450675 -0.23811894000053144 0.005741544914273789 -0.15573962487609735 -0.00058513479763899312 0.0014000552725619998 0.00071205974957806012 0.077252325992360774 0.1036290119386878
leaf_weight=568 24 46 39 49 30 24 425 39 329 22 49 41 20 21 25 646 397 519 26 21
leaf_count=568 24 46 39 49 30 24 425 39 329 22 49 41 20 21 25 646 397 519 26 21
internal_value=-0.000165997 0.000450171 -0.0019079 -0.00344722 0.000555024 0.00346309 -0.00230577 -0.00203062 -0.000100132 -0.0035289 -0.00608254 -0.00291525 -0.00990071 0.00090717 0.00484656 0.000730941 0.00171547 -8.4012e-05 0.000342857 0.010069
internal_weight=3360 2482 878 259 103 73 839 815 368 447 156 87 69 2223 93 2130 965 1165 51 42
internal_count=3360 2482 878 259 103 73 839 815 368 447 156 87 69 2223 93 2130 965 1165 51 42
cat_boundaries=0 1 2 3
cat_threshold=25 3520 2
is_linear=0
shrinkage=0.04


Tree=234
num_leaves=22
num_cat=3
split_feature=6 0 40 20 0 25 0 39 39 24 4 18 22 25 39 8 23 24 17 8 3
split_gain=2.49515 4.68285 2.83108 1.88386 1.5193 1.99315 1.46655 1.20593 1.19611 1.13542 1.07528 0.955253 1.42489 1.25127 0.943451 0.923764 0.876082 0.610584 0.540089 0.258924 0.186092
threshold=7.5000000000000009 0 0.067816091954023008 23.057781145785953 1 273.61522147647582 2 6.4583333333333348 322.20000000000005 237.15281353204756 8.9000000000000021 2.5000000000000004 0.75000000000000011 221.23699375665248 6.4583333333333348 12.65 2.4500000000000006 177.15912767369767 3.7000000000000006 1.3500000000000003 0.15000000000000005
decision_type=10 1 2 10 1 10 1 8 8 10 10 10 2 8 10 10 2 10 10 10 10
left_child=2 9 3 6 11 8 14 -8 -6 16 15 12 -4 -13 -1 20 18 -17 -2 -7 -3
right_child=1 10 4 -5 5 19 7 -9 -10 -11 -12 13 -14 -15 -16 17 -18 -19 -20 -21 -22
leaf_value=5.3947869355539526e-05 0.031563412597957669 -0.33541237901799148 -0.0019683034072927796 -0.88710148007706779 -0.0006209101877436041 0.01034789906087262 0.00052327522151053075 -0.0004305144270961847 -0.036047981545013687 4.7213971891694095 -0.19945015985637149 -0.10591688716488185 -0.022757920924749656 -0.029201531290054598 0.0011389520471885106 -0.13559383728586297 3.1155583750226596 -0.48427336970812063 -0.33320704727606881 0.012822673145501966 -1.4822369977179097
leaf_weight=367 21 21 146 23 231 33 437 1025 66 29 34 52 79 55 503 26 20 95 31 21 23
leaf_count=367 21 21 146 23 231 33 437 1025 66 29 34 52 79 55 503 26 20 95 31 21 23
internal_value=-0.00050247 -0.00397347 -0.000157263 0.000499894 -0.00242221 -0.000491034 0.000616242 -0.00016152 -0.00180235 0.00300444 -0.00730641 -0.00430277 -0.00290508 -0.00753917 0.00190357 -0.008997 0.000517007 -0.00700408 -0.00220561 0.00645045 -0.014022
internal_weight=3338 300 3038 2355 683 351 2332 1462 297 101 199 332 225 107 870 165 72 121 52 54 44
internal_count=3338 300 3038 2355 683 351 2332 1462 297 101 199 332 225 107 870 165 72 121 52 54 44
cat_boundaries=0 1 2 3
cat_threshold=164066 692324 531244
is_linear=0
shrinkage=0.04


Tree=235
num_leaves=26
num_cat=6
split_feature=5 0 18 7 0 22 31 31 31 24 24 22 37 21 26 21 27 22 21 26 4 7 22 26 18
split_gain=1.63873 2.34926 3.04522 1.76232 1.48427 2.44132 2.81461 2.46244 1.86022 2.00803 1.98067 1.69168 1.55237 1.48535 1.94363 1.47608 1.41817 1.33187 1.31467 1.2945 1.04292 1.24975 0.921123 0.838549 0.177253
threshold=1.5000000000000002 0 7.5000000000000009 8.6500000000000004 1 -1.0000000180025095e-35 2 3 4 30.594026521954792 79.34502210890723 4.8500000000000005 5 5.4566837284075813 155.55320261133866 2.6562492626362881 209.00000000000003 -0.74999999999999989 5.5274461573725864 227.06563316713104 1.2500000000000002 17.300000000000001 1.0500000000000003 280.26017758935927 5.5000000000000009
decision_type=10 1 10 10 1 2 9 9 9 8 8 2 1 8 10 8 2 2 10 10 10 10 2 8 10
left_child=4 2 -2 17 8 6 18 23 13 -10 -11 -9 -8 19 -15 -5 -17 24 -6 -1 -4 -22 -19 -7 -3
right_child=1 3 20 15 5 7 12 11 9 10 -12 -13 -14 14 -16 16 -18 22 -20 -21 21 -23 -24 -25 -26
leaf_value=-0.0019412298855228016 -0.23094392941316066 0.38525938142401162 -0.011271993636580647 0.0034639996370933093 -0.0001651315665631259 0.0027855499732267574 0.0016526733395896187 0.00030454228634836157 -0.003417704199043037 0.003188536442774499 -3.444546034911511e-05 -0.014049767032510055 -0.00053881366351514969 -0.0020195611239007148 0.0023345503075898398 -1.3054554821338433 -0.80921494271566929 -0.23315839204603869 -0.0040829544842144469 -0.011208644716976544 1.1344889717338738 29.855549549632698 -0.017670578513399562 0.0046496546883881959 0.015014865743181787
leaf_weight=195 29 20 23 29 174 277 302 594 36 99 426 32 167 200 82 89 43 23 181 65 25 32 53 94 20
leaf_count=195 29 20 23 29 174 277 302 594 36 99 426 32 167 200 82 89 43 23 181 65 25 32 53 94 20
internal_value=-0.000337611 -0.00278194 0.00214108 -0.00463778 -1.29892e-05 0.000686494 -0.000918231 0.00202103 -0.00116465 0.000450655 0.00109782 0.000436078 0.00111967 -0.00281481 -0.000839506 -0.00749538 -0.00927341 -0.00100426 -0.00354161 -0.00504015 0.00635583 0.00919658 -0.00410323 0.00454379 0.00477108
internal_weight=3310 386 109 277 2924 1821 824 997 1103 561 525 626 469 542 282 161 132 116 355 260 80 57 76 371 40
internal_count=3310 386 109 277 2924 1821 824 997 1103 561 525 626 469 542 282 161 132 116 355 260 80 57 76 371 40
cat_boundaries=0 1 2 4 6 8 9
cat_threshold=140512 1508513 632 403456 3618 231424 3366 122880 5
is_linear=0
shrinkage=0.04


Tree=236
num_leaves=22
num_cat=1
split_feature=40 18 17 22 24 40 6 40 34 4 26 8 23 29 6 24 26 24 25 24 22
split_gain=1.55302 2.12933 1.62582 1.47165 1.97189 1.578 1.4152 2.11063 1.22646 1.72494 1.60803 1.29232 1.88234 1.08229 1.09552 1.08089 2.01994 1.23188 0.818567 0.625987 0.585036
threshold=0.059714795008912663 3.5000000000000004 0.65000000000000002 1.5500000000000003 25.622817860162545 0.13188405797101452 5.6500000000000012 0.031754032258064523 0 1.1000000000000003 248.16355404348135 12.500000000000002 2.4500000000000006 172.71639400000004 9.3500000000000032 352.05438539055802 349.58610167540229 307.11256331603187 262.09148827119679 207.88324791537028 0.45000000000000007
decision_type=2 10 10 2 8 2 10 2 9 10 10 8 2 2 10 10 10 10 8 8 2
left_child=6 2 3 4 -2 -5 15 13 9 10 -3 19 -13 18 -15 16 17 -1 -8 -10 -4
right_child=1 8 20 5 -6 -7 7 -9 11 -11 -12 12 -14 14 -16 -17 -18 -19 -20 -21 -22
leaf_value=6.0698679544533011e-05 -0.03963111640772727 -0.023583499443424926 0.0087872863949476718 -0.028153463838487873 0.0013762892690008855 1.3433745180684297e-05 0.057572864056036281 9.7060258781513102 -0.12682880618882472 8.0535201798379994 -0.096517297414944248 -0.16767744312575039 3.751664709652208 -0.11855541016501941 -0.22738199819495258 -0.0022490674308114221 0.0028803553695337671 0.0024258819891855056 -0.11923699311494204 -0.089793865358942071 0.36331379364827426
leaf_weight=2046 21 65 20 72 390 53 40 20 31 20 20 65 29 40 106 36 31 120 43 49 21
leaf_count=2046 21 65 20 72 390 53 40 20 31 20 20 65 29 40 106 36 31 120 43 49 21
internal_value=-0.000442581 -0.0019102 -0.000515125 -0.00111256 4.36364e-05 -0.00488538 6.36199e-05 -0.00278643 -0.00477005 -0.000841202 -0.00344509 -0.00667385 -0.00374869 -0.00389588 -0.00595254 0.000383979 0.000499431 0.000349712 -0.000213018 -0.010773 0.00701176
internal_weight=3338 856 577 536 411 125 2482 249 279 105 85 174 94 229 146 2233 2197 2166 83 80 41
internal_count=3338 856 577 536 411 125 2482 249 279 105 85 174 94 229 146 2233 2197 2166 83 80 41
cat_boundaries=0 1
cat_threshold=6304
is_linear=0
shrinkage=0.04


Tree=237
num_leaves=23
num_cat=7
split_feature=31 26 17 34 39 7 23 34 31 8 39 23 26 25 11 26 39 22 31 36 39 20
split_gain=2.05739 2.20084 1.17432 2.15251 2.44829 2.71289 1.22967 1.13862 1.5543 1.50556 1.45815 1.98547 1.3846 1.14139 1.04439 0.938878 2.3684 1.69737 1.57539 1.6713 1.23411 0.788647
threshold=0 351.65734424443451 0.8500000000000002 1 40.500000000000007 12.350000000000003 2.1500000000000008 2 3 4.7000000000000002 120.40000000000002 2.2500000000000004 184.52107376462735 265.40665442266567 4 61.893405366838927 1010.1000000000001 -4.0499999999999989 5 6 14.100000000000001 9.4942327451606321
decision_type=9 10 10 9 8 10 2 9 9 10 10 2 8 10 1 10 8 2 9 1 8 10
left_child=1 7 15 6 21 -6 -4 8 13 -10 11 -9 -12 -1 -8 16 17 -2 20 -20 -17 -5
right_child=2 -3 3 4 5 -7 14 10 9 -11 12 -13 -14 -15 -16 18 -18 -19 19 -21 -22 -23
leaf_value=-0.0017081627815396772 0.001085149789735418 0.0027651411547524062 -0.048344684413577962 -0.00056155743306529615 -0.17993844812664236 -0.25799236337882758 -0.054654709821089859 0.0015183302073448956 0.0015994537980952117 0.076445483321535904 0.0028185074262448849 -0.00054617936606060624 -0.049276319760389188 0.0073710182263725874 0.0070605276632705665 0.0004434286304335444 0.0034847000763780756 -0.001259060948080446 0.0017599923391633254 -0.0017354113311144914 -0.0059750554384500809 -0.098745704414151869
leaf_weight=185 43 27 25 123 41 36 38 332 192 61 48 506 94 40 184 70 25 434 501 137 112 45
leaf_count=185 43 27 25 123 41 36 38 332 192 61 48 506 94 40 184 70 25 434 501 137 112 45
internal_value=-0.000259961 0.000840628 -0.00116023 -0.00283283 -0.00537232 -0.0114395 -6.96325e-05 0.000628983 0.00220225 0.00430246 -0.000159355 0.000474092 -0.0038885 -0.000245243 0.000885906 -0.000542501 -0.00190268 -0.00254545 0.000289714 0.00122864 -0.00288372 -0.00282006
internal_weight=3299 1485 1814 492 245 77 247 1458 478 253 980 838 142 225 222 1322 502 477 820 638 182 168
internal_count=3299 1485 1814 492 245 77 247 1458 478 253 980 838 142 225 222 1322 502 477 820 638 182 168
cat_boundaries=0 2 3 4 6 7 9 10
cat_threshold=159391683 13312 10856 21640 8390721 12288 4 16384 329728 5
is_linear=0
shrinkage=0.04


Tree=238
num_leaves=11
num_cat=3
split_feature=39 21 19 30 39 39 28 34 32 19
split_gain=1.37831 1.66258 0.955369 0.863535 1.22023 0.978041 0.831612 1.06582 1.0039 0.785253
threshold=684.30000000000007 11.193036852717109 0.25062037796939501 0 135.40000000000001 39.550000000000004 -44.385165184999998 1 2 2.8909364697820359
decision_type=10 10 8 9 10 10 2 9 9 8
left_child=2 9 -1 4 5 -4 7 -5 -8 -2
right_child=1 -3 3 6 -6 -7 8 -9 -10 -11
leaf_value=-0.0056986352233047198 -0.007156895788168605 0.23480425644583264 -0.0050178721569418099 -0.00037997383542133891 0.52550962374364796 -0.22187424168381092 0.00062527655525885357 0.0011560850206958052 -0.00037726360854698274 -0.099574307487850081
leaf_weight=34 25 24 82 111 20 35 972 194 1813 29
leaf_count=34 25 24 82 111 20 35 972 194 1813 29
internal_value=-0.000304745 -0.00550943 -0.000177165 -0.000104693 -0.00308418 -0.00487764 3.80461e-05 0.00201631 -0.000178719 -0.00933333
internal_weight=3339 78 3261 3227 137 117 3090 305 2785 54
internal_count=3339 78 3261 3227 137 117 3090 305 2785 54
cat_boundaries=0 1 2 3
cat_threshold=248 3840 84
is_linear=0
shrinkage=0.04


Tree=239
num_leaves=22
num_cat=6
split_feature=3 0 19 19 31 19 21 31 19 20 26 20 19 20 21 16 0 21 15 5 27
split_gain=1.37781 1.73027 2.09516 3.35195 2.01566 2.13786 1.8544 1.84735 1.76885 1.69329 1.5717 1.50516 1.78445 1.33371 1.28218 1.25354 1.20912 0.927049 0.808115 0.606468 0.408663
threshold=0.55000000000000016 0 1.195662903722424 2.4918471003356268 1 14.082431307566852 3.5038442435691777 2 11.995038941185314 1.1253220419938241 58.039408454431317 21.873548283877341 24.111796758389769 0.83398017730172136 19.33074576884496 3 4 4.4297501358325455 5 5.3500000000000005 120.00000000000001
decision_type=10 1 10 10 9 10 10 9 10 10 8 8 8 10 10 1 1 10 1 10 2
left_child=1 2 6 13 10 8 9 -5 -6 -1 18 15 -13 -4 -7 17 -12 -2 -3 -14 -19
right_child=11 4 3 7 5 14 -8 -9 -10 -11 16 12 19 -15 -16 -17 -18 20 -20 -21 -22
leaf_value=0.0047361699959454027 -0.021004219352230253 -0.002756207223545424 -0.0095078414588118856 -0.00055252008094896609 -0.0011470741538498785 -0.007259831956672045 0.012052116203773231 0.0026932027750272702 0.049452458484909839 -0.0012804360962685025 -0.00023579399654980905 47.914919070927901 0.0031683342270254402 -0.0012616246819566791 -0.54521090012441908 0.42501269196353192 0.0013341454357198579 -0.19676027175906449 0.11651435222830546 -1.3389429978434044 -0.495132898336618
leaf_weight=119 27 114 24 253 890 43 39 408 44 77 365 20 21 218 29 27 454 36 22 32 61
leaf_count=119 27 114 24 253 890 43 39 408 44 77 365 20 21 218 29 27 454 36 22 32 61
internal_value=-0.000342307 -0.000121916 0.00111179 0.000241017 -0.000840558 -0.00208157 0.00447357 0.00171774 -0.0015799 0.00282532 0.000473875 -0.00336142 0.00131544 -0.00377002 -0.00868027 -0.00562623 0.00114321 -0.00731474 -0.00347636 -0.00253211 -0.00911675
internal_weight=3323 3099 1138 903 1961 1006 235 661 934 196 955 224 73 242 72 151 819 124 136 53 97
internal_count=3323 3099 1138 903 1961 1006 235 661 934 196 955 224 73 242 72 151 819 124 136 53 97
cat_boundaries=0 1 3 5 6 7 8
cat_threshold=1182041 134222487 290816 2738 8192 1 280194 1
is_linear=0
shrinkage=0.04


Tree=240
num_leaves=11
num_cat=1
split_feature=25 26 24 7 30 8 20 27 20 22
split_gain=1.74084 1.55144 1.82343 1.1306 1.26715 2.35384 1.15294 1.21782 1.02351 0.948665
threshold=350.61627094796154 345.51503252150559 297.32416297113696 23.000000000000004 0 1.2500000000000002 2.4895529184661918 238.00000000000003 3.6740071387947419 3.5500000000000003
decision_type=10 10 10 10 9 8 8 2 10 2
left_child=1 3 -3 4 5 -1 -5 -8 -4 -6
right_child=-2 2 8 6 9 -7 7 -9 -10 -11
leaf_value=-0.0002569616510089645 -0.0048521661728800685 0.0045056333856603459 -0.0021166903730760822 0.21273316651875576 1.6211166439461522e-05 0.11713891905498074 -0.86213640489828947 0.013887616230145276 0.0013088331676194187 -0.002065886927456617
leaf_weight=185 31 25 22 23 2575 130 75 21 27 185
leaf_count=185 31 25 22 23 2575 130 75 21 27 185
internal_value=4.18118e-05 0.000133965 0.00580132 0 0.00014887 0.00250536 -0.00380083 -0.00572308 0.00114851 -0.000129172
internal_weight=3299 3268 74 3194 3075 315 119 96 49 2760
internal_count=3299 3268 74 3194 3075 315 119 96 49 2760
cat_boundaries=0 1
cat_threshold=324
is_linear=0
shrinkage=0.04


Tree=241
num_leaves=18
num_cat=2
split_feature=31 22 3 19 39 26 22 31 39 27 20 19 21 3 39 22 8
split_gain=1.36645 1.76283 1.87409 1.67926 2.20576 2.04453 2.29726 1.82099 1.58025 2.77189 1.3751 1.3416 1.22946 1.15598 1.28557 0.848183 0.56433
threshold=0 3.5500000000000003 1.7500000000000002 0.35148974008804501 12.100000000000001 82.614059839359655 2.7500000000000004 1 322.20000000000005 120.00000000000001 11.786467014449221 14.291020255036241 4.8444209189451977 0.75000000000000011 10.100000000000001 0.75000000000000011 0.65000000000000002
decision_type=9 2 10 8 10 8 2 9 10 2 10 10 10 10 10 2 10
left_child=1 2 8 -2 13 6 -6 -7 11 -10 12 -1 16 14 -5 -4 -3
right_child=3 10 15 4 5 7 -8 -9 9 -11 -12 -13 -14 -15 -16 -17 -18
leaf_value=0.00095611563712102662 -0.0069875887882218102 -0.012596455025141342 -0.39364100257941687 6.0921923199543927e-05 -0.00065787550212711206 -0.00060895867905934157 0.21304750306021344 -0.031929624754871426 0.027823820791256164 -0.055195758774853609 -0.032601872450769988 -0.020281416112972118 0.058881951082009464 -0.50099776538472529 0.10642117584373981 -1.5211713369687829 -0.0012014434114858475
leaf_weight=1392 36 38 27 653 255 195 28 278 52 56 21 147 25 24 55 20 29
leaf_count=1392 36 38 27 653 255 195 28 278 52 56 21 147 25 24 55 20 29
internal_value=-0.000293473 0.000449821 0.000777352 -0.00117095 -0.000965425 -0.00247921 0.000203866 -0.0040843 0.00100576 -0.0036347 -0.00434934 0.00133593 -0.00211765 0.000597137 0.000899225 -0.00696907 -0.00493431
internal_weight=3331 1807 1694 1524 1488 756 283 473 1647 108 113 1539 92 732 708 47 67
internal_count=3331 1807 1694 1524 1488 756 283 473 1647 108 113 1539 92 732 708 47 67
cat_boundaries=0 2 4
cat_threshold=136333231 21504 80 8192
is_linear=0
shrinkage=0.04


Tree=242
num_leaves=11
num_cat=0
split_feature=22 39 18 22 20 26 26 24 24 8
split_gain=1.72327 1.76106 1.70189 1.5843 1.47395 1.35527 1.22507 1.09951 0.894261 0.493308
threshold=5.3500000000000005 367.50000000000006 28.500000000000004 2.2500000000000004 7.6526913286833205 354.87222058272715 60.990160588417247 226.126945756477 232.83584949120527 1.5000000000000002
decision_type=2 10 10 2 8 10 8 10 10 10
left_child=1 2 5 4 8 6 -1 -6 -3 -2
right_child=9 3 -4 -5 7 -7 -8 -9 -10 -11
leaf_value=-0.0010388766976688047 -0.015926510423433609 -0.064058990613703806 -1.5261181103054742 -0.17695879028096856 0.016064173313296699 0.0032372705322034536 0.00010078579432624579 -0.075857008490259684 -0.020297899373373909 -0.035148433065518035
leaf_weight=583 20 43 39 23 42 21 2460 31 35 20
leaf_count=583 20 43 39 23 42 21 2460 31 35 20
internal_value=-0.000523731 -0.000420314 -0.000199066 -0.00431909 -0.00274098 -9.06867e-05 -0.000163574 0.00131544 -0.00651572 -0.00862651
internal_weight=3317 3277 3103 174 151 3064 3043 73 78 40
internal_count=3317 3277 3103 174 151 3064 3043 73 78 40
is_linear=0
shrinkage=0.04


Tree=243
num_leaves=25
num_cat=6
split_feature=31 0 5 0 20 21 26 8 26 19 31 32 32 12 26 26 24 20 24 19 17 20 24 4
split_gain=1.69373 3.09251 1.86807 2.10423 1.97377 1.87608 2.66775 1.85896 1.86347 1.85615 1.40308 1.67752 1.37689 1.27318 1.17706 1.58521 1.74485 1.2636 1.02736 0.712737 0.680999 0.590529 0.435279 0.19709
threshold=0 1 4.1000000000000005 2 9.6005995470759906 11.972486024441151 58.039408454431317 12.950000000000001 76.340174985178848 11.691392516925641 3 4 5 5.5000000000000009 30.243080106833307 70.590086477332434 75.645739093695866 13.538291268527022 244.58564913347669 4.9806189717544198 6.2500000000000009 2.909356702154994 229.19137277982335 4.8500000000000005
decision_type=9 1 10 1 8 10 10 10 10 10 9 9 9 2 8 8 8 10 10 10 10 8 10 10
left_child=1 7 3 4 13 9 -7 10 -9 -5 19 -12 -6 -2 -3 17 -17 -16 -10 -1 21 -4 -23 -22
right_child=2 14 20 5 12 6 -8 8 18 -11 11 -13 -14 -15 15 16 -18 -19 -20 -21 23 22 -24 -25
leaf_value=0.00050682548410167175 0.00011787429178143682 0.003551062236142002 -0.0301663985651172 -0.0016280611586916116 0.0011170079675758161 -0.0089963603971862233 0.0022294021568422906 0.0038732047657298809 -0.18766751598292367 -0.02437672515170668 -0.00342447785612805 0.00065259061542167986 -0.0024396221322169256 0.0031140426116394691 -0.0048675291431458413 0.14648799421695205 0.0014540198352537637 0.066606307342588378 -0.062666717637002378 0.011292423220697003 2.5007410194043991 -0.65765111363050122 -1.790870681038532 -2.2800220993314109
leaf_weight=64 200 33 27 854 158 21 210 28 54 22 163 152 171 179 106 53 636 24 25 41 20 42 23 20
leaf_count=64 200 33 27 854 158 21 210 28 54 22 163 152 171 179 106 53 636 24 25 41 20 42 23 20
internal_value=-4.74831e-05 0.00101978 -0.000805719 -0.000472337 0.00122029 -0.00155387 0.00162581 -0.00137047 -0.00606452 -0.00241368 -0.000185053 -0.00152527 -0.00102269 0.00320105 0.00249913 0.00221572 0.00298045 -0.00180989 -0.0091677 0.00358798 -0.00537828 -0.00725134 -0.00929323 -0.000915663
internal_weight=3326 1379 1947 1815 708 1107 231 527 107 876 420 315 329 379 852 819 689 130 79 105 132 92 65 40
internal_count=3326 1379 1947 1815 708 1107 231 527 107 876 420 315 329 379 852 819 689 130 79 105 132 92 65 40
cat_boundaries=0 2 3 4 6 7 8
cat_threshold=402657864 210944 37692 534813 512 6144 5 6
is_linear=0
shrinkage=0.04


Tree=244
num_leaves=28
num_cat=7
split_feature=31 6 0 34 0 17 31 24 19 0 19 4 17 21 19 21 24 6 34 8 7 17 39 3 29 39 18
split_gain=1.80324 2.31331 2.21775 1.93301 2.16736 2.28425 1.5378 1.72332 1.41523 1.39158 1.47682 1.31318 1.20498 1.19244 1.14869 1.31298 1.09841 1.08924 1.64405 1.07402 2.12465 0.843792 0.65714 0.612665 1.21594 0.782429 0.368314
threshold=0 2.1000000000000005 1 2 3 1.3500000000000003 4 116.18327898325933 14.291020255036241 5 1.3625944746824759 1.0000000180025095e-35 6.6000000000000005 9.9729734195983948 0.3866095363919968 2.7417611927781262 202.11114537277606 0.55000000000000016 6 19.350000000000005 5.1000000000000005 2.5500000000000003 9.5000000000000018 0.15000000000000005 172.68894550000002 29.291666666666668 27.500000000000004
decision_type=9 10 1 9 1 10 9 8 10 1 8 8 10 10 8 8 10 10 9 10 10 10 10 10 2 10 10
left_child=1 2 19 9 6 8 7 -5 -6 10 16 -8 23 -12 -11 -16 -2 18 -4 20 -1 -7 -19 25 -25 -3 -14
right_child=3 12 17 4 5 21 11 -9 -10 14 13 -13 26 -15 15 -17 -18 22 -20 -21 -22 -23 -24 24 -26 -27 -28
leaf_value=-3.8688384246192698e-05 0.12962637915477729 0.025266978669713964 0.001468510993130643 -0.0051222853265510439 -0.00087853332758594863 0.10748764077189855 0.020675138856508575 0.022048885002128867 -0.13528193440493677 -0.023211509319299103 -0.0057022278032167507 -0.0074662103748471507 0.28614138944127054 -0.0017449655233182071 0.0017914924595006454 -0.00093829160980726909 -0.0023100207865104851 0.010878779874198177 -8.8789424321582543e-05 0.02838695690863343 -0.086942651802555879 0.002169787265092591 0.0051453884531782283 0.07710634979848538 -0.36576149070793412 -0.15992863958438147 -0.30246546104617383
leaf_weight=529 29 27 333 50 228 30 114 60 26 24 215 24 30 111 169 750 40 36 212 36 23 36 32 22 80 24 20
leaf_count=529 29 27 333 50 228 30 114 60 26 24 215 24 30 111 169 750 40 36 212 36 23 36 32 22 80 24 20
internal_value=-0.000180583 0.000902861 0.00157838 -0.0009794 0.000962899 -0.0012006 0.00369171 0 -0.00296673 -0.0018066 -0.00378352 0.00640803 -0.003022 -0.00500153 -0.000940807 -0.000714829 0.00139007 0.00323139 0.00266789 -0.000196831 -0.000646793 0.0053037 0.00802878 -0.0047767 -0.00655072 -0.00110476 0.00229126
internal_weight=3310 1404 1201 1906 568 320 248 110 254 1338 395 138 203 326 943 919 69 613 545 588 552 66 68 153 102 51 50
internal_count=3310 1404 1201 1906 568 320 248 110 254 1338 395 138 203 326 943 919 69 613 545 588 552 66 68 153 102 51 50
cat_boundaries=0 2 3 4 5 7 8 9
cat_threshold=136316550 55296 1447589 4048 1387161 104 8192 34074 9904
is_linear=0
shrinkage=0.04


Tree=245
num_leaves=27
num_cat=3
split_feature=0 24 21 21 21 25 25 24 25 21 39 34 7 25 22 39 34 12 21 35 19 39 8 39 8 23
split_gain=1.80608 1.96142 1.6098 1.8037 1.53703 3.2614 1.278 1.19604 2.23798 1.92865 1.81389 1.61772 1.6098 1.35806 1.27091 1.16678 1.3845 1.28651 0.91152 1.16954 0.787675 0.928842 0.741123 0.693991 0.634936 0.375158
threshold=0 50.122015940760214 1.9833739307413794 2.2179313880299358 4.2307797581348483 56.393211028116959 48.374127648490351 96.573072317273144 77.207752381373595 17.435390748989128 35.266666666666673 1 1.0000000180025095e-35 66.357082361828859 -1.8499999999999999 27.225000000000005 2 3.5000000000000004 1.6387882351699974 1.0000000180025095e-35 2.9964898503452906 249.40000000000001 0.55000000000000016 93.500000000000014 0.55000000000000016 2.3500000000000001
decision_type=1 8 8 8 10 10 8 10 10 10 10 9 8 10 2 8 9 2 10 2 10 8 10 10 10 2
left_child=7 4 18 -4 5 25 -5 8 11 14 15 12 -1 -13 -10 16 -9 -17 19 -3 21 -12 -11 -22 -6 -2
right_child=1 2 3 6 24 -7 -8 10 9 22 20 13 -14 -15 -16 17 -18 -19 -20 -21 23 -23 -24 -25 -26 -27
leaf_value=-9.9833011420180646e-06 0.0030723269929138299 -0.00037642736632758299 0.12349772475323584 0.063248158803430363 -0.00099127018688783164 -0.003154691990057188 -0.00097937678573680733 -0.0094841507532143696 0.069461010446208254 0.0021549991500464218 -0.0030731100721711614 -9.1857625242610654e-05 0.016022626721572147 -0.009279423512265482 0.0026624826705731052 -0.00020261675888576746 0.0011179303776943429 0.020318146376924844 -0.02871128595010056 -0.016816155193423228 -0.042170365344932716 0.051004678492493273 -0.018902882240951779 -0.020434694651916524 -0.01717108658747165 -0.00099605983566405606
leaf_weight=150 26 107 25 22 33 23 1212 104 25 23 91 252 110 87 203 41 405 71 29 30 66 28 26 96 29 20
leaf_count=150 26 107 25 22 33 23 1212 104 25 23 91 252 110 87 203 41 405 71 29 30 66 28 26 96 29 20
internal_value=-0.000515065 -0.00150431 -0.00107816 -0.000585482 -0.00617358 -0.00195745 -0.00080777 0.000356524 0.00141083 0.00437343 -0.000661871 2.9975e-05 0.00234991 -0.0017632 0.00591721 0.000542972 -0.000270323 0.00421145 -0.00476418 -0.00330686 -0.00332035 -0.000813278 -0.00273267 -0.00512538 -0.0106772 0.00416842
internal_weight=3334 1556 1425 1259 131 69 1234 1778 876 277 902 599 260 339 228 621 509 112 166 137 281 119 49 162 62 46
internal_count=3334 1556 1425 1259 131 69 1234 1778 876 277 902 599 260 339 228 621 509 112 166 137 281 119 49 162 62 46
cat_boundaries=0 1 2 3
cat_threshold=1632489 6352 96
is_linear=0
shrinkage=0.04


Tree=246
num_leaves=14
num_cat=2
split_feature=7 26 26 24 22 31 8 8 5 39 21 11 5
split_gain=1.23603 1.13089 1.54163 1.26994 2.03813 1.72487 1.10978 1.08544 0.839122 0.703641 1.84292 0.901475 0.263702
threshold=23.000000000000004 32.883456893999217 36.059747307225685 283.81235188452519 -0.84999999999999998 0 70.500000000000014 8.5000000000000018 21.650000000000002 7.7500000000000009 2.7417611927781262 1 4.1000000000000005
decision_type=10 8 8 10 2 9 10 10 10 10 10 1 10
left_child=1 7 -3 5 -5 -4 8 9 12 11 -11 -1 -2
right_child=6 2 3 4 -6 -7 -8 -9 -10 10 -12 -13 -14
leaf_value=-0.0033007696090494323 -0.17423686136203345 0.053313904297129469 0.00064522457759652596 -0.007309983151814468 -8.4544134066852911e-05 -0.00039077661773053053 0.0058398914146250295 0.097179469737595364 -0.31805355152448783 0.0024413021821033352 -0.0041917168942443616 0.00023488214065469748 -1.7061197312251311
leaf_weight=25 28 35 1056 108 195 1637 31 20 28 23 94 46 22
leaf_count=25 28 35 1056 108 195 1637 31 20 28 23 94 46 22
internal_value=-0.000345723 -0.000203055 -5.9357e-06 -0.000106088 -0.00255501 0.000169976 -0.00450679 -0.00304535 -0.00701887 -0.004 -0.0058903 -0.0008 -0.0100583
internal_weight=3348 3239 3031 2996 303 2693 109 208 78 188 117 71 50
internal_count=3348 3239 3031 2996 303 2693 109 208 78 188 117 71 50
cat_boundaries=0 2 3
cat_threshold=134223688 313344 2
is_linear=0
shrinkage=0.04


Tree=247
num_leaves=17
num_cat=1
split_feature=0 19 20 17 8 17 5 25 28 8 7 4 20 17 7 24
split_gain=1.49234 1.33503 2.16613 1.52261 1.70123 1.34685 1.32301 1.14375 1.2052 1.15045 1.0878 1.05165 1.03143 1.0159 0.761977 0.462576
threshold=0 1.0905143555732999 1.6678948709864685 2.4500000000000006 8.5000000000000018 4.3500000000000005 21.650000000000002 49.360683201683948 -43.594391149999993 55.400000000000013 4.7000000000000002 2.2500000000000004 1.0078917373696672 0.35000000000000003 64.700000000000017 258.10383862608165
decision_type=1 8 8 10 8 10 8 8 2 8 10 10 10 10 10 10
left_child=1 13 12 4 -4 -5 7 8 10 11 -2 -9 -3 15 -11 -1
right_child=6 2 3 5 -6 -7 -8 9 -10 14 -12 -13 -14 -15 -16 -17
leaf_value=0.019601030141628294 -0.0015901487762512191 -0.00010894076483424442 0.00027223314330090178 -0.052304102019199591 0.0075073420007718463 0.0043203960883288059 8.8225329930541303 -0.00035392438534827877 -0.0056770734094911289 -0.310573938969605 0.035416937773906414 -0.43621059857435235 -0.0074416619151931231 0.08785834563656679 -0.12191752576460139 -0.0015821320032112674
leaf_weight=24 208 22 752 66 122 50 22 1801 29 31 31 90 37 21 23 20
leaf_count=24 208 22 752 66 122 50 22 1801 29 31 31 90 37 21 23 20
internal_value=-0.000411282 0.000780098 0.000435983 0.000885527 0.00145974 -0.00338723 -0.00100512 -0.00110996 -0.00355473 -0.000769586 -0.00256965 -0.000601321 -0.00690909 0.00628571 -0.00645045 0.00259341
internal_weight=3349 1114 1049 990 874 116 2235 2213 268 1945 239 1891 59 65 54 44
internal_count=3349 1114 1049 990 874 116 2235 2213 268 1945 239 1891 59 65 54 44
cat_boundaries=0 1
cat_threshold=540763
is_linear=0
shrinkage=0.04


Tree=248
num_leaves=14
num_cat=1
split_feature=19 25 11 7 17 26 19 26 29 5 25 25 21
split_gain=1.68256 1.22562 1.71787 1.04681 1.32494 1.36227 1.22439 0.855204 1.61383 1.39377 0.785048 0.804731 0.704918
threshold=24.111796758389769 328.52712864842016 0 23.000000000000004 8.7000000000000011 224.00794562906603 10.017660789748842 58.808713116899675 172.96692750000003 0.35000000000000003 336.73628605721393 350.61627094796154 4.0967179832765046
decision_type=10 10 1 8 10 8 8 8 2 10 10 10 10
left_child=1 3 12 7 6 -6 -5 9 -9 -1 -4 -12 -3
right_child=-2 2 10 4 5 -7 -8 8 -10 -11 11 -13 -14
leaf_value=-0.0011565035700738591 -1.633433666912647 0.008740791725844712 -0.016956015625756535 -0.37943184887582332 -0.49571294108170783 1.0552831568317236 -1.3612560923574526 0.00025270748463608329 -0.023524052929788368 0.013949305156574924 -0.00061851253370415193 -0.0093614481544405589 -0.0015922336796669256
leaf_weight=454 29 22 23 43 36 24 25 2457 93 63 36 23 34
leaf_count=454 29 22 23 43 36 24 25 2457 93 63 36 23 34
internal_value=-0.000415638 -0.000329285 -0.004 -0.000168309 -0.00369112 0.000617886 -0.00745324 -1.89017e-05 0.000281403 -0.00150048 -0.00764072 -0.00492562 0.00135652
internal_weight=3362 3333 138 3195 128 60 68 3067 2550 517 82 59 56
internal_count=3362 3333 138 3195 128 60 68 3067 2550 517 82 59 56
cat_boundaries=0 1
cat_threshold=1
is_linear=0
shrinkage=0.04


Tree=249
num_leaves=30
num_cat=9
split_feature=31 0 26 39 0 32 39 39 7 39 25 39 22 5 5 31 22 24 25 23 22 0 35 31 25 25 0 11 17
split_gain=1.7324 2.30663 2.30526 1.81936 1.66758 1.92652 1.86196 1.80957 1.75594 2.10774 1.52126 1.50205 1.42811 1.8963 1.40358 1.39648 2.29072 1.36991 1.33832 1.24148 1.8054 1.13999 2.3295 1.21341 1.10339 1.09668 1.05004 0.9077 0.75989
threshold=0 1 217.53995238727137 9.5000000000000018 2 3 16.300000000000001 6.8333333333333348 2.3000000000000003 14.700000000000001 62.744165488123265 87.700000000000003 0.55000000000000016 0.25000000000000006 0.35000000000000003 4 1.6500000000000001 267.66700350853125 39.505726837103659 2.5500000000000003 0.55000000000000016 5 1.0000000180025095e-35 6 72.766785557362098 255.27642098689566 7 8 2.1500000000000008
decision_type=9 1 10 10 1 9 10 10 10 10 8 10 2 10 10 9 2 8 10 2 2 1 2 9 8 10 1 1 10
left_child=4 2 12 19 8 15 7 -7 9 17 -10 25 24 -14 -8 16 -6 -1 -11 26 -21 23 -23 -5 -2 -4 -3 -17 -12
right_child=1 3 11 21 5 6 14 -9 10 18 28 -13 13 -15 -16 27 -18 -19 -20 20 -22 22 -24 -25 -26 -27 -28 -29 -30
leaf_value=-0.0001278854117220618 -0.0014993376236697564 -0.0021644681668091083 0.13504514986150837 0.017460531519006041 0.0035043877163569983 -3.169917733954364e-05 -0.0032653229376277083 0.0034129210503970066 0.033442288056687169 -0.0037506142107684329 -0.056712992417125532 -0.0057648909851393884 -0.0017633046351206972 -0.079288977962517507 -0.32748193980097851 0.00089762992845852094 -0.010683844311151615 -0.0028622861242659425 0.0038680919679818793 0.11034118720006725 -0.0010018739339254167 -0.014242754441697052 0.00076778548460350044 -0.0073195757183097858 0.0014112488049906346 0.0011640976369824685 0.00057295244345084489 0.0045957490398172854 -0.04738550059723682
leaf_weight=269 50 110 101 101 86 180 105 82 23 37 75 38 161 20 30 77 24 88 210 23 24 394 124 136 157 78 161 257 112
leaf_count=269 50 110 101 101 86 180 105 82 23 37 75 38 161 20 30 77 24 88 210 23 24 394 124 136 157 78 161 257 112
internal_value=-0.00025731 -0.00115892 0.000807786 -0.00226648 0.000658866 0.00189795 -0.000141983 0.00181404 -0.000627498 0.000459125 -0.00377305 0.00410984 -0.00102182 -0.00360548 -0.00394139 0.00368386 -0.000312757 -0.0015007 0.00329175 0.000244131 0.00614433 -0.00335492 -0.00437771 -0.000877264 0.00123741 0.00563989 -0.0008 0.0049725 -0.00497613
internal_weight=3333 1678 605 1073 1655 841 397 262 814 604 210 217 388 181 135 444 110 357 247 318 47 755 518 237 207 179 271 334 187
internal_count=3333 1678 605 1073 1655 841 397 262 814 604 210 217 388 181 135 444 110 357 247 318 47 755 518 237 207 179 271 334 187
cat_boundaries=0 2 3 4 5 7 8 10 11 12
cat_threshold=153113225 456704 1395016 1341892 28 0 147456 536704 276 65536 661024 1
is_linear=0
shrinkage=0.04


end of trees

feature_importances:
hours_to_high_tide=421
SITE_NAME=409
Site_Season_Average=408
WEEK=394
wind_direction_12h=354
wind_direction_3h=335
wind_speed_3h=317
wind_speed_6h=308
wind_speed_12h=285
72H=255
wind_direction_6h=252
TIME_OF_DAY=241
Site_Historical_Exceedance_Rate=180
rain_intensity_48h=164
24H=147
48H=139
high_tide_height=138
12H=126
beach_orientation_angle=102
rain_duration_48h=89
Longitude=78
DAY_OF_WEEK=76
6H=73
Latitude=60
3H=56
Catchment_slope=49
Soil_type=36
MONTH=28
Shallowness=24
wind_shore_3h=24
wind_shore_12h=22
watercraft_use=21
HOLIDAY_FLAG=17
Landcover_catchment=12
tidal_state=10
wind_shore_6h=10
sewage_discharge_beach=7
Harbour=6
high_intensity_agri_beach=4
WEEKEND=3

parameters:
[boosting: gbdt]
[objective: quantile]
[metric: quantile]
[tree_learner: serial]
[device_type: cpu]
[data_sample_strategy: bagging]
[data: ]
[valid: ]
[num_iterations: 250]
[learning_rate: 0.04]
[num_leaves: 31]
[num_threads: 8]
[seed: 0]
[deterministic: 0]
[force_col_wise: 0]
[force_row_wise: 0]
[histogram_pool_size: -1]
[max_depth: 5]
[min_data_in_leaf: 20]
[min_sum_hessian_in_leaf: 0.01]
[bagging_fraction: 0.8]
[pos_bagging_fraction: 1]
[neg_bagging_fraction: 1]
[bagging_freq: 1]
[bagging_seed: 3]
[bagging_by_query: 0]
[feature_fraction: 0.7]
[feature_fraction_bynode: 1]
[feature_fraction_seed: 2]
[extra_trees: 0]
[extra_seed: 6]
[early_stopping_round: 0]
[early_stopping_min_delta: 0]
[first_metric_only: 0]
[max_delta_step: 0]
[lambda_l1: 0.05]
[lambda_l2: 1.5]
[linear_lambda: 0]
[min_gain_to_split: 0]
[drop_rate: 0.1]
[max_drop: 50]
[skip_drop: 0.5]
[xgboost_dart_mode: 0]
[uniform_drop: 0]
[drop_seed: 4]
[top_rate: 0.2]
[other_rate: 0.1]
[min_data_per_group: 100]
[max_cat_threshold: 32]
[cat_l2: 10]
[cat_smooth: 10]
[max_cat_to_onehot: 4]
[top_k: 20]
[monotone_constraints: ]
[monotone_constraints_method: basic]
[monotone_penalty: 0]
[feature_contri: ]
[forcedsplits_filename: ]
[refit_decay_rate: 0.9]
[cegb_tradeoff: 1]
[cegb_penalty_split: 0]
[cegb_penalty_feature_lazy: ]
[cegb_penalty_feature_coupled: ]
[path_smooth: 0]
[interaction_constraints: ]
[verbosity: -1]
[saved_feature_importance_type: 0]
[use_quantized_grad: 0]
[num_grad_quant_bins: 4]
[quant_train_renew_leaf: 0]
[stochastic_rounding: 1]
[linear_tree: 0]
[max_bin: 255]
[max_bin_by_feature: ]
[min_data_in_bin: 3]
[bin_construct_sample_cnt: 200000]
[data_random_seed: 1]
[is_enable_sparse: 1]
[enable_bundle: 1]
[use_missing: 1]
[zero_as_missing: 0]
[feature_pre_filter: 1]
[pre_partition: 0]
[two_round: 0]
[header: 0]
[label_column: ]
[weight_column: ]
[group_column: ]
[ignore_column: ]
[categorical_feature: 0,2,9,10,11,13,14,15,16,30,31,32,33,34,36,37,38]
[forcedbins_filename: ]
[precise_float_parser: 0]
[parser_config_file: ]
[objective_seed: 5]
[num_class: 1]
[is_unbalance: 0]
[scale_pos_weight: 1]
[sigmoid: 1]
[boost_from_average: 1]
[reg_sqrt: 0]
[alpha: 0.5]
[fair_c: 1]
[poisson_max_delta_step: 0.7]
[tweedie_variance_power: 1.5]
[lambdarank_truncation_level: 30]
[lambdarank_norm: 1]
[label_gain: ]
[lambdarank_position_bias_regularization: 0]
[eval_at: ]
[multi_error_top_k: 1]
[auc_mu_weights: ]
[num_machines: 1]
[local_listen_port: 12400]
[time_out: 120]
[machine_list_filename: ]
[machines: ]
[gpu_platform_id: -1]
[gpu_device_id: -1]
[gpu_use_dp: 0]
[num_gpu: 1]

end of parameters

pandas_categorical:[["Akaroa at main beach", "Caroline Bay - mid beach", "Cass Bay at boat ramp", "Charteris Bay Paradise Beach", "Church Bay Beach", "Corsair Bay Beach", "Diamond Harbour Beach", "Duvauchelle Bay by camping ground", "French Farm Bay", "Glen Bay boat ramp", "Governors Bay Sandy Beach", "Purau Bay Beach", "Rapaki Bay Beach", "Scarborough Beach by clock tower", "Sumner Beach Surf club", "Takamatua Bay Boat ramp", "Taylors Mistake Beach Surf club", "Tikao Bay mid beach", "Timaru Coast Caroline Bay at Virtue Avenue", "Timaru Coast at yacht club jetty", "Wainui Beach Wainui Beach"], ["Akaroa", "Lyttelton", "Timaru"], ["ebbing", "incoming"], ["deep", "medium", "shallow"], ["muddy", "sandy", "stony"], ["forest", "grass", "urban"], [0, 1, 2], [0, 1], [0, 1], [1, 2, 3, 4, 5, 6, 7, 8, 9, 10, 11, 12], [1, 2, 3, 4, 5, 6, 7, 8, 9, 10, 11, 12, 13, 14, 15, 16, 17, 18, 19, 20, 21, 22, 23, 24, 25, 26, 27, 28, 29, 30, 31, 32, 33, 34, 35, 36, 37, 38, 40, 41, 42, 44, 45, 46, 47, 48, 49, 50, 51, 52, 53], [0, 1, 2, 3, 4, 5, 6], [0, 1], [1, 4, 5, 6, 7, 8, 9, 10, 11, 12, 13, 14, 15, 16, 17, 18], ["Alongshore", "Offshore", "Onshore", "Unknown"], ["Alongshore", "Offshore", "Onshore", "Unknown"], ["Alongshore", "Offshore", "Onshore", "Unknown"]]
