tree
version=v4
num_class=1
num_tree_per_iteration=1
label_index=0
max_feature_idx=40
objective=quantile
feature_names=SITE_NAME DateTime Harbour 3H 6H 12H 24H 48H 72H tidal_state Shallowness Soil_type Catchment_slope Landcover_catchment watercraft_use sewage_discharge_beach high_intensity_agri_beach rain_intensity_48h rain_duration_48h wind_speed_12h wind_speed_6h wind_speed_3h hours_to_high_tide high_tide_height wind_direction_3h wind_direction_6h wind_direction_12h beach_orientation_angle Latitude Longitude MONTH WEEK DAY_OF_WEEK WEEKEND TIME_OF_DAY HOLIDAY_FLAG wind_shore_3h wind_shore_6h wind_shore_12h Site_Season_Average Site_Historical_Exceedance_Rate
feature_infos=-1:13:1:5:11:12:0:6:2:9:20:17:7:10:18:15:4:19:3:8:14:16 none -1:1:0:2 [0:25] [0:38.799999999999997] [0:59] [0:84] [0:167.40000000000001] [0:178.59999999999999] -1:0:1 -1:1:0:2 -1:1:0:2 [1:7] -1:1:2:0 -1:1:0:2 -1:0:1 -1:0:1 [0:19.5] [0:48] [0.024624481545197901:26.798257469756077] [0.14113094558752359:28.94551768842582] [0.1165753358085669:29.430513165320249] [-6.2000000000000002:6.2000000000000002] [2:2.7999999999999998] [0.40439296606160718:359.93257151011773] [0.15906644736816131:359.78059081486981] [0.77778395363401387:359.75657291981025] [8:321] [-44.386072390000002:-43.565199720000003] [171.2472789:172.96755400000001] -1:11:0:1:10:2:6:5:3:4:7:8 -1:48:6:3:4:1:2:5:47:46:7:45:49:8:44:9:0:43:10:11:50:26:14:27:12:23:28:41:42:21:24:30:17:20:36:31:38:18:40:13:32:35:37:39 -1:2:0:1:3:4:6 -1:0:1 -1:5:10:9:6:7:8:11:12:4:13:3:14:2:15:1 [0:1] -1:0:2:1:3 -1:0:2:1:3 -1:0:2:1:3 [5:2059] [0:0.75]
tree_sizes=2260 2446 2421 2445 2556 2557 2573 2612 2599 2476 2647 2602 2684 2657 2661 2673 2639 2656 2775 2573 2588 2568 2604 2643 2702 2683 2700 2714 2796 2735 2713 2737 2769 2783 2776 2762 2745 2754 2782 2670 2721 2696 2740 2740 2757 2718 2772 2727 2740 2774 2779 2751 2799 2732 2753 2782 2800 2744 2742 2801 2746 2687 2736 2695 2744 2863 2766 2806 2732 2723 2809 2752 2776 2750 2811 2816 2710 2714 2758 2800 2727 2765 2741 2695 2710 2759 2770 2777 2699 2739 2743 2784 2728 2734 2673 2712 2772 2759 2699 2777

Tree=0
num_leaves=31
num_cat=3
split_feature=6 0 39 6 31 8 23 39 31 22 5 22 21 40 25 8 39 39 22 5 24 22 24 24 26 19 26 19 8 19
split_gain=80.5619 33.8689 9.36655 9.3015 6.0281 5.35258 4.8253 4.73849 4.59224 4.27091 3.93249 3.4859 3.09245 2.81015 2.86545 3.26256 2.75141 2.53076 2.50375 3.2229 2.46273 3.46837 2.31463 2.51162 2.30513 2.28198 2.19233 2.40411 2.46033 2.57764
threshold=3.2500000000000004 0 17.100000000000005 9.5000000000000018 1 44.750000000000007 2.4500000000000006 8.1666666666666696 2 3.0500000000000003 0.15000000000000005 -0.6499999999999998 1.324190411534141 0.088932806324110686 261.42947982408378 6.1500000000000012 9.5000000000000018 12.625000000000002 -2.1499999999999999 0.8500000000000002 69.520340774560182 -0.54999999999999993 81.820673745551389 238.52194506206774 67.453198664659439 7.8431433717927499 321.90004811635112 0.61640693760815013 3.1500000000000008 2.5560938124433559
decision_type=8 1 10 10 9 10 2 10 9 2 10 2 8 2 10 8 8 10 2 8 10 2 8 8 8 10 10 8 10 8
left_child=1 2 4 13 22 7 20 10 11 -10 -3 -4 -8 14 15 -2 -14 -18 19 -5 -6 -22 -1 -24 -17 -23 27 -9 -29 -30
right_child=3 5 8 18 6 -7 12 26 9 -11 -12 -13 16 -15 -16 24 17 -19 -20 -21 21 25 23 -25 -26 -27 -28 28 29 -31
leaf_value=5 5 5 5 5 5 5.25 5 5.25 5 5.25 5 5.25 5.75 6.7999999999999998 5 5 5 9.0500000000000007 10.824999999999999 7.9000000000000004 5 5 5 5 6.2999999999999998 5.25 5 5 5 5
leaf_weight=143 42 803 137 10.999999999999998 95 29 18 53 486 50 120 308 58 57 31 22 50 12.999999999999998 266 25 80 87 90 105 103 67 54 559 58 143
leaf_count=143 42 803 137 11 95 29 18 53 486 50 120 308 58 57 31 22 50 13 266 25 80 87 90 105 103 67 54 559 58 143
internal_value=5 4.99298 4.99793 5.01341 4.99392 4.98821 4.99781 4.9878 5.0012 4.99808 4.9853 5.00489 5.00556 5.00636 5.00353 5.00612 5.00844 5.00118 5.01934 5.00686 4.99446 4.99723 4.98895 4.9922 5.01016 5.00162 4.99046 4.99112 4.9904 4.99516
internal_weight=0 3606 1787 557 806 1819 468 1790 981 536 923 445 139 255 198 167 121 63 302 36 329 234 338 195 125 154 867 813 760 201
internal_count=4163 3606 1787 557 806 1819 468 1790 981 536 923 445 139 255 198 167 121 63 302 36 329 234 338 195 125 154 867 813 760 201
cat_boundaries=0 1 3 5
cat_threshold=441396 679 172032 1038 221184
is_linear=0
shrinkage=1


Tree=1
num_leaves=31
num_cat=6
split_feature=6 0 39 31 8 4 23 39 31 22 5 30 22 21 39 7 8 39 24 22 24 24 19 26 19 8 19 34 8 0
split_gain=66.387 33.8689 9.36655 6.0281 5.35258 5.30637 4.8253 4.73849 4.59224 4.27091 3.93249 3.84026 3.4859 3.09245 2.75141 2.6681 2.61009 2.53076 2.46273 3.46837 2.31463 2.51162 2.28198 2.19233 2.40411 2.46033 2.57764 2.13188 2.37492 2.69831
threshold=3.2500000000000004 0 17.100000000000005 1 44.750000000000007 2.9000000000000004 2.4500000000000006 8.1666666666666696 2 3.0500000000000003 0.15000000000000005 3 -0.6499999999999998 1.324190411534141 9.5000000000000018 35.300000000000004 12.950000000000001 12.625000000000002 69.520340774560182 -0.54999999999999993 81.820673745551389 238.52194506206774 7.8431433717927499 321.90004811635112 0.61640693760815013 3.1500000000000008 2.5560938124433559 4 11.500000000000002 5
decision_type=8 1 10 9 10 10 2 10 9 2 10 9 2 8 8 10 10 10 10 2 8 8 10 10 8 10 8 9 10 1
left_child=1 2 3 20 7 11 18 10 12 27 -3 16 -4 -8 -15 -13 -2 -16 -5 -20 -1 -22 -21 24 -9 -26 -27 -10 29 -29
right_child=5 4 8 6 -6 -7 13 23 9 -11 -12 15 -14 14 17 -17 -18 -19 19 22 21 -23 -24 -25 25 26 -28 28 -30 -31
leaf_value=0 0.35437500000000005 0 0 0 0.23750000000000002 9.5587500000000016 0 0.23750000000000002 0 0.23750000000000002 0 0 0.23750000000000002 0.71250000000000002 0 5.1350000000000007 3.4337499999999999 3.8475000000000001 0 0 0 0 0.23750000000000002 0 0 0 0 0 0.75 0.25
leaf_weight=143 122 803 137 95 29 176 18 53 217 50 120 124 308 58 50 10.999999999999998 124 12.999999999999998 80 87 90 105 67 54 559 58 143 111 27 131
leaf_count=143 122 803 137 95 29 176 18 53 217 50 120 124 308 58 50 11 124 13 80 87 90 105 67 54 559 58 143 111 27 131
internal_value=0 -0.00701521 -0.00207238 -0.00607601 -0.0117932 0.0115257 -0.00219459 -0.0122036 0.00119721 -0.00192149 -0.0147003 0.00819242 0.00488528 0.00555755 0.00843969 0.000859402 0.0116982 0.00118203 -0.00553954 -0.00277245 -0.0110489 -0.00780251 0.00161865 -0.00953945 -0.00888192 -0.00959958 -0.00483991 -0.00339192 -0.000268384 -0.00185605
internal_weight=0 3606 1787 806 1819 557 468 1790 981 536 923 381 445 139 121 135 246 63 329 234 338 195 154 867 813 760 201 486 269 242
internal_count=4163 3606 1787 806 1819 557 468 1790 981 536 923 381 445 139 121 135 246 63 329 234 338 195 154 867 813 760 201 486 269 242
cat_boundaries=0 1 3 5 6 7 8
cat_threshold=441396 679 172032 1038 221184 1091 15616 41012
is_linear=0
shrinkage=0.05


Tree=2
num_leaves=31
num_cat=5
split_feature=6 0 39 7 31 8 39 31 39 22 23 5 22 8 5 26 26 24 22 24 24 19 26 19 8 19 34 8 0 28
split_gain=59.0895 33.4746 9.68863 5.75231 5.72098 5.35258 4.73849 4.59224 4.5653 4.27091 4.22153 3.93249 3.4859 3.47895 3.37245 3.24921 3.37165 2.46273 3.46837 2.31463 2.51162 2.28198 2.19233 2.40411 2.46033 2.57764 2.13188 2.37492 2.69831 2.1179
threshold=3.2500000000000004 0 17.100000000000005 30.800000000000004 1 44.750000000000007 8.1666666666666696 2 15.225000000000001 3.0500000000000003 2.4500000000000006 0.15000000000000005 -0.6499999999999998 0.15000000000000005 0.55000000000000016 60.990160588417247 264.20795442238693 69.520340774560182 -0.54999999999999993 81.820673745551389 238.52194506206774 7.8431433717927499 321.90004811635112 0.61640693760815013 3.1500000000000008 2.5560938124433559 3 11.500000000000002 4 -43.80932099999999
decision_type=8 1 10 10 9 10 10 9 10 2 2 10 2 10 10 8 10 10 2 8 8 10 10 8 10 8 9 10 1 2
left_child=1 2 4 8 19 6 11 12 15 26 17 -3 -4 -12 -10 -2 -17 -6 -19 -1 -21 -20 23 29 -25 -26 -9 28 -28 -8
right_child=3 5 7 -5 10 -7 22 9 14 -11 13 -13 -14 -15 -16 16 -18 18 21 20 -22 -23 -24 24 25 -27 27 -29 -30 -31
leaf_value=0 0 0 0 14.6808125 0 0.22562500000000002 0.22562500000000002 0 0 0.22562500000000002 0 0 0.22562500000000002 0.676875 3.9747812499999995 0.66728125000000005 0 0 0 0 0 0.22562500000000002 0 0 0 0 0 0.71250000000000002 0.23750000000000002 -0.024374999999999994
leaf_weight=143 26 803 137 89 95 29 24 217 37 50 77 120 308 62 196 183 26 80 87 90 105 67 54 559 58 143 111 27 131 29
leaf_count=143 26 803 137 89 95 29 24 217 37 50 77 120 308 62 196 183 26 80 87 90 105 67 54 559 58 143 111 27 131 29
internal_value=0 -0.00704294 -0.00212801 0.0104494 -0.00620001 -0.0117932 -0.0122036 0.00119721 0.00821859 -0.00192149 -0.00240359 -0.0147003 0.00488528 0.00484044 0.013172 0.00329157 0.00537121 -0.00553954 -0.00277245 -0.0110489 -0.00780251 0.00161865 -0.00953945 -0.00888192 -0.00959958 -0.00483991 -0.00339192 -0.000268384 -0.00185605 0.00140318
internal_weight=0 3606 1787 557 806 1819 1790 981 468 536 468 923 445 139 233 235 209 329 234 338 195 154 867 813 760 201 486 269 242 53
internal_count=4163 3606 1787 557 806 1819 1790 981 468 536 468 923 445 139 233 235 209 329 234 338 195 154 867 813 760 201 486 269 242 53
cat_boundaries=0 1 3 5 6 7
cat_threshold=441396 679 172032 1038 221184 15616 41012
is_linear=0
shrinkage=0.05


Tree=3
num_leaves=31
num_cat=7
split_feature=6 0 39 6 31 8 39 0 28 31 22 23 22 18 8 24 32 5 22 40 8 22 34 36 24 24 5 20 35 24
split_gain=52.2405 32.4606 9.89519 7.22419 5.65049 5.49921 4.84618 4.56578 4.3032 4.29634 3.6699 3.53874 3.42461 3.11258 3.03632 2.72888 3.42822 2.64532 2.35315 3.91096 2.32287 2.25865 2.1513 2.45534 2.08623 2.6677 2.04698 1.98289 1.91949 2.34989
threshold=2.1000000000000005 0 17.100000000000005 9.5000000000000018 1 44.750000000000007 8.1666666666666696 2 -44.385165184999998 3 -0.6499999999999998 2.4500000000000006 3.0500000000000003 6.5000000000000009 0.15000000000000005 69.520340774560182 4 0.15000000000000005 -1.7499999999999998 0.097619047619047633 6.1500000000000012 -0.34999999999999992 5 6 81.820673745551389 238.52194506206774 5.3500000000000005 0.72278965290048969 1.0000000180025095e-35 245.88310174148455
decision_type=8 1 10 8 9 10 10 1 2 9 2 2 2 10 10 10 9 10 2 2 10 2 9 1 8 8 10 8 2 10
left_child=1 2 4 7 24 6 17 -2 -5 10 -4 15 22 -10 -13 -6 21 -3 19 -9 -8 -17 -11 -24 -1 -26 -20 -12 29 -29
right_child=3 5 9 8 11 -7 20 18 13 12 27 14 -14 -15 -16 16 -18 -19 26 -21 -22 -23 23 -25 25 -27 -28 28 -30 -31
leaf_value=0 0 0 0 -0.071676562500000082 0 0.21434375000000003 0 0 0 0 0.71434375000000006 0 0.21434375000000003 5.7883234375000008 0.64303124999999994 0 0.21434375000000003 0 0.69195859375000002 3.7383125000000001 0 0 0 0.25 0 0 2.6049484375 0.21434375000000003 0.71434375000000006 0.71434375000000006
leaf_weight=140 107 801 131 21 94 29 681 46 24 243 17 77 44 261 55 43 110 99 182 10.999999999999998 148 77 131 100 89 103 25 185 53 36
leaf_count=140 107 801 131 21 94 29 681 46 24 243 17 77 44 261 55 43 110 99 182 11 148 77 131 100 89 103 25 185 53 36
internal_value=0 -0.00731403 -0.00238718 0.00786036 -0.0065318 -0.0120727 -0.012504 0.00316328 0.0135422 0.00106332 0.00474043 -0.00267982 -0.00198694 0.0151515 0.00415251 -0.00554785 -0.0026036 -0.015048 0.00655857 -0.00217581 -0.00973537 -0.00804906 -0.00326694 0.000310623 -0.0113885 -0.00831385 0.00927934 0.00797735 0.00692294 0.00485437
internal_weight=0 3486 1728 677 788 1758 1729 371 306 940 422 456 518 285 132 324 230 900 264 57 829 120 474 231 332 192 207 291 274 221
internal_count=4163 3486 1728 677 788 1758 1729 371 306 940 422 456 518 285 132 324 230 900 264 57 829 120 474 231 332 192 207 291 274 221
cat_boundaries=0 1 3 4 6 7 8 9
cat_threshold=441396 679 172032 1116752 1038 221184 6 15632 1
is_linear=0
shrinkage=0.05


Tree=4
num_leaves=31
num_cat=6
split_feature=6 0 39 31 0 8 31 7 39 31 22 23 22 4 8 24 21 5 40 8 22 18 22 21 21 34 8 24 24 20
split_gain=46.8623 32.3609 9.56595 7.52801 7.74599 5.5351 5.44178 5.06566 4.66301 4.16353 3.70857 3.59576 3.45218 3.25591 3.03632 2.8084 2.68454 2.6713 2.59717 2.34611 2.17002 2.54774 2.14781 3.03277 2.96732 2.07586 2.41152 2.00488 2.6677 1.9581
threshold=1.9000000000000001 0 17.100000000000005 1 2 44.750000000000007 3 24.600000000000005 8.1666666666666696 4 -0.6499999999999998 2.4500000000000006 3.0500000000000003 2.9000000000000004 0.15000000000000005 219.02356526311181 22.732396861096216 0.15000000000000005 0.039230769230769243 4.5000000000000009 -2.0499999999999994 9.5000000000000018 -1.8499999999999999 9.78204939373237 6.2052320207164859 5 11.500000000000002 81.820673745551389 238.52194506206774 21.006952365135529
decision_type=8 1 10 9 1 10 9 8 10 9 2 2 2 10 10 10 10 10 2 10 2 10 2 8 10 9 10 8 8 10
left_child=1 2 6 18 7 8 27 16 17 10 -4 15 25 22 -13 -8 20 -3 29 -10 -5 -22 23 -6 -24 -11 -27 -1 -29 -2
right_child=3 5 9 4 13 -7 11 -9 19 12 -12 14 -14 -15 -16 -17 -18 -19 -20 -21 21 -23 24 -25 -26 26 -28 28 -30 -31
leaf_value=0 0.67553175781250008 0 0 -0.029780234374999992 -0.017718750000000005 0.2036265625 0 5.5358189843750001 0 0 0.2036265625 0 0.2036265625 7.4117171679687504 0.61087968749999999 0.2036265625 10.114459101562501 0 13.256802851562501 0 0 0.15163593750000001 1.2154020703124999 0.2756984375 0 0 0.66437500000000005 0 0 26.322573945312502
leaf_weight=138 110 794 130 27 15.999999999999998 29 217 13.999999999999998 650 243 289 77 44 64 55 101 11.999999999999998 99 106 172 93 65 93 15.999999999999998 63 205 25 89 103 24
leaf_count=138 110 794 130 27 16 29 217 14 650 243 289 77 44 64 55 101 12 99 106 172 93 65 93 16 63 205 25 89 103 24
internal_value=0 -0.00736898 -0.00243274 0.00678797 0.00279861 -0.0121406 -0.00653469 -0.00417702 -0.0125769 0.000961076 0.00459891 -0.00271474 -0.00203811 0.00857306 0.00415251 -0.00565238 -0.00645733 -0.015082 0.0137752 -0.00984862 -0.00795363 -0.00568003 0.00557177 -0.00616333 0.00798977 -0.00332664 0.000207943 -0.0113086 -0.00831385 0.00966902
internal_weight=0 3460 1716 703 463 1744 780 211 1715 936 419 450 517 252 132 318 197 893 240 822 185 158 188 32 156 473 230 330 192 134
internal_count=4163 3460 1716 703 463 1744 780 211 1715 936 419 450 517 252 132 318 197 893 240 822 185 158 188 32 156 473 230 330 192 134
cat_boundaries=0 1 3 4 6 8 9
cat_threshold=441396 1275085048 32768 612954 679 172032 1038 221184 15632
is_linear=0
shrinkage=0.05


Tree=5
num_leaves=31
num_cat=7
split_feature=6 0 39 31 8 31 0 39 31 22 23 34 22 18 7 26 8 28 24 5 8 34 8 24 24 3 19 24 20 35
split_gain=48.7638 32.3609 9.56595 6.25005 5.5351 5.44178 4.87423 4.66301 4.16353 3.70857 3.59576 3.50411 3.45218 3.38051 3.35471 3.06615 3.03632 2.95941 2.8084 2.6713 2.34611 2.07586 2.41152 2.00488 2.6677 1.98135 1.8834 3.02891 1.88084 1.95138
threshold=1.9000000000000001 0 17.100000000000005 1 44.750000000000007 2 3 8.1666666666666696 4 -0.6499999999999998 2.4500000000000006 5 3.0500000000000003 8.5000000000000018 22.450000000000003 66.042962438560849 0.15000000000000005 -43.790424999999992 219.02356526311181 0.15000000000000005 4.5000000000000009 6 11.500000000000002 81.820673745551389 238.52194506206774 1.0000000180025095e-35 3.3277339986274366 212.97369925583959 0.72278965290048969 1.0000000180025095e-35
decision_type=8 1 10 9 10 9 1 10 9 2 2 9 2 10 8 8 10 2 10 10 10 9 10 8 8 8 8 10 8 2
left_child=1 2 5 -2 7 23 11 19 9 -4 18 14 21 17 -5 -13 26 -8 -7 -3 -9 -10 -23 -1 -25 -19 -12 -28 -11 -30
right_child=3 4 8 6 -6 10 13 20 12 28 16 15 -14 -15 -16 -17 -18 25 -20 -21 -22 22 -24 24 -26 -27 27 -29 29 -31
leaf_value=0 14.200765560546877 0 0 -0.034187258789062501 0.193445234375 0 1.4421059121093753 0 0 0.66844523437500003 0 -0.017718750000000005 0.193445234375 2.1051796552734374 1.4107100664062502 0.60014059960937505 0.58033570312500005 0.099319257812500006 0.193445234375 0 0 0 0.63115625000000009 0 0 -0.034597929687499994 0.25 0 0.193445234375 0.66844523437500003
leaf_weight=138 115 794 130 96 29 217 41 650 243 15.999999999999998 33 12.999999999999998 44 218 21 93 55 67 101 99 172 205 25 89 103 39 34 9.9999999999999982 220 53
leaf_count=138 115 794 130 96 29 217 41 650 243 16 33 13 44 218 21 93 55 67 101 99 172 205 25 89 103 39 34 10 220 53
internal_value=0 -0.00736898 -0.00243274 0.00707229 -0.0121406 -0.00653469 0.00467875 -0.0125769 0.000961076 0.00459891 -0.00271474 -0.00117798 -0.00203811 0.00819017 -0.00686544 0.00515243 0.00415251 0.00254323 -0.00565238 -0.015082 -0.00984862 -0.00332664 0.000207943 -0.0113086 -0.00831385 -0.00187882 -0.00225952 0.00449944 0.00785973 0.00685683
internal_weight=0 3460 1716 703 1744 780 588 1715 936 419 450 223 517 365 117 106 132 147 318 893 822 473 230 330 192 106 77 44 289 273
internal_count=4163 3460 1716 703 1744 780 588 1715 936 419 450 223 517 365 117 106 132 147 318 893 822 473 230 330 192 106 77 44 289 273
cat_boundaries=0 1 3 5 6 8 9 10
cat_threshold=441396 1275084880 32768 679 172032 612874 1038 221184 3968 15632
is_linear=0
shrinkage=0.05


Tree=6
num_leaves=31
num_cat=5
split_feature=6 0 39 7 8 31 0 39 31 21 22 23 22 8 24 5 8 6 18 19 34 8 24 24 12 18 19 24 20 8
split_gain=45.9258 32.3609 9.56595 6.15746 5.5351 5.44178 4.89152 4.66301 4.16353 4.07933 3.70857 3.59576 3.45218 3.03632 2.8084 2.6713 2.34611 2.1029 2.24253 2.11328 2.07586 2.41152 2.00488 2.6677 1.94912 2.29024 1.8834 3.02891 1.88084 1.87175
threshold=1.9000000000000001 0 17.100000000000005 30.800000000000004 44.750000000000007 1 2 8.1666666666666696 3 22.732396861096216 -0.6499999999999998 2.4500000000000006 3.0500000000000003 0.15000000000000005 219.02356526311181 0.15000000000000005 4.5000000000000009 10.500000000000002 15.500000000000002 3.9428024835016893 4 11.500000000000002 81.820673745551389 238.52194506206774 6.5000000000000009 8.5000000000000018 3.3277339986274366 212.97369925583959 0.72278965290048969 34.600000000000009
decision_type=8 1 10 8 10 9 1 10 9 8 2 2 2 10 10 10 10 10 10 10 9 10 8 8 2 10 8 10 8 10
left_child=1 2 5 6 7 22 -2 15 10 17 -4 14 20 26 29 -3 -9 18 19 -8 -10 -22 -1 -24 25 -19 -13 -28 -12 -7
right_child=3 4 8 -5 -6 11 9 16 12 -11 28 13 -14 -15 -16 -17 -18 24 -20 -21 21 -23 23 -25 -26 -27 27 -29 -30 -31
leaf_value=0 -0.031516860522460943 0 0 11.601443362768556 0.18377297265625001 0 0.4388294879394532 0 0 11.601008921533204 0.63502297265624996 0 0.18377297265625001 0.55131891796874999 0.18377297265625001 0 0 -0.071219358105468755 -0.10437304526367185 0.0012976502197265651 0 0.59959843749999997 0 0 10.957264384741212 1.9242660121826169 0.23750000000000002 0 0.18377297265625001 0.25
leaf_weight=138 112 794 130 94 29 206 96 650 243 83 15.999999999999998 33 44 55 101 99 172 19 33 148 205 25 89 103 34 84 34 9.9999999999999982 273 10.999999999999998
leaf_count=138 112 794 130 94 29 206 96 650 243 83 16 33 44 55 101 99 172 19 33 148 205 25 89 103 34 84 34 10 273 11
internal_value=0 -0.00736898 -0.00243274 0.00664582 -0.0121406 -0.00653469 0.00479941 -0.0125769 0.000961076 0.00684797 0.00459891 -0.00271474 -0.00203811 0.00415251 -0.00565238 -0.015082 -0.00984862 0.00494631 0.00243287 0.00409082 -0.00332664 0.000207943 -0.0113086 -0.00831385 0.0100036 0.00652489 -0.00225952 0.00449944 0.00785973 -0.00885261
internal_weight=0 3460 1716 703 1744 780 609 1715 936 497 419 450 517 132 318 893 822 414 277 244 473 230 330 192 137 103 77 44 289 217
internal_count=4163 3460 1716 703 1744 780 609 1715 936 497 419 450 517 132 318 893 822 414 277 244 473 230 330 192 137 103 77 44 289 217
cat_boundaries=0 1 3 4 6 7
cat_threshold=441396 679 172032 590082 1038 221184 15632
is_linear=0
shrinkage=0.05


Tree=7
num_leaves=31
num_cat=6
split_feature=6 0 39 22 8 31 5 39 31 22 23 34 0 22 8 24 8 5 20 6 8 34 8 20 24 24 20 19 24 20
split_gain=38.3938 32.1283 9.43435 5.72023 5.58891 5.44178 4.69369 4.66301 4.28136 3.70857 3.59576 3.54854 3.28231 3.1694 3.03632 2.8084 2.70205 2.6713 2.53547 2.37861 2.34611 2.12569 2.41152 2.04331 2.00488 2.6677 1.92802 1.8834 3.02891 1.88084
threshold=1.9000000000000001 0 17.100000000000005 -1.7499999999999998 43.750000000000007 1 9.5000000000000018 8.1666666666666696 2 -0.6499999999999998 2.4500000000000006 3 4 3.0500000000000003 0.15000000000000005 219.02356526311181 5.3500000000000005 0.15000000000000005 6.2873239161198029 4.3500000000000005 4.5000000000000009 5 11.500000000000002 5.0090279081115936 81.820673745551389 238.52194506206774 1.4955571802740228 3.3277339986274366 212.97369925583959 0.72278965290048969
decision_type=10 1 10 2 8 9 10 10 9 2 2 9 1 2 10 10 10 10 10 10 10 9 10 8 8 8 10 8 10 8
left_child=1 2 5 18 7 24 11 17 9 -4 15 12 26 21 27 -7 -14 -3 -2 -13 -9 -10 -23 -6 -1 -26 -5 -12 -29 -11
right_child=3 4 8 6 23 10 -8 20 13 29 14 19 16 -15 -16 -17 -18 -19 -20 -21 -22 22 -24 -25 25 -27 -28 28 -30 -31
leaf_value=0 -0.078024987735595727 0 0 3.9463155184051519 0.6745843240234376 0 13.251438693824463 0 0 0.60327182402343749 0 1.7510874817468265 -0.032953449259033187 0.17458432402343749 0.52375297207031257 0.17458432402343749 0.038083815853271474 0 0.24594437428039556 1.0574380317956544 0 0 0.5696185156250001 -0.075415675976562513 0 0 0.72453017119995133 0.22562500000000002 0 0.17458432402343749
leaf_weight=138 85 794 130 15.999999999999998 21.000000000000004 217 132 650 244 15.999999999999998 33 68 58 45 55 101 106 99 42 107 172 205 25 9.9999999999999982 89 103 85 34 9.9999999999999982 273
leaf_count=138 85 794 130 16 21 217 132 650 244 16 33 68 58 45 55 101 106 99 42 107 172 205 25 10 89 103 85 34 10 273
internal_value=0 -0.00737491 -0.00245885 0.00546858 -0.0121267 -0.00653469 0.00759892 -0.0125769 0.000905749 0.00459891 -0.00271474 0.00510841 0.00117989 -0.00212485 0.00415251 -0.00565238 -0.00315277 -0.015082 -0.00411926 0.0103802 -0.00984862 -0.00337233 0.000207943 0.00874404 -0.0113086 -0.00831385 0.00785105 -0.00225952 0.00449944 0.00785973
internal_weight=0 3464 1718 699 1746 780 572 1715 938 419 450 440 265 519 132 318 164 893 127 175 822 474 230 31 330 192 101 77 44 289
internal_count=4163 3464 1718 699 1746 780 572 1715 938 419 450 440 265 519 132 318 164 893 127 175 822 474 230 31 330 192 101 77 44 289
cat_boundaries=0 1 3 5 6 7 8
cat_threshold=441396 679 172032 1038 221184 3920 175137 15632
is_linear=0
shrinkage=0.05


Tree=8
num_leaves=31
num_cat=6
split_feature=6 0 39 0 8 4 31 39 22 31 18 23 24 20 23 5 34 40 8 26 8 27 26 24 24 21 22 20 9 20
split_gain=30.6844 30.6701 11.1081 6.3308 5.56675 5.16344 4.78304 4.73606 4.3583 3.96553 3.01003 2.85628 2.74845 3.59063 2.6793 2.64532 2.63002 2.58475 2.55205 2.51159 2.47068 2.43072 2.29536 2.21972 2.39777 2.20737 2.31251 2.04331 2.01661 1.9536
threshold=2.1000000000000005 0 17.100000000000005 1 43.750000000000007 3.9000000000000004 2 8.1666666666666696 -0.6499999999999998 3 16.500000000000004 2.4500000000000006 219.02356526311181 3.7322533860423341 2.4500000000000006 0.15000000000000005 4 0.059714795008912663 4.5000000000000009 218.66817761441362 0.15000000000000005 120.00000000000001 177.05973845723284 81.820673745551389 238.52194506206774 0.62544972843506341 -1.4499999999999997 5.0090279081115936 5 0.72278965290048969
decision_type=10 1 8 1 8 10 9 10 2 9 10 2 10 10 2 10 9 2 10 10 10 2 8 8 8 10 2 8 1 8
left_child=1 2 9 10 7 11 8 15 -4 23 17 25 14 -14 -11 -3 -8 22 -9 -13 -18 -15 -2 -1 -25 -5 -27 -6 -24 -10
right_child=3 4 6 5 27 -7 16 18 29 12 -12 19 13 21 -16 -17 20 -19 -20 -21 -22 -23 28 24 -26 26 -28 -29 -30 -31
leaf_value=0 -0.092500676678894014 0 0 3.4110366028163144 0.64085510782226562 16.802901986511809 0 0 0.57310823282226564 0 0.92102708319049076 0.20734176318377662 -0.0012173382666015532 0.68904182657226576 0.14121875 0 0 1.9605983734187626 0 5.2320884446980589 0.21312500000000001 0.07069032346679692 0.023314613854553204 0 0 -0.095253143613708471 0.28302287155657951 -0.071644892177734398 -0.074123738348815943 0.16585510782226562
leaf_weight=139 29 801 133 35 21.000000000000004 99 294 654 17 186 55 50 32 34 71 99 164 39 175 50 156 39 55 88 101 37 166 9.9999999999999982 58 276
leaf_count=139 29 801 133 35 21 99 294 654 17 186 55 50 32 34 71 99 164 39 175 50 156 39 55 88 101 37 166 10 58 276
internal_value=0 -0.00746322 -0.00267172 0.00419482 -0.0120873 0.00765449 0.000576674 -0.0125329 0.00458243 -0.00760374 -0.00243457 0.00487517 -0.00362465 0.00308203 -0.00650612 -0.015048 -0.00224197 -0.00564894 -0.00979565 0.0119462 0.000907853 0.00918993 -0.00877501 -0.0115231 -0.00831354 0.00188719 -0.00012288 0.00874404 -0.00550903 0.00809337
internal_weight=0 3490 1730 673 1760 437 1040 1729 426 690 236 338 362 105 257 900 614 181 829 100 320 73 142 328 189 238 203 31 113 293
internal_count=4163 3490 1730 673 1760 437 1040 1729 426 690 236 338 362 105 257 900 614 181 829 100 320 73 142 328 189 238 203 31 113 293
cat_boundaries=0 1 2 4 6 7 8
cat_threshold=441396 600342 1038 221184 679 172032 15632 1
is_linear=0
shrinkage=0.05


Tree=9
num_leaves=31
num_cat=6
split_feature=0 8 8 5 39 5 19 39 22 23 22 31 39 22 20 31 20 34 20 8 8 26 8 26 31 18 26 26 15 22
split_gain=30.4798 21.6684 9.10497 8.02208 6.57289 6.01136 4.01321 3.65329 3.62742 3.6009 3.38381 4.37893 3.21667 2.89903 2.88991 2.66582 2.61638 2.56227 2.46367 2.45239 2.42786 2.418 2.40007 2.38041 2.31492 2.85018 2.24577 2.21656 2.05426 2.01012
threshold=0 2.0500000000000003 43.750000000000007 1.8500000000000003 17.100000000000005 0.15000000000000005 8.7533449107601236 8.1666666666666696 -2.0499999999999994 2.4500000000000006 -0.34999999999999992 1 7.2500000000000009 -0.6499999999999998 1.0532715168207085 2 10.150002850747468 3 10.105099227304626 12.850000000000003 3.3500000000000001 74.407269039032926 0.35000000000000003 95.141080710603873 4 7.5000000000000009 223.46309442473833 103.45996352615019 5 -0.24999999999999997
decision_type=1 10 10 10 8 10 10 10 2 2 2 9 10 2 8 9 8 9 10 10 10 10 10 10 9 10 10 10 1 2
left_child=3 6 5 4 9 12 7 -2 27 13 14 -12 20 -1 -6 21 -14 26 -17 -16 -3 -8 -13 -18 -10 -26 -15 -7 -5 -19
right_child=1 2 -4 28 10 8 15 -9 24 -11 11 22 16 17 19 18 23 29 -20 -21 -22 -23 -24 -25 25 -27 -28 -29 -30 -31
leaf_value=0 0 0.015368413412374871 3.0872272426874501 7.9732527129370032 0.70151135782226559 -0.070417551431375139 0 0 0 6.0866913330093199e-05 0.15756235243115235 0 0 0 0 0.1341578125 0 0.5 0 0.39182564707390904 0 0.25 0.19112656250000001 1.6815566160690918 0 1.2398709594017854 0 0.25 0.06091719003417051 0
leaf_weight=140 694 23 80 124 33 36 58 612 117 157 225 185 154 69 286 33 95 22 138 46 146 53 176 15.999999999999998 91 133 39 21 43 118
leaf_count=140 694 23 80 124 33 36 58 612 117 157 225 185 154 69 286 33 95 22 138 46 146 53 176 16 91 133 39 21 43 118
internal_value=0 -0.00912187 -0.00301386 -0.00037348 -0.00153697 -0.00456484 -0.0126853 -0.0138543 -0.000125486 -0.00591255 0.0009722 0.00332509 -0.0086316 -0.0084953 -0.00280476 -0.00725792 -0.00517988 -0.00523244 -0.0108845 -0.00421116 -0.0140159 -0.000617538 -0.000201911 0.000672948 0.00183043 0.00469183 -0.010553 -0.0117493 0.010003 -0.000332336
internal_weight=0 2500 912 1663 1496 832 1588 1306 398 545 951 586 434 388 365 282 265 248 171 332 169 111 361 111 341 224 108 57 167 140
internal_count=4163 2500 912 1663 1496 832 1588 1306 398 545 951 586 434 388 365 282 265 248 171 332 169 111 361 111 341 224 108 57 167 140
cat_boundaries=0 1 3 5 6 8 9
cat_threshold=441376 10 253952 92 24576 5320 3 237568 1
is_linear=0
shrinkage=0.05


Tree=10
num_leaves=31
num_cat=5
split_feature=0 5 6 39 6 39 23 22 20 8 40 31 8 34 26 40 19 24 22 12 19 26 8 20 16 18 20 19 31 24
split_gain=30.8922 20.6847 7.70127 7.37883 6.92821 6.79538 4.13639 3.78965 2.99458 2.94211 3.30508 2.79704 3.47936 2.58847 2.5733 3.13674 2.63437 2.54257 2.42617 2.37265 2.32819 3.15713 2.43494 2.24461 3.02917 2.19765 2.13853 2.01012 2.00453 3.23535
threshold=0 0.15000000000000005 5.9000000000000012 24.700000000000006 8.2500000000000018 8.1666666666666696 2.4500000000000006 -0.94999999999999984 4.1885931548158331 2.9000000000000004 0.12973352033660593 1 0.15000000000000005 2 306.43956781910981 0.18898809523809526 4.7267065578412213 41.395010783237531 -0.6499999999999998 5.5000000000000009 9.7838651880988525 74.407269039032926 70.500000000000014 10.649566051862534 3 14.500000000000002 1.4085142210136228 14.291020255036241 4 105.74594675776764
decision_type=1 8 10 8 10 10 2 2 10 8 2 9 10 9 8 2 10 8 2 2 10 10 10 8 1 10 8 10 9 10
left_child=2 5 3 6 -3 20 18 26 25 -7 13 14 19 -11 16 -16 -9 -15 -1 -13 22 -22 -2 24 -4 -6 -5 -8 -20 -30
right_child=1 4 23 7 8 9 27 11 -10 10 -12 12 -14 17 15 -17 -18 -19 28 -21 21 -23 -24 -25 -26 -27 -28 -29 29 -31
leaf_value=0 0 0 -0.0045386927328582962 0.38044502874502728 -0.32888967559317922 0 0 0.64968423480959481 4.0326842480800265 0 1.2750000000000001 0.21222854532226562 0.20541242187500003 0 -0.10031576519040529 0.61945265244352576 0.14968423480959472 0.18595305121557618 0 0 0 0.20184375000000002 0.45445099029677982 8.216166153397916 13.01078241148644 0.86717059424683729 0 0.71020238457716678 0 0.21228941223559572
leaf_weight=175 829 409 75 13.999999999999998 45 696 183 83 116 102 32 53 211 9.9999999999999982 26 9.9999999999999982 106 100 112 146 63 49 12.999999999999998 74 23 36 173 11.999999999999998 118 69
leaf_count=175 829 409 75 14 45 696 183 83 116 102 32 53 211 10 26 10 106 100 112 146 63 49 13 74 23 36 173 12 118 69
internal_value=0 -0.00924137 -0.000433237 -0.00159241 -0.00123671 -0.0118504 -0.00548958 0.00158064 0.00645733 -0.00882556 -0.00409082 0.00342277 0.000832441 -0.00635444 0.00775111 -0.00411523 0.0104249 -0.00041511 -0.00800927 -0.00388569 -0.0148253 -0.00800356 -0.0157279 0.00956799 0.00457085 -0.00092081 -0.00466791 0.00063955 -0.00525964 -0.00164599
internal_weight=0 2500 1663 1491 606 1894 669 822 197 940 244 635 410 212 225 36 189 110 474 199 954 112 842 172 98 81 187 195 299 187
internal_count=4163 2500 1663 1491 606 1894 669 822 197 940 244 635 410 212 225 36 189 110 474 199 954 112 842 172 98 81 187 195 299 187
cat_boundaries=0 1 3 4 5 7
cat_threshold=441376 1034 221184 11792 1 728 32768
is_linear=0
shrinkage=0.05


Tree=11
num_leaves=31
num_cat=5
split_feature=0 5 39 39 6 6 3 8 23 22 22 19 40 34 26 18 31 19 31 5 4 8 20 21 5 22 9 40 19 29
split_gain=29.2148 20.8577 7.63055 7.23748 5.59929 4.68697 4.46884 4.05257 3.90088 3.82239 3.30857 2.89286 2.81212 2.72175 2.64631 2.63657 2.61672 2.54608 2.47395 2.37839 2.37254 2.24745 2.18896 2.00615 2.00554 1.84133 1.83883 1.8153 3.35279 2.06923
threshold=0 0.25000000000000006 24.700000000000006 8.1666666666666696 8.2500000000000018 15.900000000000002 1.5500000000000003 2.9000000000000004 2.4500000000000006 -0.34999999999999992 -0.6499999999999998 9.7838651880988525 0.12701612903225809 1 74.407269039032926 19.500000000000004 2 12.312319074224092 3 24.800000000000001 0.15000000000000005 79.800000000000011 16.851610881168273 2.6562492626362881 12.65 4.8500000000000005 4 0.14039408866995076 6.1844206768225822 172.96692750000003
decision_type=1 8 10 10 10 10 10 8 2 2 2 10 2 9 10 10 9 10 9 10 10 10 10 8 10 2 1 2 8 2
left_child=2 3 5 11 -3 8 9 -5 10 -4 23 15 13 -9 -13 -2 20 -15 -11 21 -12 24 -10 -1 -6 26 -18 28 29 -20
right_child=1 4 6 7 19 -7 -8 12 22 18 16 14 -14 17 -16 -17 25 -19 27 -21 -22 -23 -24 -25 -26 -27 -28 -29 -30 -31
leaf_value=0.64911271558685957 0 0 0 0 0.8224470554234089 11.245646030743851 27.607110662972389 0 0 0.50409049181911492 0 0 1.2112500000000002 0 0.1618897894968262 1.2785239091388756 0 4.5566245166357673 -0.0039390588107788066 28.535093899433562 2.1457885458818726 14.506732185770037 1.8 0 -0.57101131864460053 0.15640149482081908 0.060394272940936244 0.22562500000000002 0.23017305078125003 0.23938857273388675
leaf_weight=17 864 315 312 725 125 20 34 101 213 122 79 68 36 120 54 9.9999999999999982 200 12.999999999999998 98 21 27 17 12.999999999999998 184 31 11.999999999999998 60 120 127 25
leaf_count=17 864 315 312 725 125 20 34 101 213 122 79 68 36 120 54 10 200 13 98 21 27 17 13 184 31 12 60 120 127 25
internal_value=0 -0.00924137 -0.000672264 -0.011587 -0.000245363 -0.00408868 0.00268352 -0.00856397 -0.00468682 0.00192678 -0.00685995 -0.0146018 -0.00332779 -0.00533163 -0.00734994 -0.0156098 -0.00409565 -0.000174277 0.00467052 0.00642839 0.00257621 0.00446815 0.000883197 -0.0120377 0.00255673 -0.00654983 -0.00767902 0.00236562 0 -0.00587282
internal_weight=0 2500 1663 1991 509 825 838 995 805 804 579 996 270 234 122 874 378 133 492 194 106 173 226 201 156 272 260 370 250 123
internal_count=4163 2500 1663 1991 509 825 838 995 805 804 579 996 270 234 122 874 378 133 492 194 106 173 226 201 156 272 260 370 250 123
cat_boundaries=0 1 2 4 6 7
cat_threshold=441376 11776 2 77824 8 212992 1
is_linear=0
shrinkage=0.05


Tree=12
num_leaves=31
num_cat=4
split_feature=0 5 39 39 6 6 22 22 8 24 5 19 20 26 18 14 31 40 34 19 18 22 19 4 21 21 20 21 8 8
split_gain=32.0264 19.9681 9.33078 6.99765 4.93748 4.71092 4.64523 4.05633 3.64444 3.18933 3.08126 2.89286 2.65383 2.64631 2.63657 2.62917 2.52452 2.39198 2.51816 2.29855 2.13945 2.09117 2.0798 1.99444 1.89438 1.90945 1.81478 1.75573 1.71777 1.71295
threshold=0 0.25000000000000006 24.700000000000006 8.1666666666666696 14.500000000000002 15.900000000000002 -0.34999999999999992 -0.74999999999999989 2.9000000000000004 68.693674440245317 1.6500000000000001 9.7838651880988525 4.1885931548158331 74.407269039032926 19.500000000000004 1 2 0.12701612903225809 3 11.398019706687961 7.5000000000000009 -5.3499999999999988 9.6467052541060685 5.9000000000000012 20.706242063542764 19.664707183112267 3.1234049788570943 3.2511704615156316 9.7000000000000011 12.500000000000002
decision_type=1 8 10 10 10 10 2 2 8 10 10 10 10 10 10 1 9 2 9 10 10 2 8 10 10 10 8 8 8 10
left_child=2 3 5 11 23 7 10 21 -5 20 -4 14 15 -13 -2 -6 -11 18 -10 28 -9 -1 -20 -3 25 -8 -19 -23 -18 -25
right_child=1 4 6 8 12 -7 24 9 17 16 -12 13 -14 -15 -16 -17 19 26 22 -21 -22 27 -24 29 -26 -27 -28 -29 -30 -31
leaf_value=0.99050134262113054 0 0 0 0 1.1080969752406034 10.683363729206658 0.13451950606445312 0 0 0.20161711805615234 12.552969892219382 0 9.0920951107078025 0.15379530002198485 1.2145977136819317 -0.95813549786015173 0 -0.12431250000000001 0 0.21434375000000003 0.5409967913495628 0 0.2407023474392212 10.047025510196077 13.447339359160754 -0.031335601757812491 2.3279129951483899 0 -0.048325058376184109 -0.29246075271237049
leaf_weight=10.999999999999998 864 380 288 725 33 20 469 156 101 123 41 68 55 54 9.9999999999999982 13.999999999999998 185 9.9999999999999982 84 54 20 35 49 15.000000000000002 27 12.999999999999998 26 202 19 11.999999999999998
leaf_count=11 864 380 288 725 33 20 469 156 101 123 41 68 55 54 10 14 185 10 84 54 20 35 49 15 27 13 26 202 19 12
internal_value=0 -0.00934095 -0.00037348 -0.0116372 -0.000539798 -0.00414925 0.0033395 -0.0047489 -0.00866442 -0.00237689 -0.00129003 -0.0146018 0.00927282 -0.00734994 -0.0156098 0.00052687 0.000196618 -0.00369754 -0.00554489 -0.00260756 -0.00793426 -0.0100624 -0.00052283 -0.0030065 0.00633036 0.00559643 0.00823045 -0.011055 -0.00513573 0.0100182
internal_weight=0 2500 1663 1991 509 825 838 805 995 557 329 996 102 122 874 47 381 270 234 258 176 248 133 407 509 482 36 237 204 27
internal_count=4163 2500 1663 1991 509 825 838 805 995 557 329 996 102 122 874 47 381 270 234 258 176 248 133 407 509 482 36 237 204 27
cat_boundaries=0 1 2 4 5
cat_threshold=441376 2 0 219136 11776
is_linear=0
shrinkage=0.05


Tree=13
num_leaves=31
num_cat=5
split_feature=0 5 39 39 8 22 24 4 5 22 6 19 26 8 31 21 24 26 31 8 40 34 18 25 8 20 8 39 31 22
split_gain=27.3646 19.5052 6.31997 6.22758 5.53947 3.82925 3.686 3.234 2.96272 2.6618 2.3306 2.32819 3.15713 2.43494 2.30389 2.54487 2.42371 2.3566 2.28761 2.23299 2.37268 2.23087 2.13945 2.03024 2.86598 2.72309 2.00881 2.01608 1.96186 2.06536
threshold=0 0.15000000000000005 8.1666666666666696 24.700000000000006 6.3000000000000016 -0.74999999999999989 68.693674440245317 2.5000000000000004 27.900000000000002 -0.14999999999999999 13.100000000000001 9.7838651880988525 74.407269039032926 70.500000000000014 1 12.725722760645249 213.52255215681043 306.43956781910981 2 2.9000000000000004 0.12973352033660593 3 7.5000000000000009 74.569263781487123 1.7500000000000002 2.4122188734792491 55.400000000000013 19.100000000000005 4 3.8500000000000001
decision_type=1 8 10 10 8 2 10 10 10 2 10 10 10 10 9 8 8 10 9 8 2 9 10 10 10 10 10 10 9 2
left_child=3 2 11 5 -3 -1 22 9 18 -5 28 13 -13 -2 15 17 23 -11 -6 -4 21 -21 -7 25 -25 -16 27 -20 -8 -30
right_child=1 4 19 7 8 6 10 -9 -10 14 -12 12 -14 -15 16 -17 -18 -19 26 20 -22 -23 -24 24 -26 -27 -28 -29 29 -31
leaf_value=0 0 0 0 0 -0.012267558685980529 0 0.19148338203640136 20.561609237439299 42.369112350582526 0.58526952317493652 9.4863732735460697 0 0.17596730802405947 0.43172844078194084 -0.043378556557836914 -0.055371469479878505 0.19489037215771485 -0.12723047682506344 0 0 1.0840193626212904 0 0.51394695178208483 -0.027455893456433733 0.71216582547802743 0.22069316879396972 13.781395576481536 1.5394500543533289 0 0.21386692878027161
leaf_weight=255 829 289 696 338 118 156 122 48 14.999999999999998 73 17 63 49 12.999999999999998 9.9999999999999982 39 169 10.999999999999998 98 108 32 104 20 73 27 50 21 65 245 9.9999999999999982
leaf_count=255 829 289 696 338 118 156 122 48 15 73 17 63 49 13 10 39 169 11 98 108 32 104 20 73 27 50 21 65 245 10
internal_value=0 -0.00942062 -0.011956 -0.00112044 -0.00164894 -0.00420982 -0.0019283 0.00190828 0.00291384 0.00113859 0.000760553 -0.0148253 -0.00800356 -0.0157279 0.00364681 0.00917947 0.00125203 0.0148017 0.00181848 -0.00903823 -0.00490898 -0.00682514 -0.00793426 -0.00311624 -0.0074664 0.00413565 0.00514271 0.0035179 -6.62339e-05 -0.00254285
internal_weight=0 2500 1894 1663 606 825 570 838 317 790 394 954 112 842 452 123 329 84 302 940 244 212 176 160 100 60 184 163 377 255
internal_count=4163 2500 1894 1663 606 825 570 838 317 790 394 954 112 842 452 123 329 84 302 940 244 212 176 160 100 60 184 163 377 255
cat_boundaries=0 1 3 5 6 8
cat_threshold=441376 8 221184 105 196608 11840 0 219136
is_linear=0
shrinkage=0.05


Tree=14
num_leaves=31
num_cat=5
split_feature=0 5 39 39 8 22 24 19 3 31 8 34 26 22 18 22 6 18 24 31 22 22 27 8 5 24 34 8 40 22
split_gain=26.903 21.5091 6.41564 6.10675 5.40121 3.82925 3.686 2.89286 2.86591 2.71893 3.33027 2.69069 2.64631 2.6393 2.63657 2.62863 2.3306 2.13945 2.00621 1.96186 2.06536 1.94044 1.90947 2.33689 1.86455 1.8372 2.01878 2.52442 2.4791 2.24286
threshold=0 0.25000000000000006 8.1666666666666696 24.700000000000006 6.3000000000000016 -0.74999999999999989 68.693674440245317 9.7838651880988525 1.2500000000000002 1 28.850000000000005 2 74.407269039032926 -0.34999999999999992 19.500000000000004 -1.4499999999999997 13.100000000000001 7.5000000000000009 331.254342845944 3 3.8500000000000001 -5.3499999999999988 135.00000000000003 9.8500000000000032 27.900000000000002 41.395010783237531 4 4.0500000000000007 0.081666666666666679 3.8500000000000001
decision_type=1 8 10 10 8 2 10 10 10 9 10 9 10 2 10 2 10 10 10 9 2 2 2 10 10 8 9 8 2 2
left_child=3 2 7 5 -3 21 17 14 13 10 11 -4 -9 -5 -2 22 19 -7 25 -8 -21 -1 -6 -24 -17 -11 -27 28 29 -28
right_child=1 4 9 8 15 6 16 12 -10 18 -12 -13 -14 -15 -16 24 -18 -19 -20 20 -22 -23 23 -25 -26 26 27 -29 -30 -31
leaf_value=0.94097627549007401 0 0 0 0 0.23158251529726509 0 0.18190921293458129 0 24.208810962401714 0 6.841059074649519 0.13256235243115233 0.13730716961968265 0.11303809664893048 1.1430746169782866 0.52818936823107887 9.0120546098687679 0.48824960419298047 0 0 0.20317358234125804 0 0.55815985753930708 -0.12810908322966227 74.512798862765308 0 0 0.00083600423547176568 0 0.25
leaf_weight=10.999999999999998 864 216 110 310 14.999999999999998 156 122 68 40 98 9.9999999999999982 105 54 488 9.9999999999999982 209 17 20 36 245 9.9999999999999982 244 14.999999999999998 40 13.999999999999998 162 286 99 76 12.999999999999998
leaf_count=11 864 216 110 310 15 156 122 68 40 98 10 105 54 488 10 209 17 20 36 245 10 244 15 40 14 162 286 99 76 13
internal_value=0 -0.00938079 -0.0117628 -0.00115032 -0.000245363 -0.00420982 -0.0019283 -0.0146018 0.00184865 -0.00891557 -0.00350393 -0.00498956 -0.00734994 0.00118981 -0.0156098 0.00417448 0.000760553 -0.00793426 -0.0103146 -6.62339e-05 -0.00254285 -0.00929732 -0.00425834 -0.00856628 0.00682479 -0.00987133 -0.00887737 -0.00670864 -0.00872287 -0.0107697
internal_weight=0 2500 1991 1663 509 825 570 996 838 995 225 215 122 798 874 293 394 176 770 377 255 255 70 55 223 734 636 474 375 299
internal_count=4163 2500 1991 1663 509 825 570 996 838 995 225 215 122 798 874 293 394 176 770 377 255 255 70 55 223 734 636 474 375 299
cat_boundaries=0 1 3 4 6 7
cat_threshold=441376 134220808 147456 1872 0 219136 1536
is_linear=0
shrinkage=0.05


Tree=15
num_leaves=31
num_cat=5
split_feature=0 5 39 39 22 6 24 0 19 4 22 26 18 17 40 22 31 26 19 24 18 26 25 8 20 22 21 31 34 18
split_gain=28.3512 17.5 6.18988 6.10862 3.73853 3.582 3.57923 2.98304 2.89286 2.72562 2.76086 2.64631 2.63657 2.61474 2.36467 2.26953 2.2054 2.82697 3.12714 2.49605 2.13945 2.10062 2.03024 2.86598 2.72309 1.94044 1.89521 2.32912 1.97032 1.97509
threshold=0 0.25000000000000006 8.1666666666666696 24.700000000000006 -0.74999999999999989 6.5500000000000016 68.693674440245317 1 9.7838651880988525 3.1500000000000008 -0.14999999999999999 74.407269039032926 19.500000000000004 1.5000000000000002 0.075498575498575513 0.75000000000000011 2 306.43956781910981 4.7267065578412213 213.52255215681043 7.5000000000000009 319.46850149782222 74.569263781487123 1.7500000000000002 2.4122188734792491 -5.3499999999999988 22.073303857924223 3 4 8.5000000000000018
decision_type=1 8 10 10 2 8 10 1 10 10 2 10 10 10 2 2 9 8 10 8 10 10 10 10 10 2 10 9 9 10
left_child=3 2 8 4 25 -3 20 -7 12 10 -5 -10 -2 21 -15 -16 17 18 -12 22 -6 -4 24 -24 -18 -1 27 -8 -29 -30
right_child=1 5 13 9 6 7 26 -9 11 -11 16 -13 -14 14 15 -17 19 -19 -20 -21 -22 -23 23 -25 -26 -27 -28 28 29 -31
leaf_value=0.89392746171557025 0 0 0 0 0 2.8337178434709234 0.17276087217090885 -0.15395147429198583 0 20.341097806696702 0.55035414218374323 0.13044181113869852 1.0859208861293723 0 0 6.4990061209170422 -0.046861533562391582 -0.12652085781625674 0.10738619181648397 0.18043823508432599 0.46383712398333127 0 -0.031735003616058542 0.67090562937167952 0.20400660552182473 0 8.8071520326437263 0 0 3.0149342455372388
leaf_weight=10.999999999999998 864 295 807 341 156 108 135 106 68 42 51 54 9.9999999999999982 98 16.000000000000004 13.999999999999998 9.9999999999999982 20 54 170 20 60 73 27 50 244 14.999999999999998 104 128 11.999999999999998
leaf_count=11 864 295 807 341 156 108 135 106 68 42 51 54 10 98 16 14 10 20 54 170 20 60 73 27 50 244 15 104 128 12
internal_value=0 -0.00965962 -0.011813 -0.00121007 -0.0042704 -0.0014231 -0.00201595 0.00349732 -0.0146018 0.00178902 0.00113001 -0.00734994 -0.0156098 -0.00901602 -0.00233554 0.00985222 0.00367768 0.00904393 0.0130394 0.00132178 -0.00793426 -0.0100006 -0.00311624 -0.0074664 0.00413565 -0.00929732 0.000633794 -6.58848e-05 -0.00294753 0.000997009
internal_weight=0 2500 1991 1663 825 509 570 214 996 838 796 122 874 995 128 30 455 125 105 330 176 867 160 100 60 255 394 379 244 140
internal_count=4163 2500 1991 1663 825 509 570 214 996 838 796 122 874 995 128 30 455 125 105 330 176 867 160 100 60 255 394 379 244 140
cat_boundaries=0 1 2 4 6 7
cat_threshold=441376 1573328 8 221184 8 219136 7424
is_linear=0
shrinkage=0.05


Tree=16
num_leaves=31
num_cat=5
split_feature=0 5 39 39 22 24 6 4 0 19 26 18 17 40 22 38 22 22 31 26 31 19 22 18 19 21 40 20 28 40
split_gain=26.9405 17.5 6.18988 5.54442 3.63994 3.79302 3.582 3.12374 2.98304 2.89286 2.64631 2.63657 2.61474 2.36467 2.26953 2.10661 3.02141 2.30504 2.52561 2.10062 2.01699 2.97495 1.99325 1.91539 1.85171 3.32888 2.75832 2.25447 1.99232 1.79078
threshold=0 0.25000000000000006 8.1666666666666696 22.225000000000005 -0.74999999999999989 68.693674440245317 6.5500000000000016 3.1500000000000008 1 9.7838651880988525 74.407269039032926 19.500000000000004 1.5000000000000002 0.075498575498575513 0.75000000000000011 2 -0.34999999999999992 2.8500000000000001 3 319.46850149782222 4 11.398019706687961 -5.3499999999999988 7.5000000000000009 0.61640693760815013 4.2307797581348483 0.12310606060606062 13.384731570479483 -43.80932099999999 0.088932806324110686
decision_type=1 8 10 10 2 10 8 10 1 10 10 10 10 2 2 1 2 2 9 10 9 10 2 10 8 8 2 8 2 2
left_child=3 2 9 4 22 23 -3 15 -8 11 -11 -2 19 -14 -15 16 -5 18 -17 24 -7 -22 -1 -6 28 -26 -27 -28 -4 -24
right_child=1 6 12 7 5 20 8 -9 -10 10 -12 -13 13 14 -16 17 -18 -19 -20 -21 21 -23 29 -25 25 26 27 -29 -30 -31
leaf_value=0.84923108862979169 0 0 0.21102969118922121 -0.0074842117404797298 0 0.16528619113511736 2.6920319512973769 18.728843812547968 -0.14625390057738649 0 0.12391972058176358 1.0316248418229037 0 0 6.1740558148711902 -0.0046106911707528122 0.022836435074556061 0.14974227769011139 0.10220724735580163 0 0 0.22494524067860802 0 0.23164510247939418 0 0 0.35254544105575802 0 -0.023156249999999989 1.2084135883603286
leaf_weight=10.999999999999998 864 295 22 53 150 126 108 43 106 68 54 9.9999999999999982 98 16.000000000000004 13.999999999999998 102 77 99 500 60 197 54 220 19 215 472 28 42 28 11.999999999999998
leaf_count=11 864 295 22 53 150 126 108 43 106 68 54 10 98 16 14 102 77 99 500 60 197 54 220 19 215 472 28 42 28 12
internal_value=0 -0.00965962 -0.011813 -0.00141922 -0.00446513 -0.00219599 -0.0014231 0.00131511 0.00349732 -0.0146018 -0.00734994 -0.0156098 -0.00901602 -0.00233554 0.00985222 0.000631427 -0.00498398 0.00172184 0.000580961 -0.0100006 0.000596105 -0.00200803 -0.00955022 -0.00840956 -0.00931946 -0.00993465 -0.00783482 0.00141945 0 -0.0105399
internal_weight=0 2500 1991 1663 789 546 509 874 214 996 122 874 995 128 30 831 130 701 602 867 377 251 243 169 807 757 542 70 50 232
internal_count=4163 2500 1991 1663 789 546 509 874 214 996 122 874 995 128 30 831 130 701 602 867 377 251 243 169 807 757 542 70 50 232
cat_boundaries=0 1 2 3 5 7
cat_threshold=441376 1573328 2 2576 32768 0 219136
is_linear=0
shrinkage=0.05


Tree=17
num_leaves=31
num_cat=5
split_feature=0 5 39 39 22 24 6 19 0 26 17 4 8 40 22 26 19 21 40 20 31 19 22 18 40 31 21 28 34 18
split_gain=32.7185 17.1705 8.90214 6.41532 3.63994 3.79302 3.38789 2.93332 2.77213 2.64631 2.57551 2.42847 2.41973 2.36467 2.26953 2.12795 2.24307 3.32888 2.75832 2.25447 2.01699 2.97495 1.99325 1.91539 1.79078 1.6962 1.79839 1.9931 1.6908 3.04723
threshold=0 0.25000000000000006 22.225000000000005 8.1666666666666696 -0.74999999999999989 68.693674440245317 6.5500000000000016 9.7838651880988525 1 74.407269039032926 1.5000000000000002 3.1500000000000008 70.500000000000014 0.075498575498575513 0.75000000000000011 319.46850149782222 0.61640693760815013 4.2307797581348483 0.12310606060606062 13.384731570479483 2 11.398019706687961 -5.3499999999999988 7.5000000000000009 0.088932806324110686 3 4.6814938846266001 -43.613856999999996 4 9.5000000000000018
decision_type=1 8 10 10 2 10 8 10 1 10 10 10 10 2 2 10 8 8 2 8 9 10 2 10 2 9 8 2 9 10
left_child=2 3 4 7 22 23 -3 12 -8 -9 15 25 -2 -12 -15 16 -5 -18 -19 -20 -7 -22 -1 -6 -24 -4 27 -27 -28 -30
right_child=1 6 11 10 5 20 8 9 -10 -11 13 -13 -14 14 -16 -17 17 18 19 -21 21 -23 24 -25 -26 26 28 -29 29 -31
leaf_value=0.80676953419830222 0 0 0.094529768341154258 0.099160980159490653 0 0.1570218815783615 2.5574303537325083 0 -0.13894120554851722 0.11772373455267537 0 17.792401621920572 0.41014201874284384 0 5.8653530241276304 0 0 0 0.33491816900297011 0 0 0.21369797864467766 0 0.22006284735542467 1.1479929089423122 -0.0002428764010131479 0.50323689570758978 -0.02948536236779007 -0.0051103623677900781 1.8059251160408103
leaf_weight=10.999999999999998 861 295 255 50 150 126 108 68 106 54 98 43 12.999999999999998 16.000000000000004 13.999999999999998 60 215 472 28 42 197 54 220 19 11.999999999999998 134 120 55 231 36
leaf_count=11 861 295 255 50 150 126 108 68 106 54 98 43 13 16 14 60 215 472 28 42 197 54 220 19 12 134 120 55 231 36
internal_value=0 -0.00967954 -0.000612507 -0.011813 -0.00446513 -0.00219599 -0.00152125 -0.014652 0.00326416 -0.00734994 -0.00896579 0.00285894 -0.015667 -0.00233554 0.00985222 -0.00994294 -0.00925754 -0.00993465 -0.00783482 0.00141945 0.000596105 -0.00200803 -0.00955022 -0.00840956 -0.0105399 0.0022551 0.00068207 -0.00329902 0.0026455 0.000270319
internal_weight=0 2500 1663 1991 789 546 509 996 214 122 995 874 874 128 30 867 807 757 542 70 377 251 243 169 232 831 576 189 387 267
internal_count=4163 2500 1663 1991 789 546 509 996 214 122 995 874 874 128 30 867 807 757 542 70 377 251 243 169 232 831 576 189 387 267
cat_boundaries=0 1 2 4 6 7
cat_threshold=441376 1573328 0 219136 2320 188416 1240
is_linear=0
shrinkage=0.05


Tree=18
num_leaves=31
num_cat=4
split_feature=0 5 39 39 6 22 24 4 19 26 8 39 20 5 4 40 31 19 22 18 0 21 24 21 23 22 40 40 22 31
split_gain=27.6037 17.2618 5.97277 5.76602 4.67791 3.63994 3.79302 3.06928 2.36444 3.15713 2.44843 2.24592 2.04227 2.40728 2.17388 3.53634 2.01699 2.97495 1.99325 1.91539 1.87383 1.93479 3.30902 2.00465 2.41536 2.1508 1.79078 1.74949 3.23418 2.01959
threshold=0 0.15000000000000005 8.1666666666666696 22.225000000000005 8.2500000000000018 -0.74999999999999989 68.693674440245317 3.1500000000000008 9.7838651880988525 74.407269039032926 70.500000000000014 1264.1000000000001 4.1885931548158331 8.5500000000000025 2.5000000000000004 0.048809523809523817 1 11.398019706687961 -5.3499999999999988 7.5000000000000009 2 4.3427167351641502 94.630641846960799 10.828847166733508 2.2500000000000004 -0.54999999999999993 0.088932806324110686 0.075498575498575513 3.0500000000000003 3
decision_type=1 8 10 10 8 2 10 10 10 10 10 10 10 10 10 2 9 10 2 10 1 10 10 10 2 2 2 2 2 9
left_child=3 2 8 5 -3 18 19 20 10 -10 -2 -4 13 -6 15 -14 -8 -18 -1 -7 21 -5 -23 24 -24 -25 -20 28 -22 -29
right_child=1 4 11 7 12 6 16 -9 9 -11 -12 -13 14 -15 -16 -17 17 -19 26 -21 27 22 23 25 -26 -27 -28 29 -30 -31
leaf_value=0.76643105748838702 0 0 0 -0.031711476324457123 0.56881498058123037 0 0.1491707874994434 16.902781540824542 0 0.14169932082821543 0.38963491780570164 0.49668594118922127 -0.39729062160613321 -0.91521910283134078 5.5022662500512034 4.1936829806681857 0 0.20301307971244376 0 0.20905970498765358 -0.0048548442494005702 -0.012776912885269543 -0.05108735882307041 -0.0048548442494005702 0.64039082270794467 2.2787034856437089 1.0905932634951965 0.63356934571711809 0.10359728234088297 0.064353947725104499
leaf_weight=10.999999999999998 829 407 926 47 48 150 126 43 63 49 12.999999999999998 13.999999999999998 34 35 68 13.999999999999998 197 54 220 19 254 110 13.999999999999998 12.999999999999998 22 27 11.999999999999998 110 38 196
leaf_count=11 829 407 926 47 48 150 126 43 63 49 13 14 34 35 68 14 197 54 220 19 254 110 14 13 22 27 12 110 38 196
internal_value=0 -0.00969946 -0.0120879 -0.00135947 -0.00239096 -0.00446513 -0.00219599 0.00142947 -0.0148777 -0.00800356 -0.0157873 -0.00925089 0.00388569 -0.00209706 0.00815801 0 0.000596105 -0.00200803 -0.00955022 -0.00840956 0.000751699 -0.00297802 -0.000804505 0.00719424 -0.00137174 0.0148331 -0.0105399 0.00221875 -0.000512908 0.00489476
internal_weight=0 2500 1894 1663 606 789 546 874 954 112 842 940 199 83 116 48 377 251 243 169 831 233 186 76 36 40 232 598 292 306
internal_count=4163 2500 1894 1663 606 789 546 874 954 112 842 940 199 83 116 48 377 251 243 169 831 233 186 76 36 40 232 598 292 306
cat_boundaries=0 1 3 4 6
cat_threshold=441376 0 219136 4128 299 131072
is_linear=0
shrinkage=0.05


Tree=19
num_leaves=31
num_cat=7
split_feature=0 5 6 22 39 39 0 8 31 12 24 19 39 22 34 19 25 8 7 4 31 34 7 8 40 26 34 25 40 39
split_gain=26.5673 14.3803 8.01477 6.26048 5.21506 3.68771 3.33656 4.43696 3.30621 3.03218 2.64164 2.61845 2.56773 2.50682 2.42142 2.37937 2.64232 2.33398 2.22675 2.58705 2.19175 2.81665 2.23309 1.9741 1.94728 2.20088 1.90205 1.88877 1.87924 1.86525
threshold=0 0.15000000000000005 8.5000000000000018 -1.1499999999999997 8.1666666666666696 17.300000000000001 1 21.800000000000004 2 6.5000000000000009 216.95605357613434 10.017660789748842 33.300000000000004 -5.3499999999999988 3 9.7838651880988525 79.152123817600867 2.1500000000000008 24.050000000000001 5.1000000000000005 4 5 3.6500000000000008 70.500000000000014 0.15075757575757578 257.27764355918617 6 154.03929032903781 0.11882352941176472 38.350000000000009
decision_type=1 8 10 2 10 10 1 8 9 2 8 8 10 2 9 10 10 10 8 10 9 9 10 10 2 8 9 10 2 10
left_child=2 4 3 12 15 18 7 26 -8 11 -10 -4 13 -1 -12 23 -17 -7 -3 -20 21 29 -22 -2 25 -16 27 -5 -19 -6
right_child=1 5 9 6 20 17 8 -9 10 -11 14 -13 -14 -15 24 16 -18 28 19 -21 22 -23 -24 -25 -26 -27 -28 -29 -30 -31
leaf_value=0.69821553835395012 0 0 -0.30640076569742125 0 0 0 0.09648926914056144 3.4350564495252187 0 18.174707612874482 0 5.9277217042203292 0 0 0.37691875860502294 0 0.10475258178363084 0.72469521498299549 -0.29921723952990809 25.956298224357354 0 0.10881235243115231 0 0.37015317191541658 1.1645157072606043 -1.5216728332489993e-06 0 0.19697357986325764 -0.17634477182312047 0
leaf_weight=14.999999999999998 781 316 40 55 68 42 519 13.999999999999998 281 58 110 50 147 238 47 56 46 149 21 14.999999999999998 536 115 79 11.999999999999998 21 54 158 56 12.999999999999998 51
leaf_count=15 781 316 40 55 68 42 519 14 281 58 110 50 147 238 47 56 46 149 21 15 536 115 79 12 21 54 158 56 13 51
internal_value=0 -0.0101063 -0.00204169 -0.0030167 -0.0123821 -0.00314494 -0.00134935 -0.00604873 0 0.00909397 -0.00281784 0.00331675 -0.00849045 -0.0115407 0.0010755 -0.0150483 -0.00780869 0.00220103 -0.00624202 0.00548697 -0.00956501 -0.00470444 -0.011152 -0.0159745 0.00566251 0.00320355 -0.00770087 -0.00185261 0.00492459 -0.00984936
internal_weight=0 2300 1863 1715 1744 556 1315 283 1032 148 513 90 400 253 232 895 102 204 352 36 849 234 615 793 122 101 269 111 162 119
internal_count=4163 2300 1863 1715 1744 556 1315 283 1032 148 513 90 400 253 232 895 102 204 352 36 849 234 615 793 122 101 269 111 162 119
cat_boundaries=0 1 2 4 5 7 8 9
cat_threshold=441440 96 98 256000 7936 2057 212992 1872 8648
is_linear=0
shrinkage=0.05


Tree=20
num_leaves=31
num_cat=8
split_feature=0 5 6 22 39 0 25 39 8 34 15 21 21 39 22 39 31 22 22 19 19 34 8 19 7 4 8 32 26 34
split_gain=27.0351 14.19 7.03901 6.46215 5.1407 3.75235 3.59039 3.47696 3.4217 3.08986 2.59977 2.58483 2.71715 2.56773 2.50682 2.45185 2.79322 2.71475 2.54235 2.40269 2.64078 2.60709 2.43189 2.30241 2.22675 2.58705 2.22631 2.04152 2.87691 1.90205
threshold=0 0.15000000000000005 8.5000000000000018 -1.1499999999999997 5.5000000000000009 1 263.34911465603335 17.300000000000001 21.800000000000004 2 3 13.855295867512856 11.457249044050657 33.300000000000004 -5.3499999999999988 11.100000000000001 4 3.4500000000000006 3.5500000000000003 9.5045432110010548 0.61640693760815013 5 40.000000000000007 10.635736271326243 24.050000000000001 5.1000000000000005 2.1500000000000008 6 321.90004811635112 7
decision_type=1 8 10 2 10 1 10 10 8 9 1 10 10 10 2 8 9 2 2 10 8 9 10 10 8 10 10 9 10 9
left_child=2 4 3 13 -2 8 10 24 29 11 -4 12 27 14 -1 -11 18 -18 -17 20 -6 -22 -23 -21 -3 -26 -9 28 -7 -5
right_child=1 7 6 5 19 9 -8 26 -10 15 -12 -13 -14 -15 -16 16 17 -19 -20 23 21 22 -24 -25 25 -27 -28 -29 -30 -31
leaf_value=0.6633047614362525 0 0 14.204401034324661 0 0 0.21936302069287203 -0.41613036295102862 0 3.2633036270489573 0 -0.31030080648706648 0.41150723193640293 -0.0048275068026945702 0 0 0.51278788119070728 -0.0071400752061907997 0.55971052851832526 -0.11296030338847429 0.17753297569762314 0 0 0.90164551331964571 0 -0.2842563775534126 24.658483313139484 0.34580291345076575 0 -0.012471496236898784 0
leaf_weight=14.999999999999998 527 316 94 111 87 156 23 42 13.999999999999998 140 31 72 37 147 238 89 254 27 10.999999999999998 25 185 758 19 143 21 14.999999999999998 162 234 11.999999999999998 158
leaf_count=15 527 316 94 111 87 156 23 42 14 140 31 72 37 147 238 89 254 27 11 25 185 758 19 143 21 15 162 234 12 158
internal_value=0 -0.0101495 -0.002015 -0.00292926 -0.0124108 -0.00123532 0.00842034 -0.00323479 -0.00621912 0.000191856 0.0117577 0.00292454 0.00153601 -0.00849045 -0.0115407 -0.00249318 -0.000458776 -0.00300223 0.00633771 -0.0106165 -0.011506 -0.0122604 -0.0135564 -0.00504601 -0.00624202 0.00548697 0.00195647 0.00273326 0.00672457 -0.00770087
internal_weight=0 2300 1863 1715 1744 1315 148 556 283 1032 125 511 439 400 253 521 381 281 100 1217 1049 962 777 168 352 36 204 402 168 269
internal_count=4163 2300 1863 1715 1744 1315 148 556 283 1032 125 511 439 400 253 521 381 281 100 1217 1049 962 777 168 352 36 204 402 168 269
cat_boundaries=0 1 2 3 4 6 7 8 9
cat_threshold=441440 96 17016 1 2 92160 40 9 8648
is_linear=0
shrinkage=0.05


Tree=21
num_leaves=31
num_cat=8
split_feature=0 5 22 39 18 0 11 22 8 17 21 17 8 19 19 34 8 17 19 21 19 25 34 34 4 34 39 21 14 24
split_gain=28.8727 12.8323 6.55773 5.1407 4.63157 4.88003 3.64743 3.37081 3.30096 2.9582 2.76688 2.74646 2.42996 2.40269 2.64078 2.60709 2.43189 2.39121 2.30241 2.23243 2.15912 1.99542 1.98251 1.93846 2.86583 1.87176 2.84767 1.82346 1.81533 1.75908
threshold=0 0.15000000000000005 -1.4499999999999997 5.5000000000000009 9.5000000000000018 1 2 -1.6499999999999997 6.3000000000000016 4.3500000000000005 21.471620260365601 4.5000000000000009 21.800000000000004 9.5045432110010548 0.61640693760815013 3 40.000000000000007 1.9500000000000002 10.635736271326243 2.4047568445425349 21.098649060358881 70.724914716679464 4 5 0.75000000000000011 6 11.100000000000001 16.811622918852809 7 260.67606177650197
decision_type=1 8 2 10 10 1 1 2 10 8 10 8 8 10 8 9 10 10 10 8 10 10 9 9 10 9 8 8 1 10
left_child=2 3 6 -2 5 12 17 9 19 -3 -6 20 22 14 -5 -16 -17 21 -15 -9 25 -1 29 -21 -25 -7 27 -27 -10 -4
right_child=1 7 4 13 10 11 -8 8 28 -11 -12 -13 -14 18 15 16 -18 -19 -20 23 -22 -23 -24 24 -26 26 -28 -29 -30 -31
leaf_value=0 0 -0.038633537653079891 0 0 0.57284620261968644 0.059223590753204207 0 -0.0066281176215576389 -0.49298161823598718 0.12269894609747407 70.815953967142875 -0.10905119683472293 2.7926579864680714 0.16865632691274196 0 0 0.85656323765366338 2.5768277435863043 0 0 6.5443414531891086 0.10962130761681964 0 0 1.2469186718750001 0 0.00035700376030955994 -0.0048244634570280727 0.27238646207342837 0.38952369979550394
leaf_weight=83 527 71 92 87 171 493 174 24 29 18 28 27 10.999999999999998 25 185 758 19 30 143 112 12.999999999999998 54 168 69 31 112 362 24 202 21
leaf_count=83 527 71 92 87 171 493 174 24 29 18 28 27 11 25 185 758 19 30 143 112 13 54 168 69 31 112 362 24 202 21
internal_value=0 -0.0102577 -0.00185487 -0.0124108 -0.000459785 -0.00153009 -0.0081271 -0.00368407 -0.00197882 -0.0125769 0.00664327 0.000120025 -0.00710861 -0.0106165 -0.011506 -0.0122604 -0.0135564 -0.00283667 -0.00504601 -0.00613237 0.000547563 -0.00563841 -0.00826079 -0.00447164 0.000905387 0.000277372 -0.00186842 -0.00806156 0.00226831 -0.00222762
internal_weight=0 2300 1863 1744 1522 1323 341 556 467 89 199 1031 292 1217 1049 962 777 167 168 236 1004 137 281 212 100 991 498 136 231 113
internal_count=4163 2300 1863 1744 1522 1323 341 556 467 89 199 1031 292 1217 1049 962 777 167 168 236 1004 137 281 212 100 991 498 136 231 113
cat_boundaries=0 1 2 3 4 5 6 7 8
cat_threshold=441440 96 2 40 8648 2880 17016 4
is_linear=0
shrinkage=0.05


Tree=22
num_leaves=31
num_cat=5
split_feature=0 5 6 22 0 39 40 3 34 19 22 39 19 23 26 8 34 8 21 3 24 32 26 25 19 17 20 22 22 22
split_gain=23.2609 17.2846 6.26083 5.27168 4.7337 4.62942 3.26834 2.68795 2.6597 2.60259 2.57644 2.52245 2.39436 3.03236 2.64354 2.40374 2.35559 2.92881 2.01095 1.96933 1.95633 2.81778 1.93146 2.46922 1.91112 1.91101 1.88403 1.80368 1.76879 2.17546
threshold=0 0.15000000000000005 10.700000000000001 -0.94999999999999984 1 5.5000000000000009 0.088932806324110686 0.75000000000000011 2 0.62318286527802991 -5.3499999999999988 12.350000000000001 3.7007318884108895 2.2500000000000004 75.873150818851187 14.100000000000001 3 7.2500000000000009 9.0165347325807268 1.6500000000000001 68.693674440245317 4 256.63889123425457 88.642467912522477 12.372263660956024 4.2500000000000009 1.6678948709864685 -2.5499999999999994 2.9500000000000006 -1.9499999999999997
decision_type=1 8 10 2 1 10 2 10 9 8 2 8 10 2 10 10 9 10 10 10 8 9 10 8 10 10 10 2 2 2
left_child=2 5 3 6 12 -2 10 25 28 -7 -1 20 -5 15 -15 -14 -11 18 -18 26 -6 -22 23 -8 -19 -4 -10 -25 29 -3
right_child=1 8 7 4 11 9 22 -9 19 16 -12 -13 13 14 -16 -17 17 24 -20 -21 21 -23 -24 27 -26 -27 -28 -29 -30 -31
leaf_value=0.47536212472423467 0 -0.09919565152405517 6.6402725886141187 0 -0.0027198041975254662 0 -0.0037134321857702269 28.664711743289907 0.00193167688265401 0 0 0.029803306870833879 0 0 0.23750000000000002 0.98222364008151153 0 0 0 10.322756807984831 -0.0045847619570098972 0.12456946908201144 -0.010572469997387125 -0.008072541635655784 1.3791782782274256 -0.32504111434183902 0 0.96185838683236202 -0.021683454192147813 0
leaf_weight=18 490 34 20 107 77 93 45 54 93 188 353 720 99 86 111 12.999999999999998 491 142 175 36 110 106 26 23 11.999999999999998 51 119 42 28 201
leaf_count=18 490 34 20 107 77 93 45 54 93 188 353 720 99 86 111 13 491 142 175 36 110 106 26 23 12 51 119 42 28 201
internal_value=0 -0.0101541 -0.00264308 -0.00335666 -0.00180139 -0.0127714 -0.00773475 0.00817059 -0.00219963 -0.0109628 -0.0101629 7.32815e-05 -0.00621409 -0.00412021 -0.000379843 -0.0106714 -0.0117011 -0.0128846 -0.0144797 0.00154769 -0.0038337 -0.001386 -0.0010993 0.00181077 -0.00679832 0.00174948 -0.000235349 0.00802139 -0.00557689 -0.00435337
internal_weight=0 2102 2061 1936 1429 1591 507 125 511 1101 371 1013 416 309 197 112 1008 820 666 248 293 216 136 110 154 71 212 65 263 235
internal_count=4163 2102 2061 1936 1429 1591 507 125 511 1101 371 1013 416 309 197 112 1008 820 666 248 293 216 136 110 154 71 212 65 263 235
cat_boundaries=0 1 2 3 4 5
cat_threshold=441444 100 7744 40 6
is_linear=0
shrinkage=0.05


Tree=23
num_leaves=31
num_cat=6
split_feature=0 5 22 39 40 21 0 7 5 19 19 34 8 26 19 34 39 25 22 31 34 25 17 7 8 39 4 12 29 24
split_gain=23.1065 20.9732 5.76295 5.1407 3.74027 3.46467 3.43385 3.99226 2.72923 2.40269 2.64078 2.60709 2.43189 2.36079 2.30241 2.29012 3.67687 2.22511 2.22298 2.12652 1.90022 2.60816 1.86993 2.22576 1.97347 1.86918 1.79878 2.57561 1.62925 1.60711
threshold=0 0.15000000000000005 -1.2499999999999998 5.5000000000000009 0.088932806324110686 22.732396861096216 1 13.350000000000003 2.3500000000000001 9.5045432110010548 0.61640693760815013 2 40.000000000000007 229.05986730223847 10.635736271326243 3 16.633333333333336 218.4892895874772 -5.3499999999999988 4 5 246.40403759167171 10.15 0.55000000000000016 0.65000000000000002 30.100000000000005 1.0000000180025095e-35 6.5000000000000009 172.91351650000004 61.628157297464732
decision_type=1 8 2 10 2 10 1 10 10 10 8 9 10 10 10 9 8 10 2 9 9 10 10 8 10 10 10 2 2 10
left_child=2 3 4 -2 18 6 7 20 -6 10 -5 -12 -13 -7 -11 16 -3 -18 -1 29 21 -4 23 24 -21 -23 -20 -28 -26 -8
right_child=1 15 5 9 8 13 19 -9 -10 14 11 12 -14 -15 -16 -17 17 -19 26 22 -22 25 -24 -25 28 -27 27 -29 -30 -31
leaf_value=0.50742399620893064 0 -0.011011012602008076 0 0 -0.007185027744905881 0 -0.0053334959105469926 6.3188320348013747 20.36621813516048 0.16022351056710488 0 0 0.81373507577098025 39.588818713289115 0 0.00025038812780273648 0.75 -0.058138846104421396 0 -0.00220161451593901 0 -0.010861839496581439 11.615467380326777 -0.028338557366583528 0.23929266010375239 1.4566481063743368 -0.031349003186749026 1.25 -0.029296688776640378 0.13517748369978114
leaf_weight=17 527 84 71 87 95 10.999999999999998 114 23 17 25 185 758 19 32 143 410 33 29 233 309 174 12.000000000000002 9.9999999999999982 216 51 17 35 17 13.999999999999998 395
leaf_count=17 527 84 71 87 95 11 114 23 17 25 185 758 19 32 143 410 33 29 233 309 174 12 10 216 51 17 35 17 14 395
internal_value=0 -0.00967344 -0.00214844 -0.0124108 -0.00735915 -0.000672669 -0.00110207 -0.0057733 0.000444642 -0.0106165 -0.011506 -0.0122604 -0.0135564 0.0132336 -0.00504601 -0.00125797 -0.00639182 0.00240192 -0.0102496 0.000200992 -0.00765167 -0.00135808 -0.00180195 -0.00220171 0.000133529 0.0110357 -0.011298 -0.00285987 0.00802139 0.00255077
internal_weight=0 2300 1863 1744 414 1449 1406 297 112 1217 1049 962 777 43 168 556 146 62 302 1109 274 100 600 590 374 29 285 52 65 509
internal_count=4163 2300 1863 1744 414 1449 1406 297 112 1217 1049 962 777 43 168 556 146 62 302 1109 274 100 600 590 374 29 285 52 65 509
cat_boundaries=0 1 2 3 4 6 7
cat_threshold=441440 96 40 6216 8388642 258048 10568
is_linear=0
shrinkage=0.05


Tree=24
num_leaves=31
num_cat=5
split_feature=0 5 22 39 40 17 6 8 24 22 34 21 22 22 19 24 31 19 39 25 31 15 26 18 39 22 39 26 19 22
split_gain=20.9541 27.3405 6.73747 5.9664 3.50876 2.9825 2.52591 3.72742 3.10519 3.11968 2.37035 2.26897 2.1018 2.1009 2.05144 2.02816 2.54279 3.02266 2.29446 2.35824 2.01139 2.61545 2.762 2.06571 1.98087 1.92684 1.91199 1.81218 3.26434 2.42434
threshold=0 0.15000000000000005 -1.4499999999999997 7.2500000000000009 0.088932806324110686 11.300000000000002 1.1500000000000001 67.300000000000011 171.56236689366514 -1.6499999999999997 1 22.732396861096216 -0.34999999999999992 -5.3499999999999988 2.9385452961024483 331.254342845944 2 7.8431433717927499 34.300000000000004 15.088392100697776 3 4 47.033960946323994 3.5000000000000004 41.500000000000007 -1.6499999999999997 57.533333333333339 74.407269039032926 9.7838651880988525 -2.9499999999999997
decision_type=1 8 2 10 2 10 8 10 8 2 9 10 2 2 10 10 9 10 10 8 9 1 10 10 10 2 10 10 10 2
left_child=2 3 4 27 13 11 24 8 -8 -10 12 20 -11 -1 -6 16 -5 18 19 -18 -4 -22 -23 -24 25 -3 -25 -2 29 -29
right_child=1 6 5 15 14 -7 7 -9 9 10 -12 -13 -14 -15 -16 -17 17 -19 -20 -21 21 22 23 26 -26 -27 -28 28 -30 -31
leaf_value=0.42622281867757644 0 0.0019191574762638553 -0.0027151086019869819 0 -0.0072471649575844184 23.22304440283223 -0.073122144611014003 14.244483658278236 -0.09234396696364966 1.1810161127493002 0.550263757634745 9.2879603132977682 -0.070141917986991986 0 0.45329043976046324 0 1.8 0 0 0 0 1.0998691684290478 0.13819544804080094 -0.052205290596407619 -0.0049249329545362434 0.00055055063010041045 0.48123079305249328 0.49687525697427015 -0.0047256077609599606 0
leaf_weight=15.999999999999998 413 14.999999999999998 289 395 36 11.999999999999998 75 22 59 26 160 35 80 225 34 48 10.999999999999998 135 200 281 775 32 133 38 36 134 22 9.9999999999999982 44 372
leaf_count=16 413 15 289 395 36 12 75 22 59 26 160 35 80 225 34 48 11 135 200 281 775 32 133 38 36 134 22 10 44 372
internal_value=0 -0.00908389 -0.00179493 -0.0120584 -0.00842832 -0.000261888 0.000123467 -0.00201207 -0.00312149 -0.000998617 0.00131357 -0.00049077 -0.00429369 -0.011286 0.00141945 -0.00957541 -0.0090958 -0.00670641 -0.00863032 -0.0114549 -0.000833689 0.000247415 0.00499002 0.00271388 0.00498787 0.0075276 -0.00496278 -0.0152183 -0.0128972 -0.014381
internal_weight=0 2516 1647 1909 311 1336 607 422 400 325 266 1324 106 241 70 1070 1022 627 492 292 1289 1000 225 193 185 149 60 839 426 382
internal_count=4163 2516 1647 1909 311 1336 607 422 400 325 266 1324 106 241 70 1070 1022 627 492 292 1289 1000 225 193 185 149 60 839 426 382
cat_boundaries=0 1 2 4 5 6
cat_threshold=441408 2824 930 303104 2329 1
is_linear=0
shrinkage=0.05


Tree=25
num_leaves=31
num_cat=7
split_feature=5 0 22 39 31 0 40 6 0 4 31 4 39 40 34 24 31 19 39 25 23 7 24 19 26 19 22 19 21 21
split_gain=23.2546 28.2377 8.39312 6.00939 4.34098 4.57655 3.6372 3.34003 3.28103 2.89239 2.83574 2.47744 2.27609 2.14268 2.64551 2.03532 2.57298 3.00033 2.24954 2.3414 1.98084 1.91599 1.84809 1.81865 1.81218 3.26434 2.42434 1.66335 2.78925 2.56261
threshold=0.15000000000000005 0 -1.2499999999999998 7.2500000000000009 1 2 0.031754032258064523 1.3500000000000003 3 1.1000000000000003 4 4.2000000000000011 18.266666666666669 0.14039408866995076 5 331.254342845944 6 7.8431433717927499 34.300000000000004 15.088392100697776 2.3500000000000001 13.100000000000001 223.99958271857369 1.9615151589366164 74.407269039032926 9.7838651880988525 -2.9499999999999997 6.7654556476655294 4.2307797581348483 12.438516952735668
decision_type=10 1 2 10 9 1 2 10 1 10 9 10 10 2 9 10 9 10 10 8 2 10 10 10 10 10 2 10 10 8
left_child=1 2 12 24 5 6 -2 20 9 -9 -10 -7 -1 14 -4 16 -5 18 19 -18 -6 -11 -15 -24 -3 26 -26 28 -20 -30
right_child=4 3 13 15 7 11 -8 8 10 21 -12 -13 -14 22 -16 -17 17 -19 27 -21 -22 -23 23 -25 25 -27 -28 -29 29 -31
leaf_value=0 -0.022961474900949953 0 -0.0091618971306794538 0 -4.0046937895166224e-05 0.11910053569835642 1.580552859474889 -0.098366403317599271 -0.010452355977701489 0.13302738676969078 -0.13006535272917677 33.649173753237733 -0.0042346051255935492 0.010986023767003063 0.0001357554300993602 0 1.7100000000000002 0 0 0 0.0067829821786534079 22.102590387630574 -0.043342622888197346 1.0859676605196129 0.47203149412555662 -0.0044893273729119448 0 -0.056356423373834154 0.25 0
leaf_weight=145 97 413 127 395 89 262 25 47 110 36 175 50 134 98 692 48 10.999999999999998 135 125 283 75 31 13.999999999999998 45 9.9999999999999982 44 372 9.9999999999999982 45 20
leaf_count=145 97 413 127 395 89 262 25 47 110 36 175 50 134 98 692 48 11 135 125 283 75 31 14 45 10 44 372 10 45 20
internal_value=0 -0.00817951 -0.00227192 -0.0119831 0.00057647 0.00427495 -0.00377501 -0.00231058 -0.00481913 0.00241061 -0.00753089 0.00744301 -0.00993022 -0.000102412 -0.00112881 -0.00955756 -0.00907804 -0.00668543 -0.00859541 -0.0113771 0.00364853 0.00926612 0.00523976 0.0121951 -0.0152183 -0.0128972 -0.014381 -0.0044899 -0.00341297 0.00496562
internal_weight=0 3166 1255 1911 997 434 122 563 399 114 285 312 279 976 819 1072 1024 629 494 294 164 67 157 59 839 426 382 200 190 65
internal_count=4163 3166 1255 1911 997 434 122 563 399 114 285 312 279 976 819 1072 1024 629 494 294 164 67 157 59 839 426 382 200 190 65
cat_boundaries=0 1 3 4 5 7 8 10
cat_threshold=441408 142623704 36864 108928 165088 7 65536 5120 930 303104
is_linear=0
shrinkage=0.05


Tree=26
num_leaves=31
num_cat=5
split_feature=0 5 39 22 39 17 6 8 39 3 31 39 40 31 34 26 26 39 27 21 22 7 14 19 26 19 22 39 8 3
split_gain=24.2508 25.2964 6.16669 5.27393 3.6653 2.63562 2.27595 3.70308 2.26573 2.56791 2.31769 2.35257 2.14178 2.12664 2.98126 2.18665 2.11175 2.10978 2.03875 2.02343 2.0026 1.92372 2.37148 1.87306 1.81218 3.26434 2.42434 1.76997 1.77347 1.75121
threshold=0 0.15000000000000005 7.2500000000000009 -1.3499999999999999 18.266666666666669 11.300000000000002 0.65000000000000002 67.300000000000011 15.700000000000001 1.9000000000000001 1 8.1666666666666696 0.12310606060606062 2 3 305.57175291312745 58.039408454431317 128.77500000000003 135.00000000000003 24.717784421816798 -1.5499999999999998 0.35000000000000003 4 10.811286090486526 74.407269039032926 9.7838651880988525 -2.9499999999999997 11.833333333333334 5.3500000000000005 2.2500000000000004
decision_type=1 8 10 2 10 10 8 10 10 10 9 8 2 9 9 10 10 10 2 10 2 10 1 10 10 10 2 10 10 10
left_child=3 2 24 4 21 19 -3 8 10 12 11 29 17 -4 15 16 -15 -10 -6 -5 -18 -1 -23 -24 -2 26 -26 -22 -29 -8
right_child=1 6 13 5 18 -7 7 -9 9 -11 -12 -13 -14 14 -16 -17 20 -19 -20 -21 27 22 23 -25 25 -27 -28 28 -30 -31
leaf_value=0 0 0.0011080268071523402 0 -6.787771504956908e-06 -0.0093823783160980508 20.356912470730109 0.17081005830332613 13.526304448579408 -0.00012900309233947473 13.623271137050304 -0.045609530724217029 -0.043705540547341486 -0.12626661672600697 0 0 0 -0.011578124999999995 8.4004676199461503 0.00021173025627967414 49.281878844758104 0 -0.010717187500000015 0 1.2107533985897396 0.44842991941927884 -0.0042648610042663295 0 0 0.55074567036096089 -0.52550075251876971
leaf_weight=110 413 144 467 1271 35 10.999999999999998 61 22 124 21 148 35 27 138 222 45 28 12.999999999999998 128 21 40 29 31 10.999999999999998 9.9999999999999982 44 372 95 35 11.999999999999998
leaf_count=110 413 144 467 1271 35 11 61 22 124 21 148 35 27 138 222 45 28 13 128 21 40 29 31 11 10 44 372 95 35 12
internal_value=0 -0.00914326 -0.0120061 -0.00131226 -0.00682247 0.000134259 -0.00028809 -0.0019959 -0.00300147 0.00121327 -0.00604406 0 -0.000912131 -0.00948199 -0.00705029 -0.00977136 -0.00861941 0.00163696 -0.00137657 -7.73724e-05 -0.00529101 -0.0117112 -0.00524843 0.00235571 -0.0152183 -0.0128972 -0.014381 -0.00322675 -0.000383289 0.00510551
internal_weight=0 2516 1909 1647 344 1303 607 463 441 185 256 108 164 1070 603 381 336 137 163 1292 198 181 71 42 839 426 382 170 130 73
internal_count=4163 2516 1909 1647 344 1303 607 463 441 185 256 108 164 1070 603 381 336 137 163 1292 198 181 71 42 839 426 382 170 130 73
cat_boundaries=0 1 3 5 6 7
cat_threshold=441408 516 77824 434 303104 2000 2
is_linear=0
shrinkage=0.05


Tree=27
num_leaves=31
num_cat=5
split_feature=0 5 39 22 31 26 39 6 8 39 3 6 26 39 7 31 24 23 0 26 19 22 40 19 26 17 11 20 4 24
split_gain=24.2072 23.816 6.89354 3.98591 2.84162 2.62374 2.51321 2.41462 3.78395 3.16462 2.40063 2.35439 2.2631 2.44546 2.18942 2.0009 2.22284 1.95961 1.87903 1.81218 3.26434 2.42434 1.80191 1.79358 1.78567 2.57743 1.77358 1.69517 1.94083 1.79204
threshold=0 0.15000000000000005 7.2500000000000009 -2.0499999999999994 1 321.90004811635112 15.225000000000001 0.65000000000000002 67.300000000000011 15.700000000000001 1.9000000000000001 10.900000000000002 66.646086167515719 478.00000000000006 0.35000000000000003 2 81.181252888296868 2.6500000000000008 3 74.407269039032926 9.7838651880988525 -2.9499999999999997 0.1126984126984127 7.3780561511076632 306.43956781910981 5.3000000000000016 4 21.873548283877341 1.4500000000000002 213.52255215681043
decision_type=1 8 10 2 9 10 10 8 10 10 10 10 10 10 10 9 10 2 1 10 10 2 2 10 10 8 1 10 10 8
left_child=3 2 19 6 -4 12 14 -3 9 18 17 24 13 -6 -1 16 -14 -11 -9 -2 21 -21 -17 -18 25 27 -8 28 -5 -30
right_child=1 7 4 11 5 -7 26 8 -10 10 -12 -13 15 -15 -16 22 23 -19 -20 20 -22 -23 -24 -25 -26 -27 -28 -29 29 -31
leaf_value=0 0 0.0010526254667947211 0 0.00023962255274350143 0 0 -0.009153112114602591 -0.04995656689240429 12.849989226150436 -0.021806951001285491 12.942107580197789 4.6770096677330857 0 0.71807024059472457 -0.0018879493606076992 0 0.03579644504089801 7.3689011224427521 -0.014646913123012251 0.42600842344831485 -0.0040516179540530219 0 0.15298406748252011 0.72246271648195204 -0.0056703732930582845 -0.080321238998463773 0.00020114374346569264 -0.031962287025313917 -0.32754207918899714 0.067537462849153615
leaf_weight=62 413 144 467 1154 224 45 32 117 22 153 21 89 34 9.9999999999999982 32 147 70 10.999999999999998 139 9.9999999999999982 44 372 50 23 106 21 75 25 25 26
leaf_count=62 413 144 467 1154 224 45 32 117 22 153 21 89 34 10 32 147 70 11 139 10 44 372 50 23 106 21 75 25 25 26
internal_value=0 -0.00904431 -0.0118228 -0.00122176 -0.00915503 -0.00647975 -0.00781832 -0.000452712 -0.00221167 -0.003228 0.00175249 -0.000311107 -0.00564061 -0.00938366 -0.0137639 -0.00292803 0.00200073 -0.000304044 -0.00682394 -0.0152183 -0.0128972 -0.014381 -0.00590504 0.00615302 -0.00082876 -0.000299652 -0.00255933 0 0.000269609 -0.00923226
internal_weight=0 2516 1909 1647 1070 603 201 607 463 441 185 1446 558 234 94 324 127 164 256 839 426 382 197 93 1357 1251 107 1230 1205 51
internal_count=4163 2516 1909 1647 1070 603 201 607 463 441 185 1446 558 234 94 324 127 164 256 839 426 382 197 93 1357 1251 107 1230 1205 51
cat_boundaries=0 1 3 5 6 7
cat_threshold=441408 434 303104 12 147456 1638932 1
is_linear=0
shrinkage=0.05


Tree=28
num_leaves=31
num_cat=5
split_feature=0 5 39 7 22 31 39 26 39 7 7 28 3 21 39 26 39 26 19 22 32 40 22 28 31 26 24 22 0 21
split_gain=25.8326 26.161 6.68177 3.3969 3.22856 2.63038 2.57078 2.54856 2.45844 3.12491 2.28555 2.27357 2.19087 2.10451 2.06754 2.05126 2.44546 1.81218 3.26434 2.42434 1.65026 1.90058 1.7234 2.02198 1.63579 1.74454 1.86203 1.87244 1.79124 3.00212
threshold=0 0.15000000000000005 7.2500000000000009 2.3000000000000003 -2.0499999999999994 1 15.700000000000001 321.90004811635112 15.225000000000001 0.35000000000000003 69.100000000000009 -43.606478999999993 1.9000000000000001 12.320325719558864 7.2500000000000009 66.646086167515719 478.00000000000006 74.407269039032926 9.7838651880988525 -2.9499999999999997 2 0.081666666666666679 -1.3499999999999999 -43.613856999999996 3 45.722747491577515 55.978541503160677 0.25000000000000006 4 17.435390748989128
decision_type=1 8 10 8 2 9 10 10 10 10 10 2 10 10 8 10 10 10 10 2 9 2 2 2 9 8 10 2 1 10
left_child=4 2 17 -3 8 -4 11 15 9 -1 24 13 -8 -5 -11 16 -7 -2 19 -19 21 -17 -23 -24 -6 -26 -27 -28 -29 -30
right_child=1 3 5 6 10 7 12 -9 -10 14 -12 -13 -14 -15 -16 20 -18 18 -20 -21 -22 22 23 -25 25 26 27 28 29 -31
leaf_value=0 0 0.00099999419345500064 0 -0.042596708531855577 -0.0015608146221107733 0 -0.044124742558710572 0 -0.0039184490612712347 0.25009439746803042 18.029175607837203 -0.098448111053746248 10.631669287975011 4.5024967242312526 -0.19751565052464912 0 0.68216672856498839 0.40470800227589909 -0.0038490370563503797 0 0.062691036104118331 -0.019570297124126015 0.72184389693544637 -0.024953490555762195 0.23162739811983837 -0.0074014074998515426 -1.8429510566875253e-05 0.21105862378565968 0.10287537772592051 -0.032741360233855592
leaf_weight=62 413 199 467 173 580 224 147 45 107 20 12.999999999999998 42 29 17 11.999999999999998 143 9.9999999999999982 9.9999999999999982 44 372 129 10.999999999999998 17.999999999999996 23.000000000000004 73 115 311 136 195 23
leaf_count=62 413 199 467 173 580 224 147 45 107 20 13 42 29 17 12 143 10 10 44 372 129 11 18 23 73 115 311 136 195 23
internal_value=0 -0.00896515 -0.0118751 4.11557e-05 -0.000889921 -0.00924845 -0.00257069 -0.00664276 -0.00682552 -0.0127051 -6.91348e-05 -0.0060228 0.00198356 -0.00367551 0 -0.00581968 -0.00938366 -0.0152183 -0.0128972 -0.014381 -0.00323625 -0.00596252 0.00190658 0.0066345 -0.000261607 0.00112919 0.000448459 0.00146517 0.00394978 0.000875465
internal_weight=0 2516 1909 607 1647 1070 408 603 201 94 1446 232 176 190 32 558 234 839 426 382 324 195 52 41 1433 853 780 665 354 218
internal_count=4163 2516 1909 607 1647 1070 408 603 201 94 1446 232 176 190 32 558 234 839 426 382 324 195 52 41 1433 853 780 665 354 218
cat_boundaries=0 1 3 4 6 7
cat_threshold=441408 434 303104 7 17309 4096 7168
is_linear=0
shrinkage=0.05


Tree=29
num_leaves=31
num_cat=6
split_feature=0 5 39 22 7 31 39 7 8 31 34 26 26 38 22 26 21 26 19 22 5 22 22 24 39 40 20 5 3 34
split_gain=27.2237 27.6105 6.37026 3.74961 3.0907 2.77091 2.69925 2.63694 2.50466 2.32396 2.77651 2.3007 2.38629 1.907 3.41336 2.57597 1.96958 1.81218 3.26434 2.42434 1.79927 1.71537 2.14809 2.36148 1.71044 1.99567 2.86484 1.61795 2.12343 2.07828
threshold=0 0.15000000000000005 7.2500000000000009 -2.0499999999999994 2.3000000000000003 1 15.225000000000001 0.35000000000000003 102.50000000000001 2 3 305.57175291312745 58.039408454431317 4 -0.74999999999999989 239.11913488772049 13.407440368097818 74.407269039032926 9.7838651880988525 -2.9499999999999997 2.4500000000000006 2.9500000000000006 -1.6499999999999997 193.77248734269685 6.4583333333333348 0.067816091954023008 4.1646098605192696 4.2500000000000009 1.7500000000000002 5
decision_type=1 8 10 2 8 9 10 10 10 9 9 10 10 1 2 10 10 10 10 2 8 2 2 8 8 2 8 10 8 9
left_child=3 2 17 6 -3 24 7 -1 20 -4 11 12 -11 14 -5 -16 -17 -2 19 -19 -7 22 -22 -24 -6 26 -26 28 29 -15
right_child=1 4 9 13 5 8 -8 -9 -10 10 -12 -13 -14 27 15 16 -18 18 -20 -21 21 -23 23 -25 25 -27 -28 -29 -30 -31
leaf_value=0 0 0.00094999448378225721 0 -0.022267049823395425 -0.085835210921145599 -0.063599313757073325 -0.003722526608207666 -0.012142392717871143 11.21650015537112 0 0 0 0 0.027008509571069442 0.09818023342802247 -0.0098792190102793501 -0.14235915933341745 0.38447260216210416 -0.0036565852035328698 0 -0.13938354046780008 -0.11665670121170679 -0.49610458905989568 0.88077012305287716 -0.13787525348197327 -0.22588155382941677 2.6362717183437954 7.5915075539213532 -0.64274090697394559 -0.00081481845215778401
leaf_weight=62 413 199 467 34 33 104 107 32 9.9999999999999982 138 222 45 198 499 90 40 15.999999999999998 9.9999999999999982 44 372 27 19 24 105 13.999999999999998 24 48 74 11.999999999999998 681
leaf_count=62 413 199 467 34 33 104 107 32 10 138 222 45 198 499 90 40 16 10 44 372 27 19 24 105 14 24 48 74 12 681
internal_value=0 -0.00896515 -0.0119537 -0.000678754 0.00028809 -0.00220345 -0.00707372 -0.0132345 -0.00475872 -0.00938857 -0.00688728 -0.0095159 -0.00832219 0.000207404 -0.00446311 -0.00136565 -0.00974314 -0.0152183 -0.0128972 -0.014381 -0.00581499 -0.00270732 -0.000958773 0.00173812 0.00405562 0.00809717 0.0128102 0.000900936 0.000461235 0.000677708
internal_weight=0 2516 1909 1647 607 408 201 94 289 1070 603 381 336 1446 180 146 56 839 426 382 279 175 156 129 119 86 62 1266 1192 1180
internal_count=4163 2516 1909 1647 607 408 201 94 289 1070 603 381 336 1446 180 146 56 839 426 382 279 175 156 129 119 86 62 1266 1192 1180
cat_boundaries=0 1 3 5 6 7 8
cat_threshold=441408 452 40960 434 303104 2000 2 18648
is_linear=0
shrinkage=0.05


Tree=30
num_leaves=31
num_cat=5
split_feature=0 5 39 22 7 39 39 7 31 34 26 26 3 31 6 17 22 7 26 19 22 31 39 27 40 27 8 19 19 18
split_gain=25.2682 23.6745 6.37026 3.1686 3.1023 3.10478 2.69925 2.63694 2.32396 2.77651 2.3007 2.38629 2.12902 2.0947 2.20695 2.32962 1.99494 1.85145 1.81218 3.26434 2.42434 1.73011 1.88598 1.70849 1.74964 1.74567 1.54894 1.5402 2.02126 1.53721
threshold=0 0.15000000000000005 7.2500000000000009 -2.0499999999999994 1.4500000000000002 15.700000000000001 15.225000000000001 0.35000000000000003 1 2 305.57175291312745 58.039408454431317 1.7500000000000002 3 10.900000000000002 3.8500000000000001 4.1500000000000012 64.700000000000017 74.407269039032926 9.7838651880988525 -2.9499999999999997 4 9.5000000000000018 120.00000000000001 0.075498575498575513 209.00000000000003 70.500000000000014 8.1560896107529501 3.8008131665219866 5.5000000000000009
decision_type=1 8 10 2 8 10 10 10 9 9 10 10 8 9 10 8 2 8 10 10 2 9 10 2 2 2 10 10 10 10
left_child=3 2 18 6 -3 17 7 -1 -4 10 11 -10 23 16 15 -15 -5 21 29 20 -20 22 -6 24 -7 -25 -22 28 -16 -2
right_child=1 4 8 13 5 12 -8 -9 9 -11 -12 -13 -14 14 27 -17 -18 -19 19 -21 26 -23 -24 25 -26 -27 -28 -29 -30 -31
leaf_value=0 0 0.0012785184459588096 0 -0.0036785488561913438 0.00038594390915018821 2.0574892702910552 -0.0035364002777972916 -0.011535273081977571 0 0 0 0 10.056047317423618 0.00036048394354295523 9.5699082775371842 -0.11409262216723148 0.31802637327711358 22.796998976827048 0.36524897205399898 -0.0034737559433562163 0 -0.051015362760185437 -0.14859769402974671 -0.10895245268833467 -0.19956200918067513 0.6551726306040242 0.35164551331964572 31.063421125852717 -1.1869173929339061 0
leaf_weight=62 366 154 467 468 90 33 107 32 138 222 45 198 29 854 13.999999999999998 38 20 9.9999999999999982 9.9999999999999982 44 359 142 14.999999999999998 68 29 37 12.999999999999998 30 22 47
leaf_count=62 366 154 467 468 90 33 107 32 138 222 45 198 29 854 14 38 20 10 10 44 359 142 15 68 29 37 13 30 22 47
internal_value=0 -0.00918285 -0.0119537 -0.00119159 -0.000617335 -0.00270151 -0.00707372 -0.0132345 -0.00938857 -0.00688728 -0.0095159 -0.00832219 0.00203614 -0.000380241 0.000980949 0.000336153 -0.00300933 -0.00631191 -0.0152183 -0.0128972 -0.014381 -0.00717317 -0.00151581 -0.000149298 0.00640512 -0.00403035 -0.0150356 0.00978179 0.00274348 -0.0175958
internal_weight=0 2516 1909 1647 607 453 201 94 1070 603 381 336 196 1446 958 892 488 257 839 426 382 247 105 167 62 105 372 66 36 413
internal_count=4163 2516 1909 1647 607 453 201 94 1070 603 381 336 196 1446 958 892 488 257 839 426 382 247 105 167 62 105 372 66 36 413
cat_boundaries=0 1 3 4 5 7
cat_threshold=441408 434 303104 2000 18845 4 110592
is_linear=0
shrinkage=0.05


Tree=31
num_leaves=31
num_cat=7
split_feature=0 5 39 7 22 39 31 22 7 8 24 31 34 26 8 22 31 26 20 32 26 22 21 26 39 40 34 22 39 22
split_gain=24.9375 23.326 6.31167 3.39021 3.07113 2.69925 2.65694 2.90346 2.63694 2.2913 2.44335 2.25697 2.84399 2.31471 2.38555 2.42728 2.10977 2.32738 2.33422 1.95377 2.54011 2.04907 2.20554 2.40911 1.93232 2.33919 1.92491 2.38713 2.16008 1.99165
threshold=0 0.15000000000000005 7.2500000000000009 2.3000000000000003 -2.0499999999999994 15.225000000000001 1 -2.0499999999999994 0.35000000000000003 102.50000000000001 177.15912767369767 2 3 305.57175291312745 5.3500000000000005 2.5500000000000003 4 296.27670433299494 4.0091310390623933 5 234.45047239756684 0.55000000000000016 20.064228210530622 66.042962438560849 8.1666666666666696 0.067816091954023008 6 -0.74999999999999989 201.58333333333334 -1.0000000180025095e-35
decision_type=1 10 10 10 2 10 9 2 10 10 8 9 9 8 10 2 9 10 10 9 8 2 10 8 10 2 9 2 10 2
left_child=4 2 -2 -3 5 8 24 -8 -1 10 -9 -4 13 14 15 -13 26 19 -19 21 -21 -18 23 -23 -5 -26 27 -6 29 -29
right_child=1 3 11 6 16 -7 7 9 -10 -11 -12 12 -14 -15 -16 -17 17 18 -20 20 -22 22 -24 -25 25 -27 -28 28 -30 -31
leaf_value=0 0 0.0012145925236608512 0 -0.17239564901736901 -0.0086765972514708748 -0.0033595802639074359 -0.069292877824121177 -0.12468891624781962 -0.010958509427878682 10.663388009149289 -0.028980945196085274 0 0 0 0.00057890624999998861 0.23499044819479412 0.23838491764409442 -0.030387934997780166 -0.00059015008674032652 -0.0071392062699051628 0.0080496344415937667 0.53570810617519216 3.346571264480946 -0.016982401080645814 1.9489550429133269 -0.20460937567891221 0.04000129735513909 0.31462138418021413 1.2737980184896376 -0.015128351207223601
leaf_weight=62 839 199 467 30 32 107 39 64 32 9.9999999999999982 193 186 222 111 63 23 123 34 32 277 152 25 12.999999999999998 86 46 24 532 32 20 88
leaf_count=62 839 199 467 30 32 107 39 64 32 10 193 186 222 111 63 23 123 34 32 277 152 25 13 86 46 24 532 32 20 88
internal_value=0 -0.00922243 -0.0119674 -0.000701957 -0.00128209 -0.00707372 -0.00332144 -0.0055301 -0.0132345 -0.00383249 -0.00475821 -0.00941769 -0.00694614 -0.00959461 -0.0073408 -0.0099069 -0.000483943 -0.00232574 -0.0112867 -0.00147831 -0.00347025 0.00203923 -0.00241061 -0.00471063 0.00362155 0.00851668 0.00146966 -0.00301452 -0.000355999 -0.00290577
internal_weight=0 2516 1911 605 1647 201 406 306 94 267 257 1072 605 383 272 209 1446 742 66 676 429 247 124 111 100 70 704 172 140 120
internal_count=4163 2516 1911 605 1647 201 406 306 94 267 257 1072 605 383 272 209 1446 742 66 676 429 247 124 111 100 70 704 172 140 120
cat_boundaries=0 1 3 5 6 8 9 10
cat_threshold=441408 452 32768 434 303104 2000 8390178 256000 20 2080
is_linear=0
shrinkage=0.05


Tree=32
num_leaves=31
num_cat=4
split_feature=0 5 39 7 39 22 17 8 21 19 23 31 34 24 21 34 3 26 19 22 5 40 39 22 22 22 39 24 39 22
split_gain=20.2658 22.4166 6.21009 3.71183 3.44482 2.35893 2.32687 2.20199 2.34479 2.67294 1.98581 1.94084 3.61587 3.60797 2.52345 1.8641 2.2685 1.81218 3.26434 2.42434 1.78014 1.68222 2.07485 1.68153 1.71157 1.6787 1.74324 2.41562 1.67996 1.9479
threshold=0 0.15000000000000005 7.2500000000000009 2.3000000000000003 14.700000000000001 -1.6499999999999997 10.4 2.7500000000000004 8.1020552867483495 0.62318286527802991 2.4500000000000006 1 2 30.594026521954792 17.435390748989128 3 1.6500000000000001 74.407269039032926 9.7838651880988525 -2.9499999999999997 2.6500000000000008 0.15075757575757578 187.57500000000002 -1.0000000180025095e-35 3.2500000000000004 3.7500000000000004 60.100000000000009 205.94999500126647 41.100000000000009 1.4500000000000002
decision_type=1 10 10 10 8 2 10 10 10 8 2 9 9 10 10 9 10 10 10 2 10 2 10 2 2 2 8 10 10 2
left_child=4 2 17 -3 6 -5 10 8 9 -4 -1 12 -6 -14 -15 16 -13 -2 19 -19 -7 25 -23 -10 -25 26 28 -28 -17 -30
right_child=1 3 7 5 11 20 -8 -9 23 -11 -12 15 13 14 -16 21 -18 18 -20 -21 -22 22 -24 24 -26 -27 27 -29 29 -31
leaf_value=-0.0025024967049516178 0 0.0011538628974777866 0 -0.061675726777694888 -0.012896969693591886 -0.055801705328083373 7.2737189143346574 0 0 0 -0.00056064258240331457 0.00041903169888288797 -0.023338286439864311 0.44520196065594453 -0.030463945299604944 -0.011054577472172467 19.007558824898762 0.34698652345129899 -0.0033000681461884175 0 0.062361122728498586 -0.041760135690957823 1.4990582407419595 0 0.22467935934112648 0.5478964224036984 -0.049030051388480378 -0.019559183172313158 0.21364446683587182 -0.052732209911189765
leaf_weight=381 413 199 67 67 101 146 11.999999999999998 267 123 466 164 352 24 133 19 152 9.9999999999999982 9.9999999999999982 44 372 193 38 50 132 17 9.9999999999999982 62 89 40 9.9999999999999982
leaf_count=381 413 199 67 67 101 146 12 267 123 466 164 352 24 133 19 152 10 10 44 372 193 38 50 132 17 10 62 89 40 10
internal_value=0 -0.00930159 -0.0119935 -0.000949707 -0.00212676 -0.00369049 -0.0053368 -0.00946431 -0.0107704 -0.0127003 -0.00582088 -0.000504379 0.00304401 0.00724055 0.0104952 -0.00173052 0.000939723 -0.0152183 -0.0128972 -0.014381 -0.00198851 -0.00384657 0.00226116 -0.00697376 -0.0105386 -0.00543403 -0.00601217 -0.0100693 -0.00296369 0.0049554
internal_weight=0 2516 1911 605 1647 406 557 1072 805 533 545 1090 277 176 152 813 362 839 426 382 339 451 88 272 149 363 353 151 202 50
internal_count=4163 2516 1911 605 1647 406 557 1072 805 533 545 1090 277 176 152 813 362 839 426 382 339 451 88 272 149 363 353 151 202 50
cat_boundaries=0 1 3 4 5
cat_threshold=441408 288 157696 3104 19512
is_linear=0
shrinkage=0.05


Tree=33
num_leaves=31
num_cat=3
split_feature=0 5 39 7 31 8 21 19 34 39 40 22 8 17 22 26 39 26 26 26 19 22 39 4 22 19 22 22 22 22
split_gain=28.8692 23.4345 6.21009 3.39021 2.22135 2.20199 2.34479 2.67294 2.11155 3.0436 2.1444 1.93863 2.19625 2.7783 2.23567 2.71629 2.09923 2.05121 1.88926 1.81218 3.26434 2.42434 1.78336 1.68234 2.34245 1.88951 1.68153 1.71157 1.66498 1.89095
threshold=0 0.15000000000000005 7.2500000000000009 2.3000000000000003 1 2.7500000000000004 8.1020552867483495 0.62318286527802991 2 17.300000000000001 0.14039408866995076 -1.8499999999999999 28.300000000000004 4.5000000000000009 -1.1499999999999997 65.786039299966589 16.300000000000001 306.43956781910981 286.54825442985668 74.407269039032926 9.7838651880988525 -2.9499999999999997 104.10000000000001 0.15000000000000005 -2.6499999999999999 2.4569327025365082 -1.0000000180025095e-35 3.2500000000000004 3.6500000000000008 0.75000000000000011
decision_type=1 10 10 10 9 10 10 8 9 10 2 2 10 8 2 8 10 8 10 10 10 2 10 10 2 10 2 2 2 2
left_child=4 2 19 -3 11 6 7 -4 -5 23 22 16 13 14 15 -13 -1 18 -16 -2 21 -21 -11 25 -25 -10 -8 -28 29 -6
right_child=1 3 5 8 28 -7 26 -9 9 10 -12 12 -14 -15 17 -17 -18 -19 -20 20 -22 -23 -24 24 -26 -27 27 -29 -30 -31
leaf_value=0.0001251248352475809 0 0.0010961697526039149 0 -0.098893133872790626 -0.0015833588066627826 0 0 0 0.078229567793030974 0.71362822178126051 -0.34389442326629799 0.16891167713319441 1.5773315642092458 -0.17113707249509577 0.025576979033694693 -0.00688683787231601 0.00058623577593368563 -0.011580738757363873 0.66835085853735043 0.32963719727873403 -0.00313506473887899 0 9.6992175085158134 -0.3464260006317238 -0.014127925688935151 -0.084943688398237696 0 0.21344539137407015 0.99610937470587635 -0.0093403320450744509
leaf_weight=66 413 199 67 111 448 267 123 466 12.999999999999998 84 10.999999999999998 10.999999999999998 43 19 511 78 62 118 20 9.9999999999999982 44 372 22 10.999999999999998 126 28 132 17 35 236
leaf_count=66 413 199 67 111 448 267 123 466 13 84 11 11 43 19 511 78 62 118 20 10 44 372 22 11 126 28 132 17 35 236
internal_value=0 -0.00924222 -0.0119935 -0.000701957 -0.00070892 -0.00946431 -0.0107704 -0.0127003 -0.00332144 -0.000900311 0.00532141 0.000905749 0 -0.000627104 -0.000135419 -0.00754612 0.00661736 0.000885365 0.00221093 -0.0152183 -0.0128972 -0.014381 0.00751527 -0.00504343 -0.0023645 -0.0138721 -0.00697376 -0.0105386 -0.00277606 -0.00336036
internal_weight=0 2516 1911 605 1647 1072 805 533 406 295 117 928 800 757 738 89 128 649 531 839 426 382 106 178 137 41 272 149 719 684
internal_count=4163 2516 1911 605 1647 1072 805 533 406 295 117 928 800 757 738 89 128 649 531 839 426 382 106 178 137 41 272 149 719 684
cat_boundaries=0 1 3 4
cat_threshold=441408 75497698 129024 2576
is_linear=0
shrinkage=0.05


Tree=34
num_leaves=31
num_cat=3
split_feature=0 5 39 7 8 21 19 6 3 17 22 39 6 21 26 19 22 22 22 0 6 7 22 6 18 8 31 21 24 26
split_gain=27.9262 24.8269 6.21009 3.12957 2.20199 2.34479 2.67294 1.94645 2.24629 2.08474 2.20682 3.09709 2.36517 2.44514 1.81218 3.26434 2.42434 1.68153 1.71157 1.6636 2.16664 1.81482 1.62054 1.60697 1.56653 1.54894 1.53879 2.8717 1.98048 2.18337
threshold=0 0.15000000000000005 7.2500000000000009 2.5000000000000004 2.7500000000000004 8.1020552867483495 0.62318286527802991 15.900000000000002 0.15000000000000005 3.8500000000000001 -2.0499999999999994 26.900000000000002 1.1500000000000001 13.462401271989611 74.407269039032926 9.7838651880988525 -2.9499999999999997 -1.0000000180025095e-35 3.2500000000000004 1 7.1000000000000005 66.100000000000009 4.7500000000000009 1.5000000000000002 11.500000000000002 70.500000000000014 2 18.394467136505142 67.038271470108256 193.80880410255409
decision_type=1 10 10 10 10 10 8 10 10 8 2 10 10 10 10 10 2 2 2 1 10 10 2 10 10 10 9 10 8 8
left_child=7 2 14 22 5 6 -4 9 -9 10 11 12 13 -1 -2 16 -16 -7 -19 20 -5 24 23 -3 -21 -18 27 28 -12 -30
right_child=1 3 4 19 -6 17 -8 8 -10 -11 26 -13 -14 -15 15 -17 25 18 -20 21 -22 -23 -24 -25 -26 -27 -28 -29 29 -31
leaf_value=0.00020429277558071669 0 0.00099484873332782446 0 -0.14561176782991866 0 0 0 -0.54578973526179486 25.246972954798153 -0.08591299032415943 -0.0079359700728470987 -0.0029882955710999418 -0.040031864374380888 -0.0046121834616833944 0.31315533741479734 -0.0029783115019350382 0 0 0.20277312180536666 -0.033406035810142697 2.0342453306497865 11.238983414695532 1.8502945956314383 -0.017572727537384036 -0.16572046555368714 0.33406323765366341 -0.00032750347738956802 -0.13075199386517472 0.10734187768950483 -0.0059008411132736253
leaf_weight=72 413 168 67 45 267 123 466 25 32 76 77 80 17 20 9.9999999999999982 44 359 132 17 158 68 12.999999999999998 9.9999999999999982 22 121 12.999999999999998 913 28 136 171
leaf_count=72 413 168 67 45 267 123 466 25 32 76 77 80 17 20 10 44 359 132 17 158 68 13 10 22 121 13 913 28 136 171
internal_value=0 -0.00916305 -0.0119935 -0.000371624 -0.00946431 -0.0107704 -0.0127003 -0.000769254 0.00826806 -0.00110032 -0.000693321 0.00435471 0.00982184 0.01298 -0.0152183 -0.0128972 -0.014381 -0.00697376 -0.0105386 -0.00289801 0.00222762 -0.00479418 0.00473934 0.00367551 -0.00581499 -0.0150356 -0.00141461 -0.00390579 -0.00286123 -0.00105708
internal_weight=0 2516 1911 605 1072 805 533 1647 57 1590 1514 189 109 92 839 426 382 272 149 405 113 292 200 190 279 372 1325 412 384 307
internal_count=4163 2516 1911 605 1072 805 533 1647 57 1590 1514 189 109 92 839 426 382 272 149 405 113 292 200 190 279 372 1325 412 384 307
cat_boundaries=0 1 2 4
cat_threshold=441408 1048736 2700 135168
is_linear=0
shrinkage=0.05


Tree=35
num_leaves=31
num_cat=6
split_feature=0 5 39 7 8 21 19 38 21 5 3 22 8 19 35 26 19 22 24 34 40 31 26 26 8 31 10 24 29 22
split_gain=28.4684 24.475 6.21009 2.78702 2.20199 2.34479 2.67294 1.98823 2.51386 2.14114 2.58409 2.20952 2.87509 2.07959 1.94538 1.81218 3.26434 2.42434 1.79846 1.7589 2.86402 2.75472 2.67316 2.53863 1.99427 2.25726 1.95956 1.88832 1.77722 2.00502
threshold=0 0.15000000000000005 7.2500000000000009 2.3000000000000003 2.7500000000000004 8.1020552867483495 0.62318286527802991 1 11.457249044050657 5.9000000000000012 0.45000000000000007 -1.7499999999999998 6.5000000000000009 15.792174038067648 1.0000000180025095e-35 74.407269039032926 9.7838651880988525 -2.9499999999999997 216.95605357613434 2 0.097619047619047633 3 256.00484133780617 269.20805810070078 20.350000000000005 4 5 297.32416297113696 172.67094600000004 -0.54999999999999993
decision_type=1 10 10 10 10 10 8 1 10 10 8 2 10 10 2 10 10 2 8 9 2 9 10 10 10 9 1 10 2 2
left_child=7 2 15 -3 5 6 -4 8 14 10 11 12 -9 -10 -1 -2 17 -17 -11 21 24 -13 -23 -24 25 26 -21 -25 -22 -30
right_child=1 3 4 -5 -6 -7 -8 9 13 18 -12 19 -14 -15 -16 16 -18 -19 -20 20 28 22 23 27 -26 -27 -28 -29 29 -31
leaf_value=-0.010410707280046028 0 0.00089859376501553187 0 -0.032917701605830609 0 0 0 0.00019407813680167864 -0.028256034633690554 -1.3718543521384128 -0.1230454082956032 0.0010358814873292043 -0.022066502148129486 0.30150402316505348 0.68439252495152536 0.29749757054405751 -0.0028293959268383077 0 17.407552318520739 0.24033193811708187 0.86083415314167055 -0.011796085431627024 0.33246234569914879 -0.02365840978544629 1.5332950031246524 -0.0095539516126198713 -0.0046392070004883657 0.090541075747284816 1.3317515022661566 0.0055075687112198686
leaf_weight=114 413 199 67 406 267 272 466 174 45 13.999999999999998 62 229 42 11.999999999999998 27 9.9999999999999982 44 372 51 71 34 276 38 39 13.999999999999998 262 33 13.999999999999998 18 78
leaf_count=114 413 199 67 406 267 272 466 174 45 14 62 229 42 12 27 10 44 372 51 71 34 276 38 39 14 262 33 14 18 78
internal_value=0 -0.00918285 -0.0119935 -0.000454208 -0.00946431 -0.0107704 -0.0127003 -0.00070892 -0.00527704 -5.13892e-05 -0.000469501 0 0.00462 -0.0143603 -0.00194415 -0.0152183 -0.0128972 -0.014381 0.00878533 -0.000903791 0.00124892 -0.00272075 -0.00536495 0.00191361 -0.000919963 -0.00163733 0.00436872 -0.005145 0.00766577 0.00414723
internal_weight=0 2516 1911 605 1072 805 533 1647 198 1449 1384 1322 216 57 141 839 426 382 65 1106 510 596 367 91 380 366 104 53 130 96
internal_count=4163 2516 1911 605 1072 805 533 1647 198 1449 1384 1322 216 57 141 839 426 382 65 1106 510 596 367 91 380 366 104 53 130 96
cat_boundaries=0 1 2 3 5 7 8
cat_threshold=441408 2 5920 1047 145408 36 57344 2
is_linear=0
shrinkage=0.05


Tree=36
num_leaves=31
num_cat=4
split_feature=0 5 39 7 8 21 19 6 3 21 3 7 24 26 19 22 22 22 0 5 7 8 22 39 34 20 26 13 25 39
split_gain=27.7105 23.7788 6.21009 2.41317 2.20199 2.34479 2.67294 1.98582 2.32046 3.7779 2.24629 1.88884 3.19989 1.81218 3.26434 2.42434 1.68153 1.71157 1.62024 1.82881 1.79412 1.54894 1.54277 3.56973 1.61196 2.51328 1.85206 2.22523 1.78582 1.64472
threshold=0 0.15000000000000005 7.2500000000000009 2.3000000000000003 2.7500000000000004 8.1020552867483495 0.62318286527802991 15.900000000000002 0.15000000000000005 22.732396861096216 0.15000000000000005 1.9000000000000001 223.99958271857369 74.407269039032926 9.7838651880988525 -2.9499999999999997 -1.0000000180025095e-35 3.2500000000000004 1 10.350000000000003 66.100000000000009 70.500000000000014 -2.0499999999999994 26.900000000000002 2 4.6363077706946596 164.88605686846122 3 21.049457353772201 70.550000000000011
decision_type=1 10 10 8 10 10 8 10 8 10 10 8 8 10 10 2 2 2 1 10 10 10 2 10 9 8 10 1 10 10
left_child=7 2 13 -3 5 6 -4 8 22 11 -9 12 -10 -2 15 -15 -7 -18 19 -5 -20 -17 23 -1 25 26 28 29 -24 -28
right_child=1 3 4 18 -6 16 -8 10 9 -11 -12 -13 -14 14 -16 21 17 -19 20 -21 -22 -23 24 -25 -26 -27 27 -29 -30 -31
leaf_value=0.00018437422996160359 0 0.00085366407676477083 0 -0.041269312531624913 0 0 0 -0.51791044422712396 2.2902049708666614 19.644440807655812 23.549695766777226 -0.27032825616500844 -0.052260769290127844 0.28262269201685458 -0.0026879261304963986 0 0 0.19263446571509835 -0.060618300058522138 15.03508364918023 10.678680129041044 0.3173600757709803 -0.0077840274459478834 -0.0029225599844222129 0.00022835519367192525 -0.0075570044703181967 -0.021401001785116638 0.62985320134930756 0.22669706261399811 0.059209317075162908
leaf_weight=98 413 199 67 86 267 123 466 25 17 21 32 103 24 9.9999999999999982 44 359 132 17 280 27 12.999999999999998 12.999999999999998 9.9999999999999982 77 795 312 47 22 44 20
leaf_count=98 413 199 67 86 267 123 466 25 17 21 32 103 24 10 44 359 132 17 280 27 13 13 10 77 795 312 47 22 44 20
internal_value=0 -0.00922243 -0.0119935 -0.000619374 -0.00946431 -0.0107704 -0.0127003 -0.000859754 -0.00119463 -0.00679964 0.00826806 -0.00969193 -0.000603136 -0.0152183 -0.0128972 -0.014381 -0.00697376 -0.0105386 -0.00282938 0.00222762 -0.004696 -0.0150356 -0.000543688 0.00384725 -0.00115958 -0.00349125 0.00191704 -0.00251537 0.00918274 -0.00704225
internal_weight=0 2516 1911 605 1072 805 533 1647 1590 165 57 144 41 839 426 382 272 149 406 113 293 372 1425 175 1250 455 143 89 54 67
internal_count=4163 2516 1911 605 1072 805 533 1647 1590 165 57 144 41 839 426 382 272 149 406 113 293 372 1425 175 1250 455 143 89 54 67
cat_boundaries=0 1 2 3 4
cat_threshold=441408 1048736 7424 2
is_linear=0
shrinkage=0.05


Tree=37
num_leaves=31
num_cat=3
split_feature=0 5 39 31 19 8 21 19 25 7 19 26 7 20 18 3 26 19 22 4 22 22 8 22 39 0 39 8 18 18
split_gain=27.5793 24.1257 6.21009 2.56557 2.82376 2.20199 2.34479 2.67294 2.1991 2.13013 2.11399 2.62534 2.11068 1.88167 1.86922 1.87285 1.81218 3.26434 2.42434 1.68937 1.68153 1.71157 1.54894 1.54335 1.82788 1.53756 1.57686 2.02042 1.93532 1.53721
threshold=0 0.15000000000000005 7.2500000000000009 1 10.109359390233093 2.7500000000000004 8.1020552867483495 0.62318286527802991 64.35993893872002 1.4500000000000002 11.691392516925641 234.45047239756684 6.9500000000000011 13.736839272172103 19.500000000000004 0.15000000000000005 74.407269039032926 9.7838651880988525 -2.9499999999999997 4.4500000000000011 -1.0000000180025095e-35 3.2500000000000004 70.500000000000014 -1.6499999999999997 23.633333333333336 2 462.30000000000007 67.300000000000011 19.500000000000004 5.5000000000000009
decision_type=1 10 10 9 10 10 10 8 10 10 10 10 10 10 10 8 10 10 2 10 2 2 10 2 10 1 8 10 10 10
left_child=3 2 16 4 23 6 7 -4 -6 -3 13 -12 -13 14 15 -5 29 18 -18 -10 -8 -22 -20 24 -1 26 27 28 -11 -2
right_child=1 9 5 10 8 -7 20 -9 19 25 11 12 -14 -15 -16 -17 17 -19 22 -21 21 -23 -24 -25 -26 -27 -28 -29 -30 -31
leaf_value=8.9731336368004127e-05 0 0.00090400593621837728 0 -0.0019720652127643182 0.5657848838436994 0 0 0 0.0062273680633591517 0.014750263435987732 -0.018782727334776997 -0.030267763983225573 26.146220927215548 0.17037042427148952 6.03232703399273 -0.085147010793343178 0.26849155741601188 -0.0025535298239715678 0 74.221494492601991 0 0.18300274242934342 0.30149207198243133 -0.0067119371209890758 -0.0027764319852011002 -0.04773689160962067 -0.12750607415102189 10.886936492173218 -0.24250291555347908 0
leaf_weight=57 366 154 67 624 24 267 123 466 165 182 96 26 19 31 18 74 9.9999999999999982 44 359 9.9999999999999982 132 17 12.999999999999998 466 37 206 18 12.999999999999998 32 47
leaf_count=57 366 154 67 624 24 267 123 466 165 182 96 26 19 31 18 74 10 44 359 10 132 17 13 466 37 206 18 13 32 47
internal_value=0 -0.00920264 -0.0119935 -0.000859754 0.00126714 -0.00946431 -0.0107704 -0.0127003 0.00639258 -0.000536791 -0.00267127 -0.00830682 0.00165017 -0.00163891 -0.00216344 -0.00257714 -0.0152183 -0.0128972 -0.014381 0.00441721 -0.00697376 -0.0105386 -0.0150356 -0.000535284 0.00529381 -0.00227046 0.000489333 0.00164871 0.000466309 -0.0175958
internal_weight=0 2516 1911 1647 759 1072 805 533 199 605 888 141 45 747 716 698 839 426 382 175 272 149 372 560 94 451 245 227 214 413
internal_count=4163 2516 1911 1647 759 1072 805 533 199 605 888 141 45 747 716 698 839 426 382 175 272 149 372 560 94 451 245 227 214 413
cat_boundaries=0 1 3 4
cat_threshold=441408 75497586 321536 1048743
is_linear=0
shrinkage=0.05


Tree=38
num_leaves=31
num_cat=6
split_feature=0 5 39 7 8 21 19 31 0 31 23 24 21 40 39 22 25 19 39 18 0 20 26 19 22 22 22 34 25 40
split_gain=25.5318 24.8269 6.21009 2.41656 2.20199 2.34479 2.67294 2.19078 2.01309 2.66163 2.42177 2.07355 2.74021 2.52582 2.3944 3.08346 2.32046 2.30035 2.02724 2.78137 1.90089 1.82577 1.81218 3.26434 2.42434 1.68153 1.71157 1.59912 2.52262 2.27764
threshold=0 0.15000000000000005 7.2500000000000009 2.3000000000000003 2.7500000000000004 8.1020552867483495 0.62318286527802991 1 2 3 2.6500000000000008 224.80994183620109 20.20860048184392 0.1126984126984127 12.100000000000001 2.9500000000000006 238.70468048131667 6.9329356414946508 41.100000000000009 2.5000000000000004 4 14.833168028584018 74.407269039032926 9.7838651880988525 -2.9499999999999997 -1.0000000180025095e-35 3.2500000000000004 5 80.444132196170713 0.24404761904761907
decision_type=1 10 10 10 10 10 8 9 1 9 2 10 10 2 10 2 10 10 10 10 1 8 10 10 2 2 2 9 10 2
left_child=7 2 22 -3 5 6 -4 -1 9 -9 11 12 14 16 15 -10 -13 -18 19 21 -5 -11 -2 24 -24 -7 -27 28 -16 -29
right_child=1 3 4 20 -6 25 -8 8 10 18 -12 13 -14 -15 27 -17 17 -19 -20 -21 -22 -23 23 -25 -26 26 -28 29 -30 -31
leaf_value=0.00012903990227217666 0 0.00098395330098712832 0 0.057810205898334459 0 0 0 0.06010584938652546 0.0016578969629209351 -0.005067889132568882 1.6236628100969719 -0.055154195152408894 -0.092201052727730701 0.53153216012921323 -0.027773153590283785 -0.030110230448134656 -0.021559610881274206 0.088876957687272912 -0.013700977783426983 -0.10616803465702196 -0.073498017924137946 -0.039047812567194744 0.25506697954521135 -0.0024258533327729871 0 0 0.17385260530787627 0.00062877105441225831 0.0030485273122073941 0.62256673425252707
leaf_weight=552 413 199 67 114 267 123 466 110 147 126 19 38 13.999999999999998 54 65 12.999999999999998 57 46 117 63 292 12.999999999999998 9.9999999999999982 44 372 132 17 154 45 13.999999999999998
leaf_count=552 413 199 67 114 267 123 466 110 147 126 19 38 14 54 65 13 57 46 117 63 292 13 10 44 372 132 17 154 45 14
internal_value=0 -0.00916305 -0.0119935 -0.000371624 -0.00946431 -0.0107704 -0.0127003 -0.00113126 -0.00241983 -0.00506315 -0.000665238 -0.001197 0.000663057 -0.00550013 0.00136846 0.00623247 -0.00901379 -0.00507492 -0.00736075 -0.0106199 -0.00258334 -0.0066332 -0.0152183 -0.0128972 -0.014381 -0.00697376 -0.0105386 -0.00143652 -0.00581154 0.00168114
internal_weight=0 2516 1911 605 1072 805 533 1647 1095 429 666 647 452 195 438 160 141 103 319 202 406 139 839 426 382 272 149 278 110 168
internal_count=4163 2516 1911 605 1072 805 533 1647 1095 429 666 647 452 195 438 160 141 103 319 202 406 139 839 426 382 272 149 278 110 168
cat_boundaries=0 1 3 4 6 7 8
cat_threshold=441408 75497506 321536 45056 16 69632 162 1856
is_linear=0
shrinkage=0.05


Tree=39
num_leaves=31
num_cat=4
split_feature=0 5 39 7 8 21 19 8 31 22 39 12 22 22 26 19 12 18 7 8 0 4 6 40 8 26 26 25 13 17
split_gain=26.9037 24.6975 6.47075 2.50584 2.20199 2.34479 2.67294 1.97803 1.90679 2.41672 2.42964 2.69425 1.68153 1.71157 1.6311 3.38412 1.6676 1.53721 1.70464 1.51651 1.43327 2.32474 1.82808 1.42571 1.87082 1.42376 1.387 1.85212 2.6702 1.3685
threshold=0 0.15000000000000005 7.2500000000000009 2.3000000000000003 2.7500000000000004 8.1020552867483495 0.62318286527802991 70.500000000000014 1 -1.7499999999999998 16.300000000000001 6.5000000000000009 -1.0000000180025095e-35 3.2500000000000004 74.407269039032926 9.7838651880988525 6.5000000000000009 5.5000000000000009 4.5000000000000009 70.500000000000014 2 1.2500000000000002 4.9000000000000012 0.081666666666666679 0.15000000000000005 306.43956781910981 246.43154400369778 79.152123817600867 3 11.300000000000002
decision_type=1 10 10 10 10 10 8 10 9 2 10 2 2 2 10 10 2 10 10 10 1 10 10 2 10 10 10 10 1 10
left_child=7 2 14 -3 5 6 -4 8 9 10 -1 -12 23 -14 17 16 19 -2 -19 -16 21 -5 -23 26 -25 -11 27 -7 -29 -22
right_child=1 3 4 20 -6 12 -8 -9 -10 25 11 -13 13 -15 15 -17 -18 18 -20 -21 29 22 -24 24 -26 -27 -28 28 -30 -31
leaf_value=0.00010543974886019215 0 0.0009347556359377674 0 -0.092748965336454742 0 0 0 7.5589732600929782 -0.0049627790783227654 1.9630988124674789e-05 -0.0032743065753495062 0.21502367280062284 0 0.16515997504248248 0 -0.0023045606661343588 0 0.25 0 0.28641746838330973 -0.069823117027931078 -0.10961952708489138 4.074485727683272 0.65938542127616528 -0.003168509189236435 -0.011473933878317012 0 0 0.62938445262817844 7.3347371935820149
leaf_weight=66 366 199 67 63 267 29 466 17 854 597 48 18 132 17 317 44 54 14.999999999999998 32 10.999999999999998 276 14.999999999999998 38 21 25 47 13.999999999999998 20 13.999999999999998 13.999999999999998
leaf_count=66 366 199 67 63 267 29 466 17 854 597 48 18 132 17 317 44 54 15 32 11 276 15 38 21 25 47 14 20 14 14
internal_value=0 -0.00922243 -0.0120458 -0.000454208 -0.00946431 -0.0107704 -0.0127003 -0.000980422 -0.00116532 0.000635768 0.00679502 0 -0.00697376 -0.0105386 -0.0153374 -0.0131317 -0.0146424 -0.0175958 -0.0089568 -0.0159842 -0.00270636 0.00197707 0.00982226 -0.00263264 0.00430571 -0.000620684 -0.00677857 -0.0035461 0.00435414 -0.00449326
internal_weight=0 2516 1911 605 1072 805 533 1647 1630 776 132 66 272 149 839 426 382 413 47 328 406 116 53 123 46 644 77 63 34 290
internal_count=4163 2516 1911 605 1072 805 533 1647 1630 776 132 66 272 149 839 426 382 413 47 328 406 116 53 123 46 644 77 63 34 290
cat_boundaries=0 1 3 4 5
cat_threshold=441408 75498722 321536 672 1
is_linear=0
shrinkage=0.05


Tree=40
num_leaves=31
num_cat=4
split_feature=0 5 39 8 21 19 7 17 17 40 22 8 38 5 21 21 4 22 12 34 0 7 26 19 12 18 7 8 17 26
split_gain=25.9236 25.7653 6.47075 2.20199 2.34479 2.67294 1.99139 1.98239 1.92232 1.8335 2.52142 2.35198 1.77124 2.74893 1.7721 2.31242 1.7588 1.71528 1.70165 1.69371 2.31828 1.85166 1.6311 3.38412 1.6676 1.53721 1.70464 1.51651 1.49783 1.49614
threshold=0 0.15000000000000005 7.2500000000000009 2.7500000000000004 8.1020552867483495 0.62318286527802991 2.3000000000000003 10.4 5.3000000000000016 0.081666666666666679 0.65000000000000002 0.55000000000000016 1 0.15000000000000005 11.565866850952469 7.721125780824603 2.5000000000000004 3.2500000000000004 5.5000000000000009 2 3 6.0500000000000007 74.407269039032926 9.7838651880988525 6.5000000000000009 5.5000000000000009 4.5000000000000009 70.500000000000014 9.4000000000000021 45.722747491577515
decision_type=1 10 10 10 10 8 10 10 8 2 2 10 1 10 10 10 10 2 2 9 1 10 10 10 2 10 10 10 10 8
left_child=7 2 22 4 5 -4 -3 8 12 17 11 -11 13 14 15 18 -10 -6 -1 -8 21 -21 25 24 27 -2 -27 -24 -22 -14
right_child=1 6 3 -5 9 -7 19 -9 16 10 -12 -13 29 -15 -16 -17 -18 -19 -20 20 28 -23 23 -25 -26 26 -28 -29 -30 -31
leaf_value=0.086510598117916268 0 0.00088801785414087679 0 0 0 0 -0.086329621180927782 6.7712503105632358 -0.18281221145659085 0.25132261192495664 -0.023705816027974082 -0.018433356808457903 0.044888378442230217 -0.095897568175822567 -0.010726664558745559 0.18408006511284447 19.322269398288782 0.15743753541492525 -0.03227826225105479 -0.028444684661641517 -0.080278824240562638 0.91144676511353551 0 -0.002189332632827634 0 0.23750000000000002 0 0.27209659496414423 2.2524173685013302 -0.0014635021851848952
leaf_weight=37 366 199 67 267 173 466 127 25 39 39 29 17 120 33 39 26 10.999999999999998 13.999999999999998 54 31 160 73 317 44 54 14.999999999999998 32 10.999999999999998 14.999999999999998 1263
leaf_count=37 366 199 67 267 173 466 127 25 39 39 29 17 120 33 39 26 11 14 54 31 160 73 317 44 54 15 32 11 15 1263
internal_value=0 -0.00916305 -0.0120458 -0.00946431 -0.0107704 -0.0127003 -0.000206458 -0.00107092 -0.00129434 -0.00697376 -0.000877706 0.00531444 -0.000985723 -0.00538982 -0.00287632 0.000212857 -0.0109019 -0.00973593 -0.00355385 -0.00221429 8.63707e-05 0.00567934 -0.0153374 -0.0131317 -0.0146424 -0.0175958 -0.0089568 -0.0159842 -0.00337018 -0.000340881
internal_weight=0 2516 1911 1072 805 533 605 1647 1622 272 85 56 1572 189 156 117 50 187 91 406 279 104 839 426 382 413 47 328 175 1383
internal_count=4163 2516 1911 1072 805 533 605 1647 1622 272 85 56 1572 189 156 117 50 187 91 406 279 104 839 426 382 413 47 328 175 1383
cat_boundaries=0 1 2 3 4
cat_threshold=441408 2 2624 674
is_linear=0
shrinkage=0.05


Tree=41
num_leaves=31
num_cat=8
split_feature=0 5 39 38 8 0 31 8 21 35 22 39 18 25 31 26 6 34 21 19 31 26 19 20 20 34 24 22 22 39
split_gain=24.0057 21.5127 5.80603 3.07588 2.33231 2.40197 2.31384 2.28284 2.27829 2.74741 2.16553 3.12397 2.58403 2.50727 2.03369 3.42223 1.98988 1.989 2.07711 2.33153 1.93704 2.05697 2.56172 1.97995 1.85512 1.82414 2.18166 2.41797 2.24191 3.76631
threshold=0 0.15000000000000005 5.5000000000000009 1 33.70000000000001 2 3 7.2500000000000009 12.165193695049551 1.0000000180025095e-35 0.35000000000000003 5.5000000000000009 12.500000000000002 235.87210661535329 4 87.191131748288925 1.5000000000000002 5 8.9111721548295861 0.62318286527802991 6 47.033960946323994 8.7533449107601236 10.478008458656399 3.8692775732030573 7 55.978541503160677 3.6500000000000008 0.45000000000000007 21.100000000000005
decision_type=1 10 10 1 10 1 9 10 10 2 2 8 10 8 9 8 10 9 10 8 9 10 10 10 10 9 10 2 2 10
left_child=3 2 16 8 5 20 10 17 9 -1 12 -12 -3 -13 15 -7 -2 -4 19 -19 -5 -22 -23 -24 -6 -16 28 -28 29 -27
right_child=1 6 7 4 24 14 -8 -9 -10 -11 11 13 -14 -15 25 -17 -18 18 -20 -21 21 22 23 -25 -26 26 27 -29 -30 -31
leaf_value=-0.0081038363157381887 0 0.41352035844229396 0 0.040431121498241844 -0.10301676442952026 -0.02411277792724318 -0.0060221954509603222 0 -0.012500000000000001 0.19112274144206035 0.15663480302629762 -0.037161938052733802 -0.1336838553253088 0.0017948172566583766 0.10242147483017952 0.00042481500540025863 0.0072999963708780596 0 0 0 0.10861901293918681 -0.0017649407751504143 0.1507089712650698 -0.00038520367680296987 3.6016891600476435 0.001402242128520781 0.00014669589625224689 0.45181422411985478 -0.038167842783604633 -0.036864460922279907
leaf_weight=148 468 94 197 107 18 90 275 196 65 35 33 56 23 39 168 149 15.999999999999998 69 183 484 56 278 36 174 44 38 507 27 60 30
leaf_count=148 468 94 197 107 18 90 275 196 65 35 33 56 23 39 168 149 16 69 183 484 56 278 36 174 44 38 507 27 60 30
internal_value=0 -0.00985561 -0.0127522 -0.0022299 -0.00147842 -0.00183092 -0.00105678 -0.0107796 -0.00735152 -0.00476969 0.00244666 -0.00194628 0.00744998 -0.00654793 -0.000347399 -0.00430948 -0.0173393 -0.011811 -0.0130618 -0.014771 -0.00419533 -0.00541077 -0.00655134 -0.00237586 0.00800641 0.000832887 -0.000371775 0.0010291 -0.0062281 0
internal_weight=0 2133 1613 2030 1782 1720 520 1129 248 183 245 128 117 95 1069 239 484 933 736 553 651 544 488 210 62 830 662 534 128 68
internal_count=4163 2133 1613 2030 1782 1720 520 1129 248 183 245 128 117 95 1069 239 484 933 736 553 651 544 488 210 62 830 662 534 128 68
cat_boundaries=0 1 2 3 5 7 8 10 11
cat_threshold=441428 2 32852 286 200704 17160 6144 16424 1024 26624 40
is_linear=0
shrinkage=0.05


Tree=42
num_leaves=31
num_cat=8
split_feature=0 5 39 0 6 7 31 8 26 21 31 6 34 21 19 25 25 26 22 19 21 31 4 15 6 24 38 21 26 17
split_gain=37.4753 17.4763 5.80603 3.87012 4.95957 3.29291 2.50207 2.28284 2.22788 4.10016 2.01538 1.98988 1.989 2.07711 2.33153 1.94591 1.93586 1.801 2.94827 1.80057 1.75724 1.7358 2.05617 1.69131 1.52465 1.74611 1.51906 1.49717 1.49416 1.4868
threshold=0 0.15000000000000005 5.5000000000000009 1 2.3000000000000003 24.300000000000001 2 7.2500000000000009 229.05986730223847 4.803392983266578 3 1.5000000000000002 4 8.9111721548295861 0.62318286527802991 320.86727350836048 228.09466125695928 223.46309442473833 0.8500000000000002 3.8008131665219866 0.72816185662901323 5 3.1500000000000008 6 5.9000000000000012 237.95182236873546 7 16.811622918852809 246.14685921140259 10.15
decision_type=1 10 10 1 10 10 9 10 10 10 9 10 9 10 8 10 10 8 2 10 8 9 10 1 10 8 1 10 10 10
left_child=3 2 11 4 6 28 16 12 9 -8 17 -2 20 14 -14 27 -1 18 -3 -11 -4 22 -5 -22 25 -19 -23 29 -6 -12
right_child=1 10 7 21 5 -7 8 -9 -10 19 15 -13 13 -15 -16 -17 -18 24 -20 -21 23 26 -24 -25 -26 -27 -28 -29 -30 -31
leaf_value=8.8247038757538476e-05 0 0.48461606466580298 0.19602442057943498 -0.0018222288417410139 -0.19255844411541354 4.4115720008996764 -0.010062070016672742 0 0.083738538704863433 0.0013823528854202127 -0.010722039671254003 0.0069349965523341391 0 0 0 0.23553700942838499 -0.014992158465577089 0.13895537005224953 -0.058462957439807388 8.8247038757538476e-05 0 -0.019312324540126727 20.155879693212214 0 2.0438651759517841 -0.015602719736691651 -0.0041830269460904962 0.62439080491400112 -0.09697948456224717 -1.661081440162552
leaf_weight=150 468 36 13.999999999999998 539 37 13.999999999999998 24 196 90 35 317 15.999999999999998 69 183 484 13.999999999999998 70 15.999999999999998 32 140 169 113 24 13.999999999999998 31 28 756 31 38 14.999999999999998
leaf_count=150 468 36 14 539 37 14 24 196 90 35 317 16 69 183 484 14 70 16 32 140 169 113 24 14 31 28 756 31 38 15
internal_value=0 -0.0101355 -0.0127522 -0.000637114 0.00271181 -0.00810509 0.00466189 -0.0107796 0.00759726 0.00488844 -0.00220963 -0.0173393 -0.011811 -0.0130618 -0.014771 -0.00406504 0.000433934 0.00276963 -0.00292184 0.00755201 -0.00614606 -0.00204513 0.000130787 -0.00776778 0.00828363 0.00224972 -0.00343965 -0.00488375 -0.0122598 -0.00586554
internal_weight=0 2133 1613 2030 598 89 509 1129 289 199 520 484 933 736 553 377 220 143 68 175 197 1432 563 183 75 44 869 363 75 332
internal_count=4163 2133 1613 2030 598 89 509 1129 289 199 520 484 933 736 553 377 220 143 68 175 197 1432 563 183 75 44 869 363 75 332
cat_boundaries=0 1 2 4 6 7 9 10 11
cat_threshold=441428 2068 67 210944 276 69632 16424 8388643 372736 1 2
is_linear=0
shrinkage=0.05


Tree=43
num_leaves=31
num_cat=8
split_feature=0 5 39 17 8 19 6 34 21 19 31 39 34 24 25 6 25 6 0 24 14 6 26 21 8 0 15 22 21 27
split_gain=36.0147 14.7235 5.80603 2.46341 2.28284 2.14937 1.98988 1.989 2.07711 2.33153 1.89654 2.24423 2.03889 2.12653 1.998 2.13807 2.14491 1.93913 2.17301 2.06207 1.98336 2.0384 1.78296 1.75724 1.742 3.30819 1.69131 1.68245 1.66689 1.62377
threshold=0 0.15000000000000005 5.5000000000000009 11.300000000000002 7.2500000000000009 19.869682232890593 1.5000000000000002 1 8.9111721548295861 0.62318286527802991 2 377.60000000000008 3 318.39429424509649 262.09148827119679 15.500000000000002 250.29223251529285 7.1000000000000005 4 84.73179312291289 5 9.0500000000000025 83.996403686842584 0.72816185662901323 1.9000000000000001 6 7 -0.94999999999999984 16.379714062475582 155.00000000000003
decision_type=1 10 10 10 10 10 10 9 10 8 9 10 9 10 10 10 10 8 1 10 1 10 10 8 10 1 1 2 10 2
left_child=3 2 6 10 7 -3 -2 23 9 -9 14 12 -12 17 15 16 24 18 28 -20 -19 -22 -21 -4 25 27 -25 -1 -14 -13
right_child=1 5 4 -5 -6 -7 -8 8 -10 -11 11 29 13 -15 -16 -17 -18 20 19 22 21 -23 -24 26 -26 -27 -28 -29 -30 -31
leaf_value=7.053108145187448e-05 0 -0.006718370517318429 0.18622319955046324 14.430105718567933 0 5.1975745902267532 0.0065882467247174066 0 0 0 -0.013444213976503194 1.3715657173640632 1.4847831902287112e-05 -0.01769360061307932 -0.0058648140667583171 14.599243796151132 1.0142782119740239 -0.35709098079306606 -0.010638265841873773 0.47862777535747308 -0.20160678534895737 48.054965881936148 -0.0049608969365566137 0 -0.010641402168097704 -0.0012385693224447715 0 0.0012001386333009734 0.069956650869543863 -0.041532176742936369
leaf_weight=60 468 497 13.999999999999998 15.999999999999998 196 23 15.999999999999998 69 183 484 103 55 392 34 128 13.999999999999998 32 60 197 36 13.000000000000002 17 210 169 175 330 13.999999999999998 83 50 25
leaf_count=60 468 497 14 16 196 23 16 69 183 484 103 55 392 34 128 14 32 60 197 36 13 17 210 169 175 330 14 83 50 25
internal_value=0 -0.0103455 -0.0127522 -0.00102918 -0.0107796 -0.00307426 -0.0173393 -0.011811 -0.0130618 -0.014771 -0.00119139 -0.00245332 -0.00305632 -0.00228064 0.0006607 0.00172799 0.00132265 -0.00187093 -0.0011576 -0.00358364 -0.00884467 0.00164204 -0.000608643 -0.00614606 0.000693963 0.00227057 -0.00776778 0.0083089 0.00132611 0.00559354
internal_weight=0 2133 1613 2030 1129 520 484 933 736 553 2014 1192 1112 1009 822 694 680 975 885 443 90 30 246 197 648 473 183 143 442 80
internal_count=4163 2133 1613 2030 1129 520 484 933 736 553 2014 1192 1112 1009 822 694 680 975 885 443 90 30 246 197 648 473 183 143 442 80
cat_boundaries=0 1 2 4 5 6 7 8 9
cat_threshold=441428 16424 276831394 319488 1024 395284 2 2068 1
is_linear=0
shrinkage=0.05


Tree=44
num_leaves=31
num_cat=10
split_feature=0 5 39 31 8 5 36 32 19 6 34 21 19 24 19 34 32 40 31 0 22 0 7 29 22 39 20 22 22 21
split_gain=31.2121 15.3149 5.80603 2.36653 2.28284 2.20707 2.00336 2.4049 2.26209 1.98988 1.989 2.07711 2.33153 1.91271 1.90868 1.90667 3.26111 3.29233 2.56051 2.38035 2.26476 2.49146 2.40794 2.87967 2.13899 2.51211 2.07801 1.88835 1.7949 1.75724
threshold=0 0.15000000000000005 5.5000000000000009 1 7.2500000000000009 14.900000000000002 2 3 18.470204149360217 1.5000000000000002 4 8.9111721548295861 0.62318286527802991 210.72536568119634 4.9806189717544198 5 6 0.085144927536231887 7 8 3.3500000000000001 9 0.65000000000000002 172.71639400000004 2.1500000000000008 7.2500000000000009 0.48108257129220805 -1.6499999999999997 2.9500000000000006 0.72816185662901323
decision_type=1 10 10 9 10 10 1 9 10 10 9 10 8 10 10 9 9 2 9 1 2 1 10 2 2 10 10 2 2 8
left_child=3 2 9 5 10 -1 8 14 -3 -2 29 12 -12 -9 28 18 19 20 -5 24 21 -18 23 -23 25 -17 -27 -15 -8 -4
right_child=1 6 4 15 -6 -7 7 13 -10 -11 11 -13 -14 27 -16 16 17 -19 -20 -21 -22 22 -24 -25 -26 26 -28 -29 -30 -31
leaf_value=0.00010586516408812586 0 0.00047765863433990585 0.17691203957294008 0.00027606723985087458 0 34.49492999074937 0.010128181991366093 -0.032861364069642553 19.830009972205325 0.0062588343884815156 0 0 0 -0.25766131774691381 -0.026564652329162809 0.003016050035824969 0.025066670665813674 0.41519986702744732 -0.011500094514651416 -0.0074493633684821203 0.49638575150695347 -0.026444090162637626 -0.061915612967584792 0.00067874725218415317 -0.022268318305366332 0.58828040641228163 -0.0040994222880807564 0.00151557589546516 -0.023548303193695455 0
leaf_weight=550 468 106 13.999999999999998 135 196 9.9999999999999982 108 85 18 15.999999999999998 69 183 484 12.999999999999998 105 34 113 163 449 312 20 14.999999999999998 68 74 23 12.999999999999998 51 55 30 183
leaf_count=550 468 106 14 135 196 10 108 85 18 16 69 183 484 13 105 34 113 163 449 312 20 15 68 74 23 13 51 55 30 183
internal_value=0 -0.0102988 -0.0127522 -0.00161729 -0.0107796 0.00113945 -0.00288212 -0.00455161 0.0026032 -0.0173393 -0.011811 -0.0130618 -0.014771 -0.00933007 -0.0012823 -0.00266811 -0.00117129 0.00178013 -0.00487846 -0.00422821 -0.00137717 -0.00258828 -0.00641983 -0.00139743 0.00171168 0.00507872 -0.000775795 -0.0036523 0.00252799 -0.00614606
internal_weight=0 2133 1613 2030 1129 560 520 396 124 484 933 736 553 153 243 1470 886 453 584 433 290 270 157 89 121 98 64 68 138 197
internal_count=4163 2133 1613 2030 1129 560 520 396 124 484 933 736 553 153 243 1470 886 453 584 433 290 270 157 89 121 98 64 68 138 197
cat_boundaries=0 1 3 4 5 6 7 8 10 11 12
cat_threshold=441428 276829186 319488 4 13 16424 9504 67 128 69632 264208 135236
is_linear=0
shrinkage=0.05


Tree=45
num_leaves=31
num_cat=11
split_feature=0 5 39 31 8 5 0 32 24 6 34 21 19 21 15 20 40 5 3 40 9 32 23 0 22 32 26 40 34 19
split_gain=30.5106 15.6149 5.80603 2.73666 2.28284 2.20058 2.3838 2.3611 2.123 1.98988 1.989 2.07711 2.33153 1.75724 1.69131 1.66323 1.69529 1.65763 1.63171 1.5977 1.52579 1.40013 1.67308 2.05314 1.76615 1.38447 2.28376 2.60231 2.15658 2.98636
threshold=0 0.15000000000000005 5.5000000000000009 1 7.2500000000000009 14.900000000000002 2 3 65.385200849206129 1.5000000000000002 4 8.9111721548295861 0.62318286527802991 0.72816185662901323 5 21.873548283877341 0.13484848484848486 5.5500000000000007 4.1000000000000005 0.15504807692307696 6 7 2.1500000000000008 8 -1.0499999999999998 9 348.22574572387197 0.1126984126984127 10 0.79810359880337745
decision_type=1 10 10 9 10 10 1 9 10 10 9 10 8 8 1 10 2 10 10 2 1 9 2 1 2 9 8 2 9 8
left_child=3 2 9 5 10 6 7 -1 -8 -2 13 12 -12 -4 -15 16 21 19 25 -10 -9 22 -3 24 -24 26 27 -5 29 -27
right_child=1 15 4 18 -6 -7 8 20 17 -11 11 -13 -14 14 -16 -17 -18 -19 -20 -21 -22 -23 23 -25 -26 28 -28 -29 -30 -31
leaf_value=-0.008161344962397666 0 -0.075539986074928123 0.16806643759429307 -0.0043226894752240062 0 32.770183491211903 0.17168733271180017 -0.027047485718233056 0.00094252310384659312 0.0059458926690574071 0 0 0 0 0 11.985050530809788 -0.14582319645118141 -1.2688743913501241 51.338322680928854 -0.086302199547515501 0.0059057844040151025 -0.018402570380029192 -0.0056816536383421214 -0.0040480669216646174 0.74240366076617947 -0.020078356531507115 0.0060150586698721536 -0.1193811163851749 -0.00013380758013856742 -0.0086800960622482447
leaf_weight=116 468 22 13.999999999999998 299 196 9.9999999999999982 47 48 260 15.999999999999998 69 183 484 169 13.999999999999998 19 30 11.999999999999998 13.999999999999998 43 56 188 33 145 83 23 60 42 646 354
leaf_count=116 468 22 14 299 196 10 47 48 260 16 69 183 484 169 14 19 30 12 14 43 56 188 33 145 83 23 60 42 646 354
internal_value=0 -0.0102755 -0.0127522 -0.0016908 -0.0107796 0.00116192 0.000772599 -0.0032545 0.00322191 -0.0173393 -0.011811 -0.0130618 -0.014771 -0.00614606 -0.00776778 -0.00278605 -0.00334031 0.00182279 -0.00286513 0.00255396 0.00218436 -0.00259837 -0.00025558 0.000860585 0.00553578 -0.00305381 -0.00552923 -0.0072485 -0.00200784 -0.00496838
internal_weight=0 2133 1613 2030 1129 592 582 220 362 484 933 736 553 197 183 520 501 315 1438 303 104 471 283 261 116 1424 401 341 1023 377
internal_count=4163 2133 1613 2030 1129 592 582 220 362 484 933 736 553 197 183 520 501 315 1438 303 104 471 283 261 116 1424 401 341 1023 377
cat_boundaries=0 1 3 4 5 6 7 8 9 10 11 12
cat_threshold=441428 276831234 319488 426048 6 16424 1 1 13 524962 65 1312
is_linear=0
shrinkage=0.05


Tree=46
num_leaves=31
num_cat=8
split_feature=0 5 39 8 36 6 34 21 19 6 20 21 15 34 31 36 31 17 21 22 17 25 39 19 17 21 19 20 5 22
split_gain=30.312 15.0177 5.80603 2.28284 2.07068 1.98988 1.989 2.07711 2.33153 1.95149 1.80394 1.75724 1.69131 1.60975 2.06131 1.9966 2.63375 2.47575 2.57122 2.85793 2.35842 1.79865 2.48853 2.05409 1.63915 1.60941 2.45174 1.78249 1.68462 1.60727
threshold=0 0.15000000000000005 5.5000000000000009 7.2500000000000009 1 1.5000000000000002 2 8.9111721548295861 0.62318286527802991 37.900000000000013 21.500323678921522 0.72816185662901323 3 4 5 6 7 0.15000000000000005 1.7821343123290772 0.65000000000000002 4.1000000000000005 234.51015429678333 14.100000000000001 1.6272366160937433 6.9000000000000012 5.2739025356506772 1.8253700037606129 3.8357588885486251 1.0000000180025095e-35 -1.2499999999999998
decision_type=1 10 10 10 1 10 9 10 8 10 10 8 1 9 9 1 9 8 8 2 10 10 10 10 8 8 8 10 10 2
left_child=9 2 5 6 10 -2 11 8 -8 13 -3 -4 -13 14 25 16 20 18 -17 29 -15 22 -19 -24 -16 27 -27 -1 -28 -20
right_child=1 4 3 -5 -6 -7 7 -9 -10 -11 -12 12 -14 15 24 17 -18 21 19 -21 -22 -23 23 -25 -26 26 28 -29 -30 -31
leaf_value=-0.0058879534772039001 0 0.0026048931247845131 0.15966311571457842 0 -0.012562375426613226 0.0056485980356045353 0 0 0 11.930622184483628 24.420605402989736 0 0 -0.0034304514731280378 -0.0053460654423644893 0.87502692018007344 0.0014941054584971525 -0.051384491308863606 -0.0017911771664815613 -0.016969493289058637 0.48545464438341557 -0.11240167294490147 -0.029193398750477707 0.13721009455357136 -0.46889193459750178 0.72189717716791779 -0.0011991567019403071 -0.039661972522054438 0.62051942164451201 0.54016391321273516
leaf_weight=82 468 108 13.999999999999998 196 396 15.999999999999998 69 183 484 24 15.999999999999998 169 13.999999999999998 216 687 9.9999999999999982 500 27 20 37 18 29 20 13.999999999999998 14.999999999999998 14.999999999999998 211 19 59 27
leaf_count=82 468 108 14 196 396 16 69 183 484 24 16 169 14 216 687 10 500 27 20 37 18 29 20 14 15 15 211 19 59 27
internal_value=0 -0.0103221 -0.0127522 -0.0107796 -0.00297819 -0.0173393 -0.011811 -0.0130618 -0.014771 -0.00176432 0.0026032 -0.00614606 -0.00776778 -0.00194373 -0.00323183 -0.000376972 0.000805964 -0.00488557 0.000529381 -0.00236827 -0.00347719 -0.0110558 -0.00610252 0.00290276 -0.00484245 -0.000252239 0.00166404 -0.00566782 0.000554631 0.00579557
internal_weight=0 2133 1613 1129 520 484 933 736 553 2030 124 197 183 2006 1088 918 734 184 94 84 234 90 61 34 702 386 285 101 270 47
internal_count=4163 2133 1613 1129 520 484 933 736 553 2030 124 197 183 2006 1088 918 734 184 94 84 234 90 61 34 702 386 285 101 270 47
cat_boundaries=0 1 2 3 4 5 7 8 10
cat_threshold=441428 4 16424 1 5472 1162 28672 5 908 6144
is_linear=0
shrinkage=0.05


Tree=47
num_leaves=31
num_cat=9
split_feature=0 5 39 8 6 34 21 19 6 7 0 34 18 4 21 15 38 21 24 39 21 34 25 26 23 31 19 19 31 25
split_gain=30.688 15.6149 5.80603 2.28284 1.98988 1.989 2.07711 2.33153 1.92426 2.0198 2.57611 2.28011 1.95275 1.79147 1.75724 1.69131 1.65712 1.86249 2.30574 1.72174 1.53079 1.51444 3.65034 2.60952 2.68472 2.40955 2.45848 2.24711 2.18872 2.15728
threshold=0 0.15000000000000005 5.5000000000000009 7.2500000000000009 1.5000000000000002 1 8.9111721548295861 0.62318286527802991 37.900000000000013 2.6500000000000008 2 3 5.5000000000000009 1.0000000180025095e-35 0.72816185662901323 4 5 13.277439540317134 313.59138048531707 39.900000000000006 7.721125780824603 6 173.25892678649703 73.343416082682253 2.1500000000000008 7 7.2491049835656911 2.2067929347389406 8 279.77378308721217
decision_type=1 10 10 10 10 9 10 8 10 8 1 9 10 10 8 1 1 10 10 8 10 9 10 10 2 9 10 10 9 8
left_child=8 2 4 5 -2 14 7 -7 9 12 -11 -12 16 -14 -4 -16 17 18 19 -1 -21 22 28 24 -23 26 -25 -27 -18 -29
right_child=1 -3 3 -5 -6 6 -8 -9 -10 10 11 -13 13 -15 15 -17 21 -19 -20 20 -22 23 -24 25 -26 27 -28 29 -30 -31
leaf_value=-0.0056849246643813529 0 -0.0061340705946975943 0.1516799599288495 0 0.0053661681338242678 0 0 0 11.334091075259446 0.015354743863548737 -0.0037556174553000869 -0.089723977870159094 -0.001284738213859349 2.9091513861216614 0 0 -0.0039164461657433597 -0.014528199207688219 -0.035808797931265304 -0.0039982470558504795 1.84134406423374 0.0029117427323913873 -0.016045062579504377 -0.0041779747684181027 -0.0036438501497414013 0.21455788201151393 0.11173103445661714 0.0026539623228576839 0.0021171120627887954 -0.0063097741527820446
leaf_weight=92 468 520 13.999999999999998 196 15.999999999999998 69 183 484 24 132 136 214 15.999999999999998 24 169 13.999999999999998 109 41 19 30 17 41 181 138 270 53 79 207 190 17
leaf_count=92 468 520 14 196 16 69 183 484 24 132 136 214 16 24 169 14 109 41 19 30 17 41 181 138 270 53 79 207 190 17
internal_value=0 -0.0102755 -0.0127522 -0.0107796 -0.0173393 -0.011811 -0.0130618 -0.014771 -0.0016663 -0.00184405 -0.0046637 -0.00679706 -0.000951163 0.00988875 -0.00614606 -0.00776778 -0.00124625 -0.00537121 -0.00315557 -0.000896379 0.00684932 -0.000559651 -0.00275257 0.000766448 -0.00280944 0.00303367 -0.000989228 0.00600104 0.000584405 0.0040098
internal_weight=0 2133 1613 1129 484 933 736 553 2030 2006 482 350 1524 40 197 183 1484 199 158 139 47 1285 480 805 311 494 217 277 299 224
internal_count=4163 2133 1613 1129 484 933 736 553 2030 2006 482 350 1524 40 197 183 1484 199 158 139 47 1285 480 805 311 494 217 277 299 224
cat_boundaries=0 1 2 3 4 5 6 7 9 11
cat_threshold=441428 16424 132112 1672 1 2 1184 668 102400 804 200704
is_linear=0
shrinkage=0.05


Tree=48
num_leaves=31
num_cat=6
split_feature=0 5 39 8 6 38 22 21 8 27 26 31 34 6 34 21 19 26 24 22 24 39 39 21 22 15 39 20 20 20
split_gain=27.4035 15.6149 5.80603 2.28284 2.05525 2.02183 3.09265 2.76926 3.07187 2.05697 2.04138 2.09793 2.34917 1.98988 1.989 2.07711 2.33153 1.98819 1.82263 2.30902 1.93738 1.80766 1.7824 1.75724 1.75679 1.69131 1.62399 1.59005 1.93308 1.85407
threshold=0 0.15000000000000005 5.5000000000000009 7.2500000000000009 37.900000000000013 1 3.6500000000000008 12.165193695049551 9.8500000000000032 120.00000000000001 269.20805810070078 2 3 1.5000000000000002 4 8.9111721548295861 0.62318286527802991 235.58723637511511 84.407542906828169 2.4500000000000006 82.838472061729064 22.900000000000002 123.50000000000001 0.72816185662901323 3.5500000000000003 5 14.300000000000002 3.6740071387947419 4.2398652340422709 3.2421854437512665
decision_type=1 10 10 10 10 1 2 10 8 2 10 9 9 10 9 10 8 10 10 2 10 8 10 8 2 1 10 10 10 10
left_child=4 2 13 14 5 6 10 8 21 -8 11 12 22 -2 23 16 -16 -14 20 -20 -13 -7 -1 -4 -23 -25 -19 29 -29 -12
right_child=1 -3 3 -5 -6 7 9 -9 -10 -11 27 18 17 -15 15 -17 -18 26 19 -21 -22 24 -24 25 -26 -27 -28 28 -30 -31
leaf_value=0.0031576674998093912 0 -0.0058273670649627192 0.14409596193240701 0 10.767386521496475 -0.0046345640053423237 -0.11942302423745393 -0.020269972490071588 -0.17540251853845318 0.50984829443499691 -0.0097239231215230162 -0.0040156571692683499 -0.0019475037926473871 0.0050978597271330141 0 0 0 0.21202270346238478 -2.8708977943914251e-05 -0.11061985522382832 -0.065787933932817608 0.10445036590872642 2.7895967448391854 0 -0.070104395802068842 0 0.011235824295127685 0.70593193254761211 -0.0031369742520432013 -0.042642072903801356
leaf_weight=96 468 520 13.999999999999998 196 24 159 9.9999999999999982 65 60 42 77 269 334 15.999999999999998 69 183 484 31 417 17 22 131 30 169 24 13.999999999999998 63 17 122 20
leaf_count=96 468 520 14 196 24 159 10 65 60 42 77 269 334 16 69 183 484 31 417 17 22 131 30 169 24 14 63 17 122 20
internal_value=0 -0.0102755 -0.0127522 -0.0107796 -0.00213188 -0.00231753 -0.0014422 -0.00528424 -0.00373882 0.0104862 -0.00186413 -0.00107468 0.00124015 -0.0173393 -0.011811 -0.0130618 -0.014771 -0.00057019 -0.0028214 -0.000805616 -0.00591868 -0.00174909 0.00696226 -0.00614606 0.0020907 -0.00776778 0.00582319 -0.00613237 -0.00268914 -0.0110313
internal_weight=0 2133 1613 1129 2030 2006 1567 439 374 52 1515 1279 554 484 933 736 553 428 725 434 291 314 126 197 155 183 94 236 139 97
internal_count=4163 2133 1613 1129 2030 2006 1567 439 374 52 1515 1279 554 484 933 736 553 428 725 434 291 314 126 197 155 183 94 236 139 97
cat_boundaries=0 1 2 4 5 6 7
cat_threshold=441428 5 8393795 122880 10264 16424 1
is_linear=0
shrinkage=0.05


Tree=49
num_leaves=31
num_cat=8
split_feature=0 5 39 8 38 22 6 34 21 19 21 24 31 31 20 34 19 34 26 19 22 22 26 21 24 22 15 27 20 8
split_gain=27.0787 15.9179 5.80603 2.28284 2.27931 2.09975 1.98988 1.989 2.07711 2.33153 1.93634 2.08161 2.12117 1.91881 2.53682 2.16368 3.00879 2.05092 2.40968 1.87667 1.81198 1.81009 1.77907 1.75724 1.74054 1.70105 1.69131 1.68886 1.98362 1.59361
threshold=0 0.15000000000000005 5.5000000000000009 7.2500000000000009 1 3.6500000000000008 1.5000000000000002 2 8.9111721548295861 0.62318286527802991 12.165193695049551 309.46032270427276 3 4 13.538291268527022 5 17.428523122324762 6 273.28073025315751 12.159062491719082 -2.7499999999999996 -1.0499999999999998 237.99880196243853 0.72816185662901323 223.99958271857369 -2.4499999999999997 7 120.00000000000001 11.65216821891279 1.0500000000000003
decision_type=1 10 10 10 1 2 10 9 10 8 10 10 9 9 10 9 10 9 10 10 2 2 10 8 10 2 1 2 10 8
left_child=4 2 6 7 5 13 -2 23 9 -9 11 12 20 14 17 16 -15 18 22 -12 -6 -19 24 -4 -1 -14 -25 -7 -29 -27
right_child=1 -3 3 -5 10 27 -8 8 -10 -11 19 -13 25 15 -16 -17 -18 21 -20 -21 -22 -23 -24 26 -26 29 -28 28 -30 -31
leaf_value=0.0016757703046529127 0 -0.0055359987117145964 0.13689116383578667 0 0.34865532125134202 -0.11345187302558123 0.0048429667407763558 0 0 0 -0.022926531535068673 -0.036950827094478902 -0.033319677426765851 0.0027948331856708867 0.058919775710365753 -0.0050711841345592486 -0.058784844972095129 -0.0054943265080309445 -0.0070902713436448161 -0.010846680021078515 0.0013693782375507003 -0.00138798514526437 0.49175532077345335 0 -0.037321769438815537 0.00064038986854570996 0 0.88793701559892924 -0.019469904415986151 -0.05066539046832319
leaf_weight=91 468 520 13.999999999999998 196 15.999999999999998 9.9999999999999982 15.999999999999998 69 183 484 37 27 47 198 123 752 25 72 22 28 95 221 17 169 14.999999999999998 106 13.999999999999998 27 14.999999999999998 86
leaf_count=91 468 520 14 196 16 10 16 69 183 484 37 27 47 198 123 752 25 72 22 28 95 221 17 169 15 106 14 27 15 86
internal_value=0 -0.0102522 -0.0127522 -0.0107796 -0.00215639 -0.00125121 -0.0173393 -0.011811 -0.0130618 -0.014771 -0.00530445 -0.00404027 -0.00299615 -0.00159458 0.000743722 -0.00291745 0.00139216 -0.00102634 0.00369894 -0.013369 0.002676 -0.00337782 0.00668287 -0.00614606 0.00422734 -0.00551213 -0.00776778 0.0085796 0.0129564 -0.00363731
internal_weight=0 2133 1613 1129 2030 1588 484 933 736 553 442 377 350 1536 561 975 223 438 145 65 111 293 123 197 106 239 183 52 42 192
internal_count=4163 2133 1613 1129 2030 1588 484 933 736 553 442 377 350 1536 561 975 223 438 145 65 111 293 123 197 106 239 183 52 42 192
cat_boundaries=0 1 2 3 5 7 8 9 10
cat_threshold=441428 5 16424 282 32768 276831360 124928 21000 11288 1
is_linear=0
shrinkage=0.05


Tree=50
num_leaves=31
num_cat=7
split_feature=0 5 39 8 17 6 34 21 19 38 22 31 34 26 0 26 8 23 8 19 21 21 21 15 26 8 22 8 21 24
split_gain=26.2699 16.5325 5.80603 2.28284 2.0163 1.98988 1.989 2.07711 2.33153 1.84439 1.82929 1.89246 2.56817 2.07984 2.08496 3.26343 2.47694 2.31498 2.33906 1.90104 1.84053 1.80373 1.75724 1.69131 1.68943 1.67789 1.75552 1.66833 2.23895 1.66466
threshold=0 0.15000000000000005 5.5000000000000009 7.2500000000000009 11.300000000000002 1.5000000000000002 1 8.9111721548295861 0.62318286527802991 2 3.6500000000000008 3 4 27.140030864164576 5 51.397649250535103 16.300000000000001 2.2500000000000004 33.70000000000001 1.0594709389890842 4.9796865836372861 4.2307797581348483 0.72816185662901323 6 42.24153033504323 0.75000000000000011 2.4500000000000006 8.5000000000000018 12.54660011941084 86.604871817323058
decision_type=1 10 10 10 10 10 9 10 8 1 2 9 9 10 1 10 10 2 10 10 10 10 8 1 8 10 2 8 10 10
left_child=4 2 5 6 9 -2 22 8 -8 10 11 12 25 -13 16 -16 19 18 -17 -15 21 -21 -4 -24 -3 26 -1 28 -11 -30
right_child=1 24 3 -5 -6 -7 7 -9 -10 27 -12 13 -14 14 15 17 -18 -19 -20 20 -22 -23 23 -25 -26 -27 -28 -29 29 -31
leaf_value=-0.01299630101015874 0 0.005689516324552191 0.13004660564399731 0 11.576091945698712 0.0046008184037374944 0 0 0 -0.0027808198540331119 0.30572974296493483 0.16453122843431917 0.0028994803491516844 -0.023097248103849746 -0.012259321248534861 -0.0051932611331925397 -0.28923046472186437 0.0021043941954614009 4.2947929317118438 -0.001254899654889985 -0.0078793443413953893 0.68846889833482816 0 0 -0.010381754287549394 0.00063257807284895502 0.16382264397154211 -0.078474164142670486 -0.0054795333193371938 -0.042751859687599716
leaf_weight=110 468 42 13.999999999999998 196 15.999999999999998 15.999999999999998 69 183 484 302 52 34 368 32 41 167 36 283 11.999999999999998 60 226 11.999999999999998 169 13.999999999999998 478 126 14.999999999999998 86 23 29
leaf_count=110 468 42 14 196 16 16 69 183 484 302 52 34 368 32 41 167 36 283 12 60 226 12 169 14 478 126 15 86 23 29
internal_value=0 -0.0102055 -0.0127522 -0.0107796 -0.0022299 -0.0173393 -0.011811 -0.0130618 -0.014771 -0.00238278 -0.00154628 -0.00187198 0.00027802 -0.00331162 -0.00382426 -0.00160678 -0.00664099 -0.000432479 -0.00487601 -0.00544712 -0.00418831 0.00276052 -0.00614606 -0.00776778 -0.00249784 -0.00353796 -0.00777202 -0.00521701 -0.00380872 -0.013346
internal_weight=0 2133 1613 1129 2030 484 933 736 553 2014 1574 1522 619 903 869 503 366 462 179 330 298 72 197 183 520 251 125 440 354 52
internal_count=4163 2133 1613 1129 2030 484 933 736 553 2014 1574 1522 619 903 869 503 366 462 179 330 298 72 197 183 520 251 125 440 354 52
cat_boundaries=0 1 2 3 5 6 7 8
cat_threshold=441428 16424 5 276831239 92160 4320 45060 1
is_linear=0
shrinkage=0.05


Tree=51
num_leaves=31
num_cat=7
split_feature=0 5 39 8 6 34 21 19 24 31 0 5 24 19 8 21 31 17 21 19 6 24 25 25 15 34 20 25 20 19
split_gain=25.7986 17.1588 5.80603 2.28284 1.98988 1.989 2.07711 2.33153 1.83718 3.01482 2.45302 2.98545 2.23449 1.91313 1.90284 1.75724 1.74419 1.8656 1.81675 2.49124 2.77447 1.80171 1.84212 1.71292 1.69131 1.6596 1.88804 1.5338 1.5696 2.72987
threshold=0 0.15000000000000005 5.5000000000000009 7.2500000000000009 1.5000000000000002 1 8.9111721548295861 0.62318286527802991 62.682912382566151 2 3 10.800000000000002 319.67319001508548 15.792174038067648 16.100000000000005 0.72816185662901323 4 1.7500000000000002 13.165416852387235 0.96325430977870641 0.95000000000000007 262.76036328750962 171.24285684102236 275.3488624745973 5 6 7.4870963566473545 247.16282390401327 4.3358405026060725 1.5680793110294375
decision_type=1 10 10 10 10 9 10 8 10 9 1 10 10 10 8 8 9 10 10 10 10 10 10 10 1 9 10 10 10 10
left_child=8 2 4 5 -2 15 7 -7 -1 12 11 13 25 27 16 -4 17 21 19 -18 -21 22 -12 -23 -17 26 -10 -11 29 -29
right_child=1 -3 3 -5 -6 6 -8 -9 9 10 14 -13 -14 -15 -16 24 18 -19 -20 20 -22 23 -24 -25 -26 -27 -28 28 -30 -31
leaf_value=-0.0071364553441960465 0 -0.0047401110617514069 0.12354427536179745 0 0.0043707774835506146 0 0 0 -0.024137666799970869 0.00054414747638853456 0.0013758830318383987 39.526142017048983 -0.027188562909213079 -0.042606975683110761 -0.26180127554200405 0 -0.043648412245332585 8.181027507627455 -0.018440163198547223 0.0005771474398390098 -0.074415570396779138 0.8282536776707361 -0.025089865238243282 -0.00095493501591814578 0 0.0038953277723663862 0.056623601975355348 -7.604767910045496e-05 -0.0016478397026724824 -0.042685878299371094
leaf_weight=438 468 520 13.999999999999998 196 15.999999999999998 69 183 484 74 365 41 21 20 60 57 169 29 17 81 148 29 11.000000000000002 39 14.999999999999998 13.999999999999998 405 49 22 86 23
leaf_count=438 468 520 14 196 16 69 183 484 74 365 41 21 20 60 57 169 29 17 81 148 29 11 39 15 14 405 49 22 86 23
internal_value=0 -0.0101589 -0.0127522 -0.0107796 -0.0173393 -0.011811 -0.0130618 -0.014771 -0.0022544 -0.00147571 -0.00303476 -0.000808579 0.00152207 -0.00152754 -0.0057074 -0.00614606 -0.00462907 0.000562008 -0.00663977 -0.00435941 -0.00211327 -0.00187882 -0.00559354 0.0094518 -0.00776778 0.00217618 -0.00281004 -0.000503575 -0.00513503 -0.0126513
internal_weight=0 2133 1613 1129 484 933 736 553 2030 1592 1044 577 548 556 467 197 410 123 287 206 177 106 80 26 183 528 123 496 131 45
internal_count=4163 2133 1613 1129 484 933 736 553 2030 1592 1044 577 548 556 467 197 410 123 287 206 177 106 80 26 183 528 123 496 131 45
cat_boundaries=0 1 2 4 5 7 8 9
cat_threshold=441428 16424 1042 354304 134224 2593 4096 1 96
is_linear=0
shrinkage=0.05


Tree=52
num_leaves=31
num_cat=7
split_feature=0 5 39 8 6 34 21 19 38 21 31 20 22 15 26 25 26 6 40 20 18 19 34 19 0 20 18 5 8 17
split_gain=26.3215 18.1199 5.80603 2.28284 1.98988 1.989 2.07711 2.33153 1.88473 1.75724 1.69353 2.09051 1.74633 1.69131 1.57723 2.07558 2.05283 1.47777 1.93921 1.85789 1.57831 2.34139 1.56672 1.4616 1.45055 1.8739 1.85264 1.56569 1.53227 1.70819
threshold=0 0.15000000000000005 5.5000000000000009 7.2500000000000009 1.5000000000000002 1 8.9111721548295861 0.62318286527802991 2 0.72816185662901323 3 13.538291268527022 -2.5499999999999994 4 64.909531791469206 43.194071223508089 72.184338945164214 7.7500000000000009 0.18898809523809526 1.2980032034669853 1.5000000000000002 0.8187520927609867 5 2.9385452961024483 6 11.699267796394713 11.500000000000002 20.700000000000006 16.700000000000006 2.0500000000000003
decision_type=1 10 10 10 10 9 10 8 1 8 9 10 2 1 8 10 8 10 2 10 10 10 9 10 1 10 10 10 10 10
left_child=8 2 4 5 -2 9 7 -7 10 -4 11 17 -13 -11 15 -3 -16 18 20 -19 22 -22 23 -1 27 26 -26 28 29 -18
right_child=1 14 3 -5 -6 6 -8 -9 -10 13 -12 12 -14 -15 16 -17 24 19 -20 -21 21 -23 -24 -25 25 -27 -28 -29 -30 -31
leaf_value=-0.020549245087452064 0 -0.024356674160564175 0.11736706159370758 0 0.0041522386093730823 0 0 0 -0.0069231819859748578 0 -0.0038445845112590861 -0.0039289641115916041 0.15946697552585098 0 -0.053765724106193735 0.0060294111273979656 -0.003796567954881036 0.44299238844052519 -0.062230344783687414 -0.31237819723666926 -0.033469494723346614 0.10565027548839311 0.00034698552239982307 -0.0015328315665799953 -0.00045923982302249479 -0.20897876054591685 -0.24315063350861058 69.689850247170924 -0.32767818541368054 1.1351600332073422
leaf_weight=32 468 23 13.999999999999998 196 15.999999999999998 69 183 484 442 169 869 9.9999999999999982 154 13.999999999999998 14.999999999999998 49 123 9.9999999999999982 44 38 11.999999999999998 149 201 69 114 21 56 9.9999999999999982 51 58
leaf_count=32 468 23 14 196 16 69 183 484 442 169 869 10 154 14 15 49 123 10 44 38 12 149 201 69 114 21 56 10 51 58
internal_value=0 -0.0100889 -0.0127522 -0.0107796 -0.0173393 -0.011811 -0.0130618 -0.014771 -0.00210738 -0.00614606 -0.00128249 0.000514086 0.00547279 -0.00776778 -0.00201748 0.00483092 -0.00312186 -0.00094518 -0.000147798 -0.00928793 0.000809149 0.00480025 -0.00132253 -0.00605653 -0.0024801 -0.00558451 -0.00410678 0.000198059 -0.0006453 0.00151557
internal_weight=0 2133 1613 1129 484 933 736 553 2030 197 1588 719 164 183 520 72 448 555 507 48 463 161 302 101 433 191 170 242 232 181
internal_count=4163 2133 1613 1129 484 933 736 553 2030 197 1588 719 164 183 520 72 448 555 507 48 463 161 302 101 433 191 170 242 232 181
cat_boundaries=0 1 2 3 5 6 7 8
cat_threshold=441428 16424 5 276829204 256000 1 4192 1065130
is_linear=0
shrinkage=0.05


Tree=53
num_leaves=31
num_cat=8
split_feature=0 5 39 8 6 34 21 19 22 21 15 22 25 24 31 10 24 22 26 39 18 8 24 31 7 39 6 24 34 14
split_gain=25.3214 17.4763 5.80603 2.28284 1.98988 1.989 2.07711 2.33153 1.84025 1.75724 1.69131 1.66821 2.02655 1.99749 1.93985 1.87852 1.87338 1.73626 1.65035 1.63792 1.77602 1.55274 1.47448 2.11583 2.03211 1.82899 1.75055 1.75671 1.99543 2.06268
threshold=0 0.15000000000000005 5.5000000000000009 7.2500000000000009 1.5000000000000002 1 8.9111721548295861 0.62318286527802991 -2.5499999999999994 0.72816185662901323 2 -1.6499999999999997 239.84110534423363 226.126945756477 3 4 229.77584736178463 0.35000000000000003 283.18809097709305 201.58333333333334 7.5000000000000009 1.9000000000000001 62.682912382566151 5 85.250000000000014 11.100000000000001 7.7500000000000009 319.67319001508548 6 7
decision_type=1 10 10 10 10 9 10 8 2 8 1 2 10 10 9 1 10 2 10 8 10 10 10 9 10 10 10 10 9 1
left_child=8 2 4 5 -2 9 7 -7 19 -4 -11 13 14 -3 17 -16 -17 -13 -14 20 21 -1 25 26 -25 -10 27 28 -24 -30
right_child=1 11 3 -5 -6 6 -8 -9 22 10 -12 12 18 -15 15 16 -18 -19 -20 -21 -22 -23 23 24 -26 -27 -28 -29 29 -31
leaf_value=-0.0020858465063726904 0 -0.014240285541832744 0.1114987085140222 0 0.0039446266789044506 0 0 0 -0.0060435652710039596 0 0 0.60676153158705137 0.12658427834902816 -0.16989045866082911 -0.03911884102042338 0.00024916268505279507 -0.17380110682721728 -0.026809529777379517 -0.005491197470656739 -0.040610338621886302 -0.15526992437801657 0.072791516125049333 0.09534324699185702 -0.0041101967857789306 57.019345792701372 -0.0067145460397527897 -0.12954809121680919 -0.02185546941646406 0.024014927376534302 -0.011890857443033155
leaf_weight=80 468 67 13.999999999999998 196 15.999999999999998 69 183 484 150 169 13.999999999999998 52 79 15.999999999999998 79 136 22 51 18 18 23 24 108 877 9.9999999999999982 220 36 23 290 171
leaf_count=80 468 67 14 196 16 69 183 484 150 169 14 52 79 16 79 136 22 51 18 18 23 24 108 877 10 220 36 23 290 171
internal_value=0 -0.0101355 -0.0127522 -0.0107796 -0.0173393 -0.011811 -0.0130618 -0.014771 -0.00230341 -0.00614606 -0.00776778 -0.00220963 -0.00097154 -0.00868784 -0.00279042 -0.00515256 -0.0022089 0.0028647 0.00538738 -0.00773462 -0.00568851 -0.00287219 -0.0018961 -0.00120426 -0.00275781 -0.00472398 0.00101809 0.00168791 0.002239 0.000689363
internal_weight=0 2133 1613 1129 484 933 736 553 2030 197 183 520 437 83 340 237 158 103 97 145 127 104 1885 1515 887 370 628 592 569 461
internal_count=4163 2133 1613 1129 484 933 736 553 2030 197 183 520 437 83 340 237 158 103 97 145 127 104 1885 1515 887 370 628 592 569 461
cat_boundaries=0 1 2 3 5 6 8 9 10
cat_threshold=441428 16424 1 804 4096 2 67114010 92160 6152 2
is_linear=0
shrinkage=0.05


Tree=54
num_leaves=31
num_cat=8
split_feature=0 5 39 8 6 34 21 19 31 0 21 26 15 39 31 34 32 20 19 28 21 23 18 7 8 24 20 19 3 20
split_gain=24.2791 15.0177 5.80603 2.28284 1.98988 1.989 2.07711 2.33153 1.82849 2.55435 1.75724 1.75284 1.69131 1.51077 1.73994 2.78911 2.59908 2.20469 3.10615 2.12088 2.05409 1.98324 1.9582 1.94734 1.92306 1.80886 1.73344 1.63398 1.71555 1.44272
threshold=0 0.15000000000000005 5.5000000000000009 7.2500000000000009 1.5000000000000002 1 8.9111721548295861 0.62318286527802991 2 3 0.72816185662901323 64.909531791469206 4 22.900000000000002 5 6 7 12.440156922665135 11.026712036613826 -43.622646499999995 6.8764308717136391 2.1500000000000008 3.5000000000000004 8.1000000000000014 1.0000000180025095e-35 70.019146890728351 7.2814794066164295 15.792174038067648 0.35000000000000003 5.4250142968370243
decision_type=1 10 10 10 10 9 10 8 9 1 8 8 1 10 9 9 9 10 10 2 10 2 10 10 10 10 10 10 10 8
left_child=13 2 4 5 -2 10 7 -7 -3 11 -4 -10 -12 27 15 -15 29 18 19 24 -21 -18 -23 -24 -16 -19 -22 28 -1 -17
right_child=1 8 3 -5 -6 6 -8 -9 9 -11 12 -13 -14 14 17 16 21 25 -20 20 26 22 23 -25 -26 -27 -28 -29 -30 -31
leaf_value=-0.0031698961385402849 0 0.004798818318678278 0.10592377308832111 0 0.0037473953449592258 0 0 0 0.25758091491477936 -0.024680161539300083 0 -0.01376958520012197 0 -0.0096189654689180955 0.13290127280432767 0.15914234148435291 0.31279206438460988 0.0046690689803460033 0.94219203540372831 -0.077353320753251839 0.49896353283509404 -0.026777113743707372 1.7359983746853538 -0.13925636155809543 -0.010195863531840876 -0.095446914158216337 -0.025607202293004949 0.0028087005743839821 -0.13237545682366375 0.58845766979628977
leaf_weight=913 468 130 13.999999999999998 196 15.999999999999998 69 183 484 23 152 169 215 13.999999999999998 248 74 54 9.9999999999999982 19 23 68 13.999999999999998 62 16.000000000000004 11.999999999999998 172 81 52 87 49 76
leaf_count=913 468 130 14 196 16 69 183 484 23 152 169 215 14 248 74 54 10 19 23 68 14 62 16 12 172 81 52 87 49 76
internal_value=0 -0.0103221 -0.0127522 -0.0107796 -0.0173393 -0.011811 -0.0130618 -0.014771 -0.00297819 -0.0046198 -0.00614606 -0.00120749 -0.00776778 -0.00264648 -0.00124815 0.000921282 0.0047827 -0.00326225 -0.00167307 -0.00275989 -0.00780959 -0.00135808 -0.00386954 0.00702988 0 -0.0099552 -0.00150489 -0.00397827 -0.00457167 0.00925596
internal_weight=0 2133 1613 1129 484 933 736 553 520 390 197 238 183 2030 981 478 230 503 403 380 134 100 90 28 246 100 66 1049 962 130
internal_count=4163 2133 1613 1129 484 933 736 553 520 390 197 238 183 2030 981 478 230 503 403 380 134 100 90 28 246 100 66 1049 962 130
cat_boundaries=0 1 2 4 5 6 8 9 10
cat_threshold=441428 16424 22 36864 1573027 1 3409 122880 5920 28
is_linear=0
shrinkage=0.05


Tree=55
num_leaves=31
num_cat=6
split_feature=0 5 39 8 31 6 34 21 19 21 15 0 22 7 24 5 24 40 18 26 4 39 24 0 20 23 39 20 8 25
split_gain=24.0904 14.1437 5.80603 2.28284 2.03067 1.98988 1.989 2.07711 2.33153 1.75724 1.69131 1.56616 1.48989 1.80787 1.42748 2.20447 2.55718 1.90486 2.1779 2.06806 1.48116 1.41748 1.66515 1.81952 2.18565 1.80536 1.55087 1.54226 1.56956 1.7473
threshold=0 0.15000000000000005 5.5000000000000009 7.2500000000000009 1 1.5000000000000002 2 8.9111721548295861 0.62318286527802991 0.72816185662901323 3 4 -1.8499999999999999 8.8500000000000032 237.15281353204756 0.25000000000000006 229.77584736178463 0.097619047619047633 12.500000000000002 202.26509030074772 1.1000000000000003 66.63333333333334 25.622817860162545 5 19.065208046536075 2.2500000000000004 59.45000000000001 2.3387276990075279 0.35000000000000003 84.752959626942399
decision_type=1 10 10 10 9 10 9 10 8 8 1 1 2 10 10 10 10 2 10 8 10 10 8 1 10 2 10 8 10 10
left_child=21 2 5 6 -3 -2 9 8 -8 -4 -11 12 13 -6 15 -14 17 18 -17 -20 -16 26 -23 24 25 -24 -1 -27 -29 -30
right_child=1 4 3 -5 11 -7 7 -9 -10 10 -12 -13 14 -15 20 16 -18 -19 19 -21 -22 22 23 -25 -26 27 -28 28 29 -31
leaf_value=-0.00326347433454961 0 0.0045588774027443433 0.10062758443390507 0 0.0054256538930939962 0.0035600255777112678 0 0 0 0 0 -0.023446153462335098 -0.02912141586466235 -0.35974463407164969 0.0057718770083408089 0.71525066607012922 -0.55219786632272283 -0.11718782208949552 2.0726493684212124 -0.99677483030184788 21.454292360799041 -0.064058271457327259 -0.035280605809020926 0.077132612633087044 0.68143902890043817 -0.11415329193528696 -0.045477392100889261 0.12263903258389489 -0.06127826961670671 0.29292654172434862
leaf_weight=1447 468 130 13.999999999999998 196 19 15.999999999999998 69 183 484 169 13.999999999999998 152 21 26 27 66 9.9999999999999982 14.999999999999998 21 19 13.999999999999998 13.999999999999998 81 302 14.999999999999998 19 45 36 38 33
leaf_count=1447 468 130 14 196 19 16 69 183 484 169 14 152 21 26 27 66 10 15 21 19 14 14 81 302 15 19 45 36 38 33
internal_value=0 -0.0103921 -0.0127522 -0.0107796 -0.0032664 -0.0173393 -0.011811 -0.0130618 -0.014771 -0.00614606 -0.00776778 -0.00499438 -0.00221373 -0.010451 -0.000387697 -0.00262381 -0.000190186 0.00185261 0.00422734 -0.00494438 0.00784077 -0.00274449 -0.000557155 -9.5338e-05 -0.0034416 -0.00494095 -0.00355121 -0.00118624 0.00116333 -0.00314906
internal_weight=0 2133 1613 1129 520 484 933 736 553 197 183 390 238 45 193 152 131 121 106 40 41 2030 538 524 222 207 1492 126 107 71
internal_count=4163 2133 1613 1129 520 484 933 736 553 197 183 390 238 45 193 152 131 121 106 40 41 2030 538 524 222 207 1492 126 107 71
cat_boundaries=0 1 3 4 5 6 7
cat_threshold=441428 22 36864 16424 1 1573027 266320
is_linear=0
shrinkage=0.05


Tree=56
num_leaves=31
num_cat=9
split_feature=0 5 39 8 6 34 21 19 31 8 21 15 23 39 34 0 18 19 22 40 21 23 21 6 8 34 31 31 21 8
split_gain=22.2894 15.9179 5.80603 2.28284 1.98988 1.989 2.07711 2.33153 1.89139 1.83116 1.75724 1.69131 1.61125 1.68387 1.52301 1.98083 2.06977 1.95006 1.75075 2.13394 1.54712 2.16171 1.54413 1.52118 2.20331 1.48884 2.63793 1.94496 1.91717 1.82029
threshold=0 0.15000000000000005 5.5000000000000009 7.2500000000000009 1.5000000000000002 1 8.9111721548295861 0.62318286527802991 2 1.7500000000000002 0.72816185662901323 3 2.4500000000000006 1264.1000000000001 4 5 23.500000000000004 1.6690298057285153 0.75000000000000011 0.051315789473684217 3.7291365243510897 2.2500000000000004 0.62544972843506341 8.8500000000000032 0.8500000000000002 6 7 8 15.578108340753374 13.350000000000003
decision_type=1 10 10 10 10 9 10 8 9 10 8 1 2 10 9 1 10 8 2 2 10 2 8 10 10 9 9 9 8 10
left_child=12 2 4 5 -2 10 7 -7 9 -3 -4 -12 13 -1 17 16 -16 -10 19 -19 22 -22 -17 24 -24 27 -27 -14 29 -29
right_child=1 8 3 -5 -6 6 -8 -9 14 -11 11 -13 25 -15 15 20 -18 18 -20 -21 21 -23 23 -25 -26 26 -28 28 -30 -31
leaf_value=-0.0046055066473376094 0 0.0073836078347228719 0.095596205212209823 0 0.0033820242988256812 0 0 0 0.59011331210969686 -0.0020048461921181372 0 0 -0.015142310639077694 3.3169083245837072 -0.054126574793511933 5.9365111306928888 0.12266138018165851 -0.050095569071264071 0.081058540767515161 0.013125271465434074 -0.23239929109619492 0.40131222936811484 -0.013280398806270988 -0.95630672816790041 0.0051543711984392898 -0.0076765635232017189 0.17261399800086699 0.0028389191088761256 -0.12174599476573765 5.8063773547769575
leaf_weight=1465 468 25 13.999999999999998 196 15.999999999999998 69 183 484 17 103 169 13.999999999999998 108 15.999999999999998 91 9.9999999999999982 12.999999999999998 58 42 13.999999999999998 18 70 11.999999999999998 15.999999999999998 31 111 146 132 39 12.999999999999998
leaf_count=1465 468 25 14 196 16 69 183 484 17 103 169 14 108 16 91 10 13 58 42 14 18 70 12 16 31 111 146 132 39 13
internal_value=0 -0.0102522 -0.0127522 -0.0107796 -0.0173393 -0.011811 -0.0130618 -0.014771 -0.00268998 0.00252799 -0.00614606 -0.00776778 -0.00289152 -0.0037632 -0.00434837 -0.00653896 -0.0117955 0.000176741 -0.00218436 -0.00690131 -0.00253807 0.00169587 -0.00827934 -0.0113541 -0.00632911 -0.000591501 0.00214993 -0.0029757 0.000257136 0.00292197
internal_weight=0 2133 1613 1129 484 933 736 553 520 128 197 183 2030 1481 392 261 104 131 114 72 157 88 69 59 43 549 257 292 184 145
internal_count=4163 2133 1613 1129 484 933 736 553 520 128 197 183 2030 1481 392 261 104 131 114 72 157 88 69 59 43 549 257 292 184 145
cat_boundaries=0 1 2 4 5 6 7 8 10 12
cat_threshold=441428 16424 22 12288 1 5152 590600 11056 390 114688 57 139264
is_linear=0
shrinkage=0.05


Tree=57
num_leaves=31
num_cat=8
split_feature=0 5 39 8 26 6 34 21 19 35 21 15 32 34 21 24 24 23 31 3 6 18 11 8 4 8 8 17 0 8
split_gain=22.8421 14.1437 5.80603 2.28284 2.06475 1.98988 1.989 2.07711 2.33153 1.91547 1.75724 1.69131 1.44023 3.13103 2.88518 2.3596 2.06735 1.90675 1.811 2.19278 1.81945 2.34498 2.47415 1.8088 1.76575 1.64763 2.59152 1.74888 1.62738 2.74718
threshold=0 0.15000000000000005 5.5000000000000009 7.2500000000000009 283.18809097709305 1.5000000000000002 1 8.9111721548295861 0.62318286527802991 1.0000000180025095e-35 0.72816185662901323 2 3 4 12.963421617611738 39.396473274580494 70.019146890728351 2.5500000000000003 5 3.3000000000000003 1.5000000000000002 4.5000000000000009 6 0.15000000000000005 3.3000000000000003 33.70000000000001 46.70000000000001 0.65000000000000002 7 9.8500000000000032
decision_type=1 10 10 10 10 10 9 10 8 2 8 1 9 9 8 8 10 2 9 10 10 10 1 10 10 10 10 10 1 10
left_child=12 2 5 6 9 -2 10 8 -8 -3 -4 -12 13 15 -15 -1 -17 23 20 25 21 -14 -23 -18 -16 27 -27 -20 -29 -30
right_child=1 4 3 -5 -6 -7 7 -9 -10 -11 11 -13 18 14 24 16 17 -19 19 -21 -22 22 -24 -25 -26 26 -28 28 29 -31
leaf_value=-0.063023855006218363 0 -0.0049502879776570866 0.090816394951599308 0 -0.024022382447561077 0.0032129230838843894 0 0 0 -0.03098402569829313 0 0 -0.00010162344774962141 0.0011754831647594168 -0.043003950197648334 1.3259676328837351 -0.0097669642724891766 0.53806471422552848 -0.003485183105431844 34.022411088887331 -0.095630949462058107 -0.02028285175853313 2.4856846042919116 0.024850419766550048 38.258596807766018 1.0380138141895496 -0.16963126070461679 -0.0052869459519270913 -0.011974414926041633 -0.18480788703340703
leaf_weight=9.9999999999999982 468 400 13.999999999999998 196 29 15.999999999999998 69 183 484 91 169 13.999999999999998 262 163 105 35 41 53 827 17 77 12 20 76 9.9999999999999982 14.999999999999998 19 115 103 70
leaf_count=10 468 400 14 196 29 16 69 183 484 91 169 14 262 163 105 35 41 53 827 17 77 12 20 76 10 15 19 115 103 70
internal_value=0 -0.0103921 -0.0127522 -0.0107796 -0.0032664 -0.0173393 -0.011811 -0.0130618 -0.014771 -0.00249262 -0.00614606 -0.00776778 -0.00294053 -0.000546231 -0.00398683 0.00388113 0.00523242 0.00293341 -0.00369963 -0.00467508 -0.000589855 0.00118866 0.0138675 -0.00063857 -0.0101776 -0.00498064 0.00580552 -0.00531176 -0.00866701 -0.0115835
internal_weight=0 2133 1613 1129 520 484 933 736 553 491 197 183 2030 493 278 215 205 170 1537 1166 371 294 32 117 115 1149 34 1115 288 173
internal_count=4163 2133 1613 1129 520 484 933 736 553 491 197 183 2030 493 278 215 205 170 1537 1166 371 294 32 117 115 1149 34 1115 288 173
cat_boundaries=0 1 2 3 4 5 7 8 9
cat_threshold=441428 16424 1 24 2264 276825125 16384 2 140352
is_linear=0
shrinkage=0.05


Tree=58
num_leaves=31
num_cat=5
split_feature=0 5 39 8 31 26 6 40 8 34 21 19 15 25 19 11 24 25 39 23 40 25 22 39 26 8 12 3 40 40
split_gain=22.4022 15.1132 5.7274 2.32429 2.09546 2.19878 1.98988 1.96714 1.83116 1.76615 2.07711 2.33153 1.66745 1.55329 1.48947 1.74614 1.89773 1.44991 1.55171 1.86127 1.84367 1.45135 1.41571 2.02136 1.76763 1.53161 1.35461 1.73504 1.34543 2.72638
threshold=0 0.15000000000000005 5.5000000000000009 7.2500000000000009 1 283.18809097709305 1.5000000000000002 0.042572463768115944 1.7500000000000002 2 8.9111721548295861 0.62318286527802991 3 239.84110534423363 5.1519540203018588 4 237.95182236873546 86.472083639228757 16.500000000000004 2.4500000000000006 0.081666666666666679 50.662073486707094 -2.5499999999999994 7.2500000000000009 68.995382744286147 8.7000000000000011 4.5000000000000009 1.0000000180025095e-35 0.12310606060606062 0.15894736842105264
decision_type=1 10 10 10 9 10 10 2 10 9 10 8 1 8 8 1 10 10 10 2 2 10 2 8 8 10 2 10 2 2
left_child=22 2 6 9 8 7 -2 13 -3 12 11 -11 17 -6 -9 -16 26 21 19 -19 -20 -4 23 24 -1 -25 27 -17 -5 -30
right_child=1 4 3 28 5 -7 -8 14 -10 10 -12 -13 -14 -15 15 16 -18 18 20 -21 -22 -23 -24 25 -26 -27 -28 -29 29 -31
leaf_value=-0.0051818601186132355 0 0.007261941841869568 0 0 -0.029733264988399989 -0.07000950094119289 0.003052276929690212 1.1628772834430057 -0.0016570894836295481 0 0 0 0 -0.0011687860765097647 -0.38357444870785146 0.33091336819036488 0.83414014838780126 0 0 0.25 0.13683949120690167 0 -0.0035564327161342838 -0.0039667891040932714 0.0027060282059256924 -0.25197581619242915 -0.27950784880245755 -0.05837951215291657 4.9532627475354509 -0.072020996322807632
leaf_weight=9.9999999999999982 468 25 90 171 179 22 15.999999999999998 30 103 69 183 484 17 100 11 12.000000000000002 13.999999999999998 13.000000000000002 19 18 13.999999999999998 26 1885 88 24 23 12.999999999999998 10.999999999999998 13.000000000000002 11.999999999999998
leaf_count=10 468 25 90 171 179 22 16 30 103 69 183 484 17 100 11 12 14 13 19 18 14 26 1885 88 24 23 13 11 13 12
internal_value=0 -0.0103455 -0.0127832 -0.0108239 -0.00297819 -0.00472108 -0.0173393 -0.00391416 0.00252799 -0.0118646 -0.0130618 -0.014771 -0.00638708 -0.00599392 0.00246036 -0.00203417 0.00198216 -0.00526462 0.000775795 0.00874404 -0.00672646 -0.00858738 -0.00296503 -0.00773462 0.00290276 -0.0109915 -0.00411523 0.00319829 -0.00585391 0.00491159
internal_weight=0 2133 1613 1129 520 392 484 370 128 933 736 553 197 279 91 61 50 180 64 31 33 116 2030 145 34 111 36 23 196 25
internal_count=4163 2133 1613 1129 520 392 484 370 128 933 736 553 197 279 91 61 50 180 64 31 33 116 2030 145 34 111 36 23 196 25
cat_boundaries=0 1 3 4 5 6
cat_threshold=441428 22 12288 16424 1 1
is_linear=0
shrinkage=0.05


Tree=59
num_leaves=31
num_cat=5
split_feature=0 5 39 8 6 31 25 34 21 19 15 25 39 23 40 25 24 0 26 35 19 40 40 8 7 5 4 19 19 20
split_gain=24.8662 13.9499 5.7274 2.32429 1.98988 1.94324 2.21138 1.76615 2.07711 2.33153 1.66745 1.44991 1.55171 1.86127 1.84367 1.45135 1.36794 1.46384 1.75461 1.81775 1.53463 1.34543 2.72638 1.32468 1.3165 1.31555 1.57619 1.65442 1.27424 1.48623
threshold=0 0.15000000000000005 5.5000000000000009 7.2500000000000009 1.5000000000000002 1 32.930716318991934 2 8.9111721548295861 0.62318286527802991 3 86.472083639228757 16.500000000000004 2.4500000000000006 0.081666666666666679 50.662073486707094 326.54578654943765 4 109.90413013713017 1.0000000180025095e-35 21.388696812954439 0.12310606060606062 0.15894736842105264 171.70000000000002 85.250000000000014 12.200000000000001 0.35000000000000003 1.4715307121469079 9.7838651880988525 1.2170448679926424
decision_type=1 10 10 10 10 9 8 9 10 8 1 10 10 2 2 10 10 1 8 2 10 2 2 8 10 10 10 8 10 8
left_child=23 2 4 7 -2 -3 -7 10 9 -9 11 15 13 -13 -14 -4 17 18 -8 -20 25 28 -23 24 -1 26 -19 -28 29 -5
right_child=1 5 3 21 -6 6 16 8 -10 -11 -12 12 14 -15 -16 -17 -18 20 19 -21 -22 22 -24 -25 -26 -27 27 -29 -30 -31
leaf_value=-0.0034445408140707291 0 0.0064587194472108152 0 0.1816737039276545 0.002899663083205706 -0.035801150178665385 2.2410731412931648 0 0 0 0 0 0 0.23750000000000002 0.12999751664655659 0 0.64802821225930296 -0.022804158874677682 0.0022496046538235115 -0.097907008329709111 38.997169838380231 4.7055996101586786 -0.068419946506667259 -0.25298819207612155 9.567342831594539 -0.9987532588957948 -0.036154324667092473 0.00057024134609799941 0.306417287994591 0
leaf_weight=2006 468 110 90 23 15.999999999999998 13.999999999999998 15.999999999999998 69 183 484 17 13.000000000000002 19 18 13.999999999999998 26 11.999999999999998 129 82 24 10.999999999999998 13.000000000000002 11.999999999999998 10.999999999999998 12.999999999999998 25 10.999999999999998 86 9.9999999999999982 138
leaf_count=2006 468 110 90 23 16 14 16 69 183 484 17 13 19 18 14 26 12 129 82 24 11 13 12 11 13 25 11 86 10 138
internal_value=0 -0.0104388 -0.0127832 -0.0108239 -0.0173393 -0.00336247 -0.00487573 -0.0118646 -0.0130618 -0.014771 -0.00638708 -0.00526462 0.000775795 0.00874404 -0.00672646 -0.00858738 -0.00428806 -0.00481207 0 -0.00234852 -0.00679024 -0.00585391 0.00491159 -0.00267098 -0.00258734 -0.00785444 -0.00662398 -0.00179579 -0.00743657 -0.00851657
internal_weight=0 2133 1613 1129 484 520 410 933 736 553 197 180 64 31 33 116 396 384 122 106 262 196 25 2030 2019 251 226 97 171 161
internal_count=4163 2133 1613 1129 484 520 410 933 736 553 197 180 64 31 33 116 396 384 122 106 262 196 25 2030 2019 251 226 97 171 161
cat_boundaries=0 1 3 4 5 6
cat_threshold=441428 150 4096 16424 1 1048706
is_linear=0
shrinkage=0.05


Tree=60
num_leaves=31
num_cat=5
split_feature=0 5 39 8 31 25 8 26 6 34 21 19 15 19 21 23 39 35 19 39 39 21 14 25 39 23 40 25 40 40
split_gain=25.5225 14.2363 5.7274 2.32429 2.12109 2.19079 2.06643 1.99197 1.98988 1.76615 2.07711 2.33153 1.66745 1.66692 1.6682 1.48139 2.20147 1.93366 1.76975 1.5702 2.7023 1.79686 1.50268 1.44991 1.55171 1.86127 1.84367 1.45135 1.34543 2.72638
threshold=0 0.15000000000000005 5.5000000000000009 7.2500000000000009 1 32.930716318991934 1.7500000000000002 283.18809097709305 1.5000000000000002 2 8.9111721548295861 0.62318286527802991 3 22.189770010537767 20.064228210530622 2.2500000000000004 33.900000000000006 1.0000000180025095e-35 11.398019706687961 28.550000000000004 104.10000000000001 2.531010228014861 4 86.472083639228757 16.500000000000004 2.4500000000000006 0.081666666666666679 50.662073486707094 0.12310606060606062 0.15894736842105264
decision_type=1 10 10 10 9 8 10 10 10 9 10 8 1 10 10 2 10 2 8 8 10 10 1 10 10 2 2 10 2 2
left_child=-1 2 8 9 6 -6 -3 13 -2 12 11 -11 23 14 15 16 -7 18 19 21 -21 -17 -23 27 25 -25 -26 -4 -5 -30
right_child=1 4 3 28 5 7 -8 -9 -10 10 -12 -13 -14 -15 -16 17 -18 -19 -20 20 -22 22 -24 24 26 -27 -28 -29 29 -31
leaf_value=-0.003343056855573923 0 0.0090256039190248494 0 0 -0.034011092669732124 -0.07536519784455567 -0.0044711637296863454 -0.051933282799490103 0.0027546799290454338 0 0 0 0 37.047311346461214 -0.21501224231694988 -0.053625624345553048 0.5288749928883103 -0.025196578877269272 0.033286274774110107 -0.37457179196637402 0.69608068350477792 1.0002725139004185 -0.01834857797610694 0 0 0.22562500000000002 0.12349764081422876 0 4.4703196296507448 -0.064998949181333893
leaf_weight=2030 468 23 90 171 13.999999999999998 55 100 20 15.999999999999998 69 183 484 17 10.999999999999998 13.999999999999998 11.999999999999998 25 75 53 24 13.999999999999998 58 22 13.000000000000002 19 18 13.999999999999998 26 13.000000000000002 11.999999999999998
leaf_count=2030 468 23 90 171 14 55 100 20 16 69 183 484 17 11 14 12 25 75 53 24 14 58 22 13 19 18 14 26 13 12
internal_value=0 -0.0104155 -0.0127832 -0.0108239 -0.0032664 -0.00496993 0.00243537 -0.00436824 -0.0173393 -0.0118646 -0.0130618 -0.014771 -0.00638708 -0.00350805 -0.00411406 -0.00339784 -0.00932256 -0.00154769 0.00122649 -0.00191644 -0.0104031 0.0016225 0.00435053 -0.00526462 0.000775795 0.00874404 -0.00672646 -0.00858738 -0.00585391 0.00491159
internal_weight=0 2133 1613 1129 520 397 123 383 484 933 736 553 197 363 352 338 80 258 183 130 38 92 80 180 64 31 33 116 196 25
internal_count=4163 2133 1613 1129 520 397 123 383 484 933 736 553 197 363 352 338 80 258 183 130 38 92 80 180 64 31 33 116 196 25
cat_boundaries=0 1 3 4 5 6
cat_threshold=441428 148 12288 16424 1 2
is_linear=0
shrinkage=0.05


Tree=61
num_leaves=31
num_cat=10
split_feature=0 5 39 31 25 8 6 34 21 19 15 25 39 23 40 25 37 10 39 39 8 8 7 7 10 39 5 38 11 31
split_gain=26.9843 14.0418 5.64929 2.24858 2.1832 2.12969 1.98988 1.76615 2.07711 2.33153 1.66745 1.44991 1.55171 1.86127 1.84367 1.45135 1.42465 1.84629 1.4054 1.51121 1.37153 1.36092 1.26705 1.35014 2.87179 2.71158 1.65421 1.62927 2.09495 1.60918
threshold=0 0.15000000000000005 5.5000000000000009 1 32.930716318991934 7.2500000000000009 1.5000000000000002 2 8.9111721548295861 0.62318286527802991 3 86.472083639228757 16.500000000000004 2.4500000000000006 0.081666666666666679 50.662073486707094 4 5 34.70000000000001 18.266666666666669 171.70000000000002 1.9000000000000001 85.250000000000014 2.9500000000000006 6 10.100000000000001 21.650000000000002 7 8 9
decision_type=1 10 10 9 8 10 10 9 10 8 1 10 10 2 2 10 1 1 8 10 8 10 10 10 1 8 10 1 1 9
left_child=20 2 6 21 -5 7 -2 10 9 -9 11 15 13 -13 -14 -4 -6 -18 19 -19 22 -3 23 27 25 -25 29 28 -1 -26
right_child=1 3 5 4 16 -7 -8 8 -10 -11 -12 12 14 -15 -16 -17 17 18 -20 -21 -22 -23 -24 24 26 -27 -28 -29 -30 -31
leaf_value=-0.019536727621932794 0 0.013716995845674252 0 -0.032310538036245527 -0.0034601521775298183 0 0.0026169459325931844 0 0 0 0 0 0 0.21434375000000003 0.11732275877351733 0 0.54836058041829239 -0.019831278211964645 -0.23798226916163784 0.19270394718578343 -0.24017162962953675 0.0016247741336367306 9.0891428428575907 -0.069700706350255451 -0.0098390119437275388 1.1415596482920256 13.836071089011211 -0.00090541751444175313 -0.0026009894877733423 -0.060622037308541633
leaf_weight=68 468 23 90 13.999999999999998 164 196 15.999999999999998 69 183 484 17 13.000000000000002 19 18 13.999999999999998 26 18 132 53 29 10.999999999999998 87 12.999999999999998 9.9999999999999982 122 31 11.999999999999998 1334 135 294
leaf_count=68 468 23 90 14 164 196 16 69 183 484 17 13 19 18 14 26 18 132 53 29 11 87 13 10 122 31 12 1334 135 294
internal_value=0 -0.0104621 -0.0128142 -0.00336247 -0.00499465 -0.0108681 -0.0173393 -0.0118646 -0.0130618 -0.014771 -0.00638708 -0.00526462 0.000775795 0.00874404 -0.00672646 -0.00858738 -0.00441418 -0.00680553 -0.00839356 -0.00603902 -0.00237693 0.00290577 -0.00229023 -0.00239228 -0.00473959 0.00784077 -0.00595169 -0.00167485 -0.00573905 -0.00648337
internal_weight=0 2133 1613 520 410 1129 484 933 736 553 197 180 64 31 33 116 396 232 214 161 2030 110 2019 2006 469 41 428 1537 203 416
internal_count=4163 2133 1613 520 410 1129 484 933 736 553 197 180 64 31 33 116 396 232 214 161 2030 110 2019 2006 469 41 428 1537 203 416
cat_boundaries=0 1 3 4 5 6 7 8 9 10 12
cat_threshold=441428 150 4096 16424 1 12 4 4 2 2 134 45056
is_linear=0
shrinkage=0.05


Tree=62
num_leaves=31
num_cat=5
split_feature=0 5 39 31 18 25 8 6 26 34 21 19 25 15 34 24 5 25 39 23 40 25 8 27 8 26 19 27 40 7
split_gain=27.3614 15.2089 5.64929 2.13286 2.46435 2.28997 2.12969 1.98988 1.88715 1.76615 2.07711 2.33153 1.76521 1.66745 1.56331 1.49545 1.67367 1.44991 1.55171 1.86127 1.84367 1.45135 1.42122 1.68813 1.39525 1.3726 1.9335 1.26552 1.24472 1.24267
threshold=0 0.15000000000000005 5.5000000000000009 1 4.5000000000000009 32.930716318991934 7.2500000000000009 1.5000000000000002 58.039408454431317 2 8.9111721548295861 0.62318286527802991 197.85877989775781 3 4 222.81585457968072 0.35000000000000003 86.472083639228757 16.500000000000004 2.4500000000000006 0.081666666666666679 50.662073486707094 16.300000000000001 186.50000000000003 171.70000000000002 177.05973845723284 4.9806189717544198 320.50000000000006 0.031754032258064523 85.250000000000014
decision_type=1 10 10 9 10 8 10 10 8 9 10 8 8 1 9 8 10 10 10 2 2 10 10 2 8 10 10 2 2 10
left_child=24 2 7 4 -3 -5 9 -2 -7 13 11 27 25 17 15 -14 -17 21 19 -19 -20 -4 23 -6 29 26 28 -11 -10 -1
right_child=1 3 6 5 22 8 -8 -9 12 10 -12 -13 14 -15 -16 16 -18 18 20 -21 -22 -23 -24 -25 -26 -27 -28 -29 -30 -31
leaf_value=-0.0029406129781134106 0 0.011298516843531205 0 -0.03069501113443325 0.55208588025293837 0.48362631273567658 0 0.0024860986359634962 -0.01839239204830272 0 0 0 0.0027544083618451067 0 0.0021166579986670263 0.0086516276182000418 -0.10598293346867367 0 0 0.2036265625 0.11145662083484148 0 1.9566962489763355 -0.16798634559379835 -0.22816304814805993 -0.13235477435059881 -0.11523092158907944 0.18430329416082378 2.2413097957583603 8.6346857007147104
leaf_weight=2006 468 34 90 13.999999999999998 25 34 196 15.999999999999998 31 53 183 484 29 17 150 14.999999999999998 81 13.000000000000002 19 18 13.999999999999998 26 12.999999999999998 35 10.999999999999998 21 28 15.999999999999998 9.9999999999999982 12.999999999999998
leaf_count=2006 468 34 90 14 25 34 196 16 31 53 183 484 29 17 150 15 81 13 19 18 14 26 13 35 11 21 28 16 10 13
internal_value=0 -0.0103688 -0.0128142 -0.00297819 0.00319285 -0.00454599 -0.0108681 -0.0173393 -0.00394292 -0.0118646 -0.0130618 -0.014771 -0.00499384 -0.00638708 -0.0029951 -0.00682909 -0.0103681 -0.00526462 0.000775795 0.00874404 -0.00672646 -0.00858738 -0.00170184 -0.00496278 -0.0022299 -0.0110558 -0.0075594 -0.00611951 -0.000603136 -0.00214167
internal_weight=0 2133 1613 520 107 413 1129 484 399 933 736 553 365 197 275 125 96 180 64 31 33 116 73 60 2030 90 69 69 41 2019
internal_count=4163 2133 1613 520 107 413 1129 484 399 933 736 553 365 197 275 125 96 180 64 31 33 116 73 60 2030 90 69 69 41 2019
cat_boundaries=0 1 3 4 5 6
cat_threshold=441428 150 8192 16424 1 3648
is_linear=0
shrinkage=0.05


Tree=63
num_leaves=31
num_cat=8
split_feature=0 5 39 8 6 31 8 34 21 19 15 26 25 4 18 0 25 39 23 40 25 8 39 26 31 18 31 0 21 20
split_gain=27.5613 16.1147 5.64929 2.12969 1.98988 1.81396 1.95794 1.76615 2.07711 2.33153 1.66745 1.47893 1.64987 2.09931 1.89588 1.62489 1.44991 1.55171 1.86127 1.84367 1.45135 1.41116 1.38427 1.74907 3.57213 2.42467 1.60482 2.50399 2.15833 2.13577
threshold=0 0.15000000000000005 5.5000000000000009 7.2500000000000009 1.5000000000000002 1 1.9000000000000001 2 8.9111721548295861 0.62318286527802991 3 283.18809097709305 237.80481051428714 1.4500000000000002 5.5000000000000009 4 86.472083639228757 16.500000000000004 2.4500000000000006 0.081666666666666679 50.662073486707094 171.70000000000002 6.4583333333333348 269.20805810070078 5 7.5000000000000009 6 7 17.75132867145911 1.5828398934503756
decision_type=1 10 10 10 10 9 10 9 10 8 1 10 10 10 10 1 10 10 2 2 10 8 8 8 9 10 9 1 10 10
left_child=21 2 4 7 -2 6 -3 10 9 -9 16 12 15 14 -14 -7 20 18 -18 -19 -4 22 -1 26 -25 -26 -24 -28 29 -29
right_child=1 5 3 -5 -6 11 -8 8 -10 -11 -12 -13 13 -15 -16 -17 17 19 -20 -21 -22 -23 23 24 25 -27 27 28 -30 -31
leaf_value=0.00023599420368696224 0 0.012466220211213975 0 0 0.0023617937041653381 -0.00067732644717994901 -0.0012489629725604525 0 0 0 0 -0.031518121569740341 0.015655533126898713 24.471882910535783 -0.15489928774081529 -0.033170384488191117 0 0 0.193445234375 0.10588378979309938 0 -0.21675489574065693 0.0016263151018125477 0.0045358071972057433 -0.0075161930312888543 -0.1297826544853655 -0.0011658293994613711 -0.023983652383674815 -0.062928562574117872 -0.0060806006822080151
leaf_weight=334 468 23 90 196 15.999999999999998 122 87 69 183 484 17 27 28 13.999999999999998 18 201 13.000000000000002 19 18 13.999999999999998 26 10.999999999999998 508 102 251 52 434 17 64 257
leaf_count=334 468 23 90 196 16 122 87 69 183 484 17 27 28 14 18 201 13 19 18 14 26 11 508 102 251 52 434 17 64 257
internal_value=0 -0.0102988 -0.0128142 -0.0108681 -0.0173393 -0.00268998 0.00290577 -0.0118646 -0.0130618 -0.014771 -0.00638708 -0.00416221 -0.00345547 0.00413565 -0.00107643 -0.00486938 -0.00526462 0.000775795 0.00874404 -0.00672646 -0.00858738 -0.00213188 -0.00204264 -0.00262541 -0.00548773 -0.00805551 -0.00171815 -0.00313119 -0.00631367 -0.00455456
internal_weight=0 2133 1613 1129 484 520 110 933 736 553 197 410 383 60 46 323 180 64 31 33 116 2030 2019 1685 405 303 1280 772 338 274
internal_count=4163 2133 1613 1129 484 520 110 933 736 553 197 410 383 60 46 323 180 64 31 33 116 2030 2019 1685 405 303 1280 772 338 274
cat_boundaries=0 1 3 4 5 6 8 10 11
cat_threshold=441428 150 4096 16424 1 1048706 284 2048 8389777 122880 166976
is_linear=0
shrinkage=0.05


Tree=64
num_leaves=31
num_cat=4
split_feature=0 5 39 8 17 39 26 6 34 21 19 19 15 20 34 6 5 12 40 39 22 25 39 23 40 25 5 39 27 39
split_gain=29.6312 16.4224 5.64929 2.12969 2.0658 2.82228 2.17682 1.98988 1.76615 2.07711 2.33153 1.6949 1.66745 1.63137 1.67019 1.49284 2.27042 2.09723 1.78354 1.66076 1.73122 1.44991 1.55171 1.86127 1.84367 1.45135 1.43873 1.49362 1.26552 1.24156
threshold=0 0.15000000000000005 5.5000000000000009 7.2500000000000009 0.45000000000000007 38.350000000000009 292.74221417156792 1.5000000000000002 1 8.9111721548295861 0.62318286527802991 22.189770010537767 2 11.348494156375295 3 3.0500000000000003 9.5000000000000018 6.5000000000000009 0.18465909090909094 156.10000000000002 -0.14999999999999999 86.472083639228757 16.500000000000004 2.4500000000000006 0.081666666666666679 50.662073486707094 4.1000000000000005 23.100000000000005 320.50000000000006 292.00000000000006
decision_type=1 10 10 10 10 10 10 10 9 10 8 10 1 10 9 8 10 2 2 10 2 10 10 2 2 10 10 10 2 8
left_child=15 2 7 8 5 -3 11 -2 12 10 28 13 21 14 26 -1 19 18 -18 -17 -21 25 23 -23 -24 -4 -6 -28 -10 -16
right_child=1 4 3 -5 6 -7 -8 -9 9 -11 -12 -13 -14 -15 29 16 17 -19 -20 20 -22 22 24 -25 -26 -27 27 -29 -30 -31
leaf_value=-0.0016638479754617743 0 0.0029622974296028559 0 0 -0.028583908217449008 -0.055899406010897448 -0.037379580639833952 0.0022437040189571046 0 0 0 33.976823787893672 0 -0.17637414678012445 0.005990852847477357 -0.13232231117233084 -3.8830869025684827 31.658762478017042 14.004653731453232 15.063955794317938 -0.31498648764418946 0 0 0.18377297265625001 0.10058960030344442 0 -0.48385858873956455 -0.59546840755810193 0.1750881294527826 -0.10547485986747196
leaf_weight=1761 468 110 90 196 67 17 12.999999999999998 15.999999999999998 53 183 484 10.999999999999998 17 55 194 167 35 24 9.9999999999999982 14.999999999999998 18 13.000000000000002 19 18 13.999999999999998 26 26 9.9999999999999982 15.999999999999998 17
leaf_count=1761 468 110 90 196 67 17 13 16 53 183 484 11 17 55 194 167 35 24 10 15 18 13 19 18 14 26 26 10 16 17
internal_value=0 -0.0102755 -0.0128142 -0.0108681 -0.00259391 0.00294233 -0.00438429 -0.0173393 -0.0118646 -0.0130618 -0.014771 -0.00367985 -0.00638708 -0.00426309 -0.00286214 -0.00181333 -0.00528855 0.0025198 -0.00385039 -0.00798204 0.00224215 -0.00526462 0.000775795 0.00874404 -0.00672646 -0.00858738 -0.00771265 -0.0164609 -0.00611951 -0.000112892
internal_weight=0 2133 1613 1129 520 127 393 484 933 736 553 380 197 369 314 2030 269 69 45 200 33 180 64 31 33 116 103 36 69 211
internal_count=4163 2133 1613 1129 520 127 393 484 933 736 553 380 197 369 314 2030 269 69 45 200 33 180 64 31 33 116 103 36 69 211
cat_boundaries=0 1 2 3 4
cat_threshold=441428 16424 1 2624
is_linear=0
shrinkage=0.05


Tree=65
num_leaves=31
num_cat=4
split_feature=0 5 39 7 8 6 19 39 19 20 4 5 19 8 5 34 21 19 15 8 22 22 27 39 24 31 29 24 24 7
split_gain=30.9093 18.1091 5.57171 2.3895 2.16974 1.98988 1.82497 1.78057 1.73437 2.03724 1.61218 2.13386 1.88639 2.06111 1.83307 1.5508 2.07711 2.33153 1.61009 1.50846 1.47012 1.3146 1.26552 1.23577 1.63211 2.28785 2.22252 2.15125 1.92367 1.73059
threshold=0 0.15000000000000005 5.5000000000000009 2.1000000000000005 7.2500000000000009 1.5000000000000002 22.189770010537767 41.500000000000007 1.4078533585361148 2.3582517190277135 26.500000000000004 13.300000000000002 4.7267065578412213 34.600000000000009 2.1000000000000005 1 8.9111721548295861 0.62318286527802991 2 171.70000000000002 0.65000000000000002 5.9500000000000011 320.50000000000006 6.4583333333333348 62.272503305767977 3 172.72894450000004 190.35137198818427 65.924158475371613 4.1500000000000012
decision_type=1 10 10 10 10 10 10 10 8 10 10 10 10 10 10 9 10 8 1 8 2 2 2 8 8 9 2 10 10 10
left_child=19 2 5 7 15 -2 10 8 9 -3 11 12 13 -5 -14 18 17 22 -4 21 -9 23 -17 24 -1 26 -26 -28 -27 -30
right_child=1 3 4 6 -6 -7 -8 20 -10 -11 -12 -13 14 -15 -16 16 -18 -19 -20 -21 -22 -23 -24 -25 25 28 27 -29 29 -31
leaf_value=-0.0087709499075561588 0 0.25589390249437538 0 -0.036477061577994484 0 0.0021315188180092148 32.277982598498987 0.0016084554766124361 0.0033778956326957045 -0.015415341060827582 118.09784176476033 -1.4788740121227906 -0.12124136378830158 9.7327033572673329 -0.089572309762415286 0 0 0 0 -0.19930103539500754 -0.11076482452018527 -0.10300909894038518 0.16633372298014348 -0.0032173581161325962 -0.0057662052710423239 0.0050175436905223417 0.084815996242432773 -0.013837149820972906 0.0035691344726351826 -0.085656370434669171
leaf_weight=69 468 13.000000000000002 180 163 196 15.999999999999998 10.999999999999998 11.000000000000002 117 9.9999999999999982 9.9999999999999982 34 58 10.999999999999998 72 53 183 484 17 10.999999999999998 9.9999999999999982 9.9999999999999982 15.999999999999998 1676 64 35 21 28 101 14.999999999999998
leaf_count=69 468 13 180 163 196 16 11 11 117 10 10 34 58 11 72 53 183 484 17 11 10 10 16 1676 64 35 21 28 101 15
internal_value=0 -0.0101822 -0.0128451 -0.00211356 -0.0109124 -0.0173393 -0.00438169 0.00294209 0.00498398 -0.00746269 -0.00502224 -0.00561383 -0.00427 -0.000859845 -0.00881564 -0.0119182 -0.0130618 -0.014771 -0.0066281 -0.00154378 -0.0104895 -0.00144841 -0.00611951 -0.00135609 0.0014245 0.00321422 -0.00222762 0.00556117 0.0069681 0.00429369
internal_weight=0 2133 1613 520 1129 484 359 161 140 23 348 338 304 174 130 933 736 553 197 2030 21 2019 69 2009 333 264 113 49 151 116
internal_count=4163 2133 1613 520 1129 484 359 161 140 23 348 338 304 174 130 933 736 553 197 2030 21 2019 69 2009 333 264 113 49 151 116
cat_boundaries=0 1 2 3 5
cat_threshold=441428 16424 1 112 45056
is_linear=0
shrinkage=0.05


Tree=66
num_leaves=31
num_cat=7
split_feature=0 5 39 34 35 21 8 21 6 19 23 28 23 22 34 21 19 15 21 22 31 34 17 21 34 39 39 18 20 22
split_gain=30.5214 17.1482 5.57171 2.32974 2.2955 2.20756 2.16974 2.04732 1.98988 1.71636 1.65486 1.63289 1.57112 2.06705 1.5508 2.07711 2.33153 1.61009 1.30433 1.28104 1.31355 2.24262 1.75972 2.4746 2.20568 2.46015 2.29757 2.12187 1.65231 2.03131
threshold=0 0.15000000000000005 5.5000000000000009 1 1.0000000180025095e-35 5.6142315634104714 7.2500000000000009 4.8444209189451977 1.5000000000000002 6.1844206768225822 2.1500000000000008 -43.780523499999994 2.5500000000000003 -1.6499999999999997 2 8.9111721548295861 0.62318286527802991 3 11.392743474935086 5.9500000000000011 4 5 3.5000000000000004 12.320325719558864 6 74.300000000000026 35.266666666666673 1.5000000000000002 3.2011892399169781 -0.24999999999999997
decision_type=1 10 10 9 2 10 10 10 10 10 2 2 2 2 9 10 8 1 10 2 9 9 8 10 9 10 8 10 10 2
left_child=19 2 8 4 7 -6 14 -3 -2 11 -5 -9 13 -12 17 16 -16 -4 -11 20 21 28 24 -24 25 26 27 -22 29 -1
right_child=1 3 6 10 5 -7 -8 9 -10 18 12 -13 -14 -15 15 -17 -18 -19 -20 -21 22 -23 23 -25 -26 -27 -28 -29 -30 -31
leaf_value=0.0029090431876426905 0 0.029314548044168331 0 -0.97834433325560077 -0.059694153266586274 0.0073779323241475632 0 0.00033931551565329347 0.0020249428771087932 1.4319384398601365 -0.076463004255774736 -0.19506028304327849 -0.070998607471127254 -0.0034434316453307193 0 0 0 0 -0.049472216611650466 -0.097858643993365926 0.32563621457247083 -0.0038575078874665716 -0.14981222332540545 0.0033474120030844382 -0.0034397085731025403 0.98712497829854196 -0.069695146151917839 -0.11936477171277034 0.023142968583522362 -0.021785866082869677
leaf_weight=66 468 106 180 23 27 13.999999999999998 196 13.000000000000002 15.999999999999998 21 38 17 51 186 69 183 484 17 24 9.9999999999999982 41 435 86 27 964 37 11.999999999999998 10.999999999999998 269 72
leaf_count=66 468 106 180 23 27 14 196 13 16 21 38 17 51 186 69 183 484 17 24 10 41 435 86 27 964 37 12 11 269 72
internal_value=0 -0.0102522 -0.0128451 -0.00240177 0.0015057 -0.00904704 -0.0109124 0.00399559 -0.0173393 -0.00231942 -0.00518723 -0.0114943 -0.00426575 -0.00245043 -0.0119182 -0.0130618 -0.014771 -0.0066281 0.00385039 -0.0016663 -0.00158381 -5.86545e-05 -0.00265051 -0.00859409 -0.00204139 0.00471063 -0.000775795 0.00381316 0.00257516 -0.00180571
internal_weight=0 2133 1613 520 222 41 1129 181 484 75 298 30 275 224 933 736 553 197 45 2030 2020 842 1178 113 1065 101 64 52 407 138
internal_count=4163 2133 1613 520 222 41 1129 181 484 75 298 30 275 224 933 736 553 197 45 2030 2020 842 1178 113 1065 101 64 52 407 138
cat_boundaries=0 1 2 3 4 6 7 8
cat_threshold=441428 8616 16424 1 276831380 444416 2728 16408
is_linear=0
shrinkage=0.05


Tree=67
num_leaves=31
num_cat=3
split_feature=0 5 39 7 39 19 8 6 19 34 21 19 15 4 5 19 4 18 25 27 22 22 25 25 24 39 19 22 25 23
split_gain=28.1643 19.431 5.57171 2.32004 2.5501 2.89157 2.16974 1.98988 1.7489 1.5508 2.07711 2.33153 1.61009 1.54196 1.83847 1.79311 1.76832 1.69959 1.28588 1.26552 1.25577 1.23167 1.21827 1.45135 1.30288 1.71705 1.58128 1.19162 1.89927 1.56691
threshold=0 0.15000000000000005 5.5000000000000009 2.1000000000000005 41.500000000000007 2.5254339351463879 7.2500000000000009 1.5000000000000002 22.189770010537767 1 8.9111721548295861 0.62318286527802991 2 26.500000000000004 14.050000000000002 4.7267065578412213 5.9000000000000012 14.500000000000002 171.24285684102236 320.50000000000006 5.9500000000000011 0.55000000000000016 86.472083639228757 50.662073486707094 251.41831598424008 16.500000000000004 2.2559312602155006 -0.44999999999999996 276.74387595000007 2.3500000000000001
decision_type=1 10 10 10 10 8 10 10 10 9 10 8 1 10 10 10 10 10 10 2 2 2 10 10 10 10 10 2 10 2
left_child=20 2 7 4 5 18 9 -2 13 12 11 19 22 14 15 16 -5 -17 -3 -11 -1 -6 23 -4 25 -24 -27 29 -29 -12
right_child=1 3 6 8 21 -7 -8 -9 -10 10 27 -13 -14 -15 -16 17 -18 -19 -20 -21 -22 -23 24 -25 -26 26 -28 28 -30 -31
leaf_value=-0.00246060515780302 0 -0.010486652889496108 0 -0.037008067485452267 -0.00020643222088598812 0.0060604440875667194 0 0.0019236957332533279 30.664255640156309 0 0 0 0 112.1213527545293 -1.4300293294773381 -0.058314127732028757 7.259818984677807 -0.32244634088013913 0.0011584372789614995 0.15801703683113633 -0.092965711793697642 -0.11227798765447138 0.17458432402343749 0 -0.0015672759026029493 0 0.044996204285390022 0 0.15597597897361573 1.2007511661541737
leaf_weight=2020 468 17 90 164 10.000000000000002 99 196 15.999999999999998 10.999999999999998 53 35 484 17 9.9999999999999982 31 91 12.999999999999998 39 24 15.999999999999998 9.9999999999999982 10.999999999999998 23 26 15.999999999999998 13.000000000000002 11.999999999999998 123 9.9999999999999982 14.999999999999998
leaf_count=2020 468 17 90 164 10 99 196 16 11 53 35 484 17 10 31 91 13 39 24 16 10 11 23 26 16 13 12 123 10 15
internal_value=0 -0.0100889 -0.0128451 -0.00172927 0.00325178 0.00569598 -0.0109124 -0.0173393 -0.00396439 -0.0119182 -0.0130618 -0.014771 -0.0066281 -0.00459176 -0.00517063 -0.00398439 -0.000704424 -0.00843235 -0.00542823 -0.00611951 -0.00183783 -0.0128205 -0.0055417 -0.00858738 0 0.00412797 -0.00491159 -0.00858545 -0.0110528 -0.00198216
internal_weight=0 2133 1613 520 161 140 1129 484 359 933 736 553 197 348 338 307 177 130 41 69 2030 21 180 116 64 48 25 183 133 50
internal_count=4163 2133 1613 520 161 140 1129 484 359 933 736 553 197 348 338 307 177 130 41 69 2030 21 180 116 64 48 25 183 133 50
cat_boundaries=0 1 2 3
cat_threshold=441428 16424 1
is_linear=0
shrinkage=0.05


Tree=68
num_leaves=31
num_cat=3
split_feature=0 5 39 8 34 6 7 39 19 21 19 15 25 19 4 5 20 17 8 20 25 4 26 22 23 25 22 27 17 40
split_gain=28.7195 19.4422 5.80603 2.05072 2.51178 1.98988 1.95739 2.45325 2.71008 1.89505 2.33153 1.84526 2.26453 1.69906 1.49599 1.54025 1.91969 2.07385 1.46446 1.4578 1.45135 1.31915 1.34653 1.29236 1.56691 1.28588 1.28104 1.26552 1.24995 1.3652
threshold=0 0.15000000000000005 5.5000000000000009 7.2500000000000009 1 1.5000000000000002 2.1000000000000005 41.500000000000007 2.5254339351463879 8.9111721548295861 0.62318286527802991 2 86.472083639228757 22.189770010537767 26.500000000000004 12.200000000000001 5.2038196018619347 4.5000000000000009 19.700000000000006 3.4847540931823091 50.662073486707094 5.9000000000000012 206.14445796166157 -0.44999999999999996 2.3500000000000001 171.24285684102236 5.9500000000000011 320.50000000000006 3.0500000000000003 0.033908045977011504
decision_type=1 10 10 10 9 10 10 10 8 10 8 1 10 10 10 10 10 10 10 10 10 10 10 2 2 10 2 2 10 2
left_child=26 2 5 4 11 -2 7 8 25 10 27 12 20 14 15 16 17 21 -18 -14 -4 22 28 24 -11 -3 -1 -6 29 -8
right_child=1 6 3 -5 9 -7 13 -9 -10 23 -12 -13 19 -15 -16 -17 18 -19 -20 -21 -22 -23 -24 -25 -26 -27 -28 -29 -30 -31
leaf_value=-0.0023375748999128645 0 -0.0099623202450212847 0 0 0 0.0018275109465906603 -0.029818097461492821 -0.039445132998925651 0.0057574218831883961 0 0 0 0 29.131042858148493 106.51528511680283 -1.2601775035001141 -0.067651405312882676 1.65779413466921 -0.34441456681482219 0.16585510782226562 0 2.6853414677419511 -0.12732794215086102 0 1.140713607846465 0.0011005154150134145 -0.088317426204012783 0.15011618498957949 -0.2719314597710758 1.3883130604216398
leaf_weight=2020 468 17 90 196 53 15.999999999999998 73 21 99 35 484 17 37 10.999999999999998 9.9999999999999982 38 89 30 30 27 26 9.9999999999999982 36 133 14.999999999999998 24 9.9999999999999982 15.999999999999998 11.999999999999998 20
leaf_count=2020 468 17 90 196 53 16 73 21 99 35 484 17 37 11 10 38 89 30 30 27 26 10 36 133 15 24 10 16 12 20
internal_value=0 -0.00999557 -0.0127522 -0.0107796 -0.0117575 -0.0173393 -0.0016332 0.00294209 0.00533998 -0.0131288 -0.014771 -0.00566402 -0.00443336 -0.00368619 -0.00430478 -0.00487517 -0.00366117 -0.000413337 -0.008581 0.00310318 -0.00858738 -0.00280621 -0.00406504 -0.008858 -0.00198216 -0.00542823 -0.0016663 -0.00611951 -0.0011854 0.000802568
internal_weight=0 2133 1613 1129 933 484 520 161 140 736 553 197 180 359 348 338 300 181 119 64 116 151 141 183 50 41 2030 69 105 93
internal_count=4163 2133 1613 1129 933 484 520 161 140 736 553 197 180 359 348 338 300 181 119 64 116 151 141 183 50 41 2030 69 105 93
cat_boundaries=0 1 2 3
cat_threshold=441428 16424 1
is_linear=0
shrinkage=0.05


Tree=69
num_leaves=31
num_cat=5
split_feature=0 5 39 7 8 6 34 21 19 19 39 19 15 25 25 22 23 27 34 5 19 14 25 4 18 23 8 23 19 27
split_gain=30.377 18.1091 5.57171 2.95857 2.16974 1.98988 1.81431 1.89505 2.33153 1.80133 1.68126 1.95781 1.66745 1.44991 1.45135 1.29236 1.56691 1.26552 1.26202 2.20737 2.21968 1.91951 1.90741 1.62314 1.60621 1.51721 1.31459 1.23959 2.15306 1.23795
threshold=0 0.15000000000000005 5.5000000000000009 1.4500000000000002 7.2500000000000009 1.5000000000000002 1 8.9111721548295861 0.62318286527802991 22.189770010537767 38.350000000000009 2.4918471003356268 2 86.472083639228757 50.662073486707094 -0.44999999999999996 2.3500000000000001 320.50000000000006 3 2.1000000000000005 0.56847876224118687 4 217.80730764983772 1.2500000000000002 3.5000000000000004 2.2500000000000004 7.9000000000000012 2.4500000000000006 1.3182220580015533 65.000000000000014
decision_type=1 10 10 10 10 10 9 10 8 10 10 8 1 10 10 2 2 2 9 10 10 1 8 10 10 2 10 2 10 2
left_child=-1 2 5 10 6 -2 12 8 17 18 11 -3 13 14 -4 16 -9 -8 22 20 -20 24 25 -23 -21 -5 -22 -15 -29 -26
right_child=1 3 4 9 -6 -7 7 15 -10 -11 -12 -13 -14 27 -16 -17 -18 -19 19 21 26 23 -24 -25 29 -27 -28 28 -30 -31
leaf_value=-0.0024465580769731377 0 -0.0050768398497182511 0 -0.71198000205713763 0 0.0017361353992611406 0 0 0 27.67449071524107 -0.025155798188234081 0.0067472305209548729 0 -0.0082535734935482059 0 0 1.0836779274541417 0.14261037574010049 0.05581910609992731 -0.32887186644488464 -0.00043073666095434505 0.078733812734016695 -0.2043868729468486 -0.28582415757123919 7.1546470916300313 0.021208791507545136 -0.27214279742855441 -0.012052630420951616 0.20647081886710095 0.15475693140231783
leaf_weight=2030 468 31 90 10.999999999999998 196 15.999999999999998 53 35 484 10.999999999999998 17 81 17 26 26 133 14.999999999999998 15.999999999999998 21 11.999999999999998 32 15.999999999999998 64 34 28 51 44 14.999999999999998 23 67
leaf_count=2030 468 31 90 11 196 16 53 35 484 11 17 81 17 26 26 133 15 16 21 12 32 16 64 34 28 51 44 15 23 67
internal_value=0 -0.0101822 -0.0128451 -0.00211356 -0.0109124 -0.0173393 -0.0119182 -0.0131288 -0.014771 -0.00427896 0.00444187 0.00666963 -0.00638708 -0.00526462 -0.00858738 -0.008858 -0.00198216 -0.00611951 -0.00486266 -0.00245793 -0.00846588 0.00111146 -0.00879443 -0.00693756 0.00488599 -0.00320256 -0.0124264 0.000775795 0.00650195 0.00707177
internal_weight=0 2133 1613 520 1129 484 933 736 553 391 129 112 197 180 116 183 50 69 380 254 97 157 126 50 107 62 76 64 38 95
internal_count=4163 2133 1613 520 1129 484 933 736 553 391 129 112 197 180 116 183 50 69 380 254 97 157 126 50 107 62 76 64 38 95
cat_boundaries=0 1 2 3 4 5
cat_threshold=441428 16424 1 2624 2
is_linear=0
shrinkage=0.05


Tree=70
num_leaves=31
num_cat=2
split_feature=0 5 39 8 7 26 19 34 26 21 20 21 26 25 21 39 23 20 8 39 3 39 39 22 20 24 25 22 17 20
split_gain=31.1095 18.7642 5.70197 2.40662 2.15176 2.06932 2.34952 1.87523 2.49924 1.9813 1.73591 2.01529 1.88022 2.10184 1.63883 2.05697 1.55039 1.55017 1.5087 1.37803 1.3222 1.98536 2.23071 1.2696 1.24353 1.53996 1.44974 1.80275 1.14942 2.52283
threshold=0 0.15000000000000005 7.2500000000000009 2.6500000000000008 1.4500000000000002 321.90004811635112 0.62318286527802991 1 263.37078982561098 9.884988430909603 3.2011892399169781 1.7048876080556885 135.73481886430176 186.96284290154983 12.165193695049551 31.100000000000005 2.4500000000000006 16.625595041818517 70.500000000000014 23.500000000000004 1.9000000000000001 5.5000000000000009 26.900000000000002 -1.6499999999999997 3.7916200797539212 249.40972108294696 58.387520964866411 3.2500000000000004 3.5000000000000004 8.6336048520644422
decision_type=1 10 10 8 10 10 8 9 8 10 10 10 10 10 8 10 2 10 10 10 10 10 10 2 10 10 10 2 8 10
left_child=28 2 18 5 14 6 16 9 20 -6 11 12 -8 -14 -3 -16 -4 -11 -2 -18 23 -22 -23 -9 25 -12 -26 -28 -1 -30
right_child=1 4 3 -5 7 -7 10 8 -10 17 24 -13 13 -15 15 -17 19 -19 -20 -21 21 22 -24 -25 26 -27 27 -29 29 -31
leaf_value=-0.0014708722300933452 0 -0.00026431931352468576 0.14498205418025698 0 0.017802355452244269 0 0 -0.18203474699004768 -0.1881660306454831 -0.22834174083857076 0.25 0 0.24910508887397756 0 0.010071983287987953 -0.019115027893769045 0 0.10738522337766057 0.24940808001955431 -0.038125286550323746 -0.67814125009482806 27.77194054987935 -0.30167592463431703 -0.052133282177016051 0 0 0 0.14230241882006509 -0.10999103064200129 0.0031116092364493978
leaf_weight=1859 721 77 28 231 85 36 155 12.999999999999998 44 11.000000000000002 23 106 12.000000000000002 9.9999999999999982 42 9.9999999999999982 19.000000000000004 10.999999999999998 10.999999999999998 9.9999999999999982 9.9999999999999982 18.000000000000004 10.999999999999998 188 51 19 168 12.999999999999998 105 66
leaf_count=1859 721 77 28 231 85 36 155 13 44 11 23 106 12 10 42 10 19 11 11 10 10 18 11 188 51 19 168 13 105 66
internal_value=0 -0.0101355 -0.0128451 -0.0101254 -0.00192141 -0.0116842 -0.0109854 -0.00376804 -0.00577348 0.00191571 -0.0119742 -0.0147292 -0.0114117 0.00222717 0.00366937 0.0104862 -0.00130548 -0.0111359 -0.0161103 -0.00933786 -0.00395093 0.00443599 0.0110357 -0.00558451 -0.00910913 -0.00117786 -0.0105399 -0.00840452 -0.00147026 -0.00539516
internal_weight=0 2133 1613 881 520 650 614 391 284 107 557 283 177 22 129 52 57 22 732 29 240 39 29 201 274 42 232 181 2030 171
internal_count=4163 2133 1613 881 520 650 614 391 284 107 557 283 177 22 129 52 57 22 732 29 240 39 29 201 274 42 232 181 2030 171
cat_boundaries=0 1 2
cat_threshold=441428 12336
is_linear=0
shrinkage=0.05


Tree=71
num_leaves=31
num_cat=3
split_feature=0 5 39 8 26 19 7 34 21 20 21 27 5 23 8 23 24 22 39 5 10 39 19 39 19 5 19 20 24 25
split_gain=32.0313 19.8781 5.59369 2.46937 2.04146 2.38924 1.95739 2.01465 2.21258 1.84785 1.8847 1.82204 1.71336 1.55039 1.5087 1.50454 1.6094 1.7346 1.37803 1.37296 1.67684 1.31296 1.32351 1.32011 1.25757 1.27593 1.2507 1.24353 1.53996 1.44974
threshold=0 0.15000000000000005 7.2500000000000009 2.6500000000000008 321.90004811635112 0.62318286527802991 2.1000000000000005 1 9.884988430909603 3.2011892399169781 1.7048876080556885 155.00000000000003 11.900000000000002 2.4500000000000006 70.500000000000014 2.1500000000000008 153.98839039304508 -1.6499999999999997 23.500000000000004 3.9000000000000004 2 49.266666666666673 1.4078533585361148 5.5000000000000009 1.6272366160937433 1.8500000000000003 8.8392925104229132 3.7916200797539212 249.40972108294696 58.387520964866411
decision_type=1 10 10 8 10 8 10 9 10 10 10 2 10 2 10 2 10 2 10 10 1 10 8 10 10 10 10 10 10 10
left_child=-1 2 14 4 5 13 21 8 -8 10 11 -7 -10 -4 -2 -9 19 -18 -15 20 -17 22 -3 -24 -19 -26 -25 28 -11 -29
right_child=1 6 3 -5 -6 9 7 15 12 27 -12 -13 -14 18 -16 16 17 24 -20 -21 -22 -23 23 26 25 -27 -28 29 -30 -31
leaf_value=-0.0019652967582946437 0 -0.0087325842164316155 0.13773295147124412 0 0 0.033327467059796147 0.18567147619922186 -1.0700645593509575 -0.40606134416070594 0.23750000000000002 0 0 10.176820921570263 0 0.2369376760185766 -0.1654891633092975 -0.17293300964054525 1.9557143434979416 -0.036219022222807554 -0.64611338135881979 -0.003597603912204983 -0.043526445860731844 0.0090827889560715306 0.00025389578872938581 -0.087379440108626305 0.03823585271290391 0.020203792318382832 0 0 0
leaf_weight=2030 721 24 28 231 36 14.999999999999998 102 20 16.000000000000004 23 106 162 9.9999999999999982 19.000000000000004 10.999999999999998 14 14.999999999999998 13.999999999999998 9.9999999999999982 25 37 17 41 66 31 75 12.999999999999998 51 19 181
leaf_count=2030 721 24 28 231 36 15 102 20 16 23 106 162 10 19 11 14 15 14 10 25 37 17 41 66 31 75 13 51 19 181
internal_value=0 -0.0100889 -0.0128761 -0.0101821 -0.0117611 -0.0110668 -0.0016332 -0.00368619 0.00144456 -0.0120639 -0.0149056 -0.0116934 -0.0113422 -0.00130548 -0.0161103 -0.00631601 -0.00532041 -0.00203027 -0.00933786 -0.0111184 -0.00631681 0.00294209 0.00449983 0.00664176 0 -0.00187882 0.00283197 -0.00910913 -0.00117786 -0.0105399
internal_weight=0 2133 1613 881 650 614 520 359 128 557 283 177 26 57 732 231 211 135 29 76 51 161 144 120 120 106 79 274 42 232
internal_count=4163 2133 1613 881 650 614 520 359 128 557 283 177 26 57 732 231 211 135 29 76 51 161 144 120 120 106 79 274 42 232
cat_boundaries=0 1 2 3
cat_threshold=441428 12576 2
is_linear=0
shrinkage=0.05


Tree=72
num_leaves=31
num_cat=3
split_feature=0 5 39 8 26 19 20 21 32 25 17 21 23 0 8 26 25 39 18 22 39 21 39 4 22 20 24 25 22 39
split_gain=32.3838 19.9879 5.48645 2.53294 2.01377 2.42929 1.96325 1.75832 1.6736 1.87004 1.80621 2.28941 1.55039 1.53379 1.5087 1.44057 1.58414 1.37803 1.34106 1.47135 1.76729 1.2952 1.75246 2.2072 1.85679 1.24353 1.53996 1.44974 1.80275 1.23167
threshold=0 0.15000000000000005 7.2500000000000009 2.6500000000000008 321.90004811635112 0.62318286527802991 3.2011892399169781 1.7048876080556885 1 47.055887440230102 1.5000000000000002 4.1189819269579173 2.4500000000000006 2 70.500000000000014 135.73481886430176 186.96284290154983 23.500000000000004 10.500000000000002 0.55000000000000016 14.100000000000001 5.8731797281594389 5.5000000000000009 3.1500000000000008 -0.24999999999999997 3.7916200797539212 249.40972108294696 58.387520964866411 3.2500000000000004 12.100000000000001
decision_type=1 10 10 8 10 8 10 10 9 8 10 8 2 1 10 10 10 10 10 2 10 8 10 10 2 10 10 10 2 10
left_child=-1 2 14 4 5 12 7 15 9 -3 -11 -12 -4 -10 -2 -7 -17 -14 -15 20 -20 -13 -23 24 -24 26 -8 -27 -29 -26
right_child=1 8 3 -5 -6 6 25 -9 13 10 11 21 17 18 -16 16 -18 -19 19 -21 -22 22 23 -25 29 27 -28 28 -30 -31
leaf_value=-0.0018670319203799137 0 -0.062542730318154757 0.13084630389768193 0 0 0 0.22562500000000002 0 -0.017755949183880126 0.0057647354711864336 -0.41611634536394304 1.5542940589945169 0 0.0027363769393519812 0.22509079221764772 0.23498346107728887 0 -0.034408071111667174 -0.11441289698060486 -0.521274458022284 2.0661979045461294 -0.41341621024114072 1.353401343228491 54.144983787542223 -0.017483360130453596 0 0 0 0.13518729787906186 -0.69028048299091693
leaf_weight=2030 721 12.999999999999998 28 231 36 155 23 106 107 116 20 14.999999999999998 19.000000000000004 104 10.999999999999998 12.000000000000002 9.9999999999999982 9.9999999999999982 14.999999999999998 21 25 29 13.999999999999995 20 10.000000000000005 51 19 168 12.999999999999998 10.999999999999998
leaf_count=2030 721 13 28 231 36 155 23 106 107 116 20 15 19 104 11 12 10 10 15 21 25 29 14 20 10 51 19 168 13 11
internal_value=0 -0.0101122 -0.0129071 -0.0102388 -0.011838 -0.0111482 -0.0121536 -0.015082 -0.0016332 0.00135423 0.00244213 -0.00188363 -0.00130548 -0.00424854 -0.0161103 -0.0119752 0 -0.00933786 -0.000997435 -0.00691619 -0.00123609 0.00125691 -0.00118413 0.00405771 -0.00352609 -0.00910913 -0.00117786 -0.0105399 -0.00840452 -0.0128205
internal_weight=0 2133 1613 881 650 614 557 283 520 248 235 119 57 272 732 177 22 29 165 61 40 99 84 55 35 274 42 232 181 21
internal_count=4163 2133 1613 881 650 614 557 283 520 248 235 119 57 272 732 177 22 29 165 61 40 99 84 55 35 274 42 232 181 21
cat_boundaries=0 1 2 3
cat_threshold=441428 5 590083
is_linear=0
shrinkage=0.05


Tree=73
num_leaves=31
num_cat=6
split_feature=0 5 39 8 7 26 19 20 21 23 8 26 25 19 39 19 39 3 20 24 25 22 26 31 34 0 0 17 31 24
split_gain=32.2347 21.0241 5.48645 2.53294 2.25246 2.01377 2.42929 1.96325 1.75832 1.55039 1.5087 1.44057 1.58414 1.3801 2.29536 1.74498 1.37803 1.29316 1.24353 1.53996 1.44974 1.80275 1.2307 1.14276 1.61645 2.39113 1.491 2.77048 2.23396 2.67828
threshold=0 0.15000000000000005 7.2500000000000009 2.6500000000000008 1.9000000000000001 321.90004811635112 0.62318286527802991 3.2011892399169781 1.7048876080556885 2.4500000000000006 70.500000000000014 135.73481886430176 186.96284290154983 1.4078533585361148 16.633333333333336 8.8392925104229132 23.500000000000004 0.15000000000000005 3.7916200797539212 249.40972108294696 58.387520964866411 3.2500000000000004 284.23083297510112 1 2 3 4 4.5000000000000009 5 282.69228504662908
decision_type=1 10 10 8 10 10 8 10 10 2 10 10 10 8 10 8 10 10 10 10 10 2 10 9 9 1 1 8 9 10
left_child=23 2 10 5 13 6 9 8 11 -4 -2 -8 -13 17 -15 -16 -11 -3 19 -9 -20 -22 -6 24 25 -1 -25 28 29 -28
right_child=1 4 3 -5 22 -7 7 18 -10 16 -12 12 -14 14 15 -17 -18 -19 20 -21 21 -23 -24 26 -26 -27 27 -29 -30 -31
leaf_value=0.00097453129244033936 0 0.0032985038272727255 0.12430398870279782 0 -0.042040609028367926 0 0 0.21434375000000003 0 0 0.21383625260676534 0.22323428802342443 0 0.0037323856499437815 -0.022766967578039133 0.006146510385141424 -0.032687667556083835 -0.011675759829409584 0 0 0 0.12842793298510877 -0.4432781211325118 -6.0696583031027987e-05 0.0013240006135707639 -0.034764078891488026 -0.0022009816647006633 -0.38630293231709933 -0.015352525725496946 0.10719042625932751
leaf_weight=106 721 10.000000000000002 28 231 352 36 155 23 106 19.000000000000004 10.999999999999998 12.000000000000002 9.9999999999999982 93 20 23 9.9999999999999982 10.999999999999998 51 19 168 12.999999999999998 10.999999999999998 477 645 101 329 41 292 39
leaf_count=106 721 10 28 231 352 36 155 23 106 19 11 12 10 93 20 23 10 11 51 19 168 13 11 477 645 101 329 41 292 39
internal_value=0 -0.0100422 -0.0129071 -0.0102388 -0.00134499 -0.011838 -0.0111482 -0.0121536 -0.015082 -0.00130548 -0.0161103 -0.0119752 0 0.00365195 0.00549652 -0.00402762 -0.00933786 -0.00815851 -0.00910913 -0.00117786 -0.0105399 -0.00840452 -0.00350805 -0.00122522 0.000173923 -0.00356404 -0.0022298 -0.00368965 -0.00295253 -0.000264236
internal_weight=0 2133 1613 881 520 650 614 557 283 57 732 177 22 157 136 43 29 21 274 42 232 181 363 2030 852 207 1178 701 660 368
internal_count=4163 2133 1613 881 520 650 614 557 283 57 732 177 22 157 136 43 29 21 274 42 232 181 363 2030 852 207 1178 701 660 368
cat_boundaries=0 1 3 4 5 6 8
cat_threshold=441428 343940246 311296 4176 6228 134208 552 77824
is_linear=0
shrinkage=0.05


Tree=74
num_leaves=31
num_cat=4
split_feature=0 5 39 8 7 26 19 20 21 25 19 39 8 26 25 19 3 26 31 0 39 18 4 22 22 19 20 25 21 30
split_gain=31.5331 22.68 5.27504 2.66248 2.48484 1.95895 2.08848 1.84333 1.75832 1.54838 1.53158 2.17905 1.5087 1.44057 1.58414 1.31654 1.29316 1.27335 1.2178 2.02979 1.68666 1.74166 1.67036 1.3723 1.46303 1.36156 1.56654 2.54226 1.89344 1.43597
threshold=0 0.15000000000000005 7.2500000000000009 2.6500000000000008 1.9000000000000001 321.90004811635112 0.62318286527802991 3.2011892399169781 1.7048876080556885 163.12371649538144 1.4078533585361148 19.450000000000003 70.500000000000014 135.73481886430176 186.96284290154983 8.8392925104229132 0.15000000000000005 284.23083297510112 1 2 232.80000000000004 14.500000000000002 9.9000000000000021 2.7500000000000004 1.7500000000000002 2.0503006624376776 3.6740071387947419 260.41616646326094 2.6562492626362881 3
decision_type=1 10 10 8 10 10 8 10 10 10 8 10 10 10 10 8 10 10 9 1 10 10 10 2 2 8 8 10 8 9
left_child=18 2 12 5 10 6 9 8 13 -4 16 -12 -2 -8 -15 -13 -3 -6 19 23 21 -21 25 24 -1 29 27 -27 -28 -20
right_child=1 4 3 -5 17 -7 7 -9 -10 -11 11 15 -14 14 -16 -17 -18 -19 22 20 -22 -23 -24 -25 -26 26 28 -29 -30 -31
leaf_value=0.0021166215939093071 0 0.0031335786359091068 -0.019884484135930469 0 -0.039938578576949539 0 0 0 0 0.11808878926765792 0.0029454580860972749 -0.025921281468528901 0.20314443997642712 0.21207257362225321 0 0.0053282589588660835 -0.011091971837939108 -0.42111421507588603 0.041670730387882937 0.00026720967931428421 -0.059387967155471101 -0.26967838976207742 47.082725576080513 1.1853893741402066 -0.04488728703718621 -0.010139773365595529 0.18254284013576635 -0.030897715534170089 -0.0037502415908309498 -0.014402441612590522
leaf_weight=240 721 10.000000000000002 21 231 352 36 155 274 106 36 98 18 10.999999999999998 12.000000000000002 9.9999999999999982 20 10.999999999999998 10.999999999999998 135 353 46 23 11.999999999999998 11.999999999999998 20 112 18 47 901 111
leaf_count=240 721 10 21 231 352 36 155 274 106 36 98 18 11 12 10 20 11 11 135 353 46 23 12 12 20 112 18 47 901 111
internal_value=0 -0.00999557 -0.0129691 -0.0103523 -0.000960707 -0.0119917 -0.0113109 -0.0122433 -0.015082 -0.00217581 0.00428708 0.00622939 -0.0161103 -0.0119752 0 -0.00390117 -0.00815851 -0.00323291 -0.00127423 0.000425864 -0.0017343 -0.000664099 -0.00215381 0.00371747 0.00307161 -0.00234059 -0.00310631 -0.00768266 -0.00231116 0.0010144
internal_weight=0 2133 1613 881 520 650 614 557 283 57 157 136 732 177 22 38 21 363 2030 694 422 376 1336 272 260 1324 1078 159 919 246
internal_count=4163 2133 1613 881 520 650 614 557 283 57 157 136 732 177 22 38 21 363 2030 694 422 376 1336 272 260 1324 1078 159 919 246
cat_boundaries=0 1 3 4 5
cat_threshold=441428 343940244 409600 3092 1029
is_linear=0
shrinkage=0.05


Tree=75
num_leaves=31
num_cat=5
split_feature=0 5 39 8 7 19 20 19 39 8 34 21 18 31 34 25 25 18 0 39 22 24 24 26 19 21 19 4 3 19
split_gain=30.6724 23.2936 5.38023 2.59731 2.30638 2.19199 1.94286 1.53158 2.17905 1.5087 1.45683 1.42079 1.40862 1.38586 1.57781 1.53237 1.59479 1.85607 1.34361 2.17501 1.3871 1.86325 1.415 1.31669 1.31654 1.31584 1.60994 1.30193 1.43803 1.29715
threshold=0 0.15000000000000005 7.2500000000000009 2.6500000000000008 1.9000000000000001 0.62318286527802991 3.2011892399169781 1.4078533585361148 19.450000000000003 70.500000000000014 1 1.7048876080556885 2.5000000000000004 2 3 54.10522762507609 49.360683201683948 14.500000000000002 4 109.90000000000002 -0.24999999999999997 67.616963029151933 72.421191973545817 284.23083297510112 8.8392925104229132 1.5712931488539696 2.9964898503452906 8.9000000000000021 2.2500000000000004 15.676504651868877
decision_type=1 10 10 8 10 8 8 8 10 10 9 10 10 9 9 10 10 10 1 10 2 10 10 10 8 8 8 10 8 10
left_child=13 2 9 5 7 -4 11 -3 -9 -2 -8 -7 -12 14 25 16 17 -16 19 -17 21 -20 -23 -6 -10 -1 -27 28 -15 -22
right_child=1 4 3 -5 23 6 10 8 24 -11 12 -13 -14 27 15 18 -18 -19 20 -21 29 22 -24 -25 -26 26 -28 -29 -30 -31
leaf_value=-0.050790218932090618 0 -0.0068298252110337472 -0.00039779902262417901 0 -0.037941649648102073 0 0 0.0027981851817924009 -0.024625217395102462 0.19298721797760568 0 0 0 -0.0037344743114242187 0.00063949961781326623 0.002674079504592575 -0.0061297441704842416 -0.1949691487315775 0.42409266222486192 -0.035940562465011316 -0.00090581691844160428 -0.0095869589522452406 0.0044060454154355002 -0.40005850432209161 0.0050618460109227662 0.028582294266737751 -0.020659096875166583 30.197600420561162 -1.2601468431704093 0.27635159929675529
leaf_weight=12.999999999999998 721 21 64 231 352 61 139 98 18 10.999999999999998 249 115 22 1139 119 104 15.999999999999998 11.999999999999998 26 29 244 13.999999999999998 163 10.999999999999998 20 17 72 12.999999999999998 14.999999999999998 34
leaf_count=13 721 21 64 231 352 61 139 98 18 11 249 115 22 1139 119 104 16 12 26 29 244 14 163 11 20 17 72 13 15 34
internal_value=0 -0.00992559 -0.0129381 -0.0102955 -0.000768566 -0.0119148 -0.0128741 0.00428708 0.00622939 -0.0161103 -0.0109636 -0.0172853 -0.00772784 -0.00132324 0.000200355 0.0010046 -0.00356053 -0.00171168 0.00211571 -0.0022656 0.00330654 0.00651266 0.0046492 -0.00295777 -0.00390117 -0.0053357 -0.00363331 -0.00244172 -0.00264195 0.00107739
internal_weight=0 2133 1613 881 520 650 586 157 136 732 410 176 271 2030 863 761 147 131 614 133 481 203 177 363 38 102 89 1167 1154 278
internal_count=4163 2133 1613 881 520 650 586 157 136 732 410 176 271 2030 863 761 147 131 614 133 481 203 177 363 38 102 89 1167 1154 278
cat_boundaries=0 1 2 4 5 6
cat_threshold=441428 5632 276831254 444416 64 4160
is_linear=0
shrinkage=0.05


Tree=76
num_leaves=31
num_cat=7
split_feature=0 5 39 19 8 20 7 25 19 25 40 20 8 34 21 18 31 0 17 20 5 0 21 20 19 34 31 20 39 20
split_gain=30.0092 22.8214 5.81128 3.04219 3.09694 1.94286 1.7632 1.84696 2.26879 1.52546 1.68448 2.55845 1.5087 1.45683 1.42079 1.40862 1.36203 2.1647 2.4069 2.39021 2.21637 1.89455 2.48366 1.92787 1.97682 1.74901 2.47685 2.24733 2.0264 1.6888
threshold=0 0.15000000000000005 7.2500000000000009 0.62318286527802991 2.6500000000000008 3.2011892399169781 1.9000000000000001 98.879924650980499 6.857931009231959 280.74924583562904 0.12973352033660593 10.722233439571193 70.500000000000014 1 1.7048876080556885 2.5000000000000004 2 3 4.1000000000000005 10.105099227304626 10.350000000000003 4 11.972486024441151 10.722233439571193 13.3192423260473 5 6 5.918568104811202 10.100000000000001 4.7827723141615559
decision_type=1 10 10 8 8 8 10 8 10 10 2 8 10 9 10 10 9 1 8 10 10 1 10 10 10 9 9 10 10 10
left_child=16 2 12 -4 5 14 7 8 -3 10 -6 -12 -2 -7 -5 -15 21 20 19 25 -18 23 -23 -1 -25 27 29 -19 -29 -27
right_child=1 6 3 4 9 13 -8 -9 -10 -11 11 -13 -14 15 -16 -17 17 18 -20 -21 -22 22 -24 24 -26 26 -28 28 -30 -31
leaf_value=0.0043599556778924691 0 -0.006488333950482073 0 0 0 0 -0.046316673303738037 0.0029394116327494668 0.0066862832968332068 0 4.5277605387824762 -0.07060235895816129 0.18333785707872538 0 0 0 -0.001088086741847194 -0.023112805918826008 -0.35063961018324991 -0.016109279513971588 28.687720399533106 -0.0063616714863139251 0.0043437416278852229 -0.004125741650464399 0.099372637476346976 0.39032890864457742 -0.0038021624380170319 -0.032213967446357739 3.5755089861876375 -0.001716696786352845
leaf_weight=187 721 25 78 61 160 139 363 116 15.999999999999998 33 12.000000000000002 11.999999999999998 10.999999999999998 249 115 22 562 96 44 208 27 378 105 101 59 69 118 13.000000000000002 18 45
leaf_count=187 721 25 78 61 160 139 363 116 16 33 12 12 11 249 115 22 562 96 44 208 27 378 105 101 59 69 118 13 18 45
internal_value=0 -0.00983228 -0.0128142 -0.0100686 -0.0109839 -0.0128741 -0.000768566 0.00365195 -0.00542823 -0.00586342 -0.00406614 0.00817996 -0.0161103 -0.0109636 -0.0172853 -0.00772784 -0.00132324 -0.0023958 -0.00446536 -0.00365671 -0.000208524 0.000237968 -0.00177323 0.00300741 -0.000934871 -0.00118236 0.0014436 -0.00563841 0.00556439 0.00642828
internal_weight=0 2133 1613 881 803 586 520 157 41 217 184 24 732 410 176 271 2030 1200 611 567 589 830 483 347 160 359 232 127 31 114
internal_count=4163 2133 1613 881 803 586 520 157 41 217 184 24 732 410 176 271 2030 1200 611 567 589 830 483 347 160 359 232 127 31 114
cat_boundaries=0 1 2 4 5 6 7 9
cat_threshold=441428 5632 276831380 419840 396352 10260 112 34 102400
is_linear=0
shrinkage=0.05


Tree=77
num_leaves=31
num_cat=4
split_feature=0 5 39 19 8 20 39 17 24 19 8 3 34 25 21 18 31 39 0 5 8 21 24 22 19 23 21 24 25 21
split_gain=28.2794 23.3058 5.70197 3.07891 2.89547 1.94286 1.76441 2.19325 2.06104 1.64967 1.5087 1.47238 1.45683 1.4544 1.42079 1.40862 1.33717 2.27703 2.27513 2.4953 2.23022 2.25382 2.22923 2.35766 1.71314 1.65553 2.03308 1.51006 2.03829 1.45595
threshold=0 0.15000000000000005 7.2500000000000009 0.62318286527802991 2.6500000000000008 3.2011892399169781 22.225000000000005 1.3500000000000003 199.83013606676977 2.5254339351463879 70.500000000000014 1.2500000000000002 1 280.74924583562904 1.7048876080556885 2.5000000000000004 2 6.4583333333333348 3 10.350000000000003 19.850000000000005 10.553071382671666 25.622817860162545 -0.84999999999999998 17.68465913104777 2.2500000000000004 10.681471933881866 53.606148289705196 68.229172515181247 17.298146118375222
decision_type=1 10 10 8 8 8 10 10 8 8 10 10 9 10 10 10 9 10 1 10 8 10 8 2 8 2 8 8 10 10
left_child=16 2 10 -4 5 14 7 9 -8 -3 -2 -10 -7 -6 -5 -14 17 24 19 27 22 -22 -20 25 -1 26 -24 -18 -29 -25
right_child=1 6 3 4 13 12 8 -9 11 -11 -12 -13 15 -15 -16 -17 18 -19 20 -21 21 -23 23 29 -26 -27 -28 28 -30 -31
leaf_value=0.0017599199920570021 0 -0.0022610039270746008 0 0 0 0 -0.13480393455483025 -0.047542096319610483 -0.040320330456637812 0.0050202232134160425 0.17417096422478906 18.92476560013181 0 0 0 0 -0.017953265381188667 -0.0020736787270480674 0.19081322848590743 36.470480674113986 -0.27936830811859609 -0.0045687919293179394 0.004446817883152621 -0.0027991644498117198 0.09534130907517141 -0.016407088997645581 -0.0043216281463531736 0.0043379990399003308 -0.00082054368661479418 -0.026482097469286137
leaf_weight=125 721 41 78 61 184 139 40 204 100 119 10.999999999999998 15.999999999999998 249 33 115 22 30 777 9.9999999999999982 20 35 21 20 390 26 90 50 56 337 43
leaf_count=125 721 41 78 61 184 139 40 204 100 119 11 16 249 33 115 22 30 777 10 20 35 21 20 390 26 90 50 56 337 43
internal_value=0 -0.00983228 -0.0128451 -0.0101254 -0.0110461 -0.0128741 -0.000672495 0.00123474 -0.00511345 0.00560922 -0.0161103 -0.00171748 -0.0109636 -0.00609335 -0.0172853 -0.00772784 -0.00156828 -0.000159838 -0.0027417 5.51329e-05 -0.00459332 -0.0141718 -0.00376999 -0.00417053 0.00544734 -0.00934871 -0.00354862 -0.000767505 6.35405e-05 -0.00224939
internal_weight=0 2133 1613 881 803 586 520 364 156 160 732 116 410 217 176 271 2030 928 1102 443 659 56 603 593 151 160 70 423 393 433
internal_count=4163 2133 1613 881 803 586 520 364 156 160 732 116 410 217 176 271 2030 928 1102 443 659 56 603 593 151 160 70 423 393 433
cat_boundaries=0 1 2 4 5
cat_threshold=441428 5632 276831516 475136 134208
is_linear=0
shrinkage=0.05


Tree=78
num_leaves=31
num_cat=6
split_feature=0 5 39 19 8 20 31 8 26 34 25 21 31 0 25 24 17 23 26 8 24 31 19 18 22 18 3 21 19 22
split_gain=29.4109 20.7993 5.70197 3.07891 2.89547 1.94286 1.64202 1.5087 1.49426 1.45683 1.4544 1.42079 1.41654 2.08737 2.97118 2.23725 2.20294 1.76854 1.92046 1.91026 1.6021 1.57868 1.60639 1.84093 1.89443 1.54953 1.6335 1.54942 1.81042 1.53805
threshold=0 0.15000000000000005 7.2500000000000009 0.62318286527802991 2.6500000000000008 3.2011892399169781 1 70.500000000000014 305.57175291312745 2 280.74924583562904 1.7048876080556885 3 4 32.930716318991934 319.67319001508548 0.25000000000000006 2.4500000000000006 155.55320261133866 6.1500000000000012 37.192048554319292 5 1.9041588457104577 1.5000000000000002 0.95000000000000007 6.5000000000000009 0.75000000000000011 14.095563579276934 15.859176370003032 3.6500000000000008
decision_type=1 10 10 8 8 8 9 10 10 9 10 10 9 1 8 10 8 2 10 10 10 9 10 10 2 10 10 10 10 2
left_child=12 2 7 -4 5 11 -3 -2 -8 -7 -6 -5 29 15 20 17 27 19 -19 -14 -15 22 -18 -24 -25 -21 -27 -16 -29 -1
right_child=1 6 3 4 10 9 8 -9 -10 -11 -12 -13 13 14 16 -17 21 18 -20 25 -22 -23 23 24 -26 26 -28 28 -30 -31
leaf_value=-0.00017885231383489854 0 0.0039067989615539037 0 0 0 0 -0.0049694149183869387 0.16546241601354961 -0.024358173457847455 0 0 0 -0.0021459404090759192 0.61811823171010927 -0.0017732771489312072 -0.036873895929670254 -0.12421182710957823 -0.0081672551572993697 0.63589504165234867 0.019858153497805023 -0.016874580398796413 -0.065930923669429861 -0.018824444552043618 -0.013864382447525926 2.1320711010913316 -0.028942745708074091 47.53207029267999 -0.01451833486687848 0.0049916634758999656 0.1140684608150202
leaf_weight=733 721 133 78 61 184 139 375 10.999999999999998 11.999999999999998 271 33 115 259 13.000000000000002 346 15.999999999999998 29 48 74 42 13.999999999999998 180 14.999999999999998 41 23 52 17 66 25 37
leaf_count=733 721 133 78 61 184 139 375 11 12 271 33 115 259 13 346 16 29 48 74 42 14 180 15 41 23 52 17 66 25 37
internal_value=0 -0.00999557 -0.0128451 -0.0101254 -0.0110461 -0.0128741 -0.00134499 -0.0161103 -0.00295635 -0.0109636 -0.00609335 -0.0172853 -0.00156828 -0.0025975 -0.00426257 -9.64413e-05 -0.00492798 0.000507666 0.00571662 -0.00121474 0.0118397 -0.00832033 -0.00253271 0.00094399 0.00465477 0.004262 -0.000359971 -0.00268602 -0.00847458 0.000128131
internal_weight=0 2133 1613 881 803 586 520 732 387 410 217 176 2030 1260 752 508 725 492 122 370 27 288 108 79 64 111 69 437 91 770
internal_count=4163 2133 1613 881 803 586 520 732 387 410 217 176 2030 1260 752 508 725 492 122 370 27 288 108 79 64 111 69 437 91 770
cat_boundaries=0 1 3 4 6 7 9
cat_threshold=441428 84 12288 5632 276831508 417792 134208 131 69632
is_linear=0
shrinkage=0.05


Tree=79
num_leaves=31
num_cat=5
split_feature=0 5 39 19 8 20 7 21 21 8 4 31 34 25 0 17 21 21 34 23 21 18 20 17 5 26 3 7 25 39
split_gain=27.4228 22.939 5.70197 3.07891 2.89547 1.94286 1.80234 1.91988 1.81095 1.5087 1.50863 1.47183 1.45683 1.4544 1.44697 1.49634 2.31255 1.87952 1.8024 1.44663 1.42079 1.40862 1.35901 1.84041 1.51705 1.34523 1.36091 2.16486 1.34514 1.48944
threshold=0 0.15000000000000005 7.2500000000000009 0.62318286527802991 2.6500000000000008 3.2011892399169781 7.9000000000000012 1.4751535407795429 20.385923333890229 70.500000000000014 26.500000000000004 1 2 280.74924583562904 3 0.55000000000000016 4.2796373415970992 5.4566837284075813 4 2.5500000000000003 1.7048876080556885 2.5000000000000004 9.1084489824073245 3.5000000000000004 9.5000000000000018 262.71951021634135 6.7000000000000011 69.100000000000009 241.71075475379055 6.8333333333333348
decision_type=1 10 10 8 8 8 10 8 10 10 10 9 9 10 1 8 8 8 9 2 10 10 8 10 10 10 10 10 10 10
left_child=11 2 9 -4 5 20 7 -3 -9 -2 25 -1 -7 -6 -13 16 28 -18 -19 -20 -5 -14 23 -17 -24 26 27 -8 29 -16
right_child=1 6 3 4 13 12 10 8 -10 -11 -12 14 21 -15 15 22 17 18 19 -21 -22 -23 24 -25 -26 -27 -28 -29 -30 -31
leaf_value=-0.00012080803884637615 0 -0.037422121689822417 0 0 0 0 -0.13820907602140023 0.002846588735691347 -0.12682701899870372 0.15718929521287209 96.737152356095919 -0.0015419892789856338 0 0 -0.014202457606160368 0.011667181393791349 0.60928980175092873 -0.011516322402782242 0.0034012223367955842 -0.030374646994102684 0 0 -0.075881520900788368 -0.23246384870416303 20.880791598218892 -0.37547525817204924 -4.2228827759838721 9.1715098278256182 -0.025239163189887351 0.0068352025826340151
leaf_weight=882 721 12.999999999999998 78 61 184 139 174 276 11.999999999999998 10.999999999999998 9.9999999999999982 566 249 33 13.999999999999998 42 15.999999999999998 114 184 17 115 22 112 17 15.999999999999998 12.999999999999998 11.999999999999998 9.9999999999999982 29 21
leaf_count=882 721 13 78 61 184 139 174 276 12 11 10 566 249 33 14 42 16 114 184 17 115 22 112 17 16 13 12 10 29 21
internal_value=0 -0.00985561 -0.0128451 -0.0101254 -0.0110461 -0.0128741 -0.000768566 0.00174158 0.0026001 -0.0161103 -0.00421508 -0.00171531 -0.0109636 -0.00609335 -0.0028918 -0.00464174 -0.0029713 -0.00128224 -0.0021398 0.000827619 -0.0172853 -0.00772784 -0.00840224 -0.00210261 -0.0112884 -0.00513249 -0.00407228 -0.00298184 -0.0116369 -0.00493653
internal_weight=0 2133 1613 881 803 586 520 301 288 732 219 2030 410 217 1148 582 395 331 315 201 176 271 187 59 128 209 196 184 64 35
internal_count=4163 2133 1613 881 803 586 520 301 288 732 219 2030 410 217 1148 582 395 331 315 201 176 271 187 59 128 209 196 184 64 35
cat_boundaries=0 1 3 4 5 6
cat_threshold=441428 276831636 417792 5632 166976 10816
is_linear=0
shrinkage=0.05


Tree=80
num_leaves=31
num_cat=4
split_feature=0 5 39 19 8 20 8 34 25 7 21 39 22 21 18 31 6 18 24 25 21 21 7 18 22 24 23 19 11 22
split_gain=28.9127 21.5009 5.70197 3.07891 2.89547 1.94286 1.5087 1.45683 1.4544 1.42305 1.92494 1.70419 1.86634 1.42079 1.40862 1.31991 1.77324 1.75071 1.93805 1.72913 1.74297 1.61188 1.40294 1.26956 1.41777 1.43947 1.30952 1.2582 1.44342 1.24682
threshold=0 0.15000000000000005 7.2500000000000009 0.62318286527802991 2.6500000000000008 3.2011892399169781 70.500000000000014 1 280.74924583562904 7.9000000000000012 1.5949288099293006 20.633333333333336 1.1500000000000001 1.7048876080556885 2.5000000000000004 2 7.5000000000000009 5.5000000000000009 75.125657085000014 247.99820184379016 3.8487656400249319 20.064228210530622 24.050000000000001 4.5000000000000009 1.4500000000000002 301.47701075479557 2.3500000000000001 0.46634833084566546 3 3.6500000000000008
decision_type=1 10 10 8 8 8 10 9 10 10 8 10 2 10 10 9 8 10 8 10 8 10 10 10 2 10 2 10 1 2
left_child=15 2 6 27 5 13 -2 -7 -6 10 -3 -12 -13 -5 -9 16 17 21 -19 20 -20 23 -18 24 -1 29 -25 28 -4 -26
right_child=1 9 3 4 8 7 -8 14 -10 -11 11 12 -14 -15 -16 -17 22 18 19 -21 -22 -23 -24 26 25 -27 -28 -29 -30 -31
leaf_value=0.0013192068223370158 0 -0.025544572431154312 0.11544314254794048 0 0 0 0.14932983045222842 0 0 -0.15052315312242978 0.004875353361880031 -0.040732875330647206 0.13246482600307807 0 0 -0.0028904908269677511 -0.28573181358173871 0.012512946552038074 -0.029183558198323037 3.6320521714064542 0.0087595432470982896 -0.02132746951458353 0.0040864123147557052 0.0029369665890995214 -0.019392373405030486 0.74960763151662757 -0.021973370646189982 0.02238681928253863 -0.030039170020351905 0.019751637557947534
leaf_weight=403 721 19 21 61 184 139 10.999999999999998 249 33 219 203 50 29 115 22 1213 53 31 18 11.999999999999998 77 25 21 10.000000000000002 108 9.9999999999999982 20 33 24 29
leaf_count=403 721 19 21 61 184 139 11 249 33 219 203 50 29 115 22 1213 53 31 18 12 77 25 21 10 108 10 20 33 24 29
internal_value=0 -0.00994891 -0.0128451 -0.0101254 -0.0110461 -0.0128741 -0.0161103 -0.0109636 -0.00609335 -0.00115285 0.00107812 0.00212427 -0.00409062 -0.0172853 -0.00772784 -0.00159279 -3.02133e-05 0.000706167 0.00577826 0.00255933 0.000261917 -0.000454208 -0.00738751 8.61401e-05 0.000635843 -0.00356053 -0.00985222 -0.000637349 -0.00605061 -0.00491088
internal_weight=0 2133 1613 881 803 586 732 410 217 520 301 282 79 176 271 2030 817 743 138 107 95 605 74 580 550 147 30 78 45 137
internal_count=4163 2133 1613 881 803 586 732 410 217 520 301 282 79 176 271 2030 817 743 138 107 95 605 74 580 550 147 30 78 45 137
cat_boundaries=0 1 2 4 5
cat_threshold=441428 5632 343940372 475136 4
is_linear=0
shrinkage=0.05


Tree=81
num_leaves=31
num_cat=5
split_feature=0 5 39 8 19 20 39 7 17 2 8 34 21 18 24 22 31 25 22 21 21 0 8 21 21 21 25 19 39 22
split_gain=30.4201 20.3304 5.48645 2.53294 2.55843 1.94286 1.62871 1.55253 2.24835 2.62699 1.5087 1.45683 1.42079 1.40862 1.39462 1.50069 1.1896 2.21774 1.83673 1.44348 1.92329 1.4792 2.0279 2.56867 2.18739 1.99346 2.00558 1.88501 1.90347 1.54312
threshold=0 0.15000000000000005 7.2500000000000009 2.6500000000000008 0.62318286527802991 3.2011892399169781 26.500000000000004 65.600000000000009 4.5000000000000009 1 70.500000000000014 2 1.7048876080556885 2.5000000000000004 202.11114537277606 -0.94999999999999984 3 54.10522762507609 3.7500000000000004 0.44835997269974198 0.69047526708942775 4 16.100000000000005 10.553071382671666 11.565866850952469 11.120594550879717 32.930716318991934 16.089295993911062 5.5000000000000009 -0.44999999999999996
decision_type=1 10 10 8 8 8 10 10 10 1 10 9 10 10 8 2 9 10 2 8 8 1 8 10 10 10 10 10 10 2
left_child=16 2 10 4 -4 12 7 8 -3 -10 -2 -7 -6 -13 -8 -16 17 -1 -19 -18 -21 -22 24 -24 25 26 -23 28 29 -26
right_child=1 6 3 -5 5 11 14 -9 9 -11 -12 13 -14 -15 15 -17 19 18 -20 20 21 22 23 -25 27 -27 -28 -29 -30 -31
leaf_value=-0.0086949121592961205 0 0.0012579152459610611 -0.0010994510129957115 0 0 0 -0.11210014972905069 25.929135782376591 -0.36553211787782375 -0.8988411702301784 0.14186333892961703 0 0 0 -0.11619118551293738 0.043622976724266765 0.30462897015463358 0.00070758578159151324 0.80117078183874735 -0.085211295833482581 -0.00084182004145727518 0.62191693931293968 -0.17990464450631738 -0.011845437922698189 -0.0025127519725202997 0.15873780312680208 -0.0043859201804544723 0.0047165437266135429 -0.023521624074336847 0.011705423460181176
leaf_weight=134 721 316 64 231 61 139 38 9.9999999999999982 39 19 10.999999999999998 249 115 22 26 72 10.999999999999998 531 22 9.9999999999999982 653 24 45 28 9.9999999999999982 17 330 51 142 22
leaf_count=134 721 316 64 231 61 139 38 10 39 19 11 249 115 22 26 72 11 531 22 10 653 24 45 28 10 17 330 51 142 22
internal_value=0 -0.0100889 -0.0129071 -0.0102388 -0.011838 -0.0128741 -0.00153713 0.000130056 -0.000400588 -0.00940975 -0.0161103 -0.0109636 -0.0172853 -0.00772784 -0.00622939 -0.00304723 -0.00151927 0.000179224 0.00158099 -0.0023828 -0.00255169 -0.00238194 -0.0040106 -0.0119129 -0.00310168 -0.000740342 -0.0015517 -0.00698603 -0.0094583 0.00154083
internal_weight=0 2133 1613 881 650 586 520 384 374 58 732 410 176 271 136 98 2030 687 553 1343 1332 1322 669 73 596 371 354 225 174 32
internal_count=4163 2133 1613 881 650 586 520 384 374 58 732 410 176 271 136 98 2030 687 553 1343 1332 1322 669 73 596 371 354 225 174 32
cat_boundaries=0 1 2 3 5 6
cat_threshold=441428 1 5632 343940116 417792 396352
is_linear=0
shrinkage=0.05


Tree=82
num_leaves=31
num_cat=8
split_feature=0 5 39 8 19 20 31 0 26 0 7 34 21 26 20 7 8 8 39 7 34 21 26 18 0 21 34 22 24 20
split_gain=30.121 22.0865 5.48645 2.53294 2.55843 1.94286 1.55661 2.69561 1.69281 1.619 1.85228 1.58507 1.94366 1.83024 1.5355 1.86086 1.5087 1.50219 1.63255 1.4816 1.45683 1.42079 1.41675 1.40862 1.35748 1.60701 1.20666 2.04173 1.74983 1.33156
threshold=0 0.15000000000000005 7.2500000000000009 2.6500000000000008 0.62318286527802991 3.2011892399169781 1 2 39.734637443412886 3 24.300000000000001 4 8.7759558001423859 70.082462859617536 11.171119102346497 7.7500000000000009 70.500000000000014 17.700000000000006 380.50000000000006 24.300000000000001 5 1.7048876080556885 16.794762392925836 2.5000000000000004 6 20.064228210530622 7 1.5500000000000003 64.767612562581476 8.6953040850000018
decision_type=1 10 10 8 8 8 9 1 10 1 8 9 10 10 8 10 10 10 10 10 9 10 8 10 1 10 9 2 10 8
left_child=6 2 16 4 -4 21 7 8 -1 22 -11 12 -9 -14 15 -13 -2 18 24 -19 -7 -6 -8 -22 -3 26 29 -28 -29 -26
right_child=1 17 3 -5 5 20 9 11 -10 10 -12 14 13 -15 -16 -17 -18 19 -20 -21 23 -23 -24 -25 25 -27 27 28 -30 -31
leaf_value=1.9175793629505415 0 0.0092788038355113844 -0.0010444784623459215 0 0 0 -0.0051317493221915813 -0.006837457308193429 0.0025283483083361259 -0.0056260573590922293 -0.55267577878333829 -0.00019823217229451018 0.22970335419842103 0.0045340288646094073 -0.02884857871961204 -0.15229790781802743 0.13477017198313615 -0.23210287663996942 -0.11513174846094963 -0.098559400404436559 0 0 -0.00036894636543904902 0 -0.025316090209144538 -0.15212766802803515 -0.00012104274539701532 -0.00063623372541621315 0.060057169089213505 0.01875108799061298
leaf_weight=9.9999999999999982 721 114 64 231 61 139 12.999999999999998 159 285 625 23 137 25 43 75 19 10.999999999999998 49 9.9999999999999982 65 249 115 616 22 85 17 104 12.999999999999998 25 38
leaf_count=10 721 114 64 231 61 139 13 159 285 625 23 137 25 43 75 19 11 49 10 65 249 115 616 22 85 17 104 13 25 38
internal_value=0 -0.00997224 -0.0129071 -0.0102388 -0.011838 -0.0128741 -0.00144576 0.000360207 0.00401048 -0.00250495 -0.00425241 -0.00202796 0.000947568 0.00803506 -0.00486643 -0.00223714 -0.0161103 -0.00105678 0.000369049 -0.00611621 -0.0109636 -0.0172853 -0.000664634 -0.00772784 0.000882835 -0.00102582 -9.41797e-05 0.00295179 0.0130039 -0.00355939
internal_weight=0 2133 1613 881 650 586 2030 753 295 1277 648 458 227 68 231 156 732 520 406 114 410 176 629 271 396 282 265 142 38 123
internal_count=4163 2133 1613 881 650 586 2030 753 295 1277 648 458 227 68 231 156 732 520 406 114 410 176 629 271 396 282 265 142 38 123
cat_boundaries=0 1 3 4 5 6 7 8 9
cat_threshold=441428 276831252 477184 6164 396352 10656 5632 522 3408
is_linear=0
shrinkage=0.05


Tree=83
num_leaves=31
num_cat=7
split_feature=0 5 39 19 8 20 8 8 7 34 25 21 18 22 40 20 26 25 22 22 31 0 6 26 34 31 19 8 19 31
split_gain=28.0883 23.0569 5.59369 2.711 2.89547 1.94286 1.67814 1.5087 1.4816 1.45683 1.4544 1.42079 1.40862 1.28467 1.23011 1.96122 1.15616 1.31431 1.67165 1.25897 1.12168 2.03117 2.01734 2.19629 1.52988 2.21597 4.20769 2.03338 1.86642 1.74697
threshold=0 0.15000000000000005 7.2500000000000009 0.62318286527802991 2.6500000000000008 3.2011892399169781 17.700000000000006 70.500000000000014 24.300000000000001 1 280.74924583562904 1.7048876080556885 2.5000000000000004 5.9500000000000011 0.12973352033660593 10.722233439571193 279.43580257866353 264.60521638965332 0.15000000000000005 1.6500000000000001 2 3 2.1000000000000005 235.58723637511511 4 5 6.6996122355116325 5.3500000000000005 14.765910903763379 6
decision_type=1 10 10 8 8 8 10 10 10 9 10 10 10 2 2 8 8 10 2 2 9 1 8 10 9 9 10 10 10 9
left_child=13 2 7 -4 5 11 -3 -2 -8 -7 14 -5 16 20 -6 -16 17 18 -11 -20 -1 22 -22 -24 25 27 -27 -23 -28 -26
right_child=1 6 3 4 10 9 8 -9 -10 12 -12 -13 -14 -15 15 -17 -18 -19 19 -21 21 24 23 -25 29 26 28 -29 -30 -31
leaf_value=-0.00019145298017955172 0 0.0008385151105882783 -0.000992254539228643 0 0 0 -0.22049773280797089 0.12803166338397939 -0.093631430384214731 0.0012685743496769764 0 0 0 -0.082142157752329456 4.3013725118433515 -0.06707224101025322 0 0.22656340974853181 0 0 -0.0052192427396591697 -0.0032604913811566938 -0.33741968096934838 -0.054148602050279493 -0.0059099907824767157 -0.014684844888203409 0.0065287480488218199 0.013756354116590952 -0.048496867165011275 0.14713869409759309
leaf_weight=896 721 406 78 61 160 139 49 10.999999999999998 65 61 33 115 22 9.9999999999999982 12.000000000000002 11.999999999999998 92 15.999999999999998 42 38 483 71 49 41 105 89 62 31 17 176
leaf_count=896 721 406 78 61 160 139 49 11 65 61 33 115 22 10 12 12 92 16 42 38 483 71 49 41 105 89 62 31 17 176
internal_value=0 -0.00987893 -0.0128761 -0.0101821 -0.0110461 -0.0128741 -0.000768566 -0.0161103 -0.00611621 -0.0109636 -0.00609335 -0.0172853 -0.00772784 -0.00164179 -0.00433722 0.00613497 -0.00691521 -0.00428708 -0.00583245 -0.0105656 -0.00155906 -0.00260038 -0.00467049 -0.0116086 -0.000400748 -0.00303084 -0.00644438 0.00266785 0.00157332 0.00214445
internal_weight=0 2133 1613 881 803 586 520 732 114 410 217 176 271 2030 184 24 249 157 141 80 2020 1124 573 90 551 270 168 102 79 281
internal_count=4163 2133 1613 881 803 586 520 732 114 410 217 176 271 2030 184 24 249 157 141 80 2020 1124 573 90 551 270 168 102 79 281
cat_boundaries=0 1 2 4 5 6 8 10
cat_threshold=441428 5632 276831382 346112 45076 7552 833 131072 545 12288
is_linear=0
shrinkage=0.05


Tree=84
num_leaves=31
num_cat=7
split_feature=0 5 39 19 8 20 8 8 7 34 21 18 25 31 0 0 17 24 26 25 25 19 22 20 2 19 6 26 26 34
split_gain=28.7616 23.1751 5.48645 2.74567 2.70072 1.94286 1.67814 1.5087 1.4816 1.45683 1.42079 1.40862 1.38497 1.29722 2.51968 2.02852 1.82879 1.54436 2.01161 1.55088 1.67797 1.56714 1.53575 1.49029 2.37732 1.48152 1.46394 1.8605 2.63947 1.9915
threshold=0 0.15000000000000005 7.2500000000000009 0.62318286527802991 2.6500000000000008 3.2011892399169781 17.700000000000006 70.500000000000014 24.300000000000001 1 1.7048876080556885 2.5000000000000004 280.74924583562904 2 3 4 4.1000000000000005 223.99958271857369 88.377654505832524 237.80481051428714 242.07617762620859 16.201929376946385 0.95000000000000007 3.8692775732030573 5 12.620915016182245 7.5000000000000009 27.140030864164576 30.243080106833307 6
decision_type=1 10 10 8 8 8 10 10 10 9 10 10 10 9 1 1 8 8 10 8 8 10 2 10 1 10 10 8 8 9
left_child=13 2 7 -4 5 10 -3 -2 -8 -7 -5 -11 -6 14 -1 17 -17 18 22 -19 -21 -22 -15 24 -20 -24 27 -16 -29 -30
right_child=1 6 3 4 12 9 8 -9 -10 11 -12 -13 -14 15 26 16 -18 19 23 20 21 -23 25 -25 -26 -27 -28 28 29 -31
leaf_value=0.0031718850471576855 0 0.0007965893550588854 -0.00094264181226719765 0 0 0 -0.20947284616757234 0.12163008021478046 -0.088949858865004047 0 0 0 0 -0.0027284196043566578 -0.038320015758868925 -0.0083772727603078408 -0.39202088145823011 -0.061700646394582441 -0.016427331777890176 0.33223425576260796 -0.0055912414271527492 7.506829857137344 0.00033445881062883488 0.42126781242168082 0.94196488243523224 0.16956118837833609 -0.46453173186382596 0.68247426069986139 -0.025194516976331419 0.00031467635729884872
leaf_weight=343 721 406 78 61 184 139 49 10.999999999999998 65 249 115 22 33 125 19 557 34 45 28 20 213 15.999999999999998 33 58 27 12.999999999999998 38 9.9999999999999982 112 339
leaf_count=343 721 406 78 61 184 139 49 11 65 249 115 22 33 125 19 557 34 45 28 20 213 16 33 58 27 13 38 10 112 339
internal_value=0 -0.00990226 -0.0129071 -0.0102388 -0.0111083 -0.0128741 -0.000768566 -0.0161103 -0.00611621 -0.0109636 -0.0172853 -0.00772784 -0.00632329 -0.00156828 -8.60635e-05 -0.00264954 -0.00469698 -0.000509814 0.00210933 -0.00305655 -0.00150331 -0.0027239 -0.00131234 0.00727193 0.00135257 0.00645856 -0.00227079 -0.00156104 -0.00092101 -0.00149518
internal_weight=0 2133 1613 881 803 586 520 732 114 410 176 271 217 2030 861 1169 591 578 284 294 249 229 171 113 55 46 518 480 461 451
internal_count=4163 2133 1613 881 803 586 520 732 114 410 176 271 217 2030 861 1169 591 578 284 294 249 229 171 113 55 46 518 480 461 451
cat_boundaries=0 1 2 4 5 6 7 8
cat_threshold=441428 5632 276831508 354304 6164 396352 2 4176
is_linear=0
shrinkage=0.05


Tree=85
num_leaves=31
num_cat=5
split_feature=0 5 39 19 8 20 31 0 21 25 24 39 39 8 8 7 34 39 21 18 25 20 21 39 21 29 19 23 19 34
split_gain=26.7242 22.8093 5.48645 2.74567 2.70072 1.94286 1.77638 2.3289 2.43578 1.755 1.92727 1.68545 1.81821 1.61841 1.5087 1.4816 1.45683 1.43519 1.42079 1.40862 1.38497 1.31838 2.23682 1.69431 1.69341 2.4516 2.39303 1.60105 1.53747 1.30168
threshold=0 0.15000000000000005 7.2500000000000009 0.62318286527802991 2.6500000000000008 3.2011892399169781 1 2 14.00809645927262 322.95121391556376 307.11256331603187 261.90000000000003 143.40000000000001 17.700000000000006 70.500000000000014 24.300000000000001 3 119.10000000000001 1.7048876080556885 2.5000000000000004 280.74924583562904 22.295370033520495 17.298146118375222 392.10000000000008 4.7307516743599107 172.74496850000003 1.8253700037606129 2.2500000000000004 2.7566328510106906 4
decision_type=1 10 10 8 8 8 9 1 10 8 10 10 10 10 10 10 9 10 10 10 10 10 10 10 8 2 8 2 8 9
left_child=6 2 14 -4 5 18 7 8 -1 10 11 12 17 -3 -2 -15 -7 -9 -5 -18 -6 22 24 -24 25 -8 27 -26 -28 -27
right_child=1 13 3 4 20 16 21 9 -10 -11 -12 -13 -14 15 -16 -17 19 -19 -20 -21 -22 -23 23 -25 26 29 28 -29 -30 -31
leaf_value=-0.011799818714500221 0 0.00075675988730592456 -0.00089550972165381999 0 0 0 -0.027595720303253302 0.002843916445385597 0.52374229337166067 0.4332652989281911 -0.026526570696700461 -0.082859672258390443 0.65154224361018898 -0.19899920385919379 0.11554857620404135 -0.084502365921753864 0 -0.11430193421727633 0 0 0 0.1855691724388705 -0.021985777295190759 1.5458328063584563 -0.0076133652296280115 0.0051524819433766749 -0.024768090574632654 0.21430841032254433 -0.00093313263223875347 -0.014232140483783785
leaf_weight=253 721 406 78 61 184 139 115 381 45 15.999999999999998 15.999999999999998 29 27 49 10.999999999999998 65 249 10.999999999999998 115 22 33 33 115 11.999999999999998 15.999999999999998 111 54 30 662 104
leaf_count=253 721 406 78 61 184 139 115 381 45 16 16 29 27 49 11 65 249 11 115 22 33 33 115 12 16 111 54 30 662 104
internal_value=0 -0.00992559 -0.0129071 -0.0102388 -0.0111083 -0.0128741 -0.00188684 0 -0.00340412 0.00214089 0.00161481 0.0022299 0.00303969 -0.000864636 -0.0161103 -0.00611621 -0.0109636 0.00216588 -0.0172853 -0.00772784 -0.00632329 -0.00304963 -0.00334167 -0.00961161 -0.00260882 -0.00559843 -0.00131156 0.00968784 -0.00202387 -0.00243676
internal_weight=0 2133 1613 881 803 586 2030 778 298 480 464 448 419 520 732 114 410 392 176 271 217 1252 1219 127 1092 330 762 46 716 215
internal_count=4163 2133 1613 881 803 586 2030 778 298 480 464 448 419 520 732 114 410 392 176 271 217 1252 1219 127 1092 330 762 46 716 215
cat_boundaries=0 1 3 4 5 6
cat_threshold=441428 343940116 354304 394304 5632 2888
is_linear=0
shrinkage=0.05


Tree=86
num_leaves=31
num_cat=7
split_feature=0 5 39 19 8 20 8 8 7 31 0 34 26 21 34 24 34 39 3 21 18 4 21 16 19 19 19 25 40 39
split_gain=26.0747 23.1751 5.48645 2.74567 2.70072 1.94286 1.5087 1.49622 1.97557 1.47678 1.99192 1.82616 1.63636 1.81936 1.51445 1.4622 1.45683 1.45194 1.43047 1.42079 1.40862 1.40475 1.47787 1.51153 2.21498 1.71626 2.18823 1.55982 1.40746 1.49425
threshold=0 0.15000000000000005 7.2500000000000009 0.62318286527802991 2.6500000000000008 3.2011892399169781 70.500000000000014 19.700000000000006 24.300000000000001 1 2 3 64.909531791469206 11.972486024441151 4 37.192048554319292 5 1264.1000000000001 0.35000000000000003 1.7048876080556885 2.5000000000000004 0.15000000000000005 17.915328852643984 6 0.77268691556758129 1.1111471212106618 1.8253700037606129 274.76000855406318 0.067816091954023008 38.675000000000004
decision_type=1 10 10 8 8 8 10 10 10 9 1 9 10 10 9 8 9 10 10 10 10 10 10 1 10 8 8 10 2 10
left_child=9 2 6 -4 5 19 -2 -3 -9 10 12 18 13 -1 -11 -13 -7 -16 21 -5 -18 22 23 25 -25 -12 -27 28 29 -28
right_child=1 7 3 4 -6 16 -8 8 -10 14 11 15 -14 -15 17 -17 20 -19 -20 -21 -22 -23 -24 24 -26 26 27 -29 -30 -31
leaf_value=0.0026104971638216236 0 0.00044048509020320207 -0.00085073423557111569 0 0 0 0.10977114739383929 -0.33907558556790951 -0.080277247625666182 0.00082017246644308097 -0.031867728476706207 -0.014509078284375622 0.0084288273177866475 -0.015490625055784291 -0.0095636501277456265 0.0019519708410752124 0 8.9499790064287144 -1.0601380121547996 0 0 1.015415805815441 -0.068181822445280621 0.22867767731219005 -0.045030173176623924 0.0068569819878594451 -0.0014658319959783396 0.12222515747344005 -0.029986638514091359 0.16686718000335679
leaf_weight=14.999999999999998 721 421 78 61 217 139 10.999999999999998 34 65 169 24 20 132 20 985 362 249 14.999999999999998 12.999999999999998 115 22 17 24 10.999999999999998 29 14.999999999999998 92 19 46 22
leaf_count=15 721 421 78 61 217 139 11 34 65 169 24 20 132 20 985 362 249 15 13 115 22 17 24 11 29 15 92 19 46 22
internal_value=0 -0.00990226 -0.0129071 -0.0102388 -0.0111083 -0.0128741 -0.0161103 -0.000768566 -0.00628457 -0.00196035 -0.000372942 -0.0015615 0.00436743 -0.00493653 -0.00311586 0.000764429 -0.0109636 -0.00385967 -0.00434176 -0.0172853 -0.00772784 -0.00375689 -0.00460258 -0.0034823 -0.0123609 -0.00183108 -0.000257136 -0.00181109 -0.00342786 -0.000436872
internal_weight=0 2133 1613 881 803 586 732 520 99 2030 861 694 167 35 1169 382 410 1000 312 176 271 299 282 258 40 218 194 179 160 114
internal_count=4163 2133 1613 881 803 586 732 520 99 2030 861 694 167 35 1169 382 410 1000 312 176 271 299 282 258 40 218 194 179 160 114
cat_boundaries=0 1 3 4 5 6 7 8
cat_threshold=441428 276831388 288768 2064 21840 16904 5632 1
is_linear=0
shrinkage=0.05


Tree=87
num_leaves=31
num_cat=7
split_feature=0 5 39 19 8 20 0 5 31 22 19 22 21 39 31 34 24 26 20 39 21 25 34 21 6 8 34 23 21 7
split_gain=27.5807 23.5437 5.48645 2.74567 2.70072 1.94286 1.58853 1.7366 1.66385 1.64589 1.86351 1.69679 2.10498 1.65057 1.5333 2.02783 2.09395 1.62296 1.5909 1.56716 2.1427 2.09379 1.96393 1.53162 2.63052 1.5087 1.45683 1.42211 1.42079 1.41244
threshold=0 0.15000000000000005 7.2500000000000009 0.62318286527802991 2.6500000000000008 3.2011892399169781 1 0.75000000000000011 2 -2.0499999999999994 2.5560938124433559 -0.94999999999999984 6.9752629358881082 7.7500000000000009 3 4 53.606148289705196 289.19802004306706 16.152566364201537 560.80000000000007 10.493925358851572 219.45801190249648 5 0.48697516415786035 1.0000000180025095e-35 70.500000000000014 6 2.4500000000000006 1.7048876080556885 2.7500000000000004
decision_type=1 10 10 8 8 8 1 10 9 2 10 2 10 10 9 9 8 10 10 10 10 10 9 10 10 10 9 2 10 10
left_child=6 2 25 -4 5 28 7 8 9 -1 -11 -12 -13 -14 15 18 -17 -18 -8 22 21 -21 23 24 27 -2 -7 -16 -5 -3
right_child=1 29 3 4 -6 26 14 -9 -10 10 11 12 13 -15 19 16 17 -19 -20 20 -22 -23 -24 -25 -26 -27 -28 -29 -30 -31
leaf_value=-0.003518455755165606 0 0.00151539673656087 -0.00080819752379257537 0 0 0 0.0017678643679081675 -0.10089644366622873 0.0026398095609918796 -0.02029269382135488 0.12586657779095281 0.24676073967554296 0.0066620915168548846 -0.045376762303924227 0.001821082513403094 -0.029738298918005057 -0.00020263648440028704 -0.025377973937130305 0.46582653434048693 0.19425050901537169 6.2664744528029948 -0.26757032939361541 -0.0044785075873845061 -0.025966101987759685 -0.12003508933945201 0.1042825900241473 0 0.48362325365606085 0 -0.02701411071261646
leaf_weight=14.999999999999998 721 187 78 61 217 139 241 58 228 19 21 9.9999999999999982 14.999999999999998 34 36 43 295 29 28 15.999999999999998 23 17 522 336 31 10.999999999999998 271 12.999999999999998 115 333
leaf_count=15 721 187 78 61 217 139 241 58 228 19 21 10 15 34 36 43 295 29 28 16 23 17 522 336 31 11 271 13 115 333
internal_value=0 -0.00987893 -0.0129071 -0.0102388 -0.0111083 -0.0128741 -0.00171531 0.00109636 0.00248211 -0.00241061 -0.000251383 0.00310752 -0.00126156 -0.00556117 -0.00240788 -0.000464073 -0.00284806 -0.00154107 0.0027733 -0.00363383 0.0044287 -0.00373692 -0.00415579 -0.00668308 -0.000621504 -0.0161103 -0.0109636 0.0065723 -0.0172853 -0.000672495
internal_weight=0 2133 1613 881 803 586 2030 400 342 114 99 80 59 49 1630 636 367 324 269 994 56 33 938 416 80 732 410 49 176 520
internal_count=4163 2133 1613 881 803 586 2030 400 342 114 99 80 59 49 1630 636 367 324 269 994 56 33 938 416 80 732 410 49 176 520
cat_boundaries=0 1 2 4 6 7 8 9
cat_threshold=441428 2064 337 12288 8392082 276480 1200 17712 5632
is_linear=0
shrinkage=0.05


Tree=88
num_leaves=31
num_cat=7
split_feature=0 5 39 19 8 31 20 0 20 8 34 7 39 21 18 25 26 0 21 21 7 22 19 32 21 26 31 18 22 22
split_gain=27.7598 23.9153 5.48645 2.74567 2.70072 2.09106 1.94286 1.90891 1.76331 1.5087 1.45683 1.44201 1.5686 1.42079 1.40862 1.38497 1.33388 1.29684 1.7109 2.80378 1.60622 1.51577 1.82865 1.49236 1.88379 1.48458 1.41132 1.7866 1.43968 1.58502
threshold=0 0.15000000000000005 7.2500000000000009 0.62318286527802991 2.6500000000000008 1 3.2011892399169781 2 15.297928220385943 70.500000000000014 3 8.1000000000000014 50.300000000000004 1.7048876080556885 2.5000000000000004 280.74924583562904 69.272359815858309 4 23.22593269797963 17.435390748989128 21.900000000000002 -0.44999999999999996 15.676504651868877 5 4.9796865836372861 34.084320151443741 6 5.5000000000000009 1.5500000000000003 0.8500000000000002
decision_type=1 10 10 8 8 9 8 1 10 10 9 10 10 10 10 10 8 1 10 8 10 2 10 9 8 10 9 10 2 2
left_child=5 2 9 -4 6 7 13 -1 -9 -2 -8 12 -3 -5 -12 -6 -13 23 19 20 21 25 -23 24 -7 -19 27 -25 29 -28
right_child=1 11 3 4 15 17 10 8 -10 -11 14 16 -14 -15 -16 -17 -18 18 -20 -21 -22 22 -24 26 -26 -27 28 -29 -30 -31
leaf_value=0.0016794711495127679 0 0.0028617837965779548 -0.00076778764760296889 0 0 -0.045956112483625328 0 -0.0074239643711593089 0.47416625344399954 0.099068460522939897 0 0.090870131667069393 -0.069942158869571849 0 0 0 -0.21251884685414063 0.61276035965574993 0.17573728197298802 -0.02599101586645558 -3.3495225987312431 -0.00652140782297197 2.6686329929911703 -0.00011870301833958319 -0.0021646421990815234 -0.01157392253549734 0.072300231748050073 -0.3653877694627452 -0.01278645395273852 1.0255067846435864
leaf_weight=417 721 266 78 61 184 43 139 368 27 10.999999999999998 249 21 38 115 22 33 195 10.999999999999998 33 89 17 381 12.999999999999998 104 62 199 170 29 49 18
leaf_count=417 721 266 78 61 184 43 139 368 27 11 249 21 38 115 22 33 195 11 33 89 17 381 13 104 62 199 170 29 49 18
internal_value=0 -0.00985561 -0.0129071 -0.0102388 -0.0111083 -0.0016663 -0.0128741 0.00030397 -0.0021581 -0.0161103 -0.0109636 -0.000576424 0.00164231 -0.0172853 -0.00772784 -0.00632329 -0.003696 -0.00297122 -0.00428031 -0.00485608 -0.00366079 -0.00322607 -0.00139435 -0.000875476 -0.00584669 -0.00665241 0.000657117 -0.00331126 0.00292988 0.00504112
internal_weight=0 2133 1613 881 803 2030 586 812 395 732 410 520 304 176 271 217 216 1218 743 710 621 604 394 475 105 210 370 133 237 188
internal_count=4163 2133 1613 881 803 2030 586 812 395 732 410 520 304 176 271 217 216 1218 743 710 621 604 394 475 105 210 370 133 237 188
cat_boundaries=0 1 3 4 5 6 7 9
cat_threshold=441428 276831892 288768 14356 5632 396288 66 41 32768
is_linear=0
shrinkage=0.05


Tree=89
num_leaves=31
num_cat=6
split_feature=0 5 39 19 8 31 0 20 8 34 21 18 25 8 39 5 22 20 20 14 8 25 22 39 7 26 27 0 4 5
split_gain=26.4444 24.1688 5.59369 3.11585 2.70072 2.1431 2.22704 1.94286 1.5087 1.45683 1.42079 1.40862 1.38497 1.34971 1.65313 1.53795 1.32978 1.35878 2.00864 1.63724 1.5674 1.5916 1.36928 1.29829 1.24537 1.94868 1.49526 1.38502 1.68815 1.33782
threshold=0 0.15000000000000005 7.2500000000000009 0.62318286527802991 2.6500000000000008 1 2 3.2011892399169781 70.500000000000014 3 1.7048876080556885 2.5000000000000004 280.74924583562904 1.5000000000000002 551.50000000000011 11.900000000000002 -1.8499999999999999 23.057781145785953 14.833168028584018 4 63.300000000000004 136.61698594422742 -0.44999999999999996 23.500000000000004 9.9000000000000021 262.71951021634135 65.000000000000014 5 1.7500000000000002 2.5500000000000003
decision_type=1 10 10 8 8 9 1 8 10 9 10 10 10 10 10 10 2 10 10 1 8 8 2 10 10 8 2 1 10 10
left_child=5 2 8 -4 7 6 -1 10 -2 -9 -5 -11 -6 -8 15 -15 -7 18 20 22 -18 -22 -20 -24 27 26 -26 28 -3 -27
right_child=1 24 3 4 12 16 13 9 -10 11 -12 -13 -14 14 -16 -17 17 -19 19 -21 21 -23 23 -25 25 29 -28 -29 -30 -31
leaf_value=-0.0073182222045295123 0 -0.013006576997780562 -0.00072939826522282485 0 0 -0.0069962032585142667 0.00014608647038734103 0 0.094115037496792911 0 0 0 0 0.11096801265424379 -0.46007734905940412 -6.0425943136285909 -0.0047380423338462263 0.5558621877007538 -0.032906623201032659 -0.04472719913756338 1.2809831111245371 -1.2781145019889273 0.08144735763125005 -0.024679808531965986 1.9996791703537753 -0.010842905304251339 -0.18299270249200172 0.0042183457613925949 0.93085458909696117 -0.95943357745193458
leaf_weight=347 721 85 78 61 184 160 348 139 10.999999999999998 249 115 22 33 160 11.999999999999998 10.999999999999998 796 25 23 62 12.000000000000002 14.999999999999998 23 36 39 10.000000000000002 116 225 24 21
leaf_count=347 721 85 78 61 184 160 348 139 11 249 115 22 33 160 12 11 796 25 23 62 12 15 23 36 39 10 116 225 24 21
internal_value=0 -0.00980895 -0.0128761 -0.0101821 -0.0111083 -0.00181333 5.62778e-05 -0.0128741 -0.0161103 -0.0109636 -0.0172853 -0.00772784 -0.00632329 0.00207775 0.00558735 0.00685331 -0.00322595 -0.0025694 -0.00286837 -0.00830737 -0.00191268 -0.0136612 -0.00363857 0.000420521 -0.000480354 -0.00375436 -0.00144741 0.00134549 -0.00313939 -0.0151033
internal_weight=0 2133 1613 881 803 2030 878 586 732 410 176 271 217 531 183 171 1152 992 967 144 823 27 82 59 520 186 155 334 109 31
internal_count=4163 2133 1613 881 803 2030 878 586 732 410 176 271 217 531 183 171 1152 992 967 144 823 27 82 59 520 186 155 334 109 31
cat_boundaries=0 1 3 4 5 6 7
cat_threshold=441428 276831380 354304 426048 5632 2 417
is_linear=0
shrinkage=0.05


Tree=90
num_leaves=31
num_cat=7
split_feature=0 5 39 19 8 20 31 21 0 5 34 8 24 20 22 39 34 21 18 25 25 18 40 0 19 19 40 24 26 32
split_gain=24.6894 25.3068 5.59369 3.11585 2.70072 1.94286 1.90497 2.61879 2.09954 1.82488 1.56595 1.5087 1.47839 1.61723 1.75234 1.4749 1.45683 1.42079 1.40862 1.38497 1.33366 1.33151 1.56896 1.73763 1.55058 1.52458 1.53428 1.29749 1.68576 1.2918
threshold=0 0.15000000000000005 7.2500000000000009 0.62318286527802991 2.6500000000000008 3.2011892399169781 1 17.298146118375222 2 3.7000000000000006 3 70.500000000000014 175.00861544129978 15.988332856665915 1.8500000000000003 392.10000000000008 4 1.7048876080556885 2.5000000000000004 280.74924583562904 41.778669668544104 4.5000000000000009 0.18898809523809526 5 14.614133123992373 12.372263660956024 0.14039408866995076 318.39429424509649 286.54825442985668 6
decision_type=1 10 10 8 8 8 9 10 1 10 9 10 8 10 2 10 9 10 10 10 8 10 2 1 10 8 2 10 10 9
left_child=6 2 11 -4 5 17 8 21 29 15 12 -2 -10 14 -14 -9 -7 -5 -18 -6 -12 24 23 -23 25 -8 -27 28 -22 -1
right_child=1 -3 3 4 19 16 7 9 10 -11 20 -13 13 -15 -16 -17 18 -19 -20 -21 27 22 -24 -25 -26 26 -28 -29 -30 -31
leaf_value=0.04269795622021455 0 -7.2902106837569039e-05 -0.00069292835196166358 0 0 0 -0.0041779444676799393 -0.023209197128908121 0.037314679797983266 39.002225251348079 0.0091360075534474561 0.089409285621953327 -0.0055754946838263882 9.0726053004504266 -0.066538437605793241 1.0919483562428958 0 0 0 0 -0.019667271700908186 -0.0096949622644749503 0.53272891537674683 -0.04832124725761125 -0.053154286559855102 0.0012061615866549857 0.92618947246413552 -0.025287727841117436 0.0051305935924050201 -0.00016941124211715676
leaf_weight=163 721 520 78 61 184 139 525 104 111 21 31 10.999999999999998 92 10.999999999999998 27 11.999999999999998 249 115 22 33 317 113 15.999999999999998 103 26 65 17 12.999999999999998 26 237
leaf_count=163 721 520 78 61 184 139 525 104 111 21 31 11 92 11 27 12 249 115 22 33 317 113 16 103 26 65 17 13 26 237
internal_value=0 -0.00973897 -0.0128761 -0.0101821 -0.0111083 -0.0128741 -0.00200936 -0.00355573 -0.000481487 -0.0100036 -0.00227113 -0.0161103 0.00089481 -0.00268302 -0.00439514 -0.0124517 -0.0109636 -0.0172853 -0.00772784 -0.00632329 -0.00421437 -0.00257092 -0.0058077 -0.00693001 -0.00138132 -0.000864269 0.00545785 -0.00519007 -0.00458582 0.00231453
internal_weight=0 2133 1613 881 803 586 2030 1002 1028 137 628 732 241 130 119 116 410 176 271 217 387 865 232 216 633 607 82 356 343 400
internal_count=4163 2133 1613 881 803 586 2030 1002 1028 137 628 732 241 130 119 116 410 176 271 217 387 865 232 216 633 607 82 356 343 400
cat_boundaries=0 1 3 4 5 6 7 8
cat_threshold=441428 276829844 124928 6164 11400 5632 394320 28
is_linear=0
shrinkage=0.05


Tree=91
num_leaves=31
num_cat=5
split_feature=0 5 39 19 8 20 8 34 21 18 25 31 22 39 34 23 39 26 27 23 23 25 22 21 21 4 17 21 22 13
split_gain=23.741 25.3068 5.59369 3.11585 2.70072 1.94286 1.5087 1.45683 1.42079 1.40862 1.38497 1.35155 2.29443 1.73893 1.72343 1.76067 3.45065 2.41423 1.8703 1.73866 1.57608 1.71425 1.77644 1.65166 1.7245 1.57335 1.74602 1.48202 1.35872 2.40818
threshold=0 0.15000000000000005 7.2500000000000009 0.62318286527802991 2.6500000000000008 3.2011892399169781 70.500000000000014 1 1.7048876080556885 2.5000000000000004 280.74924583562904 2 -2.1499999999999999 1103.5000000000002 3 2.5500000000000003 142.20000000000002 59.294860548712002 135.00000000000003 2.3500000000000001 2.4500000000000006 220.33835005263134 0.75000000000000011 1.9833739307413794 2.7068000948223516 5.1000000000000005 1.5000000000000002 1.3522913747293008 -1.1499999999999997 4
decision_type=1 10 10 8 8 8 10 9 10 10 10 9 2 10 9 2 8 10 2 2 2 10 2 10 10 8 10 8 2 1
left_child=11 2 6 -4 5 8 -2 -7 -5 -9 -6 13 -13 -1 15 17 -17 18 19 -14 23 22 -22 -19 -25 26 27 -16 -28 -30
right_child=1 -3 3 4 10 7 -8 9 -10 -11 -12 12 14 -15 25 16 -18 20 -20 -21 21 -23 -24 24 -26 -27 28 -29 29 -31
leaf_value=-3.894801655657254e-05 0 -6.9257001495692802e-05 -0.00065828193436359152 0 0 0 0.084938821340855605 0 0 0 0 -0.0071106381645342333 0.59350307689095205 -0.25219031720309426 0.2662832434960189 -0.039332672781817471 4.6205864021661291 -0.036234039254743736 -0.002815891976244345 0.055421838298539798 0.47947477436812386 -0.016389204376457477 -0.013336721381221618 0.013233226060319582 -0.010838804698921001 32.86981094226347 0.098938176194700411 0.00015618346708445863 0.014118778994036308 -0.14381669955792573
leaf_weight=672 721 520 78 61 184 139 10.999999999999998 249 115 22 33 134 20 10.999999999999998 22 79 10.999999999999998 28 115 15.999999999999998 20 38 13.999999999999998 14.999999999999998 374 9.9999999999999982 11.999999999999998 372 26 41
leaf_count=672 721 520 78 61 184 139 11 249 115 22 33 134 20 11 22 79 11 28 115 16 20 38 14 15 374 10 12 372 26 41
internal_value=0 -0.00973897 -0.0128761 -0.0101821 -0.0111083 -0.0128741 -0.0161103 -0.0109636 -0.0172853 -0.00772784 -0.00632329 -0.00215639 -0.00307562 -0.000324465 -0.00241048 -0.00391654 -0.010503 -0.00304473 0.00247606 0.0123457 -0.00475023 0.00207039 0.0101597 -0.00592885 -0.00507125 -5.06637e-05 -0.000475235 0.000887311 -0.00723726 -0.0100074
internal_weight=0 2133 1613 881 803 586 732 410 176 271 217 2030 1347 683 1213 730 90 640 151 36 489 72 34 417 389 483 473 394 79 67
internal_count=4163 2133 1613 881 803 586 732 410 176 271 217 2030 1347 683 1213 730 90 640 151 36 489 72 34 417 389 483 473 394 79 67
cat_boundaries=0 1 2 4 5 6
cat_threshold=441428 5632 276831372 24576 11872 4
is_linear=0
shrinkage=0.05


Tree=92
num_leaves=31
num_cat=7
split_feature=0 5 39 19 8 20 8 34 21 18 31 34 0 21 0 19 21 19 21 4 21 34 21 19 19 6 7 26 39 21
split_gain=24.0552 25.3068 5.59369 3.11585 2.70072 1.94286 1.5087 1.45683 1.42079 1.40862 1.38912 1.9195 1.62059 1.58311 1.78261 1.81911 2.77755 1.58077 4.1286 2.44518 1.58006 1.52462 1.86123 1.59458 3.34126 1.51719 2.65433 1.87623 2.09925 1.60154
threshold=0 0.15000000000000005 7.2500000000000009 0.62318286527802991 2.6500000000000008 3.2011892399169781 70.500000000000014 1 1.7048876080556885 2.5000000000000004 2 3 4 0.69047526708942775 5 14.614133123992373 9.2619893234225099 16.37655960813218 15.809702566732422 0.55000000000000016 1.7048876080556885 6 6.5956758697674651 4.3750159939960289 1.5680793110294375 0.15000000000000005 0.95000000000000007 45.922364377683131 31.100000000000005 14.095563579276934
decision_type=1 10 10 8 8 8 10 9 10 10 9 9 1 8 1 10 10 10 10 8 8 9 10 10 10 10 10 10 8 10
left_child=10 2 6 -4 5 8 -2 -7 -5 -9 13 12 25 -1 -15 16 21 18 19 20 -14 22 -16 24 -23 26 27 -12 29 -29
right_child=1 -3 3 4 -6 7 -8 9 -10 -11 11 -13 17 14 15 -17 -18 -19 -20 -21 -22 23 -24 -25 -26 -27 -28 28 -30 -31
leaf_value=1.4210257503527108 0 -6.5794151420917052e-05 -0.00062536783764541868 0 0 0 0.080691880273812799 0 0 0 0.65547988697198489 -0.0024634330369713189 -0.043867555262582507 0.0013887735559025894 -0.022462111593868773 -0.069239608043630121 0.0027434368537803348 0.92421394405385593 -0.025580421698689126 -0.37368104807176572 -0.00020409791897173514 -0.020099133343148213 -0.11603583264088307 -0.017153595419101865 0.22476911435285485 -0.045444198101694512 0.37576549333026898 -0.010162996200610896 -0.034015226895563223 0.0065247902880585908
leaf_weight=12.999999999999998 721 520 78 61 217 139 10.999999999999998 249 115 22 14.999999999999998 663 28 270 96 41 134 34 38 35 316 35 22 39 33 73 21 43 59 22
leaf_count=13 721 520 78 61 217 139 11 249 115 22 15 663 28 270 96 41 134 34 38 35 316 35 22 39 33 73 21 43 59 22
internal_value=0 -0.00973897 -0.0128761 -0.0101821 -0.0111083 -0.0128741 -0.0161103 -0.0109636 -0.0172853 -0.00772784 -0.00210738 -0.00303879 -0.00489596 -0.000252361 -0.000596614 -0.00267999 -0.00159967 -0.00297974 -0.00389268 -0.00230597 -0.00101611 -0.00499002 -0.00856364 -0.000212857 0.00438276 -0.00831793 -0.00592085 -0.00842596 -0.010446 -0.00420168
internal_weight=0 2133 1613 881 803 586 732 410 176 271 2030 1347 684 683 670 400 359 451 417 379 344 225 118 107 68 233 160 139 124 65
internal_count=4163 2133 1613 881 803 586 732 410 176 271 2030 1347 684 683 670 400 359 451 417 379 344 225 118 107 68 233 160 139 124 65
cat_boundaries=0 1 2 4 5 6 7 8
cat_threshold=441428 5632 276831372 24576 11360 34836 264212 4464
is_linear=0
shrinkage=0.05


Tree=93
num_leaves=31
num_cat=7
split_feature=0 5 39 19 8 20 8 34 21 18 38 31 20 21 19 25 0 20 39 24 34 23 25 25 20 26 39 25 25 34
split_gain=23.8978 25.3068 5.59369 3.11585 2.70072 1.94286 1.5087 1.45683 1.42079 1.40862 1.40303 2.31077 2.09278 1.45969 1.63115 1.38497 1.37984 1.74923 2.5134 1.96463 1.88345 1.72479 1.49469 1.63265 2.34312 1.47142 1.45121 1.44903 1.37696 1.85696
threshold=0 0.15000000000000005 7.2500000000000009 0.62318286527802991 2.6500000000000008 3.2011892399169781 70.500000000000014 1 1.7048876080556885 2.5000000000000004 2 3 0.48108257129220805 15.263000142721053 14.082431307566852 280.74924583562904 4 2.3582517190277135 54.300000000000004 63.304744912184425 5 2.3500000000000001 59.102020563954291 254.04833198291897 4.063619677920415 256.00484133780617 7.2500000000000009 234.51015429678333 245.30499798603543 6
decision_type=1 10 10 8 8 8 10 9 10 10 1 9 8 10 10 10 1 10 10 10 9 2 10 10 10 10 8 8 10 9
left_child=10 2 6 -4 5 8 -2 -7 -5 -9 13 -12 -13 -1 -15 -6 28 18 19 -18 21 -19 -22 -24 -25 26 -23 -28 29 -14
right_child=1 -3 3 4 15 7 -8 9 -10 -11 11 12 16 14 -16 -17 17 20 -20 -21 22 25 23 24 -26 -27 27 -29 -30 -31
leaf_value=-0.012889751225226155 0 -6.2504443849853433e-05 -0.0005940994457631632 0 0 0 0.076657286260122248 0 0 0 0.00116883774630554 0.18850435514493544 0.015845878742105236 -0.030638575952894143 -0.011564047080114825 0 -0.078310345919183358 -0.020881320200427791 -0.082683236067733187 3.2730009426029659e-05 0.55807135031465271 -0.033404369550499656 -0.0067289326138327173 -0.011850237479950999 0.11605806154097786 -0.031821457281132351 -0.0075190574825231508 3.9631655605494913 -0.027646399615978725 -0.0033743975768219196
leaf_weight=212 721 520 78 61 184 139 10.999999999999998 249 115 22 447 21 240 20 15.999999999999998 33 9.9999999999999982 136 38 48 14.999999999999998 15.999999999999998 197 17 45 33 47 21 129 322
leaf_count=212 721 520 78 61 184 139 11 249 115 22 447 21 240 20 16 33 10 136 38 48 15 16 197 17 45 33 47 21 129 322
internal_value=0 -0.00973897 -0.0128761 -0.0101821 -0.0111083 -0.0128741 -0.0161103 -0.0109636 -0.0172853 -0.00772784 -0.00213188 -0.0016179 -0.0026571 -0.00561037 -0.0150892 -0.00632329 -0.00292898 -0.00461757 -0.0108865 -0.00427716 -0.00355484 -0.00654773 -0.000527333 -0.00144537 0.00560448 -0.00234142 0.00118413 0.00438276 -0.0013187 -0.00026669
internal_weight=0 2133 1613 881 803 586 732 410 176 271 2030 1782 1335 248 36 217 1314 623 96 58 527 253 274 259 62 117 84 68 691 562
internal_count=4163 2133 1613 881 803 586 732 410 176 271 2030 1782 1335 248 36 217 1314 623 96 58 527 253 274 259 62 117 84 68 691 562
cat_boundaries=0 1 2 3 5 6 7 8
cat_threshold=441428 5632 2 268440708 24576 404480 8928 16808
is_linear=0
shrinkage=0.05


Tree=94
num_leaves=31
num_cat=9
split_feature=0 5 39 19 8 20 8 31 24 34 24 31 26 0 21 39 22 19 34 21 18 25 31 0 18 39 26 19 26 31
split_gain=23.2833 25.6919 5.59369 3.11585 2.70072 1.94286 1.5087 1.48205 2.00153 1.64529 1.64367 1.4652 1.83491 2.14028 1.57029 1.45841 2.25755 1.6126 1.45683 1.42079 1.40862 1.38497 1.35486 1.49723 1.26717 1.25405 1.69914 1.51005 1.54357 1.23122
threshold=0 0.15000000000000005 7.2500000000000009 0.62318286527802991 2.6500000000000008 3.2011892399169781 70.500000000000014 1 283.81235188452519 2 267.66700350853125 3 87.857074793328806 4 3.4126525012650748 24.450000000000003 3.0500000000000003 13.3192423260473 5 1.7048876080556885 2.5000000000000004 280.74924583562904 6 7 16.500000000000004 50.300000000000004 73.190977734029431 2.5858827443832983 215.07663033719513 8
decision_type=1 10 10 8 8 8 10 9 10 9 10 9 8 1 10 10 2 10 9 10 10 10 9 1 10 10 8 8 8 9
left_child=7 2 6 -4 5 19 -2 8 10 11 -1 12 -9 14 -14 17 25 -13 -7 -5 -20 -6 23 -3 -25 26 -17 -27 -29 -11
right_child=1 22 3 4 21 18 -8 9 -10 29 -12 15 13 -15 -16 16 -18 -19 20 -21 -22 -23 -24 24 -26 27 -28 28 -30 -31
leaf_value=0.00011615414426020544 0 -0.0014504920965464408 -0.00056439447347500504 0 0 0 0.072824421947116136 -0.021003462441267343 -0.019135235998549095 -0.0066183899704906459 1.0758899570755187 -0.014165635719447157 -0.027759902468455167 -0.0053947232684975702 0.44423755766653295 1.5484226095202016 0.54132550579496319 0.005129233101498887 0 0 0 0 -0.016198726043653178 0.02333835030275604 -0.15497839313222281 0.0016108814539013139 -0.017116491845499439 -0.072366522892133398 -0.029082561604831893 0.0018316095914801878
leaf_weight=488 721 111 78 61 184 139 10.999999999999998 144 49 298 23 210 27 198 80 20 20 23 249 115 22 33 292 103 13.999999999999998 23 52 51 49 275
leaf_count=488 721 111 78 61 184 139 11 144 49 298 23 210 27 198 80 20 20 23 249 115 22 33 292 103 14 23 52 51 49 275
internal_value=0 -0.00971565 -0.0128761 -0.0101821 -0.0111083 -0.0128741 -0.0161103 -0.0022054 0 -0.00303962 0.000928732 -0.00438041 -0.00223093 -8.18465e-05 0.00532141 -0.00643473 -0.00359712 -0.00931677 -0.0109636 -0.0172853 -0.00772784 -0.00632329 -9.60707e-05 0.00272594 0.00647313 -0.00524431 0 -0.00830296 -0.0109507 -0.00089982
internal_weight=0 2133 1613 881 803 586 732 2030 560 1470 511 897 449 305 107 448 215 233 410 176 271 217 520 228 117 195 72 123 100 573
internal_count=4163 2133 1613 881 803 586 732 2030 560 1470 511 897 449 305 107 448 215 233 410 176 271 217 520 228 117 195 72 123 100 573
cat_boundaries=0 1 3 4 6 7 8 10 11 13
cat_threshold=441428 276831364 24576 11616 74 102400 140352 5632 600 159744 1114498 74 102400
is_linear=0
shrinkage=0.05


Tree=95
num_leaves=31
num_cat=6
split_feature=0 5 39 19 8 20 31 8 34 24 39 34 24 6 5 25 25 21 18 25 31 5 20 17 5 17 19 21 31 22
split_gain=23.4485 26.08 5.59369 3.11585 2.70072 1.94286 1.69287 1.5087 1.45683 1.42161 1.6567 1.59408 1.51158 1.45769 1.8949 1.57042 1.45621 1.42079 1.40862 1.38497 1.27732 1.77052 1.72562 1.25602 1.25478 1.5871 2.60535 1.6794 2.4313 2.58051
threshold=0 0.15000000000000005 7.2500000000000009 0.62318286527802991 2.6500000000000008 3.2011892399169781 1 70.500000000000014 2 283.81235188452519 72.100000000000009 3 88.311331108105563 1.9000000000000001 0.15000000000000005 210.26246372582702 158.50733468127558 1.7048876080556885 2.5000000000000004 280.74924583562904 4 12.65 8.6336048520644422 0.55000000000000016 21.650000000000002 4.2500000000000009 16.201929376946385 11.392743474935086 5 0.55000000000000016
decision_type=1 10 10 8 8 8 9 10 9 10 10 9 10 10 10 10 10 10 10 10 9 10 10 10 10 8 10 10 9 2
left_child=6 2 7 -4 5 17 9 -2 -7 11 -11 12 -1 14 15 23 -14 -5 -10 -6 -3 -22 -23 -13 25 27 -27 -8 29 -29
right_child=1 20 3 4 19 8 24 -9 18 10 -12 13 16 -15 -16 -17 -18 -19 -20 -21 21 22 -24 -25 -26 26 -28 28 -30 -31
leaf_value=9.7721839000008975e-05 0 0.0033923848448826235 -0.00053617474980125477 0 0 0 -0.0031175805975740102 0.069183200849760249 0 -0.026212685795372948 0.010584431156372177 -0.0040847524369138416 1.2288287804167488 -0.60426348176261135 2.445863939183039 0.17006390246040637 0.12745861000873243 0 0 0 -0.00018288832610411366 -2.0515103180938055 12.532145792292619 -0.025470107672281906 8.9994590808638417 -0.078132975431344676 82.43743868766056 0.10131323553641476 -0.012155301635911542 -0.020029233262873026
leaf_weight=119 721 112 78 61 184 139 980 10.999999999999998 249 24 12.999999999999998 92 18 20 19 27 82 115 22 33 360 32 15.999999999999998 19 9.9999999999999982 81 11.999999999999998 53 411 50
leaf_count=119 721 112 78 61 184 139 980 11 249 24 13 92 18 20 19 27 82 115 22 33 360 32 16 19 10 81 12 53 411 50
internal_value=0 -0.00969232 -0.0128761 -0.0101821 -0.0111083 -0.0128741 -0.00215639 -0.0161103 -0.0109636 0.000620138 -0.00867824 0.00151343 0.00424929 -0.00200053 -0.000476342 -0.00252799 0.00895968 -0.0172853 -0.00772784 -0.00632329 0 -0.00131437 -0.0103199 -0.00515926 -0.00290833 -0.00303947 -0.0093633 -0.00264311 -0.00495675 0.00198325
internal_weight=0 2133 1613 881 803 586 2030 732 410 433 37 396 219 177 157 138 100 176 271 217 520 408 48 111 1597 1587 93 1494 514 103
internal_count=4163 2133 1613 881 803 586 2030 732 410 433 37 396 219 177 157 138 100 176 271 217 520 408 48 111 1597 1587 93 1494 514 103
cat_boundaries=0 1 3 4 5 7 9
cat_threshold=441428 268442628 24576 5632 9128 80 28672 17 4096
is_linear=0
shrinkage=0.05


Tree=96
num_leaves=31
num_cat=5
split_feature=0 5 39 19 8 20 8 34 21 18 25 31 22 24 34 39 21 39 20 22 28 2 39 39 39 39 21 5 20 6
split_gain=22.3618 25.6919 5.59369 3.11585 2.70072 1.94286 1.5087 1.45683 1.42079 1.40862 1.38497 1.32607 2.27368 2.07462 1.99573 1.70221 1.54999 1.83558 1.83359 1.39772 1.35756 1.77222 1.29583 1.90212 1.32343 1.39597 1.89465 1.23733 2.6174 1.22547
threshold=0 0.15000000000000005 7.2500000000000009 0.62318286527802991 2.6500000000000008 3.2011892399169781 70.500000000000014 1 1.7048876080556885 2.5000000000000004 280.74924583562904 2 5.2500000000000009 318.39429424509649 3 38.675000000000004 2.8051352536751923 292.00000000000006 2.1248283499228249 3.7500000000000004 -43.629210999999991 4 508.25000000000006 232.80000000000004 150.90000000000003 60.100000000000009 10.922839686587144 12.200000000000001 6.5919163191591741 2.5000000000000004
decision_type=1 10 10 8 8 8 10 9 10 10 10 9 2 10 9 10 8 10 8 2 2 1 10 10 10 8 10 10 10 10
left_child=11 2 6 -4 5 8 -2 -7 -5 -9 -6 13 14 16 -13 -15 17 29 20 22 21 -18 23 24 25 26 -16 -3 -29 -1
right_child=1 27 3 4 10 7 -8 9 -10 -11 -12 12 -14 15 19 -17 18 -19 -20 -21 -22 -23 -24 -25 -26 -27 -28 28 -30 -31
leaf_value=0.026844282453579549 0 0.00046423488690925388 -0.00050936601231117435 0 0 0 0.065724040807272219 0 0 0 0 -0.015359161830694301 -0.028029972933743874 -0.025061573288228889 0.002112771490114307 0.017309665809420862 -0.07117055836825173 -0.15444337545707168 -0.0020375547275698126 2.5075337783170344 -0.033415082829766816 0.16156070733738603 1.8251761345905935 -0.10695364750036306 4.6763709933502744 -0.022989602155123558 -0.0039399078147817068 -1.9786921804080639 13.324872334376122 0.99764959773684225
leaf_weight=116 721 464 78 61 184 139 10.999999999999998 249 115 22 33 493 12.999999999999998 27 167 9.9999999999999982 15.999999999999998 10.999999999999998 834 17 18 13.000000000000002 28 20 10.999999999999998 79 134 31 25 23
leaf_count=116 721 464 78 61 184 139 11 249 115 22 33 493 13 27 167 10 16 11 834 17 18 13 28 20 11 79 134 31 25 23
internal_value=0 -0.00971565 -0.0128761 -0.0101821 -0.0111083 -0.0128741 -0.0161103 -0.0109636 -0.0172853 -0.00772784 -0.00632329 -0.00235242 -0.00370199 -0.00111271 -0.00344937 -0.0126836 -0.000702894 0.00398804 -0.0015032 -0.000964734 -0.0110643 -0.00424448 -0.00153601 -0.00224815 -0.0014689 -0.00197135 -0.000414662 -9.60707e-05 -0.00708592 0.00555755
internal_weight=0 2133 1613 881 803 586 732 410 176 271 217 2030 962 1068 949 37 1031 150 881 456 47 29 439 411 391 380 301 520 56 139
internal_count=4163 2133 1613 881 803 586 732 410 176 271 217 2030 962 1068 949 37 1031 150 881 456 47 29 439 411 391 380 301 520 56 139
cat_boundaries=0 1 2 4 5 6
cat_threshold=441428 5632 276829388 223232 9568 1
is_linear=0
shrinkage=0.05


Tree=97
num_leaves=31
num_cat=5
split_feature=0 5 39 19 8 20 8 34 21 18 25 38 31 26 24 26 25 24 24 23 26 27 18 22 36 26 35 19 39 24
split_gain=21.1515 25.3068 5.59369 3.11585 2.70072 1.94286 1.5087 1.45683 1.42079 1.40862 1.38497 1.34353 2.10926 2.43923 2.65389 2.26791 2.43079 2.06786 1.89643 1.65212 1.9079 1.713 1.48836 1.64987 1.47674 1.58832 1.47333 1.70699 1.56787 1.36783
threshold=0 0.15000000000000005 7.2500000000000009 0.62318286527802991 2.6500000000000008 3.2011892399169781 70.500000000000014 1 1.7048876080556885 2.5000000000000004 280.74924583562904 2 3 45.722747491577515 282.69228504662908 224.00794562906603 176.66456033246422 226.126945756477 76.608204367835626 2.4500000000000006 264.68127128992381 120.00000000000001 12.500000000000002 4.6500000000000012 4 328.91884003182048 1.0000000180025095e-35 2.2559312602155006 51.100000000000009 57.360410171732731
decision_type=1 10 10 8 8 8 10 9 10 10 10 1 9 8 10 10 10 10 8 2 10 2 10 2 1 10 2 10 10 10
left_child=11 2 6 -4 5 8 -2 -7 -5 -9 -6 26 13 29 15 16 18 -17 -15 20 -19 -21 23 -20 -14 -26 -1 -28 -29 -13
right_child=1 -3 3 4 10 7 -8 9 -10 -11 -12 12 24 14 -16 17 -18 19 22 21 -22 -23 -24 -25 25 -27 27 28 -30 -31
leaf_value=-0.018444896379506661 0 -9.9260156426117524e-05 -0.00048389771169561336 0 0 0 0.062437838766908629 0 0 0 0 0.00012868451330461106 0.001024581289296278 -0.0099583271653373995 -0.032000751921761154 0.21446516252645231 -0.029829217854677115 0.0020410094491758457 0.0088204741145220707 1.1648140695843996 -0.035502082356821778 0.013930210848798242 -0.19206481361347161 -0.048036056290393425 -0.0084279733675440838 0.70063776193133398 0.65393764192423043 -0.026737849281692941 0.0052575177986591282 0.84136486948404654
leaf_weight=199 721 520 78 61 184 139 10.999999999999998 249 115 22 33 19 198 116 41 38 42 55 154 18 23 18 12.999999999999998 14.999999999999998 993 12.999999999999998 12.999999999999998 21 14.999999999999998 26
leaf_count=199 721 520 78 61 184 139 11 249 115 22 33 19 198 116 41 38 42 55 154 18 23 18 13 15 993 13 13 21 15 26
internal_value=0 -0.00973897 -0.0128761 -0.0101821 -0.0111083 -0.0128741 -0.0161103 -0.0109636 -0.0172853 -0.00772784 -0.00632329 -0.00257296 -0.00206421 0.000424845 -0.000515512 0.000507666 -0.00176237 0.0055756 -0.000167532 0.00218436 -0.00191205 0.0109739 0.00301452 0.00427855 -0.0032525 -0.00403365 -0.00599729 0.00151668 -0.00411523 0.0115512
internal_weight=0 2133 1613 881 803 586 732 410 176 271 217 2030 1782 578 533 492 340 152 298 114 78 36 182 169 1204 1006 248 49 36 45
internal_count=4163 2133 1613 881 803 586 732 410 176 271 217 2030 1782 578 533 492 340 152 298 114 78 36 182 169 1204 1006 248 49 36 45
cat_boundaries=0 1 2 3 5 6
cat_threshold=441428 5632 2 268440772 24576 4
is_linear=0
shrinkage=0.05


Tree=98
num_leaves=31
num_cat=7
split_feature=0 5 39 19 8 20 8 34 21 18 25 22 5 20 38 22 22 0 31 21 7 31 26 22 20 26 24 31 24 25
split_gain=21.0037 25.3068 5.59369 3.11585 2.70072 1.94286 1.5087 1.45683 1.42079 1.40862 1.38497 1.25525 1.20357 2.6174 1.19432 1.75754 1.75605 1.71645 2.89791 2.13545 2.24079 1.89139 1.93462 1.82633 2.16129 2.27516 1.8785 1.65017 1.64303 1.61402
threshold=0 0.15000000000000005 7.2500000000000009 0.62318286527802991 2.6500000000000008 3.2011892399169781 70.500000000000014 1 1.7048876080556885 2.5000000000000004 280.74924583562904 5.8500000000000005 12.200000000000001 6.5919163191591741 2 -1.1499999999999997 2.8500000000000001 3 4 17.915328852643984 3.2500000000000004 5 308.89199582453563 1.7500000000000002 8.7644146194503971 30.243080106833307 118.07771210799011 6 87.696739744263411 243.14456325414869
decision_type=1 10 10 8 8 8 10 9 10 10 10 2 10 10 1 2 2 1 9 10 8 9 10 2 10 10 10 9 10 10
left_child=11 2 6 -4 5 8 -2 -7 -5 -9 -6 14 -3 -14 15 -1 -17 19 -19 20 21 -16 -23 24 25 -20 -25 -26 -21 -29
right_child=1 12 3 4 10 7 -8 9 -10 -11 -12 -13 13 -15 17 16 -18 18 23 28 -22 22 -24 26 27 -27 -28 29 -30 -31
leaf_value=-0.022459468857852594 0 0.00044598615038509153 -0.00045970282611085267 0 0 0 0.059315946828563254 0 0 0 0 -0.054595085490351108 -1.8797526083798397 12.65863368066514 -0.0037914632274027361 -0.0047710122019339885 -0.089842826671033479 0.00066417827809268643 0.71820976470574005 -0.043872354946478342 -0.035532748736122666 0.010530342283629368 -0.036069191239138036 -0.043684079925979807 0.013800989136887966 -0.011988589140418516 -0.019060155445051886 -0.018286488746702446 -0.0073034257700999028 0.0048170623404738327
leaf_weight=45 721 464 78 61 184 139 10.999999999999998 249 115 22 33 13.999999999999998 31 25 238 181 21 264 19 44 190 385 19 29 102 265 40 82 51 41
leaf_count=45 721 464 78 61 184 139 11 249 115 22 33 14 31 25 238 181 21 264 19 44 190 385 19 29 102 265 40 82 51 41
internal_value=0 -0.00973897 -0.0128761 -0.0101821 -0.0111083 -0.0128741 -0.0161103 -0.0109636 -0.0172853 -0.00772784 -0.00632329 -0.00259747 -0.000192141 -0.00708592 -0.0025044 -0.00572927 -0.00395159 -0.00200905 -0.00363658 -0.000506694 0.000300318 0.0017122 0.0037399 -0.00560795 -0.00466189 -0.00755845 -0.0133189 -0.000998004 -0.0075956 -0.0046834
internal_weight=0 2133 1613 881 803 586 732 410 176 271 217 2030 520 56 2016 247 202 1769 842 927 832 642 404 578 509 284 69 225 95 123
internal_count=4163 2133 1613 881 803 586 732 410 176 271 217 2030 520 56 2016 247 202 1769 842 927 832 642 404 578 509 284 69 225 95 123
cat_boundaries=0 1 2 3 4 6 8 10
cat_threshold=441428 5632 2 407552 3136 59392 1072 235520 401 135168
is_linear=0
shrinkage=0.05


Tree=99
num_leaves=31
num_cat=5
split_feature=0 5 39 19 8 20 8 34 21 18 25 22 26 20 23 19 17 20 24 20 7 0 20 10 31 18 6 39 35 26
split_gain=21.3094 25.6919 5.59369 3.11585 2.70072 1.94286 1.5087 1.45683 1.42079 1.40862 1.38497 1.26798 1.21115 2.34522 2.45205 1.43902 1.3765 2.60285 2.52538 1.3964 1.48705 1.27953 2.28649 3.45508 2.09013 2.02209 2.15652 1.8077 1.77394 2.27925
threshold=0 0.15000000000000005 7.2500000000000009 0.62318286527802991 2.6500000000000008 3.2011892399169781 70.500000000000014 1 1.7048876080556885 2.5000000000000004 280.74924583562904 5.8500000000000005 306.43956781910981 3.8692775732030573 2.5500000000000003 2.0049903508955405 3.5000000000000004 4.3013168564267907 126.22312495321229 1.0532715168207085 18.750000000000004 2 15.136090613051804 3 4 2.5000000000000004 0.15000000000000005 82.100000000000009 1.0000000180025095e-35 205.45701769229089
decision_type=1 10 10 8 8 8 10 9 10 10 10 2 10 10 2 10 8 10 10 10 10 1 10 1 9 10 10 10 2 10
left_child=11 2 6 -4 5 8 -2 -7 -5 -9 -6 12 16 -14 15 -15 21 19 -19 20 -18 22 -1 -24 25 26 28 -27 -23 -30
right_child=1 -3 3 4 10 7 -8 9 -10 -11 -12 -13 13 14 -16 -17 17 18 -20 -21 -22 24 23 -25 -26 27 -28 -29 29 -31
leaf_value=0.00098528669072917019 0 -6.149054850144165e-05 -0.00043671768480528787 0 0 0 0.056350149487135154 0 0 0 0 -0.051865331215833525 -0.028718246515711733 0.067434326783224391 -0.025162406207511624 -6.4050962507167246e-07 -0.10322360381015008 -0.060934114989961909 0.77180092709485215 -0.21288752146438192 2.7956584968566016 -0.0055521480139596241 -0.0012518614938412222 -0.1237864834634121 -0.007997456559341809 0.00091788113096882287 -0.067645681742844452 2.6618219772924321 0.5708610728143928 -0.010968456896193324
leaf_weight=782 721 520 78 61 184 139 10.999999999999998 249 115 22 33 13.999999999999998 61 10.999999999999998 19 50 19.000000000000004 39 57 40 11.999999999999998 262 86 37 364 88 14.999999999999998 31 28 14.999999999999998
leaf_count=782 721 520 78 61 184 139 11 249 115 22 33 14 61 11 19 50 19 39 57 40 12 262 86 37 364 88 15 31 28 15
internal_value=0 -0.00971565 -0.0128761 -0.0101821 -0.0111083 -0.0128741 -0.0161103 -0.0109636 -0.0172853 -0.00772784 -0.00632329 -0.00252395 -0.00243001 -0.0068929 -0.00124301 0.00366151 -0.00209283 -0.00641983 -0.00103681 -0.0136459 -0.00556439 -0.00166818 -0.000355017 -0.00668287 -0.00310406 -0.000723106 -0.00280855 0.00481373 -0.00188247 0.00747986
internal_weight=0 2133 1613 881 803 586 732 410 176 271 217 2030 2016 141 80 61 1875 167 96 71 31 1708 905 123 803 439 320 119 305 43
internal_count=4163 2133 1613 881 803 586 732 410 176 271 217 2030 2016 141 80 61 1875 167 96 71 31 1708 905 123 803 439 320 119 305 43
cat_boundaries=0 1 2 3 4 6
cat_threshold=441428 5632 407552 2 1362 96256
is_linear=0
shrinkage=0.05


end of trees

feature_importances:
Site_Season_Average=272
72H=236
wind_speed_12h=234
hours_to_high_tide=234
wind_speed_3h=204
SITE_NAME=181
WEEK=156
wind_direction_12h=153
TIME_OF_DAY=151
12H=150
wind_direction_3h=133
wind_speed_6h=125
wind_direction_6h=118
24H=91
rain_duration_48h=82
48H=79
Site_Historical_Exceedance_Rate=70
high_tide_height=59
rain_intensity_48h=46
6H=42
sewage_discharge_beach=30
3H=29
beach_orientation_angle=20
DAY_OF_WEEK=15
wind_shore_12h=15
Catchment_slope=10
Latitude=10
HOLIDAY_FLAG=10
watercraft_use=8
Shallowness=6
Soil_type=6
Longitude=6
wind_shore_3h=5
Harbour=3
tidal_state=3
Landcover_catchment=3
high_intensity_agri_beach=2
MONTH=2
wind_shore_6h=1

parameters:
[boosting: gbdt]
[objective: quantile]
[metric: l1,quantile]
[tree_learner: serial]
[device_type: cpu]
[data: ]
[valid: ]
[num_iterations: 100]
[learning_rate: 0.05]
[num_leaves: 31]
[num_threads: 8]
[deterministic: 0]
[force_col_wise: 0]
[force_row_wise: 0]
[histogram_pool_size: -1]
[max_depth: -1]
[min_data_in_leaf: 10]
[min_sum_hessian_in_leaf: 0.001]
[bagging_fraction: 1]
[pos_bagging_fraction: 1]
[neg_bagging_fraction: 1]
[bagging_freq: 0]
[bagging_seed: 3]
[feature_fraction: 1]
[feature_fraction_bynode: 1]
[feature_fraction_seed: 2]
[extra_trees: 0]
[extra_seed: 6]
[early_stopping_round: 0]
[first_metric_only: 0]
[max_delta_step: 0]
[lambda_l1: 0]
[lambda_l2: 0.45]
[linear_lambda: 0]
[min_gain_to_split: 0]
[drop_rate: 0.1]
[max_drop: 50]
[skip_drop: 0.5]
[xgboost_dart_mode: 0]
[uniform_drop: 0]
[drop_seed: 4]
[top_rate: 0.2]
[other_rate: 0.1]
[min_data_per_group: 100]
[max_cat_threshold: 32]
[cat_l2: 10]
[cat_smooth: 10]
[max_cat_to_onehot: 4]
[top_k: 20]
[monotone_constraints: ]
[monotone_constraints_method: basic]
[monotone_penalty: 0]
[feature_contri: ]
[forcedsplits_filename: ]
[refit_decay_rate: 0.9]
[cegb_tradeoff: 1]
[cegb_penalty_split: 0]
[cegb_penalty_feature_lazy: ]
[cegb_penalty_feature_coupled: ]
[path_smooth: 0]
[interaction_constraints: ]
[verbosity: -1]
[saved_feature_importance_type: 0]
[linear_tree: 0]
[max_bin: 255]
[max_bin_by_feature: ]
[min_data_in_bin: 3]
[bin_construct_sample_cnt: 200000]
[data_random_seed: 1]
[is_enable_sparse: 1]
[enable_bundle: 1]
[use_missing: 1]
[zero_as_missing: 0]
[feature_pre_filter: 1]
[pre_partition: 0]
[two_round: 0]
[header: 0]
[label_column: ]
[weight_column: ]
[group_column: ]
[ignore_column: ]
[categorical_feature: 0,2,9,10,11,13,14,15,16,30,31,32,33,34,36,37,38]
[forcedbins_filename: ]
[precise_float_parser: 0]
[parser_config_file: ]
[objective_seed: 5]
[num_class: 1]
[is_unbalance: 0]
[scale_pos_weight: 1]
[sigmoid: 1]
[boost_from_average: 1]
[reg_sqrt: 0]
[alpha: 0.5]
[fair_c: 1]
[poisson_max_delta_step: 0.7]
[tweedie_variance_power: 1.5]
[lambdarank_truncation_level: 30]
[lambdarank_norm: 1]
[label_gain: ]
[lambdarank_position_bias_regularization: 0]
[eval_at: ]
[multi_error_top_k: 1]
[auc_mu_weights: ]
[num_machines: 1]
[local_listen_port: 12400]
[time_out: 120]
[machine_list_filename: ]
[machines: ]
[gpu_platform_id: -1]
[gpu_device_id: -1]
[gpu_use_dp: 0]
[num_gpu: 1]

end of parameters

pandas_categorical:[["Akaroa at main beach", "Caroline Bay - mid beach", "Cass Bay at boat ramp", "Charteris Bay Paradise Beach", "Church Bay Beach", "Corsair Bay Beach", "Diamond Harbour Beach", "Duvauchelle Bay by camping ground", "French Farm Bay", "Glen Bay boat ramp", "Governors Bay Sandy Beach", "Purau Bay Beach", "Rapaki Bay Beach", "Scarborough Beach by clock tower", "Sumner Beach Surf club", "Takamatua Bay Boat ramp", "Taylors Mistake Beach Surf club", "Tikao Bay mid beach", "Timaru Coast Caroline Bay at Virtue Avenue", "Timaru Coast at yacht club jetty", "Wainui Beach Wainui Beach"], ["Akaroa", "Lyttelton", "Timaru"], ["ebbing", "incoming"], ["deep", "medium", "shallow"], ["muddy", "sandy", "stony"], ["forest", "grass", "urban"], [0, 1, 2], [0, 1], [0, 1], [1, 2, 3, 4, 5, 6, 7, 8, 9, 10, 11, 12], [1, 2, 3, 4, 5, 6, 7, 8, 9, 10, 11, 12, 13, 14, 15, 16, 17, 18, 19, 20, 21, 22, 23, 24, 25, 26, 27, 28, 29, 30, 31, 32, 33, 34, 35, 36, 37, 38, 40, 41, 42, 44, 45, 46, 47, 48, 49, 50, 51, 52, 53], [0, 1, 2, 3, 4, 5, 6], [0, 1], [1, 4, 5, 6, 7, 8, 9, 10, 11, 12, 13, 14, 15, 16, 17, 18], ["Alongshore", "Offshore", "Onshore", "Unknown"], ["Alongshore", "Offshore", "Onshore", "Unknown"], ["Alongshore", "Offshore", "Onshore", "Unknown"]]
